alias_name,canonical_name,record_type,conferences,raw_names,source_files,notes
cheng liu,,output,2020NES,Cheng Liu,outputs/2020NES/output_2020_11_06_NES_S3/2020_11_06_10_47_07/2020_11_06_10_47_07_chunk1.json | outputs/2020NES/output_2020_11_06_NES_S3/2020_11_06_10_47_07/2020_11_06_10_47_07_chunk2.json | outputs/2020NES/output_2020_11_06_NES_S3/2020_11_06_10_47_07/2020_11_06_10_47_07_chunk3.json | outputs/2020NES/output_2020_11_06_NES_S3/2020_11_06_10_47_07/2020_11_06_10_47_07_chunk4.json,
christopher gorski,,output,2020NES,Christopher Gorski,outputs/2020NES/output_2020_11_05_NES_S1/1_DAC_Simulations_Zoom_Meeting_2020_11_05_12_09_10/1_DAC_Simulations_Zoom_Meeting_2020_11_05_12_09_10_chunk1.json | outputs/2020NES/output_2020_11_05_NES_S1/1_DAC_Simulations_Zoom_Meeting_2020_11_05_12_09_10/1_DAC_Simulations_Zoom_Meeting_2020_11_05_12_09_10_chunk2.json | outputs/2020NES/output_2020_11_05_NES_S1/1_DAC_Simulations_Zoom_Meeting_2020_11_05_12_24_10/1_DAC_Simulations_Zoom_Meeting_2020_11_05_12_24_10_chunk2.json | outputs/2020NES/output_2020_11_05_NES_S1/1_DAC_Simulations_Zoom_Meeting_2020_11_05_12_24_10/1_DAC_Simulations_Zoom_Meeting_2020_11_05_12_24_10_chunk3.json | outputs/2020NES/output_2020_11_05_NES_S1/1_DAC_Simulations_Zoom_Meeting_2020_11_05_12_24_10/1_DAC_Simulations_Zoom_Meeting_2020_11_05_12_24_10_chunk4.json | outputs/2020NES/output_2020_11_05_NES_S1/1_DAC_Simulations_Zoom_Meeting_2020_11_05_12_24_10/1_DAC_Simulations_Zoom_Meeting_2020_11_05_12_24_10_chunk5.json | outputs/2020NES/output_2020_11_05_NES_S1/1_DAC_Simulations_Zoom_Meeting_2020_11_05_12_24_10/1_DAC_Simulations_Zoom_Meeting_2020_11_05_12_24_10_chunk6.json | outputs/2020NES/output_2020_11_06_NES_S1/1_CO2_DAC_2_Zoom_Meeting_2020_11_06_11_11_38/1_CO2_DAC_2_Zoom_Meeting_2020_11_06_11_11_38.json | outputs/2020NES/output_2020_11_06_NES_S8/2020_11_06_12_09_28/2020_11_06_12_09_28_chunk3.json | outputs/2020NES/output_2020_11_06_NES_S8/2020_11_06_12_09_28/2020_11_06_12_09_28_chunk4.json | outputs/2020NES/output_2020_11_06_NES_S8/2020_11_06_12_09_28/2020_11_06_12_09_28_chunk5.json | outputs/2020NES/output_2020_11_06_NES_S8/2020_11_06_12_09_28/2020_11_06_12_09_28_chunk6.json | outputs/2020NES/output_2020_11_06_NES_S8/2020_11_06_12_09_28/2020_11_06_12_09_28_chunk7.json | outputs/2020NES/output_2020_11_06_NES_S8/2020_11_06_12_09_28/2020_11_06_12_09_28_chunk8.json,
david gator kwab,,output,2020NES,David Gator Kwab,outputs/2020NES/output_2020_11_06_NES_S12/6_new_ideas_for_CO2_utilization_Zoom_Meeting_2020_11_06_10_22_34/6_new_ideas_for_CO2_utilization_Zoom_Meeting_2020_11_06_10_22_34_chunk1.json | outputs/2020NES/output_2020_11_06_NES_S12/6_new_ideas_for_CO2_utilization_Zoom_Meeting_2020_11_06_10_22_34/6_new_ideas_for_CO2_utilization_Zoom_Meeting_2020_11_06_10_22_34_chunk2.json | outputs/2020NES/output_2020_11_06_NES_S12/6_new_ideas_for_CO2_utilization_Zoom_Meeting_2020_11_06_10_22_34/6_new_ideas_for_CO2_utilization_Zoom_Meeting_2020_11_06_10_22_34_chunk3.json,
jarad mason,,output,2020NES,Jarad Mason,outputs/2020NES/output_2020_11_06_NES_S1/1_CO2_DAC_2_Zoom_Meeting_2020_11_06_10_48_29/1_CO2_DAC_2_Zoom_Meeting_2020_11_06_10_48_29_chunk1.json | outputs/2020NES/output_2020_11_06_NES_S1/1_CO2_DAC_2_Zoom_Meeting_2020_11_06_10_48_29/1_CO2_DAC_2_Zoom_Meeting_2020_11_06_10_48_29_chunk2.json | outputs/2020NES/output_2020_11_06_NES_S1/1_CO2_DAC_2_Zoom_Meeting_2020_11_06_10_48_29/1_CO2_DAC_2_Zoom_Meeting_2020_11_06_10_48_29_chunk3.json | outputs/2020NES/output_2020_11_06_NES_S1/Zoom_Meeting_2020_11_06_10_17_47/Zoom_Meeting_2020_11_06_10_17_47_chunk1.json | outputs/2020NES/output_2020_11_06_NES_S1/Zoom_Meeting_2020_11_06_10_17_47/Zoom_Meeting_2020_11_06_10_17_47_chunk2.json | outputs/2020NES/output_2020_11_06_NES_S1/Zoom_Meeting_2020_11_06_10_17_47/Zoom_Meeting_2020_11_06_10_17_47_chunk3.json | outputs/2020NES/output_2020_11_06_NES_S1/Zoom_Meeting_2020_11_06_10_17_47/Zoom_Meeting_2020_11_06_10_17_47_chunk4.json | outputs/2020NES/output_2020_11_06_NES_S9/2020_11_06_12_09_40/2020_11_06_12_09_40_chunk1.json | outputs/2020NES/output_2020_11_06_NES_S9/2020_11_06_12_09_40/2020_11_06_12_09_40_chunk2.json | outputs/2020NES/output_2020_11_06_NES_S9/2020_11_06_12_09_40/2020_11_06_12_09_40_chunk3.json | outputs/2020NES/output_2020_11_06_NES_S9/2020_11_06_12_09_40/2020_11_06_12_09_40_chunk4.json | outputs/2020NES/output_2020_11_06_NES_S9/2020_11_06_12_09_40/2020_11_06_12_09_40_chunk5.json | outputs/2020NES/output_2020_11_06_NES_S9/2020_11_06_12_09_40/2020_11_06_12_09_40_chunk6.json | outputs/2020NES/output_2020_11_06_NES_S9/2020_11_06_12_09_40/2020_11_06_12_09_40_chunk7.json | outputs/2020NES/output_2020_11_06_NES_S9/2020_11_06_12_09_40/2020_11_06_12_09_40_chunk8.json,
kelsey hazell,,truth,2020NES,Kelsey Hazell,analysis_v1/data/2020NES/2020NES_outcome.json,
lindsey seitz,,output,2020NES,Lindsey Seitz,outputs/2020NES/output_2020_11_05_NES_S6/6_Theory_and_Expt_Zoom_Meeting_2020_11_05_10_09_14/6_Theory_and_Expt_Zoom_Meeting_2020_11_05_10_09_14_chunk1.json | outputs/2020NES/output_2020_11_05_NES_S6/6_Theory_and_Expt_Zoom_Meeting_2020_11_05_10_09_14/6_Theory_and_Expt_Zoom_Meeting_2020_11_05_10_09_14_chunk2.json,
shaama mallikarjun sharada,,output,2020NES,Shaama Mallikarjun Sharada,outputs/2020NES/output_2020_11_05_NES_S6/6_Theory_and_Expt_Zoom_Meeting_2020_11_05_09_59_13/6_Theory_and_Expt_Zoom_Meeting_2020_11_05_09_59_13.json,
shama m sharada,,output,2020NES,Shama M. Sharada,outputs/2020NES/output_2020_11_06_NES_S3/2020_11_06_10_47_07/2020_11_06_10_47_07_chunk1.json | outputs/2020NES/output_2020_11_06_NES_S3/2020_11_06_10_47_07/2020_11_06_10_47_07_chunk2.json | outputs/2020NES/output_2020_11_06_NES_S3/2020_11_06_10_47_07/2020_11_06_10_47_07_chunk3.json | outputs/2020NES/output_2020_11_06_NES_S3/2020_11_06_10_47_07/2020_11_06_10_47_07_chunk4.json,
simona niguari,,output,2020NES,Simona Niguari,outputs/2020NES/output_2020_11_06_NES_S9/2020_11_06_12_09_40/2020_11_06_12_09_40_chunk1.json | outputs/2020NES/output_2020_11_06_NES_S9/2020_11_06_12_09_40/2020_11_06_12_09_40_chunk2.json | outputs/2020NES/output_2020_11_06_NES_S9/2020_11_06_12_09_40/2020_11_06_12_09_40_chunk3.json | outputs/2020NES/output_2020_11_06_NES_S9/2020_11_06_12_09_40/2020_11_06_12_09_40_chunk4.json | outputs/2020NES/output_2020_11_06_NES_S9/2020_11_06_12_09_40/2020_11_06_12_09_40_chunk5.json | outputs/2020NES/output_2020_11_06_NES_S9/2020_11_06_12_09_40/2020_11_06_12_09_40_chunk6.json | outputs/2020NES/output_2020_11_06_NES_S9/2020_11_06_12_09_40/2020_11_06_12_09_40_chunk7.json | outputs/2020NES/output_2020_11_06_NES_S9/2020_11_06_12_09_40/2020_11_06_12_09_40_chunk8.json,
speaker 1,,output,2020NES,Speaker 1,outputs/2020NES/output_2020_11_05_NES_S4/4_Beyond_CO2_Zoom_Meeting_2020_11_05_11_58_47/4_Beyond_CO2_Zoom_Meeting_2020_11_05_11_58_47.json | outputs/2020NES/output_2020_11_05_NES_S6/6_Theory_and_Expt_Zoom_Meeting_2020_11_05_09_57_35/6_Theory_and_Expt_Zoom_Meeting_2020_11_05_09_57_35.json | outputs/2020NES/output_2020_11_06_NES_S7/Zoom_Meeting_2020_11_06_12_11_46/Zoom_Meeting_2020_11_06_12_11_46.json,
speaker 2,,output,2020NES,Speaker 2,outputs/2020NES/output_2020_11_06_NES_S7/Zoom_Meeting_2020_11_06_12_11_46/Zoom_Meeting_2020_11_06_12_11_46.json,
unknown,,output,2020NES,Unknown Speaker,outputs/2020NES/output_2020_11_06_NES_S9/2020_11_06_12_09_40/2020_11_06_12_09_40_chunk1.json | outputs/2020NES/output_2020_11_06_NES_S9/2020_11_06_12_09_40/2020_11_06_12_09_40_chunk2.json | outputs/2020NES/output_2020_11_06_NES_S9/2020_11_06_12_09_40/2020_11_06_12_09_40_chunk3.json | outputs/2020NES/output_2020_11_06_NES_S9/2020_11_06_12_09_40/2020_11_06_12_09_40_chunk4.json | outputs/2020NES/output_2020_11_06_NES_S9/2020_11_06_12_09_40/2020_11_06_12_09_40_chunk5.json | outputs/2020NES/output_2020_11_06_NES_S9/2020_11_06_12_09_40/2020_11_06_12_09_40_chunk6.json | outputs/2020NES/output_2020_11_06_NES_S9/2020_11_06_12_09_40/2020_11_06_12_09_40_chunk7.json | outputs/2020NES/output_2020_11_06_NES_S9/2020_11_06_12_09_40/2020_11_06_12_09_40_chunk8.json,
unknown female,,output,2020NES,Unknown Female,outputs/2020NES/output_2020_11_05_NES_S5/Zoom_Meeting_11_5_2020_12_11_13_PM/Zoom_Meeting_11_5_2020_12_11_13_PM.json,
unknown male,,output,2020NES,Unknown Male,outputs/2020NES/output_2020_11_05_NES_S5/Zoom_Meeting_11_5_2020_12_11_13_PM/Zoom_Meeting_11_5_2020_12_11_13_PM.json,
yuan yue liu,,output,2020NES,Yuan Yue Liu,outputs/2020NES/output_2020_11_05_NES_S6/6_Theory_and_Expt_Zoom_Meeting_2020_11_05_09_59_13/6_Theory_and_Expt_Zoom_Meeting_2020_11_05_09_59_13.json,
david gator kwabi,,output,2020NES | 2021NES,David Gator Kwabi,outputs/2020NES/output_2020_11_06_NES_S1/1_CO2_DAC_2_Zoom_Meeting_2020_11_06_10_48_29/1_CO2_DAC_2_Zoom_Meeting_2020_11_06_10_48_29_chunk1.json | outputs/2020NES/output_2020_11_06_NES_S1/1_CO2_DAC_2_Zoom_Meeting_2020_11_06_10_48_29/1_CO2_DAC_2_Zoom_Meeting_2020_11_06_10_48_29_chunk2.json | outputs/2020NES/output_2020_11_06_NES_S1/1_CO2_DAC_2_Zoom_Meeting_2020_11_06_10_48_29/1_CO2_DAC_2_Zoom_Meeting_2020_11_06_10_48_29_chunk3.json | outputs/2020NES/output_2020_11_06_NES_S1/1_CO2_DAC_2_Zoom_Meeting_2020_11_06_11_11_38/1_CO2_DAC_2_Zoom_Meeting_2020_11_06_11_11_38.json | outputs/2020NES/output_2020_11_06_NES_S1/Zoom_Meeting_2020_11_06_10_17_47/Zoom_Meeting_2020_11_06_10_17_47_chunk1.json | outputs/2020NES/output_2020_11_06_NES_S1/Zoom_Meeting_2020_11_06_10_17_47/Zoom_Meeting_2020_11_06_10_17_47_chunk2.json | outputs/2020NES/output_2020_11_06_NES_S1/Zoom_Meeting_2020_11_06_10_17_47/Zoom_Meeting_2020_11_06_10_17_47_chunk3.json | outputs/2020NES/output_2020_11_06_NES_S1/Zoom_Meeting_2020_11_06_10_17_47/Zoom_Meeting_2020_11_06_10_17_47_chunk4.json | outputs/2020NES/output_2020_11_06_NES_S12/6_new_ideas_for_CO2_utilization_Zoom_Meeting_2020_11_06_10_12_03/6_new_ideas_for_CO2_utilization_Zoom_Meeting_2020_11_06_10_12_03_chunk1.json | outputs/2020NES/output_2020_11_06_NES_S12/6_new_ideas_for_CO2_utilization_Zoom_Meeting_2020_11_06_10_12_03/6_new_ideas_for_CO2_utilization_Zoom_Meeting_2020_11_06_10_12_03_chunk2.json | outputs/2021NES/output_2021_11_05_NES_S12/B6_2021_11_05_13_06_36_chunk1.json | outputs/2021NES/output_2021_11_05_NES_S12/B6_2021_11_05_13_06_36_chunk2.json | outputs/2021NES/output_2021_11_05_NES_S12/B6_2021_11_05_13_06_36_chunk3.json | outputs/2021NES/output_2021_11_05_NES_S12/B6_2021_11_05_13_06_36_chunk4.json | outputs/2021NES/output_2021_11_05_NES_S12/B6_2021_11_05_13_06_36_chunk6.json | outputs/2021NES/output_2021_11_05_NES_S12/B6_2021_11_05_13_06_36_chunk7.json | outputs/2021NES/output_2021_11_05_NES_S12/B6_2021_11_05_13_06_36_chunk8.json | outputs/2021NES/output_2021_11_05_NES_S2/B2_Zoom_Meeting_Room_2.2_2021_11_05_11_02_10_chunk1.json | outputs/2021NES/output_2021_11_05_NES_S2/B2_Zoom_Meeting_Room_2.2_2021_11_05_11_02_10_chunk2.json | outputs/2021NES/output_2021_11_05_NES_S2/B2_Zoom_Meeting_Room_2.2_2021_11_05_11_02_10_chunk3.json | outputs/2021NES/output_2021_11_05_NES_S2/B2_Zoom_Meeting_Room_2.2_2021_11_05_11_02_10_chunk4.json | outputs/2021NES/output_2021_11_05_NES_S2/B2_Zoom_Meeting_Room_2.2_2021_11_05_11_02_10_chunk5.json | outputs/2021NES/output_2021_11_05_NES_S2/B2_Zoom_Meeting_Room_2.2_2021_11_05_11_02_10_chunk6.json | outputs/2021NES/output_2021_11_05_NES_S2/B2_Zoom_Meeting_Room_2.2_2021_11_05_11_02_10_chunk7.json | outputs/2021NES/output_2021_11_05_NES_S2/B2_Zoom_Meeting_Room_2.2_2021_11_05_11_02_10_chunk8.json,
kelsey hatzell,,output,2020NES | 2021NES,Kelsey Hatzell,outputs/2020NES/output_2020_11_05_NES_S2/2020_11_05_11_57_33/2020_11_05_11_57_33_chunk1.json | outputs/2020NES/output_2020_11_05_NES_S2/2020_11_05_11_57_33/2020_11_05_11_57_33_chunk2.json | outputs/2020NES/output_2020_11_05_NES_S2/2020_11_05_11_57_33/2020_11_05_11_57_33_chunk3.json | outputs/2020NES/output_2020_11_05_NES_S2/2020_11_05_11_57_33/2020_11_05_11_57_33_chunk4.json | outputs/2020NES/output_2020_11_05_NES_S2/2020_11_05_11_57_33/2020_11_05_11_57_33_chunk5.json | outputs/2020NES/output_2020_11_05_NES_S2/2020_11_05_11_57_33/2020_11_05_11_57_33_chunk6.json | outputs/2020NES/output_2020_11_05_NES_S2/2020_11_05_11_57_33/2020_11_05_11_57_33_chunk7.json | outputs/2020NES/output_2020_11_05_NES_S2/2020_11_05_11_57_33/2020_11_05_11_57_33_chunk8.json | outputs/2020NES/output_2020_11_06_NES_S10/4_frontiers_in_echem_Zoom_Meeting_2020_11_06_12_15_06/4_frontiers_in_echem_Zoom_Meeting_2020_11_06_12_15_06.json | outputs/2020NES/output_2020_11_06_NES_S10/4_frontiers_in_echem_Zoom_Meeting_2020_11_06_12_23_32/4_frontiers_in_echem_Zoom_Meeting_2020_11_06_12_23_32_chunk2.json | outputs/2020NES/output_2020_11_06_NES_S10/4_frontiers_in_echem_Zoom_Meeting_2020_11_06_12_23_32/4_frontiers_in_echem_Zoom_Meeting_2020_11_06_12_23_32_chunk3.json | outputs/2020NES/output_2020_11_06_NES_S10/4_frontiers_in_echem_Zoom_Meeting_2020_11_06_12_52_00/4_frontiers_in_echem_Zoom_Meeting_2020_11_06_12_52_00_chunk1.json | outputs/2020NES/output_2020_11_06_NES_S10/4_frontiers_in_echem_Zoom_Meeting_2020_11_06_12_52_00/4_frontiers_in_echem_Zoom_Meeting_2020_11_06_12_52_00_chunk2.json | outputs/2020NES/output_2020_11_06_NES_S10/4_frontiers_in_echem_Zoom_Meeting_2020_11_06_12_52_00/4_frontiers_in_echem_Zoom_Meeting_2020_11_06_12_52_00_chunk3.json | outputs/2021NES/output_2021_11_04_NES_S4/B4_maybe_wrong_time_2021_11_04_12_36_01_chunk1.json | outputs/2021NES/output_2021_11_04_NES_S4/B4_maybe_wrong_time_2021_11_04_12_36_01_chunk2.json | outputs/2021NES/output_2021_11_04_NES_S4/B4_maybe_wrong_time_2021_11_04_12_36_01_chunk3.json | outputs/2021NES/output_2021_11_04_NES_S4/B4_maybe_wrong_time_2021_11_04_12_36_01_chunk4.json | outputs/2021NES/output_2021_11_04_NES_S4/B4_maybe_wrong_time_2021_11_04_12_36_01_chunk5.json | outputs/2021NES/output_2021_11_04_NES_S4/B4_maybe_wrong_time_2021_11_04_12_36_01_chunk6.json | outputs/2021NES/output_2021_11_04_NES_S4/B4_maybe_wrong_time_2021_11_04_12_36_01_chunk7.json | outputs/2021NES/output_2021_11_05_NES_S1/B1_2021_11_05_11_01_24_trimend_chunk10.json | outputs/2021NES/output_2021_11_05_NES_S1/B1_2021_11_05_11_01_24_trimend_chunk11.json | outputs/2021NES/output_2021_11_05_NES_S1/B1_2021_11_05_11_01_24_trimend_chunk12.json | outputs/2021NES/output_2021_11_05_NES_S1/B1_2021_11_05_11_01_24_trimend_chunk8.json | outputs/2021NES/output_2021_11_05_NES_S1/B1_2021_11_05_11_01_24_trimend_chunk9.json | outputs/2021NES/output_2021_11_05_NES_S3/B3_2021_11_05_11_01_14_trimend_chunk10.json | outputs/2021NES/output_2021_11_05_NES_S3/B3_2021_11_05_11_01_14_trimend_chunk11.json | outputs/2021NES/output_2021_11_05_NES_S3/B3_2021_11_05_11_01_14_trimend_chunk12.json | outputs/2021NES/output_2021_11_05_NES_S4/B4_2021_11_05_11_00_54_trimend_chunk10.json | outputs/2021NES/output_2021_11_05_NES_S4/B4_2021_11_05_11_00_54_trimend_chunk11.json | outputs/2021NES/output_2021_11_05_NES_S4/B4_2021_11_05_11_00_54_trimend_chunk12.json | outputs/2021NES/output_2021_11_05_NES_S4/B4_2021_11_05_11_00_54_trimend_chunk8.json | outputs/2021NES/output_2021_11_05_NES_S4/B4_2021_11_05_11_00_54_trimend_chunk9.json | outputs/2021NES/output_2021_11_05_NES_S5/B5_2021_11_05_11_01_07_trimend_chunk1.json | outputs/2021NES/output_2021_11_05_NES_S5/B5_2021_11_05_11_01_07_trimend_chunk10.json | outputs/2021NES/output_2021_11_05_NES_S5/B5_2021_11_05_11_01_07_trimend_chunk11.json | outputs/2021NES/output_2021_11_05_NES_S5/B5_2021_11_05_11_01_07_trimend_chunk12.json | outputs/2021NES/output_2021_11_05_NES_S5/B5_2021_11_05_11_01_07_trimend_chunk2.json | outputs/2021NES/output_2021_11_05_NES_S5/B5_2021_11_05_11_01_07_trimend_chunk3.json | outputs/2021NES/output_2021_11_05_NES_S5/B5_2021_11_05_11_01_07_trimend_chunk4.json | outputs/2021NES/output_2021_11_05_NES_S5/B5_2021_11_05_11_01_07_trimend_chunk5.json | outputs/2021NES/output_2021_11_05_NES_S5/B5_2021_11_05_11_01_07_trimend_chunk6.json | outputs/2021NES/output_2021_11_05_NES_S5/B5_2021_11_05_11_01_07_trimend_chunk7.json | outputs/2021NES/output_2021_11_05_NES_S5/B5_2021_11_05_11_01_07_trimend_chunk8.json | outputs/2021NES/output_2021_11_05_NES_S5/B5_2021_11_05_11_01_07_trimend_chunk9.json | outputs/2021NES/output_2021_11_05_NES_S6/B6_2021_11_05_11_01_03_trimend_chunk10.json | outputs/2021NES/output_2021_11_05_NES_S6/B6_2021_11_05_11_01_03_trimend_chunk11.json | outputs/2021NES/output_2021_11_05_NES_S6/B6_2021_11_05_11_01_03_trimend_chunk12.json | outputs/2021NES/output_2021_11_05_NES_S6/B6_2021_11_05_11_01_03_trimend_chunk8.json | outputs/2021NES/output_2021_11_05_NES_S6/B6_2021_11_05_11_01_03_trimend_chunk9.json | outputs/2021NES/output_2021_11_05_NES_S8/B2_Zoom_Meeting_Room_2_2021_11_05_13_07_15_chunk1.json | outputs/2021NES/output_2021_11_05_NES_S8/B2_Zoom_Meeting_Room_2_2021_11_05_13_07_15_chunk2.json | outputs/2021NES/output_2021_11_05_NES_S8/B2_Zoom_Meeting_Room_2_2021_11_05_13_07_15_chunk3.json | outputs/2021NES/output_2021_11_05_NES_S8/B2_Zoom_Meeting_Room_2_2021_11_05_13_07_15_chunk4.json | outputs/2021NES/output_2021_11_05_NES_S8/B2_Zoom_Meeting_Room_2_2021_11_05_13_07_15_chunk5.json | outputs/2021NES/output_2021_11_05_NES_S8/B2_Zoom_Meeting_Room_2_2021_11_05_13_07_15_chunk6.json | outputs/2021NES/output_2021_11_05_NES_S8/B2_Zoom_Meeting_Room_2_2021_11_05_13_07_15_chunk7.json | outputs/2021NES/output_2021_11_05_NES_S8/B2_Zoom_Meeting_Room_2_2021_11_05_13_07_15_chunk8.json,
shaama m sharada,,output,2020NES | 2021NES,Shaama M Sharada | Shaama M Sharada | Shaama M. Sharada,outputs/2020NES/output_2020_11_05_NES_S6/6_Theory_and_Expt_Zoom_Meeting_2020_11_05_10_28_39/6_Theory_and_Expt_Zoom_Meeting_2020_11_05_10_28_39_chunk1.json | outputs/2020NES/output_2020_11_05_NES_S6/6_Theory_and_Expt_Zoom_Meeting_2020_11_05_10_28_39/6_Theory_and_Expt_Zoom_Meeting_2020_11_05_10_28_39_chunk2.json | outputs/2020NES/output_2020_11_05_NES_S6/6_Theory_and_Expt_Zoom_Meeting_2020_11_05_10_28_39/6_Theory_and_Expt_Zoom_Meeting_2020_11_05_10_28_39_chunk3.json | outputs/2020NES/output_2020_11_05_NES_S6/6_Theory_and_Expt_Zoom_Meeting_2020_11_05_10_48_43/6_Theory_and_Expt_Zoom_Meeting_2020_11_05_10_48_43_chunk1.json | outputs/2020NES/output_2020_11_05_NES_S6/6_Theory_and_Expt_Zoom_Meeting_2020_11_05_10_48_43/6_Theory_and_Expt_Zoom_Meeting_2020_11_05_10_48_43_chunk2.json | outputs/2020NES/output_2020_11_05_NES_S6/6_Theory_and_Expt_Zoom_Meeting_2020_11_05_10_48_43/6_Theory_and_Expt_Zoom_Meeting_2020_11_05_10_48_43_chunk3.json | outputs/2021NES/output_2021_11_05_NES_S11/B5_2021_11_05_13_06_53_chunk1.json | outputs/2021NES/output_2021_11_05_NES_S11/B5_2021_11_05_13_06_53_chunk2.json | outputs/2021NES/output_2021_11_05_NES_S11/B5_2021_11_05_13_06_53_chunk3.json | outputs/2021NES/output_2021_11_05_NES_S11/B5_2021_11_05_13_06_53_chunk4.json | outputs/2021NES/output_2021_11_05_NES_S11/B5_2021_11_05_13_06_53_chunk5.json | outputs/2021NES/output_2021_11_05_NES_S11/B5_2021_11_05_13_06_53_chunk6.json | outputs/2021NES/output_2021_11_05_NES_S11/B5_2021_11_05_13_06_53_chunk7.json | outputs/2021NES/output_2021_11_05_NES_S11/B5_2021_11_05_13_06_53_chunk8.json | outputs/2021NES/output_2021_11_05_NES_S6/B6_2021_11_05_11_01_03_trimend_chunk1.json | outputs/2021NES/output_2021_11_05_NES_S6/B6_2021_11_05_11_01_03_trimend_chunk10.json | outputs/2021NES/output_2021_11_05_NES_S6/B6_2021_11_05_11_01_03_trimend_chunk11.json | outputs/2021NES/output_2021_11_05_NES_S6/B6_2021_11_05_11_01_03_trimend_chunk12.json | outputs/2021NES/output_2021_11_05_NES_S6/B6_2021_11_05_11_01_03_trimend_chunk2.json | outputs/2021NES/output_2021_11_05_NES_S6/B6_2021_11_05_11_01_03_trimend_chunk3.json | outputs/2021NES/output_2021_11_05_NES_S6/B6_2021_11_05_11_01_03_trimend_chunk4.json | outputs/2021NES/output_2021_11_05_NES_S6/B6_2021_11_05_11_01_03_trimend_chunk5.json | outputs/2021NES/output_2021_11_05_NES_S6/B6_2021_11_05_11_01_03_trimend_chunk6.json | outputs/2021NES/output_2021_11_05_NES_S6/B6_2021_11_05_11_01_03_trimend_chunk7.json | outputs/2021NES/output_2021_11_05_NES_S6/B6_2021_11_05_11_01_03_trimend_chunk8.json | outputs/2021NES/output_2021_11_05_NES_S6/B6_2021_11_05_11_01_03_trimend_chunk9.json,
alex walsh,,output,2021ABI,Alex Walsh,outputs/2021ABI/output_2021_05_20_ABI_S4/bot2p1_Zoom_Meeting_2021_05_20_12_35_31.json | outputs/2021ABI/output_2021_05_20_ABI_S4/bot2p2_Zoom_Meeting_2021_05_20_12_37_07_chunk1.json | outputs/2021ABI/output_2021_05_20_ABI_S4/bot2p2_Zoom_Meeting_2021_05_20_12_37_07_chunk2.json | outputs/2021ABI/output_2021_05_20_ABI_S4/bot2p2_Zoom_Meeting_2021_05_20_12_37_07_chunk3.json | outputs/2021ABI/output_2021_05_20_ABI_S4/bot2p2_Zoom_Meeting_2021_05_20_12_37_07_chunk4.json | outputs/2021ABI/output_2021_05_20_ABI_S4/bot2p2_Zoom_Meeting_2021_05_20_12_37_07_chunk5.json | outputs/2021ABI/output_2021_05_20_ABI_S4/bot2p2_Zoom_Meeting_2021_05_20_12_37_07_chunk6.json | outputs/2021ABI/output_2021_05_20_ABI_S4/bot2p2_Zoom_Meeting_2021_05_20_12_37_07_chunk7.json | outputs/2021ABI/output_2021_05_21_ABI_S14/botB1_2021_05_21_13_09_38_chunk1.json | outputs/2021ABI/output_2021_05_21_ABI_S14/botB1_2021_05_21_13_09_38_chunk2.json | outputs/2021ABI/output_2021_05_21_ABI_S14/botB1_2021_05_21_13_09_38_chunk3.json | outputs/2021ABI/output_2021_05_21_ABI_S14/botB1_2021_05_21_13_09_38_chunk4.json | outputs/2021ABI/output_2021_05_21_ABI_S14/botB1_2021_05_21_13_09_38_chunk5.json | outputs/2021ABI/output_2021_05_21_ABI_S14/botB1_2021_05_21_13_09_38_chunk6.json | outputs/2021ABI/output_2021_05_21_ABI_S14/botB1_2021_05_21_13_09_38_chunk7.json | outputs/2021ABI/output_2021_05_21_ABI_S3/bot2p1_Zoom_Meeting_2021_05_21_10_57_57.json | outputs/2021ABI/output_2021_05_21_ABI_S3/bot2p2_Zoom_Meeting_2021_05_21_10_58_22.json | outputs/2021ABI/output_2021_05_21_ABI_S3/bot2p3_Zoom_Meeting_Room_2_2021_05_21_10_58_31_chunk3.json | outputs/2021ABI/output_2021_05_21_ABI_S3/bot2p3_Zoom_Meeting_Room_2_2021_05_21_10_58_31_chunk4.json | outputs/2021ABI/output_2021_05_21_ABI_S3/bot2p3_Zoom_Meeting_Room_2_2021_05_21_10_58_31_chunk5.json | outputs/2021ABI/output_2021_05_21_ABI_S3/bot2p3_Zoom_Meeting_Room_2_2021_05_21_10_58_31_chunk6.json | outputs/2021ABI/output_2021_05_21_ABI_S3/bot2p3_Zoom_Meeting_Room_2_2021_05_21_10_58_31_chunk7.json | outputs/2021ABI/output_2021_05_21_ABI_S3/bot2p3_Zoom_Meeting_Room_2_2021_05_21_10_58_31_chunk8.json | outputs/2021ABI/output_2021_05_21_ABI_S9/bot1_2021_05_21_13_08_36_chunk1.json | outputs/2021ABI/output_2021_05_21_ABI_S9/bot1_2021_05_21_13_08_36_chunk2.json | outputs/2021ABI/output_2021_05_21_ABI_S9/bot1_2021_05_21_13_08_36_chunk3.json | outputs/2021ABI/output_2021_05_21_ABI_S9/bot1_2021_05_21_13_08_36_chunk4.json | outputs/2021ABI/output_2021_05_21_ABI_S9/bot1_2021_05_21_13_08_36_chunk5.json | outputs/2021ABI/output_2021_05_21_ABI_S9/bot1_2021_05_21_13_08_36_chunk6.json | outputs/2021ABI/output_2021_05_21_ABI_S9/bot1_2021_05_21_13_08_36_chunk7.json,
alexandra dickinson,,truth,2021ABI,Alexandra Dickinson,analysis_v1/data/2021ABI/2021ABI_outcome.json,
alexandra walsh,,truth,2021ABI,Alexandra Walsh,analysis_v1/data/2021ABI/2021ABI_outcome.json,
beck kamilov,,output,2021ABI,Beck Kamilov,outputs/2021ABI/output_2021_05_20_ABI_S4/bot2p1_Zoom_Meeting_2021_05_20_12_35_31.json | outputs/2021ABI/output_2021_05_20_ABI_S4/bot2p2_Zoom_Meeting_2021_05_20_12_37_07_chunk1.json | outputs/2021ABI/output_2021_05_20_ABI_S4/bot2p2_Zoom_Meeting_2021_05_20_12_37_07_chunk2.json | outputs/2021ABI/output_2021_05_20_ABI_S4/bot2p2_Zoom_Meeting_2021_05_20_12_37_07_chunk3.json | outputs/2021ABI/output_2021_05_20_ABI_S4/bot2p2_Zoom_Meeting_2021_05_20_12_37_07_chunk4.json | outputs/2021ABI/output_2021_05_20_ABI_S4/bot2p2_Zoom_Meeting_2021_05_20_12_37_07_chunk5.json | outputs/2021ABI/output_2021_05_20_ABI_S4/bot2p2_Zoom_Meeting_2021_05_20_12_37_07_chunk6.json | outputs/2021ABI/output_2021_05_20_ABI_S4/bot2p2_Zoom_Meeting_2021_05_20_12_37_07_chunk7.json | outputs/2021ABI/output_2021_05_21_ABI_S12/bot5p1_Zoom_Meeting_5_21_2021_1_08_57_PM.json | outputs/2021ABI/output_2021_05_21_ABI_S12/bot5p2_Room_5_Zoom_Meeting_5_21_2021_1_11_16_PM.json | outputs/2021ABI/output_2021_05_21_ABI_S12/bot5p3_Room_5_Zoom_Meeting_5_21_2021_1_11_42_PM.json | outputs/2021ABI/output_2021_05_21_ABI_S12/bot5p4_Zoom_Meeting_5_21_2021_1_12_46_PM_chunk1.json | outputs/2021ABI/output_2021_05_21_ABI_S12/bot5p4_Zoom_Meeting_5_21_2021_1_12_46_PM_chunk2.json | outputs/2021ABI/output_2021_05_21_ABI_S12/bot5p4_Zoom_Meeting_5_21_2021_1_12_46_PM_chunk3.json | outputs/2021ABI/output_2021_05_21_ABI_S12/bot5p4_Zoom_Meeting_5_21_2021_1_12_46_PM_chunk4.json | outputs/2021ABI/output_2021_05_21_ABI_S12/bot5p4_Zoom_Meeting_5_21_2021_1_12_46_PM_chunk5.json | outputs/2021ABI/output_2021_05_21_ABI_S12/bot5p4_Zoom_Meeting_5_21_2021_1_12_46_PM_chunk6.json | outputs/2021ABI/output_2021_05_21_ABI_S12/bot5p4_Zoom_Meeting_5_21_2021_1_12_46_PM_chunk7.json | outputs/2021ABI/output_2021_05_21_ABI_S5/bot5p1_Zoom_Meeting_5_21_2021_10_58_04_AM.json | outputs/2021ABI/output_2021_05_21_ABI_S5/bot5p2_Zoom_Meeting_5_21_2021_10_58_51_AM.json | outputs/2021ABI/output_2021_05_21_ABI_S5/bot5p3_Room_5_Zoom_Meeting_5_21_2021_10_59_19_AM_chunk1.json | outputs/2021ABI/output_2021_05_21_ABI_S5/bot5p3_Room_5_Zoom_Meeting_5_21_2021_10_59_19_AM_chunk2.json | outputs/2021ABI/output_2021_05_21_ABI_S5/bot5p3_Room_5_Zoom_Meeting_5_21_2021_10_59_19_AM_chunk3.json | outputs/2021ABI/output_2021_05_21_ABI_S5/bot5p3_Room_5_Zoom_Meeting_5_21_2021_10_59_19_AM_chunk4.json | outputs/2021ABI/output_2021_05_21_ABI_S5/bot5p3_Room_5_Zoom_Meeting_5_21_2021_10_59_19_AM_chunk5.json | outputs/2021ABI/output_2021_05_21_ABI_S5/bot5p3_Room_5_Zoom_Meeting_5_21_2021_10_59_19_AM_chunk6.json | outputs/2021ABI/output_2021_05_21_ABI_S5/bot5p3_Room_5_Zoom_Meeting_5_21_2021_10_59_19_AM_chunk7.json | outputs/2021ABI/output_2021_05_21_ABI_S5/bot5p3_Room_5_Zoom_Meeting_5_21_2021_10_59_19_AM_chunk8.json,
brad smith,,output,2021ABI,Brad Smith,outputs/2021ABI/output_2021_05_20_ABI_S2/Bot_6_Zoom_Meeting_Room_6_2021_05_20_12_33_55.json | outputs/2021ABI/output_2021_05_20_ABI_S2/Bot_6_Zoom_Meeting_Room_6_2021_05_20_12_34_24.json | outputs/2021ABI/output_2021_05_20_ABI_S2/Bot_6_Zoom_Meeting_Room_6_2021_05_20_12_36_18.json | outputs/2021ABI/output_2021_05_20_ABI_S2/Bot_6_Zoom_Meeting_Room_6_2021_05_20_12_36_53_chunk1.json | outputs/2021ABI/output_2021_05_20_ABI_S2/Bot_6_Zoom_Meeting_Room_6_2021_05_20_12_36_53_chunk2.json | outputs/2021ABI/output_2021_05_20_ABI_S2/Bot_6_Zoom_Meeting_Room_6_2021_05_20_12_36_53_chunk3.json | outputs/2021ABI/output_2021_05_20_ABI_S2/Bot_6_Zoom_Meeting_Room_6_2021_05_20_12_36_53_chunk4.json | outputs/2021ABI/output_2021_05_20_ABI_S2/Bot_6_Zoom_Meeting_Room_6_2021_05_20_12_36_53_chunk5.json | outputs/2021ABI/output_2021_05_20_ABI_S2/Bot_6_Zoom_Meeting_Room_6_2021_05_20_13_24_44_chunk1.json | outputs/2021ABI/output_2021_05_20_ABI_S2/Bot_6_Zoom_Meeting_Room_6_2021_05_20_13_24_44_chunk2.json | outputs/2021ABI/output_2021_05_20_ABI_S2/Bot_6_Zoom_Meeting_Room_6_2021_05_20_13_24_44_chunk3.json | outputs/2021ABI/output_2021_05_21_ABI_S11/bot3p1_Room_3_Zoom_Meeting_2021_05_21_13_10_02.json | outputs/2021ABI/output_2021_05_21_ABI_S11/bot3p2_Room_3_Zoom_Meeting_2021_05_21_13_10_16_chunk1.json | outputs/2021ABI/output_2021_05_21_ABI_S11/bot3p2_Room_3_Zoom_Meeting_2021_05_21_13_10_16_chunk2.json | outputs/2021ABI/output_2021_05_21_ABI_S11/bot3p2_Room_3_Zoom_Meeting_2021_05_21_13_10_16_chunk3.json | outputs/2021ABI/output_2021_05_21_ABI_S11/bot3p2_Room_3_Zoom_Meeting_2021_05_21_13_10_16_chunk4.json | outputs/2021ABI/output_2021_05_21_ABI_S11/bot3p2_Room_3_Zoom_Meeting_2021_05_21_13_10_16_chunk5.json | outputs/2021ABI/output_2021_05_21_ABI_S11/bot3p2_Room_3_Zoom_Meeting_2021_05_21_13_10_16_chunk6.json | outputs/2021ABI/output_2021_05_21_ABI_S11/bot3p2_Room_3_Zoom_Meeting_2021_05_21_13_10_16_chunk7.json | outputs/2021ABI/output_2021_05_21_ABI_S15/botB3_2021_05_21_13_09_30_chunk1.json | outputs/2021ABI/output_2021_05_21_ABI_S15/botB3_2021_05_21_13_09_30_chunk2.json | outputs/2021ABI/output_2021_05_21_ABI_S15/botB3_2021_05_21_13_09_30_chunk3.json | outputs/2021ABI/output_2021_05_21_ABI_S15/botB3_2021_05_21_13_09_30_chunk4.json | outputs/2021ABI/output_2021_05_21_ABI_S15/botB3_2021_05_21_13_09_30_chunk5.json | outputs/2021ABI/output_2021_05_21_ABI_S15/botB3_2021_05_21_13_09_30_chunk6.json | outputs/2021ABI/output_2021_05_21_ABI_S15/botB3_2021_05_21_13_09_30_chunk7.json | outputs/2021ABI/output_2021_05_21_ABI_S6/bot6p1_Zoom_Meeting_Room_6_2021_05_21_10_58_23.json | outputs/2021ABI/output_2021_05_21_ABI_S6/bot6p2_Zoom_Meeting_Room_6_2021_05_21_10_59_29.json | outputs/2021ABI/output_2021_05_21_ABI_S6/bot6p3_Zoom_Meeting_Room_6_2021_05_21_10_59_51_chunk1.json | outputs/2021ABI/output_2021_05_21_ABI_S6/bot6p3_Zoom_Meeting_Room_6_2021_05_21_10_59_51_chunk2.json | outputs/2021ABI/output_2021_05_21_ABI_S6/bot6p3_Zoom_Meeting_Room_6_2021_05_21_10_59_51_chunk3.json | outputs/2021ABI/output_2021_05_21_ABI_S6/bot6p3_Zoom_Meeting_Room_6_2021_05_21_10_59_51_chunk4.json | outputs/2021ABI/output_2021_05_21_ABI_S6/bot6p3_Zoom_Meeting_Room_6_2021_05_21_10_59_51_chunk5.json | outputs/2021ABI/output_2021_05_21_ABI_S6/bot6p3_Zoom_Meeting_Room_6_2021_05_21_10_59_51_chunk6.json | outputs/2021ABI/output_2021_05_21_ABI_S6/bot6p3_Zoom_Meeting_Room_6_2021_05_21_10_59_51_chunk7.json | outputs/2021ABI/output_2021_05_21_ABI_S6/bot6p3_Zoom_Meeting_Room_6_2021_05_21_10_59_51_chunk8.json,
brian spring,,output,2021ABI,Brian Spring,outputs/2021ABI/output_2021_05_20_ABI_S6/bot4_Breakout_Room_4_2021_05_20_12_33_49_chunk1.json | outputs/2021ABI/output_2021_05_20_ABI_S6/bot4_Breakout_Room_4_2021_05_20_12_33_49_chunk2.json | outputs/2021ABI/output_2021_05_20_ABI_S6/bot4_Breakout_Room_4_2021_05_20_12_33_49_chunk3.json | outputs/2021ABI/output_2021_05_20_ABI_S6/bot4_Breakout_Room_4_2021_05_20_12_33_49_chunk4.json | outputs/2021ABI/output_2021_05_20_ABI_S6/bot4_Breakout_Room_4_2021_05_20_12_33_49_chunk5.json | outputs/2021ABI/output_2021_05_20_ABI_S6/bot4_Breakout_Room_4_2021_05_20_12_33_49_chunk6.json | outputs/2021ABI/output_2021_05_20_ABI_S6/bot4_Breakout_Room_4_2021_05_20_12_33_49_chunk7.json | outputs/2021ABI/output_2021_05_20_ABI_S6/bot4_Breakout_Room_4_2021_05_20_12_33_49_chunk8.json | outputs/2021ABI/output_2021_05_21_ABI_S1/Bot_4_Breakout_Session_2_2021_05_21_10_57_08.json | outputs/2021ABI/output_2021_05_21_ABI_S1/Bot_4_Breakout_Session_2_2021_05_21_10_58_43_chunk1.json | outputs/2021ABI/output_2021_05_21_ABI_S1/Bot_4_Breakout_Session_2_2021_05_21_10_58_43_chunk2.json | outputs/2021ABI/output_2021_05_21_ABI_S1/Bot_4_Breakout_Session_2_2021_05_21_10_58_43_chunk3.json | outputs/2021ABI/output_2021_05_21_ABI_S1/Bot_4_Breakout_Session_2_2021_05_21_10_58_43_chunk4.json | outputs/2021ABI/output_2021_05_21_ABI_S1/Bot_4_Breakout_Session_2_2021_05_21_10_58_43_chunk5.json | outputs/2021ABI/output_2021_05_21_ABI_S1/Bot_4_Breakout_Session_2_2021_05_21_10_58_43_chunk6.json | outputs/2021ABI/output_2021_05_21_ABI_S1/Bot_4_Breakout_Session_2_2021_05_21_10_58_43_chunk7.json | outputs/2021ABI/output_2021_05_21_ABI_S1/Bot_4_Breakout_Session_2_2021_05_21_10_58_43_chunk8.json,
candice fleischer,,output,2021ABI,Candice Fleischer,outputs/2021ABI/output_2021_05_20_ABI_S3/bot1_2021_05_20_12_35_38_chunk5.json | outputs/2021ABI/output_2021_05_20_ABI_S3/bot1_2021_05_20_12_35_38_chunk6.json | outputs/2021ABI/output_2021_05_20_ABI_S3/bot1_2021_05_20_12_35_38_chunk7.json | outputs/2021ABI/output_2021_05_20_ABI_S3/bot1_2021_05_20_12_35_38_chunk8.json,
catherine white,,output,2021ABI,Catherine White,outputs/2021ABI/output_2021_05_21_ABI_S9/bot1_2021_05_21_13_08_36_chunk1.json | outputs/2021ABI/output_2021_05_21_ABI_S9/bot1_2021_05_21_13_08_36_chunk2.json | outputs/2021ABI/output_2021_05_21_ABI_S9/bot1_2021_05_21_13_08_36_chunk3.json | outputs/2021ABI/output_2021_05_21_ABI_S9/bot1_2021_05_21_13_08_36_chunk4.json | outputs/2021ABI/output_2021_05_21_ABI_S9/bot1_2021_05_21_13_08_36_chunk5.json | outputs/2021ABI/output_2021_05_21_ABI_S9/bot1_2021_05_21_13_08_36_chunk6.json | outputs/2021ABI/output_2021_05_21_ABI_S9/bot1_2021_05_21_13_08_36_chunk7.json,
doug shepherd,,output,2021ABI,Doug Shepherd,outputs/2021ABI/output_2021_05_20_ABI_S6/bot4_Breakout_Room_4_2021_05_20_12_33_49_chunk1.json | outputs/2021ABI/output_2021_05_20_ABI_S6/bot4_Breakout_Room_4_2021_05_20_12_33_49_chunk2.json | outputs/2021ABI/output_2021_05_20_ABI_S6/bot4_Breakout_Room_4_2021_05_20_12_33_49_chunk3.json | outputs/2021ABI/output_2021_05_20_ABI_S6/bot4_Breakout_Room_4_2021_05_20_12_33_49_chunk4.json | outputs/2021ABI/output_2021_05_20_ABI_S6/bot4_Breakout_Room_4_2021_05_20_12_33_49_chunk5.json | outputs/2021ABI/output_2021_05_20_ABI_S6/bot4_Breakout_Room_4_2021_05_20_12_33_49_chunk6.json | outputs/2021ABI/output_2021_05_20_ABI_S6/bot4_Breakout_Room_4_2021_05_20_12_33_49_chunk7.json | outputs/2021ABI/output_2021_05_20_ABI_S6/bot4_Breakout_Room_4_2021_05_20_12_33_49_chunk8.json | outputs/2021ABI/output_2021_05_21_ABI_S7/botB1_2021_05_21_10_58_58_chunk2.json | outputs/2021ABI/output_2021_05_21_ABI_S7/botB1_2021_05_21_10_58_58_chunk3.json | outputs/2021ABI/output_2021_05_21_ABI_S7/botB1_2021_05_21_10_58_58_chunk4.json | outputs/2021ABI/output_2021_05_21_ABI_S7/botB1_2021_05_21_10_58_58_chunk5.json | outputs/2021ABI/output_2021_05_21_ABI_S7/botB1_2021_05_21_10_58_58_chunk6.json | outputs/2021ABI/output_2021_05_21_ABI_S7/botB1_2021_05_21_10_58_58_chunk7.json | outputs/2021ABI/output_2021_05_21_ABI_S7/botB1_2021_05_21_10_58_58_chunk8.json,
douglas shepherd,,truth,2021ABI,Douglas Shepherd,analysis_v1/data/2021ABI/2021ABI_outcome.json,
gokul upadhyayula,,output,2021ABI,Gokul Upadhyayula,outputs/2021ABI/output_2021_05_20_ABI_S1/Bot_5_Room_5_Zoom_Meeting_5_20_2021_12_34_08_PM.json | outputs/2021ABI/output_2021_05_20_ABI_S1/Bot_5_Zoom_Meeting_5_20_2021_12_37_09_PM.json | outputs/2021ABI/output_2021_05_20_ABI_S1/Bot_5_Zoom_Meeting_5_20_2021_12_37_42_PM_chunk2.json | outputs/2021ABI/output_2021_05_20_ABI_S1/Bot_5_Zoom_Meeting_5_20_2021_12_37_42_PM_chunk3.json | outputs/2021ABI/output_2021_05_20_ABI_S1/Bot_5_Zoom_Meeting_5_20_2021_12_37_42_PM_chunk4.json | outputs/2021ABI/output_2021_05_20_ABI_S1/Bot_5_Zoom_Meeting_5_20_2021_12_37_42_PM_chunk5.json | outputs/2021ABI/output_2021_05_20_ABI_S1/Bot_5_Zoom_Meeting_5_20_2021_12_37_42_PM_chunk6.json | outputs/2021ABI/output_2021_05_20_ABI_S1/Bot_5_Zoom_Meeting_5_20_2021_12_37_42_PM_chunk7.json | outputs/2021ABI/output_2021_05_21_ABI_S10/bot2p1_Zoom_Meeting_Room_2_2021_05_21_13_10_10.json | outputs/2021ABI/output_2021_05_21_ABI_S10/bot2p2_Zoom_Meeting_Room_2_2021_05_21_13_10_25_chunk1.json | outputs/2021ABI/output_2021_05_21_ABI_S10/bot2p2_Zoom_Meeting_Room_2_2021_05_21_13_10_25_chunk2.json | outputs/2021ABI/output_2021_05_21_ABI_S10/bot2p2_Zoom_Meeting_Room_2_2021_05_21_13_10_25_chunk3.json | outputs/2021ABI/output_2021_05_21_ABI_S10/bot2p2_Zoom_Meeting_Room_2_2021_05_21_13_10_25_chunk4.json | outputs/2021ABI/output_2021_05_21_ABI_S10/bot2p2_Zoom_Meeting_Room_2_2021_05_21_13_10_25_chunk5.json | outputs/2021ABI/output_2021_05_21_ABI_S10/bot2p2_Zoom_Meeting_Room_2_2021_05_21_13_10_25_chunk6.json | outputs/2021ABI/output_2021_05_21_ABI_S10/bot2p2_Zoom_Meeting_Room_2_2021_05_21_13_10_25_chunk7.json | outputs/2021ABI/output_2021_05_21_ABI_S3/bot2p1_Zoom_Meeting_2021_05_21_10_57_57.json | outputs/2021ABI/output_2021_05_21_ABI_S3/bot2p2_Zoom_Meeting_2021_05_21_10_58_22.json | outputs/2021ABI/output_2021_05_21_ABI_S3/bot2p3_Zoom_Meeting_Room_2_2021_05_21_10_58_31_chunk2.json | outputs/2021ABI/output_2021_05_21_ABI_S3/bot2p3_Zoom_Meeting_Room_2_2021_05_21_10_58_31_chunk3.json | outputs/2021ABI/output_2021_05_21_ABI_S3/bot2p3_Zoom_Meeting_Room_2_2021_05_21_10_58_31_chunk4.json | outputs/2021ABI/output_2021_05_21_ABI_S3/bot2p3_Zoom_Meeting_Room_2_2021_05_21_10_58_31_chunk5.json | outputs/2021ABI/output_2021_05_21_ABI_S3/bot2p3_Zoom_Meeting_Room_2_2021_05_21_10_58_31_chunk6.json | outputs/2021ABI/output_2021_05_21_ABI_S3/bot2p3_Zoom_Meeting_Room_2_2021_05_21_10_58_31_chunk7.json | outputs/2021ABI/output_2021_05_21_ABI_S3/bot2p3_Zoom_Meeting_Room_2_2021_05_21_10_58_31_chunk8.json,
holly bright,,output,2021ABI,Holly Bright,outputs/2021ABI/output_2021_05_20_ABI_S6/bot4_Breakout_Room_4_2021_05_20_12_33_49_chunk1.json | outputs/2021ABI/output_2021_05_20_ABI_S6/bot4_Breakout_Room_4_2021_05_20_12_33_49_chunk2.json | outputs/2021ABI/output_2021_05_20_ABI_S6/bot4_Breakout_Room_4_2021_05_20_12_33_49_chunk3.json | outputs/2021ABI/output_2021_05_20_ABI_S6/bot4_Breakout_Room_4_2021_05_20_12_33_49_chunk4.json | outputs/2021ABI/output_2021_05_20_ABI_S6/bot4_Breakout_Room_4_2021_05_20_12_33_49_chunk5.json | outputs/2021ABI/output_2021_05_20_ABI_S6/bot4_Breakout_Room_4_2021_05_20_12_33_49_chunk6.json | outputs/2021ABI/output_2021_05_20_ABI_S6/bot4_Breakout_Room_4_2021_05_20_12_33_49_chunk7.json | outputs/2021ABI/output_2021_05_20_ABI_S6/bot4_Breakout_Room_4_2021_05_20_12_33_49_chunk8.json | outputs/2021ABI/output_2021_05_21_ABI_S9/bot1_2021_05_21_13_08_36_chunk1.json | outputs/2021ABI/output_2021_05_21_ABI_S9/bot1_2021_05_21_13_08_36_chunk2.json | outputs/2021ABI/output_2021_05_21_ABI_S9/bot1_2021_05_21_13_08_36_chunk3.json | outputs/2021ABI/output_2021_05_21_ABI_S9/bot1_2021_05_21_13_08_36_chunk4.json | outputs/2021ABI/output_2021_05_21_ABI_S9/bot1_2021_05_21_13_08_36_chunk5.json | outputs/2021ABI/output_2021_05_21_ABI_S9/bot1_2021_05_21_13_08_36_chunk6.json | outputs/2021ABI/output_2021_05_21_ABI_S9/bot1_2021_05_21_13_08_36_chunk7.json,
jazz dickinson,,output,2021ABI,Jazz Dickinson,outputs/2021ABI/output_2021_05_20_ABI_S6/bot4_Breakout_Room_4_2021_05_20_12_33_49_chunk1.json | outputs/2021ABI/output_2021_05_20_ABI_S6/bot4_Breakout_Room_4_2021_05_20_12_33_49_chunk2.json | outputs/2021ABI/output_2021_05_20_ABI_S6/bot4_Breakout_Room_4_2021_05_20_12_33_49_chunk3.json | outputs/2021ABI/output_2021_05_20_ABI_S6/bot4_Breakout_Room_4_2021_05_20_12_33_49_chunk4.json | outputs/2021ABI/output_2021_05_20_ABI_S6/bot4_Breakout_Room_4_2021_05_20_12_33_49_chunk5.json | outputs/2021ABI/output_2021_05_20_ABI_S6/bot4_Breakout_Room_4_2021_05_20_12_33_49_chunk6.json | outputs/2021ABI/output_2021_05_20_ABI_S6/bot4_Breakout_Room_4_2021_05_20_12_33_49_chunk7.json | outputs/2021ABI/output_2021_05_20_ABI_S6/bot4_Breakout_Room_4_2021_05_20_12_33_49_chunk8.json | outputs/2021ABI/output_2021_05_21_ABI_S11/bot3p1_Room_3_Zoom_Meeting_2021_05_21_13_10_02.json | outputs/2021ABI/output_2021_05_21_ABI_S11/bot3p2_Room_3_Zoom_Meeting_2021_05_21_13_10_16_chunk1.json | outputs/2021ABI/output_2021_05_21_ABI_S11/bot3p2_Room_3_Zoom_Meeting_2021_05_21_13_10_16_chunk2.json | outputs/2021ABI/output_2021_05_21_ABI_S11/bot3p2_Room_3_Zoom_Meeting_2021_05_21_13_10_16_chunk3.json | outputs/2021ABI/output_2021_05_21_ABI_S11/bot3p2_Room_3_Zoom_Meeting_2021_05_21_13_10_16_chunk4.json | outputs/2021ABI/output_2021_05_21_ABI_S11/bot3p2_Room_3_Zoom_Meeting_2021_05_21_13_10_16_chunk5.json | outputs/2021ABI/output_2021_05_21_ABI_S11/bot3p2_Room_3_Zoom_Meeting_2021_05_21_13_10_16_chunk6.json | outputs/2021ABI/output_2021_05_21_ABI_S11/bot3p2_Room_3_Zoom_Meeting_2021_05_21_13_10_16_chunk7.json | outputs/2021ABI/output_2021_05_21_ABI_S3/bot2p1_Zoom_Meeting_2021_05_21_10_57_57.json | outputs/2021ABI/output_2021_05_21_ABI_S3/bot2p2_Zoom_Meeting_2021_05_21_10_58_22.json | outputs/2021ABI/output_2021_05_21_ABI_S3/bot2p3_Zoom_Meeting_Room_2_2021_05_21_10_58_31_chunk1.json | outputs/2021ABI/output_2021_05_21_ABI_S3/bot2p3_Zoom_Meeting_Room_2_2021_05_21_10_58_31_chunk2.json | outputs/2021ABI/output_2021_05_21_ABI_S3/bot2p3_Zoom_Meeting_Room_2_2021_05_21_10_58_31_chunk3.json | outputs/2021ABI/output_2021_05_21_ABI_S3/bot2p3_Zoom_Meeting_Room_2_2021_05_21_10_58_31_chunk4.json | outputs/2021ABI/output_2021_05_21_ABI_S3/bot2p3_Zoom_Meeting_Room_2_2021_05_21_10_58_31_chunk5.json | outputs/2021ABI/output_2021_05_21_ABI_S3/bot2p3_Zoom_Meeting_Room_2_2021_05_21_10_58_31_chunk6.json | outputs/2021ABI/output_2021_05_21_ABI_S3/bot2p3_Zoom_Meeting_Room_2_2021_05_21_10_58_31_chunk7.json | outputs/2021ABI/output_2021_05_21_ABI_S3/bot2p3_Zoom_Meeting_Room_2_2021_05_21_10_58_31_chunk8.json,
jazz dickison,,output,2021ABI,Jazz Dickison,outputs/2021ABI/output_2021_05_21_ABI_S15/botB3_2021_05_21_13_09_30_chunk1.json | outputs/2021ABI/output_2021_05_21_ABI_S15/botB3_2021_05_21_13_09_30_chunk2.json | outputs/2021ABI/output_2021_05_21_ABI_S15/botB3_2021_05_21_13_09_30_chunk3.json | outputs/2021ABI/output_2021_05_21_ABI_S15/botB3_2021_05_21_13_09_30_chunk4.json | outputs/2021ABI/output_2021_05_21_ABI_S15/botB3_2021_05_21_13_09_30_chunk5.json | outputs/2021ABI/output_2021_05_21_ABI_S15/botB3_2021_05_21_13_09_30_chunk6.json | outputs/2021ABI/output_2021_05_21_ABI_S15/botB3_2021_05_21_13_09_30_chunk7.json,
josh brake,,output,2021ABI,Josh Brake,outputs/2021ABI/output_2021_05_20_ABI_S7/botB1_2021_05_20_12_34_57_chunk1.json | outputs/2021ABI/output_2021_05_20_ABI_S7/botB1_2021_05_20_12_34_57_chunk2.json | outputs/2021ABI/output_2021_05_20_ABI_S7/botB1_2021_05_20_12_34_57_chunk3.json | outputs/2021ABI/output_2021_05_20_ABI_S7/botB1_2021_05_20_12_34_57_chunk4.json | outputs/2021ABI/output_2021_05_20_ABI_S7/botB1_2021_05_20_12_34_57_chunk5.json | outputs/2021ABI/output_2021_05_20_ABI_S7/botB1_2021_05_20_12_34_57_chunk6.json | outputs/2021ABI/output_2021_05_20_ABI_S7/botB1_2021_05_20_12_34_57_chunk7.json | outputs/2021ABI/output_2021_05_20_ABI_S7/botB1_2021_05_20_12_34_57_chunk8.json | outputs/2021ABI/output_2021_05_21_ABI_S1/Bot_4_Breakout_Session_2_2021_05_21_10_57_08.json | outputs/2021ABI/output_2021_05_21_ABI_S1/Bot_4_Breakout_Session_2_2021_05_21_10_58_43_chunk1.json | outputs/2021ABI/output_2021_05_21_ABI_S1/Bot_4_Breakout_Session_2_2021_05_21_10_58_43_chunk2.json | outputs/2021ABI/output_2021_05_21_ABI_S1/Bot_4_Breakout_Session_2_2021_05_21_10_58_43_chunk3.json | outputs/2021ABI/output_2021_05_21_ABI_S1/Bot_4_Breakout_Session_2_2021_05_21_10_58_43_chunk4.json | outputs/2021ABI/output_2021_05_21_ABI_S1/Bot_4_Breakout_Session_2_2021_05_21_10_58_43_chunk5.json | outputs/2021ABI/output_2021_05_21_ABI_S1/Bot_4_Breakout_Session_2_2021_05_21_10_58_43_chunk6.json | outputs/2021ABI/output_2021_05_21_ABI_S1/Bot_4_Breakout_Session_2_2021_05_21_10_58_43_chunk7.json | outputs/2021ABI/output_2021_05_21_ABI_S1/Bot_4_Breakout_Session_2_2021_05_21_10_58_43_chunk8.json | outputs/2021ABI/output_2021_05_21_ABI_S8/botB3_2021_05_21_10_58_38_chunk8.json,
joshua brake,,truth,2021ABI,Joshua Brake,analysis_v1/data/2021ABI/2021ABI_outcome.json,
katherine white,,output,2021ABI,Katherine White,outputs/2021ABI/output_2021_05_21_ABI_S14/botB1_2021_05_21_13_09_38_chunk2.json | outputs/2021ABI/output_2021_05_21_ABI_S9/bot1_2021_05_21_13_08_36_chunk2.json,
luke mortenser,,output,2021ABI,Luke Mortenser,outputs/2021ABI/output_2021_05_21_ABI_S15/botB3_2021_05_21_13_09_30_chunk1.json | outputs/2021ABI/output_2021_05_21_ABI_S15/botB3_2021_05_21_13_09_30_chunk2.json | outputs/2021ABI/output_2021_05_21_ABI_S15/botB3_2021_05_21_13_09_30_chunk3.json | outputs/2021ABI/output_2021_05_21_ABI_S15/botB3_2021_05_21_13_09_30_chunk4.json | outputs/2021ABI/output_2021_05_21_ABI_S15/botB3_2021_05_21_13_09_30_chunk5.json | outputs/2021ABI/output_2021_05_21_ABI_S15/botB3_2021_05_21_13_09_30_chunk6.json | outputs/2021ABI/output_2021_05_21_ABI_S15/botB3_2021_05_21_13_09_30_chunk7.json,
lulu wei,,output,2021ABI,Lulu Wei,outputs/2021ABI/output_2021_05_21_ABI_S14/botB1_2021_05_21_13_09_38_chunk1.json | outputs/2021ABI/output_2021_05_21_ABI_S14/botB1_2021_05_21_13_09_38_chunk2.json | outputs/2021ABI/output_2021_05_21_ABI_S14/botB1_2021_05_21_13_09_38_chunk3.json | outputs/2021ABI/output_2021_05_21_ABI_S14/botB1_2021_05_21_13_09_38_chunk4.json | outputs/2021ABI/output_2021_05_21_ABI_S14/botB1_2021_05_21_13_09_38_chunk5.json | outputs/2021ABI/output_2021_05_21_ABI_S14/botB1_2021_05_21_13_09_38_chunk6.json | outputs/2021ABI/output_2021_05_21_ABI_S14/botB1_2021_05_21_13_09_38_chunk7.json,
mark seilmeyer,,output,2021ABI,Mark Seilmeyer,outputs/2021ABI/output_2021_05_21_ABI_S8/botB3_2021_05_21_10_58_38_chunk1.json | outputs/2021ABI/output_2021_05_21_ABI_S8/botB3_2021_05_21_10_58_38_chunk2.json | outputs/2021ABI/output_2021_05_21_ABI_S8/botB3_2021_05_21_10_58_38_chunk3.json | outputs/2021ABI/output_2021_05_21_ABI_S8/botB3_2021_05_21_10_58_38_chunk4.json | outputs/2021ABI/output_2021_05_21_ABI_S8/botB3_2021_05_21_10_58_38_chunk5.json | outputs/2021ABI/output_2021_05_21_ABI_S8/botB3_2021_05_21_10_58_38_chunk6.json | outputs/2021ABI/output_2021_05_21_ABI_S8/botB3_2021_05_21_10_58_38_chunk7.json | outputs/2021ABI/output_2021_05_21_ABI_S8/botB3_2021_05_21_10_58_38_chunk8.json,
seu sim,,output,2021ABI,Seu Sim,outputs/2021ABI/output_2021_05_20_ABI_S1/Bot_5_Room_5_Zoom_Meeting_5_20_2021_12_34_08_PM.json | outputs/2021ABI/output_2021_05_20_ABI_S1/Bot_5_Zoom_Meeting_5_20_2021_12_37_09_PM.json | outputs/2021ABI/output_2021_05_20_ABI_S1/Bot_5_Zoom_Meeting_5_20_2021_12_37_42_PM_chunk2.json | outputs/2021ABI/output_2021_05_20_ABI_S1/Bot_5_Zoom_Meeting_5_20_2021_12_37_42_PM_chunk3.json | outputs/2021ABI/output_2021_05_20_ABI_S1/Bot_5_Zoom_Meeting_5_20_2021_12_37_42_PM_chunk4.json | outputs/2021ABI/output_2021_05_20_ABI_S1/Bot_5_Zoom_Meeting_5_20_2021_12_37_42_PM_chunk5.json | outputs/2021ABI/output_2021_05_20_ABI_S1/Bot_5_Zoom_Meeting_5_20_2021_12_37_42_PM_chunk6.json | outputs/2021ABI/output_2021_05_20_ABI_S1/Bot_5_Zoom_Meeting_5_20_2021_12_37_42_PM_chunk7.json | outputs/2021ABI/output_2021_05_21_ABI_S14/botB1_2021_05_21_13_09_38_chunk1.json | outputs/2021ABI/output_2021_05_21_ABI_S14/botB1_2021_05_21_13_09_38_chunk2.json | outputs/2021ABI/output_2021_05_21_ABI_S14/botB1_2021_05_21_13_09_38_chunk3.json | outputs/2021ABI/output_2021_05_21_ABI_S14/botB1_2021_05_21_13_09_38_chunk4.json | outputs/2021ABI/output_2021_05_21_ABI_S14/botB1_2021_05_21_13_09_38_chunk5.json | outputs/2021ABI/output_2021_05_21_ABI_S14/botB1_2021_05_21_13_09_38_chunk6.json | outputs/2021ABI/output_2021_05_21_ABI_S14/botB1_2021_05_21_13_09_38_chunk7.json,
seunghyun sim,,truth,2021ABI,Seunghyun Sim,analysis_v1/data/2021ABI/2021ABI_outcome.json,
shannon quine,,output,2021ABI,Shannon Quine,outputs/2021ABI/output_2021_05_21_ABI_S1/Bot_4_Breakout_Session_2_2021_05_21_10_57_08.json | outputs/2021ABI/output_2021_05_21_ABI_S1/Bot_4_Breakout_Session_2_2021_05_21_10_58_43_chunk1.json | outputs/2021ABI/output_2021_05_21_ABI_S1/Bot_4_Breakout_Session_2_2021_05_21_10_58_43_chunk2.json | outputs/2021ABI/output_2021_05_21_ABI_S1/Bot_4_Breakout_Session_2_2021_05_21_10_58_43_chunk3.json | outputs/2021ABI/output_2021_05_21_ABI_S1/Bot_4_Breakout_Session_2_2021_05_21_10_58_43_chunk4.json | outputs/2021ABI/output_2021_05_21_ABI_S1/Bot_4_Breakout_Session_2_2021_05_21_10_58_43_chunk5.json | outputs/2021ABI/output_2021_05_21_ABI_S1/Bot_4_Breakout_Session_2_2021_05_21_10_58_43_chunk6.json | outputs/2021ABI/output_2021_05_21_ABI_S1/Bot_4_Breakout_Session_2_2021_05_21_10_58_43_chunk7.json | outputs/2021ABI/output_2021_05_21_ABI_S1/Bot_4_Breakout_Session_2_2021_05_21_10_58_43_chunk8.json,
shiva abbaszadeh,,output,2021ABI,Shiva Abbaszadeh,outputs/2021ABI/output_2021_05_20_ABI_S4/bot2p1_Zoom_Meeting_2021_05_20_12_35_31.json | outputs/2021ABI/output_2021_05_20_ABI_S4/bot2p2_Zoom_Meeting_2021_05_20_12_37_07_chunk1.json | outputs/2021ABI/output_2021_05_20_ABI_S4/bot2p2_Zoom_Meeting_2021_05_20_12_37_07_chunk2.json | outputs/2021ABI/output_2021_05_20_ABI_S4/bot2p2_Zoom_Meeting_2021_05_20_12_37_07_chunk3.json | outputs/2021ABI/output_2021_05_20_ABI_S4/bot2p2_Zoom_Meeting_2021_05_20_12_37_07_chunk4.json | outputs/2021ABI/output_2021_05_20_ABI_S4/bot2p2_Zoom_Meeting_2021_05_20_12_37_07_chunk5.json | outputs/2021ABI/output_2021_05_20_ABI_S4/bot2p2_Zoom_Meeting_2021_05_20_12_37_07_chunk6.json | outputs/2021ABI/output_2021_05_20_ABI_S4/bot2p2_Zoom_Meeting_2021_05_20_12_37_07_chunk7.json | outputs/2021ABI/output_2021_05_21_ABI_S12/bot5p1_Zoom_Meeting_5_21_2021_1_08_57_PM.json | outputs/2021ABI/output_2021_05_21_ABI_S12/bot5p2_Room_5_Zoom_Meeting_5_21_2021_1_11_16_PM.json | outputs/2021ABI/output_2021_05_21_ABI_S12/bot5p3_Room_5_Zoom_Meeting_5_21_2021_1_11_42_PM.json | outputs/2021ABI/output_2021_05_21_ABI_S12/bot5p4_Zoom_Meeting_5_21_2021_1_12_46_PM_chunk1.json | outputs/2021ABI/output_2021_05_21_ABI_S12/bot5p4_Zoom_Meeting_5_21_2021_1_12_46_PM_chunk2.json | outputs/2021ABI/output_2021_05_21_ABI_S12/bot5p4_Zoom_Meeting_5_21_2021_1_12_46_PM_chunk3.json | outputs/2021ABI/output_2021_05_21_ABI_S12/bot5p4_Zoom_Meeting_5_21_2021_1_12_46_PM_chunk4.json | outputs/2021ABI/output_2021_05_21_ABI_S12/bot5p4_Zoom_Meeting_5_21_2021_1_12_46_PM_chunk5.json | outputs/2021ABI/output_2021_05_21_ABI_S12/bot5p4_Zoom_Meeting_5_21_2021_1_12_46_PM_chunk6.json | outputs/2021ABI/output_2021_05_21_ABI_S12/bot5p4_Zoom_Meeting_5_21_2021_1_12_46_PM_chunk7.json | outputs/2021ABI/output_2021_05_21_ABI_S5/bot5p1_Zoom_Meeting_5_21_2021_10_58_04_AM.json | outputs/2021ABI/output_2021_05_21_ABI_S5/bot5p2_Zoom_Meeting_5_21_2021_10_58_51_AM.json | outputs/2021ABI/output_2021_05_21_ABI_S5/bot5p3_Room_5_Zoom_Meeting_5_21_2021_10_59_19_AM_chunk1.json | outputs/2021ABI/output_2021_05_21_ABI_S5/bot5p3_Room_5_Zoom_Meeting_5_21_2021_10_59_19_AM_chunk2.json | outputs/2021ABI/output_2021_05_21_ABI_S5/bot5p3_Room_5_Zoom_Meeting_5_21_2021_10_59_19_AM_chunk3.json | outputs/2021ABI/output_2021_05_21_ABI_S5/bot5p3_Room_5_Zoom_Meeting_5_21_2021_10_59_19_AM_chunk4.json | outputs/2021ABI/output_2021_05_21_ABI_S5/bot5p3_Room_5_Zoom_Meeting_5_21_2021_10_59_19_AM_chunk5.json | outputs/2021ABI/output_2021_05_21_ABI_S5/bot5p3_Room_5_Zoom_Meeting_5_21_2021_10_59_19_AM_chunk6.json | outputs/2021ABI/output_2021_05_21_ABI_S5/bot5p3_Room_5_Zoom_Meeting_5_21_2021_10_59_19_AM_chunk7.json | outputs/2021ABI/output_2021_05_21_ABI_S5/bot5p3_Room_5_Zoom_Meeting_5_21_2021_10_59_19_AM_chunk8.json,
shiva abbbaszadeh,,truth,2021ABI,Shiva Abbbaszadeh,analysis_v1/data/2021ABI/2021ABI_outcome.json,
sihan you,,output,2021ABI,Sihan You,outputs/2021ABI/output_2021_05_20_ABI_S7/botB1_2021_05_20_12_34_57_chunk1.json | outputs/2021ABI/output_2021_05_20_ABI_S7/botB1_2021_05_20_12_34_57_chunk2.json | outputs/2021ABI/output_2021_05_20_ABI_S7/botB1_2021_05_20_12_34_57_chunk3.json | outputs/2021ABI/output_2021_05_20_ABI_S7/botB1_2021_05_20_12_34_57_chunk4.json | outputs/2021ABI/output_2021_05_20_ABI_S7/botB1_2021_05_20_12_34_57_chunk5.json | outputs/2021ABI/output_2021_05_20_ABI_S7/botB1_2021_05_20_12_34_57_chunk6.json | outputs/2021ABI/output_2021_05_20_ABI_S7/botB1_2021_05_20_12_34_57_chunk7.json | outputs/2021ABI/output_2021_05_20_ABI_S7/botB1_2021_05_20_12_34_57_chunk8.json,
sijian you,,output,2021ABI,Sijian You,outputs/2021ABI/output_2021_05_20_ABI_S3/bot1_2021_05_20_12_35_38_chunk1.json | outputs/2021ABI/output_2021_05_20_ABI_S3/bot1_2021_05_20_12_35_38_chunk2.json | outputs/2021ABI/output_2021_05_20_ABI_S3/bot1_2021_05_20_12_35_38_chunk3.json | outputs/2021ABI/output_2021_05_20_ABI_S3/bot1_2021_05_20_12_35_38_chunk4.json | outputs/2021ABI/output_2021_05_20_ABI_S3/bot1_2021_05_20_12_35_38_chunk5.json | outputs/2021ABI/output_2021_05_20_ABI_S3/bot1_2021_05_20_12_35_38_chunk6.json | outputs/2021ABI/output_2021_05_20_ABI_S3/bot1_2021_05_20_12_35_38_chunk7.json | outputs/2021ABI/output_2021_05_20_ABI_S3/bot1_2021_05_20_12_35_38_chunk8.json,
srigokul upadhyayula,,truth,2021ABI,Srigokul Upadhyayula,analysis_v1/data/2021ABI/2021ABI_outcome.json,
ulugbek kamilov,,truth,2021ABI,Ulugbek Kamilov,analysis_v1/data/2021ABI/2021ABI_outcome.json,
uzi emir,,output,2021ABI,Uzi Emir,outputs/2021ABI/output_2021_05_20_ABI_S7/botB1_2021_05_20_12_34_57_chunk1.json | outputs/2021ABI/output_2021_05_20_ABI_S7/botB1_2021_05_20_12_34_57_chunk2.json | outputs/2021ABI/output_2021_05_20_ABI_S7/botB1_2021_05_20_12_34_57_chunk3.json | outputs/2021ABI/output_2021_05_20_ABI_S7/botB1_2021_05_20_12_34_57_chunk4.json | outputs/2021ABI/output_2021_05_20_ABI_S7/botB1_2021_05_20_12_34_57_chunk5.json | outputs/2021ABI/output_2021_05_20_ABI_S7/botB1_2021_05_20_12_34_57_chunk6.json | outputs/2021ABI/output_2021_05_20_ABI_S7/botB1_2021_05_20_12_34_57_chunk7.json | outputs/2021ABI/output_2021_05_20_ABI_S7/botB1_2021_05_20_12_34_57_chunk8.json,
vivian liu,,output,2021ABI,Vivian Liu,outputs/2021ABI/output_2021_05_20_ABI_S3/bot1_2021_05_20_12_35_38_chunk2.json | outputs/2021ABI/output_2021_05_20_ABI_S3/bot1_2021_05_20_12_35_38_chunk3.json | outputs/2021ABI/output_2021_05_20_ABI_S3/bot1_2021_05_20_12_35_38_chunk4.json | outputs/2021ABI/output_2021_05_20_ABI_S3/bot1_2021_05_20_12_35_38_chunk5.json | outputs/2021ABI/output_2021_05_20_ABI_S3/bot1_2021_05_20_12_35_38_chunk6.json | outputs/2021ABI/output_2021_05_20_ABI_S3/bot1_2021_05_20_12_35_38_chunk7.json | outputs/2021ABI/output_2021_05_20_ABI_S3/bot1_2021_05_20_12_35_38_chunk8.json | outputs/2021ABI/output_2021_05_20_ABI_S7/botB1_2021_05_20_12_34_57_chunk2.json | outputs/2021ABI/output_2021_05_20_ABI_S7/botB1_2021_05_20_12_34_57_chunk3.json | outputs/2021ABI/output_2021_05_20_ABI_S7/botB1_2021_05_20_12_34_57_chunk4.json | outputs/2021ABI/output_2021_05_20_ABI_S7/botB1_2021_05_20_12_34_57_chunk5.json | outputs/2021ABI/output_2021_05_20_ABI_S7/botB1_2021_05_20_12_34_57_chunk6.json | outputs/2021ABI/output_2021_05_20_ABI_S7/botB1_2021_05_20_12_34_57_chunk7.json | outputs/2021ABI/output_2021_05_20_ABI_S7/botB1_2021_05_20_12_34_57_chunk8.json,
wenjing wang,,output,2021ABI,Wenjing Wang,outputs/2021ABI/output_2021_05_21_ABI_S16/Breakout_Room_4_Session_3_2021_04_23_13_13_06_chunk1.json | outputs/2021ABI/output_2021_05_21_ABI_S16/Breakout_Room_4_Session_3_2021_04_23_13_13_06_chunk2.json | outputs/2021ABI/output_2021_05_21_ABI_S16/Breakout_Room_4_Session_3_2021_04_23_13_13_06_chunk3.json | outputs/2021ABI/output_2021_05_21_ABI_S16/Breakout_Room_4_Session_3_2021_04_23_13_13_06_chunk4.json | outputs/2021ABI/output_2021_05_21_ABI_S16/Breakout_Room_4_Session_3_2021_04_23_13_13_06_chunk5.json | outputs/2021ABI/output_2021_05_21_ABI_S16/Breakout_Room_4_Session_3_2021_04_23_13_13_06_chunk6.json | outputs/2021ABI/output_2021_05_21_ABI_S16/Breakout_Room_4_Session_3_2021_04_23_13_13_06_chunk7.json,
yeigenia kozorovsky,,output,2021ABI,Yeigenia Kozorovsky,outputs/2021ABI/output_2021_05_21_ABI_S6/bot6p1_Zoom_Meeting_Room_6_2021_05_21_10_58_23.json | outputs/2021ABI/output_2021_05_21_ABI_S6/bot6p2_Zoom_Meeting_Room_6_2021_05_21_10_59_29.json | outputs/2021ABI/output_2021_05_21_ABI_S6/bot6p3_Zoom_Meeting_Room_6_2021_05_21_10_59_51_chunk1.json | outputs/2021ABI/output_2021_05_21_ABI_S6/bot6p3_Zoom_Meeting_Room_6_2021_05_21_10_59_51_chunk2.json | outputs/2021ABI/output_2021_05_21_ABI_S6/bot6p3_Zoom_Meeting_Room_6_2021_05_21_10_59_51_chunk3.json | outputs/2021ABI/output_2021_05_21_ABI_S6/bot6p3_Zoom_Meeting_Room_6_2021_05_21_10_59_51_chunk4.json | outputs/2021ABI/output_2021_05_21_ABI_S6/bot6p3_Zoom_Meeting_Room_6_2021_05_21_10_59_51_chunk5.json | outputs/2021ABI/output_2021_05_21_ABI_S6/bot6p3_Zoom_Meeting_Room_6_2021_05_21_10_59_51_chunk6.json | outputs/2021ABI/output_2021_05_21_ABI_S6/bot6p3_Zoom_Meeting_Room_6_2021_05_21_10_59_51_chunk7.json | outputs/2021ABI/output_2021_05_21_ABI_S6/bot6p3_Zoom_Meeting_Room_6_2021_05_21_10_59_51_chunk8.json,
yevgenia kozoravitskiy,,output,2021ABI,Yevgenia Kozoravitskiy,outputs/2021ABI/output_2021_05_21_ABI_S11/bot3p1_Room_3_Zoom_Meeting_2021_05_21_13_10_02.json | outputs/2021ABI/output_2021_05_21_ABI_S11/bot3p2_Room_3_Zoom_Meeting_2021_05_21_13_10_16_chunk1.json | outputs/2021ABI/output_2021_05_21_ABI_S11/bot3p2_Room_3_Zoom_Meeting_2021_05_21_13_10_16_chunk2.json | outputs/2021ABI/output_2021_05_21_ABI_S11/bot3p2_Room_3_Zoom_Meeting_2021_05_21_13_10_16_chunk3.json | outputs/2021ABI/output_2021_05_21_ABI_S11/bot3p2_Room_3_Zoom_Meeting_2021_05_21_13_10_16_chunk4.json | outputs/2021ABI/output_2021_05_21_ABI_S11/bot3p2_Room_3_Zoom_Meeting_2021_05_21_13_10_16_chunk5.json | outputs/2021ABI/output_2021_05_21_ABI_S11/bot3p2_Room_3_Zoom_Meeting_2021_05_21_13_10_16_chunk6.json | outputs/2021ABI/output_2021_05_21_ABI_S11/bot3p2_Room_3_Zoom_Meeting_2021_05_21_13_10_16_chunk7.json,
yevgenia kozorovitksy,,output,2021ABI,Yevgenia Kozorovitksy,outputs/2021ABI/output_2021_05_20_ABI_S1/Bot_5_Room_5_Zoom_Meeting_5_20_2021_12_34_08_PM.json | outputs/2021ABI/output_2021_05_20_ABI_S1/Bot_5_Zoom_Meeting_5_20_2021_12_37_09_PM.json | outputs/2021ABI/output_2021_05_20_ABI_S1/Bot_5_Zoom_Meeting_5_20_2021_12_37_42_PM_chunk2.json | outputs/2021ABI/output_2021_05_20_ABI_S1/Bot_5_Zoom_Meeting_5_20_2021_12_37_42_PM_chunk3.json | outputs/2021ABI/output_2021_05_20_ABI_S1/Bot_5_Zoom_Meeting_5_20_2021_12_37_42_PM_chunk4.json | outputs/2021ABI/output_2021_05_20_ABI_S1/Bot_5_Zoom_Meeting_5_20_2021_12_37_42_PM_chunk5.json | outputs/2021ABI/output_2021_05_20_ABI_S1/Bot_5_Zoom_Meeting_5_20_2021_12_37_42_PM_chunk6.json | outputs/2021ABI/output_2021_05_20_ABI_S1/Bot_5_Zoom_Meeting_5_20_2021_12_37_42_PM_chunk7.json,
yevgenia kozorovsky,,output,2021ABI,Yevgenia Kozorovsky,outputs/2021ABI/output_2021_05_21_ABI_S6/bot6p1_Zoom_Meeting_Room_6_2021_05_21_10_58_23.json | outputs/2021ABI/output_2021_05_21_ABI_S6/bot6p2_Zoom_Meeting_Room_6_2021_05_21_10_59_29.json | outputs/2021ABI/output_2021_05_21_ABI_S6/bot6p3_Zoom_Meeting_Room_6_2021_05_21_10_59_51_chunk7.json | outputs/2021ABI/output_2021_05_21_ABI_S6/bot6p3_Zoom_Meeting_Room_6_2021_05_21_10_59_51_chunk8.json,
alex green,,output,2021CMC,Alex Green,outputs/2021CMC/output_2021_10_07_CMC_S2/B1_Zoom_Meeting_Room_1_2021_10_07_12_36_41_chunk2.json | outputs/2021CMC/output_2021_10_07_CMC_S2/B1_Zoom_Meeting_Room_1_2021_10_07_12_36_41_chunk3.json | outputs/2021CMC/output_2021_10_07_CMC_S2/B1_Zoom_Meeting_Room_1_2021_10_07_12_36_41_chunk4.json | outputs/2021CMC/output_2021_10_07_CMC_S2/B1_Zoom_Meeting_Room_1_2021_10_07_12_36_41_chunk5.json | outputs/2021CMC/output_2021_10_07_CMC_S2/B1_Zoom_Meeting_Room_1_2021_10_07_12_36_41_chunk6.json | outputs/2021CMC/output_2021_10_07_CMC_S2/B1_Zoom_Meeting_Room_1_2021_10_07_12_36_41_chunk7.json | outputs/2021CMC/output_2021_10_07_CMC_S2/B1_Zoom_Meeting_Room_1_2021_10_07_12_36_41_chunk8.json | outputs/2021CMC/output_2021_10_08_CMC_S3/B2_Zoom_Meeting_Room_2_2021_10_08_10_59_57_chunk1.json | outputs/2021CMC/output_2021_10_08_CMC_S3/B2_Zoom_Meeting_Room_2_2021_10_08_10_59_57_chunk2.json | outputs/2021CMC/output_2021_10_08_CMC_S3/B2_Zoom_Meeting_Room_2_2021_10_08_10_59_57_chunk3.json | outputs/2021CMC/output_2021_10_08_CMC_S3/B2_Zoom_Meeting_Room_2_2021_10_08_10_59_57_chunk4.json | outputs/2021CMC/output_2021_10_08_CMC_S3/B2_Zoom_Meeting_Room_2_2021_10_08_10_59_57_chunk5.json | outputs/2021CMC/output_2021_10_08_CMC_S3/B2_Zoom_Meeting_Room_2_2021_10_08_10_59_57_chunk6.json | outputs/2021CMC/output_2021_10_08_CMC_S3/B2_Zoom_Meeting_Room_2_2021_10_08_10_59_57_chunk7.json | outputs/2021CMC/output_2021_10_08_CMC_S3/B2_Zoom_Meeting_Room_2_2021_10_08_10_59_57_chunk8.json,
alexander green,,truth,2021CMC,Alexander Green,analysis_v1/data/2021CMC/2021CMC_outcome.json,
alexis c komor,,output,2021CMC,Alexis C Komor,outputs/2021CMC/output_2021_10_07_CMC_S3/B2.1_Zoom_Meeting_Room_2_2021_10_07_12_36_56.json | outputs/2021CMC/output_2021_10_07_CMC_S3/B2.2_Zoom_Meeting_Room_2_2021_10_07_12_41_55_chunk1.json | outputs/2021CMC/output_2021_10_07_CMC_S3/B2.2_Zoom_Meeting_Room_2_2021_10_07_12_41_55_chunk2.json | outputs/2021CMC/output_2021_10_07_CMC_S3/B2.2_Zoom_Meeting_Room_2_2021_10_07_12_41_55_chunk3.json | outputs/2021CMC/output_2021_10_07_CMC_S3/B2.2_Zoom_Meeting_Room_2_2021_10_07_12_41_55_chunk4.json | outputs/2021CMC/output_2021_10_07_CMC_S3/B2.2_Zoom_Meeting_Room_2_2021_10_07_12_41_55_chunk5.json | outputs/2021CMC/output_2021_10_07_CMC_S3/B2.2_Zoom_Meeting_Room_2_2021_10_07_12_41_55_chunk6.json | outputs/2021CMC/output_2021_10_07_CMC_S3/B2.2_Zoom_Meeting_Room_2_2021_10_07_12_41_55_chunk7.json,
beth childers,,output,2021CMC,Beth Childers,outputs/2021CMC/output_2021_10_07_CMC_S5/B4_2021_10_07_12_37_15_chunk2.json | outputs/2021CMC/output_2021_10_07_CMC_S5/B4_2021_10_07_12_37_15_chunk3.json | outputs/2021CMC/output_2021_10_07_CMC_S5/B4_2021_10_07_12_37_15_chunk4.json | outputs/2021CMC/output_2021_10_07_CMC_S5/B4_2021_10_07_12_37_15_chunk5.json | outputs/2021CMC/output_2021_10_07_CMC_S5/B4_2021_10_07_12_37_15_chunk6.json | outputs/2021CMC/output_2021_10_07_CMC_S5/B4_2021_10_07_12_37_15_chunk7.json | outputs/2021CMC/output_2021_10_07_CMC_S5/B4_2021_10_07_12_37_15_chunk8.json,
cheeming tan,,output,2021CMC,Cheeming Tan,outputs/2021CMC/output_2021_10_07_CMC_S7/CMC_1_5_chunk1.json | outputs/2021CMC/output_2021_10_07_CMC_S7/CMC_1_5_chunk2.json | outputs/2021CMC/output_2021_10_07_CMC_S7/CMC_1_5_chunk3.json | outputs/2021CMC/output_2021_10_07_CMC_S7/CMC_1_5_chunk4.json | outputs/2021CMC/output_2021_10_07_CMC_S7/CMC_1_5_chunk5.json | outputs/2021CMC/output_2021_10_07_CMC_S7/CMC_1_5_chunk6.json | outputs/2021CMC/output_2021_10_07_CMC_S7/CMC_1_5_chunk7.json | outputs/2021CMC/output_2021_10_07_CMC_S7/CMC_1_5_chunk8.json,
chemeng tan,,output,2021CMC,Chemeng Tan,outputs/2021CMC/output_2021_10_08_CMC_S4/B3_2021_10_08_10_59_57_chunk1.json | outputs/2021CMC/output_2021_10_08_CMC_S4/B3_2021_10_08_10_59_57_chunk2.json | outputs/2021CMC/output_2021_10_08_CMC_S4/B3_2021_10_08_10_59_57_chunk3.json | outputs/2021CMC/output_2021_10_08_CMC_S4/B3_2021_10_08_10_59_57_chunk4.json | outputs/2021CMC/output_2021_10_08_CMC_S4/B3_2021_10_08_10_59_57_chunk5.json | outputs/2021CMC/output_2021_10_08_CMC_S4/B3_2021_10_08_10_59_57_chunk6.json | outputs/2021CMC/output_2021_10_08_CMC_S4/B3_2021_10_08_10_59_57_chunk7.json | outputs/2021CMC/output_2021_10_08_CMC_S4/B3_2021_10_08_10_59_57_chunk8.json,
g w gant luxton,,truth,2021CMC,G.W. Gant Luxton,analysis_v1/data/2021CMC/2021CMC_outcome.json,
gw gant luxton,,output,2021CMC,GW Gant Luxton,outputs/2021CMC/output_2021_10_08_CMC_S3/B2_Zoom_Meeting_Room_2_2021_10_08_10_59_57_chunk1.json | outputs/2021CMC/output_2021_10_08_CMC_S3/B2_Zoom_Meeting_Room_2_2021_10_08_10_59_57_chunk2.json | outputs/2021CMC/output_2021_10_08_CMC_S3/B2_Zoom_Meeting_Room_2_2021_10_08_10_59_57_chunk3.json | outputs/2021CMC/output_2021_10_08_CMC_S3/B2_Zoom_Meeting_Room_2_2021_10_08_10_59_57_chunk4.json | outputs/2021CMC/output_2021_10_08_CMC_S3/B2_Zoom_Meeting_Room_2_2021_10_08_10_59_57_chunk5.json | outputs/2021CMC/output_2021_10_08_CMC_S3/B2_Zoom_Meeting_Room_2_2021_10_08_10_59_57_chunk6.json | outputs/2021CMC/output_2021_10_08_CMC_S3/B2_Zoom_Meeting_Room_2_2021_10_08_10_59_57_chunk7.json | outputs/2021CMC/output_2021_10_08_CMC_S3/B2_Zoom_Meeting_Room_2_2021_10_08_10_59_57_chunk8.json,
kathy liu,,output,2021CMC,Kathy Liu,outputs/2021CMC/output_2021_10_07_CMC_S1/2021_10_07_11_31_22_chunk1.json | outputs/2021CMC/output_2021_10_07_CMC_S1/2021_10_07_11_31_22_chunk2.json | outputs/2021CMC/output_2021_10_07_CMC_S1/2021_10_07_11_31_22_chunk3.json | outputs/2021CMC/output_2021_10_07_CMC_S1/2021_10_07_11_31_22_chunk4.json | outputs/2021CMC/output_2021_10_07_CMC_S1/2021_10_07_11_31_22_chunk5.json | outputs/2021CMC/output_2021_10_07_CMC_S1/2021_10_07_11_31_22_chunk6.json | outputs/2021CMC/output_2021_10_07_CMC_S1/2021_10_07_11_31_22_chunk7.json | outputs/2021CMC/output_2021_10_07_CMC_S1/2021_10_07_11_31_22_chunk8.json | outputs/2021CMC/output_2021_10_08_CMC_S12/B4_2021_10_08_13_01_38_chunk1.json | outputs/2021CMC/output_2021_10_08_CMC_S12/B4_2021_10_08_13_01_38_chunk2.json | outputs/2021CMC/output_2021_10_08_CMC_S12/B4_2021_10_08_13_01_38_chunk3.json | outputs/2021CMC/output_2021_10_08_CMC_S12/B4_2021_10_08_13_01_38_chunk4.json | outputs/2021CMC/output_2021_10_08_CMC_S12/B4_2021_10_08_13_01_38_chunk5.json | outputs/2021CMC/output_2021_10_08_CMC_S12/B4_2021_10_08_13_01_38_chunk6.json | outputs/2021CMC/output_2021_10_08_CMC_S12/B4_2021_10_08_13_01_38_chunk7.json | outputs/2021CMC/output_2021_10_08_CMC_S12/B4_2021_10_08_13_01_38_chunk8.json | outputs/2021CMC/output_2021_10_08_CMC_S8/2021_10_08_12_01_45_chunk1.json | outputs/2021CMC/output_2021_10_08_CMC_S8/2021_10_08_12_01_45_chunk2.json | outputs/2021CMC/output_2021_10_08_CMC_S8/2021_10_08_12_01_45_chunk3.json | outputs/2021CMC/output_2021_10_08_CMC_S8/2021_10_08_12_01_45_chunk4.json | outputs/2021CMC/output_2021_10_08_CMC_S8/2021_10_08_12_01_45_chunk5.json | outputs/2021CMC/output_2021_10_08_CMC_S8/2021_10_08_12_01_45_chunk6.json | outputs/2021CMC/output_2021_10_08_CMC_S8/2021_10_08_12_01_45_chunk7.json | outputs/2021CMC/output_2021_10_08_CMC_S8/2021_10_08_12_01_45_chunk8.json,
macha kamenetska,,output,2021CMC,Macha Kamenetska,outputs/2021CMC/output_2021_10_08_CMC_S13/B5_2021_10_08_13_01_46_chunk1.json | outputs/2021CMC/output_2021_10_08_CMC_S13/B5_2021_10_08_13_01_46_chunk2.json | outputs/2021CMC/output_2021_10_08_CMC_S13/B5_2021_10_08_13_01_46_chunk3.json | outputs/2021CMC/output_2021_10_08_CMC_S13/B5_2021_10_08_13_01_46_chunk4.json | outputs/2021CMC/output_2021_10_08_CMC_S13/B5_2021_10_08_13_01_46_chunk5.json | outputs/2021CMC/output_2021_10_08_CMC_S13/B5_2021_10_08_13_01_46_chunk6.json | outputs/2021CMC/output_2021_10_08_CMC_S13/B5_2021_10_08_13_01_46_chunk7.json | outputs/2021CMC/output_2021_10_08_CMC_S13/B5_2021_10_08_13_01_46_chunk8.json,
maisha kamenetska,,output,2021CMC,Maisha Kamenetska,outputs/2021CMC/output_2021_10_08_CMC_S2/B1_Zoom_Meeting_Room_1_2021_10_08_10_59_46_chunk8.json,
maria kamenetska,,truth,2021CMC,Maria (Masha) Kamenetska,analysis_v1/data/2021CMC/2021CMC_outcome.json,
masha kamenetska,,output,2021CMC,Masha Kamenetska,outputs/2021CMC/output_2021_10_07_CMC_S3/B2.1_Zoom_Meeting_Room_2_2021_10_07_12_36_56.json | outputs/2021CMC/output_2021_10_07_CMC_S3/B2.2_Zoom_Meeting_Room_2_2021_10_07_12_41_55_chunk1.json | outputs/2021CMC/output_2021_10_07_CMC_S3/B2.2_Zoom_Meeting_Room_2_2021_10_07_12_41_55_chunk2.json | outputs/2021CMC/output_2021_10_07_CMC_S3/B2.2_Zoom_Meeting_Room_2_2021_10_07_12_41_55_chunk3.json | outputs/2021CMC/output_2021_10_07_CMC_S3/B2.2_Zoom_Meeting_Room_2_2021_10_07_12_41_55_chunk4.json | outputs/2021CMC/output_2021_10_07_CMC_S3/B2.2_Zoom_Meeting_Room_2_2021_10_07_12_41_55_chunk5.json | outputs/2021CMC/output_2021_10_07_CMC_S3/B2.2_Zoom_Meeting_Room_2_2021_10_07_12_41_55_chunk6.json | outputs/2021CMC/output_2021_10_07_CMC_S3/B2.2_Zoom_Meeting_Room_2_2021_10_07_12_41_55_chunk7.json | outputs/2021CMC/output_2021_10_08_CMC_S14/Room5_Session2_chunk1.json | outputs/2021CMC/output_2021_10_08_CMC_S14/Room5_Session2_chunk2.json | outputs/2021CMC/output_2021_10_08_CMC_S14/Room5_Session2_chunk3.json | outputs/2021CMC/output_2021_10_08_CMC_S14/Room5_Session2_chunk4.json | outputs/2021CMC/output_2021_10_08_CMC_S14/Room5_Session2_chunk5.json | outputs/2021CMC/output_2021_10_08_CMC_S14/Room5_Session2_chunk6.json | outputs/2021CMC/output_2021_10_08_CMC_S14/Room5_Session2_chunk7.json | outputs/2021CMC/output_2021_10_08_CMC_S14/Room5_Session2_chunk8.json | outputs/2021CMC/output_2021_10_08_CMC_S2/B1_Zoom_Meeting_Room_1_2021_10_08_10_59_46_chunk2.json | outputs/2021CMC/output_2021_10_08_CMC_S2/B1_Zoom_Meeting_Room_1_2021_10_08_10_59_46_chunk3.json | outputs/2021CMC/output_2021_10_08_CMC_S2/B1_Zoom_Meeting_Room_1_2021_10_08_10_59_46_chunk4.json | outputs/2021CMC/output_2021_10_08_CMC_S2/B1_Zoom_Meeting_Room_1_2021_10_08_10_59_46_chunk5.json | outputs/2021CMC/output_2021_10_08_CMC_S2/B1_Zoom_Meeting_Room_1_2021_10_08_10_59_46_chunk6.json | outputs/2021CMC/output_2021_10_08_CMC_S2/B1_Zoom_Meeting_Room_1_2021_10_08_10_59_46_chunk7.json | outputs/2021CMC/output_2021_10_08_CMC_S2/B1_Zoom_Meeting_Room_1_2021_10_08_10_59_46_chunk8.json,
rongsheng wang,,truth,2021CMC,Rongsheng (Ross) Wang,analysis_v1/data/2021CMC/2021CMC_outcome.json,
ross wang,,output,2021CMC,Ross Wang,outputs/2021CMC/output_2021_10_07_CMC_S3/B2.1_Zoom_Meeting_Room_2_2021_10_07_12_36_56.json | outputs/2021CMC/output_2021_10_07_CMC_S3/B2.2_Zoom_Meeting_Room_2_2021_10_07_12_41_55_chunk2.json | outputs/2021CMC/output_2021_10_07_CMC_S3/B2.2_Zoom_Meeting_Room_2_2021_10_07_12_41_55_chunk3.json | outputs/2021CMC/output_2021_10_07_CMC_S3/B2.2_Zoom_Meeting_Room_2_2021_10_07_12_41_55_chunk4.json | outputs/2021CMC/output_2021_10_07_CMC_S3/B2.2_Zoom_Meeting_Room_2_2021_10_07_12_41_55_chunk5.json | outputs/2021CMC/output_2021_10_07_CMC_S3/B2.2_Zoom_Meeting_Room_2_2021_10_07_12_41_55_chunk6.json | outputs/2021CMC/output_2021_10_07_CMC_S3/B2.2_Zoom_Meeting_Room_2_2021_10_07_12_41_55_chunk7.json | outputs/2021CMC/output_2021_10_08_CMC_S12/B4_2021_10_08_13_01_38_chunk1.json | outputs/2021CMC/output_2021_10_08_CMC_S12/B4_2021_10_08_13_01_38_chunk2.json | outputs/2021CMC/output_2021_10_08_CMC_S12/B4_2021_10_08_13_01_38_chunk3.json | outputs/2021CMC/output_2021_10_08_CMC_S12/B4_2021_10_08_13_01_38_chunk4.json | outputs/2021CMC/output_2021_10_08_CMC_S12/B4_2021_10_08_13_01_38_chunk5.json | outputs/2021CMC/output_2021_10_08_CMC_S12/B4_2021_10_08_13_01_38_chunk6.json | outputs/2021CMC/output_2021_10_08_CMC_S12/B4_2021_10_08_13_01_38_chunk7.json | outputs/2021CMC/output_2021_10_08_CMC_S12/B4_2021_10_08_13_01_38_chunk8.json | outputs/2021CMC/output_2021_10_08_CMC_S3/B2_Zoom_Meeting_Room_2_2021_10_08_10_59_57_chunk1.json | outputs/2021CMC/output_2021_10_08_CMC_S3/B2_Zoom_Meeting_Room_2_2021_10_08_10_59_57_chunk2.json | outputs/2021CMC/output_2021_10_08_CMC_S3/B2_Zoom_Meeting_Room_2_2021_10_08_10_59_57_chunk3.json | outputs/2021CMC/output_2021_10_08_CMC_S3/B2_Zoom_Meeting_Room_2_2021_10_08_10_59_57_chunk4.json | outputs/2021CMC/output_2021_10_08_CMC_S3/B2_Zoom_Meeting_Room_2_2021_10_08_10_59_57_chunk5.json | outputs/2021CMC/output_2021_10_08_CMC_S3/B2_Zoom_Meeting_Room_2_2021_10_08_10_59_57_chunk6.json | outputs/2021CMC/output_2021_10_08_CMC_S3/B2_Zoom_Meeting_Room_2_2021_10_08_10_59_57_chunk7.json | outputs/2021CMC/output_2021_10_08_CMC_S3/B2_Zoom_Meeting_Room_2_2021_10_08_10_59_57_chunk8.json,
s stephen yi,,truth,2021CMC,S. Stephen Yi,analysis_v1/data/2021CMC/2021CMC_outcome.json,
stephen yi,,output,2021CMC,Stephen Yi,outputs/2021CMC/output_2021_10_07_CMC_S6/B5_2021_10_07_12_37_23_chunk1.json | outputs/2021CMC/output_2021_10_07_CMC_S6/B5_2021_10_07_12_37_23_chunk2.json | outputs/2021CMC/output_2021_10_07_CMC_S6/B5_2021_10_07_12_37_23_chunk3.json | outputs/2021CMC/output_2021_10_07_CMC_S6/B5_2021_10_07_12_37_23_chunk4.json | outputs/2021CMC/output_2021_10_07_CMC_S6/B5_2021_10_07_12_37_23_chunk5.json | outputs/2021CMC/output_2021_10_07_CMC_S6/B5_2021_10_07_12_37_23_chunk6.json | outputs/2021CMC/output_2021_10_07_CMC_S6/B5_2021_10_07_12_37_23_chunk7.json | outputs/2021CMC/output_2021_10_07_CMC_S6/B5_2021_10_07_12_37_23_chunk8.json | outputs/2021CMC/output_2021_10_07_CMC_S7/CMC_1_5_chunk1.json | outputs/2021CMC/output_2021_10_07_CMC_S7/CMC_1_5_chunk2.json | outputs/2021CMC/output_2021_10_07_CMC_S7/CMC_1_5_chunk3.json | outputs/2021CMC/output_2021_10_07_CMC_S7/CMC_1_5_chunk4.json | outputs/2021CMC/output_2021_10_07_CMC_S7/CMC_1_5_chunk5.json | outputs/2021CMC/output_2021_10_07_CMC_S7/CMC_1_5_chunk6.json | outputs/2021CMC/output_2021_10_07_CMC_S7/CMC_1_5_chunk7.json | outputs/2021CMC/output_2021_10_07_CMC_S7/CMC_1_5_chunk8.json | outputs/2021CMC/output_2021_10_08_CMC_S12/B4_2021_10_08_13_01_38_chunk1.json | outputs/2021CMC/output_2021_10_08_CMC_S12/B4_2021_10_08_13_01_38_chunk2.json | outputs/2021CMC/output_2021_10_08_CMC_S12/B4_2021_10_08_13_01_38_chunk3.json | outputs/2021CMC/output_2021_10_08_CMC_S12/B4_2021_10_08_13_01_38_chunk4.json | outputs/2021CMC/output_2021_10_08_CMC_S12/B4_2021_10_08_13_01_38_chunk5.json | outputs/2021CMC/output_2021_10_08_CMC_S12/B4_2021_10_08_13_01_38_chunk6.json | outputs/2021CMC/output_2021_10_08_CMC_S12/B4_2021_10_08_13_01_38_chunk7.json | outputs/2021CMC/output_2021_10_08_CMC_S12/B4_2021_10_08_13_01_38_chunk8.json | outputs/2021CMC/output_2021_10_08_CMC_S4/B3_2021_10_08_10_59_57_chunk1.json | outputs/2021CMC/output_2021_10_08_CMC_S4/B3_2021_10_08_10_59_57_chunk2.json | outputs/2021CMC/output_2021_10_08_CMC_S4/B3_2021_10_08_10_59_57_chunk3.json | outputs/2021CMC/output_2021_10_08_CMC_S4/B3_2021_10_08_10_59_57_chunk4.json | outputs/2021CMC/output_2021_10_08_CMC_S4/B3_2021_10_08_10_59_57_chunk5.json | outputs/2021CMC/output_2021_10_08_CMC_S4/B3_2021_10_08_10_59_57_chunk6.json | outputs/2021CMC/output_2021_10_08_CMC_S4/B3_2021_10_08_10_59_57_chunk7.json | outputs/2021CMC/output_2021_10_08_CMC_S4/B3_2021_10_08_10_59_57_chunk8.json | outputs/2021CMC/output_2021_10_08_CMC_S8/2021_10_08_12_01_45_chunk1.json | outputs/2021CMC/output_2021_10_08_CMC_S8/2021_10_08_12_01_45_chunk2.json | outputs/2021CMC/output_2021_10_08_CMC_S8/2021_10_08_12_01_45_chunk3.json | outputs/2021CMC/output_2021_10_08_CMC_S8/2021_10_08_12_01_45_chunk4.json | outputs/2021CMC/output_2021_10_08_CMC_S8/2021_10_08_12_01_45_chunk5.json | outputs/2021CMC/output_2021_10_08_CMC_S8/2021_10_08_12_01_45_chunk6.json | outputs/2021CMC/output_2021_10_08_CMC_S8/2021_10_08_12_01_45_chunk7.json | outputs/2021CMC/output_2021_10_08_CMC_S8/2021_10_08_12_01_45_chunk8.json,
calvin ye,,output,2021MND,Calvin Ye,outputs/2021MND/output_2021_04_22_MND_S8/Zoom_Meeting_Room_6_2021_04_22_13_00_55_chunk1.json | outputs/2021MND/output_2021_04_22_MND_S8/Zoom_Meeting_Room_6_2021_04_22_13_16_39.json | outputs/2021MND/output_2021_04_22_MND_S8/Zoom_Meeting_Room_6_2021_04_22_13_18_39_chunk2.json | outputs/2021MND/output_2021_04_22_MND_S8/Zoom_Meeting_Room_6_2021_04_22_13_18_39_chunk3.json | outputs/2021MND/output_2021_04_22_MND_S8/Zoom_Meeting_Room_6_2021_04_22_13_18_39_chunk4.json | outputs/2021MND/output_2021_04_22_MND_S8/Zoom_Meeting_Room_6_2021_04_22_13_18_39_chunk5.json | outputs/2021MND/output_2021_04_22_MND_S8/Zoom_Meeting_Room_6_2021_04_22_13_18_39_chunk6.json | outputs/2021MND/output_2021_04_23_MND_S1/Bot_5_Zoom_Meeting_4_23_2021_11_16_28_AM.json | outputs/2021MND/output_2021_04_23_MND_S1/Bot_5_Zoom_Meeting_4_23_2021_11_24_29_AM_chunk1.json | outputs/2021MND/output_2021_04_23_MND_S1/Bot_5_Zoom_Meeting_4_23_2021_11_24_29_AM_chunk2.json | outputs/2021MND/output_2021_04_23_MND_S1/Bot_5_Zoom_Meeting_4_23_2021_11_24_29_AM_chunk3.json | outputs/2021MND/output_2021_04_23_MND_S1/Bot_5_Zoom_Meeting_4_23_2021_11_24_29_AM_chunk4.json | outputs/2021MND/output_2021_04_23_MND_S1/Bot_5_Zoom_Meeting_4_23_2021_11_24_29_AM_chunk5.json | outputs/2021MND/output_2021_04_23_MND_S1/Bot_5_Zoom_Meeting_4_23_2021_12_10_03_PM_chunk1.json | outputs/2021MND/output_2021_04_23_MND_S1/Bot_5_Zoom_Meeting_4_23_2021_12_10_03_PM_chunk2.json | outputs/2021MND/output_2021_04_23_MND_S16/Zoom_Meeting_Room_6_2021_04_23_13_13_06.json | outputs/2021MND/output_2021_04_23_MND_S16/Zoom_Meeting_Room_6_2021_04_23_13_20_22_chunk2.json | outputs/2021MND/output_2021_04_23_MND_S16/Zoom_Meeting_Room_6_2021_04_23_13_20_22_chunk3.json | outputs/2021MND/output_2021_04_23_MND_S16/Zoom_Meeting_Room_6_2021_04_23_13_20_22_chunk4.json | outputs/2021MND/output_2021_04_23_MND_S16/Zoom_Meeting_Room_6_2021_04_23_13_20_22_chunk5.json | outputs/2021MND/output_2021_04_23_MND_S16/Zoom_Meeting_Room_6_2021_04_23_13_20_22_chunk6.json,
elizabeth bese,,output,2021MND,Elizabeth Bese,outputs/2021MND/output_2021_04_23_MND_S10/bot1_2021_04_23_13_12_57_chunk1.json | outputs/2021MND/output_2021_04_23_MND_S10/bot1_2021_04_23_13_12_57_chunk2.json | outputs/2021MND/output_2021_04_23_MND_S10/bot1_2021_04_23_13_12_57_chunk3.json | outputs/2021MND/output_2021_04_23_MND_S10/bot1_2021_04_23_13_12_57_chunk4.json | outputs/2021MND/output_2021_04_23_MND_S10/bot1_2021_04_23_13_12_57_chunk5.json | outputs/2021MND/output_2021_04_23_MND_S10/bot1_2021_04_23_13_12_57_chunk6.json | outputs/2021MND/output_2021_04_23_MND_S10/bot1_2021_04_23_13_12_57_chunk7.json,
elizabeth bross,,output,2021MND,Elizabeth Bross,outputs/2021MND/output_2021_04_23_MND_S2/bot1_2021_04_23_11_15_35_chunk1.json | outputs/2021MND/output_2021_04_23_MND_S2/bot1_2021_04_23_11_15_35_chunk2.json | outputs/2021MND/output_2021_04_23_MND_S2/bot1_2021_04_23_11_15_35_chunk3.json | outputs/2021MND/output_2021_04_23_MND_S2/bot1_2021_04_23_11_15_35_chunk4.json | outputs/2021MND/output_2021_04_23_MND_S2/bot1_2021_04_23_11_15_35_chunk5.json | outputs/2021MND/output_2021_04_23_MND_S2/bot1_2021_04_23_11_15_35_chunk6.json | outputs/2021MND/output_2021_04_23_MND_S2/bot1_2021_04_23_11_15_35_chunk7.json,
flavio fritch,,output,2021MND,Flavio Fritch,outputs/2021MND/output_2021_04_22_MND_S1/Bot1_2021_04_22_13_00_44_chunk1.json | outputs/2021MND/output_2021_04_22_MND_S1/Bot1_2021_04_22_13_00_44_chunk2.json | outputs/2021MND/output_2021_04_22_MND_S1/Bot1_2021_04_22_13_00_44_chunk3.json | outputs/2021MND/output_2021_04_22_MND_S1/Bot1_2021_04_22_13_00_44_chunk4.json | outputs/2021MND/output_2021_04_22_MND_S1/Bot1_2021_04_22_13_00_44_chunk5.json | outputs/2021MND/output_2021_04_22_MND_S1/Bot1_2021_04_22_13_00_44_chunk6.json | outputs/2021MND/output_2021_04_22_MND_S1/Bot1_2021_04_22_13_00_44_chunk7.json | outputs/2021MND/output_2021_04_22_MND_S1/Bot1_2021_04_22_13_00_44_chunk8.json,
jay sung,,output,2021MND,Jay Sung,outputs/2021MND/output_2021_04_23_MND_S13/botB1_2021_04_23_13_14_18_chunk1.json | outputs/2021MND/output_2021_04_23_MND_S13/botB1_2021_04_23_13_14_18_chunk2.json | outputs/2021MND/output_2021_04_23_MND_S13/botB1_2021_04_23_13_14_18_chunk4.json | outputs/2021MND/output_2021_04_23_MND_S13/botB1_2021_04_23_13_14_18_chunk5.json | outputs/2021MND/output_2021_04_23_MND_S13/botB1_2021_04_23_13_14_18_chunk6.json | outputs/2021MND/output_2021_04_23_MND_S13/botB1_2021_04_23_13_14_18_chunk7.json,
john paul yu,,truth,2021MND,John-Paul Yu,analysis_v1/data/2021MND/2021MND_outcome.json,
jp yu,,output,2021MND,JP Yu,outputs/2021MND/output_2021_04_23_MND_S12/bot3_Room_3_Zoom_Meeting_2021_04_23_13_13_23_chunk1.json | outputs/2021MND/output_2021_04_23_MND_S12/bot3_Room_3_Zoom_Meeting_2021_04_23_13_13_23_chunk2.json | outputs/2021MND/output_2021_04_23_MND_S12/bot3_Room_3_Zoom_Meeting_2021_04_23_13_13_23_chunk3.json | outputs/2021MND/output_2021_04_23_MND_S12/bot3_Room_3_Zoom_Meeting_2021_04_23_13_13_23_chunk4.json | outputs/2021MND/output_2021_04_23_MND_S12/bot3_Room_3_Zoom_Meeting_2021_04_23_13_13_23_chunk5.json | outputs/2021MND/output_2021_04_23_MND_S12/bot3_Room_3_Zoom_Meeting_2021_04_23_13_13_23_chunk6.json | outputs/2021MND/output_2021_04_23_MND_S12/bot3_Room_3_Zoom_Meeting_2021_04_23_13_13_23_chunk7.json | outputs/2021MND/output_2021_04_23_MND_S3/bot2_Zoom_Meeting_Room_2_2021_04_23_11_16_54.json | outputs/2021MND/output_2021_04_23_MND_S3/bot2_Zoom_Meeting_Room_2_2021_04_23_11_18_13_chunk1.json | outputs/2021MND/output_2021_04_23_MND_S3/bot2_Zoom_Meeting_Room_2_2021_04_23_11_18_13_chunk2.json | outputs/2021MND/output_2021_04_23_MND_S3/bot2_Zoom_Meeting_Room_2_2021_04_23_11_18_13_chunk3.json | outputs/2021MND/output_2021_04_23_MND_S3/bot2_Zoom_Meeting_Room_2_2021_04_23_11_18_13_chunk4.json | outputs/2021MND/output_2021_04_23_MND_S3/bot2_Zoom_Meeting_Room_2_2021_04_23_11_18_13_chunk5.json | outputs/2021MND/output_2021_04_23_MND_S3/bot2_Zoom_Meeting_Room_2_2021_04_23_11_18_13_chunk6.json,
kaixiong ye,,truth,2021MND,Kaixiong Ye,analysis_v1/data/2021MND/2021MND_outcome.json,
michael d burton,,output,2021MND,Michael D. Burton,outputs/2021MND/output_2021_04_23_MND_S9/Bot_5_Zoom_Meeting_4_23_2021_1_13_23_PM.json | outputs/2021MND/output_2021_04_23_MND_S9/Bot_5_Zoom_Meeting_4_23_2021_1_22_30_PM_chunk1.json | outputs/2021MND/output_2021_04_23_MND_S9/Bot_5_Zoom_Meeting_4_23_2021_1_22_30_PM_chunk2.json | outputs/2021MND/output_2021_04_23_MND_S9/Bot_5_Zoom_Meeting_4_23_2021_1_22_30_PM_chunk3.json | outputs/2021MND/output_2021_04_23_MND_S9/Bot_5_Zoom_Meeting_4_23_2021_1_22_30_PM_chunk4.json | outputs/2021MND/output_2021_04_23_MND_S9/Bot_5_Zoom_Meeting_4_23_2021_1_22_30_PM_chunk5.json | outputs/2021MND/output_2021_04_23_MND_S9/Bot_5_Zoom_Meeting_4_23_2021_1_22_30_PM_chunk6.json,
pam chang,,output,2021MND,Pam Chang,outputs/2021MND/output_2021_04_23_MND_S6/botB2_2021_04_23_11_17_00_chunk1.json | outputs/2021MND/output_2021_04_23_MND_S6/botB2_2021_04_23_11_17_00_chunk2.json | outputs/2021MND/output_2021_04_23_MND_S6/botB2_2021_04_23_11_17_00_chunk3.json | outputs/2021MND/output_2021_04_23_MND_S6/botB2_2021_04_23_11_17_00_chunk4.json | outputs/2021MND/output_2021_04_23_MND_S6/botB2_2021_04_23_11_17_00_chunk5.json | outputs/2021MND/output_2021_04_23_MND_S6/botB2_2021_04_23_11_17_00_chunk6.json | outputs/2021MND/output_2021_04_23_MND_S6/botB2_2021_04_23_11_17_00_chunk7.json,
stephanie collonga,,output,2021MND,Stephanie Collonga,outputs/2021MND/output_2021_04_23_MND_S5/botB1_2021_04_23_11_17_35_chunk1.json | outputs/2021MND/output_2021_04_23_MND_S5/botB1_2021_04_23_11_17_35_chunk2.json | outputs/2021MND/output_2021_04_23_MND_S5/botB1_2021_04_23_11_17_35_chunk3.json | outputs/2021MND/output_2021_04_23_MND_S5/botB1_2021_04_23_11_17_35_chunk4.json | outputs/2021MND/output_2021_04_23_MND_S5/botB1_2021_04_23_11_17_35_chunk5.json | outputs/2021MND/output_2021_04_23_MND_S5/botB1_2021_04_23_11_17_35_chunk6.json | outputs/2021MND/output_2021_04_23_MND_S5/botB1_2021_04_23_11_17_35_chunk7.json,
zonggi xia,,output,2021MND,Zonggi Xia,outputs/2021MND/output_2021_04_23_MND_S16/Zoom_Meeting_Room_6_2021_04_23_13_13_06.json | outputs/2021MND/output_2021_04_23_MND_S16/Zoom_Meeting_Room_6_2021_04_23_13_20_22_chunk1.json | outputs/2021MND/output_2021_04_23_MND_S16/Zoom_Meeting_Room_6_2021_04_23_13_20_22_chunk2.json | outputs/2021MND/output_2021_04_23_MND_S16/Zoom_Meeting_Room_6_2021_04_23_13_20_22_chunk3.json | outputs/2021MND/output_2021_04_23_MND_S16/Zoom_Meeting_Room_6_2021_04_23_13_20_22_chunk4.json | outputs/2021MND/output_2021_04_23_MND_S16/Zoom_Meeting_Room_6_2021_04_23_13_20_22_chunk5.json | outputs/2021MND/output_2021_04_23_MND_S16/Zoom_Meeting_Room_6_2021_04_23_13_20_22_chunk6.json,
elizabeth weiss,,output,2021MND | 2022MND,Elizabeth Weiss,outputs/2021MND/output_2021_04_22_MND_S8/Zoom_Meeting_Room_6_2021_04_22_13_00_55_chunk1.json | outputs/2021MND/output_2021_04_22_MND_S8/Zoom_Meeting_Room_6_2021_04_22_13_16_39.json | outputs/2021MND/output_2021_04_22_MND_S8/Zoom_Meeting_Room_6_2021_04_22_13_18_39_chunk2.json | outputs/2021MND/output_2021_04_22_MND_S8/Zoom_Meeting_Room_6_2021_04_22_13_18_39_chunk3.json | outputs/2021MND/output_2021_04_22_MND_S8/Zoom_Meeting_Room_6_2021_04_22_13_18_39_chunk4.json | outputs/2021MND/output_2021_04_22_MND_S8/Zoom_Meeting_Room_6_2021_04_22_13_18_39_chunk5.json | outputs/2021MND/output_2021_04_22_MND_S8/Zoom_Meeting_Room_6_2021_04_22_13_18_39_chunk6.json | outputs/2021MND/output_2021_04_23_MND_S1/Bot_5_Zoom_Meeting_4_23_2021_11_16_28_AM.json | outputs/2022MND/output_2022_04_07_MND_S6/BotB5_2022_04_07_12_37_34_chunk1.json | outputs/2022MND/output_2022_04_07_MND_S6/BotB5_2022_04_07_12_37_34_chunk2.json | outputs/2022MND/output_2022_04_07_MND_S6/BotB5_2022_04_07_12_37_34_chunk3.json | outputs/2022MND/output_2022_04_07_MND_S6/BotB5_2022_04_07_12_37_34_chunk4.json | outputs/2022MND/output_2022_04_07_MND_S6/BotB5_2022_04_07_12_37_34_chunk5.json | outputs/2022MND/output_2022_04_07_MND_S6/BotB5_2022_04_07_12_37_34_chunk7.json | outputs/2022MND/output_2022_04_07_MND_S6/BotB5_2022_04_07_12_37_34_chunk8.json | outputs/2022MND/output_2022_04_08_MND_S5/BotB5_2022_04_08_10_54_31_problem_7min30sec_10min_chunk1.json | outputs/2022MND/output_2022_04_08_MND_S5/BotB5_2022_04_08_10_54_31_problem_7min30sec_10min_chunk2.json | outputs/2022MND/output_2022_04_08_MND_S5/BotB5_2022_04_08_10_54_31_problem_7min30sec_10min_chunk3.json | outputs/2022MND/output_2022_04_08_MND_S5/BotB5_2022_04_08_10_54_31_problem_7min30sec_10min_chunk4.json | outputs/2022MND/output_2022_04_08_MND_S5/BotB5_2022_04_08_10_54_31_problem_7min30sec_10min_chunk5.json | outputs/2022MND/output_2022_04_08_MND_S5/BotB5_2022_04_08_10_54_31_problem_7min30sec_10min_chunk6.json | outputs/2022MND/output_2022_04_08_MND_S5/BotB5_2022_04_08_10_54_31_problem_7min30sec_10min_chunk7.json,
adela oliva chavez,,output,2021MZT,Adela Oliva Chavez,outputs/2021MZT/output_2021_09_30_MZT_S7/MZT_1_1_chunk2.json | outputs/2021MZT/output_2021_09_30_MZT_S7/MZT_1_1_chunk3.json | outputs/2021MZT/output_2021_09_30_MZT_S7/MZT_1_1_chunk4.json | outputs/2021MZT/output_2021_09_30_MZT_S7/MZT_1_1_chunk5.json | outputs/2021MZT/output_2021_09_30_MZT_S7/MZT_1_1_chunk6.json | outputs/2021MZT/output_2021_09_30_MZT_S7/MZT_1_1_chunk7.json | outputs/2021MZT/output_2021_09_30_MZT_S7/MZT_1_1_chunk8.json | outputs/2021MZT/output_2021_09_30_MZT_S7/MZT_1_2_chunk2.json | outputs/2021MZT/output_2021_09_30_MZT_S7/MZT_1_2_chunk3.json | outputs/2021MZT/output_2021_09_30_MZT_S7/MZT_1_2_chunk4.json | outputs/2021MZT/output_2021_09_30_MZT_S7/MZT_1_2_chunk5.json | outputs/2021MZT/output_2021_09_30_MZT_S7/MZT_1_2_chunk6.json | outputs/2021MZT/output_2021_09_30_MZT_S7/MZT_1_2_chunk7.json | outputs/2021MZT/output_2021_09_30_MZT_S7/MZT_1_2_chunk8.json | outputs/2021MZT/output_2021_10_01_MZT_S3/B3_2021_10_01_11_04_47_chunk10.json | outputs/2021MZT/output_2021_10_01_MZT_S3/B3_2021_10_01_11_04_47_chunk8.json | outputs/2021MZT/output_2021_10_01_MZT_S3/B3_2021_10_01_11_04_47_chunk9.json | outputs/2021MZT/output_2021_10_01_MZT_S4/B4_2021_10_01_11_04_24_chunk10.json | outputs/2021MZT/output_2021_10_01_MZT_S4/B4_2021_10_01_11_04_24_chunk8.json | outputs/2021MZT/output_2021_10_01_MZT_S4/B4_2021_10_01_11_04_24_chunk9.json | outputs/2021MZT/output_2021_10_01_MZT_S5/B5_2021_10_01_11_04_33_chunk10.json | outputs/2021MZT/output_2021_10_01_MZT_S5/B5_2021_10_01_11_04_33_chunk8.json | outputs/2021MZT/output_2021_10_01_MZT_S5/B5_2021_10_01_11_04_33_chunk9.json | outputs/2021MZT/output_2021_10_01_MZT_S8/B2_Zoom_Meeting_Room_2_2021_10_01_13_12_15_chunk1.json | outputs/2021MZT/output_2021_10_01_MZT_S8/B2_Zoom_Meeting_Room_2_2021_10_01_13_12_15_chunk2.json | outputs/2021MZT/output_2021_10_01_MZT_S8/B2_Zoom_Meeting_Room_2_2021_10_01_13_12_15_chunk3.json | outputs/2021MZT/output_2021_10_01_MZT_S8/B2_Zoom_Meeting_Room_2_2021_10_01_13_12_15_chunk4.json | outputs/2021MZT/output_2021_10_01_MZT_S8/B2_Zoom_Meeting_Room_2_2021_10_01_13_12_15_chunk5.json | outputs/2021MZT/output_2021_10_01_MZT_S8/B2_Zoom_Meeting_Room_2_2021_10_01_13_12_15_chunk6.json | outputs/2021MZT/output_2021_10_01_MZT_S8/B2_Zoom_Meeting_Room_2_2021_10_01_13_12_15_chunk7.json,
adela s oliva chavez,,truth,2021MZT,Adela S Oliva Chavez,analysis_v1/data/2021MZT/2021MZT_outcome.json,
arshad mehta,,output,2021MZT,Arshad Mehta,outputs/2021MZT/output_2021_09_30_MZT_S3/B3_2021_09_30_12_56_36_chunk2.json,
avery e strait,,truth,2021MZT,Avery E. Strait,analysis_v1/data/2021MZT/2021MZT_outcome.json,
avery strait,,output,2021MZT,Avery Strait,outputs/2021MZT/output_2021_09_30_MZT_S2/B2_Zoom_Meeting_Room_2_2021_09_30_12_55_56_chunk1.json | outputs/2021MZT/output_2021_09_30_MZT_S2/B2_Zoom_Meeting_Room_2_2021_09_30_12_55_56_chunk2.json | outputs/2021MZT/output_2021_09_30_MZT_S2/B2_Zoom_Meeting_Room_2_2021_09_30_12_55_56_chunk3.json | outputs/2021MZT/output_2021_09_30_MZT_S2/B2_Zoom_Meeting_Room_2_2021_09_30_12_55_56_chunk4.json | outputs/2021MZT/output_2021_09_30_MZT_S2/B2_Zoom_Meeting_Room_2_2021_09_30_12_55_56_chunk5.json | outputs/2021MZT/output_2021_09_30_MZT_S2/B2_Zoom_Meeting_Room_2_2021_09_30_12_55_56_chunk6.json | outputs/2021MZT/output_2021_09_30_MZT_S7/MZT_1_1_chunk2.json | outputs/2021MZT/output_2021_09_30_MZT_S7/MZT_1_1_chunk3.json | outputs/2021MZT/output_2021_09_30_MZT_S7/MZT_1_1_chunk4.json | outputs/2021MZT/output_2021_09_30_MZT_S7/MZT_1_1_chunk5.json | outputs/2021MZT/output_2021_09_30_MZT_S7/MZT_1_1_chunk6.json | outputs/2021MZT/output_2021_09_30_MZT_S7/MZT_1_1_chunk7.json | outputs/2021MZT/output_2021_09_30_MZT_S7/MZT_1_1_chunk8.json | outputs/2021MZT/output_2021_09_30_MZT_S7/MZT_1_2_chunk1.json | outputs/2021MZT/output_2021_09_30_MZT_S7/MZT_1_2_chunk2.json | outputs/2021MZT/output_2021_09_30_MZT_S7/MZT_1_2_chunk3.json | outputs/2021MZT/output_2021_09_30_MZT_S7/MZT_1_2_chunk4.json | outputs/2021MZT/output_2021_09_30_MZT_S7/MZT_1_2_chunk5.json | outputs/2021MZT/output_2021_09_30_MZT_S7/MZT_1_2_chunk6.json | outputs/2021MZT/output_2021_09_30_MZT_S7/MZT_1_2_chunk7.json | outputs/2021MZT/output_2021_09_30_MZT_S7/MZT_1_2_chunk8.json,
becky smith,,output,2021MZT,Becky Smith,outputs/2021MZT/output_2021_10_01_MZT_S10/B4_2021_10_01_13_11_56_chunk1.json | outputs/2021MZT/output_2021_10_01_MZT_S10/B4_2021_10_01_13_11_56_chunk2.json | outputs/2021MZT/output_2021_10_01_MZT_S10/B4_2021_10_01_13_11_56_chunk3.json | outputs/2021MZT/output_2021_10_01_MZT_S10/B4_2021_10_01_13_11_56_chunk4.json | outputs/2021MZT/output_2021_10_01_MZT_S10/B4_2021_10_01_13_11_56_chunk5.json | outputs/2021MZT/output_2021_10_01_MZT_S10/B4_2021_10_01_13_11_56_chunk6.json | outputs/2021MZT/output_2021_10_01_MZT_S10/B4_2021_10_01_13_11_56_chunk7.json | outputs/2021MZT/output_2021_10_01_MZT_S3/B3_2021_10_01_11_04_47_chunk1.json | outputs/2021MZT/output_2021_10_01_MZT_S3/B3_2021_10_01_11_04_47_chunk10.json | outputs/2021MZT/output_2021_10_01_MZT_S3/B3_2021_10_01_11_04_47_chunk2.json | outputs/2021MZT/output_2021_10_01_MZT_S3/B3_2021_10_01_11_04_47_chunk3.json | outputs/2021MZT/output_2021_10_01_MZT_S3/B3_2021_10_01_11_04_47_chunk4.json | outputs/2021MZT/output_2021_10_01_MZT_S3/B3_2021_10_01_11_04_47_chunk5.json | outputs/2021MZT/output_2021_10_01_MZT_S3/B3_2021_10_01_11_04_47_chunk6.json | outputs/2021MZT/output_2021_10_01_MZT_S3/B3_2021_10_01_11_04_47_chunk7.json | outputs/2021MZT/output_2021_10_01_MZT_S3/B3_2021_10_01_11_04_47_chunk8.json | outputs/2021MZT/output_2021_10_01_MZT_S3/B3_2021_10_01_11_04_47_chunk9.json | outputs/2021MZT/output_2021_10_01_MZT_S9/B3_2021_10_01_13_12_21_chunk7.json,
brenda marilyn rubenstein,,truth,2021MZT,Brenda Marilyn Rubenstein,analysis_v1/data/2021MZT/2021MZT_outcome.json,
brenda rubenstein,,output,2021MZT,Brenda Rubenstein,outputs/2021MZT/output_2021_09_30_MZT_S3/B3_2021_09_30_12_56_36_chunk1.json | outputs/2021MZT/output_2021_09_30_MZT_S3/B3_2021_09_30_12_56_36_chunk2.json | outputs/2021MZT/output_2021_09_30_MZT_S3/B3_2021_09_30_12_56_36_chunk3.json | outputs/2021MZT/output_2021_09_30_MZT_S3/B3_2021_09_30_12_56_36_chunk4.json | outputs/2021MZT/output_2021_09_30_MZT_S3/B3_2021_09_30_12_56_36_chunk5.json | outputs/2021MZT/output_2021_09_30_MZT_S3/B3_2021_09_30_12_56_36_chunk6.json | outputs/2021MZT/output_2021_10_01_MZT_S11/B5_2021_10_01_13_12_03_chunk1.json | outputs/2021MZT/output_2021_10_01_MZT_S11/B5_2021_10_01_13_12_03_chunk2.json | outputs/2021MZT/output_2021_10_01_MZT_S11/B5_2021_10_01_13_12_03_chunk3.json | outputs/2021MZT/output_2021_10_01_MZT_S11/B5_2021_10_01_13_12_03_chunk4.json | outputs/2021MZT/output_2021_10_01_MZT_S11/B5_2021_10_01_13_12_03_chunk5.json | outputs/2021MZT/output_2021_10_01_MZT_S11/B5_2021_10_01_13_12_03_chunk6.json | outputs/2021MZT/output_2021_10_01_MZT_S11/B5_2021_10_01_13_12_03_chunk7.json | outputs/2021MZT/output_2021_10_01_MZT_S13/MZT_3_5_chunk1.json | outputs/2021MZT/output_2021_10_01_MZT_S13/MZT_3_5_chunk2.json | outputs/2021MZT/output_2021_10_01_MZT_S13/MZT_3_5_chunk3.json | outputs/2021MZT/output_2021_10_01_MZT_S13/MZT_3_5_chunk4.json | outputs/2021MZT/output_2021_10_01_MZT_S13/MZT_3_5_chunk5.json | outputs/2021MZT/output_2021_10_01_MZT_S13/MZT_3_5_chunk6.json | outputs/2021MZT/output_2021_10_01_MZT_S13/MZT_3_5_chunk7.json | outputs/2021MZT/output_2021_10_01_MZT_S13/MZT_3_6_chunk1.json | outputs/2021MZT/output_2021_10_01_MZT_S13/MZT_3_6_chunk2.json | outputs/2021MZT/output_2021_10_01_MZT_S13/MZT_3_6_chunk3.json | outputs/2021MZT/output_2021_10_01_MZT_S13/MZT_3_6_chunk4.json | outputs/2021MZT/output_2021_10_01_MZT_S13/MZT_3_6_chunk5.json | outputs/2021MZT/output_2021_10_01_MZT_S13/MZT_3_6_chunk6.json | outputs/2021MZT/output_2021_10_01_MZT_S13/MZT_3_6_chunk7.json | outputs/2021MZT/output_2021_10_01_MZT_S3/B3_2021_10_01_11_04_47_chunk1.json | outputs/2021MZT/output_2021_10_01_MZT_S3/B3_2021_10_01_11_04_47_chunk10.json | outputs/2021MZT/output_2021_10_01_MZT_S3/B3_2021_10_01_11_04_47_chunk2.json | outputs/2021MZT/output_2021_10_01_MZT_S3/B3_2021_10_01_11_04_47_chunk3.json | outputs/2021MZT/output_2021_10_01_MZT_S3/B3_2021_10_01_11_04_47_chunk4.json | outputs/2021MZT/output_2021_10_01_MZT_S3/B3_2021_10_01_11_04_47_chunk5.json | outputs/2021MZT/output_2021_10_01_MZT_S3/B3_2021_10_01_11_04_47_chunk6.json | outputs/2021MZT/output_2021_10_01_MZT_S3/B3_2021_10_01_11_04_47_chunk7.json | outputs/2021MZT/output_2021_10_01_MZT_S3/B3_2021_10_01_11_04_47_chunk8.json | outputs/2021MZT/output_2021_10_01_MZT_S3/B3_2021_10_01_11_04_47_chunk9.json,
claudia herrera,,output,2021MZT,Claudia Herrera,outputs/2021MZT/output_2021_09_30_MZT_S4/B4_2021_09_30_13_05_04_chunk1.json | outputs/2021MZT/output_2021_09_30_MZT_S4/B4_2021_09_30_13_05_04_chunk2.json | outputs/2021MZT/output_2021_09_30_MZT_S4/B4_2021_09_30_13_05_04_chunk3.json | outputs/2021MZT/output_2021_09_30_MZT_S4/B4_2021_09_30_13_05_04_chunk4.json | outputs/2021MZT/output_2021_09_30_MZT_S4/B4_2021_09_30_13_05_04_chunk5.json | outputs/2021MZT/output_2021_09_30_MZT_S4/B4_2021_09_30_13_05_04_chunk6.json | outputs/2021MZT/output_2021_10_01_MZT_S1/B1.1_Zoom_Meeting_Room_1_2021_10_01_11_04_18.json | outputs/2021MZT/output_2021_10_01_MZT_S1/B1.2_Zoom_Meeting_Room_1_2021_10_01_11_07_45.json | outputs/2021MZT/output_2021_10_01_MZT_S1/B1.3_Zoom_Meeting_Room_1_2021_10_01_11_09_03_chunk1.json | outputs/2021MZT/output_2021_10_01_MZT_S1/B1.3_Zoom_Meeting_Room_1_2021_10_01_11_09_03_chunk2.json | outputs/2021MZT/output_2021_10_01_MZT_S1/B1.3_Zoom_Meeting_Room_1_2021_10_01_11_09_03_chunk3.json | outputs/2021MZT/output_2021_10_01_MZT_S1/B1.3_Zoom_Meeting_Room_1_2021_10_01_11_09_03_chunk4.json | outputs/2021MZT/output_2021_10_01_MZT_S1/B1.3_Zoom_Meeting_Room_1_2021_10_01_11_09_03_chunk5.json | outputs/2021MZT/output_2021_10_01_MZT_S1/B1.3_Zoom_Meeting_Room_1_2021_10_01_11_09_03_chunk6.json | outputs/2021MZT/output_2021_10_01_MZT_S1/B1.3_Zoom_Meeting_Room_1_2021_10_01_11_09_03_chunk7.json,
claudia p herrera,,truth,2021MZT,Claudia P Herrera,analysis_v1/data/2021MZT/2021MZT_outcome.json,
dana mitzel,,output,2021MZT,Dana Mitzel,outputs/2021MZT/output_2021_10_01_MZT_S11/B5_2021_10_01_13_12_03_chunk1.json | outputs/2021MZT/output_2021_10_01_MZT_S11/B5_2021_10_01_13_12_03_chunk2.json | outputs/2021MZT/output_2021_10_01_MZT_S11/B5_2021_10_01_13_12_03_chunk3.json | outputs/2021MZT/output_2021_10_01_MZT_S11/B5_2021_10_01_13_12_03_chunk4.json | outputs/2021MZT/output_2021_10_01_MZT_S11/B5_2021_10_01_13_12_03_chunk5.json | outputs/2021MZT/output_2021_10_01_MZT_S11/B5_2021_10_01_13_12_03_chunk6.json | outputs/2021MZT/output_2021_10_01_MZT_S11/B5_2021_10_01_13_12_03_chunk7.json | outputs/2021MZT/output_2021_10_01_MZT_S13/MZT_3_5_chunk1.json | outputs/2021MZT/output_2021_10_01_MZT_S13/MZT_3_5_chunk2.json | outputs/2021MZT/output_2021_10_01_MZT_S13/MZT_3_5_chunk3.json | outputs/2021MZT/output_2021_10_01_MZT_S13/MZT_3_5_chunk4.json | outputs/2021MZT/output_2021_10_01_MZT_S13/MZT_3_5_chunk5.json | outputs/2021MZT/output_2021_10_01_MZT_S13/MZT_3_5_chunk6.json | outputs/2021MZT/output_2021_10_01_MZT_S13/MZT_3_5_chunk7.json | outputs/2021MZT/output_2021_10_01_MZT_S13/MZT_3_6_chunk1.json | outputs/2021MZT/output_2021_10_01_MZT_S13/MZT_3_6_chunk2.json | outputs/2021MZT/output_2021_10_01_MZT_S13/MZT_3_6_chunk3.json | outputs/2021MZT/output_2021_10_01_MZT_S13/MZT_3_6_chunk4.json | outputs/2021MZT/output_2021_10_01_MZT_S13/MZT_3_6_chunk5.json | outputs/2021MZT/output_2021_10_01_MZT_S13/MZT_3_6_chunk6.json | outputs/2021MZT/output_2021_10_01_MZT_S13/MZT_3_6_chunk7.json | outputs/2021MZT/output_2021_10_01_MZT_S4/B4_2021_10_01_11_04_24_chunk10.json | outputs/2021MZT/output_2021_10_01_MZT_S4/B4_2021_10_01_11_04_24_chunk5.json | outputs/2021MZT/output_2021_10_01_MZT_S4/B4_2021_10_01_11_04_24_chunk6.json | outputs/2021MZT/output_2021_10_01_MZT_S4/B4_2021_10_01_11_04_24_chunk7.json | outputs/2021MZT/output_2021_10_01_MZT_S4/B4_2021_10_01_11_04_24_chunk8.json | outputs/2021MZT/output_2021_10_01_MZT_S4/B4_2021_10_01_11_04_24_chunk9.json,
dana n mitzel,,truth,2021MZT,Dana N Mitzel,analysis_v1/data/2021MZT/2021MZT_outcome.json,
danai schulz,,output,2021MZT,Danai Schulz,outputs/2021MZT/output_2021_10_01_MZT_S1/B1.3_Zoom_Meeting_Room_1_2021_10_01_11_09_03_chunk1.json | outputs/2021MZT/output_2021_10_01_MZT_S1/B1.3_Zoom_Meeting_Room_1_2021_10_01_11_09_03_chunk2.json | outputs/2021MZT/output_2021_10_01_MZT_S1/B1.3_Zoom_Meeting_Room_1_2021_10_01_11_09_03_chunk3.json | outputs/2021MZT/output_2021_10_01_MZT_S1/B1.3_Zoom_Meeting_Room_1_2021_10_01_11_09_03_chunk4.json,
giselle medina,,output,2021MZT,Giselle Medina,outputs/2021MZT/output_2021_09_30_MZT_S3/B3_2021_09_30_12_56_36_chunk1.json | outputs/2021MZT/output_2021_09_30_MZT_S3/B3_2021_09_30_12_56_36_chunk2.json | outputs/2021MZT/output_2021_09_30_MZT_S3/B3_2021_09_30_12_56_36_chunk3.json | outputs/2021MZT/output_2021_09_30_MZT_S3/B3_2021_09_30_12_56_36_chunk4.json | outputs/2021MZT/output_2021_09_30_MZT_S3/B3_2021_09_30_12_56_36_chunk5.json | outputs/2021MZT/output_2021_09_30_MZT_S3/B3_2021_09_30_12_56_36_chunk6.json | outputs/2021MZT/output_2021_10_01_MZT_S3/B3_2021_10_01_11_04_47_chunk10.json | outputs/2021MZT/output_2021_10_01_MZT_S3/B3_2021_10_01_11_04_47_chunk8.json | outputs/2021MZT/output_2021_10_01_MZT_S3/B3_2021_10_01_11_04_47_chunk9.json | outputs/2021MZT/output_2021_10_01_MZT_S5/B5_2021_10_01_11_04_33_chunk10.json | outputs/2021MZT/output_2021_10_01_MZT_S5/B5_2021_10_01_11_04_33_chunk8.json | outputs/2021MZT/output_2021_10_01_MZT_S5/B5_2021_10_01_11_04_33_chunk9.json,
jenny g maloney,,truth,2021MZT,Jenny G Maloney,analysis_v1/data/2021MZT/2021MZT_outcome.json,
jenny maloney,,output,2021MZT,Jenny Maloney,outputs/2021MZT/output_2021_09_30_MZT_S4/B4_2021_09_30_13_05_04_chunk1.json | outputs/2021MZT/output_2021_09_30_MZT_S4/B4_2021_09_30_13_05_04_chunk2.json | outputs/2021MZT/output_2021_09_30_MZT_S4/B4_2021_09_30_13_05_04_chunk3.json | outputs/2021MZT/output_2021_09_30_MZT_S4/B4_2021_09_30_13_05_04_chunk4.json | outputs/2021MZT/output_2021_09_30_MZT_S4/B4_2021_09_30_13_05_04_chunk5.json | outputs/2021MZT/output_2021_09_30_MZT_S4/B4_2021_09_30_13_05_04_chunk6.json | outputs/2021MZT/output_2021_10_01_MZT_S1/B1.1_Zoom_Meeting_Room_1_2021_10_01_11_04_18.json | outputs/2021MZT/output_2021_10_01_MZT_S1/B1.2_Zoom_Meeting_Room_1_2021_10_01_11_07_45.json | outputs/2021MZT/output_2021_10_01_MZT_S1/B1.3_Zoom_Meeting_Room_1_2021_10_01_11_09_03_chunk2.json | outputs/2021MZT/output_2021_10_01_MZT_S1/B1.3_Zoom_Meeting_Room_1_2021_10_01_11_09_03_chunk3.json | outputs/2021MZT/output_2021_10_01_MZT_S1/B1.3_Zoom_Meeting_Room_1_2021_10_01_11_09_03_chunk4.json | outputs/2021MZT/output_2021_10_01_MZT_S1/B1.3_Zoom_Meeting_Room_1_2021_10_01_11_09_03_chunk5.json | outputs/2021MZT/output_2021_10_01_MZT_S1/B1.3_Zoom_Meeting_Room_1_2021_10_01_11_09_03_chunk6.json | outputs/2021MZT/output_2021_10_01_MZT_S1/B1.3_Zoom_Meeting_Room_1_2021_10_01_11_09_03_chunk7.json | outputs/2021MZT/output_2021_10_01_MZT_S10/B4_2021_10_01_13_11_56_chunk1.json | outputs/2021MZT/output_2021_10_01_MZT_S10/B4_2021_10_01_13_11_56_chunk2.json | outputs/2021MZT/output_2021_10_01_MZT_S10/B4_2021_10_01_13_11_56_chunk3.json | outputs/2021MZT/output_2021_10_01_MZT_S10/B4_2021_10_01_13_11_56_chunk4.json | outputs/2021MZT/output_2021_10_01_MZT_S10/B4_2021_10_01_13_11_56_chunk5.json | outputs/2021MZT/output_2021_10_01_MZT_S10/B4_2021_10_01_13_11_56_chunk6.json | outputs/2021MZT/output_2021_10_01_MZT_S10/B4_2021_10_01_13_11_56_chunk7.json,
justin bah,,output,2021MZT,Justin Bah,outputs/2021MZT/output_2021_09_30_MZT_S7/MZT_1_1_chunk8.json | outputs/2021MZT/output_2021_09_30_MZT_S7/MZT_1_2_chunk7.json | outputs/2021MZT/output_2021_09_30_MZT_S7/MZT_1_2_chunk8.json,
kim m pepin,,truth,2021MZT,Kim M Pepin,analysis_v1/data/2021MZT/2021MZT_outcome.json,
kim pepin,,output,2021MZT,Kim Pepin,outputs/2021MZT/output_2021_09_30_MZT_S1/B1_(short)_Zoom_Meeting_Room_1_2021_09_30_12_55_28_chunk1.json | outputs/2021MZT/output_2021_09_30_MZT_S1/B1_(short)_Zoom_Meeting_Room_1_2021_09_30_12_55_28_chunk2.json | outputs/2021MZT/output_2021_09_30_MZT_S7/MZT_1_1_chunk1.json | outputs/2021MZT/output_2021_09_30_MZT_S7/MZT_1_1_chunk2.json | outputs/2021MZT/output_2021_09_30_MZT_S7/MZT_1_1_chunk3.json | outputs/2021MZT/output_2021_09_30_MZT_S7/MZT_1_1_chunk4.json | outputs/2021MZT/output_2021_09_30_MZT_S7/MZT_1_1_chunk5.json | outputs/2021MZT/output_2021_09_30_MZT_S7/MZT_1_1_chunk6.json | outputs/2021MZT/output_2021_09_30_MZT_S7/MZT_1_1_chunk7.json | outputs/2021MZT/output_2021_09_30_MZT_S7/MZT_1_1_chunk8.json | outputs/2021MZT/output_2021_09_30_MZT_S7/MZT_1_2_chunk1.json | outputs/2021MZT/output_2021_09_30_MZT_S7/MZT_1_2_chunk2.json | outputs/2021MZT/output_2021_09_30_MZT_S7/MZT_1_2_chunk3.json | outputs/2021MZT/output_2021_09_30_MZT_S7/MZT_1_2_chunk4.json | outputs/2021MZT/output_2021_09_30_MZT_S7/MZT_1_2_chunk5.json | outputs/2021MZT/output_2021_09_30_MZT_S7/MZT_1_2_chunk6.json | outputs/2021MZT/output_2021_09_30_MZT_S7/MZT_1_2_chunk7.json | outputs/2021MZT/output_2021_09_30_MZT_S7/MZT_1_2_chunk8.json | outputs/2021MZT/output_2021_10_01_MZT_S2/B2_Zoom_Meeting_Room_2_2021_10_01_11_04_45_chunk1.json | outputs/2021MZT/output_2021_10_01_MZT_S2/B2_Zoom_Meeting_Room_2_2021_10_01_11_04_45_chunk2.json | outputs/2021MZT/output_2021_10_01_MZT_S2/B2_Zoom_Meeting_Room_2_2021_10_01_11_04_45_chunk3.json | outputs/2021MZT/output_2021_10_01_MZT_S2/B2_Zoom_Meeting_Room_2_2021_10_01_11_04_45_chunk4.json | outputs/2021MZT/output_2021_10_01_MZT_S2/B2_Zoom_Meeting_Room_2_2021_10_01_11_04_45_chunk5.json | outputs/2021MZT/output_2021_10_01_MZT_S2/B2_Zoom_Meeting_Room_2_2021_10_01_11_04_45_chunk6.json | outputs/2021MZT/output_2021_10_01_MZT_S2/B2_Zoom_Meeting_Room_2_2021_10_01_11_04_45_chunk7.json | outputs/2021MZT/output_2021_10_01_MZT_S2/B2_Zoom_Meeting_Room_2_2021_10_01_11_04_45_chunk8.json | outputs/2021MZT/output_2021_10_01_MZT_S9/B3_2021_10_01_13_12_21_chunk1.json | outputs/2021MZT/output_2021_10_01_MZT_S9/B3_2021_10_01_13_12_21_chunk2.json | outputs/2021MZT/output_2021_10_01_MZT_S9/B3_2021_10_01_13_12_21_chunk3.json | outputs/2021MZT/output_2021_10_01_MZT_S9/B3_2021_10_01_13_12_21_chunk4.json | outputs/2021MZT/output_2021_10_01_MZT_S9/B3_2021_10_01_13_12_21_chunk5.json | outputs/2021MZT/output_2021_10_01_MZT_S9/B3_2021_10_01_13_12_21_chunk6.json | outputs/2021MZT/output_2021_10_01_MZT_S9/B3_2021_10_01_13_12_21_chunk7.json,
kristin koutmou,,output,2021MZT,Kristin Koutmou,outputs/2021MZT/output_2021_10_01_MZT_S1/B1.1_Zoom_Meeting_Room_1_2021_10_01_11_04_18.json | outputs/2021MZT/output_2021_10_01_MZT_S1/B1.2_Zoom_Meeting_Room_1_2021_10_01_11_07_45.json | outputs/2021MZT/output_2021_10_01_MZT_S1/B1.3_Zoom_Meeting_Room_1_2021_10_01_11_09_03_chunk1.json | outputs/2021MZT/output_2021_10_01_MZT_S1/B1.3_Zoom_Meeting_Room_1_2021_10_01_11_09_03_chunk2.json | outputs/2021MZT/output_2021_10_01_MZT_S1/B1.3_Zoom_Meeting_Room_1_2021_10_01_11_09_03_chunk3.json | outputs/2021MZT/output_2021_10_01_MZT_S1/B1.3_Zoom_Meeting_Room_1_2021_10_01_11_09_03_chunk4.json | outputs/2021MZT/output_2021_10_01_MZT_S1/B1.3_Zoom_Meeting_Room_1_2021_10_01_11_09_03_chunk5.json | outputs/2021MZT/output_2021_10_01_MZT_S1/B1.3_Zoom_Meeting_Room_1_2021_10_01_11_09_03_chunk6.json | outputs/2021MZT/output_2021_10_01_MZT_S1/B1.3_Zoom_Meeting_Room_1_2021_10_01_11_09_03_chunk7.json | outputs/2021MZT/output_2021_10_01_MZT_S11/B5_2021_10_01_13_12_03_chunk1.json | outputs/2021MZT/output_2021_10_01_MZT_S11/B5_2021_10_01_13_12_03_chunk2.json | outputs/2021MZT/output_2021_10_01_MZT_S11/B5_2021_10_01_13_12_03_chunk3.json | outputs/2021MZT/output_2021_10_01_MZT_S11/B5_2021_10_01_13_12_03_chunk4.json | outputs/2021MZT/output_2021_10_01_MZT_S11/B5_2021_10_01_13_12_03_chunk5.json | outputs/2021MZT/output_2021_10_01_MZT_S11/B5_2021_10_01_13_12_03_chunk6.json | outputs/2021MZT/output_2021_10_01_MZT_S11/B5_2021_10_01_13_12_03_chunk7.json | outputs/2021MZT/output_2021_10_01_MZT_S13/MZT_3_5_chunk1.json | outputs/2021MZT/output_2021_10_01_MZT_S13/MZT_3_5_chunk2.json | outputs/2021MZT/output_2021_10_01_MZT_S13/MZT_3_5_chunk3.json | outputs/2021MZT/output_2021_10_01_MZT_S13/MZT_3_5_chunk4.json | outputs/2021MZT/output_2021_10_01_MZT_S13/MZT_3_5_chunk5.json | outputs/2021MZT/output_2021_10_01_MZT_S13/MZT_3_5_chunk6.json | outputs/2021MZT/output_2021_10_01_MZT_S13/MZT_3_5_chunk7.json | outputs/2021MZT/output_2021_10_01_MZT_S13/MZT_3_6_chunk1.json | outputs/2021MZT/output_2021_10_01_MZT_S13/MZT_3_6_chunk2.json | outputs/2021MZT/output_2021_10_01_MZT_S13/MZT_3_6_chunk3.json | outputs/2021MZT/output_2021_10_01_MZT_S13/MZT_3_6_chunk4.json | outputs/2021MZT/output_2021_10_01_MZT_S13/MZT_3_6_chunk5.json | outputs/2021MZT/output_2021_10_01_MZT_S13/MZT_3_6_chunk6.json | outputs/2021MZT/output_2021_10_01_MZT_S13/MZT_3_6_chunk7.json,
kristin s koutmou,,truth,2021MZT,Kristin S. Koutmou,analysis_v1/data/2021MZT/2021MZT_outcome.json,
mark q wilber,,truth,2021MZT,Mark Q Wilber,analysis_v1/data/2021MZT/2021MZT_outcome.json,
mark wilber,,output,2021MZT,Mark Wilber,outputs/2021MZT/output_2021_09_30_MZT_S2/B2_Zoom_Meeting_Room_2_2021_09_30_12_55_56_chunk1.json | outputs/2021MZT/output_2021_09_30_MZT_S2/B2_Zoom_Meeting_Room_2_2021_09_30_12_55_56_chunk2.json | outputs/2021MZT/output_2021_09_30_MZT_S2/B2_Zoom_Meeting_Room_2_2021_09_30_12_55_56_chunk3.json | outputs/2021MZT/output_2021_09_30_MZT_S2/B2_Zoom_Meeting_Room_2_2021_09_30_12_55_56_chunk4.json | outputs/2021MZT/output_2021_09_30_MZT_S2/B2_Zoom_Meeting_Room_2_2021_09_30_12_55_56_chunk5.json | outputs/2021MZT/output_2021_09_30_MZT_S2/B2_Zoom_Meeting_Room_2_2021_09_30_12_55_56_chunk6.json | outputs/2021MZT/output_2021_09_30_MZT_S7/MZT_1_1_chunk2.json | outputs/2021MZT/output_2021_09_30_MZT_S7/MZT_1_1_chunk3.json | outputs/2021MZT/output_2021_09_30_MZT_S7/MZT_1_1_chunk4.json | outputs/2021MZT/output_2021_09_30_MZT_S7/MZT_1_1_chunk5.json | outputs/2021MZT/output_2021_09_30_MZT_S7/MZT_1_1_chunk6.json | outputs/2021MZT/output_2021_09_30_MZT_S7/MZT_1_1_chunk7.json | outputs/2021MZT/output_2021_09_30_MZT_S7/MZT_1_1_chunk8.json | outputs/2021MZT/output_2021_09_30_MZT_S7/MZT_1_2_chunk1.json | outputs/2021MZT/output_2021_09_30_MZT_S7/MZT_1_2_chunk2.json | outputs/2021MZT/output_2021_09_30_MZT_S7/MZT_1_2_chunk3.json | outputs/2021MZT/output_2021_09_30_MZT_S7/MZT_1_2_chunk4.json | outputs/2021MZT/output_2021_09_30_MZT_S7/MZT_1_2_chunk5.json | outputs/2021MZT/output_2021_09_30_MZT_S7/MZT_1_2_chunk6.json | outputs/2021MZT/output_2021_09_30_MZT_S7/MZT_1_2_chunk7.json | outputs/2021MZT/output_2021_09_30_MZT_S7/MZT_1_2_chunk8.json | outputs/2021MZT/output_2021_10_01_MZT_S3/B3_2021_10_01_11_04_47_chunk10.json | outputs/2021MZT/output_2021_10_01_MZT_S3/B3_2021_10_01_11_04_47_chunk9.json | outputs/2021MZT/output_2021_10_01_MZT_S5/B5_2021_10_01_11_04_33_chunk1.json | outputs/2021MZT/output_2021_10_01_MZT_S5/B5_2021_10_01_11_04_33_chunk10.json | outputs/2021MZT/output_2021_10_01_MZT_S5/B5_2021_10_01_11_04_33_chunk2.json | outputs/2021MZT/output_2021_10_01_MZT_S5/B5_2021_10_01_11_04_33_chunk3.json | outputs/2021MZT/output_2021_10_01_MZT_S5/B5_2021_10_01_11_04_33_chunk4.json | outputs/2021MZT/output_2021_10_01_MZT_S5/B5_2021_10_01_11_04_33_chunk5.json | outputs/2021MZT/output_2021_10_01_MZT_S5/B5_2021_10_01_11_04_33_chunk6.json | outputs/2021MZT/output_2021_10_01_MZT_S5/B5_2021_10_01_11_04_33_chunk7.json | outputs/2021MZT/output_2021_10_01_MZT_S5/B5_2021_10_01_11_04_33_chunk8.json | outputs/2021MZT/output_2021_10_01_MZT_S5/B5_2021_10_01_11_04_33_chunk9.json | outputs/2021MZT/output_2021_10_01_MZT_S6/MZT_2_5_chunk1.json | outputs/2021MZT/output_2021_10_01_MZT_S6/MZT_2_5_chunk2.json | outputs/2021MZT/output_2021_10_01_MZT_S6/MZT_2_5_chunk3.json | outputs/2021MZT/output_2021_10_01_MZT_S6/MZT_2_5_chunk4.json | outputs/2021MZT/output_2021_10_01_MZT_S6/MZT_2_5_chunk5.json | outputs/2021MZT/output_2021_10_01_MZT_S6/MZT_2_5_chunk6.json | outputs/2021MZT/output_2021_10_01_MZT_S6/MZT_2_5_chunk7.json | outputs/2021MZT/output_2021_10_01_MZT_S6/MZT_2_5_chunk8.json | outputs/2021MZT/output_2021_10_01_MZT_S6/MZT_2_6_chunk1.json | outputs/2021MZT/output_2021_10_01_MZT_S6/MZT_2_6_chunk2.json | outputs/2021MZT/output_2021_10_01_MZT_S6/MZT_2_6_chunk3.json | outputs/2021MZT/output_2021_10_01_MZT_S6/MZT_2_6_chunk4.json | outputs/2021MZT/output_2021_10_01_MZT_S6/MZT_2_6_chunk5.json | outputs/2021MZT/output_2021_10_01_MZT_S6/MZT_2_6_chunk6.json | outputs/2021MZT/output_2021_10_01_MZT_S6/MZT_2_6_chunk7.json | outputs/2021MZT/output_2021_10_01_MZT_S6/MZT_2_6_chunk8.json | outputs/2021MZT/output_2021_10_01_MZT_S7/B1_Zoom_Meeting_Room_1_2021_10_01_13_12_04_chunk1.json | outputs/2021MZT/output_2021_10_01_MZT_S7/B1_Zoom_Meeting_Room_1_2021_10_01_13_12_04_chunk2.json | outputs/2021MZT/output_2021_10_01_MZT_S7/B1_Zoom_Meeting_Room_1_2021_10_01_13_12_04_chunk3.json | outputs/2021MZT/output_2021_10_01_MZT_S7/B1_Zoom_Meeting_Room_1_2021_10_01_13_12_04_chunk4.json | outputs/2021MZT/output_2021_10_01_MZT_S7/B1_Zoom_Meeting_Room_1_2021_10_01_13_12_04_chunk5.json | outputs/2021MZT/output_2021_10_01_MZT_S7/B1_Zoom_Meeting_Room_1_2021_10_01_13_12_04_chunk6.json | outputs/2021MZT/output_2021_10_01_MZT_S7/B1_Zoom_Meeting_Room_1_2021_10_01_13_12_04_chunk7.json,
matt hopken,,output,2021MZT,Matt Hopken,outputs/2021MZT/output_2021_09_30_MZT_S5/B5_2021_09_30_12_57_07_chunk1.json | outputs/2021MZT/output_2021_09_30_MZT_S5/B5_2021_09_30_12_57_07_chunk2.json | outputs/2021MZT/output_2021_09_30_MZT_S5/B5_2021_09_30_12_57_07_chunk3.json | outputs/2021MZT/output_2021_09_30_MZT_S5/B5_2021_09_30_12_57_07_chunk4.json | outputs/2021MZT/output_2021_09_30_MZT_S5/B5_2021_09_30_12_57_07_chunk5.json | outputs/2021MZT/output_2021_09_30_MZT_S5/B5_2021_09_30_12_57_07_chunk6.json | outputs/2021MZT/output_2021_09_30_MZT_S6/bot5_chunk2.json | outputs/2021MZT/output_2021_09_30_MZT_S6/bot5_chunk3.json | outputs/2021MZT/output_2021_09_30_MZT_S6/bot5_chunk4.json | outputs/2021MZT/output_2021_09_30_MZT_S6/bot5_chunk5.json | outputs/2021MZT/output_2021_09_30_MZT_S6/bot5_chunk6.json | outputs/2021MZT/output_2021_09_30_MZT_S6/bot5_chunk7.json | outputs/2021MZT/output_2021_10_01_MZT_S10/B4_2021_10_01_13_11_56_chunk1.json | outputs/2021MZT/output_2021_10_01_MZT_S10/B4_2021_10_01_13_11_56_chunk2.json | outputs/2021MZT/output_2021_10_01_MZT_S10/B4_2021_10_01_13_11_56_chunk3.json | outputs/2021MZT/output_2021_10_01_MZT_S10/B4_2021_10_01_13_11_56_chunk4.json | outputs/2021MZT/output_2021_10_01_MZT_S10/B4_2021_10_01_13_11_56_chunk5.json | outputs/2021MZT/output_2021_10_01_MZT_S10/B4_2021_10_01_13_11_56_chunk6.json | outputs/2021MZT/output_2021_10_01_MZT_S10/B4_2021_10_01_13_11_56_chunk7.json | outputs/2021MZT/output_2021_10_01_MZT_S2/B2_Zoom_Meeting_Room_2_2021_10_01_11_04_45_chunk1.json | outputs/2021MZT/output_2021_10_01_MZT_S2/B2_Zoom_Meeting_Room_2_2021_10_01_11_04_45_chunk2.json | outputs/2021MZT/output_2021_10_01_MZT_S2/B2_Zoom_Meeting_Room_2_2021_10_01_11_04_45_chunk3.json | outputs/2021MZT/output_2021_10_01_MZT_S2/B2_Zoom_Meeting_Room_2_2021_10_01_11_04_45_chunk4.json | outputs/2021MZT/output_2021_10_01_MZT_S2/B2_Zoom_Meeting_Room_2_2021_10_01_11_04_45_chunk5.json | outputs/2021MZT/output_2021_10_01_MZT_S2/B2_Zoom_Meeting_Room_2_2021_10_01_11_04_45_chunk6.json | outputs/2021MZT/output_2021_10_01_MZT_S2/B2_Zoom_Meeting_Room_2_2021_10_01_11_04_45_chunk7.json | outputs/2021MZT/output_2021_10_01_MZT_S2/B2_Zoom_Meeting_Room_2_2021_10_01_11_04_45_chunk8.json,
matthew w hopken,,truth,2021MZT,Matthew W. Hopken,analysis_v1/data/2021MZT/2021MZT_outcome.json,
nicole eklmeier,,output,2021MZT,Nicole Eklmeier,outputs/2021MZT/output_2021_10_01_MZT_S12/B6_2021_10_01_13_11_47_chunk4.json | outputs/2021MZT/output_2021_10_01_MZT_S12/B6_2021_10_01_13_11_47_chunk5.json | outputs/2021MZT/output_2021_10_01_MZT_S12/B6_2021_10_01_13_11_47_chunk6.json | outputs/2021MZT/output_2021_10_01_MZT_S12/B6_2021_10_01_13_11_47_chunk7.json,
paola boggatto,,output,2021MZT,Paola Boggatto,outputs/2021MZT/output_2021_09_30_MZT_S4/B4_2021_09_30_13_05_04_chunk1.json | outputs/2021MZT/output_2021_09_30_MZT_S4/B4_2021_09_30_13_05_04_chunk2.json | outputs/2021MZT/output_2021_09_30_MZT_S4/B4_2021_09_30_13_05_04_chunk3.json | outputs/2021MZT/output_2021_09_30_MZT_S4/B4_2021_09_30_13_05_04_chunk4.json | outputs/2021MZT/output_2021_09_30_MZT_S4/B4_2021_09_30_13_05_04_chunk5.json | outputs/2021MZT/output_2021_09_30_MZT_S4/B4_2021_09_30_13_05_04_chunk6.json,
paola boggiatto,,output,2021MZT,Paola Boggiatto,outputs/2021MZT/output_2021_10_01_MZT_S3/B3_2021_10_01_11_04_47_chunk1.json | outputs/2021MZT/output_2021_10_01_MZT_S3/B3_2021_10_01_11_04_47_chunk10.json | outputs/2021MZT/output_2021_10_01_MZT_S3/B3_2021_10_01_11_04_47_chunk2.json | outputs/2021MZT/output_2021_10_01_MZT_S3/B3_2021_10_01_11_04_47_chunk3.json | outputs/2021MZT/output_2021_10_01_MZT_S3/B3_2021_10_01_11_04_47_chunk4.json | outputs/2021MZT/output_2021_10_01_MZT_S3/B3_2021_10_01_11_04_47_chunk5.json | outputs/2021MZT/output_2021_10_01_MZT_S3/B3_2021_10_01_11_04_47_chunk6.json | outputs/2021MZT/output_2021_10_01_MZT_S3/B3_2021_10_01_11_04_47_chunk7.json | outputs/2021MZT/output_2021_10_01_MZT_S3/B3_2021_10_01_11_04_47_chunk8.json | outputs/2021MZT/output_2021_10_01_MZT_S3/B3_2021_10_01_11_04_47_chunk9.json | outputs/2021MZT/output_2021_10_01_MZT_S7/B1_Zoom_Meeting_Room_1_2021_10_01_13_12_04_chunk1.json | outputs/2021MZT/output_2021_10_01_MZT_S7/B1_Zoom_Meeting_Room_1_2021_10_01_13_12_04_chunk2.json | outputs/2021MZT/output_2021_10_01_MZT_S7/B1_Zoom_Meeting_Room_1_2021_10_01_13_12_04_chunk3.json | outputs/2021MZT/output_2021_10_01_MZT_S7/B1_Zoom_Meeting_Room_1_2021_10_01_13_12_04_chunk4.json | outputs/2021MZT/output_2021_10_01_MZT_S7/B1_Zoom_Meeting_Room_1_2021_10_01_13_12_04_chunk5.json | outputs/2021MZT/output_2021_10_01_MZT_S7/B1_Zoom_Meeting_Room_1_2021_10_01_13_12_04_chunk6.json | outputs/2021MZT/output_2021_10_01_MZT_S7/B1_Zoom_Meeting_Room_1_2021_10_01_13_12_04_chunk7.json,
paola m boggiatto,,truth,2021MZT,Paola M. Boggiatto,analysis_v1/data/2021MZT/2021MZT_outcome.json,
rebecca l smith,,truth,2021MZT,Rebecca L Smith,analysis_v1/data/2021MZT/2021MZT_outcome.json,
sara l zimmer,,output,2021MZT,Sara L Zimmer | Sara L. Zimmer,outputs/2021MZT/output_2021_09_30_MZT_S7/MZT_1_1_chunk4.json | outputs/2021MZT/output_2021_09_30_MZT_S7/MZT_1_1_chunk5.json | outputs/2021MZT/output_2021_09_30_MZT_S7/MZT_1_1_chunk6.json | outputs/2021MZT/output_2021_09_30_MZT_S7/MZT_1_1_chunk7.json | outputs/2021MZT/output_2021_09_30_MZT_S7/MZT_1_1_chunk8.json | outputs/2021MZT/output_2021_09_30_MZT_S7/MZT_1_2_chunk4.json | outputs/2021MZT/output_2021_09_30_MZT_S7/MZT_1_2_chunk5.json | outputs/2021MZT/output_2021_09_30_MZT_S7/MZT_1_2_chunk6.json | outputs/2021MZT/output_2021_09_30_MZT_S7/MZT_1_2_chunk7.json | outputs/2021MZT/output_2021_09_30_MZT_S7/MZT_1_2_chunk8.json,
tavis anderson,,output,2021MZT,Tavis Anderson,outputs/2021MZT/output_2021_09_30_MZT_S1/B1_(short)_Zoom_Meeting_Room_1_2021_09_30_12_55_28_chunk2.json | outputs/2021MZT/output_2021_09_30_MZT_S5/B5_2021_09_30_12_57_07_chunk6.json | outputs/2021MZT/output_2021_09_30_MZT_S7/MZT_1_1_chunk1.json | outputs/2021MZT/output_2021_09_30_MZT_S7/MZT_1_1_chunk2.json | outputs/2021MZT/output_2021_09_30_MZT_S7/MZT_1_1_chunk3.json | outputs/2021MZT/output_2021_09_30_MZT_S7/MZT_1_1_chunk4.json | outputs/2021MZT/output_2021_09_30_MZT_S7/MZT_1_1_chunk5.json | outputs/2021MZT/output_2021_09_30_MZT_S7/MZT_1_1_chunk6.json | outputs/2021MZT/output_2021_09_30_MZT_S7/MZT_1_1_chunk7.json | outputs/2021MZT/output_2021_09_30_MZT_S7/MZT_1_1_chunk8.json | outputs/2021MZT/output_2021_09_30_MZT_S7/MZT_1_2_chunk1.json | outputs/2021MZT/output_2021_09_30_MZT_S7/MZT_1_2_chunk2.json | outputs/2021MZT/output_2021_09_30_MZT_S7/MZT_1_2_chunk3.json | outputs/2021MZT/output_2021_09_30_MZT_S7/MZT_1_2_chunk4.json | outputs/2021MZT/output_2021_09_30_MZT_S7/MZT_1_2_chunk5.json | outputs/2021MZT/output_2021_09_30_MZT_S7/MZT_1_2_chunk6.json | outputs/2021MZT/output_2021_09_30_MZT_S7/MZT_1_2_chunk7.json | outputs/2021MZT/output_2021_09_30_MZT_S7/MZT_1_2_chunk8.json | outputs/2021MZT/output_2021_10_01_MZT_S12/B6_2021_10_01_13_11_47_chunk1.json | outputs/2021MZT/output_2021_10_01_MZT_S12/B6_2021_10_01_13_11_47_chunk2.json | outputs/2021MZT/output_2021_10_01_MZT_S12/B6_2021_10_01_13_11_47_chunk3.json | outputs/2021MZT/output_2021_10_01_MZT_S12/B6_2021_10_01_13_11_47_chunk4.json | outputs/2021MZT/output_2021_10_01_MZT_S12/B6_2021_10_01_13_11_47_chunk5.json | outputs/2021MZT/output_2021_10_01_MZT_S12/B6_2021_10_01_13_11_47_chunk6.json | outputs/2021MZT/output_2021_10_01_MZT_S12/B6_2021_10_01_13_11_47_chunk7.json | outputs/2021MZT/output_2021_10_01_MZT_S13/MZT_3_5_chunk2.json | outputs/2021MZT/output_2021_10_01_MZT_S13/MZT_3_5_chunk3.json | outputs/2021MZT/output_2021_10_01_MZT_S13/MZT_3_5_chunk4.json | outputs/2021MZT/output_2021_10_01_MZT_S13/MZT_3_5_chunk5.json | outputs/2021MZT/output_2021_10_01_MZT_S13/MZT_3_5_chunk6.json | outputs/2021MZT/output_2021_10_01_MZT_S13/MZT_3_5_chunk7.json | outputs/2021MZT/output_2021_10_01_MZT_S13/MZT_3_6_chunk1.json | outputs/2021MZT/output_2021_10_01_MZT_S13/MZT_3_6_chunk2.json | outputs/2021MZT/output_2021_10_01_MZT_S13/MZT_3_6_chunk3.json | outputs/2021MZT/output_2021_10_01_MZT_S13/MZT_3_6_chunk4.json | outputs/2021MZT/output_2021_10_01_MZT_S13/MZT_3_6_chunk5.json | outputs/2021MZT/output_2021_10_01_MZT_S13/MZT_3_6_chunk6.json | outputs/2021MZT/output_2021_10_01_MZT_S13/MZT_3_6_chunk7.json | outputs/2021MZT/output_2021_10_01_MZT_S6/MZT_2_5_chunk3.json | outputs/2021MZT/output_2021_10_01_MZT_S6/MZT_2_5_chunk4.json | outputs/2021MZT/output_2021_10_01_MZT_S6/MZT_2_5_chunk5.json | outputs/2021MZT/output_2021_10_01_MZT_S6/MZT_2_5_chunk6.json | outputs/2021MZT/output_2021_10_01_MZT_S6/MZT_2_5_chunk7.json | outputs/2021MZT/output_2021_10_01_MZT_S6/MZT_2_5_chunk8.json | outputs/2021MZT/output_2021_10_01_MZT_S6/MZT_2_6_chunk2.json | outputs/2021MZT/output_2021_10_01_MZT_S6/MZT_2_6_chunk3.json | outputs/2021MZT/output_2021_10_01_MZT_S6/MZT_2_6_chunk4.json | outputs/2021MZT/output_2021_10_01_MZT_S6/MZT_2_6_chunk5.json | outputs/2021MZT/output_2021_10_01_MZT_S6/MZT_2_6_chunk6.json | outputs/2021MZT/output_2021_10_01_MZT_S6/MZT_2_6_chunk7.json | outputs/2021MZT/output_2021_10_01_MZT_S6/MZT_2_6_chunk8.json,
tavis k anderson,,truth,2021MZT,Tavis K Anderson,analysis_v1/data/2021MZT/2021MZT_outcome.json,
yarling chang,,output,2021MZT,Yarling Chang,outputs/2021MZT/output_2021_09_30_MZT_S4/B4_2021_09_30_13_05_04_chunk3.json | outputs/2021MZT/output_2021_09_30_MZT_S4/B4_2021_09_30_13_05_04_chunk4.json | outputs/2021MZT/output_2021_09_30_MZT_S4/B4_2021_09_30_13_05_04_chunk5.json | outputs/2021MZT/output_2021_09_30_MZT_S4/B4_2021_09_30_13_05_04_chunk6.json,
gary moore,,output,2021NES,Gary Moore,outputs/2021NES/output_2021_11_04_NES_S4/B4_maybe_wrong_time_2021_11_04_12_36_01_chunk1.json | outputs/2021NES/output_2021_11_04_NES_S4/B4_maybe_wrong_time_2021_11_04_12_36_01_chunk2.json | outputs/2021NES/output_2021_11_04_NES_S4/B4_maybe_wrong_time_2021_11_04_12_36_01_chunk3.json | outputs/2021NES/output_2021_11_04_NES_S4/B4_maybe_wrong_time_2021_11_04_12_36_01_chunk4.json | outputs/2021NES/output_2021_11_04_NES_S4/B4_maybe_wrong_time_2021_11_04_12_36_01_chunk5.json | outputs/2021NES/output_2021_11_04_NES_S4/B4_maybe_wrong_time_2021_11_04_12_36_01_chunk6.json | outputs/2021NES/output_2021_11_04_NES_S4/B4_maybe_wrong_time_2021_11_04_12_36_01_chunk7.json | outputs/2021NES/output_2021_11_05_NES_S4/B4_2021_11_05_11_00_54_trimend_chunk1.json | outputs/2021NES/output_2021_11_05_NES_S4/B4_2021_11_05_11_00_54_trimend_chunk10.json | outputs/2021NES/output_2021_11_05_NES_S4/B4_2021_11_05_11_00_54_trimend_chunk11.json | outputs/2021NES/output_2021_11_05_NES_S4/B4_2021_11_05_11_00_54_trimend_chunk12.json | outputs/2021NES/output_2021_11_05_NES_S4/B4_2021_11_05_11_00_54_trimend_chunk2.json | outputs/2021NES/output_2021_11_05_NES_S4/B4_2021_11_05_11_00_54_trimend_chunk3.json | outputs/2021NES/output_2021_11_05_NES_S4/B4_2021_11_05_11_00_54_trimend_chunk4.json | outputs/2021NES/output_2021_11_05_NES_S4/B4_2021_11_05_11_00_54_trimend_chunk5.json | outputs/2021NES/output_2021_11_05_NES_S4/B4_2021_11_05_11_00_54_trimend_chunk6.json | outputs/2021NES/output_2021_11_05_NES_S4/B4_2021_11_05_11_00_54_trimend_chunk7.json | outputs/2021NES/output_2021_11_05_NES_S4/B4_2021_11_05_11_00_54_trimend_chunk8.json | outputs/2021NES/output_2021_11_05_NES_S4/B4_2021_11_05_11_00_54_trimend_chunk9.json,
grishma gadikota,,output,2021NES,Grishma Gadikota,outputs/2021NES/output_2021_11_05_NES_S4/B4_2021_11_05_11_00_54_trimend_chunk10.json | outputs/2021NES/output_2021_11_05_NES_S4/B4_2021_11_05_11_00_54_trimend_chunk11.json | outputs/2021NES/output_2021_11_05_NES_S4/B4_2021_11_05_11_00_54_trimend_chunk12.json,
kandis gilliard abdul aziz,,truth,2021NES,Kandis Gilliard Abdul-Aziz,analysis_v1/data/2021NES/2021NES_outcome.json,
kelsey b hatzell,,truth,2021NES,Kelsey B.  Hatzell,analysis_v1/data/2021NES/2021NES_outcome.json,
leo liu,,output,2021NES,Leo Liu | Leo Liu (Utah State University),outputs/2021NES/output_2021_11_04_NES_S6/B6_2021_11_04_12_32_03_chunk1.json | outputs/2021NES/output_2021_11_04_NES_S6/B6_2021_11_04_12_32_03_chunk2.json | outputs/2021NES/output_2021_11_04_NES_S6/B6_2021_11_04_12_32_03_chunk3.json | outputs/2021NES/output_2021_11_04_NES_S6/B6_2021_11_04_12_32_03_chunk8.json | outputs/2021NES/output_2021_11_05_NES_S1/B1_2021_11_05_11_01_24_trimend_chunk1.json | outputs/2021NES/output_2021_11_05_NES_S1/B1_2021_11_05_11_01_24_trimend_chunk10.json | outputs/2021NES/output_2021_11_05_NES_S1/B1_2021_11_05_11_01_24_trimend_chunk11.json | outputs/2021NES/output_2021_11_05_NES_S1/B1_2021_11_05_11_01_24_trimend_chunk12.json | outputs/2021NES/output_2021_11_05_NES_S1/B1_2021_11_05_11_01_24_trimend_chunk2.json | outputs/2021NES/output_2021_11_05_NES_S1/B1_2021_11_05_11_01_24_trimend_chunk3.json | outputs/2021NES/output_2021_11_05_NES_S1/B1_2021_11_05_11_01_24_trimend_chunk4.json | outputs/2021NES/output_2021_11_05_NES_S1/B1_2021_11_05_11_01_24_trimend_chunk5.json | outputs/2021NES/output_2021_11_05_NES_S1/B1_2021_11_05_11_01_24_trimend_chunk6.json | outputs/2021NES/output_2021_11_05_NES_S1/B1_2021_11_05_11_01_24_trimend_chunk7.json | outputs/2021NES/output_2021_11_05_NES_S1/B1_2021_11_05_11_01_24_trimend_chunk8.json | outputs/2021NES/output_2021_11_05_NES_S1/B1_2021_11_05_11_01_24_trimend_chunk9.json | outputs/2021NES/output_2021_11_05_NES_S3/B3_2021_11_05_11_01_14_trimend_chunk10.json | outputs/2021NES/output_2021_11_05_NES_S3/B3_2021_11_05_11_01_14_trimend_chunk11.json | outputs/2021NES/output_2021_11_05_NES_S3/B3_2021_11_05_11_01_14_trimend_chunk12.json | outputs/2021NES/output_2021_11_05_NES_S3/B3_2021_11_05_11_01_14_trimend_chunk8.json | outputs/2021NES/output_2021_11_05_NES_S3/B3_2021_11_05_11_01_14_trimend_chunk9.json | outputs/2021NES/output_2021_11_05_NES_S4/B4_2021_11_05_11_00_54_trimend_chunk10.json | outputs/2021NES/output_2021_11_05_NES_S4/B4_2021_11_05_11_00_54_trimend_chunk11.json | outputs/2021NES/output_2021_11_05_NES_S4/B4_2021_11_05_11_00_54_trimend_chunk12.json | outputs/2021NES/output_2021_11_05_NES_S4/B4_2021_11_05_11_00_54_trimend_chunk8.json | outputs/2021NES/output_2021_11_05_NES_S4/B4_2021_11_05_11_00_54_trimend_chunk9.json | outputs/2021NES/output_2021_11_05_NES_S5/B5_2021_11_05_11_01_07_trimend_chunk10.json | outputs/2021NES/output_2021_11_05_NES_S5/B5_2021_11_05_11_01_07_trimend_chunk11.json | outputs/2021NES/output_2021_11_05_NES_S5/B5_2021_11_05_11_01_07_trimend_chunk12.json | outputs/2021NES/output_2021_11_05_NES_S5/B5_2021_11_05_11_01_07_trimend_chunk8.json | outputs/2021NES/output_2021_11_05_NES_S5/B5_2021_11_05_11_01_07_trimend_chunk9.json | outputs/2021NES/output_2021_11_05_NES_S6/B6_2021_11_05_11_01_03_trimend_chunk10.json | outputs/2021NES/output_2021_11_05_NES_S6/B6_2021_11_05_11_01_03_trimend_chunk11.json | outputs/2021NES/output_2021_11_05_NES_S6/B6_2021_11_05_11_01_03_trimend_chunk12.json | outputs/2021NES/output_2021_11_05_NES_S6/B6_2021_11_05_11_01_03_trimend_chunk8.json | outputs/2021NES/output_2021_11_05_NES_S6/B6_2021_11_05_11_01_03_trimend_chunk9.json | outputs/2021NES/output_2021_11_05_NES_S7/B1_2021_11_05_13_06_40_chunk1.json | outputs/2021NES/output_2021_11_05_NES_S7/B1_2021_11_05_13_06_40_chunk2.json | outputs/2021NES/output_2021_11_05_NES_S7/B1_2021_11_05_13_06_40_chunk4.json | outputs/2021NES/output_2021_11_05_NES_S7/B1_2021_11_05_13_06_40_chunk5.json | outputs/2021NES/output_2021_11_05_NES_S7/B1_2021_11_05_13_06_40_chunk6.json | outputs/2021NES/output_2021_11_05_NES_S7/B1_2021_11_05_13_06_40_chunk7.json | outputs/2021NES/output_2021_11_05_NES_S7/B1_2021_11_05_13_06_40_chunk8.json,
leslie abdul aziz,,output,2021NES,Leslie Abdul-Aziz,outputs/2021NES/output_2021_11_04_NES_S4/B4_maybe_wrong_time_2021_11_04_12_36_01_chunk1.json | outputs/2021NES/output_2021_11_04_NES_S4/B4_maybe_wrong_time_2021_11_04_12_36_01_chunk2.json | outputs/2021NES/output_2021_11_04_NES_S4/B4_maybe_wrong_time_2021_11_04_12_36_01_chunk3.json | outputs/2021NES/output_2021_11_04_NES_S4/B4_maybe_wrong_time_2021_11_04_12_36_01_chunk4.json | outputs/2021NES/output_2021_11_04_NES_S4/B4_maybe_wrong_time_2021_11_04_12_36_01_chunk5.json | outputs/2021NES/output_2021_11_04_NES_S4/B4_maybe_wrong_time_2021_11_04_12_36_01_chunk6.json | outputs/2021NES/output_2021_11_04_NES_S4/B4_maybe_wrong_time_2021_11_04_12_36_01_chunk7.json | outputs/2021NES/output_2021_11_05_NES_S1/B1_2021_11_05_11_01_24_trimend_chunk10.json | outputs/2021NES/output_2021_11_05_NES_S1/B1_2021_11_05_11_01_24_trimend_chunk11.json | outputs/2021NES/output_2021_11_05_NES_S1/B1_2021_11_05_11_01_24_trimend_chunk12.json | outputs/2021NES/output_2021_11_05_NES_S1/B1_2021_11_05_11_01_24_trimend_chunk8.json | outputs/2021NES/output_2021_11_05_NES_S1/B1_2021_11_05_11_01_24_trimend_chunk9.json | outputs/2021NES/output_2021_11_05_NES_S10/B4_2021_11_05_13_06_36_chunk1.json | outputs/2021NES/output_2021_11_05_NES_S10/B4_2021_11_05_13_06_36_chunk2.json | outputs/2021NES/output_2021_11_05_NES_S10/B4_2021_11_05_13_06_36_chunk3.json | outputs/2021NES/output_2021_11_05_NES_S10/B4_2021_11_05_13_06_36_chunk6.json | outputs/2021NES/output_2021_11_05_NES_S10/B4_2021_11_05_13_06_36_chunk7.json | outputs/2021NES/output_2021_11_05_NES_S10/B4_2021_11_05_13_06_36_chunk8.json | outputs/2021NES/output_2021_11_05_NES_S3/B3_2021_11_05_11_01_14_trimend_chunk10.json | outputs/2021NES/output_2021_11_05_NES_S3/B3_2021_11_05_11_01_14_trimend_chunk11.json | outputs/2021NES/output_2021_11_05_NES_S3/B3_2021_11_05_11_01_14_trimend_chunk12.json | outputs/2021NES/output_2021_11_05_NES_S3/B3_2021_11_05_11_01_14_trimend_chunk8.json | outputs/2021NES/output_2021_11_05_NES_S3/B3_2021_11_05_11_01_14_trimend_chunk9.json | outputs/2021NES/output_2021_11_05_NES_S4/B4_2021_11_05_11_00_54_trimend_chunk10.json | outputs/2021NES/output_2021_11_05_NES_S4/B4_2021_11_05_11_00_54_trimend_chunk11.json | outputs/2021NES/output_2021_11_05_NES_S4/B4_2021_11_05_11_00_54_trimend_chunk12.json | outputs/2021NES/output_2021_11_05_NES_S4/B4_2021_11_05_11_00_54_trimend_chunk8.json | outputs/2021NES/output_2021_11_05_NES_S4/B4_2021_11_05_11_00_54_trimend_chunk9.json | outputs/2021NES/output_2021_11_05_NES_S6/B6_2021_11_05_11_01_03_trimend_chunk1.json | outputs/2021NES/output_2021_11_05_NES_S6/B6_2021_11_05_11_01_03_trimend_chunk10.json | outputs/2021NES/output_2021_11_05_NES_S6/B6_2021_11_05_11_01_03_trimend_chunk11.json | outputs/2021NES/output_2021_11_05_NES_S6/B6_2021_11_05_11_01_03_trimend_chunk12.json | outputs/2021NES/output_2021_11_05_NES_S6/B6_2021_11_05_11_01_03_trimend_chunk2.json | outputs/2021NES/output_2021_11_05_NES_S6/B6_2021_11_05_11_01_03_trimend_chunk3.json | outputs/2021NES/output_2021_11_05_NES_S6/B6_2021_11_05_11_01_03_trimend_chunk4.json | outputs/2021NES/output_2021_11_05_NES_S6/B6_2021_11_05_11_01_03_trimend_chunk5.json | outputs/2021NES/output_2021_11_05_NES_S6/B6_2021_11_05_11_01_03_trimend_chunk6.json | outputs/2021NES/output_2021_11_05_NES_S6/B6_2021_11_05_11_01_03_trimend_chunk7.json | outputs/2021NES/output_2021_11_05_NES_S6/B6_2021_11_05_11_01_03_trimend_chunk8.json | outputs/2021NES/output_2021_11_05_NES_S6/B6_2021_11_05_11_01_03_trimend_chunk9.json,
marcel schriber,,output,2021NES,Marcel Schriber,outputs/2021NES/output_2021_11_05_NES_S6/B6_2021_11_05_11_01_03_trimend_chunk1.json | outputs/2021NES/output_2021_11_05_NES_S6/B6_2021_11_05_11_01_03_trimend_chunk10.json | outputs/2021NES/output_2021_11_05_NES_S6/B6_2021_11_05_11_01_03_trimend_chunk11.json | outputs/2021NES/output_2021_11_05_NES_S6/B6_2021_11_05_11_01_03_trimend_chunk12.json | outputs/2021NES/output_2021_11_05_NES_S6/B6_2021_11_05_11_01_03_trimend_chunk2.json | outputs/2021NES/output_2021_11_05_NES_S6/B6_2021_11_05_11_01_03_trimend_chunk3.json | outputs/2021NES/output_2021_11_05_NES_S6/B6_2021_11_05_11_01_03_trimend_chunk4.json | outputs/2021NES/output_2021_11_05_NES_S6/B6_2021_11_05_11_01_03_trimend_chunk5.json | outputs/2021NES/output_2021_11_05_NES_S6/B6_2021_11_05_11_01_03_trimend_chunk6.json | outputs/2021NES/output_2021_11_05_NES_S6/B6_2021_11_05_11_01_03_trimend_chunk7.json | outputs/2021NES/output_2021_11_05_NES_S6/B6_2021_11_05_11_01_03_trimend_chunk8.json | outputs/2021NES/output_2021_11_05_NES_S6/B6_2021_11_05_11_01_03_trimend_chunk9.json,
phill milner,,truth,2021NES,Phill Milner,analysis_v1/data/2021NES/2021NES_outcome.json,
phillip milner,,output,2021NES,Phillip Milner,outputs/2021NES/output_2021_11_05_NES_S6/B6_2021_11_05_11_01_03_trimend_chunk10.json | outputs/2021NES/output_2021_11_05_NES_S6/B6_2021_11_05_11_01_03_trimend_chunk11.json | outputs/2021NES/output_2021_11_05_NES_S6/B6_2021_11_05_11_01_03_trimend_chunk12.json | outputs/2021NES/output_2021_11_05_NES_S6/B6_2021_11_05_11_01_03_trimend_chunk2.json | outputs/2021NES/output_2021_11_05_NES_S6/B6_2021_11_05_11_01_03_trimend_chunk3.json | outputs/2021NES/output_2021_11_05_NES_S6/B6_2021_11_05_11_01_03_trimend_chunk4.json | outputs/2021NES/output_2021_11_05_NES_S6/B6_2021_11_05_11_01_03_trimend_chunk5.json | outputs/2021NES/output_2021_11_05_NES_S6/B6_2021_11_05_11_01_03_trimend_chunk6.json | outputs/2021NES/output_2021_11_05_NES_S6/B6_2021_11_05_11_01_03_trimend_chunk7.json | outputs/2021NES/output_2021_11_05_NES_S6/B6_2021_11_05_11_01_03_trimend_chunk8.json | outputs/2021NES/output_2021_11_05_NES_S6/B6_2021_11_05_11_01_03_trimend_chunk9.json | outputs/2021NES/output_2021_11_05_NES_S7/B1_2021_11_05_13_06_40_chunk1.json | outputs/2021NES/output_2021_11_05_NES_S7/B1_2021_11_05_13_06_40_chunk2.json | outputs/2021NES/output_2021_11_05_NES_S7/B1_2021_11_05_13_06_40_chunk4.json | outputs/2021NES/output_2021_11_05_NES_S7/B1_2021_11_05_13_06_40_chunk5.json | outputs/2021NES/output_2021_11_05_NES_S7/B1_2021_11_05_13_06_40_chunk6.json | outputs/2021NES/output_2021_11_05_NES_S7/B1_2021_11_05_13_06_40_chunk7.json | outputs/2021NES/output_2021_11_05_NES_S7/B1_2021_11_05_13_06_40_chunk8.json,
t leo liu,,truth,2021NES,T. Leo Liu,analysis_v1/data/2021NES/2021NES_outcome.json,
will bowman,,output,2021NES,Will Bowman | Will Bowman (UC Irvine),outputs/2021NES/output_2021_11_04_NES_S6/B6_2021_11_04_12_32_03_chunk1.json | outputs/2021NES/output_2021_11_04_NES_S6/B6_2021_11_04_12_32_03_chunk2.json | outputs/2021NES/output_2021_11_04_NES_S6/B6_2021_11_04_12_32_03_chunk3.json | outputs/2021NES/output_2021_11_04_NES_S6/B6_2021_11_04_12_32_03_chunk8.json | outputs/2021NES/output_2021_11_05_NES_S2/B2_Zoom_Meeting_Room_2.2_2021_11_05_11_02_10_chunk1.json | outputs/2021NES/output_2021_11_05_NES_S2/B2_Zoom_Meeting_Room_2.2_2021_11_05_11_02_10_chunk2.json | outputs/2021NES/output_2021_11_05_NES_S2/B2_Zoom_Meeting_Room_2.2_2021_11_05_11_02_10_chunk3.json | outputs/2021NES/output_2021_11_05_NES_S2/B2_Zoom_Meeting_Room_2.2_2021_11_05_11_02_10_chunk4.json | outputs/2021NES/output_2021_11_05_NES_S2/B2_Zoom_Meeting_Room_2.2_2021_11_05_11_02_10_chunk5.json | outputs/2021NES/output_2021_11_05_NES_S2/B2_Zoom_Meeting_Room_2.2_2021_11_05_11_02_10_chunk6.json | outputs/2021NES/output_2021_11_05_NES_S2/B2_Zoom_Meeting_Room_2.2_2021_11_05_11_02_10_chunk7.json | outputs/2021NES/output_2021_11_05_NES_S2/B2_Zoom_Meeting_Room_2.2_2021_11_05_11_02_10_chunk8.json | outputs/2021NES/output_2021_11_05_NES_S7/B1_2021_11_05_13_06_40_chunk1.json | outputs/2021NES/output_2021_11_05_NES_S7/B1_2021_11_05_13_06_40_chunk2.json | outputs/2021NES/output_2021_11_05_NES_S7/B1_2021_11_05_13_06_40_chunk4.json | outputs/2021NES/output_2021_11_05_NES_S7/B1_2021_11_05_13_06_40_chunk5.json | outputs/2021NES/output_2021_11_05_NES_S7/B1_2021_11_05_13_06_40_chunk6.json | outputs/2021NES/output_2021_11_05_NES_S7/B1_2021_11_05_13_06_40_chunk7.json | outputs/2021NES/output_2021_11_05_NES_S7/B1_2021_11_05_13_06_40_chunk8.json,
william j bowman,,truth,2021NES,William J. Bowman,analysis_v1/data/2021NES/2021NES_outcome.json,
wilson a smith,,truth,2021NES,Wilson A Smith,analysis_v1/data/2021NES/2021NES_outcome.json,
wilson smith,,output,2021NES,Wilson Smith,outputs/2021NES/output_2021_11_04_NES_S6/B6_2021_11_04_12_32_03_chunk1.json | outputs/2021NES/output_2021_11_04_NES_S6/B6_2021_11_04_12_32_03_chunk2.json | outputs/2021NES/output_2021_11_04_NES_S6/B6_2021_11_04_12_32_03_chunk3.json | outputs/2021NES/output_2021_11_04_NES_S6/B6_2021_11_04_12_32_03_chunk8.json | outputs/2021NES/output_2021_11_05_NES_S1/B1_2021_11_05_11_01_24_trimend_chunk10.json | outputs/2021NES/output_2021_11_05_NES_S1/B1_2021_11_05_11_01_24_trimend_chunk11.json | outputs/2021NES/output_2021_11_05_NES_S1/B1_2021_11_05_11_01_24_trimend_chunk12.json | outputs/2021NES/output_2021_11_05_NES_S1/B1_2021_11_05_11_01_24_trimend_chunk9.json | outputs/2021NES/output_2021_11_05_NES_S3/B3_2021_11_05_11_01_14_trimend_chunk10.json | outputs/2021NES/output_2021_11_05_NES_S3/B3_2021_11_05_11_01_14_trimend_chunk11.json | outputs/2021NES/output_2021_11_05_NES_S3/B3_2021_11_05_11_01_14_trimend_chunk12.json | outputs/2021NES/output_2021_11_05_NES_S3/B3_2021_11_05_11_01_14_trimend_chunk9.json | outputs/2021NES/output_2021_11_05_NES_S4/B4_2021_11_05_11_00_54_trimend_chunk1.json | outputs/2021NES/output_2021_11_05_NES_S4/B4_2021_11_05_11_00_54_trimend_chunk10.json | outputs/2021NES/output_2021_11_05_NES_S4/B4_2021_11_05_11_00_54_trimend_chunk11.json | outputs/2021NES/output_2021_11_05_NES_S4/B4_2021_11_05_11_00_54_trimend_chunk12.json | outputs/2021NES/output_2021_11_05_NES_S4/B4_2021_11_05_11_00_54_trimend_chunk2.json | outputs/2021NES/output_2021_11_05_NES_S4/B4_2021_11_05_11_00_54_trimend_chunk3.json | outputs/2021NES/output_2021_11_05_NES_S4/B4_2021_11_05_11_00_54_trimend_chunk4.json | outputs/2021NES/output_2021_11_05_NES_S4/B4_2021_11_05_11_00_54_trimend_chunk5.json | outputs/2021NES/output_2021_11_05_NES_S4/B4_2021_11_05_11_00_54_trimend_chunk6.json | outputs/2021NES/output_2021_11_05_NES_S4/B4_2021_11_05_11_00_54_trimend_chunk7.json | outputs/2021NES/output_2021_11_05_NES_S4/B4_2021_11_05_11_00_54_trimend_chunk8.json | outputs/2021NES/output_2021_11_05_NES_S4/B4_2021_11_05_11_00_54_trimend_chunk9.json | outputs/2021NES/output_2021_11_05_NES_S5/B5_2021_11_05_11_01_07_trimend_chunk10.json | outputs/2021NES/output_2021_11_05_NES_S5/B5_2021_11_05_11_01_07_trimend_chunk11.json | outputs/2021NES/output_2021_11_05_NES_S5/B5_2021_11_05_11_01_07_trimend_chunk12.json | outputs/2021NES/output_2021_11_05_NES_S5/B5_2021_11_05_11_01_07_trimend_chunk9.json | outputs/2021NES/output_2021_11_05_NES_S6/B6_2021_11_05_11_01_03_trimend_chunk10.json | outputs/2021NES/output_2021_11_05_NES_S6/B6_2021_11_05_11_01_03_trimend_chunk11.json | outputs/2021NES/output_2021_11_05_NES_S6/B6_2021_11_05_11_01_03_trimend_chunk12.json | outputs/2021NES/output_2021_11_05_NES_S6/B6_2021_11_05_11_01_03_trimend_chunk9.json | outputs/2021NES/output_2021_11_05_NES_S8/B2_Zoom_Meeting_Room_2_2021_11_05_13_07_15_chunk1.json | outputs/2021NES/output_2021_11_05_NES_S8/B2_Zoom_Meeting_Room_2_2021_11_05_13_07_15_chunk2.json | outputs/2021NES/output_2021_11_05_NES_S8/B2_Zoom_Meeting_Room_2_2021_11_05_13_07_15_chunk3.json | outputs/2021NES/output_2021_11_05_NES_S8/B2_Zoom_Meeting_Room_2_2021_11_05_13_07_15_chunk4.json | outputs/2021NES/output_2021_11_05_NES_S8/B2_Zoom_Meeting_Room_2_2021_11_05_13_07_15_chunk5.json | outputs/2021NES/output_2021_11_05_NES_S8/B2_Zoom_Meeting_Room_2_2021_11_05_13_07_15_chunk6.json | outputs/2021NES/output_2021_11_05_NES_S8/B2_Zoom_Meeting_Room_2_2021_11_05_13_07_15_chunk7.json | outputs/2021NES/output_2021_11_05_NES_S8/B2_Zoom_Meeting_Room_2_2021_11_05_13_07_15_chunk8.json,
aaron e engelhart,,truth,2021SLU,Aaron E. Engelhart,analysis_v1/data/2021SLU/2021SLU_outcome.json,
aaron engelhart,,output,2021SLU,Aaron Engelhart,outputs/2021SLU/output_2021_06_10_SLU_S2/bot2p1_Zoom_Meeting_Room_2_2021_06_10_12_35_37.json | outputs/2021SLU/output_2021_06_10_SLU_S2/bot2p2_Zoom_Meeting_Room_2_2021_06_10_12_37_25_chunk1.json | outputs/2021SLU/output_2021_06_10_SLU_S2/bot2p2_Zoom_Meeting_Room_2_2021_06_10_12_37_25_chunk2.json | outputs/2021SLU/output_2021_06_10_SLU_S2/bot2p2_Zoom_Meeting_Room_2_2021_06_10_12_37_25_chunk3.json | outputs/2021SLU/output_2021_06_10_SLU_S2/bot2p2_Zoom_Meeting_Room_2_2021_06_10_12_37_25_chunk4.json | outputs/2021SLU/output_2021_06_10_SLU_S2/bot2p2_Zoom_Meeting_Room_2_2021_06_10_12_37_25_chunk5.json | outputs/2021SLU/output_2021_06_10_SLU_S2/bot2p2_Zoom_Meeting_Room_2_2021_06_10_12_37_25_chunk6.json | outputs/2021SLU/output_2021_06_10_SLU_S2/bot2p2_Zoom_Meeting_Room_2_2021_06_10_12_37_25_chunk7.json | outputs/2021SLU/output_2021_06_10_SLU_S2/bot2p2_Zoom_Meeting_Room_2_2021_06_10_12_37_25_chunk8.json | outputs/2021SLU/output_2021_06_10_SLU_S5/botB2_2021_06_10_12_35_06_chunk1.json | outputs/2021SLU/output_2021_06_10_SLU_S5/botB2_2021_06_10_12_35_06_chunk2.json | outputs/2021SLU/output_2021_06_10_SLU_S5/botB2_2021_06_10_12_35_06_chunk3.json | outputs/2021SLU/output_2021_06_10_SLU_S5/botB2_2021_06_10_12_35_06_chunk4.json | outputs/2021SLU/output_2021_06_10_SLU_S5/botB2_2021_06_10_12_35_06_chunk5.json | outputs/2021SLU/output_2021_06_10_SLU_S5/botB2_2021_06_10_12_35_06_chunk6.json | outputs/2021SLU/output_2021_06_10_SLU_S5/botB2_2021_06_10_12_35_06_chunk8.json | outputs/2021SLU/output_2021_06_11_SLU_S13/Zoom_Meeting_6_11_2021_1_02_20_PM_chunk1.json | outputs/2021SLU/output_2021_06_11_SLU_S13/Zoom_Meeting_6_11_2021_1_02_20_PM_chunk2.json | outputs/2021SLU/output_2021_06_11_SLU_S13/Zoom_Meeting_6_11_2021_1_02_20_PM_chunk3.json | outputs/2021SLU/output_2021_06_11_SLU_S13/Zoom_Meeting_6_11_2021_1_02_20_PM_chunk4.json | outputs/2021SLU/output_2021_06_11_SLU_S13/Zoom_Meeting_6_11_2021_1_02_20_PM_chunk5.json | outputs/2021SLU/output_2021_06_11_SLU_S13/Zoom_Meeting_6_11_2021_1_02_20_PM_chunk6.json | outputs/2021SLU/output_2021_06_11_SLU_S13/Zoom_Meeting_6_11_2021_1_02_20_PM_chunk7.json | outputs/2021SLU/output_2021_06_11_SLU_S13/Zoom_Meeting_6_11_2021_1_02_20_PM_chunk8.json | outputs/2021SLU/output_2021_06_11_SLU_S3/bot3p1_Room_3_Zoom_Meeting_2021_06_11_10_58_57.json | outputs/2021SLU/output_2021_06_11_SLU_S3/bot3p2_Room_3_Zoom_Meeting_2021_06_11_10_59_57_chunk1.json | outputs/2021SLU/output_2021_06_11_SLU_S3/bot3p2_Room_3_Zoom_Meeting_2021_06_11_10_59_57_chunk2.json | outputs/2021SLU/output_2021_06_11_SLU_S3/bot3p2_Room_3_Zoom_Meeting_2021_06_11_10_59_57_chunk3.json | outputs/2021SLU/output_2021_06_11_SLU_S3/bot3p2_Room_3_Zoom_Meeting_2021_06_11_10_59_57_chunk4.json | outputs/2021SLU/output_2021_06_11_SLU_S3/bot3p2_Room_3_Zoom_Meeting_2021_06_11_10_59_57_chunk5.json | outputs/2021SLU/output_2021_06_11_SLU_S3/bot3p2_Room_3_Zoom_Meeting_2021_06_11_10_59_57_chunk6.json | outputs/2021SLU/output_2021_06_11_SLU_S3/bot3p2_Room_3_Zoom_Meeting_2021_06_11_10_59_57_chunk7.json | outputs/2021SLU/output_2021_06_11_SLU_S3/bot3p2_Room_3_Zoom_Meeting_2021_06_11_10_59_57_chunk8.json,
andro c rios,,truth,2021SLU,Andro C. Rios,analysis_v1/data/2021SLU/2021SLU_outcome.json,
andro rios,,output,2021SLU,Andro Rios,outputs/2021SLU/output_2021_06_10_SLU_S4/bot4_2021_06_10_12_35_05_chunk1.json | outputs/2021SLU/output_2021_06_10_SLU_S4/bot4_2021_06_10_12_35_05_chunk2.json | outputs/2021SLU/output_2021_06_10_SLU_S4/bot4_2021_06_10_12_35_05_chunk4.json | outputs/2021SLU/output_2021_06_10_SLU_S4/bot4_2021_06_10_12_35_05_chunk5.json | outputs/2021SLU/output_2021_06_10_SLU_S4/bot4_2021_06_10_12_35_05_chunk6.json | outputs/2021SLU/output_2021_06_10_SLU_S4/bot4_2021_06_10_12_35_05_chunk7.json | outputs/2021SLU/output_2021_06_10_SLU_S4/bot4_2021_06_10_12_35_05_chunk8.json | outputs/2021SLU/output_2021_06_11_SLU_S11/bot4_2021_06_11_13_02_17_chunk2.json | outputs/2021SLU/output_2021_06_11_SLU_S11/bot4_2021_06_11_13_02_17_chunk3.json | outputs/2021SLU/output_2021_06_11_SLU_S11/bot4_2021_06_11_13_02_17_chunk4.json | outputs/2021SLU/output_2021_06_11_SLU_S11/bot4_2021_06_11_13_02_17_chunk5.json | outputs/2021SLU/output_2021_06_11_SLU_S11/bot4_2021_06_11_13_02_17_chunk6.json | outputs/2021SLU/output_2021_06_11_SLU_S11/bot4_2021_06_11_13_02_17_chunk7.json | outputs/2021SLU/output_2021_06_11_SLU_S11/bot4_2021_06_11_13_02_17_chunk8.json | outputs/2021SLU/output_2021_06_11_SLU_S2/bot2p1_Zoom_Meeting_Room_2_2021_06_11_10_58_33.json | outputs/2021SLU/output_2021_06_11_SLU_S2/bot2p2_Zoom_Meeting_Room_2_2021_06_11_10_59_37_chunk1.json | outputs/2021SLU/output_2021_06_11_SLU_S2/bot2p2_Zoom_Meeting_Room_2_2021_06_11_10_59_37_chunk2.json | outputs/2021SLU/output_2021_06_11_SLU_S2/bot2p2_Zoom_Meeting_Room_2_2021_06_11_10_59_37_chunk3.json | outputs/2021SLU/output_2021_06_11_SLU_S2/bot2p2_Zoom_Meeting_Room_2_2021_06_11_10_59_37_chunk4.json | outputs/2021SLU/output_2021_06_11_SLU_S2/bot2p2_Zoom_Meeting_Room_2_2021_06_11_10_59_37_chunk5.json | outputs/2021SLU/output_2021_06_11_SLU_S2/bot2p2_Zoom_Meeting_Room_2_2021_06_11_10_59_37_chunk6.json | outputs/2021SLU/output_2021_06_11_SLU_S2/bot2p2_Zoom_Meeting_Room_2_2021_06_11_10_59_37_chunk7.json | outputs/2021SLU/output_2021_06_11_SLU_S2/bot2p2_Zoom_Meeting_Room_2_2021_06_11_10_59_37_chunk8.json | outputs/2021SLU/output_2021_06_11_SLU_S5/botB2_2021_06_11_10_58_55_chunk1.json | outputs/2021SLU/output_2021_06_11_SLU_S5/botB2_2021_06_11_10_58_55_chunk2.json | outputs/2021SLU/output_2021_06_11_SLU_S5/botB2_2021_06_11_10_58_55_chunk3.json | outputs/2021SLU/output_2021_06_11_SLU_S5/botB2_2021_06_11_10_58_55_chunk4.json | outputs/2021SLU/output_2021_06_11_SLU_S5/botB2_2021_06_11_10_58_55_chunk5.json | outputs/2021SLU/output_2021_06_11_SLU_S5/botB2_2021_06_11_10_58_55_chunk6.json | outputs/2021SLU/output_2021_06_11_SLU_S5/botB2_2021_06_11_10_58_55_chunk7.json | outputs/2021SLU/output_2021_06_11_SLU_S5/botB2_2021_06_11_10_58_55_chunk8.json,
bradford james foley,,output,2021SLU,Bradford James Foley,outputs/2021SLU/output_2021_06_11_SLU_S12/botB2_2021_06_11_13_01_54_chunk1.json | outputs/2021SLU/output_2021_06_11_SLU_S12/botB2_2021_06_11_13_01_54_chunk2.json | outputs/2021SLU/output_2021_06_11_SLU_S12/botB2_2021_06_11_13_01_54_chunk3.json | outputs/2021SLU/output_2021_06_11_SLU_S12/botB2_2021_06_11_13_01_54_chunk4.json | outputs/2021SLU/output_2021_06_11_SLU_S12/botB2_2021_06_11_13_01_54_chunk5.json | outputs/2021SLU/output_2021_06_11_SLU_S12/botB2_2021_06_11_13_01_54_chunk6.json | outputs/2021SLU/output_2021_06_11_SLU_S12/botB2_2021_06_11_13_01_54_chunk7.json | outputs/2021SLU/output_2021_06_11_SLU_S12/botB2_2021_06_11_13_01_54_chunk8.json | outputs/2021SLU/output_2021_06_11_SLU_S4/bot4_2021_06_11_10_58_21_chunk1.json | outputs/2021SLU/output_2021_06_11_SLU_S4/bot4_2021_06_11_10_58_21_chunk2.json | outputs/2021SLU/output_2021_06_11_SLU_S4/bot4_2021_06_11_10_58_21_chunk3.json | outputs/2021SLU/output_2021_06_11_SLU_S4/bot4_2021_06_11_10_58_21_chunk4.json | outputs/2021SLU/output_2021_06_11_SLU_S4/bot4_2021_06_11_10_58_21_chunk5.json | outputs/2021SLU/output_2021_06_11_SLU_S4/bot4_2021_06_11_10_58_21_chunk6.json | outputs/2021SLU/output_2021_06_11_SLU_S4/bot4_2021_06_11_10_58_21_chunk7.json | outputs/2021SLU/output_2021_06_11_SLU_S4/bot4_2021_06_11_10_58_21_chunk8.json | outputs/2021SLU/output_2021_06_11_SLU_S9/bot2p2_Zoom_Meeting_Room_2_2021_06_11_13_02_58_chunk1.json | outputs/2021SLU/output_2021_06_11_SLU_S9/bot2p2_Zoom_Meeting_Room_2_2021_06_11_13_02_58_chunk2.json,
gregory fournier,,output,2021SLU,Gregory Fournier,outputs/2021SLU/output_2021_06_11_SLU_S11/bot4_2021_06_11_13_02_17_chunk4.json | outputs/2021SLU/output_2021_06_11_SLU_S11/bot4_2021_06_11_13_02_17_chunk5.json | outputs/2021SLU/output_2021_06_11_SLU_S11/bot4_2021_06_11_13_02_17_chunk6.json | outputs/2021SLU/output_2021_06_11_SLU_S11/bot4_2021_06_11_13_02_17_chunk7.json | outputs/2021SLU/output_2021_06_11_SLU_S11/bot4_2021_06_11_13_02_17_chunk8.json,
gregory p fournier,,output,2021SLU,Gregory P. Fournier,outputs/2021SLU/output_2021_06_11_SLU_S7/Zoom_Meeting_6_11_2021_10_58_14_AM_chunk1.json | outputs/2021SLU/output_2021_06_11_SLU_S7/Zoom_Meeting_6_11_2021_10_58_14_AM_chunk2.json | outputs/2021SLU/output_2021_06_11_SLU_S7/Zoom_Meeting_6_11_2021_10_58_14_AM_chunk3.json | outputs/2021SLU/output_2021_06_11_SLU_S7/Zoom_Meeting_6_11_2021_10_58_14_AM_chunk4.json | outputs/2021SLU/output_2021_06_11_SLU_S7/Zoom_Meeting_6_11_2021_10_58_14_AM_chunk5.json | outputs/2021SLU/output_2021_06_11_SLU_S7/Zoom_Meeting_6_11_2021_10_58_14_AM_chunk6.json | outputs/2021SLU/output_2021_06_11_SLU_S7/Zoom_Meeting_6_11_2021_10_58_14_AM_chunk7.json | outputs/2021SLU/output_2021_06_11_SLU_S7/Zoom_Meeting_6_11_2021_10_58_14_AM_chunk8.json,
jen glass,,output,2021SLU,Jen Glass,outputs/2021SLU/output_2021_06_10_SLU_S4/bot4_2021_06_10_12_35_05_chunk1.json | outputs/2021SLU/output_2021_06_10_SLU_S4/bot4_2021_06_10_12_35_05_chunk2.json | outputs/2021SLU/output_2021_06_10_SLU_S4/bot4_2021_06_10_12_35_05_chunk4.json | outputs/2021SLU/output_2021_06_10_SLU_S4/bot4_2021_06_10_12_35_05_chunk5.json | outputs/2021SLU/output_2021_06_10_SLU_S4/bot4_2021_06_10_12_35_05_chunk6.json | outputs/2021SLU/output_2021_06_10_SLU_S4/bot4_2021_06_10_12_35_05_chunk7.json | outputs/2021SLU/output_2021_06_10_SLU_S4/bot4_2021_06_10_12_35_05_chunk8.json,
jennifer b glass,,truth,2021SLU,Jennifer B. Glass,analysis_v1/data/2021SLU/2021SLU_outcome.json,
jennifer glass,,output,2021SLU,Jennifer Glass,outputs/2021SLU/output_2021_06_11_SLU_S10/bot3p1_Room_3_Zoom_Meeting_2021_06_11_13_02_46.json | outputs/2021SLU/output_2021_06_11_SLU_S10/bot3p2_Room_3_Zoom_Meeting_2021_06_11_13_03_36_chunk1.json | outputs/2021SLU/output_2021_06_11_SLU_S10/bot3p2_Room_3_Zoom_Meeting_2021_06_11_13_03_36_chunk2.json | outputs/2021SLU/output_2021_06_11_SLU_S10/bot3p2_Room_3_Zoom_Meeting_2021_06_11_13_03_36_chunk3.json | outputs/2021SLU/output_2021_06_11_SLU_S10/bot3p2_Room_3_Zoom_Meeting_2021_06_11_13_03_36_chunk4.json | outputs/2021SLU/output_2021_06_11_SLU_S10/bot3p2_Room_3_Zoom_Meeting_2021_06_11_13_03_36_chunk5.json | outputs/2021SLU/output_2021_06_11_SLU_S10/bot3p2_Room_3_Zoom_Meeting_2021_06_11_13_03_36_chunk6.json | outputs/2021SLU/output_2021_06_11_SLU_S10/bot3p2_Room_3_Zoom_Meeting_2021_06_11_13_03_36_chunk7.json | outputs/2021SLU/output_2021_06_11_SLU_S10/bot3p2_Room_3_Zoom_Meeting_2021_06_11_13_03_36_chunk8.json | outputs/2021SLU/output_2021_06_11_SLU_S3/bot3p1_Room_3_Zoom_Meeting_2021_06_11_10_58_57.json | outputs/2021SLU/output_2021_06_11_SLU_S3/bot3p2_Room_3_Zoom_Meeting_2021_06_11_10_59_57_chunk1.json | outputs/2021SLU/output_2021_06_11_SLU_S3/bot3p2_Room_3_Zoom_Meeting_2021_06_11_10_59_57_chunk2.json | outputs/2021SLU/output_2021_06_11_SLU_S3/bot3p2_Room_3_Zoom_Meeting_2021_06_11_10_59_57_chunk3.json | outputs/2021SLU/output_2021_06_11_SLU_S3/bot3p2_Room_3_Zoom_Meeting_2021_06_11_10_59_57_chunk4.json | outputs/2021SLU/output_2021_06_11_SLU_S3/bot3p2_Room_3_Zoom_Meeting_2021_06_11_10_59_57_chunk5.json | outputs/2021SLU/output_2021_06_11_SLU_S3/bot3p2_Room_3_Zoom_Meeting_2021_06_11_10_59_57_chunk6.json | outputs/2021SLU/output_2021_06_11_SLU_S3/bot3p2_Room_3_Zoom_Meeting_2021_06_11_10_59_57_chunk7.json | outputs/2021SLU/output_2021_06_11_SLU_S3/bot3p2_Room_3_Zoom_Meeting_2021_06_11_10_59_57_chunk8.json,
leslie anne rogers,,truth,2021SLU,Leslie Anne Rogers,analysis_v1/data/2021SLU/2021SLU_outcome.json,
leslie rogers,,output,2021SLU,Leslie Rogers,outputs/2021SLU/output_2021_06_10_SLU_S3/bot3p1_Room_3_Zoom_Meeting_2021_06_10_12_36_05.json | outputs/2021SLU/output_2021_06_10_SLU_S3/bot3p2_Room_3_Zoom_Meeting_2021_06_10_12_36_45_chunk1.json | outputs/2021SLU/output_2021_06_10_SLU_S3/bot3p2_Room_3_Zoom_Meeting_2021_06_10_12_36_45_chunk2.json | outputs/2021SLU/output_2021_06_10_SLU_S3/bot3p2_Room_3_Zoom_Meeting_2021_06_10_12_36_45_chunk3.json | outputs/2021SLU/output_2021_06_10_SLU_S3/bot3p2_Room_3_Zoom_Meeting_2021_06_10_12_36_45_chunk4.json | outputs/2021SLU/output_2021_06_10_SLU_S3/bot3p2_Room_3_Zoom_Meeting_2021_06_10_12_36_45_chunk5.json | outputs/2021SLU/output_2021_06_10_SLU_S3/bot3p2_Room_3_Zoom_Meeting_2021_06_10_12_36_45_chunk6.json | outputs/2021SLU/output_2021_06_10_SLU_S3/bot3p2_Room_3_Zoom_Meeting_2021_06_10_12_36_45_chunk7.json | outputs/2021SLU/output_2021_06_10_SLU_S3/bot3p2_Room_3_Zoom_Meeting_2021_06_10_12_36_45_chunk8.json | outputs/2021SLU/output_2021_06_11_SLU_S13/Zoom_Meeting_6_11_2021_1_02_20_PM_chunk1.json | outputs/2021SLU/output_2021_06_11_SLU_S13/Zoom_Meeting_6_11_2021_1_02_20_PM_chunk2.json | outputs/2021SLU/output_2021_06_11_SLU_S13/Zoom_Meeting_6_11_2021_1_02_20_PM_chunk3.json | outputs/2021SLU/output_2021_06_11_SLU_S13/Zoom_Meeting_6_11_2021_1_02_20_PM_chunk4.json | outputs/2021SLU/output_2021_06_11_SLU_S13/Zoom_Meeting_6_11_2021_1_02_20_PM_chunk5.json | outputs/2021SLU/output_2021_06_11_SLU_S13/Zoom_Meeting_6_11_2021_1_02_20_PM_chunk6.json | outputs/2021SLU/output_2021_06_11_SLU_S13/Zoom_Meeting_6_11_2021_1_02_20_PM_chunk7.json | outputs/2021SLU/output_2021_06_11_SLU_S13/Zoom_Meeting_6_11_2021_1_02_20_PM_chunk8.json | outputs/2021SLU/output_2021_06_11_SLU_S6/Zoom_Meeting_Room_6_2021_06_11_10_58_05_chunk1.json | outputs/2021SLU/output_2021_06_11_SLU_S6/Zoom_Meeting_Room_6_2021_06_11_10_58_05_chunk2.json | outputs/2021SLU/output_2021_06_11_SLU_S6/Zoom_Meeting_Room_6_2021_06_11_10_58_05_chunk3.json | outputs/2021SLU/output_2021_06_11_SLU_S6/Zoom_Meeting_Room_6_2021_06_11_10_58_05_chunk4.json | outputs/2021SLU/output_2021_06_11_SLU_S6/Zoom_Meeting_Room_6_2021_06_11_10_58_05_chunk5.json | outputs/2021SLU/output_2021_06_11_SLU_S6/Zoom_Meeting_Room_6_2021_06_11_10_58_05_chunk6.json | outputs/2021SLU/output_2021_06_11_SLU_S6/Zoom_Meeting_Room_6_2021_06_11_10_58_05_chunk7.json | outputs/2021SLU/output_2021_06_11_SLU_S6/Zoom_Meeting_Room_6_2021_06_11_10_58_05_chunk8.json,
mathieu g a lapotre,,truth,2021SLU,Mathieu G. A. Lapotre,analysis_v1/data/2021SLU/2021SLU_outcome.json,
mathieu lapotre,,output,2021SLU,Mathieu Lapotre,outputs/2021SLU/output_2021_06_10_SLU_S6/Zoom_Meeting_2021_06_10_12_06_54.json | outputs/2021SLU/output_2021_06_10_SLU_S6/Zoom_Meeting_Room_6_2021_06_10_12_35_01_chunk1.json | outputs/2021SLU/output_2021_06_10_SLU_S6/Zoom_Meeting_Room_6_2021_06_10_12_35_01_chunk2.json | outputs/2021SLU/output_2021_06_10_SLU_S6/Zoom_Meeting_Room_6_2021_06_10_12_35_01_chunk3.json | outputs/2021SLU/output_2021_06_10_SLU_S6/Zoom_Meeting_Room_6_2021_06_10_12_35_01_chunk4.json | outputs/2021SLU/output_2021_06_10_SLU_S6/Zoom_Meeting_Room_6_2021_06_10_12_35_01_chunk5.json | outputs/2021SLU/output_2021_06_10_SLU_S6/Zoom_Meeting_Room_6_2021_06_10_12_35_01_chunk6.json | outputs/2021SLU/output_2021_06_10_SLU_S6/Zoom_Meeting_Room_6_2021_06_10_12_35_01_chunk7.json | outputs/2021SLU/output_2021_06_10_SLU_S6/Zoom_Meeting_Room_6_2021_06_10_12_35_01_chunk8.json | outputs/2021SLU/output_2021_06_11_SLU_S7/Zoom_Meeting_6_11_2021_10_58_14_AM_chunk1.json | outputs/2021SLU/output_2021_06_11_SLU_S7/Zoom_Meeting_6_11_2021_10_58_14_AM_chunk2.json | outputs/2021SLU/output_2021_06_11_SLU_S7/Zoom_Meeting_6_11_2021_10_58_14_AM_chunk3.json | outputs/2021SLU/output_2021_06_11_SLU_S7/Zoom_Meeting_6_11_2021_10_58_14_AM_chunk4.json | outputs/2021SLU/output_2021_06_11_SLU_S7/Zoom_Meeting_6_11_2021_10_58_14_AM_chunk5.json | outputs/2021SLU/output_2021_06_11_SLU_S7/Zoom_Meeting_6_11_2021_10_58_14_AM_chunk6.json | outputs/2021SLU/output_2021_06_11_SLU_S7/Zoom_Meeting_6_11_2021_10_58_14_AM_chunk7.json | outputs/2021SLU/output_2021_06_11_SLU_S7/Zoom_Meeting_6_11_2021_10_58_14_AM_chunk8.json,
nathaniel gabor,,output,2021SLU,Nathaniel Gabor,outputs/2021SLU/output_2021_06_10_SLU_S7/Zoom_Meeting_6_10_2021_12_35_12_PM_chunk1.json | outputs/2021SLU/output_2021_06_10_SLU_S7/Zoom_Meeting_6_10_2021_12_35_12_PM_chunk2.json | outputs/2021SLU/output_2021_06_10_SLU_S7/Zoom_Meeting_6_10_2021_12_35_12_PM_chunk3.json | outputs/2021SLU/output_2021_06_10_SLU_S7/Zoom_Meeting_6_10_2021_12_35_12_PM_chunk4.json | outputs/2021SLU/output_2021_06_10_SLU_S7/Zoom_Meeting_6_10_2021_12_35_12_PM_chunk5.json | outputs/2021SLU/output_2021_06_10_SLU_S7/Zoom_Meeting_6_10_2021_12_35_12_PM_chunk6.json | outputs/2021SLU/output_2021_06_10_SLU_S7/Zoom_Meeting_6_10_2021_12_35_12_PM_chunk7.json | outputs/2021SLU/output_2021_06_10_SLU_S7/Zoom_Meeting_6_10_2021_12_35_12_PM_chunk8.json | outputs/2021SLU/output_2021_06_11_SLU_S1/bot1_2021_06_11_10_57_56_chunk1.json | outputs/2021SLU/output_2021_06_11_SLU_S1/bot1_2021_06_11_10_57_56_chunk2.json | outputs/2021SLU/output_2021_06_11_SLU_S1/bot1_2021_06_11_10_57_56_chunk3.json | outputs/2021SLU/output_2021_06_11_SLU_S1/bot1_2021_06_11_10_57_56_chunk4.json | outputs/2021SLU/output_2021_06_11_SLU_S1/bot1_2021_06_11_10_57_56_chunk5.json | outputs/2021SLU/output_2021_06_11_SLU_S1/bot1_2021_06_11_10_57_56_chunk6.json | outputs/2021SLU/output_2021_06_11_SLU_S1/bot1_2021_06_11_10_57_56_chunk7.json | outputs/2021SLU/output_2021_06_11_SLU_S1/bot1_2021_06_11_10_57_56_chunk8.json,
nathaniel m gabor,,truth,2021SLU,Nathaniel M. Gabor,analysis_v1/data/2021SLU/2021SLU_outcome.json,
nicolas cowan,,output,2021SLU,Nicolas Cowan,outputs/2021SLU/output_2021_06_10_SLU_S4/bot4_2021_06_10_12_35_05_chunk1.json | outputs/2021SLU/output_2021_06_10_SLU_S4/bot4_2021_06_10_12_35_05_chunk2.json | outputs/2021SLU/output_2021_06_10_SLU_S4/bot4_2021_06_10_12_35_05_chunk4.json | outputs/2021SLU/output_2021_06_10_SLU_S4/bot4_2021_06_10_12_35_05_chunk5.json | outputs/2021SLU/output_2021_06_10_SLU_S4/bot4_2021_06_10_12_35_05_chunk6.json | outputs/2021SLU/output_2021_06_10_SLU_S4/bot4_2021_06_10_12_35_05_chunk7.json | outputs/2021SLU/output_2021_06_10_SLU_S4/bot4_2021_06_10_12_35_05_chunk8.json | outputs/2021SLU/output_2021_06_11_SLU_S10/bot3p1_Room_3_Zoom_Meeting_2021_06_11_13_02_46.json | outputs/2021SLU/output_2021_06_11_SLU_S10/bot3p2_Room_3_Zoom_Meeting_2021_06_11_13_03_36_chunk1.json | outputs/2021SLU/output_2021_06_11_SLU_S10/bot3p2_Room_3_Zoom_Meeting_2021_06_11_13_03_36_chunk2.json | outputs/2021SLU/output_2021_06_11_SLU_S10/bot3p2_Room_3_Zoom_Meeting_2021_06_11_13_03_36_chunk3.json | outputs/2021SLU/output_2021_06_11_SLU_S10/bot3p2_Room_3_Zoom_Meeting_2021_06_11_13_03_36_chunk4.json | outputs/2021SLU/output_2021_06_11_SLU_S10/bot3p2_Room_3_Zoom_Meeting_2021_06_11_13_03_36_chunk5.json | outputs/2021SLU/output_2021_06_11_SLU_S10/bot3p2_Room_3_Zoom_Meeting_2021_06_11_13_03_36_chunk6.json | outputs/2021SLU/output_2021_06_11_SLU_S10/bot3p2_Room_3_Zoom_Meeting_2021_06_11_13_03_36_chunk7.json | outputs/2021SLU/output_2021_06_11_SLU_S10/bot3p2_Room_3_Zoom_Meeting_2021_06_11_13_03_36_chunk8.json | outputs/2021SLU/output_2021_06_11_SLU_S6/Zoom_Meeting_Room_6_2021_06_11_10_58_05_chunk3.json,
stylianos louca,,output,2021SLU,Stylianos Louca,outputs/2021SLU/output_2021_06_10_SLU_S1/bot1_2021_06_10_12_34_46_chunk1.json | outputs/2021SLU/output_2021_06_10_SLU_S1/bot1_2021_06_10_12_34_46_chunk2.json | outputs/2021SLU/output_2021_06_10_SLU_S1/bot1_2021_06_10_12_34_46_chunk3.json | outputs/2021SLU/output_2021_06_10_SLU_S1/bot1_2021_06_10_12_34_46_chunk4.json | outputs/2021SLU/output_2021_06_10_SLU_S1/bot1_2021_06_10_12_34_46_chunk5.json | outputs/2021SLU/output_2021_06_10_SLU_S1/bot1_2021_06_10_12_34_46_chunk6.json | outputs/2021SLU/output_2021_06_10_SLU_S1/bot1_2021_06_10_12_34_46_chunk7.json | outputs/2021SLU/output_2021_06_10_SLU_S1/bot1_2021_06_10_12_34_46_chunk8.json,
trinity hamilton,,output,2021SLU,Trinity Hamilton,outputs/2021SLU/output_2021_06_10_SLU_S2/bot2p1_Zoom_Meeting_Room_2_2021_06_10_12_35_37.json | outputs/2021SLU/output_2021_06_10_SLU_S2/bot2p2_Zoom_Meeting_Room_2_2021_06_10_12_37_25_chunk1.json | outputs/2021SLU/output_2021_06_10_SLU_S2/bot2p2_Zoom_Meeting_Room_2_2021_06_10_12_37_25_chunk2.json | outputs/2021SLU/output_2021_06_10_SLU_S2/bot2p2_Zoom_Meeting_Room_2_2021_06_10_12_37_25_chunk3.json | outputs/2021SLU/output_2021_06_10_SLU_S2/bot2p2_Zoom_Meeting_Room_2_2021_06_10_12_37_25_chunk4.json | outputs/2021SLU/output_2021_06_10_SLU_S2/bot2p2_Zoom_Meeting_Room_2_2021_06_10_12_37_25_chunk5.json | outputs/2021SLU/output_2021_06_10_SLU_S2/bot2p2_Zoom_Meeting_Room_2_2021_06_10_12_37_25_chunk6.json | outputs/2021SLU/output_2021_06_10_SLU_S2/bot2p2_Zoom_Meeting_Room_2_2021_06_10_12_37_25_chunk7.json | outputs/2021SLU/output_2021_06_10_SLU_S2/bot2p2_Zoom_Meeting_Room_2_2021_06_10_12_37_25_chunk8.json | outputs/2021SLU/output_2021_06_10_SLU_S5/botB2_2021_06_10_12_35_06_chunk1.json | outputs/2021SLU/output_2021_06_10_SLU_S5/botB2_2021_06_10_12_35_06_chunk2.json | outputs/2021SLU/output_2021_06_10_SLU_S5/botB2_2021_06_10_12_35_06_chunk3.json | outputs/2021SLU/output_2021_06_10_SLU_S5/botB2_2021_06_10_12_35_06_chunk4.json | outputs/2021SLU/output_2021_06_10_SLU_S5/botB2_2021_06_10_12_35_06_chunk5.json | outputs/2021SLU/output_2021_06_10_SLU_S5/botB2_2021_06_10_12_35_06_chunk6.json | outputs/2021SLU/output_2021_06_10_SLU_S5/botB2_2021_06_10_12_35_06_chunk8.json | outputs/2021SLU/output_2021_06_11_SLU_S10/bot3p1_Room_3_Zoom_Meeting_2021_06_11_13_02_46.json | outputs/2021SLU/output_2021_06_11_SLU_S10/bot3p2_Room_3_Zoom_Meeting_2021_06_11_13_03_36_chunk1.json | outputs/2021SLU/output_2021_06_11_SLU_S10/bot3p2_Room_3_Zoom_Meeting_2021_06_11_13_03_36_chunk2.json | outputs/2021SLU/output_2021_06_11_SLU_S10/bot3p2_Room_3_Zoom_Meeting_2021_06_11_13_03_36_chunk3.json | outputs/2021SLU/output_2021_06_11_SLU_S10/bot3p2_Room_3_Zoom_Meeting_2021_06_11_13_03_36_chunk4.json | outputs/2021SLU/output_2021_06_11_SLU_S10/bot3p2_Room_3_Zoom_Meeting_2021_06_11_13_03_36_chunk5.json | outputs/2021SLU/output_2021_06_11_SLU_S10/bot3p2_Room_3_Zoom_Meeting_2021_06_11_13_03_36_chunk6.json | outputs/2021SLU/output_2021_06_11_SLU_S10/bot3p2_Room_3_Zoom_Meeting_2021_06_11_13_03_36_chunk7.json | outputs/2021SLU/output_2021_06_11_SLU_S10/bot3p2_Room_3_Zoom_Meeting_2021_06_11_13_03_36_chunk8.json | outputs/2021SLU/output_2021_06_11_SLU_S4/bot4_2021_06_11_10_58_21_chunk1.json | outputs/2021SLU/output_2021_06_11_SLU_S4/bot4_2021_06_11_10_58_21_chunk2.json | outputs/2021SLU/output_2021_06_11_SLU_S4/bot4_2021_06_11_10_58_21_chunk3.json | outputs/2021SLU/output_2021_06_11_SLU_S4/bot4_2021_06_11_10_58_21_chunk4.json | outputs/2021SLU/output_2021_06_11_SLU_S4/bot4_2021_06_11_10_58_21_chunk5.json | outputs/2021SLU/output_2021_06_11_SLU_S4/bot4_2021_06_11_10_58_21_chunk6.json | outputs/2021SLU/output_2021_06_11_SLU_S4/bot4_2021_06_11_10_58_21_chunk7.json | outputs/2021SLU/output_2021_06_11_SLU_S4/bot4_2021_06_11_10_58_21_chunk8.json,
trinity l hamilton,,truth,2021SLU,Trinity L. Hamilton,analysis_v1/data/2021SLU/2021SLU_outcome.json,
tyler robinson,,output,2021SLU,Tyler Robinson,outputs/2021SLU/output_2021_06_10_SLU_S4/bot4_2021_06_10_12_35_05_chunk1.json | outputs/2021SLU/output_2021_06_10_SLU_S4/bot4_2021_06_10_12_35_05_chunk2.json | outputs/2021SLU/output_2021_06_10_SLU_S4/bot4_2021_06_10_12_35_05_chunk4.json | outputs/2021SLU/output_2021_06_10_SLU_S4/bot4_2021_06_10_12_35_05_chunk5.json | outputs/2021SLU/output_2021_06_10_SLU_S4/bot4_2021_06_10_12_35_05_chunk6.json | outputs/2021SLU/output_2021_06_10_SLU_S4/bot4_2021_06_10_12_35_05_chunk7.json | outputs/2021SLU/output_2021_06_10_SLU_S4/bot4_2021_06_10_12_35_05_chunk8.json,
dave durgan,,output,2022MND,Dave Durgan,outputs/2022MND/output_2022_04_07_MND_S4/Bot4_MND_2022_1_4_chunk1.json | outputs/2022MND/output_2022_04_07_MND_S4/Bot4_MND_2022_1_4_chunk2.json | outputs/2022MND/output_2022_04_07_MND_S4/Bot4_MND_2022_1_4_chunk3.json | outputs/2022MND/output_2022_04_07_MND_S4/Bot4_MND_2022_1_4_chunk4.json | outputs/2022MND/output_2022_04_07_MND_S4/Bot4_MND_2022_1_4_chunk6.json | outputs/2022MND/output_2022_04_07_MND_S4/Bot4_MND_2022_1_4_chunk7.json | outputs/2022MND/output_2022_04_07_MND_S4/Bot4_MND_2022_1_4_chunk8.json | outputs/2022MND/output_2022_04_07_MND_S5/BotB4_2022_04_07_09_36_38_time_off_by_3hrs_(should_be_later)_chunk2.json | outputs/2022MND/output_2022_04_07_MND_S5/BotB4_2022_04_07_09_36_38_time_off_by_3hrs_(should_be_later)_chunk3.json | outputs/2022MND/output_2022_04_07_MND_S5/BotB4_2022_04_07_09_36_38_time_off_by_3hrs_(should_be_later)_chunk4.json | outputs/2022MND/output_2022_04_07_MND_S5/BotB4_2022_04_07_09_36_38_time_off_by_3hrs_(should_be_later)_chunk5.json | outputs/2022MND/output_2022_04_07_MND_S5/BotB4_2022_04_07_09_36_38_time_off_by_3hrs_(should_be_later)_chunk6.json | outputs/2022MND/output_2022_04_07_MND_S5/BotB4_2022_04_07_09_36_38_time_off_by_3hrs_(should_be_later)_chunk7.json | outputs/2022MND/output_2022_04_07_MND_S5/BotB4_2022_04_07_09_36_38_time_off_by_3hrs_(should_be_later)_chunk8.json | outputs/2022MND/output_2022_04_08_MND_S10/BotB4_2022_04_08_01_03_01_problem_53min20sec_56min20sec_chunk1.json | outputs/2022MND/output_2022_04_08_MND_S10/BotB4_2022_04_08_01_03_01_problem_53min20sec_56min20sec_chunk2.json | outputs/2022MND/output_2022_04_08_MND_S10/BotB4_2022_04_08_01_03_01_problem_53min20sec_56min20sec_chunk3.json | outputs/2022MND/output_2022_04_08_MND_S10/BotB4_2022_04_08_01_03_01_problem_53min20sec_56min20sec_chunk4.json | outputs/2022MND/output_2022_04_08_MND_S10/BotB4_2022_04_08_01_03_01_problem_53min20sec_56min20sec_chunk5.json | outputs/2022MND/output_2022_04_08_MND_S10/BotB4_2022_04_08_01_03_01_problem_53min20sec_56min20sec_chunk6.json | outputs/2022MND/output_2022_04_08_MND_S10/BotB4_2022_04_08_01_03_01_problem_53min20sec_56min20sec_chunk7.json | outputs/2022MND/output_2022_04_08_MND_S10/BotB4_2022_04_08_01_03_01_problem_53min20sec_56min20sec_chunk8.json | outputs/2022MND/output_2022_04_08_MND_S12/MND_3_4_part1.json | outputs/2022MND/output_2022_04_08_MND_S2/Bot2_Zoom_Meeting_Room_2_2022_04_08_10_54_08_problem_52min50sec_55min_chunk1.json | outputs/2022MND/output_2022_04_08_MND_S2/Bot2_Zoom_Meeting_Room_2_2022_04_08_10_54_08_problem_52min50sec_55min_chunk2.json | outputs/2022MND/output_2022_04_08_MND_S2/Bot2_Zoom_Meeting_Room_2_2022_04_08_10_54_08_problem_52min50sec_55min_chunk3.json | outputs/2022MND/output_2022_04_08_MND_S2/Bot2_Zoom_Meeting_Room_2_2022_04_08_10_54_08_problem_52min50sec_55min_chunk4.json | outputs/2022MND/output_2022_04_08_MND_S2/Bot2_Zoom_Meeting_Room_2_2022_04_08_10_54_08_problem_52min50sec_55min_chunk5.json | outputs/2022MND/output_2022_04_08_MND_S2/Bot2_Zoom_Meeting_Room_2_2022_04_08_10_54_08_problem_52min50sec_55min_chunk6.json | outputs/2022MND/output_2022_04_08_MND_S2/Bot2_Zoom_Meeting_Room_2_2022_04_08_10_54_08_problem_52min50sec_55min_chunk7.json | outputs/2022MND/output_2022_04_08_MND_S2/Bot2_Zoom_Meeting_Room_2_2022_04_08_10_54_08_problem_52min50sec_55min_chunk8.json,
david durgan,,truth,2022MND,David Durgan,analysis_v1/data/2022MND/2022MND_outcome.json,
jae sung,,output,2022MND,Jae Sung,outputs/2022MND/output_2022_04_08_MND_S10/BotB4_2022_04_08_01_03_01_problem_53min20sec_56min20sec_chunk3.json | outputs/2022MND/output_2022_04_08_MND_S10/BotB4_2022_04_08_01_03_01_problem_53min20sec_56min20sec_chunk4.json | outputs/2022MND/output_2022_04_08_MND_S10/BotB4_2022_04_08_01_03_01_problem_53min20sec_56min20sec_chunk5.json | outputs/2022MND/output_2022_04_08_MND_S10/BotB4_2022_04_08_01_03_01_problem_53min20sec_56min20sec_chunk6.json | outputs/2022MND/output_2022_04_08_MND_S10/BotB4_2022_04_08_01_03_01_problem_53min20sec_56min20sec_chunk7.json | outputs/2022MND/output_2022_04_08_MND_S10/BotB4_2022_04_08_01_03_01_problem_53min20sec_56min20sec_chunk8.json,
jaejun sung,,output,2022MND,Jaejun (Jae) Sung,outputs/2022MND/output_2022_04_08_MND_S1/Bot1_2022_04_08_10_53_19_chunk1.json | outputs/2022MND/output_2022_04_08_MND_S1/Bot1_2022_04_08_10_53_19_chunk2.json | outputs/2022MND/output_2022_04_08_MND_S1/Bot1_2022_04_08_10_53_19_chunk3.json | outputs/2022MND/output_2022_04_08_MND_S1/Bot1_2022_04_08_10_53_19_chunk4.json | outputs/2022MND/output_2022_04_08_MND_S1/Bot1_2022_04_08_10_53_19_chunk5.json | outputs/2022MND/output_2022_04_08_MND_S1/Bot1_2022_04_08_10_53_19_chunk6.json | outputs/2022MND/output_2022_04_08_MND_S1/Bot1_2022_04_08_10_53_19_chunk7.json | outputs/2022MND/output_2022_04_08_MND_S1/Bot1_2022_04_08_10_53_19_chunk8.json | outputs/2022MND/output_2022_04_08_MND_S10/BotB4_2022_04_08_01_03_01_problem_53min20sec_56min20sec_chunk1.json | outputs/2022MND/output_2022_04_08_MND_S10/BotB4_2022_04_08_01_03_01_problem_53min20sec_56min20sec_chunk2.json,
kailong ye,,output,2022MND,Kailong (Calvin) Ye,outputs/2022MND/output_2022_04_08_MND_S7/Bot1_2022_04_08_13_01_44_60min40sec_61min10sec_chunk1.json | outputs/2022MND/output_2022_04_08_MND_S7/Bot1_2022_04_08_13_01_44_60min40sec_61min10sec_chunk2.json | outputs/2022MND/output_2022_04_08_MND_S7/Bot1_2022_04_08_13_01_44_60min40sec_61min10sec_chunk3.json | outputs/2022MND/output_2022_04_08_MND_S7/Bot1_2022_04_08_13_01_44_60min40sec_61min10sec_chunk4.json | outputs/2022MND/output_2022_04_08_MND_S7/Bot1_2022_04_08_13_01_44_60min40sec_61min10sec_chunk5.json | outputs/2022MND/output_2022_04_08_MND_S7/Bot1_2022_04_08_13_01_44_60min40sec_61min10sec_chunk6.json | outputs/2022MND/output_2022_04_08_MND_S7/Bot1_2022_04_08_13_01_44_60min40sec_61min10sec_chunk7.json | outputs/2022MND/output_2022_04_08_MND_S7/Bot1_2022_04_08_13_01_44_60min40sec_61min10sec_chunk8.json,
