{
    "num_explain_define_term": 26,
    "num_propose_decision": 9,
    "num_assign_task": 13,
    "num_express_frustration": 6,
    "num_encourage_participation": 41,
    "num_acknowledge_contribution": 49,
    "num_express_agreement": 26,
    "num_express_humor": 15,
    "num_confirm_decision": 5,
    "num_expand_on_existing_idea": 40,
    "num_express_enthusiasm": 11,
    "num_present_new_idea": 18,
    "num_provide_supporting_evidence": 12,
    "num_reject_idea": 2,
    "num_offer_constructive_criticism": 3,
    "num_express_alternative_decision": 1,
    "elaboration_to_idea_ratio": 2.2222222222222223,
    "decision_closure_ratio": 0.5555555555555556,
    "criticism_to_agreement_ratio": 0.11538461538461539,
    "num_resolve_conflict": 0,
    "net_positive_conflict_score": -2,
    "leadership_action_count": 68,
    "engagement_positivity_score": 69,
    "avg_speaking_duration": 17.743529411764705,
    "speaking_variance": 27.96556894409234,
    "speaking_time_ratio": {
        "Linda Detwiler": 0.09388675242010343,
        "Richard Wiener": 0.003049993369579631,
        "Hannah Frank": 0.03845643813817796,
        "Justin Bahl": 0.07797374353534015,
        "Cheryl Andam": 0.029704283251558147,
        "Tavis Anderson": 0.0734650576846572,
        "Kim Pepin": 0.0734650576846572,
        "Adela Oliva Chavez": 0.005436944702294126,
        "Jason Ladner": 0.00729346240551651,
        "Daren Ginete": 0.004376077443309906,
        "Crystal Hepp": 0.006497811961278345,
        "adela": 0.02546081421562127,
        "Salvador Almagro": 0.03739557087919374,
        "Sara Zimmer": 0.057286831985147856,
        "Hannah Frank Tulane": 0.012597798700437608,
        "Gonzalo Vazquez Prokopec": 0.01670865932900146,
        "Lauren Charles": 0.08685850682933298,
        "Kezia Manlove": 0.07624983423949078,
        "Rebecca Garabed": 0.023073862882906776,
        "Andrew Feig": 0.013260840737302744,
        "Mark Wilber": 0.034080360694868056,
        "Guillaume Bastille-Rousseau": 0.03288688502851081,
        "Avery Strait": 0.037660787693939796,
        "Daniel Becker": 0.01816735181010476,
        "Bethany McGregor": 0.03792600450868585,
        "Liliana Salvador": 0.03872165495292402,
        "Mike Wimberly": 0.03805861291605888
    },
    "participation_entropy": 7.443985493705096,
    "avg_nods_per_utterance": 0.1011764705882353,
    "avg_gestures_per_utterance": 0.0,
    "avg_eye_contact_per_utterance": 0.0,
    "avg_distraction_per_utterance": 0.0,
    "avg_confusion_per_utterance": 0.0,
    "avg_engagement_per_utterance": 0.0,
    "gesture_type_distribution": {
        "Open Palms": 78,
        "Pointing": 7,
        "Raising Hand": 6
    },
    "gesture_variety": {
        "Linda Detwiler": 2,
        "Hannah Frank": 3,
        "Justin Bahl": 1,
        "Adela Oliva Chavez": 1,
        "adela": 1,
        "Salvador Almagro": 1,
        "Tavis Anderson": 2,
        "Crystal Hepp": 2,
        "Sara Zimmer": 1,
        "Kim Pepin": 2,
        "Cheryl Andam": 1,
        "Hannah Frank Tulane": 1,
        "Kezia Manlove": 2,
        "Guillaume Bastille-Rousseau": 1,
        "Avery Strait": 1,
        "Gonzalo Vazquez Prokopec": 1,
        "Liliana Salvador": 3,
        "Rebecca Garabed": 1,
        "Mark Wilber": 1,
        "Lauren Charles": 1,
        "Daniel Becker": 1,
        "Mike Wimberly": 2
    },
    "gesture_count_ratio": 0.21411764705882352,
    "num_interruptions": 0,
    "num_overlaps": 20,
    "interruption_rate_by_speaker": {},
    "interruption_received": {},
    "screenshare_count": 6,
    "screenshare_duration": 591.0,
    "avg_screenshare_segment_length": 98.5,
    "screenshare_content": [
        "Hannah Frank shared a Google Slides presentation titled \"Scialog MTT Meeting Slides\". The slide displayed is titled \"Room 1.1 - Key points Evolution and Co-evolution\" and contains a bullet point to \"Enter Key Discussion Points Here\". The slide also lists participants Cheryl Andam and Hannah Frank, and facilitator Linda Detwiler.",
        "Hannah Frank shared a Google Slides presentation titled \"Scialog MTT Meeting Slides\". The slide displayed is titled \"Room 1.1 - Key points Evolution and Co-evolution\" and contains a bullet point to \"Enter Key Discussion Points Here\". The slide also lists participants Cheryl Andam and Hannah Frank, and facilitator Linda Detwiler.",
        "Hannah Frank shared a Google Slides presentation titled \"Scialog MTT Meeting Slides\". The slide displayed is titled \"Room 1.1 - Key points Evolution and Co-evolution\" and contains a bullet point to \"Enter Key Discussion Points Here\". The slide also lists participants Cheryl Andam and Hannah Frank, and facilitator Linda Detwiler.",
        "Hannah Frank shared a Google Slides presentation titled \"Scialog MTT Meeting Slides\". The slide displayed is titled \"Room 1.1 - Key points Evolution and Co-evolution\" and contains a bullet point to \"Enter Key Discussion Points Here\". The slide also lists participants Cheryl Andam and Hannah Frank, and facilitator Linda Detwiler.",
        "Hannah Frank shared a Google Slides presentation titled \"Scialog MTT Meeting Slides\". The slide displayed is titled \"Room 1.1 - Key points Evolution and Co-evolution\" and contains a bullet point to \"Enter Key Discussion Points Here\". The slide also lists participants Cheryl Andam and Hannah Frank, and facilitator Linda Detwiler.",
        "Hannah Frank shared a Google Slides presentation titled \"Scialog MTT Meeting Slides\". The slide displayed is titled \"Room 1.1 - Key points Evolution and Co-evolution\" and contains a bullet point to \"Enter Key Discussion Points Here\". The slide also lists participants Cheryl Andam and Hannah Frank, and facilitator Linda Detwiler.",
        "Hannah Frank shared a Google Slides presentation titled \"Scialog MTT Meeting Slides\". The slide displayed is titled \"Room 1.1 - Key points Evolution and Co-evolution\" and contains a bullet point to \"Enter Key Discussion Points Here\". The slide also lists participants Cheryl Andam and Hannah Frank, and facilitator Linda Detwiler.",
        "Hannah Frank shared a Google Slides presentation titled \"Scialog MTT Meeting Slides\". The slide displayed is titled \"Room 1.1 - Key points Evolution and Co-evolution\" and contains a bullet point to \"Enter Key Discussion Points Here\". The slide also lists participants Cheryl Andam and Hannah Frank, and facilitator Linda Detwiler.",
        "Hannah Frank shared a Google Slides presentation titled \"Scialog MTT Meeting Slides\". The slide displayed is titled \"Room 1.1 - Key points Evolution and Co-evolution\" and contains a bullet point to \"Enter Key Discussion Points Here\". The slide also lists participants Cheryl Andam and Hannah Frank, and facilitator Linda Detwiler.",
        "The screen shows a background image of mountains and trees.",
        "The screen shows a background image of mountains and trees.",
        "The screen shows a Google Docs document titled \"Scialog M2T Meeting Slides\". The document contains key points about evolution and co-evolution, a list of participants, and notes on incorporating datasources that haven't been used.",
        "The screen shows a Google Docs document titled \"Scialog M2T Meeting Slides\". The document contains key points about evolution and co-evolution, a list of participants, and notes on incorporating datasources that haven't been used.",
        "The screen shows a Google Docs document titled \"Scialog M2T Meeting Slides\". The document contains key points about evolution and co-evolution, a list of participants, and notes on incorporating datasources that haven't been used.",
        "The screen shows a Google Docs document titled \"Scialog M2T Meeting Slides\". The document contains key points about evolution and co-evolution, a list of participants, and notes on incorporating datasources that haven't been used.",
