normalized_name,record_type,conferences,raw_names,source_files,occurrence_count,unique_file_count
andrew,output,2020NES,Andrew,outputs/2020NES/output_2020_11_06_NES_S8/2020_11_06_12_09_28/2020_11_06_12_09_28_chunk1.json | outputs/2020NES/output_2020_11_06_NES_S8/2020_11_06_12_09_28/2020_11_06_12_09_28_chunk2.json | outputs/2020NES/output_2020_11_06_NES_S8/2020_11_06_12_09_28/2020_11_06_12_09_28_chunk3.json | outputs/2020NES/output_2020_11_06_NES_S8/2020_11_06_12_09_28/2020_11_06_12_09_28_chunk4.json | outputs/2020NES/output_2020_11_06_NES_S8/2020_11_06_12_09_28/2020_11_06_12_09_28_chunk5.json | outputs/2020NES/output_2020_11_06_NES_S8/2020_11_06_12_09_28/2020_11_06_12_09_28_chunk6.json | outputs/2020NES/output_2020_11_06_NES_S8/2020_11_06_12_09_28/2020_11_06_12_09_28_chunk7.json | outputs/2020NES/output_2020_11_06_NES_S8/2020_11_06_12_09_28/2020_11_06_12_09_28_chunk8.json,12,8
angela hagen,output,2020NES,Angela Hagen,outputs/2020NES/output_2020_11_06_NES_S6/6_CO2_Reduction_Zoom_Meeting_2020_11_06_08_09_56/6_CO2_Reduction_Zoom_Meeting_2020_11_06_08_09_56.json,3,1
ashleigh baber,output,2020NES,Ashleigh Baber,outputs/2020NES/output_2020_11_05_NES_S1/1_DAC_Simulations_Zoom_Meeting_2020_11_05_12_24_10/1_DAC_Simulations_Zoom_Meeting_2020_11_05_12_24_10_chunk2.json | outputs/2020NES/output_2020_11_05_NES_S1/1_DAC_Simulations_Zoom_Meeting_2020_11_05_12_24_10/1_DAC_Simulations_Zoom_Meeting_2020_11_05_12_24_10_chunk3.json | outputs/2020NES/output_2020_11_05_NES_S1/1_DAC_Simulations_Zoom_Meeting_2020_11_05_12_24_10/1_DAC_Simulations_Zoom_Meeting_2020_11_05_12_24_10_chunk4.json | outputs/2020NES/output_2020_11_05_NES_S1/1_DAC_Simulations_Zoom_Meeting_2020_11_05_12_24_10/1_DAC_Simulations_Zoom_Meeting_2020_11_05_12_24_10_chunk5.json | outputs/2020NES/output_2020_11_05_NES_S1/1_DAC_Simulations_Zoom_Meeting_2020_11_05_12_24_10/1_DAC_Simulations_Zoom_Meeting_2020_11_05_12_24_10_chunk6.json | outputs/2020NES/output_2020_11_06_NES_S11/5_what_to_do_with_captured_carbon_Zoom_Meeting_2020_11_06_12_16_53/5_what_to_do_with_captured_carbon_Zoom_Meeting_2020_11_06_12_16_53_chunk1.json | outputs/2020NES/output_2020_11_06_NES_S11/5_what_to_do_with_captured_carbon_Zoom_Meeting_2020_11_06_12_16_53/5_what_to_do_with_captured_carbon_Zoom_Meeting_2020_11_06_12_16_53_chunk2.json | outputs/2020NES/output_2020_11_06_NES_S11/5_what_to_do_with_captured_carbon_Zoom_Meeting_2020_11_06_12_16_53/5_what_to_do_with_captured_carbon_Zoom_Meeting_2020_11_06_12_16_53_chunk3.json | outputs/2020NES/output_2020_11_06_NES_S11/5_what_to_do_with_captured_carbon_Zoom_Meeting_2020_11_06_12_16_53/5_what_to_do_with_captured_carbon_Zoom_Meeting_2020_11_06_12_16_53_chunk4.json | outputs/2020NES/output_2020_11_06_NES_S11/5_what_to_do_with_captured_carbon_Zoom_Meeting_2020_11_06_12_16_53/5_what_to_do_with_captured_carbon_Zoom_Meeting_2020_11_06_12_16_53_chunk5.json | outputs/2020NES/output_2020_11_06_NES_S11/5_what_to_do_with_captured_carbon_Zoom_Meeting_2020_11_06_12_16_53/5_what_to_do_with_captured_carbon_Zoom_Meeting_2020_11_06_12_16_53_chunk6.json | outputs/2020NES/output_2020_11_06_NES_S11/5_what_to_do_with_captured_carbon_Zoom_Meeting_2020_11_06_12_16_53/5_what_to_do_with_captured_carbon_Zoom_Meeting_2020_11_06_12_16_53_chunk7.json | outputs/2020NES/output_2020_11_06_NES_S6/6_CO2_Reduction_Zoom_Meeting_2020_11_06_08_09_56/6_CO2_Reduction_Zoom_Meeting_2020_11_06_08_09_56.json | outputs/2020NES/output_2020_11_06_NES_S6/6_CO2_Reduction_Zoom_Meeting_2020_11_06_08_34_58/6_CO2_Reduction_Zoom_Meeting_2020_11_06_08_34_58.json,37,14
betsy cantwell,output,2020NES,Betsy Cantwell,outputs/2020NES/output_2020_11_06_NES_S2/2020_11_06_09_59_04/2020_11_06_09_59_04_chunk1.json | outputs/2020NES/output_2020_11_06_NES_S2/2020_11_06_09_59_04/2020_11_06_09_59_04_chunk2.json | outputs/2020NES/output_2020_11_06_NES_S2/2020_11_06_09_59_04/2020_11_06_09_59_04_chunk3.json | outputs/2020NES/output_2020_11_06_NES_S2/2020_11_06_09_59_04/2020_11_06_09_59_04_chunk4.json | outputs/2020NES/output_2020_11_06_NES_S2/2020_11_06_09_59_04/2020_11_06_09_59_04_chunk5.json | outputs/2020NES/output_2020_11_06_NES_S2/2020_11_06_09_59_04/2020_11_06_09_59_04_chunk6.json | outputs/2020NES/output_2020_11_06_NES_S2/2020_11_06_09_59_04/2020_11_06_09_59_04_chunk7.json | outputs/2020NES/output_2020_11_06_NES_S2/2020_11_06_09_59_04/2020_11_06_09_59_04_chunk8.json | outputs/2020NES/output_2020_11_06_NES_S2/2020_11_06_09_59_04/2020_11_06_09_59_04_chunk9.json,11,9
cheng liu,output,2020NES,Cheng Liu,outputs/2020NES/output_2020_11_06_NES_S3/2020_11_06_10_47_07/2020_11_06_10_47_07_chunk1.json | outputs/2020NES/output_2020_11_06_NES_S3/2020_11_06_10_47_07/2020_11_06_10_47_07_chunk2.json | outputs/2020NES/output_2020_11_06_NES_S3/2020_11_06_10_47_07/2020_11_06_10_47_07_chunk3.json | outputs/2020NES/output_2020_11_06_NES_S3/2020_11_06_10_47_07/2020_11_06_10_47_07_chunk4.json,6,4
christopher gorski,output,2020NES,Christopher Gorski,outputs/2020NES/output_2020_11_05_NES_S1/1_DAC_Simulations_Zoom_Meeting_2020_11_05_12_09_10/1_DAC_Simulations_Zoom_Meeting_2020_11_05_12_09_10_chunk1.json | outputs/2020NES/output_2020_11_05_NES_S1/1_DAC_Simulations_Zoom_Meeting_2020_11_05_12_09_10/1_DAC_Simulations_Zoom_Meeting_2020_11_05_12_09_10_chunk2.json | outputs/2020NES/output_2020_11_05_NES_S1/1_DAC_Simulations_Zoom_Meeting_2020_11_05_12_24_10/1_DAC_Simulations_Zoom_Meeting_2020_11_05_12_24_10_chunk2.json | outputs/2020NES/output_2020_11_05_NES_S1/1_DAC_Simulations_Zoom_Meeting_2020_11_05_12_24_10/1_DAC_Simulations_Zoom_Meeting_2020_11_05_12_24_10_chunk3.json | outputs/2020NES/output_2020_11_05_NES_S1/1_DAC_Simulations_Zoom_Meeting_2020_11_05_12_24_10/1_DAC_Simulations_Zoom_Meeting_2020_11_05_12_24_10_chunk4.json | outputs/2020NES/output_2020_11_05_NES_S1/1_DAC_Simulations_Zoom_Meeting_2020_11_05_12_24_10/1_DAC_Simulations_Zoom_Meeting_2020_11_05_12_24_10_chunk5.json | outputs/2020NES/output_2020_11_05_NES_S1/1_DAC_Simulations_Zoom_Meeting_2020_11_05_12_24_10/1_DAC_Simulations_Zoom_Meeting_2020_11_05_12_24_10_chunk6.json | outputs/2020NES/output_2020_11_06_NES_S1/1_CO2_DAC_2_Zoom_Meeting_2020_11_06_11_11_38/1_CO2_DAC_2_Zoom_Meeting_2020_11_06_11_11_38.json | outputs/2020NES/output_2020_11_06_NES_S8/2020_11_06_12_09_28/2020_11_06_12_09_28_chunk3.json | outputs/2020NES/output_2020_11_06_NES_S8/2020_11_06_12_09_28/2020_11_06_12_09_28_chunk4.json | outputs/2020NES/output_2020_11_06_NES_S8/2020_11_06_12_09_28/2020_11_06_12_09_28_chunk5.json | outputs/2020NES/output_2020_11_06_NES_S8/2020_11_06_12_09_28/2020_11_06_12_09_28_chunk6.json | outputs/2020NES/output_2020_11_06_NES_S8/2020_11_06_12_09_28/2020_11_06_12_09_28_chunk7.json | outputs/2020NES/output_2020_11_06_NES_S8/2020_11_06_12_09_28/2020_11_06_12_09_28_chunk8.json,34,14
daniel,output,2020NES,Daniel,outputs/2020NES/output_2020_11_06_NES_S8/2020_11_06_12_09_28/2020_11_06_12_09_28_chunk2.json | outputs/2020NES/output_2020_11_06_NES_S8/2020_11_06_12_09_28/2020_11_06_12_09_28_chunk3.json | outputs/2020NES/output_2020_11_06_NES_S8/2020_11_06_12_09_28/2020_11_06_12_09_28_chunk4.json | outputs/2020NES/output_2020_11_06_NES_S8/2020_11_06_12_09_28/2020_11_06_12_09_28_chunk5.json | outputs/2020NES/output_2020_11_06_NES_S8/2020_11_06_12_09_28/2020_11_06_12_09_28_chunk6.json | outputs/2020NES/output_2020_11_06_NES_S8/2020_11_06_12_09_28/2020_11_06_12_09_28_chunk7.json | outputs/2020NES/output_2020_11_06_NES_S8/2020_11_06_12_09_28/2020_11_06_12_09_28_chunk8.json,9,7
daniel yawitz,output,2020NES,Daniel Yawitz,outputs/2020NES/output_2020_11_05_NES_S4/4_Beyond_CO2_Zoom_Meeting_2020_11_05_11_59_04/4_Beyond_CO2_Zoom_Meeting_2020_11_05_11_59_04_chunk1.json | outputs/2020NES/output_2020_11_05_NES_S4/4_Beyond_CO2_Zoom_Meeting_2020_11_05_11_59_04/4_Beyond_CO2_Zoom_Meeting_2020_11_05_11_59_04_chunk2.json | outputs/2020NES/output_2020_11_05_NES_S4/4_Beyond_CO2_Zoom_Meeting_2020_11_05_12_17_00/4_Beyond_CO2_Zoom_Meeting_2020_11_05_12_17_00_chunk4.json | outputs/2020NES/output_2020_11_05_NES_S4/4_Beyond_CO2_Zoom_Meeting_2020_11_05_12_17_00/4_Beyond_CO2_Zoom_Meeting_2020_11_05_12_17_00_chunk5.json | outputs/2020NES/output_2020_11_05_NES_S4/4_Beyond_CO2_Zoom_Meeting_2020_11_05_12_17_00/4_Beyond_CO2_Zoom_Meeting_2020_11_05_12_17_00_chunk6.json | outputs/2020NES/output_2020_11_05_NES_S4/4_Beyond_CO2_Zoom_Meeting_2020_11_05_13_12_42/4_Beyond_CO2_Zoom_Meeting_2020_11_05_13_12_42.json | outputs/2020NES/output_2020_11_06_NES_S2/2020_11_06_09_59_04/2020_11_06_09_59_04_chunk1.json | outputs/2020NES/output_2020_11_06_NES_S2/2020_11_06_09_59_04/2020_11_06_09_59_04_chunk2.json | outputs/2020NES/output_2020_11_06_NES_S2/2020_11_06_09_59_04/2020_11_06_09_59_04_chunk3.json | outputs/2020NES/output_2020_11_06_NES_S2/2020_11_06_09_59_04/2020_11_06_09_59_04_chunk4.json | outputs/2020NES/output_2020_11_06_NES_S2/2020_11_06_09_59_04/2020_11_06_09_59_04_chunk5.json | outputs/2020NES/output_2020_11_06_NES_S2/2020_11_06_09_59_04/2020_11_06_09_59_04_chunk6.json | outputs/2020NES/output_2020_11_06_NES_S2/2020_11_06_09_59_04/2020_11_06_09_59_04_chunk7.json | outputs/2020NES/output_2020_11_06_NES_S2/2020_11_06_09_59_04/2020_11_06_09_59_04_chunk8.json | outputs/2020NES/output_2020_11_06_NES_S2/2020_11_06_09_59_04/2020_11_06_09_59_04_chunk9.json,29,15
david gator kwab,output,2020NES,David Gator Kwab,outputs/2020NES/output_2020_11_06_NES_S12/6_new_ideas_for_CO2_utilization_Zoom_Meeting_2020_11_06_10_22_34/6_new_ideas_for_CO2_utilization_Zoom_Meeting_2020_11_06_10_22_34_chunk1.json | outputs/2020NES/output_2020_11_06_NES_S12/6_new_ideas_for_CO2_utilization_Zoom_Meeting_2020_11_06_10_22_34/6_new_ideas_for_CO2_utilization_Zoom_Meeting_2020_11_06_10_22_34_chunk2.json | outputs/2020NES/output_2020_11_06_NES_S12/6_new_ideas_for_CO2_utilization_Zoom_Meeting_2020_11_06_10_22_34/6_new_ideas_for_CO2_utilization_Zoom_Meeting_2020_11_06_10_22_34_chunk3.json,9,3
fateme rezaei,output,2020NES,Fateme Rezaei,outputs/2020NES/output_2020_11_05_NES_S1/1_DAC_Simulations_Zoom_Meeting_2020_11_05_12_09_10/1_DAC_Simulations_Zoom_Meeting_2020_11_05_12_09_10_chunk1.json | outputs/2020NES/output_2020_11_05_NES_S1/1_DAC_Simulations_Zoom_Meeting_2020_11_05_12_09_10/1_DAC_Simulations_Zoom_Meeting_2020_11_05_12_09_10_chunk2.json | outputs/2020NES/output_2020_11_05_NES_S1/1_DAC_Simulations_Zoom_Meeting_2020_11_05_12_24_10/1_DAC_Simulations_Zoom_Meeting_2020_11_05_12_24_10_chunk2.json | outputs/2020NES/output_2020_11_05_NES_S1/1_DAC_Simulations_Zoom_Meeting_2020_11_05_12_24_10/1_DAC_Simulations_Zoom_Meeting_2020_11_05_12_24_10_chunk3.json | outputs/2020NES/output_2020_11_05_NES_S1/1_DAC_Simulations_Zoom_Meeting_2020_11_05_12_24_10/1_DAC_Simulations_Zoom_Meeting_2020_11_05_12_24_10_chunk4.json | outputs/2020NES/output_2020_11_05_NES_S1/1_DAC_Simulations_Zoom_Meeting_2020_11_05_12_24_10/1_DAC_Simulations_Zoom_Meeting_2020_11_05_12_24_10_chunk5.json | outputs/2020NES/output_2020_11_05_NES_S1/1_DAC_Simulations_Zoom_Meeting_2020_11_05_12_24_10/1_DAC_Simulations_Zoom_Meeting_2020_11_05_12_24_10_chunk6.json | outputs/2020NES/output_2020_11_06_NES_S12/6_new_ideas_for_CO2_utilization_Zoom_Meeting_2020_11_06_10_12_03/6_new_ideas_for_CO2_utilization_Zoom_Meeting_2020_11_06_10_12_03_chunk1.json | outputs/2020NES/output_2020_11_06_NES_S12/6_new_ideas_for_CO2_utilization_Zoom_Meeting_2020_11_06_10_12_03/6_new_ideas_for_CO2_utilization_Zoom_Meeting_2020_11_06_10_12_03_chunk2.json | outputs/2020NES/output_2020_11_06_NES_S12/6_new_ideas_for_CO2_utilization_Zoom_Meeting_2020_11_06_10_22_34/6_new_ideas_for_CO2_utilization_Zoom_Meeting_2020_11_06_10_22_34_chunk1.json | outputs/2020NES/output_2020_11_06_NES_S12/6_new_ideas_for_CO2_utilization_Zoom_Meeting_2020_11_06_10_22_34/6_new_ideas_for_CO2_utilization_Zoom_Meeting_2020_11_06_10_22_34_chunk2.json | outputs/2020NES/output_2020_11_06_NES_S12/6_new_ideas_for_CO2_utilization_Zoom_Meeting_2020_11_06_10_22_34/6_new_ideas_for_CO2_utilization_Zoom_Meeting_2020_11_06_10_22_34_chunk3.json | outputs/2020NES/output_2020_11_06_NES_S12/6_new_ideas_for_CO2_utilization_Zoom_Meeting_2020_11_06_10_49_48/6_new_ideas_for_CO2_utilization_Zoom_Meeting_2020_11_06_10_49_48_chunk1.json | outputs/2020NES/output_2020_11_06_NES_S12/6_new_ideas_for_CO2_utilization_Zoom_Meeting_2020_11_06_10_49_48/6_new_ideas_for_CO2_utilization_Zoom_Meeting_2020_11_06_10_49_48_chunk2.json | outputs/2020NES/output_2020_11_06_NES_S12/6_new_ideas_for_CO2_utilization_Zoom_Meeting_2020_11_06_10_49_48/6_new_ideas_for_CO2_utilization_Zoom_Meeting_2020_11_06_10_49_48_chunk3.json,42,15
fatima hassan,output,2020NES,Fatima Hassan,outputs/2020NES/output_2020_11_06_NES_S3/2020_11_06_10_47_07/2020_11_06_10_47_07_chunk3.json | outputs/2020NES/output_2020_11_06_NES_S3/2020_11_06_10_47_07/2020_11_06_10_47_07_chunk4.json,8,2
feng jiao,output,2020NES,Feng Jiao,outputs/2020NES/output_2020_11_05_NES_S6/6_Theory_and_Expt_Zoom_Meeting_2020_11_05_09_59_13/6_Theory_and_Expt_Zoom_Meeting_2020_11_05_09_59_13.json | outputs/2020NES/output_2020_11_05_NES_S6/6_Theory_and_Expt_Zoom_Meeting_2020_11_05_10_09_14/6_Theory_and_Expt_Zoom_Meeting_2020_11_05_10_09_14_chunk1.json | outputs/2020NES/output_2020_11_05_NES_S6/6_Theory_and_Expt_Zoom_Meeting_2020_11_05_10_09_14/6_Theory_and_Expt_Zoom_Meeting_2020_11_05_10_09_14_chunk2.json | outputs/2020NES/output_2020_11_05_NES_S6/6_Theory_and_Expt_Zoom_Meeting_2020_11_05_10_21_36/6_Theory_and_Expt_Zoom_Meeting_2020_11_05_10_21_36.json | outputs/2020NES/output_2020_11_06_NES_S11/5_what_to_do_with_captured_carbon_Zoom_Meeting_2020_11_06_12_16_53/5_what_to_do_with_captured_carbon_Zoom_Meeting_2020_11_06_12_16_53_chunk1.json | outputs/2020NES/output_2020_11_06_NES_S11/5_what_to_do_with_captured_carbon_Zoom_Meeting_2020_11_06_12_16_53/5_what_to_do_with_captured_carbon_Zoom_Meeting_2020_11_06_12_16_53_chunk2.json | outputs/2020NES/output_2020_11_06_NES_S11/5_what_to_do_with_captured_carbon_Zoom_Meeting_2020_11_06_12_16_53/5_what_to_do_with_captured_carbon_Zoom_Meeting_2020_11_06_12_16_53_chunk3.json | outputs/2020NES/output_2020_11_06_NES_S11/5_what_to_do_with_captured_carbon_Zoom_Meeting_2020_11_06_12_16_53/5_what_to_do_with_captured_carbon_Zoom_Meeting_2020_11_06_12_16_53_chunk4.json | outputs/2020NES/output_2020_11_06_NES_S11/5_what_to_do_with_captured_carbon_Zoom_Meeting_2020_11_06_12_16_53/5_what_to_do_with_captured_carbon_Zoom_Meeting_2020_11_06_12_16_53_chunk5.json | outputs/2020NES/output_2020_11_06_NES_S11/5_what_to_do_with_captured_carbon_Zoom_Meeting_2020_11_06_12_16_53/5_what_to_do_with_captured_carbon_Zoom_Meeting_2020_11_06_12_16_53_chunk6.json | outputs/2020NES/output_2020_11_06_NES_S11/5_what_to_do_with_captured_carbon_Zoom_Meeting_2020_11_06_12_16_53/5_what_to_do_with_captured_carbon_Zoom_Meeting_2020_11_06_12_16_53_chunk7.json | outputs/2020NES/output_2020_11_06_NES_S4/Zoom_Meeting_2020_11_06_10_09_38/Zoom_Meeting_2020_11_06_10_09_38_chunk1.json | outputs/2020NES/output_2020_11_06_NES_S4/Zoom_Meeting_2020_11_06_10_09_38/Zoom_Meeting_2020_11_06_10_09_38_chunk2.json | outputs/2020NES/output_2020_11_06_NES_S4/Zoom_Meeting_2020_11_06_10_09_38/Zoom_Meeting_2020_11_06_10_09_38_chunk3.json | outputs/2020NES/output_2020_11_06_NES_S4/Zoom_Meeting_2020_11_06_10_09_38/Zoom_Meeting_2020_11_06_10_09_38_chunk4.json | outputs/2020NES/output_2020_11_06_NES_S4/Zoom_Meeting_2020_11_06_10_43_41/Zoom_Meeting_2020_11_06_10_43_41_chunk1.json | outputs/2020NES/output_2020_11_06_NES_S4/Zoom_Meeting_2020_11_06_10_43_41/Zoom_Meeting_2020_11_06_10_43_41_chunk2.json | outputs/2020NES/output_2020_11_06_NES_S4/Zoom_Meeting_2020_11_06_10_43_41/Zoom_Meeting_2020_11_06_10_43_41_chunk3.json | outputs/2020NES/output_2020_11_06_NES_S4/Zoom_Meeting_2020_11_06_10_43_41/Zoom_Meeting_2020_11_06_10_43_41_chunk4.json,68,19
fikile brushett,output,2020NES,Fikile Brushett,outputs/2020NES/output_2020_11_06_NES_S6/6_CO2_Reduction_Zoom_Meeting_2020_11_06_08_09_56/6_CO2_Reduction_Zoom_Meeting_2020_11_06_08_09_56.json,3,1
haotian wang,output,2020NES,Haotian Wang,outputs/2020NES/output_2020_11_05_NES_S2/2020_11_05_11_57_33/2020_11_05_11_57_33_chunk1.json | outputs/2020NES/output_2020_11_05_NES_S2/2020_11_05_11_57_33/2020_11_05_11_57_33_chunk2.json | outputs/2020NES/output_2020_11_05_NES_S2/2020_11_05_11_57_33/2020_11_05_11_57_33_chunk3.json | outputs/2020NES/output_2020_11_05_NES_S2/2020_11_05_11_57_33/2020_11_05_11_57_33_chunk4.json | outputs/2020NES/output_2020_11_05_NES_S2/2020_11_05_11_57_33/2020_11_05_11_57_33_chunk5.json | outputs/2020NES/output_2020_11_05_NES_S2/2020_11_05_11_57_33/2020_11_05_11_57_33_chunk6.json | outputs/2020NES/output_2020_11_05_NES_S2/2020_11_05_11_57_33/2020_11_05_11_57_33_chunk7.json | outputs/2020NES/output_2020_11_05_NES_S2/2020_11_05_11_57_33/2020_11_05_11_57_33_chunk8.json | outputs/2020NES/output_2020_11_06_NES_S7/1_beyond_co2_Zoom_Meeting_2020_11_06_12_11_55/1_beyond_co2_Zoom_Meeting_2020_11_06_12_11_55_chunk1.json | outputs/2020NES/output_2020_11_06_NES_S7/1_beyond_co2_Zoom_Meeting_2020_11_06_12_11_55/1_beyond_co2_Zoom_Meeting_2020_11_06_12_11_55_chunk2.json | outputs/2020NES/output_2020_11_06_NES_S7/1_beyond_co2_Zoom_Meeting_2020_11_06_12_11_55/1_beyond_co2_Zoom_Meeting_2020_11_06_12_11_55_chunk3.json | outputs/2020NES/output_2020_11_06_NES_S7/1_beyond_co2_Zoom_Meeting_2020_11_06_12_11_55/1_beyond_co2_Zoom_Meeting_2020_11_06_12_11_55_chunk4.json | outputs/2020NES/output_2020_11_06_NES_S7/1_beyond_co2_Zoom_Meeting_2020_11_06_12_11_55/1_beyond_co2_Zoom_Meeting_2020_11_06_12_11_55_chunk5.json | outputs/2020NES/output_2020_11_06_NES_S7/1_beyond_co2_Zoom_Meeting_2020_11_06_12_11_55/1_beyond_co2_Zoom_Meeting_2020_11_06_12_11_55_chunk6.json,38,14
jane zelikova,output,2020NES,Jane Zelikova,outputs/2020NES/output_2020_11_05_NES_S5/5_Decarbonizing_the_Economy_Zoom_Meeting_11_5_2020_11_58_06_AM/5_Decarbonizing_the_Economy_Zoom_Meeting_11_5_2020_11_58_06_AM_chunk2.json | outputs/2020NES/output_2020_11_05_NES_S5/5_Decarbonizing_the_Economy_Zoom_Meeting_11_5_2020_12_19_34_PM/5_Decarbonizing_the_Economy_Zoom_Meeting_11_5_2020_12_19_34_PM_chunk1.json | outputs/2020NES/output_2020_11_05_NES_S5/5_Decarbonizing_the_Economy_Zoom_Meeting_11_5_2020_12_19_34_PM/5_Decarbonizing_the_Economy_Zoom_Meeting_11_5_2020_12_19_34_PM_chunk2.json | outputs/2020NES/output_2020_11_05_NES_S5/5_Decarbonizing_the_Economy_Zoom_Meeting_11_5_2020_12_19_34_PM/5_Decarbonizing_the_Economy_Zoom_Meeting_11_5_2020_12_19_34_PM_chunk3.json | outputs/2020NES/output_2020_11_05_NES_S5/5_Decarbonizing_the_Economy_Zoom_Meeting_11_5_2020_12_19_34_PM/5_Decarbonizing_the_Economy_Zoom_Meeting_11_5_2020_12_19_34_PM_chunk4.json | outputs/2020NES/output_2020_11_05_NES_S5/5_Decarbonizing_the_Economy_Zoom_Meeting_11_5_2020_12_19_34_PM/5_Decarbonizing_the_Economy_Zoom_Meeting_11_5_2020_12_19_34_PM_chunk5.json | outputs/2020NES/output_2020_11_05_NES_S5/5_Decarbonizing_the_Economy_Zoom_Meeting_11_5_2020_12_19_34_PM/5_Decarbonizing_the_Economy_Zoom_Meeting_11_5_2020_12_19_34_PM_chunk6.json | outputs/2020NES/output_2020_11_06_NES_S2/2020_11_06_09_59_04/2020_11_06_09_59_04_chunk1.json | outputs/2020NES/output_2020_11_06_NES_S2/2020_11_06_09_59_04/2020_11_06_09_59_04_chunk2.json | outputs/2020NES/output_2020_11_06_NES_S2/2020_11_06_09_59_04/2020_11_06_09_59_04_chunk3.json | outputs/2020NES/output_2020_11_06_NES_S2/2020_11_06_09_59_04/2020_11_06_09_59_04_chunk4.json | outputs/2020NES/output_2020_11_06_NES_S2/2020_11_06_09_59_04/2020_11_06_09_59_04_chunk5.json | outputs/2020NES/output_2020_11_06_NES_S2/2020_11_06_09_59_04/2020_11_06_09_59_04_chunk6.json | outputs/2020NES/output_2020_11_06_NES_S2/2020_11_06_09_59_04/2020_11_06_09_59_04_chunk7.json | outputs/2020NES/output_2020_11_06_NES_S2/2020_11_06_09_59_04/2020_11_06_09_59_04_chunk8.json | outputs/2020NES/output_2020_11_06_NES_S2/2020_11_06_09_59_04/2020_11_06_09_59_04_chunk9.json | outputs/2020NES/output_2020_11_06_NES_S4/Zoom_Meeting_2020_11_06_10_09_38/Zoom_Meeting_2020_11_06_10_09_38_chunk1.json | outputs/2020NES/output_2020_11_06_NES_S4/Zoom_Meeting_2020_11_06_10_09_38/Zoom_Meeting_2020_11_06_10_09_38_chunk2.json | outputs/2020NES/output_2020_11_06_NES_S4/Zoom_Meeting_2020_11_06_10_09_38/Zoom_Meeting_2020_11_06_10_09_38_chunk3.json | outputs/2020NES/output_2020_11_06_NES_S4/Zoom_Meeting_2020_11_06_10_09_38/Zoom_Meeting_2020_11_06_10_09_38_chunk4.json | outputs/2020NES/output_2020_11_06_NES_S9/2020_11_06_12_09_40/2020_11_06_12_09_40_chunk1.json | outputs/2020NES/output_2020_11_06_NES_S9/2020_11_06_12_09_40/2020_11_06_12_09_40_chunk2.json | outputs/2020NES/output_2020_11_06_NES_S9/2020_11_06_12_09_40/2020_11_06_12_09_40_chunk3.json | outputs/2020NES/output_2020_11_06_NES_S9/2020_11_06_12_09_40/2020_11_06_12_09_40_chunk4.json | outputs/2020NES/output_2020_11_06_NES_S9/2020_11_06_12_09_40/2020_11_06_12_09_40_chunk5.json | outputs/2020NES/output_2020_11_06_NES_S9/2020_11_06_12_09_40/2020_11_06_12_09_40_chunk6.json | outputs/2020NES/output_2020_11_06_NES_S9/2020_11_06_12_09_40/2020_11_06_12_09_40_chunk7.json | outputs/2020NES/output_2020_11_06_NES_S9/2020_11_06_12_09_40/2020_11_06_12_09_40_chunk8.json,63,28
jeff long,output,2020NES,Jeff Long,outputs/2020NES/output_2020_11_06_NES_S8/2020_11_06_12_09_28/2020_11_06_12_09_28_chunk1.json | outputs/2020NES/output_2020_11_06_NES_S8/2020_11_06_12_09_28/2020_11_06_12_09_28_chunk2.json | outputs/2020NES/output_2020_11_06_NES_S8/2020_11_06_12_09_28/2020_11_06_12_09_28_chunk3.json | outputs/2020NES/output_2020_11_06_NES_S8/2020_11_06_12_09_28/2020_11_06_12_09_28_chunk4.json | outputs/2020NES/output_2020_11_06_NES_S8/2020_11_06_12_09_28/2020_11_06_12_09_28_chunk5.json | outputs/2020NES/output_2020_11_06_NES_S8/2020_11_06_12_09_28/2020_11_06_12_09_28_chunk6.json | outputs/2020NES/output_2020_11_06_NES_S8/2020_11_06_12_09_28/2020_11_06_12_09_28_chunk7.json | outputs/2020NES/output_2020_11_06_NES_S8/2020_11_06_12_09_28/2020_11_06_12_09_28_chunk8.json,90,8
jen wilcox,output,2020NES,Jen Wilcox,outputs/2020NES/output_2020_11_05_NES_S2/2020_11_05_11_57_33/2020_11_05_11_57_33_chunk1.json | outputs/2020NES/output_2020_11_05_NES_S2/2020_11_05_11_57_33/2020_11_05_11_57_33_chunk2.json | outputs/2020NES/output_2020_11_05_NES_S2/2020_11_05_11_57_33/2020_11_05_11_57_33_chunk3.json | outputs/2020NES/output_2020_11_05_NES_S2/2020_11_05_11_57_33/2020_11_05_11_57_33_chunk4.json | outputs/2020NES/output_2020_11_05_NES_S2/2020_11_05_11_57_33/2020_11_05_11_57_33_chunk5.json | outputs/2020NES/output_2020_11_05_NES_S2/2020_11_05_11_57_33/2020_11_05_11_57_33_chunk6.json | outputs/2020NES/output_2020_11_05_NES_S2/2020_11_05_11_57_33/2020_11_05_11_57_33_chunk7.json | outputs/2020NES/output_2020_11_05_NES_S2/2020_11_05_11_57_33/2020_11_05_11_57_33_chunk8.json,31,8
jennifer wilcox,output,2020NES,Jennifer Wilcox,outputs/2020NES/output_2020_11_06_NES_S1/Zoom_Meeting_2020_11_06_10_17_47/Zoom_Meeting_2020_11_06_10_17_47_chunk1.json | outputs/2020NES/output_2020_11_06_NES_S1/Zoom_Meeting_2020_11_06_10_17_47/Zoom_Meeting_2020_11_06_10_17_47_chunk2.json | outputs/2020NES/output_2020_11_06_NES_S1/Zoom_Meeting_2020_11_06_10_17_47/Zoom_Meeting_2020_11_06_10_17_47_chunk3.json | outputs/2020NES/output_2020_11_06_NES_S1/Zoom_Meeting_2020_11_06_10_17_47/Zoom_Meeting_2020_11_06_10_17_47_chunk4.json | outputs/2020NES/output_2020_11_06_NES_S11/5_what_to_do_with_captured_carbon_Zoom_Meeting_2020_11_06_12_16_06/5_what_to_do_with_captured_carbon_Zoom_Meeting_2020_11_06_12_16_06.json | outputs/2020NES/output_2020_11_06_NES_S11/5_what_to_do_with_captured_carbon_Zoom_Meeting_2020_11_06_12_16_53/5_what_to_do_with_captured_carbon_Zoom_Meeting_2020_11_06_12_16_53_chunk1.json | outputs/2020NES/output_2020_11_06_NES_S11/5_what_to_do_with_captured_carbon_Zoom_Meeting_2020_11_06_12_16_53/5_what_to_do_with_captured_carbon_Zoom_Meeting_2020_11_06_12_16_53_chunk2.json | outputs/2020NES/output_2020_11_06_NES_S11/5_what_to_do_with_captured_carbon_Zoom_Meeting_2020_11_06_12_16_53/5_what_to_do_with_captured_carbon_Zoom_Meeting_2020_11_06_12_16_53_chunk3.json | outputs/2020NES/output_2020_11_06_NES_S11/5_what_to_do_with_captured_carbon_Zoom_Meeting_2020_11_06_12_16_53/5_what_to_do_with_captured_carbon_Zoom_Meeting_2020_11_06_12_16_53_chunk4.json | outputs/2020NES/output_2020_11_06_NES_S11/5_what_to_do_with_captured_carbon_Zoom_Meeting_2020_11_06_12_16_53/5_what_to_do_with_captured_carbon_Zoom_Meeting_2020_11_06_12_16_53_chunk5.json | outputs/2020NES/output_2020_11_06_NES_S11/5_what_to_do_with_captured_carbon_Zoom_Meeting_2020_11_06_12_16_53/5_what_to_do_with_captured_carbon_Zoom_Meeting_2020_11_06_12_16_53_chunk6.json | outputs/2020NES/output_2020_11_06_NES_S11/5_what_to_do_with_captured_carbon_Zoom_Meeting_2020_11_06_12_16_53/5_what_to_do_with_captured_carbon_Zoom_Meeting_2020_11_06_12_16_53_chunk7.json,54,12
julia,output,2020NES,Julia,outputs/2020NES/output_2020_11_05_NES_S5/Zoom_Meeting_11_5_2020_12_11_13_PM/Zoom_Meeting_11_5_2020_12_11_13_PM.json,3,1
julia brown,output,2020NES,Julia Brown,outputs/2020NES/output_2020_11_05_NES_S5/5_Decarbonizing_the_Economy_Zoom_Meeting_11_5_2020_11_58_06_AM/5_Decarbonizing_the_Economy_Zoom_Meeting_11_5_2020_11_58_06_AM_chunk1.json | outputs/2020NES/output_2020_11_05_NES_S5/5_Decarbonizing_the_Economy_Zoom_Meeting_11_5_2020_11_58_06_AM/5_Decarbonizing_the_Economy_Zoom_Meeting_11_5_2020_11_58_06_AM_chunk2.json | outputs/2020NES/output_2020_11_05_NES_S5/5_Decarbonizing_the_Economy_Zoom_Meeting_11_5_2020_12_19_34_PM/5_Decarbonizing_the_Economy_Zoom_Meeting_11_5_2020_12_19_34_PM_chunk1.json | outputs/2020NES/output_2020_11_05_NES_S5/5_Decarbonizing_the_Economy_Zoom_Meeting_11_5_2020_12_19_34_PM/5_Decarbonizing_the_Economy_Zoom_Meeting_11_5_2020_12_19_34_PM_chunk2.json | outputs/2020NES/output_2020_11_05_NES_S5/5_Decarbonizing_the_Economy_Zoom_Meeting_11_5_2020_12_19_34_PM/5_Decarbonizing_the_Economy_Zoom_Meeting_11_5_2020_12_19_34_PM_chunk3.json | outputs/2020NES/output_2020_11_05_NES_S5/5_Decarbonizing_the_Economy_Zoom_Meeting_11_5_2020_12_19_34_PM/5_Decarbonizing_the_Economy_Zoom_Meeting_11_5_2020_12_19_34_PM_chunk4.json | outputs/2020NES/output_2020_11_05_NES_S5/5_Decarbonizing_the_Economy_Zoom_Meeting_11_5_2020_12_19_34_PM/5_Decarbonizing_the_Economy_Zoom_Meeting_11_5_2020_12_19_34_PM_chunk5.json | outputs/2020NES/output_2020_11_05_NES_S5/5_Decarbonizing_the_Economy_Zoom_Meeting_11_5_2020_12_19_34_PM/5_Decarbonizing_the_Economy_Zoom_Meeting_11_5_2020_12_19_34_PM_chunk6.json | outputs/2020NES/output_2020_11_05_NES_S5/Zoom_Meeting_11_5_2020_12_17_50_PM/Zoom_Meeting_11_5_2020_12_17_50_PM.json | outputs/2020NES/output_2020_11_06_NES_S11/5_what_to_do_with_captured_carbon_Zoom_Meeting_2020_11_06_12_16_06/5_what_to_do_with_captured_carbon_Zoom_Meeting_2020_11_06_12_16_06.json | outputs/2020NES/output_2020_11_06_NES_S11/5_what_to_do_with_captured_carbon_Zoom_Meeting_2020_11_06_12_16_53/5_what_to_do_with_captured_carbon_Zoom_Meeting_2020_11_06_12_16_53_chunk1.json | outputs/2020NES/output_2020_11_06_NES_S11/5_what_to_do_with_captured_carbon_Zoom_Meeting_2020_11_06_12_16_53/5_what_to_do_with_captured_carbon_Zoom_Meeting_2020_11_06_12_16_53_chunk2.json | outputs/2020NES/output_2020_11_06_NES_S11/5_what_to_do_with_captured_carbon_Zoom_Meeting_2020_11_06_12_16_53/5_what_to_do_with_captured_carbon_Zoom_Meeting_2020_11_06_12_16_53_chunk3.json | outputs/2020NES/output_2020_11_06_NES_S11/5_what_to_do_with_captured_carbon_Zoom_Meeting_2020_11_06_12_16_53/5_what_to_do_with_captured_carbon_Zoom_Meeting_2020_11_06_12_16_53_chunk4.json | outputs/2020NES/output_2020_11_06_NES_S11/5_what_to_do_with_captured_carbon_Zoom_Meeting_2020_11_06_12_16_53/5_what_to_do_with_captured_carbon_Zoom_Meeting_2020_11_06_12_16_53_chunk5.json | outputs/2020NES/output_2020_11_06_NES_S11/5_what_to_do_with_captured_carbon_Zoom_Meeting_2020_11_06_12_16_53/5_what_to_do_with_captured_carbon_Zoom_Meeting_2020_11_06_12_16_53_chunk6.json | outputs/2020NES/output_2020_11_06_NES_S11/5_what_to_do_with_captured_carbon_Zoom_Meeting_2020_11_06_12_16_53/5_what_to_do_with_captured_carbon_Zoom_Meeting_2020_11_06_12_16_53_chunk7.json | outputs/2020NES/output_2020_11_06_NES_S3/2020_11_06_10_47_07/2020_11_06_10_47_07_chunk1.json | outputs/2020NES/output_2020_11_06_NES_S3/2020_11_06_10_47_07/2020_11_06_10_47_07_chunk2.json | outputs/2020NES/output_2020_11_06_NES_S3/2020_11_06_10_47_07/2020_11_06_10_47_07_chunk3.json | outputs/2020NES/output_2020_11_06_NES_S3/2020_11_06_10_47_07/2020_11_06_10_47_07_chunk4.json,94,21
kelsey hazell,truth,2020NES,Kelsey Hazell,analysis_v1/data/2020NES/2020NES_outcome.json,2,1
kevin tidwell,output,2020NES,Kevin Tidwell,outputs/2020NES/output_2020_11_06_NES_S12/6_new_ideas_for_CO2_utilization_Zoom_Meeting_2020_11_06_10_12_03/6_new_ideas_for_CO2_utilization_Zoom_Meeting_2020_11_06_10_12_03_chunk1.json | outputs/2020NES/output_2020_11_06_NES_S12/6_new_ideas_for_CO2_utilization_Zoom_Meeting_2020_11_06_10_12_03/6_new_ideas_for_CO2_utilization_Zoom_Meeting_2020_11_06_10_12_03_chunk2.json,7,2
lindsey seitz,output,2020NES,Lindsey Seitz,outputs/2020NES/output_2020_11_05_NES_S6/6_Theory_and_Expt_Zoom_Meeting_2020_11_05_10_09_14/6_Theory_and_Expt_Zoom_Meeting_2020_11_05_10_09_14_chunk1.json | outputs/2020NES/output_2020_11_05_NES_S6/6_Theory_and_Expt_Zoom_Meeting_2020_11_05_10_09_14/6_Theory_and_Expt_Zoom_Meeting_2020_11_05_10_09_14_chunk2.json,4,2
mona razzaghi,output,2020NES,Mona Razzaghi,outputs/2020NES/output_2020_11_06_NES_S3/2020_11_06_10_47_07/2020_11_06_10_47_07_chunk1.json | outputs/2020NES/output_2020_11_06_NES_S3/2020_11_06_10_47_07/2020_11_06_10_47_07_chunk2.json | outputs/2020NES/output_2020_11_06_NES_S3/2020_11_06_10_47_07/2020_11_06_10_47_07_chunk3.json | outputs/2020NES/output_2020_11_06_NES_S3/2020_11_06_10_47_07/2020_11_06_10_47_07_chunk4.json,6,4
pete reiners,output,2020NES,Pete Reiners,outputs/2020NES/output_2020_11_06_NES_S9/2020_11_06_12_09_40/2020_11_06_12_09_40_chunk1.json | outputs/2020NES/output_2020_11_06_NES_S9/2020_11_06_12_09_40/2020_11_06_12_09_40_chunk2.json | outputs/2020NES/output_2020_11_06_NES_S9/2020_11_06_12_09_40/2020_11_06_12_09_40_chunk3.json | outputs/2020NES/output_2020_11_06_NES_S9/2020_11_06_12_09_40/2020_11_06_12_09_40_chunk4.json | outputs/2020NES/output_2020_11_06_NES_S9/2020_11_06_12_09_40/2020_11_06_12_09_40_chunk5.json | outputs/2020NES/output_2020_11_06_NES_S9/2020_11_06_12_09_40/2020_11_06_12_09_40_chunk6.json | outputs/2020NES/output_2020_11_06_NES_S9/2020_11_06_12_09_40/2020_11_06_12_09_40_chunk7.json | outputs/2020NES/output_2020_11_06_NES_S9/2020_11_06_12_09_40/2020_11_06_12_09_40_chunk8.json,21,8
phil milner,output,2020NES,Phil Milner,outputs/2020NES/output_2020_11_05_NES_S3/3_Sorbents_Zoom_Meeting_2020_11_05_12_12_32/3_Sorbents_Zoom_Meeting_2020_11_05_12_12_32.json | outputs/2020NES/output_2020_11_05_NES_S3/3_Sorbents_Zoom_Meeting_2020_11_05_12_20_44/3_Sorbents_Zoom_Meeting_2020_11_05_12_20_44_chunk1.json | outputs/2020NES/output_2020_11_05_NES_S3/3_Sorbents_Zoom_Meeting_2020_11_05_12_20_44/3_Sorbents_Zoom_Meeting_2020_11_05_12_20_44_chunk2.json | outputs/2020NES/output_2020_11_05_NES_S3/3_Sorbents_Zoom_Meeting_2020_11_05_12_20_44/3_Sorbents_Zoom_Meeting_2020_11_05_12_20_44_chunk3.json | outputs/2020NES/output_2020_11_05_NES_S3/3_Sorbents_Zoom_Meeting_2020_11_05_12_20_44/3_Sorbents_Zoom_Meeting_2020_11_05_12_20_44_chunk4.json | outputs/2020NES/output_2020_11_05_NES_S3/3_Sorbents_Zoom_Meeting_2020_11_05_12_20_44/3_Sorbents_Zoom_Meeting_2020_11_05_12_20_44_chunk5.json | outputs/2020NES/output_2020_11_05_NES_S3/3_Sorbents_Zoom_Meeting_2020_11_05_12_20_44/3_Sorbents_Zoom_Meeting_2020_11_05_12_20_44_chunk6.json | outputs/2020NES/output_2020_11_06_NES_S3/2020_11_06_10_47_07/2020_11_06_10_47_07_chunk2.json | outputs/2020NES/output_2020_11_06_NES_S3/2020_11_06_10_47_07/2020_11_06_10_47_07_chunk3.json | outputs/2020NES/output_2020_11_06_NES_S3/2020_11_06_10_47_07/2020_11_06_10_47_07_chunk4.json | outputs/2020NES/output_2020_11_06_NES_S7/1_beyond_co2_Zoom_Meeting_2020_11_06_12_11_55/1_beyond_co2_Zoom_Meeting_2020_11_06_12_11_55_chunk6.json,47,11
remi bouteille,output,2020NES,Remi Bouteille,outputs/2020NES/output_2020_11_06_NES_S10/4_frontiers_in_echem_Zoom_Meeting_2020_11_06_12_52_00/4_frontiers_in_echem_Zoom_Meeting_2020_11_06_12_52_00_chunk3.json,6,1
remi boutelle,output,2020NES,Remi Boutelle,outputs/2020NES/output_2020_11_06_NES_S10/4_frontiers_in_echem_Zoom_Meeting_2020_11_06_12_15_06/4_frontiers_in_echem_Zoom_Meeting_2020_11_06_12_15_06.json,3,1
remibouteille,output,2020NES,remibouteille,outputs/2020NES/output_2020_11_06_NES_S3/2020_11_06_10_47_07/2020_11_06_10_47_07_chunk4.json,6,1
remy,output,2020NES,Remy,outputs/2020NES/output_2020_11_05_NES_S6/6_Theory_and_Expt_Zoom_Meeting_2020_11_05_09_59_13/6_Theory_and_Expt_Zoom_Meeting_2020_11_05_09_59_13.json,3,1
roger,output,2020NES,Roger,outputs/2020NES/output_2020_11_05_NES_S5/Zoom_Meeting_11_5_2020_12_11_13_PM/Zoom_Meeting_11_5_2020_12_11_13_PM.json,7,1
sabarjee,output,2020NES,Sabarjee,outputs/2020NES/output_2020_11_05_NES_S6/6_Theory_and_Expt_Zoom_Meeting_2020_11_05_09_57_35/6_Theory_and_Expt_Zoom_Meeting_2020_11_05_09_57_35.json,4,1
shaama mallikarjun sharada,output,2020NES,Shaama Mallikarjun Sharada,outputs/2020NES/output_2020_11_05_NES_S6/6_Theory_and_Expt_Zoom_Meeting_2020_11_05_09_59_13/6_Theory_and_Expt_Zoom_Meeting_2020_11_05_09_59_13.json,3,1
shama m sharada,output,2020NES,Shama M. Sharada,outputs/2020NES/output_2020_11_06_NES_S3/2020_11_06_10_47_07/2020_11_06_10_47_07_chunk1.json | outputs/2020NES/output_2020_11_06_NES_S3/2020_11_06_10_47_07/2020_11_06_10_47_07_chunk2.json | outputs/2020NES/output_2020_11_06_NES_S3/2020_11_06_10_47_07/2020_11_06_10_47_07_chunk3.json | outputs/2020NES/output_2020_11_06_NES_S3/2020_11_06_10_47_07/2020_11_06_10_47_07_chunk4.json,12,4
simona niguari,output,2020NES,Simona Niguari,outputs/2020NES/output_2020_11_06_NES_S9/2020_11_06_12_09_40/2020_11_06_12_09_40_chunk1.json | outputs/2020NES/output_2020_11_06_NES_S9/2020_11_06_12_09_40/2020_11_06_12_09_40_chunk2.json | outputs/2020NES/output_2020_11_06_NES_S9/2020_11_06_12_09_40/2020_11_06_12_09_40_chunk3.json | outputs/2020NES/output_2020_11_06_NES_S9/2020_11_06_12_09_40/2020_11_06_12_09_40_chunk4.json | outputs/2020NES/output_2020_11_06_NES_S9/2020_11_06_12_09_40/2020_11_06_12_09_40_chunk5.json | outputs/2020NES/output_2020_11_06_NES_S9/2020_11_06_12_09_40/2020_11_06_12_09_40_chunk6.json | outputs/2020NES/output_2020_11_06_NES_S9/2020_11_06_12_09_40/2020_11_06_12_09_40_chunk7.json | outputs/2020NES/output_2020_11_06_NES_S9/2020_11_06_12_09_40/2020_11_06_12_09_40_chunk8.json,18,8
speaker 1,output,2020NES,Speaker 1,outputs/2020NES/output_2020_11_05_NES_S4/4_Beyond_CO2_Zoom_Meeting_2020_11_05_11_58_47/4_Beyond_CO2_Zoom_Meeting_2020_11_05_11_58_47.json | outputs/2020NES/output_2020_11_05_NES_S6/6_Theory_and_Expt_Zoom_Meeting_2020_11_05_09_57_35/6_Theory_and_Expt_Zoom_Meeting_2020_11_05_09_57_35.json | outputs/2020NES/output_2020_11_06_NES_S7/Zoom_Meeting_2020_11_06_12_11_46/Zoom_Meeting_2020_11_06_12_11_46.json,9,3
speaker 2,output,2020NES,Speaker 2,outputs/2020NES/output_2020_11_06_NES_S7/Zoom_Meeting_2020_11_06_12_11_46/Zoom_Meeting_2020_11_06_12_11_46.json,3,1
tianbiao leo liu,output,2020NES,Tianbiao Leo Liu,outputs/2020NES/output_2020_11_05_NES_S6/6_Theory_and_Expt_Zoom_Meeting_2020_11_05_09_59_13/6_Theory_and_Expt_Zoom_Meeting_2020_11_05_09_59_13.json,3,1
unknown,output,2020NES,Unknown Speaker,outputs/2020NES/output_2020_11_06_NES_S9/2020_11_06_12_09_40/2020_11_06_12_09_40_chunk1.json | outputs/2020NES/output_2020_11_06_NES_S9/2020_11_06_12_09_40/2020_11_06_12_09_40_chunk2.json | outputs/2020NES/output_2020_11_06_NES_S9/2020_11_06_12_09_40/2020_11_06_12_09_40_chunk3.json | outputs/2020NES/output_2020_11_06_NES_S9/2020_11_06_12_09_40/2020_11_06_12_09_40_chunk4.json | outputs/2020NES/output_2020_11_06_NES_S9/2020_11_06_12_09_40/2020_11_06_12_09_40_chunk5.json | outputs/2020NES/output_2020_11_06_NES_S9/2020_11_06_12_09_40/2020_11_06_12_09_40_chunk6.json | outputs/2020NES/output_2020_11_06_NES_S9/2020_11_06_12_09_40/2020_11_06_12_09_40_chunk7.json | outputs/2020NES/output_2020_11_06_NES_S9/2020_11_06_12_09_40/2020_11_06_12_09_40_chunk8.json,10,8
unknown female,output,2020NES,Unknown Female,outputs/2020NES/output_2020_11_05_NES_S5/Zoom_Meeting_11_5_2020_12_11_13_PM/Zoom_Meeting_11_5_2020_12_11_13_PM.json,3,1
unknown male,output,2020NES,Unknown Male,outputs/2020NES/output_2020_11_05_NES_S5/Zoom_Meeting_11_5_2020_12_11_13_PM/Zoom_Meeting_11_5_2020_12_11_13_PM.json,3,1
valentina prigiobbe,output,2020NES,Valentina Prigiobbe,outputs/2020NES/output_2020_11_05_NES_S1/1_DAC_Simulations_Zoom_Meeting_2020_11_05_12_09_10/1_DAC_Simulations_Zoom_Meeting_2020_11_05_12_09_10_chunk1.json | outputs/2020NES/output_2020_11_05_NES_S1/1_DAC_Simulations_Zoom_Meeting_2020_11_05_12_09_10/1_DAC_Simulations_Zoom_Meeting_2020_11_05_12_09_10_chunk2.json | outputs/2020NES/output_2020_11_05_NES_S1/1_DAC_Simulations_Zoom_Meeting_2020_11_05_12_24_10/1_DAC_Simulations_Zoom_Meeting_2020_11_05_12_24_10_chunk1.json | outputs/2020NES/output_2020_11_05_NES_S1/1_DAC_Simulations_Zoom_Meeting_2020_11_05_12_24_10/1_DAC_Simulations_Zoom_Meeting_2020_11_05_12_24_10_chunk2.json | outputs/2020NES/output_2020_11_05_NES_S1/1_DAC_Simulations_Zoom_Meeting_2020_11_05_12_24_10/1_DAC_Simulations_Zoom_Meeting_2020_11_05_12_24_10_chunk3.json | outputs/2020NES/output_2020_11_05_NES_S1/1_DAC_Simulations_Zoom_Meeting_2020_11_05_12_24_10/1_DAC_Simulations_Zoom_Meeting_2020_11_05_12_24_10_chunk4.json | outputs/2020NES/output_2020_11_05_NES_S1/1_DAC_Simulations_Zoom_Meeting_2020_11_05_12_24_10/1_DAC_Simulations_Zoom_Meeting_2020_11_05_12_24_10_chunk5.json | outputs/2020NES/output_2020_11_05_NES_S1/1_DAC_Simulations_Zoom_Meeting_2020_11_05_12_24_10/1_DAC_Simulations_Zoom_Meeting_2020_11_05_12_24_10_chunk6.json,25,8
xiao su uiuc,output,2020NES,Xiao Su @ UIUC,outputs/2020NES/output_2020_11_06_NES_S7/Zoom_Meeting_2020_11_06_12_11_40/Zoom_Meeting_2020_11_06_12_11_40.json,3,1
yuan yue liu,output,2020NES,Yuan Yue Liu,outputs/2020NES/output_2020_11_05_NES_S6/6_Theory_and_Expt_Zoom_Meeting_2020_11_05_09_59_13/6_Theory_and_Expt_Zoom_Meeting_2020_11_05_09_59_13.json,3,1
andrew feig,output,2020NES | 2021ABI | 2021CMC | 2021MND | 2021MZT | 2021NES | 2021SLU | 2022MND,Andrew Feig,outputs/2020NES/output_2020_11_05_NES_S5/5_Decarbonizing_the_Economy_Zoom_Meeting_11_5_2020_12_19_34_PM/5_Decarbonizing_the_Economy_Zoom_Meeting_11_5_2020_12_19_34_PM_chunk6.json | outputs/2020NES/output_2020_11_06_NES_S11/5_what_to_do_with_captured_carbon_Zoom_Meeting_2020_11_06_12_16_53/5_what_to_do_with_captured_carbon_Zoom_Meeting_2020_11_06_12_16_53_chunk6.json | outputs/2020NES/output_2020_11_06_NES_S11/5_what_to_do_with_captured_carbon_Zoom_Meeting_2020_11_06_12_16_53/5_what_to_do_with_captured_carbon_Zoom_Meeting_2020_11_06_12_16_53_chunk7.json | outputs/2020NES/output_2020_11_06_NES_S11/Zoom_Meeting_2020_11_06_11_59_21/Zoom_Meeting_2020_11_06_11_59_21.json | outputs/2020NES/output_2020_11_06_NES_S2/2020_11_06_09_59_04/2020_11_06_09_59_04_chunk1.json | outputs/2020NES/output_2020_11_06_NES_S2/2020_11_06_09_59_04/2020_11_06_09_59_04_chunk2.json | outputs/2020NES/output_2020_11_06_NES_S2/2020_11_06_09_59_04/2020_11_06_09_59_04_chunk3.json | outputs/2020NES/output_2020_11_06_NES_S2/2020_11_06_09_59_04/2020_11_06_09_59_04_chunk4.json | outputs/2020NES/output_2020_11_06_NES_S2/2020_11_06_09_59_04/2020_11_06_09_59_04_chunk5.json | outputs/2020NES/output_2020_11_06_NES_S2/2020_11_06_09_59_04/2020_11_06_09_59_04_chunk6.json | outputs/2020NES/output_2020_11_06_NES_S2/2020_11_06_09_59_04/2020_11_06_09_59_04_chunk7.json | outputs/2020NES/output_2020_11_06_NES_S2/2020_11_06_09_59_04/2020_11_06_09_59_04_chunk8.json | outputs/2020NES/output_2020_11_06_NES_S2/2020_11_06_09_59_04/2020_11_06_09_59_04_chunk9.json | outputs/2020NES/output_2020_11_06_NES_S8/2020_11_06_12_09_28/2020_11_06_12_09_28_chunk8.json | outputs/2020NES/output_2020_11_06_NES_S9/2020_11_06_12_09_40/2020_11_06_12_09_40_chunk1.json | outputs/2020NES/output_2020_11_06_NES_S9/2020_11_06_12_09_40/2020_11_06_12_09_40_chunk2.json | outputs/2020NES/output_2020_11_06_NES_S9/2020_11_06_12_09_40/2020_11_06_12_09_40_chunk3.json | outputs/2020NES/output_2020_11_06_NES_S9/2020_11_06_12_09_40/2020_11_06_12_09_40_chunk4.json | outputs/2020NES/output_2020_11_06_NES_S9/2020_11_06_12_09_40/2020_11_06_12_09_40_chunk5.json | outputs/2020NES/output_2020_11_06_NES_S9/2020_11_06_12_09_40/2020_11_06_12_09_40_chunk6.json | outputs/2020NES/output_2020_11_06_NES_S9/2020_11_06_12_09_40/2020_11_06_12_09_40_chunk7.json | outputs/2020NES/output_2020_11_06_NES_S9/2020_11_06_12_09_40/2020_11_06_12_09_40_chunk8.json | outputs/2021ABI/output_2021_05_20_ABI_S2/Bot_6_Zoom_Meeting_Room_6_2021_05_20_12_33_55.json | outputs/2021ABI/output_2021_05_20_ABI_S2/Bot_6_Zoom_Meeting_Room_6_2021_05_20_12_34_24.json | outputs/2021ABI/output_2021_05_20_ABI_S2/Bot_6_Zoom_Meeting_Room_6_2021_05_20_12_36_18.json | outputs/2021ABI/output_2021_05_20_ABI_S2/Bot_6_Zoom_Meeting_Room_6_2021_05_20_12_36_53_chunk2.json | outputs/2021ABI/output_2021_05_20_ABI_S2/Bot_6_Zoom_Meeting_Room_6_2021_05_20_12_36_53_chunk3.json | outputs/2021ABI/output_2021_05_20_ABI_S2/Bot_6_Zoom_Meeting_Room_6_2021_05_20_12_36_53_chunk4.json | outputs/2021ABI/output_2021_05_20_ABI_S2/Bot_6_Zoom_Meeting_Room_6_2021_05_20_12_36_53_chunk5.json | outputs/2021ABI/output_2021_05_20_ABI_S2/Bot_6_Zoom_Meeting_Room_6_2021_05_20_13_24_44_chunk1.json | outputs/2021ABI/output_2021_05_20_ABI_S2/Bot_6_Zoom_Meeting_Room_6_2021_05_20_13_24_44_chunk2.json | outputs/2021ABI/output_2021_05_20_ABI_S2/Bot_6_Zoom_Meeting_Room_6_2021_05_20_13_24_44_chunk3.json | outputs/2021ABI/output_2021_05_20_ABI_S7/botB1_2021_05_20_12_34_57_chunk8.json | outputs/2021ABI/output_2021_05_21_ABI_S11/bot3p1_Room_3_Zoom_Meeting_2021_05_21_13_10_02.json | outputs/2021ABI/output_2021_05_21_ABI_S11/bot3p2_Room_3_Zoom_Meeting_2021_05_21_13_10_16_chunk6.json | outputs/2021ABI/output_2021_05_21_ABI_S11/bot3p2_Room_3_Zoom_Meeting_2021_05_21_13_10_16_chunk7.json | outputs/2021ABI/output_2021_05_21_ABI_S12/bot5p3_Room_5_Zoom_Meeting_5_21_2021_1_11_42_PM.json | outputs/2021ABI/output_2021_05_21_ABI_S14/botB1_2021_05_21_13_09_38_chunk5.json | outputs/2021ABI/output_2021_05_21_ABI_S14/botB1_2021_05_21_13_09_38_chunk6.json | outputs/2021ABI/output_2021_05_21_ABI_S14/botB1_2021_05_21_13_09_38_chunk7.json | outputs/2021ABI/output_2021_05_21_ABI_S15/botB3_2021_05_21_13_09_30_chunk6.json | outputs/2021ABI/output_2021_05_21_ABI_S15/botB3_2021_05_21_13_09_30_chunk7.json | outputs/2021ABI/output_2021_05_21_ABI_S8/botB3_2021_05_21_10_58_38_chunk8.json | outputs/2021CMC/output_2021_10_07_CMC_S3/B2.1_Zoom_Meeting_Room_2_2021_10_07_12_36_56.json | outputs/2021CMC/output_2021_10_07_CMC_S4/B3_2021_10_07_12_41_16_chunk2.json | outputs/2021CMC/output_2021_10_07_CMC_S4/B3_2021_10_07_12_41_16_chunk3.json | outputs/2021CMC/output_2021_10_07_CMC_S4/B3_2021_10_07_12_41_16_chunk4.json | outputs/2021CMC/output_2021_10_07_CMC_S4/B3_2021_10_07_12_41_16_chunk5.json | outputs/2021CMC/output_2021_10_07_CMC_S4/B3_2021_10_07_12_41_16_chunk6.json | outputs/2021CMC/output_2021_10_07_CMC_S4/B3_2021_10_07_12_41_16_chunk7.json | outputs/2021CMC/output_2021_10_07_CMC_S5/B4_2021_10_07_12_37_15_chunk8.json | outputs/2021CMC/output_2021_10_08_CMC_S10/B2_Zoom_Meeting_Room_2_2021_10_08_13_02_10_chunk1.json | outputs/2021CMC/output_2021_10_08_CMC_S10/B2_Zoom_Meeting_Room_2_2021_10_08_13_02_10_chunk2.json | outputs/2021CMC/output_2021_10_08_CMC_S10/B2_Zoom_Meeting_Room_2_2021_10_08_13_02_10_chunk3.json | outputs/2021CMC/output_2021_10_08_CMC_S10/B2_Zoom_Meeting_Room_2_2021_10_08_13_02_10_chunk4.json | outputs/2021CMC/output_2021_10_08_CMC_S10/B2_Zoom_Meeting_Room_2_2021_10_08_13_02_10_chunk5.json | outputs/2021CMC/output_2021_10_08_CMC_S10/B2_Zoom_Meeting_Room_2_2021_10_08_13_02_10_chunk6.json | outputs/2021CMC/output_2021_10_08_CMC_S10/B2_Zoom_Meeting_Room_2_2021_10_08_13_02_10_chunk7.json | outputs/2021CMC/output_2021_10_08_CMC_S10/B2_Zoom_Meeting_Room_2_2021_10_08_13_02_10_chunk8.json | outputs/2021CMC/output_2021_10_08_CMC_S2/B1_Zoom_Meeting_Room_1_2021_10_08_10_59_46_chunk4.json | outputs/2021CMC/output_2021_10_08_CMC_S2/B1_Zoom_Meeting_Room_1_2021_10_08_10_59_46_chunk5.json | outputs/2021CMC/output_2021_10_08_CMC_S2/B1_Zoom_Meeting_Room_1_2021_10_08_10_59_46_chunk6.json | outputs/2021CMC/output_2021_10_08_CMC_S2/B1_Zoom_Meeting_Room_1_2021_10_08_10_59_46_chunk7.json | outputs/2021CMC/output_2021_10_08_CMC_S2/B1_Zoom_Meeting_Room_1_2021_10_08_10_59_46_chunk8.json | outputs/2021MND/output_2021_04_22_MND_S1/Bot1_2021_04_22_13_00_44_chunk8.json | outputs/2021MND/output_2021_04_22_MND_S4/botB1_2021_04_22_13_01_59_chunk8.json | outputs/2021MND/output_2021_04_22_MND_S7/Room_5_Zoom_Meeting_4_22_2021_1_16_56_PM_chunk5.json | outputs/2021MND/output_2021_04_22_MND_S7/Room_5_Zoom_Meeting_4_22_2021_1_16_56_PM_chunk6.json | outputs/2021MND/output_2021_04_22_MND_S8/Zoom_Meeting_Room_6_2021_04_22_13_00_55_chunk1.json | outputs/2021MND/output_2021_04_22_MND_S8/Zoom_Meeting_Room_6_2021_04_22_13_16_39.json | outputs/2021MND/output_2021_04_22_MND_S8/Zoom_Meeting_Room_6_2021_04_22_13_18_39_chunk2.json | outputs/2021MND/output_2021_04_22_MND_S8/Zoom_Meeting_Room_6_2021_04_22_13_18_39_chunk3.json | outputs/2021MND/output_2021_04_22_MND_S8/Zoom_Meeting_Room_6_2021_04_22_13_18_39_chunk4.json | outputs/2021MND/output_2021_04_22_MND_S8/Zoom_Meeting_Room_6_2021_04_22_13_18_39_chunk5.json | outputs/2021MND/output_2021_04_22_MND_S8/Zoom_Meeting_Room_6_2021_04_22_13_18_39_chunk6.json | outputs/2021MND/output_2021_04_23_MND_S12/bot3_Room_3_Zoom_Meeting_2021_04_23_13_13_23_chunk2.json | outputs/2021MND/output_2021_04_23_MND_S12/bot3_Room_3_Zoom_Meeting_2021_04_23_13_13_23_chunk3.json | outputs/2021MND/output_2021_04_23_MND_S12/bot3_Room_3_Zoom_Meeting_2021_04_23_13_13_23_chunk4.json | outputs/2021MND/output_2021_04_23_MND_S12/bot3_Room_3_Zoom_Meeting_2021_04_23_13_13_23_chunk5.json | outputs/2021MND/output_2021_04_23_MND_S12/bot3_Room_3_Zoom_Meeting_2021_04_23_13_13_23_chunk6.json | outputs/2021MND/output_2021_04_23_MND_S12/bot3_Room_3_Zoom_Meeting_2021_04_23_13_13_23_chunk7.json | outputs/2021MND/output_2021_04_23_MND_S15/Breakout_Room_4_Session_3_2021_04_23_13_13_06_chunk1.json | outputs/2021MND/output_2021_04_23_MND_S15/Breakout_Room_4_Session_3_2021_04_23_13_13_06_chunk2.json | outputs/2021MND/output_2021_04_23_MND_S15/Breakout_Room_4_Session_3_2021_04_23_13_13_06_chunk3.json | outputs/2021MND/output_2021_04_23_MND_S15/Breakout_Room_4_Session_3_2021_04_23_13_13_06_chunk4.json | outputs/2021MND/output_2021_04_23_MND_S15/Breakout_Room_4_Session_3_2021_04_23_13_13_06_chunk5.json | outputs/2021MND/output_2021_04_23_MND_S15/Breakout_Room_4_Session_3_2021_04_23_13_13_06_chunk6.json | outputs/2021MND/output_2021_04_23_MND_S15/Breakout_Room_4_Session_3_2021_04_23_13_13_06_chunk7.json | outputs/2021MND/output_2021_04_23_MND_S4/bot3_Room_3_Zoom_Meeting_2021_04_23_12_09_57_chunk2.json | outputs/2021MND/output_2021_04_23_MND_S4/bot3_Zoom_Meeting_2021_04_23_11_16_18.json | outputs/2021MND/output_2021_04_23_MND_S4/bot3_Zoom_Meeting_2021_04_23_11_16_26_chunk2.json | outputs/2021MND/output_2021_04_23_MND_S4/bot3_Zoom_Meeting_2021_04_23_11_16_26_chunk3.json | outputs/2021MND/output_2021_04_23_MND_S4/bot3_Zoom_Meeting_2021_04_23_11_16_26_chunk4.json | outputs/2021MND/output_2021_04_23_MND_S4/bot3_Zoom_Meeting_2021_04_23_11_16_26_chunk5.json | outputs/2021MND/output_2021_04_23_MND_S4/bot3_Zoom_Meeting_2021_04_23_11_16_26_chunk6.json | outputs/2021MND/output_2021_04_23_MND_S5/botB1_2021_04_23_11_17_35_chunk6.json | outputs/2021MND/output_2021_04_23_MND_S5/botB1_2021_04_23_11_17_35_chunk7.json | outputs/2021MND/output_2021_04_23_MND_S6/botB2_2021_04_23_11_17_00_chunk6.json | outputs/2021MND/output_2021_04_23_MND_S6/botB2_2021_04_23_11_17_00_chunk7.json | outputs/2021MZT/output_2021_09_30_MZT_S2/B2_Zoom_Meeting_Room_2_2021_09_30_12_55_56_chunk1.json | outputs/2021MZT/output_2021_09_30_MZT_S2/B2_Zoom_Meeting_Room_2_2021_09_30_12_55_56_chunk2.json | outputs/2021MZT/output_2021_09_30_MZT_S2/B2_Zoom_Meeting_Room_2_2021_09_30_12_55_56_chunk3.json | outputs/2021MZT/output_2021_09_30_MZT_S2/B2_Zoom_Meeting_Room_2_2021_09_30_12_55_56_chunk4.json | outputs/2021MZT/output_2021_09_30_MZT_S2/B2_Zoom_Meeting_Room_2_2021_09_30_12_55_56_chunk5.json | outputs/2021MZT/output_2021_09_30_MZT_S2/B2_Zoom_Meeting_Room_2_2021_09_30_12_55_56_chunk6.json | outputs/2021MZT/output_2021_09_30_MZT_S7/MZT_1_1_chunk2.json | outputs/2021MZT/output_2021_09_30_MZT_S7/MZT_1_1_chunk3.json | outputs/2021MZT/output_2021_09_30_MZT_S7/MZT_1_1_chunk4.json | outputs/2021MZT/output_2021_09_30_MZT_S7/MZT_1_1_chunk5.json | outputs/2021MZT/output_2021_09_30_MZT_S7/MZT_1_1_chunk6.json | outputs/2021MZT/output_2021_09_30_MZT_S7/MZT_1_1_chunk7.json | outputs/2021MZT/output_2021_09_30_MZT_S7/MZT_1_1_chunk8.json | outputs/2021MZT/output_2021_09_30_MZT_S7/MZT_1_2_chunk1.json | outputs/2021MZT/output_2021_09_30_MZT_S7/MZT_1_2_chunk2.json | outputs/2021MZT/output_2021_09_30_MZT_S7/MZT_1_2_chunk3.json | outputs/2021MZT/output_2021_09_30_MZT_S7/MZT_1_2_chunk4.json | outputs/2021MZT/output_2021_09_30_MZT_S7/MZT_1_2_chunk5.json | outputs/2021MZT/output_2021_09_30_MZT_S7/MZT_1_2_chunk6.json | outputs/2021MZT/output_2021_09_30_MZT_S7/MZT_1_2_chunk7.json | outputs/2021MZT/output_2021_09_30_MZT_S7/MZT_1_2_chunk8.json | outputs/2021MZT/output_2021_10_01_MZT_S4/B4_2021_10_01_11_04_24_chunk10.json | outputs/2021MZT/output_2021_10_01_MZT_S4/B4_2021_10_01_11_04_24_chunk8.json | outputs/2021MZT/output_2021_10_01_MZT_S4/B4_2021_10_01_11_04_24_chunk9.json | outputs/2021MZT/output_2021_10_01_MZT_S5/B5_2021_10_01_11_04_33_chunk10.json | outputs/2021MZT/output_2021_10_01_MZT_S5/B5_2021_10_01_11_04_33_chunk8.json | outputs/2021MZT/output_2021_10_01_MZT_S5/B5_2021_10_01_11_04_33_chunk9.json | outputs/2021MZT/output_2021_10_01_MZT_S8/B2_Zoom_Meeting_Room_2_2021_10_01_13_12_15_chunk5.json | outputs/2021MZT/output_2021_10_01_MZT_S8/B2_Zoom_Meeting_Room_2_2021_10_01_13_12_15_chunk6.json | outputs/2021MZT/output_2021_10_01_MZT_S8/B2_Zoom_Meeting_Room_2_2021_10_01_13_12_15_chunk7.json | outputs/2021MZT/output_2021_10_01_MZT_S9/B3_2021_10_01_13_12_21_chunk7.json | outputs/2021NES/output_2021_11_04_NES_S1/B1_trim_end_2021_11_04_12_51_35_chunk10.json | outputs/2021NES/output_2021_11_04_NES_S1/B1_trim_end_2021_11_04_12_51_35_chunk6.json | outputs/2021NES/output_2021_11_04_NES_S1/B1_trim_end_2021_11_04_12_51_35_chunk7.json | outputs/2021NES/output_2021_11_04_NES_S1/B1_trim_end_2021_11_04_12_51_35_chunk8.json | outputs/2021NES/output_2021_11_04_NES_S1/B1_trim_end_2021_11_04_12_51_35_chunk9.json | outputs/2021NES/output_2021_11_04_NES_S3/B3_2021_11_04_12_32_36_chunk8.json | outputs/2021NES/output_2021_11_04_NES_S5/B5_2021_11_04_12_32_22_chunk8.json | outputs/2021NES/output_2021_11_04_NES_S6/B6_2021_11_04_12_32_03_chunk8.json | outputs/2021NES/output_2021_11_05_NES_S1/B1_2021_11_05_11_01_24_trimend_chunk12.json | outputs/2021NES/output_2021_11_05_NES_S3/B3_2021_11_05_11_01_14_trimend_chunk12.json | outputs/2021NES/output_2021_11_05_NES_S4/B4_2021_11_05_11_00_54_trimend_chunk12.json | outputs/2021NES/output_2021_11_05_NES_S5/B5_2021_11_05_11_01_07_trimend_chunk12.json | outputs/2021NES/output_2021_11_05_NES_S6/B6_2021_11_05_11_01_03_trimend_chunk12.json | outputs/2021SLU/output_2021_06_10_SLU_S1/bot1_2021_06_10_12_34_46_chunk8.json | outputs/2021SLU/output_2021_06_10_SLU_S5/botB2_2021_06_10_12_35_06_chunk8.json | outputs/2021SLU/output_2021_06_10_SLU_S7/Zoom_Meeting_6_10_2021_12_35_12_PM_chunk2.json | outputs/2021SLU/output_2021_06_10_SLU_S7/Zoom_Meeting_6_10_2021_12_35_12_PM_chunk3.json | outputs/2021SLU/output_2021_06_10_SLU_S7/Zoom_Meeting_6_10_2021_12_35_12_PM_chunk4.json | outputs/2021SLU/output_2021_06_10_SLU_S7/Zoom_Meeting_6_10_2021_12_35_12_PM_chunk5.json | outputs/2021SLU/output_2021_06_10_SLU_S7/Zoom_Meeting_6_10_2021_12_35_12_PM_chunk6.json | outputs/2021SLU/output_2021_06_10_SLU_S7/Zoom_Meeting_6_10_2021_12_35_12_PM_chunk7.json | outputs/2021SLU/output_2021_06_10_SLU_S7/Zoom_Meeting_6_10_2021_12_35_12_PM_chunk8.json | outputs/2021SLU/output_2021_06_11_SLU_S1/bot1_2021_06_11_10_57_56_chunk8.json | outputs/2021SLU/output_2021_06_11_SLU_S4/bot4_2021_06_11_10_58_21_chunk8.json | outputs/2021SLU/output_2021_06_11_SLU_S5/botB2_2021_06_11_10_58_55_chunk8.json | outputs/2022MND/output_2022_04_07_MND_S1/Bot1_2022_04_07_12_35_40_glitch_2_4min_chunk4.json | outputs/2022MND/output_2022_04_07_MND_S1/Bot1_2022_04_07_12_35_40_glitch_2_4min_chunk5.json | outputs/2022MND/output_2022_04_07_MND_S1/Bot1_2022_04_07_12_35_40_glitch_2_4min_chunk6.json | outputs/2022MND/output_2022_04_07_MND_S1/Bot1_2022_04_07_12_35_40_glitch_2_4min_chunk7.json | outputs/2022MND/output_2022_04_07_MND_S1/Bot1_2022_04_07_12_35_40_glitch_2_4min_chunk8.json | outputs/2022MND/output_2022_04_07_MND_S3/Bot3_2022_04_07_12_36_39_chunk6.json | outputs/2022MND/output_2022_04_07_MND_S3/Bot3_2022_04_07_12_36_39_chunk7.json | outputs/2022MND/output_2022_04_07_MND_S3/Bot3_2022_04_07_12_36_39_chunk8.json | outputs/2022MND/output_2022_04_07_MND_S4/Bot4_MND_2022_1_4_chunk1.json | outputs/2022MND/output_2022_04_07_MND_S4/Bot4_MND_2022_1_4_chunk2.json | outputs/2022MND/output_2022_04_07_MND_S4/Bot4_MND_2022_1_4_chunk3.json | outputs/2022MND/output_2022_04_07_MND_S4/Bot4_MND_2022_1_4_chunk4.json | outputs/2022MND/output_2022_04_07_MND_S4/Bot4_MND_2022_1_4_chunk6.json | outputs/2022MND/output_2022_04_07_MND_S4/Bot4_MND_2022_1_4_chunk7.json | outputs/2022MND/output_2022_04_07_MND_S4/Bot4_MND_2022_1_4_chunk8.json | outputs/2022MND/output_2022_04_07_MND_S5/BotB4_2022_04_07_09_36_38_time_off_by_3hrs_(should_be_later)_chunk1.json | outputs/2022MND/output_2022_04_07_MND_S5/BotB4_2022_04_07_09_36_38_time_off_by_3hrs_(should_be_later)_chunk2.json | outputs/2022MND/output_2022_04_07_MND_S5/BotB4_2022_04_07_09_36_38_time_off_by_3hrs_(should_be_later)_chunk3.json | outputs/2022MND/output_2022_04_07_MND_S5/BotB4_2022_04_07_09_36_38_time_off_by_3hrs_(should_be_later)_chunk4.json | outputs/2022MND/output_2022_04_07_MND_S5/BotB4_2022_04_07_09_36_38_time_off_by_3hrs_(should_be_later)_chunk5.json | outputs/2022MND/output_2022_04_07_MND_S5/BotB4_2022_04_07_09_36_38_time_off_by_3hrs_(should_be_later)_chunk6.json | outputs/2022MND/output_2022_04_07_MND_S5/BotB4_2022_04_07_09_36_38_time_off_by_3hrs_(should_be_later)_chunk7.json | outputs/2022MND/output_2022_04_07_MND_S5/BotB4_2022_04_07_09_36_38_time_off_by_3hrs_(should_be_later)_chunk8.json | outputs/2022MND/output_2022_04_08_MND_S2/Bot2_Zoom_Meeting_Room_2_2022_04_08_10_54_08_problem_52min50sec_55min_chunk7.json | outputs/2022MND/output_2022_04_08_MND_S2/Bot2_Zoom_Meeting_Room_2_2022_04_08_10_54_08_problem_52min50sec_55min_chunk8.json | outputs/2022MND/output_2022_04_08_MND_S3/Bot3.1_2022_04_08_10_53_26_problem_47min10sec_end_then_2_min_missed_chunk4.json | outputs/2022MND/output_2022_04_08_MND_S3/Bot3.1_2022_04_08_10_53_26_problem_47min10sec_end_then_2_min_missed_chunk5.json | outputs/2022MND/output_2022_04_08_MND_S3/Bot3.2_2022_04_08_11_45_28_after_missed_2_min_chunk3.json | outputs/2022MND/output_2022_04_08_MND_S4/BotB4_2022_04_08_06_54_34_time_wrong_(probably_4hrs_early)_chunk8.json | outputs/2022MND/output_2022_04_08_MND_S7/Bot1_2022_04_08_13_01_44_60min40sec_61min10sec_chunk8.json | outputs/2022MND/output_2022_04_08_MND_S9/Bot3_2022_04_08_13_01_56_problem_55min30sec_57min20sec_chunk5.json | outputs/2022MND/output_2022_04_08_MND_S9/Bot3_2022_04_08_13_01_56_problem_55min30sec_57min20sec_chunk6.json | outputs/2022MND/output_2022_04_08_MND_S9/Bot3_2022_04_08_13_01_56_problem_55min30sec_57min20sec_chunk7.json | outputs/2022MND/output_2022_04_08_MND_S9/Bot3_2022_04_08_13_01_56_problem_55min30sec_57min20sec_chunk8.json,455,189
richard wiener,output,2020NES | 2021ABI | 2021CMC | 2021MND | 2021MZT | 2021NES | 2021SLU | 2022MND,Richard Wiener,outputs/2020NES/output_2020_11_06_NES_S2/2020_11_06_09_59_04/2020_11_06_09_59_04_chunk1.json | outputs/2020NES/output_2020_11_06_NES_S2/2020_11_06_09_59_04/2020_11_06_09_59_04_chunk2.json | outputs/2020NES/output_2020_11_06_NES_S2/2020_11_06_09_59_04/2020_11_06_09_59_04_chunk3.json | outputs/2020NES/output_2020_11_06_NES_S2/2020_11_06_09_59_04/2020_11_06_09_59_04_chunk4.json | outputs/2020NES/output_2020_11_06_NES_S2/2020_11_06_09_59_04/2020_11_06_09_59_04_chunk5.json | outputs/2020NES/output_2020_11_06_NES_S2/2020_11_06_09_59_04/2020_11_06_09_59_04_chunk6.json | outputs/2020NES/output_2020_11_06_NES_S2/2020_11_06_09_59_04/2020_11_06_09_59_04_chunk7.json | outputs/2020NES/output_2020_11_06_NES_S2/2020_11_06_09_59_04/2020_11_06_09_59_04_chunk8.json | outputs/2020NES/output_2020_11_06_NES_S2/2020_11_06_09_59_04/2020_11_06_09_59_04_chunk9.json | outputs/2020NES/output_2020_11_06_NES_S8/2020_11_06_12_09_28/2020_11_06_12_09_28_chunk1.json | outputs/2020NES/output_2020_11_06_NES_S8/2020_11_06_12_09_28/2020_11_06_12_09_28_chunk2.json | outputs/2020NES/output_2020_11_06_NES_S8/2020_11_06_12_09_28/2020_11_06_12_09_28_chunk3.json | outputs/2020NES/output_2020_11_06_NES_S8/2020_11_06_12_09_28/2020_11_06_12_09_28_chunk4.json | outputs/2020NES/output_2020_11_06_NES_S8/2020_11_06_12_09_28/2020_11_06_12_09_28_chunk5.json | outputs/2020NES/output_2020_11_06_NES_S8/2020_11_06_12_09_28/2020_11_06_12_09_28_chunk6.json | outputs/2020NES/output_2020_11_06_NES_S8/2020_11_06_12_09_28/2020_11_06_12_09_28_chunk7.json | outputs/2020NES/output_2020_11_06_NES_S8/2020_11_06_12_09_28/2020_11_06_12_09_28_chunk8.json | outputs/2020NES/output_2020_11_06_NES_S9/2020_11_06_12_09_40/2020_11_06_12_09_40_chunk1.json | outputs/2020NES/output_2020_11_06_NES_S9/2020_11_06_12_09_40/2020_11_06_12_09_40_chunk2.json | outputs/2020NES/output_2020_11_06_NES_S9/2020_11_06_12_09_40/2020_11_06_12_09_40_chunk3.json | outputs/2020NES/output_2020_11_06_NES_S9/2020_11_06_12_09_40/2020_11_06_12_09_40_chunk4.json | outputs/2020NES/output_2020_11_06_NES_S9/2020_11_06_12_09_40/2020_11_06_12_09_40_chunk5.json | outputs/2020NES/output_2020_11_06_NES_S9/2020_11_06_12_09_40/2020_11_06_12_09_40_chunk6.json | outputs/2020NES/output_2020_11_06_NES_S9/2020_11_06_12_09_40/2020_11_06_12_09_40_chunk7.json | outputs/2020NES/output_2020_11_06_NES_S9/2020_11_06_12_09_40/2020_11_06_12_09_40_chunk8.json | outputs/2021ABI/output_2021_05_20_ABI_S3/bot1_2021_05_20_12_35_38_chunk1.json | outputs/2021ABI/output_2021_05_20_ABI_S3/bot1_2021_05_20_12_35_38_chunk2.json | outputs/2021ABI/output_2021_05_20_ABI_S3/bot1_2021_05_20_12_35_38_chunk3.json | outputs/2021ABI/output_2021_05_20_ABI_S3/bot1_2021_05_20_12_35_38_chunk4.json | outputs/2021ABI/output_2021_05_20_ABI_S3/bot1_2021_05_20_12_35_38_chunk5.json | outputs/2021ABI/output_2021_05_20_ABI_S3/bot1_2021_05_20_12_35_38_chunk6.json | outputs/2021ABI/output_2021_05_20_ABI_S3/bot1_2021_05_20_12_35_38_chunk7.json | outputs/2021ABI/output_2021_05_20_ABI_S3/bot1_2021_05_20_12_35_38_chunk8.json | outputs/2021ABI/output_2021_05_20_ABI_S4/bot2p1_Zoom_Meeting_2021_05_20_12_35_31.json | outputs/2021ABI/output_2021_05_20_ABI_S4/bot2p2_Zoom_Meeting_2021_05_20_12_37_07_chunk1.json | outputs/2021ABI/output_2021_05_20_ABI_S4/bot2p2_Zoom_Meeting_2021_05_20_12_37_07_chunk2.json | outputs/2021ABI/output_2021_05_20_ABI_S4/bot2p2_Zoom_Meeting_2021_05_20_12_37_07_chunk3.json | outputs/2021ABI/output_2021_05_20_ABI_S4/bot2p2_Zoom_Meeting_2021_05_20_12_37_07_chunk4.json | outputs/2021ABI/output_2021_05_20_ABI_S4/bot2p2_Zoom_Meeting_2021_05_20_12_37_07_chunk5.json | outputs/2021ABI/output_2021_05_20_ABI_S4/bot2p2_Zoom_Meeting_2021_05_20_12_37_07_chunk6.json | outputs/2021ABI/output_2021_05_20_ABI_S4/bot2p2_Zoom_Meeting_2021_05_20_12_37_07_chunk7.json | outputs/2021ABI/output_2021_05_21_ABI_S7/botB1_2021_05_21_10_58_58_chunk7.json | outputs/2021ABI/output_2021_05_21_ABI_S7/botB1_2021_05_21_10_58_58_chunk8.json | outputs/2021CMC/output_2021_10_07_CMC_S2/B1_Zoom_Meeting_Room_1_2021_10_07_12_36_41_chunk2.json | outputs/2021CMC/output_2021_10_07_CMC_S2/B1_Zoom_Meeting_Room_1_2021_10_07_12_36_41_chunk3.json | outputs/2021CMC/output_2021_10_07_CMC_S2/B1_Zoom_Meeting_Room_1_2021_10_07_12_36_41_chunk4.json | outputs/2021CMC/output_2021_10_07_CMC_S2/B1_Zoom_Meeting_Room_1_2021_10_07_12_36_41_chunk5.json | outputs/2021CMC/output_2021_10_07_CMC_S2/B1_Zoom_Meeting_Room_1_2021_10_07_12_36_41_chunk6.json | outputs/2021CMC/output_2021_10_07_CMC_S2/B1_Zoom_Meeting_Room_1_2021_10_07_12_36_41_chunk7.json | outputs/2021CMC/output_2021_10_07_CMC_S2/B1_Zoom_Meeting_Room_1_2021_10_07_12_36_41_chunk8.json | outputs/2021CMC/output_2021_10_07_CMC_S5/B4_2021_10_07_12_37_15_chunk8.json | outputs/2021CMC/output_2021_10_07_CMC_S6/B5_2021_10_07_12_37_23_chunk8.json | outputs/2021CMC/output_2021_10_08_CMC_S1/2021_10_08_09_59_21_chunk6.json | outputs/2021CMC/output_2021_10_08_CMC_S1/2021_10_08_09_59_21_chunk7.json | outputs/2021CMC/output_2021_10_08_CMC_S1/2021_10_08_09_59_21_chunk8.json | outputs/2021CMC/output_2021_10_08_CMC_S2/B1_Zoom_Meeting_Room_1_2021_10_08_10_59_46_chunk2.json | outputs/2021CMC/output_2021_10_08_CMC_S2/B1_Zoom_Meeting_Room_1_2021_10_08_10_59_46_chunk3.json | outputs/2021CMC/output_2021_10_08_CMC_S2/B1_Zoom_Meeting_Room_1_2021_10_08_10_59_46_chunk4.json | outputs/2021CMC/output_2021_10_08_CMC_S2/B1_Zoom_Meeting_Room_1_2021_10_08_10_59_46_chunk5.json | outputs/2021CMC/output_2021_10_08_CMC_S2/B1_Zoom_Meeting_Room_1_2021_10_08_10_59_46_chunk6.json | outputs/2021CMC/output_2021_10_08_CMC_S2/B1_Zoom_Meeting_Room_1_2021_10_08_10_59_46_chunk7.json | outputs/2021CMC/output_2021_10_08_CMC_S2/B1_Zoom_Meeting_Room_1_2021_10_08_10_59_46_chunk8.json | outputs/2021CMC/output_2021_10_08_CMC_S5/B4_2021_10_08_10_59_30_chunk6.json | outputs/2021CMC/output_2021_10_08_CMC_S5/B4_2021_10_08_10_59_30_chunk7.json | outputs/2021CMC/output_2021_10_08_CMC_S5/B4_2021_10_08_10_59_30_chunk8.json | outputs/2021MND/output_2021_04_22_MND_S1/Bot1_2021_04_22_13_00_44_chunk1.json | outputs/2021MND/output_2021_04_22_MND_S1/Bot1_2021_04_22_13_00_44_chunk2.json | outputs/2021MND/output_2021_04_22_MND_S1/Bot1_2021_04_22_13_00_44_chunk3.json | outputs/2021MND/output_2021_04_22_MND_S1/Bot1_2021_04_22_13_00_44_chunk4.json | outputs/2021MND/output_2021_04_22_MND_S1/Bot1_2021_04_22_13_00_44_chunk5.json | outputs/2021MND/output_2021_04_22_MND_S1/Bot1_2021_04_22_13_00_44_chunk6.json | outputs/2021MND/output_2021_04_22_MND_S1/Bot1_2021_04_22_13_00_44_chunk7.json | outputs/2021MND/output_2021_04_22_MND_S1/Bot1_2021_04_22_13_00_44_chunk8.json | outputs/2021MND/output_2021_04_23_MND_S13/botB1_2021_04_23_13_14_18_chunk1.json | outputs/2021MND/output_2021_04_23_MND_S13/botB1_2021_04_23_13_14_18_chunk2.json | outputs/2021MND/output_2021_04_23_MND_S13/botB1_2021_04_23_13_14_18_chunk4.json | outputs/2021MND/output_2021_04_23_MND_S13/botB1_2021_04_23_13_14_18_chunk5.json | outputs/2021MND/output_2021_04_23_MND_S13/botB1_2021_04_23_13_14_18_chunk6.json | outputs/2021MND/output_2021_04_23_MND_S13/botB1_2021_04_23_13_14_18_chunk7.json | outputs/2021MND/output_2021_04_23_MND_S14/botB2_2021_04_23_13_14_21_chunk7.json | outputs/2021MND/output_2021_04_23_MND_S3/bot2_Zoom_Meeting_Room_2_2021_04_23_11_16_54.json | outputs/2021MND/output_2021_04_23_MND_S3/bot2_Zoom_Meeting_Room_2_2021_04_23_11_18_13_chunk6.json | outputs/2021MZT/output_2021_09_30_MZT_S3/B3_2021_09_30_12_56_36_chunk4.json | outputs/2021MZT/output_2021_09_30_MZT_S3/B3_2021_09_30_12_56_36_chunk5.json | outputs/2021MZT/output_2021_09_30_MZT_S3/B3_2021_09_30_12_56_36_chunk6.json | outputs/2021MZT/output_2021_09_30_MZT_S5/B5_2021_09_30_12_57_07_chunk6.json | outputs/2021MZT/output_2021_09_30_MZT_S7/MZT_1_1_chunk1.json | outputs/2021MZT/output_2021_09_30_MZT_S7/MZT_1_1_chunk2.json | outputs/2021MZT/output_2021_09_30_MZT_S7/MZT_1_1_chunk3.json | outputs/2021MZT/output_2021_09_30_MZT_S7/MZT_1_1_chunk4.json | outputs/2021MZT/output_2021_09_30_MZT_S7/MZT_1_1_chunk5.json | outputs/2021MZT/output_2021_09_30_MZT_S7/MZT_1_1_chunk6.json | outputs/2021MZT/output_2021_09_30_MZT_S7/MZT_1_1_chunk7.json | outputs/2021MZT/output_2021_09_30_MZT_S7/MZT_1_1_chunk8.json | outputs/2021MZT/output_2021_09_30_MZT_S7/MZT_1_2_chunk1.json | outputs/2021MZT/output_2021_09_30_MZT_S7/MZT_1_2_chunk2.json | outputs/2021MZT/output_2021_09_30_MZT_S7/MZT_1_2_chunk3.json | outputs/2021MZT/output_2021_09_30_MZT_S7/MZT_1_2_chunk4.json | outputs/2021MZT/output_2021_09_30_MZT_S7/MZT_1_2_chunk5.json | outputs/2021MZT/output_2021_09_30_MZT_S7/MZT_1_2_chunk6.json | outputs/2021MZT/output_2021_09_30_MZT_S7/MZT_1_2_chunk7.json | outputs/2021MZT/output_2021_09_30_MZT_S7/MZT_1_2_chunk8.json | outputs/2021MZT/output_2021_10_01_MZT_S3/B3_2021_10_01_11_04_47_chunk10.json | outputs/2021MZT/output_2021_10_01_MZT_S3/B3_2021_10_01_11_04_47_chunk5.json | outputs/2021MZT/output_2021_10_01_MZT_S3/B3_2021_10_01_11_04_47_chunk6.json | outputs/2021MZT/output_2021_10_01_MZT_S3/B3_2021_10_01_11_04_47_chunk7.json | outputs/2021MZT/output_2021_10_01_MZT_S3/B3_2021_10_01_11_04_47_chunk8.json | outputs/2021MZT/output_2021_10_01_MZT_S3/B3_2021_10_01_11_04_47_chunk9.json | outputs/2021NES/output_2021_11_04_NES_S1/B1_trim_end_2021_11_04_12_51_35_chunk10.json | outputs/2021NES/output_2021_11_04_NES_S1/B1_trim_end_2021_11_04_12_51_35_chunk6.json | outputs/2021NES/output_2021_11_04_NES_S1/B1_trim_end_2021_11_04_12_51_35_chunk7.json | outputs/2021NES/output_2021_11_04_NES_S1/B1_trim_end_2021_11_04_12_51_35_chunk8.json | outputs/2021NES/output_2021_11_04_NES_S1/B1_trim_end_2021_11_04_12_51_35_chunk9.json | outputs/2021NES/output_2021_11_04_NES_S3/B3_2021_11_04_12_32_36_chunk8.json | outputs/2021NES/output_2021_11_04_NES_S6/B6_2021_11_04_12_32_03_chunk8.json | outputs/2021NES/output_2021_11_05_NES_S1/B1_2021_11_05_11_01_24_trimend_chunk10.json | outputs/2021NES/output_2021_11_05_NES_S1/B1_2021_11_05_11_01_24_trimend_chunk11.json | outputs/2021NES/output_2021_11_05_NES_S1/B1_2021_11_05_11_01_24_trimend_chunk12.json | outputs/2021NES/output_2021_11_05_NES_S1/B1_2021_11_05_11_01_24_trimend_chunk8.json | outputs/2021NES/output_2021_11_05_NES_S1/B1_2021_11_05_11_01_24_trimend_chunk9.json | outputs/2021NES/output_2021_11_05_NES_S12/B6_2021_11_05_13_06_36_chunk8.json | outputs/2021NES/output_2021_11_05_NES_S3/B3_2021_11_05_11_01_14_trimend_chunk1.json | outputs/2021NES/output_2021_11_05_NES_S3/B3_2021_11_05_11_01_14_trimend_chunk10.json | outputs/2021NES/output_2021_11_05_NES_S3/B3_2021_11_05_11_01_14_trimend_chunk11.json | outputs/2021NES/output_2021_11_05_NES_S3/B3_2021_11_05_11_01_14_trimend_chunk12.json | outputs/2021NES/output_2021_11_05_NES_S3/B3_2021_11_05_11_01_14_trimend_chunk2.json | outputs/2021NES/output_2021_11_05_NES_S3/B3_2021_11_05_11_01_14_trimend_chunk3.json | outputs/2021NES/output_2021_11_05_NES_S3/B3_2021_11_05_11_01_14_trimend_chunk4.json | outputs/2021NES/output_2021_11_05_NES_S3/B3_2021_11_05_11_01_14_trimend_chunk5.json | outputs/2021NES/output_2021_11_05_NES_S3/B3_2021_11_05_11_01_14_trimend_chunk7.json | outputs/2021NES/output_2021_11_05_NES_S3/B3_2021_11_05_11_01_14_trimend_chunk8.json | outputs/2021NES/output_2021_11_05_NES_S3/B3_2021_11_05_11_01_14_trimend_chunk9.json | outputs/2021NES/output_2021_11_05_NES_S4/B4_2021_11_05_11_00_54_trimend_chunk10.json | outputs/2021NES/output_2021_11_05_NES_S4/B4_2021_11_05_11_00_54_trimend_chunk11.json | outputs/2021NES/output_2021_11_05_NES_S4/B4_2021_11_05_11_00_54_trimend_chunk12.json | outputs/2021NES/output_2021_11_05_NES_S4/B4_2021_11_05_11_00_54_trimend_chunk8.json | outputs/2021NES/output_2021_11_05_NES_S4/B4_2021_11_05_11_00_54_trimend_chunk9.json | outputs/2021NES/output_2021_11_05_NES_S5/B5_2021_11_05_11_01_07_trimend_chunk10.json | outputs/2021NES/output_2021_11_05_NES_S5/B5_2021_11_05_11_01_07_trimend_chunk11.json | outputs/2021NES/output_2021_11_05_NES_S5/B5_2021_11_05_11_01_07_trimend_chunk12.json | outputs/2021NES/output_2021_11_05_NES_S5/B5_2021_11_05_11_01_07_trimend_chunk8.json | outputs/2021NES/output_2021_11_05_NES_S5/B5_2021_11_05_11_01_07_trimend_chunk9.json | outputs/2021NES/output_2021_11_05_NES_S6/B6_2021_11_05_11_01_03_trimend_chunk10.json | outputs/2021NES/output_2021_11_05_NES_S6/B6_2021_11_05_11_01_03_trimend_chunk11.json | outputs/2021NES/output_2021_11_05_NES_S6/B6_2021_11_05_11_01_03_trimend_chunk12.json | outputs/2021NES/output_2021_11_05_NES_S6/B6_2021_11_05_11_01_03_trimend_chunk8.json | outputs/2021NES/output_2021_11_05_NES_S6/B6_2021_11_05_11_01_03_trimend_chunk9.json | outputs/2021NES/output_2021_11_05_NES_S9/B3_2021_11_05_13_06_59_chunk8.json | outputs/2021SLU/output_2021_06_10_SLU_S1/bot1_2021_06_10_12_34_46_chunk7.json | outputs/2021SLU/output_2021_06_10_SLU_S1/bot1_2021_06_10_12_34_46_chunk8.json | outputs/2021SLU/output_2021_06_10_SLU_S2/bot2p1_Zoom_Meeting_Room_2_2021_06_10_12_35_37.json | outputs/2021SLU/output_2021_06_10_SLU_S2/bot2p2_Zoom_Meeting_Room_2_2021_06_10_12_37_25_chunk7.json | outputs/2021SLU/output_2021_06_10_SLU_S2/bot2p2_Zoom_Meeting_Room_2_2021_06_10_12_37_25_chunk8.json | outputs/2021SLU/output_2021_06_10_SLU_S7/Zoom_Meeting_6_10_2021_12_35_12_PM_chunk7.json | outputs/2021SLU/output_2021_06_10_SLU_S7/Zoom_Meeting_6_10_2021_12_35_12_PM_chunk8.json | outputs/2021SLU/output_2021_06_11_SLU_S12/botB2_2021_06_11_13_01_54_chunk1.json | outputs/2021SLU/output_2021_06_11_SLU_S12/botB2_2021_06_11_13_01_54_chunk2.json | outputs/2021SLU/output_2021_06_11_SLU_S12/botB2_2021_06_11_13_01_54_chunk3.json | outputs/2021SLU/output_2021_06_11_SLU_S12/botB2_2021_06_11_13_01_54_chunk4.json | outputs/2021SLU/output_2021_06_11_SLU_S12/botB2_2021_06_11_13_01_54_chunk5.json | outputs/2021SLU/output_2021_06_11_SLU_S12/botB2_2021_06_11_13_01_54_chunk6.json | outputs/2021SLU/output_2021_06_11_SLU_S12/botB2_2021_06_11_13_01_54_chunk7.json | outputs/2021SLU/output_2021_06_11_SLU_S12/botB2_2021_06_11_13_01_54_chunk8.json | outputs/2021SLU/output_2021_06_11_SLU_S8/bot1_2021_06_11_13_01_53_chunk8.json | outputs/2021SLU/output_2021_06_11_SLU_S9/bot2p1_Zoom_Meeting_Room_2_2021_06_11_13_02_29.json | outputs/2021SLU/output_2021_06_11_SLU_S9/bot2p2_Zoom_Meeting_Room_2_2021_06_11_13_02_58_chunk1.json | outputs/2021SLU/output_2021_06_11_SLU_S9/bot2p2_Zoom_Meeting_Room_2_2021_06_11_13_02_58_chunk2.json | outputs/2021SLU/output_2021_06_11_SLU_S9/bot2p2_Zoom_Meeting_Room_2_2021_06_11_13_02_58_chunk3.json | outputs/2021SLU/output_2021_06_11_SLU_S9/bot2p2_Zoom_Meeting_Room_2_2021_06_11_13_02_58_chunk4.json | outputs/2021SLU/output_2021_06_11_SLU_S9/bot2p2_Zoom_Meeting_Room_2_2021_06_11_13_02_58_chunk5.json | outputs/2021SLU/output_2021_06_11_SLU_S9/bot2p2_Zoom_Meeting_Room_2_2021_06_11_13_02_58_chunk6.json | outputs/2021SLU/output_2021_06_11_SLU_S9/bot2p2_Zoom_Meeting_Room_2_2021_06_11_13_02_58_chunk7.json | outputs/2021SLU/output_2021_06_11_SLU_S9/bot2p2_Zoom_Meeting_Room_2_2021_06_11_13_02_58_chunk8.json | outputs/2022MND/output_2022_04_07_MND_S1/Bot1_2022_04_07_12_35_40_glitch_2_4min_chunk6.json | outputs/2022MND/output_2022_04_07_MND_S1/Bot1_2022_04_07_12_35_40_glitch_2_4min_chunk7.json | outputs/2022MND/output_2022_04_07_MND_S1/Bot1_2022_04_07_12_35_40_glitch_2_4min_chunk8.json | outputs/2022MND/output_2022_04_07_MND_S3/Bot3_2022_04_07_12_36_39_chunk8.json | outputs/2022MND/output_2022_04_07_MND_S5/BotB4_2022_04_07_09_36_38_time_off_by_3hrs_(should_be_later)_chunk8.json | outputs/2022MND/output_2022_04_07_MND_S6/BotB5_2022_04_07_12_37_34_chunk8.json | outputs/2022MND/output_2022_04_08_MND_S1/Bot1_2022_04_08_10_53_19_chunk7.json | outputs/2022MND/output_2022_04_08_MND_S1/Bot1_2022_04_08_10_53_19_chunk8.json | outputs/2022MND/output_2022_04_08_MND_S2/Bot2_Zoom_Meeting_Room_2_2022_04_08_10_54_08_problem_52min50sec_55min_chunk7.json | outputs/2022MND/output_2022_04_08_MND_S2/Bot2_Zoom_Meeting_Room_2_2022_04_08_10_54_08_problem_52min50sec_55min_chunk8.json | outputs/2022MND/output_2022_04_08_MND_S3/Bot3.1_2022_04_08_10_53_26_problem_47min10sec_end_then_2_min_missed_chunk3.json | outputs/2022MND/output_2022_04_08_MND_S3/Bot3.1_2022_04_08_10_53_26_problem_47min10sec_end_then_2_min_missed_chunk4.json | outputs/2022MND/output_2022_04_08_MND_S3/Bot3.1_2022_04_08_10_53_26_problem_47min10sec_end_then_2_min_missed_chunk5.json | outputs/2022MND/output_2022_04_08_MND_S3/Bot3.2_2022_04_08_11_45_28_after_missed_2_min_chunk2.json | outputs/2022MND/output_2022_04_08_MND_S3/Bot3.2_2022_04_08_11_45_28_after_missed_2_min_chunk3.json | outputs/2022MND/output_2022_04_08_MND_S4/BotB4_2022_04_08_06_54_34_time_wrong_(probably_4hrs_early)_chunk7.json | outputs/2022MND/output_2022_04_08_MND_S4/BotB4_2022_04_08_06_54_34_time_wrong_(probably_4hrs_early)_chunk8.json | outputs/2022MND/output_2022_04_08_MND_S5/BotB5_2022_04_08_10_54_31_problem_7min30sec_10min_chunk7.json | outputs/2022MND/output_2022_04_08_MND_S8/Bot2_Zoom_Meeting_Room_2_2022_04_08_13_02_14_chunk6.json | outputs/2022MND/output_2022_04_08_MND_S8/Bot2_Zoom_Meeting_Room_2_2022_04_08_13_02_14_chunk7.json | outputs/2022MND/output_2022_04_08_MND_S8/Bot2_Zoom_Meeting_Room_2_2022_04_08_13_02_14_chunk8.json | outputs/2022MND/output_2022_04_08_MND_S9/Bot3_2022_04_08_13_01_56_problem_55min30sec_57min20sec_chunk8.json,479,195
silvia ronco,output,2020NES | 2021ABI | 2021CMC | 2021MND | 2021MZT | 2021NES | 2021SLU | 2022MND,Silvia Ronco,outputs/2020NES/output_2020_11_06_NES_S2/2020_11_06_09_59_04/2020_11_06_09_59_04_chunk1.json | outputs/2020NES/output_2020_11_06_NES_S2/2020_11_06_09_59_04/2020_11_06_09_59_04_chunk2.json | outputs/2020NES/output_2020_11_06_NES_S2/2020_11_06_09_59_04/2020_11_06_09_59_04_chunk3.json | outputs/2020NES/output_2020_11_06_NES_S2/2020_11_06_09_59_04/2020_11_06_09_59_04_chunk4.json | outputs/2020NES/output_2020_11_06_NES_S2/2020_11_06_09_59_04/2020_11_06_09_59_04_chunk5.json | outputs/2020NES/output_2020_11_06_NES_S2/2020_11_06_09_59_04/2020_11_06_09_59_04_chunk6.json | outputs/2020NES/output_2020_11_06_NES_S2/2020_11_06_09_59_04/2020_11_06_09_59_04_chunk7.json | outputs/2020NES/output_2020_11_06_NES_S2/2020_11_06_09_59_04/2020_11_06_09_59_04_chunk8.json | outputs/2020NES/output_2020_11_06_NES_S2/2020_11_06_09_59_04/2020_11_06_09_59_04_chunk9.json | outputs/2021ABI/output_2021_05_20_ABI_S5/bot3p1_Zoom_Meeting_2021_05_20_12_40_43.json | outputs/2021ABI/output_2021_05_20_ABI_S5/bot3p2_Zoom_Meeting_2021_05_20_12_40_54_chunk1.json | outputs/2021ABI/output_2021_05_20_ABI_S5/bot3p2_Zoom_Meeting_2021_05_20_12_40_54_chunk2.json | outputs/2021ABI/output_2021_05_20_ABI_S5/bot3p2_Zoom_Meeting_2021_05_20_12_40_54_chunk3.json | outputs/2021ABI/output_2021_05_20_ABI_S5/bot3p2_Zoom_Meeting_2021_05_20_12_40_54_chunk4.json | outputs/2021ABI/output_2021_05_20_ABI_S5/bot3p2_Zoom_Meeting_2021_05_20_12_40_54_chunk5.json | outputs/2021ABI/output_2021_05_20_ABI_S5/bot3p2_Zoom_Meeting_2021_05_20_12_40_54_chunk6.json | outputs/2021ABI/output_2021_05_20_ABI_S5/bot3p2_Zoom_Meeting_2021_05_20_12_40_54_chunk7.json | outputs/2021ABI/output_2021_05_20_ABI_S7/botB1_2021_05_20_12_34_57_chunk6.json | outputs/2021ABI/output_2021_05_20_ABI_S7/botB1_2021_05_20_12_34_57_chunk7.json | outputs/2021ABI/output_2021_05_20_ABI_S7/botB1_2021_05_20_12_34_57_chunk8.json | outputs/2021ABI/output_2021_05_21_ABI_S15/botB3_2021_05_21_13_09_30_chunk7.json | outputs/2021CMC/output_2021_10_08_CMC_S11/B3_2021_10_08_13_01_43_chunk8.json | outputs/2021CMC/output_2021_10_08_CMC_S5/B4_2021_10_08_10_59_30_chunk8.json | outputs/2021MND/output_2021_04_23_MND_S13/botB1_2021_04_23_13_14_18_chunk1.json | outputs/2021MND/output_2021_04_23_MND_S13/botB1_2021_04_23_13_14_18_chunk2.json | outputs/2021MND/output_2021_04_23_MND_S13/botB1_2021_04_23_13_14_18_chunk4.json | outputs/2021MND/output_2021_04_23_MND_S13/botB1_2021_04_23_13_14_18_chunk5.json | outputs/2021MND/output_2021_04_23_MND_S13/botB1_2021_04_23_13_14_18_chunk6.json | outputs/2021MND/output_2021_04_23_MND_S13/botB1_2021_04_23_13_14_18_chunk7.json | outputs/2021MND/output_2021_04_23_MND_S14/botB2_2021_04_23_13_14_21_chunk7.json | outputs/2021MND/output_2021_04_23_MND_S15/Breakout_Room_4_Session_3_2021_04_23_13_13_06_chunk1.json | outputs/2021MND/output_2021_04_23_MND_S15/Breakout_Room_4_Session_3_2021_04_23_13_13_06_chunk2.json | outputs/2021MND/output_2021_04_23_MND_S15/Breakout_Room_4_Session_3_2021_04_23_13_13_06_chunk3.json | outputs/2021MND/output_2021_04_23_MND_S15/Breakout_Room_4_Session_3_2021_04_23_13_13_06_chunk4.json | outputs/2021MND/output_2021_04_23_MND_S15/Breakout_Room_4_Session_3_2021_04_23_13_13_06_chunk5.json | outputs/2021MND/output_2021_04_23_MND_S15/Breakout_Room_4_Session_3_2021_04_23_13_13_06_chunk6.json | outputs/2021MND/output_2021_04_23_MND_S15/Breakout_Room_4_Session_3_2021_04_23_13_13_06_chunk7.json | outputs/2021MND/output_2021_04_23_MND_S3/bot2_Zoom_Meeting_Room_2_2021_04_23_11_16_54.json | outputs/2021MND/output_2021_04_23_MND_S3/bot2_Zoom_Meeting_Room_2_2021_04_23_11_18_13_chunk6.json | outputs/2021MND/output_2021_04_23_MND_S6/botB2_2021_04_23_11_17_00_chunk6.json | outputs/2021MND/output_2021_04_23_MND_S6/botB2_2021_04_23_11_17_00_chunk7.json | outputs/2021MZT/output_2021_10_01_MZT_S9/B3_2021_10_01_13_12_21_chunk7.json | outputs/2021NES/output_2021_11_05_NES_S1/B1_2021_11_05_11_01_24_trimend_chunk12.json | outputs/2021NES/output_2021_11_05_NES_S10/B4_2021_11_05_13_06_36_chunk8.json | outputs/2021NES/output_2021_11_05_NES_S12/B6_2021_11_05_13_06_36_chunk8.json | outputs/2021NES/output_2021_11_05_NES_S3/B3_2021_11_05_11_01_14_trimend_chunk12.json | outputs/2021NES/output_2021_11_05_NES_S4/B4_2021_11_05_11_00_54_trimend_chunk12.json | outputs/2021NES/output_2021_11_05_NES_S5/B5_2021_11_05_11_01_07_trimend_chunk12.json | outputs/2021NES/output_2021_11_05_NES_S6/B6_2021_11_05_11_01_03_trimend_chunk12.json | outputs/2021NES/output_2021_11_05_NES_S7/B1_2021_11_05_13_06_40_chunk8.json | outputs/2021SLU/output_2021_06_10_SLU_S4/bot4_2021_06_10_12_35_05_chunk7.json | outputs/2021SLU/output_2021_06_10_SLU_S4/bot4_2021_06_10_12_35_05_chunk8.json | outputs/2021SLU/output_2021_06_11_SLU_S1/bot1_2021_06_11_10_57_56_chunk8.json | outputs/2021SLU/output_2021_06_11_SLU_S11/bot4_2021_06_11_13_02_17_chunk8.json | outputs/2021SLU/output_2021_06_11_SLU_S12/botB2_2021_06_11_13_01_54_chunk8.json | outputs/2021SLU/output_2021_06_11_SLU_S3/bot3p1_Room_3_Zoom_Meeting_2021_06_11_10_58_57.json | outputs/2021SLU/output_2021_06_11_SLU_S3/bot3p2_Room_3_Zoom_Meeting_2021_06_11_10_59_57_chunk1.json | outputs/2021SLU/output_2021_06_11_SLU_S3/bot3p2_Room_3_Zoom_Meeting_2021_06_11_10_59_57_chunk2.json | outputs/2021SLU/output_2021_06_11_SLU_S3/bot3p2_Room_3_Zoom_Meeting_2021_06_11_10_59_57_chunk3.json | outputs/2021SLU/output_2021_06_11_SLU_S3/bot3p2_Room_3_Zoom_Meeting_2021_06_11_10_59_57_chunk4.json | outputs/2021SLU/output_2021_06_11_SLU_S3/bot3p2_Room_3_Zoom_Meeting_2021_06_11_10_59_57_chunk5.json | outputs/2021SLU/output_2021_06_11_SLU_S3/bot3p2_Room_3_Zoom_Meeting_2021_06_11_10_59_57_chunk6.json | outputs/2021SLU/output_2021_06_11_SLU_S3/bot3p2_Room_3_Zoom_Meeting_2021_06_11_10_59_57_chunk7.json | outputs/2021SLU/output_2021_06_11_SLU_S3/bot3p2_Room_3_Zoom_Meeting_2021_06_11_10_59_57_chunk8.json | outputs/2021SLU/output_2021_06_11_SLU_S8/bot1_2021_06_11_13_01_53_chunk8.json | outputs/2022MND/output_2022_04_08_MND_S1/Bot1_2022_04_08_10_53_19_chunk8.json | outputs/2022MND/output_2022_04_08_MND_S3/Bot3.1_2022_04_08_10_53_26_problem_47min10sec_end_then_2_min_missed_chunk4.json | outputs/2022MND/output_2022_04_08_MND_S3/Bot3.1_2022_04_08_10_53_26_problem_47min10sec_end_then_2_min_missed_chunk5.json | outputs/2022MND/output_2022_04_08_MND_S3/Bot3.2_2022_04_08_11_45_28_after_missed_2_min_chunk3.json | outputs/2022MND/output_2022_04_08_MND_S4/BotB4_2022_04_08_06_54_34_time_wrong_(probably_4hrs_early)_chunk8.json,200,70
elizabeth weiss,output,2020NES | 2021MND | 2022MND,Elizabeth Weiss,outputs/2020NES/output_2020_11_06_NES_S2/2020_11_06_09_59_04/2020_11_06_09_59_04_chunk1.json | outputs/2020NES/output_2020_11_06_NES_S2/2020_11_06_09_59_04/2020_11_06_09_59_04_chunk2.json | outputs/2020NES/output_2020_11_06_NES_S2/2020_11_06_09_59_04/2020_11_06_09_59_04_chunk3.json | outputs/2020NES/output_2020_11_06_NES_S2/2020_11_06_09_59_04/2020_11_06_09_59_04_chunk4.json | outputs/2020NES/output_2020_11_06_NES_S2/2020_11_06_09_59_04/2020_11_06_09_59_04_chunk5.json | outputs/2020NES/output_2020_11_06_NES_S2/2020_11_06_09_59_04/2020_11_06_09_59_04_chunk6.json | outputs/2020NES/output_2020_11_06_NES_S2/2020_11_06_09_59_04/2020_11_06_09_59_04_chunk7.json | outputs/2020NES/output_2020_11_06_NES_S2/2020_11_06_09_59_04/2020_11_06_09_59_04_chunk8.json | outputs/2020NES/output_2020_11_06_NES_S2/2020_11_06_09_59_04/2020_11_06_09_59_04_chunk9.json | outputs/2021MND/output_2021_04_22_MND_S8/Zoom_Meeting_Room_6_2021_04_22_13_00_55_chunk1.json | outputs/2021MND/output_2021_04_22_MND_S8/Zoom_Meeting_Room_6_2021_04_22_13_16_39.json | outputs/2021MND/output_2021_04_22_MND_S8/Zoom_Meeting_Room_6_2021_04_22_13_18_39_chunk2.json | outputs/2021MND/output_2021_04_22_MND_S8/Zoom_Meeting_Room_6_2021_04_22_13_18_39_chunk3.json | outputs/2021MND/output_2021_04_22_MND_S8/Zoom_Meeting_Room_6_2021_04_22_13_18_39_chunk4.json | outputs/2021MND/output_2021_04_22_MND_S8/Zoom_Meeting_Room_6_2021_04_22_13_18_39_chunk5.json | outputs/2021MND/output_2021_04_22_MND_S8/Zoom_Meeting_Room_6_2021_04_22_13_18_39_chunk6.json | outputs/2021MND/output_2021_04_23_MND_S1/Bot_5_Zoom_Meeting_4_23_2021_11_16_28_AM.json | outputs/2022MND/output_2022_04_07_MND_S6/BotB5_2022_04_07_12_37_34_chunk1.json | outputs/2022MND/output_2022_04_07_MND_S6/BotB5_2022_04_07_12_37_34_chunk2.json | outputs/2022MND/output_2022_04_07_MND_S6/BotB5_2022_04_07_12_37_34_chunk3.json | outputs/2022MND/output_2022_04_07_MND_S6/BotB5_2022_04_07_12_37_34_chunk4.json | outputs/2022MND/output_2022_04_07_MND_S6/BotB5_2022_04_07_12_37_34_chunk5.json | outputs/2022MND/output_2022_04_07_MND_S6/BotB5_2022_04_07_12_37_34_chunk7.json | outputs/2022MND/output_2022_04_07_MND_S6/BotB5_2022_04_07_12_37_34_chunk8.json | outputs/2022MND/output_2022_04_08_MND_S5/BotB5_2022_04_08_10_54_31_problem_7min30sec_10min_chunk1.json | outputs/2022MND/output_2022_04_08_MND_S5/BotB5_2022_04_08_10_54_31_problem_7min30sec_10min_chunk2.json | outputs/2022MND/output_2022_04_08_MND_S5/BotB5_2022_04_08_10_54_31_problem_7min30sec_10min_chunk3.json | outputs/2022MND/output_2022_04_08_MND_S5/BotB5_2022_04_08_10_54_31_problem_7min30sec_10min_chunk4.json | outputs/2022MND/output_2022_04_08_MND_S5/BotB5_2022_04_08_10_54_31_problem_7min30sec_10min_chunk5.json | outputs/2022MND/output_2022_04_08_MND_S5/BotB5_2022_04_08_10_54_31_problem_7min30sec_10min_chunk6.json | outputs/2022MND/output_2022_04_08_MND_S5/BotB5_2022_04_08_10_54_31_problem_7min30sec_10min_chunk7.json,45,31
alissa park,output,2020NES | 2021NES,Alissa Park,outputs/2020NES/output_2020_11_05_NES_S1/1_DAC_Simulations_Zoom_Meeting_2020_11_05_12_09_10/1_DAC_Simulations_Zoom_Meeting_2020_11_05_12_09_10_chunk1.json | outputs/2020NES/output_2020_11_05_NES_S1/1_DAC_Simulations_Zoom_Meeting_2020_11_05_12_09_10/1_DAC_Simulations_Zoom_Meeting_2020_11_05_12_09_10_chunk2.json | outputs/2020NES/output_2020_11_05_NES_S1/1_DAC_Simulations_Zoom_Meeting_2020_11_05_12_24_10/1_DAC_Simulations_Zoom_Meeting_2020_11_05_12_24_10_chunk1.json | outputs/2020NES/output_2020_11_05_NES_S1/1_DAC_Simulations_Zoom_Meeting_2020_11_05_12_24_10/1_DAC_Simulations_Zoom_Meeting_2020_11_05_12_24_10_chunk2.json | outputs/2020NES/output_2020_11_05_NES_S1/1_DAC_Simulations_Zoom_Meeting_2020_11_05_12_24_10/1_DAC_Simulations_Zoom_Meeting_2020_11_05_12_24_10_chunk3.json | outputs/2020NES/output_2020_11_05_NES_S1/1_DAC_Simulations_Zoom_Meeting_2020_11_05_12_24_10/1_DAC_Simulations_Zoom_Meeting_2020_11_05_12_24_10_chunk4.json | outputs/2020NES/output_2020_11_05_NES_S1/1_DAC_Simulations_Zoom_Meeting_2020_11_05_12_24_10/1_DAC_Simulations_Zoom_Meeting_2020_11_05_12_24_10_chunk5.json | outputs/2020NES/output_2020_11_05_NES_S1/1_DAC_Simulations_Zoom_Meeting_2020_11_05_12_24_10/1_DAC_Simulations_Zoom_Meeting_2020_11_05_12_24_10_chunk6.json | outputs/2020NES/output_2020_11_06_NES_S12/6_new_ideas_for_CO2_utilization_Zoom_Meeting_2020_11_06_10_12_03/6_new_ideas_for_CO2_utilization_Zoom_Meeting_2020_11_06_10_12_03_chunk1.json | outputs/2020NES/output_2020_11_06_NES_S12/6_new_ideas_for_CO2_utilization_Zoom_Meeting_2020_11_06_10_12_03/6_new_ideas_for_CO2_utilization_Zoom_Meeting_2020_11_06_10_12_03_chunk2.json | outputs/2020NES/output_2020_11_06_NES_S12/6_new_ideas_for_CO2_utilization_Zoom_Meeting_2020_11_06_10_22_34/6_new_ideas_for_CO2_utilization_Zoom_Meeting_2020_11_06_10_22_34_chunk1.json | outputs/2020NES/output_2020_11_06_NES_S12/6_new_ideas_for_CO2_utilization_Zoom_Meeting_2020_11_06_10_22_34/6_new_ideas_for_CO2_utilization_Zoom_Meeting_2020_11_06_10_22_34_chunk2.json | outputs/2020NES/output_2020_11_06_NES_S12/6_new_ideas_for_CO2_utilization_Zoom_Meeting_2020_11_06_10_22_34/6_new_ideas_for_CO2_utilization_Zoom_Meeting_2020_11_06_10_22_34_chunk3.json | outputs/2020NES/output_2020_11_06_NES_S12/6_new_ideas_for_CO2_utilization_Zoom_Meeting_2020_11_06_10_49_48/6_new_ideas_for_CO2_utilization_Zoom_Meeting_2020_11_06_10_49_48_chunk1.json | outputs/2020NES/output_2020_11_06_NES_S12/6_new_ideas_for_CO2_utilization_Zoom_Meeting_2020_11_06_10_49_48/6_new_ideas_for_CO2_utilization_Zoom_Meeting_2020_11_06_10_49_48_chunk2.json | outputs/2020NES/output_2020_11_06_NES_S12/6_new_ideas_for_CO2_utilization_Zoom_Meeting_2020_11_06_10_49_48/6_new_ideas_for_CO2_utilization_Zoom_Meeting_2020_11_06_10_49_48_chunk3.json | outputs/2021NES/output_2021_11_04_NES_S5/B5_2021_11_04_12_32_22_chunk1.json | outputs/2021NES/output_2021_11_04_NES_S5/B5_2021_11_04_12_32_22_chunk2.json | outputs/2021NES/output_2021_11_04_NES_S5/B5_2021_11_04_12_32_22_chunk3.json | outputs/2021NES/output_2021_11_04_NES_S5/B5_2021_11_04_12_32_22_chunk4.json | outputs/2021NES/output_2021_11_04_NES_S5/B5_2021_11_04_12_32_22_chunk5.json | outputs/2021NES/output_2021_11_04_NES_S5/B5_2021_11_04_12_32_22_chunk6.json | outputs/2021NES/output_2021_11_04_NES_S5/B5_2021_11_04_12_32_22_chunk7.json | outputs/2021NES/output_2021_11_04_NES_S5/B5_2021_11_04_12_32_22_chunk8.json | outputs/2021NES/output_2021_11_05_NES_S1/B1_2021_11_05_11_01_24_trimend_chunk1.json | outputs/2021NES/output_2021_11_05_NES_S1/B1_2021_11_05_11_01_24_trimend_chunk10.json | outputs/2021NES/output_2021_11_05_NES_S1/B1_2021_11_05_11_01_24_trimend_chunk11.json | outputs/2021NES/output_2021_11_05_NES_S1/B1_2021_11_05_11_01_24_trimend_chunk12.json | outputs/2021NES/output_2021_11_05_NES_S1/B1_2021_11_05_11_01_24_trimend_chunk2.json | outputs/2021NES/output_2021_11_05_NES_S1/B1_2021_11_05_11_01_24_trimend_chunk3.json | outputs/2021NES/output_2021_11_05_NES_S1/B1_2021_11_05_11_01_24_trimend_chunk4.json | outputs/2021NES/output_2021_11_05_NES_S1/B1_2021_11_05_11_01_24_trimend_chunk5.json | outputs/2021NES/output_2021_11_05_NES_S1/B1_2021_11_05_11_01_24_trimend_chunk6.json | outputs/2021NES/output_2021_11_05_NES_S1/B1_2021_11_05_11_01_24_trimend_chunk7.json | outputs/2021NES/output_2021_11_05_NES_S1/B1_2021_11_05_11_01_24_trimend_chunk8.json | outputs/2021NES/output_2021_11_05_NES_S1/B1_2021_11_05_11_01_24_trimend_chunk9.json | outputs/2021NES/output_2021_11_05_NES_S9/B3_2021_11_05_13_06_59_chunk1.json | outputs/2021NES/output_2021_11_05_NES_S9/B3_2021_11_05_13_06_59_chunk2.json | outputs/2021NES/output_2021_11_05_NES_S9/B3_2021_11_05_13_06_59_chunk4.json | outputs/2021NES/output_2021_11_05_NES_S9/B3_2021_11_05_13_06_59_chunk5.json | outputs/2021NES/output_2021_11_05_NES_S9/B3_2021_11_05_13_06_59_chunk6.json | outputs/2021NES/output_2021_11_05_NES_S9/B3_2021_11_05_13_06_59_chunk7.json | outputs/2021NES/output_2021_11_05_NES_S9/B3_2021_11_05_13_06_59_chunk8.json,265,43
chris jones,output,2020NES | 2021NES,Chris Jones,outputs/2020NES/output_2020_11_05_NES_S2/2020_11_05_11_57_33/2020_11_05_11_57_33_chunk1.json | outputs/2020NES/output_2020_11_05_NES_S2/2020_11_05_11_57_33/2020_11_05_11_57_33_chunk2.json | outputs/2020NES/output_2020_11_05_NES_S2/2020_11_05_11_57_33/2020_11_05_11_57_33_chunk3.json | outputs/2020NES/output_2020_11_05_NES_S2/2020_11_05_11_57_33/2020_11_05_11_57_33_chunk4.json | outputs/2020NES/output_2020_11_05_NES_S2/2020_11_05_11_57_33/2020_11_05_11_57_33_chunk5.json | outputs/2020NES/output_2020_11_05_NES_S2/2020_11_05_11_57_33/2020_11_05_11_57_33_chunk6.json | outputs/2020NES/output_2020_11_05_NES_S2/2020_11_05_11_57_33/2020_11_05_11_57_33_chunk7.json | outputs/2020NES/output_2020_11_05_NES_S2/2020_11_05_11_57_33/2020_11_05_11_57_33_chunk8.json | outputs/2020NES/output_2020_11_06_NES_S1/1_CO2_DAC_2_Zoom_Meeting_2020_11_06_10_48_29/1_CO2_DAC_2_Zoom_Meeting_2020_11_06_10_48_29_chunk1.json | outputs/2020NES/output_2020_11_06_NES_S1/1_CO2_DAC_2_Zoom_Meeting_2020_11_06_10_48_29/1_CO2_DAC_2_Zoom_Meeting_2020_11_06_10_48_29_chunk2.json | outputs/2020NES/output_2020_11_06_NES_S1/1_CO2_DAC_2_Zoom_Meeting_2020_11_06_10_48_29/1_CO2_DAC_2_Zoom_Meeting_2020_11_06_10_48_29_chunk3.json | outputs/2020NES/output_2020_11_06_NES_S1/1_CO2_DAC_2_Zoom_Meeting_2020_11_06_11_11_38/1_CO2_DAC_2_Zoom_Meeting_2020_11_06_11_11_38.json | outputs/2020NES/output_2020_11_06_NES_S1/Zoom_Meeting_2020_11_06_10_17_47/Zoom_Meeting_2020_11_06_10_17_47_chunk2.json | outputs/2020NES/output_2020_11_06_NES_S1/Zoom_Meeting_2020_11_06_10_17_47/Zoom_Meeting_2020_11_06_10_17_47_chunk3.json | outputs/2020NES/output_2020_11_06_NES_S1/Zoom_Meeting_2020_11_06_10_17_47/Zoom_Meeting_2020_11_06_10_17_47_chunk4.json | outputs/2020NES/output_2020_11_06_NES_S7/1_beyond_co2_Zoom_Meeting_2020_11_06_12_11_55/1_beyond_co2_Zoom_Meeting_2020_11_06_12_11_55_chunk1.json | outputs/2020NES/output_2020_11_06_NES_S7/1_beyond_co2_Zoom_Meeting_2020_11_06_12_11_55/1_beyond_co2_Zoom_Meeting_2020_11_06_12_11_55_chunk2.json | outputs/2020NES/output_2020_11_06_NES_S7/1_beyond_co2_Zoom_Meeting_2020_11_06_12_11_55/1_beyond_co2_Zoom_Meeting_2020_11_06_12_11_55_chunk3.json | outputs/2020NES/output_2020_11_06_NES_S7/1_beyond_co2_Zoom_Meeting_2020_11_06_12_11_55/1_beyond_co2_Zoom_Meeting_2020_11_06_12_11_55_chunk4.json | outputs/2020NES/output_2020_11_06_NES_S7/1_beyond_co2_Zoom_Meeting_2020_11_06_12_11_55/1_beyond_co2_Zoom_Meeting_2020_11_06_12_11_55_chunk5.json | outputs/2020NES/output_2020_11_06_NES_S7/1_beyond_co2_Zoom_Meeting_2020_11_06_12_11_55/1_beyond_co2_Zoom_Meeting_2020_11_06_12_11_55_chunk6.json | outputs/2021NES/output_2021_11_04_NES_S5/B5_2021_11_04_12_32_22_chunk1.json | outputs/2021NES/output_2021_11_04_NES_S5/B5_2021_11_04_12_32_22_chunk2.json | outputs/2021NES/output_2021_11_04_NES_S5/B5_2021_11_04_12_32_22_chunk3.json | outputs/2021NES/output_2021_11_04_NES_S5/B5_2021_11_04_12_32_22_chunk4.json | outputs/2021NES/output_2021_11_04_NES_S5/B5_2021_11_04_12_32_22_chunk5.json | outputs/2021NES/output_2021_11_04_NES_S5/B5_2021_11_04_12_32_22_chunk6.json | outputs/2021NES/output_2021_11_04_NES_S5/B5_2021_11_04_12_32_22_chunk7.json | outputs/2021NES/output_2021_11_04_NES_S5/B5_2021_11_04_12_32_22_chunk8.json | outputs/2021NES/output_2021_11_05_NES_S2/B2_Zoom_Meeting_Room_2.2_2021_11_05_11_02_10_chunk1.json | outputs/2021NES/output_2021_11_05_NES_S2/B2_Zoom_Meeting_Room_2.2_2021_11_05_11_02_10_chunk2.json | outputs/2021NES/output_2021_11_05_NES_S2/B2_Zoom_Meeting_Room_2.2_2021_11_05_11_02_10_chunk3.json | outputs/2021NES/output_2021_11_05_NES_S2/B2_Zoom_Meeting_Room_2.2_2021_11_05_11_02_10_chunk4.json | outputs/2021NES/output_2021_11_05_NES_S2/B2_Zoom_Meeting_Room_2.2_2021_11_05_11_02_10_chunk5.json | outputs/2021NES/output_2021_11_05_NES_S2/B2_Zoom_Meeting_Room_2.2_2021_11_05_11_02_10_chunk6.json | outputs/2021NES/output_2021_11_05_NES_S2/B2_Zoom_Meeting_Room_2.2_2021_11_05_11_02_10_chunk7.json | outputs/2021NES/output_2021_11_05_NES_S2/B2_Zoom_Meeting_Room_2.2_2021_11_05_11_02_10_chunk8.json,195,37
david gator kwabi,output,2020NES | 2021NES,David Gator Kwabi,outputs/2020NES/output_2020_11_06_NES_S1/1_CO2_DAC_2_Zoom_Meeting_2020_11_06_10_48_29/1_CO2_DAC_2_Zoom_Meeting_2020_11_06_10_48_29_chunk1.json | outputs/2020NES/output_2020_11_06_NES_S1/1_CO2_DAC_2_Zoom_Meeting_2020_11_06_10_48_29/1_CO2_DAC_2_Zoom_Meeting_2020_11_06_10_48_29_chunk2.json | outputs/2020NES/output_2020_11_06_NES_S1/1_CO2_DAC_2_Zoom_Meeting_2020_11_06_10_48_29/1_CO2_DAC_2_Zoom_Meeting_2020_11_06_10_48_29_chunk3.json | outputs/2020NES/output_2020_11_06_NES_S1/1_CO2_DAC_2_Zoom_Meeting_2020_11_06_11_11_38/1_CO2_DAC_2_Zoom_Meeting_2020_11_06_11_11_38.json | outputs/2020NES/output_2020_11_06_NES_S1/Zoom_Meeting_2020_11_06_10_17_47/Zoom_Meeting_2020_11_06_10_17_47_chunk1.json | outputs/2020NES/output_2020_11_06_NES_S1/Zoom_Meeting_2020_11_06_10_17_47/Zoom_Meeting_2020_11_06_10_17_47_chunk2.json | outputs/2020NES/output_2020_11_06_NES_S1/Zoom_Meeting_2020_11_06_10_17_47/Zoom_Meeting_2020_11_06_10_17_47_chunk3.json | outputs/2020NES/output_2020_11_06_NES_S1/Zoom_Meeting_2020_11_06_10_17_47/Zoom_Meeting_2020_11_06_10_17_47_chunk4.json | outputs/2020NES/output_2020_11_06_NES_S12/6_new_ideas_for_CO2_utilization_Zoom_Meeting_2020_11_06_10_12_03/6_new_ideas_for_CO2_utilization_Zoom_Meeting_2020_11_06_10_12_03_chunk1.json | outputs/2020NES/output_2020_11_06_NES_S12/6_new_ideas_for_CO2_utilization_Zoom_Meeting_2020_11_06_10_12_03/6_new_ideas_for_CO2_utilization_Zoom_Meeting_2020_11_06_10_12_03_chunk2.json | outputs/2021NES/output_2021_11_05_NES_S12/B6_2021_11_05_13_06_36_chunk1.json | outputs/2021NES/output_2021_11_05_NES_S12/B6_2021_11_05_13_06_36_chunk2.json | outputs/2021NES/output_2021_11_05_NES_S12/B6_2021_11_05_13_06_36_chunk3.json | outputs/2021NES/output_2021_11_05_NES_S12/B6_2021_11_05_13_06_36_chunk4.json | outputs/2021NES/output_2021_11_05_NES_S12/B6_2021_11_05_13_06_36_chunk6.json | outputs/2021NES/output_2021_11_05_NES_S12/B6_2021_11_05_13_06_36_chunk7.json | outputs/2021NES/output_2021_11_05_NES_S12/B6_2021_11_05_13_06_36_chunk8.json | outputs/2021NES/output_2021_11_05_NES_S2/B2_Zoom_Meeting_Room_2.2_2021_11_05_11_02_10_chunk1.json | outputs/2021NES/output_2021_11_05_NES_S2/B2_Zoom_Meeting_Room_2.2_2021_11_05_11_02_10_chunk2.json | outputs/2021NES/output_2021_11_05_NES_S2/B2_Zoom_Meeting_Room_2.2_2021_11_05_11_02_10_chunk3.json | outputs/2021NES/output_2021_11_05_NES_S2/B2_Zoom_Meeting_Room_2.2_2021_11_05_11_02_10_chunk4.json | outputs/2021NES/output_2021_11_05_NES_S2/B2_Zoom_Meeting_Room_2.2_2021_11_05_11_02_10_chunk5.json | outputs/2021NES/output_2021_11_05_NES_S2/B2_Zoom_Meeting_Room_2.2_2021_11_05_11_02_10_chunk6.json | outputs/2021NES/output_2021_11_05_NES_S2/B2_Zoom_Meeting_Room_2.2_2021_11_05_11_02_10_chunk7.json | outputs/2021NES/output_2021_11_05_NES_S2/B2_Zoom_Meeting_Room_2.2_2021_11_05_11_02_10_chunk8.json,65,25
fik brushett,output,2020NES | 2021NES,Fik Brushett,outputs/2020NES/output_2020_11_05_NES_S3/3_Sorbents_Zoom_Meeting_2020_11_05_12_12_32/3_Sorbents_Zoom_Meeting_2020_11_05_12_12_32.json | outputs/2020NES/output_2020_11_05_NES_S3/3_Sorbents_Zoom_Meeting_2020_11_05_12_20_44/3_Sorbents_Zoom_Meeting_2020_11_05_12_20_44_chunk2.json | outputs/2020NES/output_2020_11_05_NES_S3/3_Sorbents_Zoom_Meeting_2020_11_05_12_20_44/3_Sorbents_Zoom_Meeting_2020_11_05_12_20_44_chunk3.json | outputs/2020NES/output_2020_11_05_NES_S3/3_Sorbents_Zoom_Meeting_2020_11_05_12_20_44/3_Sorbents_Zoom_Meeting_2020_11_05_12_20_44_chunk4.json | outputs/2020NES/output_2020_11_05_NES_S3/3_Sorbents_Zoom_Meeting_2020_11_05_12_20_44/3_Sorbents_Zoom_Meeting_2020_11_05_12_20_44_chunk5.json | outputs/2020NES/output_2020_11_05_NES_S3/3_Sorbents_Zoom_Meeting_2020_11_05_12_20_44/3_Sorbents_Zoom_Meeting_2020_11_05_12_20_44_chunk6.json | outputs/2021NES/output_2021_11_04_NES_S3/B3_2021_11_04_12_32_36_chunk1.json | outputs/2021NES/output_2021_11_04_NES_S3/B3_2021_11_04_12_32_36_chunk2.json | outputs/2021NES/output_2021_11_04_NES_S3/B3_2021_11_04_12_32_36_chunk3.json | outputs/2021NES/output_2021_11_04_NES_S3/B3_2021_11_04_12_32_36_chunk4.json | outputs/2021NES/output_2021_11_04_NES_S3/B3_2021_11_04_12_32_36_chunk5.json | outputs/2021NES/output_2021_11_04_NES_S3/B3_2021_11_04_12_32_36_chunk6.json | outputs/2021NES/output_2021_11_04_NES_S3/B3_2021_11_04_12_32_36_chunk7.json | outputs/2021NES/output_2021_11_04_NES_S3/B3_2021_11_04_12_32_36_chunk8.json | outputs/2021NES/output_2021_11_05_NES_S2/B2_Zoom_Meeting_Room_2.2_2021_11_05_11_02_10_chunk1.json | outputs/2021NES/output_2021_11_05_NES_S2/B2_Zoom_Meeting_Room_2.2_2021_11_05_11_02_10_chunk2.json | outputs/2021NES/output_2021_11_05_NES_S2/B2_Zoom_Meeting_Room_2.2_2021_11_05_11_02_10_chunk3.json | outputs/2021NES/output_2021_11_05_NES_S2/B2_Zoom_Meeting_Room_2.2_2021_11_05_11_02_10_chunk4.json | outputs/2021NES/output_2021_11_05_NES_S2/B2_Zoom_Meeting_Room_2.2_2021_11_05_11_02_10_chunk5.json | outputs/2021NES/output_2021_11_05_NES_S2/B2_Zoom_Meeting_Room_2.2_2021_11_05_11_02_10_chunk6.json | outputs/2021NES/output_2021_11_05_NES_S2/B2_Zoom_Meeting_Room_2.2_2021_11_05_11_02_10_chunk7.json | outputs/2021NES/output_2021_11_05_NES_S2/B2_Zoom_Meeting_Room_2.2_2021_11_05_11_02_10_chunk8.json,78,22
george shields,output,2020NES | 2021NES,George Shields,outputs/2020NES/output_2020_11_05_NES_S1/1_DAC_Simulations_Zoom_Meeting_2020_11_05_12_09_10/1_DAC_Simulations_Zoom_Meeting_2020_11_05_12_09_10_chunk1.json | outputs/2020NES/output_2020_11_05_NES_S1/1_DAC_Simulations_Zoom_Meeting_2020_11_05_12_09_10/1_DAC_Simulations_Zoom_Meeting_2020_11_05_12_09_10_chunk2.json | outputs/2020NES/output_2020_11_05_NES_S1/1_DAC_Simulations_Zoom_Meeting_2020_11_05_12_24_10/1_DAC_Simulations_Zoom_Meeting_2020_11_05_12_24_10_chunk2.json | outputs/2020NES/output_2020_11_05_NES_S1/1_DAC_Simulations_Zoom_Meeting_2020_11_05_12_24_10/1_DAC_Simulations_Zoom_Meeting_2020_11_05_12_24_10_chunk3.json | outputs/2020NES/output_2020_11_05_NES_S1/1_DAC_Simulations_Zoom_Meeting_2020_11_05_12_24_10/1_DAC_Simulations_Zoom_Meeting_2020_11_05_12_24_10_chunk4.json | outputs/2020NES/output_2020_11_05_NES_S1/1_DAC_Simulations_Zoom_Meeting_2020_11_05_12_24_10/1_DAC_Simulations_Zoom_Meeting_2020_11_05_12_24_10_chunk5.json | outputs/2020NES/output_2020_11_05_NES_S1/1_DAC_Simulations_Zoom_Meeting_2020_11_05_12_24_10/1_DAC_Simulations_Zoom_Meeting_2020_11_05_12_24_10_chunk6.json | outputs/2020NES/output_2020_11_06_NES_S2/2020_11_06_09_59_04/2020_11_06_09_59_04_chunk1.json | outputs/2020NES/output_2020_11_06_NES_S2/2020_11_06_09_59_04/2020_11_06_09_59_04_chunk2.json | outputs/2020NES/output_2020_11_06_NES_S2/2020_11_06_09_59_04/2020_11_06_09_59_04_chunk3.json | outputs/2020NES/output_2020_11_06_NES_S2/2020_11_06_09_59_04/2020_11_06_09_59_04_chunk4.json | outputs/2020NES/output_2020_11_06_NES_S2/2020_11_06_09_59_04/2020_11_06_09_59_04_chunk5.json | outputs/2020NES/output_2020_11_06_NES_S2/2020_11_06_09_59_04/2020_11_06_09_59_04_chunk6.json | outputs/2020NES/output_2020_11_06_NES_S2/2020_11_06_09_59_04/2020_11_06_09_59_04_chunk7.json | outputs/2020NES/output_2020_11_06_NES_S2/2020_11_06_09_59_04/2020_11_06_09_59_04_chunk8.json | outputs/2020NES/output_2020_11_06_NES_S2/2020_11_06_09_59_04/2020_11_06_09_59_04_chunk9.json | outputs/2020NES/output_2020_11_06_NES_S7/1_beyond_co2_Zoom_Meeting_2020_11_06_12_11_55/1_beyond_co2_Zoom_Meeting_2020_11_06_12_11_55_chunk1.json | outputs/2020NES/output_2020_11_06_NES_S7/1_beyond_co2_Zoom_Meeting_2020_11_06_12_11_55/1_beyond_co2_Zoom_Meeting_2020_11_06_12_11_55_chunk2.json | outputs/2020NES/output_2020_11_06_NES_S7/1_beyond_co2_Zoom_Meeting_2020_11_06_12_11_55/1_beyond_co2_Zoom_Meeting_2020_11_06_12_11_55_chunk3.json | outputs/2020NES/output_2020_11_06_NES_S7/1_beyond_co2_Zoom_Meeting_2020_11_06_12_11_55/1_beyond_co2_Zoom_Meeting_2020_11_06_12_11_55_chunk4.json | outputs/2020NES/output_2020_11_06_NES_S7/1_beyond_co2_Zoom_Meeting_2020_11_06_12_11_55/1_beyond_co2_Zoom_Meeting_2020_11_06_12_11_55_chunk5.json | outputs/2020NES/output_2020_11_06_NES_S7/1_beyond_co2_Zoom_Meeting_2020_11_06_12_11_55/1_beyond_co2_Zoom_Meeting_2020_11_06_12_11_55_chunk6.json | outputs/2021NES/output_2021_11_04_NES_S6/B6_2021_11_04_12_32_03_chunk1.json | outputs/2021NES/output_2021_11_04_NES_S6/B6_2021_11_04_12_32_03_chunk2.json | outputs/2021NES/output_2021_11_04_NES_S6/B6_2021_11_04_12_32_03_chunk3.json | outputs/2021NES/output_2021_11_04_NES_S6/B6_2021_11_04_12_32_03_chunk8.json | outputs/2021NES/output_2021_11_05_NES_S11/B5_2021_11_05_13_06_53_chunk4.json | outputs/2021NES/output_2021_11_05_NES_S11/B5_2021_11_05_13_06_53_chunk5.json | outputs/2021NES/output_2021_11_05_NES_S11/B5_2021_11_05_13_06_53_chunk6.json | outputs/2021NES/output_2021_11_05_NES_S11/B5_2021_11_05_13_06_53_chunk7.json | outputs/2021NES/output_2021_11_05_NES_S11/B5_2021_11_05_13_06_53_chunk8.json | outputs/2021NES/output_2021_11_05_NES_S6/B6_2021_11_05_11_01_03_trimend_chunk10.json | outputs/2021NES/output_2021_11_05_NES_S6/B6_2021_11_05_11_01_03_trimend_chunk11.json | outputs/2021NES/output_2021_11_05_NES_S6/B6_2021_11_05_11_01_03_trimend_chunk12.json | outputs/2021NES/output_2021_11_05_NES_S6/B6_2021_11_05_11_01_03_trimend_chunk2.json | outputs/2021NES/output_2021_11_05_NES_S6/B6_2021_11_05_11_01_03_trimend_chunk3.json | outputs/2021NES/output_2021_11_05_NES_S6/B6_2021_11_05_11_01_03_trimend_chunk4.json | outputs/2021NES/output_2021_11_05_NES_S6/B6_2021_11_05_11_01_03_trimend_chunk5.json | outputs/2021NES/output_2021_11_05_NES_S6/B6_2021_11_05_11_01_03_trimend_chunk6.json | outputs/2021NES/output_2021_11_05_NES_S6/B6_2021_11_05_11_01_03_trimend_chunk7.json | outputs/2021NES/output_2021_11_05_NES_S6/B6_2021_11_05_11_01_03_trimend_chunk8.json | outputs/2021NES/output_2021_11_05_NES_S6/B6_2021_11_05_11_01_03_trimend_chunk9.json,172,42
jarad mason,output,2020NES | 2021NES,Jarad Mason | Jarad Mason | Jarad Mason (Harvard),outputs/2020NES/output_2020_11_06_NES_S1/1_CO2_DAC_2_Zoom_Meeting_2020_11_06_10_48_29/1_CO2_DAC_2_Zoom_Meeting_2020_11_06_10_48_29_chunk1.json | outputs/2020NES/output_2020_11_06_NES_S1/1_CO2_DAC_2_Zoom_Meeting_2020_11_06_10_48_29/1_CO2_DAC_2_Zoom_Meeting_2020_11_06_10_48_29_chunk2.json | outputs/2020NES/output_2020_11_06_NES_S1/1_CO2_DAC_2_Zoom_Meeting_2020_11_06_10_48_29/1_CO2_DAC_2_Zoom_Meeting_2020_11_06_10_48_29_chunk3.json | outputs/2020NES/output_2020_11_06_NES_S1/Zoom_Meeting_2020_11_06_10_17_47/Zoom_Meeting_2020_11_06_10_17_47_chunk1.json | outputs/2020NES/output_2020_11_06_NES_S1/Zoom_Meeting_2020_11_06_10_17_47/Zoom_Meeting_2020_11_06_10_17_47_chunk2.json | outputs/2020NES/output_2020_11_06_NES_S1/Zoom_Meeting_2020_11_06_10_17_47/Zoom_Meeting_2020_11_06_10_17_47_chunk3.json | outputs/2020NES/output_2020_11_06_NES_S1/Zoom_Meeting_2020_11_06_10_17_47/Zoom_Meeting_2020_11_06_10_17_47_chunk4.json | outputs/2020NES/output_2020_11_06_NES_S9/2020_11_06_12_09_40/2020_11_06_12_09_40_chunk1.json | outputs/2020NES/output_2020_11_06_NES_S9/2020_11_06_12_09_40/2020_11_06_12_09_40_chunk2.json | outputs/2020NES/output_2020_11_06_NES_S9/2020_11_06_12_09_40/2020_11_06_12_09_40_chunk3.json | outputs/2020NES/output_2020_11_06_NES_S9/2020_11_06_12_09_40/2020_11_06_12_09_40_chunk4.json | outputs/2020NES/output_2020_11_06_NES_S9/2020_11_06_12_09_40/2020_11_06_12_09_40_chunk5.json | outputs/2020NES/output_2020_11_06_NES_S9/2020_11_06_12_09_40/2020_11_06_12_09_40_chunk6.json | outputs/2020NES/output_2020_11_06_NES_S9/2020_11_06_12_09_40/2020_11_06_12_09_40_chunk7.json | outputs/2020NES/output_2020_11_06_NES_S9/2020_11_06_12_09_40/2020_11_06_12_09_40_chunk8.json | outputs/2021NES/output_2021_11_04_NES_S2/B2_Zoom_Meeting_Room_2_2021_11_04_12_53_10_chunk3.json | outputs/2021NES/output_2021_11_04_NES_S2/B2_Zoom_Meeting_Room_2_2021_11_04_12_53_10_chunk4.json | outputs/2021NES/output_2021_11_04_NES_S2/B2_Zoom_Meeting_Room_2_2021_11_04_12_53_10_chunk5.json | outputs/2021NES/output_2021_11_04_NES_S2/B2_Zoom_Meeting_Room_2_2021_11_04_12_53_10_chunk6.json | outputs/2021NES/output_2021_11_05_NES_S7/B1_2021_11_05_13_06_40_chunk1.json | outputs/2021NES/output_2021_11_05_NES_S7/B1_2021_11_05_13_06_40_chunk2.json | outputs/2021NES/output_2021_11_05_NES_S7/B1_2021_11_05_13_06_40_chunk4.json | outputs/2021NES/output_2021_11_05_NES_S7/B1_2021_11_05_13_06_40_chunk5.json | outputs/2021NES/output_2021_11_05_NES_S7/B1_2021_11_05_13_06_40_chunk6.json | outputs/2021NES/output_2021_11_05_NES_S7/B1_2021_11_05_13_06_40_chunk7.json | outputs/2021NES/output_2021_11_05_NES_S7/B1_2021_11_05_13_06_40_chunk8.json,68,26
jeffrey long,output,2020NES | 2021NES,Jeffrey Long,outputs/2020NES/output_2020_11_05_NES_S3/3_Sorbents_Zoom_Meeting_2020_11_05_12_12_32/3_Sorbents_Zoom_Meeting_2020_11_05_12_12_32.json | outputs/2020NES/output_2020_11_05_NES_S3/3_Sorbents_Zoom_Meeting_2020_11_05_12_20_44/3_Sorbents_Zoom_Meeting_2020_11_05_12_20_44_chunk1.json | outputs/2020NES/output_2020_11_05_NES_S3/3_Sorbents_Zoom_Meeting_2020_11_05_12_20_44/3_Sorbents_Zoom_Meeting_2020_11_05_12_20_44_chunk2.json | outputs/2020NES/output_2020_11_05_NES_S3/3_Sorbents_Zoom_Meeting_2020_11_05_12_20_44/3_Sorbents_Zoom_Meeting_2020_11_05_12_20_44_chunk3.json | outputs/2020NES/output_2020_11_05_NES_S3/3_Sorbents_Zoom_Meeting_2020_11_05_12_20_44/3_Sorbents_Zoom_Meeting_2020_11_05_12_20_44_chunk4.json | outputs/2020NES/output_2020_11_05_NES_S3/3_Sorbents_Zoom_Meeting_2020_11_05_12_20_44/3_Sorbents_Zoom_Meeting_2020_11_05_12_20_44_chunk5.json | outputs/2020NES/output_2020_11_05_NES_S3/3_Sorbents_Zoom_Meeting_2020_11_05_12_20_44/3_Sorbents_Zoom_Meeting_2020_11_05_12_20_44_chunk6.json | outputs/2020NES/output_2020_11_06_NES_S11/2_frontiers_for_echem_Zoom_Meeting_2020_11_06_12_12_54/2_frontiers_for_echem_Zoom_Meeting_2020_11_06_12_12_54.json | outputs/2020NES/output_2020_11_06_NES_S2/2020_11_06_09_59_04/2020_11_06_09_59_04_chunk9.json | outputs/2020NES/output_2020_11_06_NES_S3/2020_11_06_10_47_07/2020_11_06_10_47_07_chunk1.json | outputs/2020NES/output_2020_11_06_NES_S3/2020_11_06_10_47_07/2020_11_06_10_47_07_chunk2.json | outputs/2020NES/output_2020_11_06_NES_S3/2020_11_06_10_47_07/2020_11_06_10_47_07_chunk3.json | outputs/2020NES/output_2020_11_06_NES_S3/2020_11_06_10_47_07/2020_11_06_10_47_07_chunk4.json | outputs/2021NES/output_2021_11_04_NES_S6/B6_2021_11_04_12_32_03_chunk1.json | outputs/2021NES/output_2021_11_04_NES_S6/B6_2021_11_04_12_32_03_chunk2.json | outputs/2021NES/output_2021_11_04_NES_S6/B6_2021_11_04_12_32_03_chunk3.json | outputs/2021NES/output_2021_11_04_NES_S6/B6_2021_11_04_12_32_03_chunk8.json | outputs/2021NES/output_2021_11_05_NES_S5/B5_2021_11_05_11_01_07_trimend_chunk3.json,160,18
jordi cabana,output,2020NES | 2021NES,Jordi Cabana,outputs/2020NES/output_2020_11_05_NES_S4/4_Beyond_CO2_Zoom_Meeting_2020_11_05_11_57_32/4_Beyond_CO2_Zoom_Meeting_2020_11_05_11_57_32.json | outputs/2020NES/output_2020_11_05_NES_S4/4_Beyond_CO2_Zoom_Meeting_2020_11_05_11_59_04/4_Beyond_CO2_Zoom_Meeting_2020_11_05_11_59_04_chunk1.json | outputs/2020NES/output_2020_11_05_NES_S4/4_Beyond_CO2_Zoom_Meeting_2020_11_05_11_59_04/4_Beyond_CO2_Zoom_Meeting_2020_11_05_11_59_04_chunk2.json | outputs/2020NES/output_2020_11_05_NES_S4/4_Beyond_CO2_Zoom_Meeting_2020_11_05_12_17_00/4_Beyond_CO2_Zoom_Meeting_2020_11_05_12_17_00_chunk2.json | outputs/2020NES/output_2020_11_05_NES_S4/4_Beyond_CO2_Zoom_Meeting_2020_11_05_12_17_00/4_Beyond_CO2_Zoom_Meeting_2020_11_05_12_17_00_chunk3.json | outputs/2020NES/output_2020_11_05_NES_S4/4_Beyond_CO2_Zoom_Meeting_2020_11_05_12_17_00/4_Beyond_CO2_Zoom_Meeting_2020_11_05_12_17_00_chunk4.json | outputs/2020NES/output_2020_11_05_NES_S4/4_Beyond_CO2_Zoom_Meeting_2020_11_05_12_17_00/4_Beyond_CO2_Zoom_Meeting_2020_11_05_12_17_00_chunk5.json | outputs/2020NES/output_2020_11_05_NES_S4/4_Beyond_CO2_Zoom_Meeting_2020_11_05_12_17_00/4_Beyond_CO2_Zoom_Meeting_2020_11_05_12_17_00_chunk6.json | outputs/2020NES/output_2020_11_05_NES_S4/4_Beyond_CO2_Zoom_Meeting_2020_11_05_13_12_42/4_Beyond_CO2_Zoom_Meeting_2020_11_05_13_12_42.json | outputs/2020NES/output_2020_11_06_NES_S10/4_frontiers_in_echem_Zoom_Meeting_2020_11_06_12_12_40/4_frontiers_in_echem_Zoom_Meeting_2020_11_06_12_12_40.json | outputs/2020NES/output_2020_11_06_NES_S10/4_frontiers_in_echem_Zoom_Meeting_2020_11_06_12_13_04/4_frontiers_in_echem_Zoom_Meeting_2020_11_06_12_13_04.json | outputs/2020NES/output_2020_11_06_NES_S10/4_frontiers_in_echem_Zoom_Meeting_2020_11_06_12_15_06/4_frontiers_in_echem_Zoom_Meeting_2020_11_06_12_15_06.json | outputs/2020NES/output_2020_11_06_NES_S10/4_frontiers_in_echem_Zoom_Meeting_2020_11_06_12_23_32/4_frontiers_in_echem_Zoom_Meeting_2020_11_06_12_23_32_chunk1.json | outputs/2020NES/output_2020_11_06_NES_S10/4_frontiers_in_echem_Zoom_Meeting_2020_11_06_12_23_32/4_frontiers_in_echem_Zoom_Meeting_2020_11_06_12_23_32_chunk2.json | outputs/2020NES/output_2020_11_06_NES_S10/4_frontiers_in_echem_Zoom_Meeting_2020_11_06_12_23_32/4_frontiers_in_echem_Zoom_Meeting_2020_11_06_12_23_32_chunk3.json | outputs/2020NES/output_2020_11_06_NES_S10/4_frontiers_in_echem_Zoom_Meeting_2020_11_06_12_52_00/4_frontiers_in_echem_Zoom_Meeting_2020_11_06_12_52_00_chunk1.json | outputs/2020NES/output_2020_11_06_NES_S10/4_frontiers_in_echem_Zoom_Meeting_2020_11_06_12_52_00/4_frontiers_in_echem_Zoom_Meeting_2020_11_06_12_52_00_chunk2.json | outputs/2020NES/output_2020_11_06_NES_S10/4_frontiers_in_echem_Zoom_Meeting_2020_11_06_12_52_00/4_frontiers_in_echem_Zoom_Meeting_2020_11_06_12_52_00_chunk3.json | outputs/2021NES/output_2021_11_04_NES_S3/B3_2021_11_04_12_32_36_chunk1.json | outputs/2021NES/output_2021_11_04_NES_S3/B3_2021_11_04_12_32_36_chunk2.json | outputs/2021NES/output_2021_11_04_NES_S3/B3_2021_11_04_12_32_36_chunk3.json | outputs/2021NES/output_2021_11_04_NES_S3/B3_2021_11_04_12_32_36_chunk4.json | outputs/2021NES/output_2021_11_04_NES_S3/B3_2021_11_04_12_32_36_chunk5.json | outputs/2021NES/output_2021_11_04_NES_S3/B3_2021_11_04_12_32_36_chunk6.json | outputs/2021NES/output_2021_11_04_NES_S3/B3_2021_11_04_12_32_36_chunk7.json | outputs/2021NES/output_2021_11_04_NES_S3/B3_2021_11_04_12_32_36_chunk8.json | outputs/2021NES/output_2021_11_05_NES_S1/B1_2021_11_05_11_01_24_trimend_chunk12.json | outputs/2021NES/output_2021_11_05_NES_S3/B3_2021_11_05_11_01_14_trimend_chunk12.json | outputs/2021NES/output_2021_11_05_NES_S4/B4_2021_11_05_11_00_54_trimend_chunk12.json | outputs/2021NES/output_2021_11_05_NES_S5/B5_2021_11_05_11_01_07_trimend_chunk12.json | outputs/2021NES/output_2021_11_05_NES_S6/B6_2021_11_05_11_01_03_trimend_chunk1.json | outputs/2021NES/output_2021_11_05_NES_S6/B6_2021_11_05_11_01_03_trimend_chunk10.json | outputs/2021NES/output_2021_11_05_NES_S6/B6_2021_11_05_11_01_03_trimend_chunk11.json | outputs/2021NES/output_2021_11_05_NES_S6/B6_2021_11_05_11_01_03_trimend_chunk12.json | outputs/2021NES/output_2021_11_05_NES_S6/B6_2021_11_05_11_01_03_trimend_chunk2.json | outputs/2021NES/output_2021_11_05_NES_S6/B6_2021_11_05_11_01_03_trimend_chunk3.json | outputs/2021NES/output_2021_11_05_NES_S6/B6_2021_11_05_11_01_03_trimend_chunk4.json | outputs/2021NES/output_2021_11_05_NES_S6/B6_2021_11_05_11_01_03_trimend_chunk5.json | outputs/2021NES/output_2021_11_05_NES_S6/B6_2021_11_05_11_01_03_trimend_chunk6.json | outputs/2021NES/output_2021_11_05_NES_S6/B6_2021_11_05_11_01_03_trimend_chunk7.json | outputs/2021NES/output_2021_11_05_NES_S6/B6_2021_11_05_11_01_03_trimend_chunk8.json | outputs/2021NES/output_2021_11_05_NES_S6/B6_2021_11_05_11_01_03_trimend_chunk9.json | outputs/2021NES/output_2021_11_05_NES_S8/B2_Zoom_Meeting_Room_2_2021_11_05_13_07_15_chunk5.json | outputs/2021NES/output_2021_11_05_NES_S8/B2_Zoom_Meeting_Room_2_2021_11_05_13_07_15_chunk6.json | outputs/2021NES/output_2021_11_05_NES_S8/B2_Zoom_Meeting_Room_2_2021_11_05_13_07_15_chunk7.json | outputs/2021NES/output_2021_11_05_NES_S8/B2_Zoom_Meeting_Room_2_2021_11_05_13_07_15_chunk8.json,306,46
kelsey hatzell,output,2020NES | 2021NES,Kelsey Hatzell,outputs/2020NES/output_2020_11_05_NES_S2/2020_11_05_11_57_33/2020_11_05_11_57_33_chunk1.json | outputs/2020NES/output_2020_11_05_NES_S2/2020_11_05_11_57_33/2020_11_05_11_57_33_chunk2.json | outputs/2020NES/output_2020_11_05_NES_S2/2020_11_05_11_57_33/2020_11_05_11_57_33_chunk3.json | outputs/2020NES/output_2020_11_05_NES_S2/2020_11_05_11_57_33/2020_11_05_11_57_33_chunk4.json | outputs/2020NES/output_2020_11_05_NES_S2/2020_11_05_11_57_33/2020_11_05_11_57_33_chunk5.json | outputs/2020NES/output_2020_11_05_NES_S2/2020_11_05_11_57_33/2020_11_05_11_57_33_chunk6.json | outputs/2020NES/output_2020_11_05_NES_S2/2020_11_05_11_57_33/2020_11_05_11_57_33_chunk7.json | outputs/2020NES/output_2020_11_05_NES_S2/2020_11_05_11_57_33/2020_11_05_11_57_33_chunk8.json | outputs/2020NES/output_2020_11_06_NES_S10/4_frontiers_in_echem_Zoom_Meeting_2020_11_06_12_15_06/4_frontiers_in_echem_Zoom_Meeting_2020_11_06_12_15_06.json | outputs/2020NES/output_2020_11_06_NES_S10/4_frontiers_in_echem_Zoom_Meeting_2020_11_06_12_23_32/4_frontiers_in_echem_Zoom_Meeting_2020_11_06_12_23_32_chunk2.json | outputs/2020NES/output_2020_11_06_NES_S10/4_frontiers_in_echem_Zoom_Meeting_2020_11_06_12_23_32/4_frontiers_in_echem_Zoom_Meeting_2020_11_06_12_23_32_chunk3.json | outputs/2020NES/output_2020_11_06_NES_S10/4_frontiers_in_echem_Zoom_Meeting_2020_11_06_12_52_00/4_frontiers_in_echem_Zoom_Meeting_2020_11_06_12_52_00_chunk1.json | outputs/2020NES/output_2020_11_06_NES_S10/4_frontiers_in_echem_Zoom_Meeting_2020_11_06_12_52_00/4_frontiers_in_echem_Zoom_Meeting_2020_11_06_12_52_00_chunk2.json | outputs/2020NES/output_2020_11_06_NES_S10/4_frontiers_in_echem_Zoom_Meeting_2020_11_06_12_52_00/4_frontiers_in_echem_Zoom_Meeting_2020_11_06_12_52_00_chunk3.json | outputs/2021NES/output_2021_11_04_NES_S4/B4_maybe_wrong_time_2021_11_04_12_36_01_chunk1.json | outputs/2021NES/output_2021_11_04_NES_S4/B4_maybe_wrong_time_2021_11_04_12_36_01_chunk2.json | outputs/2021NES/output_2021_11_04_NES_S4/B4_maybe_wrong_time_2021_11_04_12_36_01_chunk3.json | outputs/2021NES/output_2021_11_04_NES_S4/B4_maybe_wrong_time_2021_11_04_12_36_01_chunk4.json | outputs/2021NES/output_2021_11_04_NES_S4/B4_maybe_wrong_time_2021_11_04_12_36_01_chunk5.json | outputs/2021NES/output_2021_11_04_NES_S4/B4_maybe_wrong_time_2021_11_04_12_36_01_chunk6.json | outputs/2021NES/output_2021_11_04_NES_S4/B4_maybe_wrong_time_2021_11_04_12_36_01_chunk7.json | outputs/2021NES/output_2021_11_05_NES_S1/B1_2021_11_05_11_01_24_trimend_chunk10.json | outputs/2021NES/output_2021_11_05_NES_S1/B1_2021_11_05_11_01_24_trimend_chunk11.json | outputs/2021NES/output_2021_11_05_NES_S1/B1_2021_11_05_11_01_24_trimend_chunk12.json | outputs/2021NES/output_2021_11_05_NES_S1/B1_2021_11_05_11_01_24_trimend_chunk8.json | outputs/2021NES/output_2021_11_05_NES_S1/B1_2021_11_05_11_01_24_trimend_chunk9.json | outputs/2021NES/output_2021_11_05_NES_S3/B3_2021_11_05_11_01_14_trimend_chunk10.json | outputs/2021NES/output_2021_11_05_NES_S3/B3_2021_11_05_11_01_14_trimend_chunk11.json | outputs/2021NES/output_2021_11_05_NES_S3/B3_2021_11_05_11_01_14_trimend_chunk12.json | outputs/2021NES/output_2021_11_05_NES_S4/B4_2021_11_05_11_00_54_trimend_chunk10.json | outputs/2021NES/output_2021_11_05_NES_S4/B4_2021_11_05_11_00_54_trimend_chunk11.json | outputs/2021NES/output_2021_11_05_NES_S4/B4_2021_11_05_11_00_54_trimend_chunk12.json | outputs/2021NES/output_2021_11_05_NES_S4/B4_2021_11_05_11_00_54_trimend_chunk8.json | outputs/2021NES/output_2021_11_05_NES_S4/B4_2021_11_05_11_00_54_trimend_chunk9.json | outputs/2021NES/output_2021_11_05_NES_S5/B5_2021_11_05_11_01_07_trimend_chunk1.json | outputs/2021NES/output_2021_11_05_NES_S5/B5_2021_11_05_11_01_07_trimend_chunk10.json | outputs/2021NES/output_2021_11_05_NES_S5/B5_2021_11_05_11_01_07_trimend_chunk11.json | outputs/2021NES/output_2021_11_05_NES_S5/B5_2021_11_05_11_01_07_trimend_chunk12.json | outputs/2021NES/output_2021_11_05_NES_S5/B5_2021_11_05_11_01_07_trimend_chunk2.json | outputs/2021NES/output_2021_11_05_NES_S5/B5_2021_11_05_11_01_07_trimend_chunk3.json | outputs/2021NES/output_2021_11_05_NES_S5/B5_2021_11_05_11_01_07_trimend_chunk4.json | outputs/2021NES/output_2021_11_05_NES_S5/B5_2021_11_05_11_01_07_trimend_chunk5.json | outputs/2021NES/output_2021_11_05_NES_S5/B5_2021_11_05_11_01_07_trimend_chunk6.json | outputs/2021NES/output_2021_11_05_NES_S5/B5_2021_11_05_11_01_07_trimend_chunk7.json | outputs/2021NES/output_2021_11_05_NES_S5/B5_2021_11_05_11_01_07_trimend_chunk8.json | outputs/2021NES/output_2021_11_05_NES_S5/B5_2021_11_05_11_01_07_trimend_chunk9.json | outputs/2021NES/output_2021_11_05_NES_S6/B6_2021_11_05_11_01_03_trimend_chunk10.json | outputs/2021NES/output_2021_11_05_NES_S6/B6_2021_11_05_11_01_03_trimend_chunk11.json | outputs/2021NES/output_2021_11_05_NES_S6/B6_2021_11_05_11_01_03_trimend_chunk12.json | outputs/2021NES/output_2021_11_05_NES_S6/B6_2021_11_05_11_01_03_trimend_chunk8.json | outputs/2021NES/output_2021_11_05_NES_S6/B6_2021_11_05_11_01_03_trimend_chunk9.json | outputs/2021NES/output_2021_11_05_NES_S8/B2_Zoom_Meeting_Room_2_2021_11_05_13_07_15_chunk1.json | outputs/2021NES/output_2021_11_05_NES_S8/B2_Zoom_Meeting_Room_2_2021_11_05_13_07_15_chunk2.json | outputs/2021NES/output_2021_11_05_NES_S8/B2_Zoom_Meeting_Room_2_2021_11_05_13_07_15_chunk3.json | outputs/2021NES/output_2021_11_05_NES_S8/B2_Zoom_Meeting_Room_2_2021_11_05_13_07_15_chunk4.json | outputs/2021NES/output_2021_11_05_NES_S8/B2_Zoom_Meeting_Room_2_2021_11_05_13_07_15_chunk5.json | outputs/2021NES/output_2021_11_05_NES_S8/B2_Zoom_Meeting_Room_2_2021_11_05_13_07_15_chunk6.json | outputs/2021NES/output_2021_11_05_NES_S8/B2_Zoom_Meeting_Room_2_2021_11_05_13_07_15_chunk7.json | outputs/2021NES/output_2021_11_05_NES_S8/B2_Zoom_Meeting_Room_2_2021_11_05_13_07_15_chunk8.json,150,59
peter reiners,output,2020NES | 2021NES,Peter Reiners,outputs/2020NES/output_2020_11_05_NES_S5/5_Decarbonizing_the_Economy_Zoom_Meeting_11_5_2020_11_58_06_AM/5_Decarbonizing_the_Economy_Zoom_Meeting_11_5_2020_11_58_06_AM_chunk2.json | outputs/2020NES/output_2020_11_05_NES_S5/5_Decarbonizing_the_Economy_Zoom_Meeting_11_5_2020_12_19_34_PM/5_Decarbonizing_the_Economy_Zoom_Meeting_11_5_2020_12_19_34_PM_chunk1.json | outputs/2020NES/output_2020_11_05_NES_S5/5_Decarbonizing_the_Economy_Zoom_Meeting_11_5_2020_12_19_34_PM/5_Decarbonizing_the_Economy_Zoom_Meeting_11_5_2020_12_19_34_PM_chunk2.json | outputs/2020NES/output_2020_11_05_NES_S5/5_Decarbonizing_the_Economy_Zoom_Meeting_11_5_2020_12_19_34_PM/5_Decarbonizing_the_Economy_Zoom_Meeting_11_5_2020_12_19_34_PM_chunk3.json | outputs/2020NES/output_2020_11_05_NES_S5/5_Decarbonizing_the_Economy_Zoom_Meeting_11_5_2020_12_19_34_PM/5_Decarbonizing_the_Economy_Zoom_Meeting_11_5_2020_12_19_34_PM_chunk4.json | outputs/2020NES/output_2020_11_05_NES_S5/5_Decarbonizing_the_Economy_Zoom_Meeting_11_5_2020_12_19_34_PM/5_Decarbonizing_the_Economy_Zoom_Meeting_11_5_2020_12_19_34_PM_chunk5.json | outputs/2020NES/output_2020_11_05_NES_S5/5_Decarbonizing_the_Economy_Zoom_Meeting_11_5_2020_12_19_34_PM/5_Decarbonizing_the_Economy_Zoom_Meeting_11_5_2020_12_19_34_PM_chunk6.json | outputs/2020NES/output_2020_11_06_NES_S2/2020_11_06_09_59_04/2020_11_06_09_59_04_chunk1.json | outputs/2020NES/output_2020_11_06_NES_S2/2020_11_06_09_59_04/2020_11_06_09_59_04_chunk2.json | outputs/2020NES/output_2020_11_06_NES_S2/2020_11_06_09_59_04/2020_11_06_09_59_04_chunk3.json | outputs/2020NES/output_2020_11_06_NES_S2/2020_11_06_09_59_04/2020_11_06_09_59_04_chunk4.json | outputs/2020NES/output_2020_11_06_NES_S2/2020_11_06_09_59_04/2020_11_06_09_59_04_chunk5.json | outputs/2020NES/output_2020_11_06_NES_S2/2020_11_06_09_59_04/2020_11_06_09_59_04_chunk6.json | outputs/2020NES/output_2020_11_06_NES_S2/2020_11_06_09_59_04/2020_11_06_09_59_04_chunk7.json | outputs/2020NES/output_2020_11_06_NES_S2/2020_11_06_09_59_04/2020_11_06_09_59_04_chunk8.json | outputs/2020NES/output_2020_11_06_NES_S2/2020_11_06_09_59_04/2020_11_06_09_59_04_chunk9.json | outputs/2020NES/output_2020_11_06_NES_S4/Zoom_Meeting_2020_11_06_10_09_38/Zoom_Meeting_2020_11_06_10_09_38_chunk1.json | outputs/2020NES/output_2020_11_06_NES_S4/Zoom_Meeting_2020_11_06_10_09_38/Zoom_Meeting_2020_11_06_10_09_38_chunk2.json | outputs/2020NES/output_2020_11_06_NES_S4/Zoom_Meeting_2020_11_06_10_09_38/Zoom_Meeting_2020_11_06_10_09_38_chunk3.json | outputs/2020NES/output_2020_11_06_NES_S4/Zoom_Meeting_2020_11_06_10_09_38/Zoom_Meeting_2020_11_06_10_09_38_chunk4.json | outputs/2021NES/output_2021_11_04_NES_S6/B6_2021_11_04_12_32_03_chunk1.json | outputs/2021NES/output_2021_11_04_NES_S6/B6_2021_11_04_12_32_03_chunk2.json | outputs/2021NES/output_2021_11_04_NES_S6/B6_2021_11_04_12_32_03_chunk3.json | outputs/2021NES/output_2021_11_04_NES_S6/B6_2021_11_04_12_32_03_chunk8.json | outputs/2021NES/output_2021_11_05_NES_S2/B2_Zoom_Meeting_Room_2.2_2021_11_05_11_02_10_chunk1.json | outputs/2021NES/output_2021_11_05_NES_S2/B2_Zoom_Meeting_Room_2.2_2021_11_05_11_02_10_chunk2.json | outputs/2021NES/output_2021_11_05_NES_S2/B2_Zoom_Meeting_Room_2.2_2021_11_05_11_02_10_chunk3.json | outputs/2021NES/output_2021_11_05_NES_S2/B2_Zoom_Meeting_Room_2.2_2021_11_05_11_02_10_chunk4.json | outputs/2021NES/output_2021_11_05_NES_S2/B2_Zoom_Meeting_Room_2.2_2021_11_05_11_02_10_chunk5.json | outputs/2021NES/output_2021_11_05_NES_S2/B2_Zoom_Meeting_Room_2.2_2021_11_05_11_02_10_chunk6.json | outputs/2021NES/output_2021_11_05_NES_S2/B2_Zoom_Meeting_Room_2.2_2021_11_05_11_02_10_chunk7.json | outputs/2021NES/output_2021_11_05_NES_S2/B2_Zoom_Meeting_Room_2.2_2021_11_05_11_02_10_chunk8.json,52,32
richard wiener rcsa,output,2020NES | 2021NES,Richard Wiener RCSA,outputs/2020NES/output_2020_11_06_NES_S3/2020_11_06_10_47_07/2020_11_06_10_47_07_chunk4.json | outputs/2021NES/output_2021_11_05_NES_S10/B4_2021_11_05_13_06_36_chunk8.json | outputs/2021NES/output_2021_11_05_NES_S7/B1_2021_11_05_13_06_40_chunk8.json,10,3
roger aines,output,2020NES | 2021NES,Roger Aines,outputs/2020NES/output_2020_11_05_NES_S5/5_Decarbonizing_the_Economy_Zoom_Meeting_11_5_2020_11_58_06_AM/5_Decarbonizing_the_Economy_Zoom_Meeting_11_5_2020_11_58_06_AM_chunk1.json | outputs/2020NES/output_2020_11_05_NES_S5/5_Decarbonizing_the_Economy_Zoom_Meeting_11_5_2020_11_58_06_AM/5_Decarbonizing_the_Economy_Zoom_Meeting_11_5_2020_11_58_06_AM_chunk2.json | outputs/2020NES/output_2020_11_05_NES_S5/5_Decarbonizing_the_Economy_Zoom_Meeting_11_5_2020_12_19_34_PM/5_Decarbonizing_the_Economy_Zoom_Meeting_11_5_2020_12_19_34_PM_chunk1.json | outputs/2020NES/output_2020_11_05_NES_S5/5_Decarbonizing_the_Economy_Zoom_Meeting_11_5_2020_12_19_34_PM/5_Decarbonizing_the_Economy_Zoom_Meeting_11_5_2020_12_19_34_PM_chunk2.json | outputs/2020NES/output_2020_11_05_NES_S5/5_Decarbonizing_the_Economy_Zoom_Meeting_11_5_2020_12_19_34_PM/5_Decarbonizing_the_Economy_Zoom_Meeting_11_5_2020_12_19_34_PM_chunk3.json | outputs/2020NES/output_2020_11_05_NES_S5/5_Decarbonizing_the_Economy_Zoom_Meeting_11_5_2020_12_19_34_PM/5_Decarbonizing_the_Economy_Zoom_Meeting_11_5_2020_12_19_34_PM_chunk4.json | outputs/2020NES/output_2020_11_05_NES_S5/5_Decarbonizing_the_Economy_Zoom_Meeting_11_5_2020_12_19_34_PM/5_Decarbonizing_the_Economy_Zoom_Meeting_11_5_2020_12_19_34_PM_chunk5.json | outputs/2020NES/output_2020_11_05_NES_S5/5_Decarbonizing_the_Economy_Zoom_Meeting_11_5_2020_12_19_34_PM/5_Decarbonizing_the_Economy_Zoom_Meeting_11_5_2020_12_19_34_PM_chunk6.json | outputs/2020NES/output_2020_11_06_NES_S12/6_new_ideas_for_CO2_utilization_Zoom_Meeting_2020_11_06_10_12_03/6_new_ideas_for_CO2_utilization_Zoom_Meeting_2020_11_06_10_12_03_chunk1.json | outputs/2020NES/output_2020_11_06_NES_S12/6_new_ideas_for_CO2_utilization_Zoom_Meeting_2020_11_06_10_12_03/6_new_ideas_for_CO2_utilization_Zoom_Meeting_2020_11_06_10_12_03_chunk2.json | outputs/2020NES/output_2020_11_06_NES_S12/6_new_ideas_for_CO2_utilization_Zoom_Meeting_2020_11_06_10_22_34/6_new_ideas_for_CO2_utilization_Zoom_Meeting_2020_11_06_10_22_34_chunk2.json | outputs/2020NES/output_2020_11_06_NES_S12/6_new_ideas_for_CO2_utilization_Zoom_Meeting_2020_11_06_10_22_34/6_new_ideas_for_CO2_utilization_Zoom_Meeting_2020_11_06_10_22_34_chunk3.json | outputs/2020NES/output_2020_11_06_NES_S12/6_new_ideas_for_CO2_utilization_Zoom_Meeting_2020_11_06_10_49_48/6_new_ideas_for_CO2_utilization_Zoom_Meeting_2020_11_06_10_49_48_chunk1.json | outputs/2020NES/output_2020_11_06_NES_S12/6_new_ideas_for_CO2_utilization_Zoom_Meeting_2020_11_06_10_49_48/6_new_ideas_for_CO2_utilization_Zoom_Meeting_2020_11_06_10_49_48_chunk2.json | outputs/2020NES/output_2020_11_06_NES_S12/6_new_ideas_for_CO2_utilization_Zoom_Meeting_2020_11_06_10_49_48/6_new_ideas_for_CO2_utilization_Zoom_Meeting_2020_11_06_10_49_48_chunk3.json | outputs/2020NES/output_2020_11_06_NES_S4/Zoom_Meeting_2020_11_06_10_09_38/Zoom_Meeting_2020_11_06_10_09_38_chunk1.json | outputs/2020NES/output_2020_11_06_NES_S4/Zoom_Meeting_2020_11_06_10_09_38/Zoom_Meeting_2020_11_06_10_09_38_chunk2.json | outputs/2020NES/output_2020_11_06_NES_S4/Zoom_Meeting_2020_11_06_10_09_38/Zoom_Meeting_2020_11_06_10_09_38_chunk3.json | outputs/2020NES/output_2020_11_06_NES_S4/Zoom_Meeting_2020_11_06_10_09_38/Zoom_Meeting_2020_11_06_10_09_38_chunk4.json | outputs/2020NES/output_2020_11_06_NES_S4/Zoom_Meeting_2020_11_06_10_43_41/Zoom_Meeting_2020_11_06_10_43_41_chunk1.json | outputs/2020NES/output_2020_11_06_NES_S4/Zoom_Meeting_2020_11_06_10_43_41/Zoom_Meeting_2020_11_06_10_43_41_chunk2.json | outputs/2020NES/output_2020_11_06_NES_S4/Zoom_Meeting_2020_11_06_10_43_41/Zoom_Meeting_2020_11_06_10_43_41_chunk3.json | outputs/2020NES/output_2020_11_06_NES_S4/Zoom_Meeting_2020_11_06_10_43_41/Zoom_Meeting_2020_11_06_10_43_41_chunk4.json | outputs/2021NES/output_2021_11_04_NES_S2/B2_Zoom_Meeting_Room_2_2021_11_04_12_53_10_chunk1.json | outputs/2021NES/output_2021_11_04_NES_S2/B2_Zoom_Meeting_Room_2_2021_11_04_12_53_10_chunk2.json | outputs/2021NES/output_2021_11_04_NES_S2/B2_Zoom_Meeting_Room_2_2021_11_04_12_53_10_chunk3.json | outputs/2021NES/output_2021_11_04_NES_S2/B2_Zoom_Meeting_Room_2_2021_11_04_12_53_10_chunk4.json | outputs/2021NES/output_2021_11_04_NES_S2/B2_Zoom_Meeting_Room_2_2021_11_04_12_53_10_chunk5.json | outputs/2021NES/output_2021_11_04_NES_S2/B2_Zoom_Meeting_Room_2_2021_11_04_12_53_10_chunk6.json | outputs/2021NES/output_2021_11_04_NES_S3/B3_2021_11_04_12_32_36_chunk8.json | outputs/2021NES/output_2021_11_05_NES_S12/B6_2021_11_05_13_06_36_chunk4.json | outputs/2021NES/output_2021_11_05_NES_S5/B5_2021_11_05_11_01_07_trimend_chunk1.json | outputs/2021NES/output_2021_11_05_NES_S5/B5_2021_11_05_11_01_07_trimend_chunk10.json | outputs/2021NES/output_2021_11_05_NES_S5/B5_2021_11_05_11_01_07_trimend_chunk11.json | outputs/2021NES/output_2021_11_05_NES_S5/B5_2021_11_05_11_01_07_trimend_chunk12.json | outputs/2021NES/output_2021_11_05_NES_S5/B5_2021_11_05_11_01_07_trimend_chunk2.json | outputs/2021NES/output_2021_11_05_NES_S5/B5_2021_11_05_11_01_07_trimend_chunk3.json | outputs/2021NES/output_2021_11_05_NES_S5/B5_2021_11_05_11_01_07_trimend_chunk4.json | outputs/2021NES/output_2021_11_05_NES_S5/B5_2021_11_05_11_01_07_trimend_chunk5.json | outputs/2021NES/output_2021_11_05_NES_S5/B5_2021_11_05_11_01_07_trimend_chunk6.json | outputs/2021NES/output_2021_11_05_NES_S5/B5_2021_11_05_11_01_07_trimend_chunk7.json | outputs/2021NES/output_2021_11_05_NES_S5/B5_2021_11_05_11_01_07_trimend_chunk8.json | outputs/2021NES/output_2021_11_05_NES_S5/B5_2021_11_05_11_01_07_trimend_chunk9.json,292,43
sarbajit banerjee,output,2020NES | 2021NES,Sarbajit Banerjee,outputs/2020NES/output_2020_11_05_NES_S6/6_Theory_and_Expt_Zoom_Meeting_2020_11_05_09_59_13/6_Theory_and_Expt_Zoom_Meeting_2020_11_05_09_59_13.json | outputs/2020NES/output_2020_11_05_NES_S6/6_Theory_and_Expt_Zoom_Meeting_2020_11_05_10_09_14/6_Theory_and_Expt_Zoom_Meeting_2020_11_05_10_09_14_chunk1.json | outputs/2020NES/output_2020_11_05_NES_S6/6_Theory_and_Expt_Zoom_Meeting_2020_11_05_10_09_14/6_Theory_and_Expt_Zoom_Meeting_2020_11_05_10_09_14_chunk2.json | outputs/2020NES/output_2020_11_05_NES_S6/6_Theory_and_Expt_Zoom_Meeting_2020_11_05_10_21_36/6_Theory_and_Expt_Zoom_Meeting_2020_11_05_10_21_36.json | outputs/2020NES/output_2020_11_05_NES_S6/6_Theory_and_Expt_Zoom_Meeting_2020_11_05_10_28_39/6_Theory_and_Expt_Zoom_Meeting_2020_11_05_10_28_39_chunk1.json | outputs/2020NES/output_2020_11_05_NES_S6/6_Theory_and_Expt_Zoom_Meeting_2020_11_05_10_28_39/6_Theory_and_Expt_Zoom_Meeting_2020_11_05_10_28_39_chunk2.json | outputs/2020NES/output_2020_11_05_NES_S6/6_Theory_and_Expt_Zoom_Meeting_2020_11_05_10_28_39/6_Theory_and_Expt_Zoom_Meeting_2020_11_05_10_28_39_chunk3.json | outputs/2020NES/output_2020_11_05_NES_S6/6_Theory_and_Expt_Zoom_Meeting_2020_11_05_10_48_43/6_Theory_and_Expt_Zoom_Meeting_2020_11_05_10_48_43_chunk1.json | outputs/2020NES/output_2020_11_05_NES_S6/6_Theory_and_Expt_Zoom_Meeting_2020_11_05_10_48_43/6_Theory_and_Expt_Zoom_Meeting_2020_11_05_10_48_43_chunk2.json | outputs/2020NES/output_2020_11_05_NES_S6/6_Theory_and_Expt_Zoom_Meeting_2020_11_05_10_48_43/6_Theory_and_Expt_Zoom_Meeting_2020_11_05_10_48_43_chunk3.json | outputs/2020NES/output_2020_11_06_NES_S6/6_CO2_Reduction_Zoom_Meeting_2020_11_06_08_09_26/6_CO2_Reduction_Zoom_Meeting_2020_11_06_08_09_26.json | outputs/2020NES/output_2020_11_06_NES_S6/6_CO2_Reduction_Zoom_Meeting_2020_11_06_08_09_56/6_CO2_Reduction_Zoom_Meeting_2020_11_06_08_09_56.json | outputs/2020NES/output_2020_11_06_NES_S6/6_CO2_Reduction_Zoom_Meeting_2020_11_06_08_34_58/6_CO2_Reduction_Zoom_Meeting_2020_11_06_08_34_58.json | outputs/2020NES/output_2020_11_06_NES_S9/2020_11_06_12_09_40/2020_11_06_12_09_40_chunk1.json | outputs/2020NES/output_2020_11_06_NES_S9/2020_11_06_12_09_40/2020_11_06_12_09_40_chunk2.json | outputs/2020NES/output_2020_11_06_NES_S9/2020_11_06_12_09_40/2020_11_06_12_09_40_chunk3.json | outputs/2020NES/output_2020_11_06_NES_S9/2020_11_06_12_09_40/2020_11_06_12_09_40_chunk4.json | outputs/2020NES/output_2020_11_06_NES_S9/2020_11_06_12_09_40/2020_11_06_12_09_40_chunk5.json | outputs/2020NES/output_2020_11_06_NES_S9/2020_11_06_12_09_40/2020_11_06_12_09_40_chunk6.json | outputs/2020NES/output_2020_11_06_NES_S9/2020_11_06_12_09_40/2020_11_06_12_09_40_chunk7.json | outputs/2020NES/output_2020_11_06_NES_S9/2020_11_06_12_09_40/2020_11_06_12_09_40_chunk8.json | outputs/2021NES/output_2021_11_04_NES_S1/B1_trim_end_2021_11_04_12_51_35_chunk1.json | outputs/2021NES/output_2021_11_04_NES_S1/B1_trim_end_2021_11_04_12_51_35_chunk10.json | outputs/2021NES/output_2021_11_04_NES_S1/B1_trim_end_2021_11_04_12_51_35_chunk2.json | outputs/2021NES/output_2021_11_04_NES_S1/B1_trim_end_2021_11_04_12_51_35_chunk3.json | outputs/2021NES/output_2021_11_04_NES_S1/B1_trim_end_2021_11_04_12_51_35_chunk4.json | outputs/2021NES/output_2021_11_04_NES_S1/B1_trim_end_2021_11_04_12_51_35_chunk5.json | outputs/2021NES/output_2021_11_04_NES_S1/B1_trim_end_2021_11_04_12_51_35_chunk6.json | outputs/2021NES/output_2021_11_04_NES_S1/B1_trim_end_2021_11_04_12_51_35_chunk7.json | outputs/2021NES/output_2021_11_04_NES_S1/B1_trim_end_2021_11_04_12_51_35_chunk8.json | outputs/2021NES/output_2021_11_04_NES_S1/B1_trim_end_2021_11_04_12_51_35_chunk9.json | outputs/2021NES/output_2021_11_05_NES_S1/B1_2021_11_05_11_01_24_trimend_chunk1.json | outputs/2021NES/output_2021_11_05_NES_S1/B1_2021_11_05_11_01_24_trimend_chunk10.json | outputs/2021NES/output_2021_11_05_NES_S1/B1_2021_11_05_11_01_24_trimend_chunk11.json | outputs/2021NES/output_2021_11_05_NES_S1/B1_2021_11_05_11_01_24_trimend_chunk12.json | outputs/2021NES/output_2021_11_05_NES_S1/B1_2021_11_05_11_01_24_trimend_chunk2.json | outputs/2021NES/output_2021_11_05_NES_S1/B1_2021_11_05_11_01_24_trimend_chunk3.json | outputs/2021NES/output_2021_11_05_NES_S1/B1_2021_11_05_11_01_24_trimend_chunk4.json | outputs/2021NES/output_2021_11_05_NES_S1/B1_2021_11_05_11_01_24_trimend_chunk5.json | outputs/2021NES/output_2021_11_05_NES_S1/B1_2021_11_05_11_01_24_trimend_chunk6.json | outputs/2021NES/output_2021_11_05_NES_S1/B1_2021_11_05_11_01_24_trimend_chunk7.json | outputs/2021NES/output_2021_11_05_NES_S1/B1_2021_11_05_11_01_24_trimend_chunk8.json | outputs/2021NES/output_2021_11_05_NES_S1/B1_2021_11_05_11_01_24_trimend_chunk9.json | outputs/2021NES/output_2021_11_05_NES_S12/B6_2021_11_05_13_06_36_chunk4.json | outputs/2021NES/output_2021_11_05_NES_S12/B6_2021_11_05_13_06_36_chunk6.json | outputs/2021NES/output_2021_11_05_NES_S12/B6_2021_11_05_13_06_36_chunk7.json | outputs/2021NES/output_2021_11_05_NES_S12/B6_2021_11_05_13_06_36_chunk8.json,335,47
shaama m sharada,output,2020NES | 2021NES,Shaama M Sharada | Shaama M Sharada | Shaama M. Sharada,outputs/2020NES/output_2020_11_05_NES_S6/6_Theory_and_Expt_Zoom_Meeting_2020_11_05_10_28_39/6_Theory_and_Expt_Zoom_Meeting_2020_11_05_10_28_39_chunk1.json | outputs/2020NES/output_2020_11_05_NES_S6/6_Theory_and_Expt_Zoom_Meeting_2020_11_05_10_28_39/6_Theory_and_Expt_Zoom_Meeting_2020_11_05_10_28_39_chunk2.json | outputs/2020NES/output_2020_11_05_NES_S6/6_Theory_and_Expt_Zoom_Meeting_2020_11_05_10_28_39/6_Theory_and_Expt_Zoom_Meeting_2020_11_05_10_28_39_chunk3.json | outputs/2020NES/output_2020_11_05_NES_S6/6_Theory_and_Expt_Zoom_Meeting_2020_11_05_10_48_43/6_Theory_and_Expt_Zoom_Meeting_2020_11_05_10_48_43_chunk1.json | outputs/2020NES/output_2020_11_05_NES_S6/6_Theory_and_Expt_Zoom_Meeting_2020_11_05_10_48_43/6_Theory_and_Expt_Zoom_Meeting_2020_11_05_10_48_43_chunk2.json | outputs/2020NES/output_2020_11_05_NES_S6/6_Theory_and_Expt_Zoom_Meeting_2020_11_05_10_48_43/6_Theory_and_Expt_Zoom_Meeting_2020_11_05_10_48_43_chunk3.json | outputs/2021NES/output_2021_11_05_NES_S11/B5_2021_11_05_13_06_53_chunk1.json | outputs/2021NES/output_2021_11_05_NES_S11/B5_2021_11_05_13_06_53_chunk2.json | outputs/2021NES/output_2021_11_05_NES_S11/B5_2021_11_05_13_06_53_chunk3.json | outputs/2021NES/output_2021_11_05_NES_S11/B5_2021_11_05_13_06_53_chunk4.json | outputs/2021NES/output_2021_11_05_NES_S11/B5_2021_11_05_13_06_53_chunk5.json | outputs/2021NES/output_2021_11_05_NES_S11/B5_2021_11_05_13_06_53_chunk6.json | outputs/2021NES/output_2021_11_05_NES_S11/B5_2021_11_05_13_06_53_chunk7.json | outputs/2021NES/output_2021_11_05_NES_S11/B5_2021_11_05_13_06_53_chunk8.json | outputs/2021NES/output_2021_11_05_NES_S6/B6_2021_11_05_11_01_03_trimend_chunk1.json | outputs/2021NES/output_2021_11_05_NES_S6/B6_2021_11_05_11_01_03_trimend_chunk10.json | outputs/2021NES/output_2021_11_05_NES_S6/B6_2021_11_05_11_01_03_trimend_chunk11.json | outputs/2021NES/output_2021_11_05_NES_S6/B6_2021_11_05_11_01_03_trimend_chunk12.json | outputs/2021NES/output_2021_11_05_NES_S6/B6_2021_11_05_11_01_03_trimend_chunk2.json | outputs/2021NES/output_2021_11_05_NES_S6/B6_2021_11_05_11_01_03_trimend_chunk3.json | outputs/2021NES/output_2021_11_05_NES_S6/B6_2021_11_05_11_01_03_trimend_chunk4.json | outputs/2021NES/output_2021_11_05_NES_S6/B6_2021_11_05_11_01_03_trimend_chunk5.json | outputs/2021NES/output_2021_11_05_NES_S6/B6_2021_11_05_11_01_03_trimend_chunk6.json | outputs/2021NES/output_2021_11_05_NES_S6/B6_2021_11_05_11_01_03_trimend_chunk7.json | outputs/2021NES/output_2021_11_05_NES_S6/B6_2021_11_05_11_01_03_trimend_chunk8.json | outputs/2021NES/output_2021_11_05_NES_S6/B6_2021_11_05_11_01_03_trimend_chunk9.json,64,26
abhishek shrivastava,output,2021ABI,Abhishek Shrivastava,outputs/2021ABI/output_2021_05_21_ABI_S16/Breakout_Room_4_Session_3_2021_04_23_13_13_06_chunk2.json | outputs/2021ABI/output_2021_05_21_ABI_S16/Breakout_Room_4_Session_3_2021_04_23_13_13_06_chunk3.json | outputs/2021ABI/output_2021_05_21_ABI_S16/Breakout_Room_4_Session_3_2021_04_23_13_13_06_chunk4.json | outputs/2021ABI/output_2021_05_21_ABI_S16/Breakout_Room_4_Session_3_2021_04_23_13_13_06_chunk5.json | outputs/2021ABI/output_2021_05_21_ABI_S16/Breakout_Room_4_Session_3_2021_04_23_13_13_06_chunk6.json | outputs/2021ABI/output_2021_05_21_ABI_S16/Breakout_Room_4_Session_3_2021_04_23_13_13_06_chunk7.json,26,6
ada ibrahimi,output,2021ABI,Ada Ibrahimi,outputs/2021ABI/output_2021_05_21_ABI_S16/Breakout_Room_4_Session_3_2021_04_23_13_13_06_chunk1.json | outputs/2021ABI/output_2021_05_21_ABI_S16/Breakout_Room_4_Session_3_2021_04_23_13_13_06_chunk2.json | outputs/2021ABI/output_2021_05_21_ABI_S16/Breakout_Room_4_Session_3_2021_04_23_13_13_06_chunk3.json | outputs/2021ABI/output_2021_05_21_ABI_S16/Breakout_Room_4_Session_3_2021_04_23_13_13_06_chunk4.json | outputs/2021ABI/output_2021_05_21_ABI_S16/Breakout_Room_4_Session_3_2021_04_23_13_13_06_chunk5.json | outputs/2021ABI/output_2021_05_21_ABI_S16/Breakout_Room_4_Session_3_2021_04_23_13_13_06_chunk6.json | outputs/2021ABI/output_2021_05_21_ABI_S16/Breakout_Room_4_Session_3_2021_04_23_13_13_06_chunk7.json,35,7
alex walsh,output,2021ABI,Alex Walsh,outputs/2021ABI/output_2021_05_20_ABI_S4/bot2p1_Zoom_Meeting_2021_05_20_12_35_31.json | outputs/2021ABI/output_2021_05_20_ABI_S4/bot2p2_Zoom_Meeting_2021_05_20_12_37_07_chunk1.json | outputs/2021ABI/output_2021_05_20_ABI_S4/bot2p2_Zoom_Meeting_2021_05_20_12_37_07_chunk2.json | outputs/2021ABI/output_2021_05_20_ABI_S4/bot2p2_Zoom_Meeting_2021_05_20_12_37_07_chunk3.json | outputs/2021ABI/output_2021_05_20_ABI_S4/bot2p2_Zoom_Meeting_2021_05_20_12_37_07_chunk4.json | outputs/2021ABI/output_2021_05_20_ABI_S4/bot2p2_Zoom_Meeting_2021_05_20_12_37_07_chunk5.json | outputs/2021ABI/output_2021_05_20_ABI_S4/bot2p2_Zoom_Meeting_2021_05_20_12_37_07_chunk6.json | outputs/2021ABI/output_2021_05_20_ABI_S4/bot2p2_Zoom_Meeting_2021_05_20_12_37_07_chunk7.json | outputs/2021ABI/output_2021_05_21_ABI_S14/botB1_2021_05_21_13_09_38_chunk1.json | outputs/2021ABI/output_2021_05_21_ABI_S14/botB1_2021_05_21_13_09_38_chunk2.json | outputs/2021ABI/output_2021_05_21_ABI_S14/botB1_2021_05_21_13_09_38_chunk3.json | outputs/2021ABI/output_2021_05_21_ABI_S14/botB1_2021_05_21_13_09_38_chunk4.json | outputs/2021ABI/output_2021_05_21_ABI_S14/botB1_2021_05_21_13_09_38_chunk5.json | outputs/2021ABI/output_2021_05_21_ABI_S14/botB1_2021_05_21_13_09_38_chunk6.json | outputs/2021ABI/output_2021_05_21_ABI_S14/botB1_2021_05_21_13_09_38_chunk7.json | outputs/2021ABI/output_2021_05_21_ABI_S3/bot2p1_Zoom_Meeting_2021_05_21_10_57_57.json | outputs/2021ABI/output_2021_05_21_ABI_S3/bot2p2_Zoom_Meeting_2021_05_21_10_58_22.json | outputs/2021ABI/output_2021_05_21_ABI_S3/bot2p3_Zoom_Meeting_Room_2_2021_05_21_10_58_31_chunk3.json | outputs/2021ABI/output_2021_05_21_ABI_S3/bot2p3_Zoom_Meeting_Room_2_2021_05_21_10_58_31_chunk4.json | outputs/2021ABI/output_2021_05_21_ABI_S3/bot2p3_Zoom_Meeting_Room_2_2021_05_21_10_58_31_chunk5.json | outputs/2021ABI/output_2021_05_21_ABI_S3/bot2p3_Zoom_Meeting_Room_2_2021_05_21_10_58_31_chunk6.json | outputs/2021ABI/output_2021_05_21_ABI_S3/bot2p3_Zoom_Meeting_Room_2_2021_05_21_10_58_31_chunk7.json | outputs/2021ABI/output_2021_05_21_ABI_S3/bot2p3_Zoom_Meeting_Room_2_2021_05_21_10_58_31_chunk8.json | outputs/2021ABI/output_2021_05_21_ABI_S9/bot1_2021_05_21_13_08_36_chunk1.json | outputs/2021ABI/output_2021_05_21_ABI_S9/bot1_2021_05_21_13_08_36_chunk2.json | outputs/2021ABI/output_2021_05_21_ABI_S9/bot1_2021_05_21_13_08_36_chunk3.json | outputs/2021ABI/output_2021_05_21_ABI_S9/bot1_2021_05_21_13_08_36_chunk4.json | outputs/2021ABI/output_2021_05_21_ABI_S9/bot1_2021_05_21_13_08_36_chunk5.json | outputs/2021ABI/output_2021_05_21_ABI_S9/bot1_2021_05_21_13_08_36_chunk6.json | outputs/2021ABI/output_2021_05_21_ABI_S9/bot1_2021_05_21_13_08_36_chunk7.json,52,30
alexandra dickinson,truth,2021ABI,Alexandra Dickinson,analysis_v1/data/2021ABI/2021ABI_outcome.json,1,1
alexandra walsh,truth,2021ABI,Alexandra Walsh,analysis_v1/data/2021ABI/2021ABI_outcome.json,2,1
andrew fogg,output,2021ABI,Andrew Fogg,outputs/2021ABI/output_2021_05_21_ABI_S1/Bot_4_Breakout_Session_2_2021_05_21_10_57_08.json | outputs/2021ABI/output_2021_05_21_ABI_S1/Bot_4_Breakout_Session_2_2021_05_21_10_58_43_chunk2.json | outputs/2021ABI/output_2021_05_21_ABI_S1/Bot_4_Breakout_Session_2_2021_05_21_10_58_43_chunk3.json | outputs/2021ABI/output_2021_05_21_ABI_S1/Bot_4_Breakout_Session_2_2021_05_21_10_58_43_chunk4.json | outputs/2021ABI/output_2021_05_21_ABI_S1/Bot_4_Breakout_Session_2_2021_05_21_10_58_43_chunk5.json | outputs/2021ABI/output_2021_05_21_ABI_S1/Bot_4_Breakout_Session_2_2021_05_21_10_58_43_chunk6.json | outputs/2021ABI/output_2021_05_21_ABI_S1/Bot_4_Breakout_Session_2_2021_05_21_10_58_43_chunk7.json | outputs/2021ABI/output_2021_05_21_ABI_S1/Bot_4_Breakout_Session_2_2021_05_21_10_58_43_chunk8.json,13,8
andrew hoge,output,2021ABI,Andrew Hoge,outputs/2021ABI/output_2021_05_21_ABI_S9/bot1_2021_05_21_13_08_36_chunk5.json | outputs/2021ABI/output_2021_05_21_ABI_S9/bot1_2021_05_21_13_08_36_chunk6.json | outputs/2021ABI/output_2021_05_21_ABI_S9/bot1_2021_05_21_13_08_36_chunk7.json,5,3
anirudh,output,2021ABI,Anirudh,outputs/2021ABI/output_2021_05_20_ABI_S8/botB2_2021_05_20_12_34_37_chunk3.json | outputs/2021ABI/output_2021_05_20_ABI_S8/botB2_2021_05_20_12_34_37_chunk4.json | outputs/2021ABI/output_2021_05_20_ABI_S8/botB2_2021_05_20_12_34_37_chunk5.json | outputs/2021ABI/output_2021_05_20_ABI_S8/botB2_2021_05_20_12_34_37_chunk6.json | outputs/2021ABI/output_2021_05_20_ABI_S8/botB2_2021_05_20_12_34_37_chunk7.json | outputs/2021ABI/output_2021_05_20_ABI_S8/botB2_2021_05_20_12_34_37_chunk8.json,34,6
anna hultgren,output,2021ABI,Anna Hultgren,outputs/2021ABI/output_2021_05_20_ABI_S6/bot4_Breakout_Room_4_2021_05_20_12_33_49_chunk1.json | outputs/2021ABI/output_2021_05_20_ABI_S6/bot4_Breakout_Room_4_2021_05_20_12_33_49_chunk2.json | outputs/2021ABI/output_2021_05_20_ABI_S6/bot4_Breakout_Room_4_2021_05_20_12_33_49_chunk3.json | outputs/2021ABI/output_2021_05_20_ABI_S6/bot4_Breakout_Room_4_2021_05_20_12_33_49_chunk4.json | outputs/2021ABI/output_2021_05_20_ABI_S6/bot4_Breakout_Room_4_2021_05_20_12_33_49_chunk5.json | outputs/2021ABI/output_2021_05_20_ABI_S6/bot4_Breakout_Room_4_2021_05_20_12_33_49_chunk6.json | outputs/2021ABI/output_2021_05_20_ABI_S6/bot4_Breakout_Room_4_2021_05_20_12_33_49_chunk7.json | outputs/2021ABI/output_2021_05_20_ABI_S6/bot4_Breakout_Room_4_2021_05_20_12_33_49_chunk8.json,19,8
anna moore,output,2021ABI,Dr. Anna Moore,outputs/2021ABI/output_2021_05_21_ABI_S4/bot3p1_Room_3_Zoom_Meeting_2021_05_21_10_58_10.json | outputs/2021ABI/output_2021_05_21_ABI_S4/bot3p2_Zoom_Meeting_2021_05_21_10_58_18_chunk1.json | outputs/2021ABI/output_2021_05_21_ABI_S4/bot3p2_Zoom_Meeting_2021_05_21_10_58_18_chunk2.json | outputs/2021ABI/output_2021_05_21_ABI_S4/bot3p2_Zoom_Meeting_2021_05_21_10_58_18_chunk3.json | outputs/2021ABI/output_2021_05_21_ABI_S4/bot3p2_Zoom_Meeting_2021_05_21_10_58_18_chunk4.json | outputs/2021ABI/output_2021_05_21_ABI_S4/bot3p2_Zoom_Meeting_2021_05_21_10_58_18_chunk5.json | outputs/2021ABI/output_2021_05_21_ABI_S4/bot3p2_Zoom_Meeting_2021_05_21_10_58_18_chunk6.json | outputs/2021ABI/output_2021_05_21_ABI_S4/bot3p2_Zoom_Meeting_2021_05_21_10_58_18_chunk7.json | outputs/2021ABI/output_2021_05_21_ABI_S4/bot3p2_Zoom_Meeting_2021_05_21_10_58_18_chunk8.json | outputs/2021ABI/output_2021_05_21_ABI_S8/botB3_2021_05_21_10_58_38_chunk1.json | outputs/2021ABI/output_2021_05_21_ABI_S8/botB3_2021_05_21_10_58_38_chunk2.json | outputs/2021ABI/output_2021_05_21_ABI_S8/botB3_2021_05_21_10_58_38_chunk3.json | outputs/2021ABI/output_2021_05_21_ABI_S8/botB3_2021_05_21_10_58_38_chunk4.json | outputs/2021ABI/output_2021_05_21_ABI_S8/botB3_2021_05_21_10_58_38_chunk5.json | outputs/2021ABI/output_2021_05_21_ABI_S8/botB3_2021_05_21_10_58_38_chunk6.json | outputs/2021ABI/output_2021_05_21_ABI_S8/botB3_2021_05_21_10_58_38_chunk7.json | outputs/2021ABI/output_2021_05_21_ABI_S8/botB3_2021_05_21_10_58_38_chunk8.json,112,17
arne bakker,output,2021ABI,Arne Bakker,outputs/2021ABI/output_2021_05_21_ABI_S4/bot3p1_Room_3_Zoom_Meeting_2021_05_21_10_58_10.json | outputs/2021ABI/output_2021_05_21_ABI_S4/bot3p2_Zoom_Meeting_2021_05_21_10_58_18_chunk2.json | outputs/2021ABI/output_2021_05_21_ABI_S4/bot3p2_Zoom_Meeting_2021_05_21_10_58_18_chunk3.json | outputs/2021ABI/output_2021_05_21_ABI_S4/bot3p2_Zoom_Meeting_2021_05_21_10_58_18_chunk4.json | outputs/2021ABI/output_2021_05_21_ABI_S4/bot3p2_Zoom_Meeting_2021_05_21_10_58_18_chunk5.json | outputs/2021ABI/output_2021_05_21_ABI_S4/bot3p2_Zoom_Meeting_2021_05_21_10_58_18_chunk6.json | outputs/2021ABI/output_2021_05_21_ABI_S4/bot3p2_Zoom_Meeting_2021_05_21_10_58_18_chunk7.json | outputs/2021ABI/output_2021_05_21_ABI_S4/bot3p2_Zoom_Meeting_2021_05_21_10_58_18_chunk8.json | outputs/2021ABI/output_2021_05_21_ABI_S8/botB3_2021_05_21_10_58_38_chunk2.json | outputs/2021ABI/output_2021_05_21_ABI_S8/botB3_2021_05_21_10_58_38_chunk3.json | outputs/2021ABI/output_2021_05_21_ABI_S8/botB3_2021_05_21_10_58_38_chunk4.json | outputs/2021ABI/output_2021_05_21_ABI_S8/botB3_2021_05_21_10_58_38_chunk5.json | outputs/2021ABI/output_2021_05_21_ABI_S8/botB3_2021_05_21_10_58_38_chunk6.json | outputs/2021ABI/output_2021_05_21_ABI_S8/botB3_2021_05_21_10_58_38_chunk7.json | outputs/2021ABI/output_2021_05_21_ABI_S8/botB3_2021_05_21_10_58_38_chunk8.json,19,15
arnold,output,2021ABI,Arnold,outputs/2021ABI/output_2021_05_21_ABI_S2/bot1_2021_05_21_10_57_19_chunk1.json | outputs/2021ABI/output_2021_05_21_ABI_S2/bot1_2021_05_21_10_57_19_chunk2.json | outputs/2021ABI/output_2021_05_21_ABI_S2/bot1_2021_05_21_10_57_19_chunk3.json | outputs/2021ABI/output_2021_05_21_ABI_S2/bot1_2021_05_21_10_57_19_chunk4.json | outputs/2021ABI/output_2021_05_21_ABI_S2/bot1_2021_05_21_10_57_19_chunk5.json | outputs/2021ABI/output_2021_05_21_ABI_S2/bot1_2021_05_21_10_57_19_chunk6.json | outputs/2021ABI/output_2021_05_21_ABI_S2/bot1_2021_05_21_10_57_19_chunk7.json | outputs/2021ABI/output_2021_05_21_ABI_S2/bot1_2021_05_21_10_57_19_chunk8.json,21,8
aseema,output,2021ABI,Aseema,outputs/2021ABI/output_2021_05_21_ABI_S2/bot1_2021_05_21_10_57_19_chunk2.json | outputs/2021ABI/output_2021_05_21_ABI_S2/bot1_2021_05_21_10_57_19_chunk3.json | outputs/2021ABI/output_2021_05_21_ABI_S2/bot1_2021_05_21_10_57_19_chunk4.json | outputs/2021ABI/output_2021_05_21_ABI_S2/bot1_2021_05_21_10_57_19_chunk5.json | outputs/2021ABI/output_2021_05_21_ABI_S2/bot1_2021_05_21_10_57_19_chunk6.json | outputs/2021ABI/output_2021_05_21_ABI_S2/bot1_2021_05_21_10_57_19_chunk7.json | outputs/2021ABI/output_2021_05_21_ABI_S2/bot1_2021_05_21_10_57_19_chunk8.json,17,7
beck kamilov,output,2021ABI,Beck Kamilov,outputs/2021ABI/output_2021_05_20_ABI_S4/bot2p1_Zoom_Meeting_2021_05_20_12_35_31.json | outputs/2021ABI/output_2021_05_20_ABI_S4/bot2p2_Zoom_Meeting_2021_05_20_12_37_07_chunk1.json | outputs/2021ABI/output_2021_05_20_ABI_S4/bot2p2_Zoom_Meeting_2021_05_20_12_37_07_chunk2.json | outputs/2021ABI/output_2021_05_20_ABI_S4/bot2p2_Zoom_Meeting_2021_05_20_12_37_07_chunk3.json | outputs/2021ABI/output_2021_05_20_ABI_S4/bot2p2_Zoom_Meeting_2021_05_20_12_37_07_chunk4.json | outputs/2021ABI/output_2021_05_20_ABI_S4/bot2p2_Zoom_Meeting_2021_05_20_12_37_07_chunk5.json | outputs/2021ABI/output_2021_05_20_ABI_S4/bot2p2_Zoom_Meeting_2021_05_20_12_37_07_chunk6.json | outputs/2021ABI/output_2021_05_20_ABI_S4/bot2p2_Zoom_Meeting_2021_05_20_12_37_07_chunk7.json | outputs/2021ABI/output_2021_05_21_ABI_S12/bot5p1_Zoom_Meeting_5_21_2021_1_08_57_PM.json | outputs/2021ABI/output_2021_05_21_ABI_S12/bot5p2_Room_5_Zoom_Meeting_5_21_2021_1_11_16_PM.json | outputs/2021ABI/output_2021_05_21_ABI_S12/bot5p3_Room_5_Zoom_Meeting_5_21_2021_1_11_42_PM.json | outputs/2021ABI/output_2021_05_21_ABI_S12/bot5p4_Zoom_Meeting_5_21_2021_1_12_46_PM_chunk1.json | outputs/2021ABI/output_2021_05_21_ABI_S12/bot5p4_Zoom_Meeting_5_21_2021_1_12_46_PM_chunk2.json | outputs/2021ABI/output_2021_05_21_ABI_S12/bot5p4_Zoom_Meeting_5_21_2021_1_12_46_PM_chunk3.json | outputs/2021ABI/output_2021_05_21_ABI_S12/bot5p4_Zoom_Meeting_5_21_2021_1_12_46_PM_chunk4.json | outputs/2021ABI/output_2021_05_21_ABI_S12/bot5p4_Zoom_Meeting_5_21_2021_1_12_46_PM_chunk5.json | outputs/2021ABI/output_2021_05_21_ABI_S12/bot5p4_Zoom_Meeting_5_21_2021_1_12_46_PM_chunk6.json | outputs/2021ABI/output_2021_05_21_ABI_S12/bot5p4_Zoom_Meeting_5_21_2021_1_12_46_PM_chunk7.json | outputs/2021ABI/output_2021_05_21_ABI_S5/bot5p1_Zoom_Meeting_5_21_2021_10_58_04_AM.json | outputs/2021ABI/output_2021_05_21_ABI_S5/bot5p2_Zoom_Meeting_5_21_2021_10_58_51_AM.json | outputs/2021ABI/output_2021_05_21_ABI_S5/bot5p3_Room_5_Zoom_Meeting_5_21_2021_10_59_19_AM_chunk1.json | outputs/2021ABI/output_2021_05_21_ABI_S5/bot5p3_Room_5_Zoom_Meeting_5_21_2021_10_59_19_AM_chunk2.json | outputs/2021ABI/output_2021_05_21_ABI_S5/bot5p3_Room_5_Zoom_Meeting_5_21_2021_10_59_19_AM_chunk3.json | outputs/2021ABI/output_2021_05_21_ABI_S5/bot5p3_Room_5_Zoom_Meeting_5_21_2021_10_59_19_AM_chunk4.json | outputs/2021ABI/output_2021_05_21_ABI_S5/bot5p3_Room_5_Zoom_Meeting_5_21_2021_10_59_19_AM_chunk5.json | outputs/2021ABI/output_2021_05_21_ABI_S5/bot5p3_Room_5_Zoom_Meeting_5_21_2021_10_59_19_AM_chunk6.json | outputs/2021ABI/output_2021_05_21_ABI_S5/bot5p3_Room_5_Zoom_Meeting_5_21_2021_10_59_19_AM_chunk7.json | outputs/2021ABI/output_2021_05_21_ABI_S5/bot5p3_Room_5_Zoom_Meeting_5_21_2021_10_59_19_AM_chunk8.json,115,28
bill,output,2021ABI,Bill,outputs/2021ABI/output_2021_05_20_ABI_S8/botB2_2021_05_20_12_34_37_chunk1.json | outputs/2021ABI/output_2021_05_20_ABI_S8/botB2_2021_05_20_12_34_37_chunk2.json | outputs/2021ABI/output_2021_05_20_ABI_S8/botB2_2021_05_20_12_34_37_chunk3.json | outputs/2021ABI/output_2021_05_20_ABI_S8/botB2_2021_05_20_12_34_37_chunk4.json | outputs/2021ABI/output_2021_05_20_ABI_S8/botB2_2021_05_20_12_34_37_chunk5.json | outputs/2021ABI/output_2021_05_20_ABI_S8/botB2_2021_05_20_12_34_37_chunk6.json | outputs/2021ABI/output_2021_05_20_ABI_S8/botB2_2021_05_20_12_34_37_chunk7.json | outputs/2021ABI/output_2021_05_20_ABI_S8/botB2_2021_05_20_12_34_37_chunk8.json,28,8
brad smith,output,2021ABI,Brad Smith,outputs/2021ABI/output_2021_05_20_ABI_S2/Bot_6_Zoom_Meeting_Room_6_2021_05_20_12_33_55.json | outputs/2021ABI/output_2021_05_20_ABI_S2/Bot_6_Zoom_Meeting_Room_6_2021_05_20_12_34_24.json | outputs/2021ABI/output_2021_05_20_ABI_S2/Bot_6_Zoom_Meeting_Room_6_2021_05_20_12_36_18.json | outputs/2021ABI/output_2021_05_20_ABI_S2/Bot_6_Zoom_Meeting_Room_6_2021_05_20_12_36_53_chunk1.json | outputs/2021ABI/output_2021_05_20_ABI_S2/Bot_6_Zoom_Meeting_Room_6_2021_05_20_12_36_53_chunk2.json | outputs/2021ABI/output_2021_05_20_ABI_S2/Bot_6_Zoom_Meeting_Room_6_2021_05_20_12_36_53_chunk3.json | outputs/2021ABI/output_2021_05_20_ABI_S2/Bot_6_Zoom_Meeting_Room_6_2021_05_20_12_36_53_chunk4.json | outputs/2021ABI/output_2021_05_20_ABI_S2/Bot_6_Zoom_Meeting_Room_6_2021_05_20_12_36_53_chunk5.json | outputs/2021ABI/output_2021_05_20_ABI_S2/Bot_6_Zoom_Meeting_Room_6_2021_05_20_13_24_44_chunk1.json | outputs/2021ABI/output_2021_05_20_ABI_S2/Bot_6_Zoom_Meeting_Room_6_2021_05_20_13_24_44_chunk2.json | outputs/2021ABI/output_2021_05_20_ABI_S2/Bot_6_Zoom_Meeting_Room_6_2021_05_20_13_24_44_chunk3.json | outputs/2021ABI/output_2021_05_21_ABI_S11/bot3p1_Room_3_Zoom_Meeting_2021_05_21_13_10_02.json | outputs/2021ABI/output_2021_05_21_ABI_S11/bot3p2_Room_3_Zoom_Meeting_2021_05_21_13_10_16_chunk1.json | outputs/2021ABI/output_2021_05_21_ABI_S11/bot3p2_Room_3_Zoom_Meeting_2021_05_21_13_10_16_chunk2.json | outputs/2021ABI/output_2021_05_21_ABI_S11/bot3p2_Room_3_Zoom_Meeting_2021_05_21_13_10_16_chunk3.json | outputs/2021ABI/output_2021_05_21_ABI_S11/bot3p2_Room_3_Zoom_Meeting_2021_05_21_13_10_16_chunk4.json | outputs/2021ABI/output_2021_05_21_ABI_S11/bot3p2_Room_3_Zoom_Meeting_2021_05_21_13_10_16_chunk5.json | outputs/2021ABI/output_2021_05_21_ABI_S11/bot3p2_Room_3_Zoom_Meeting_2021_05_21_13_10_16_chunk6.json | outputs/2021ABI/output_2021_05_21_ABI_S11/bot3p2_Room_3_Zoom_Meeting_2021_05_21_13_10_16_chunk7.json | outputs/2021ABI/output_2021_05_21_ABI_S15/botB3_2021_05_21_13_09_30_chunk1.json | outputs/2021ABI/output_2021_05_21_ABI_S15/botB3_2021_05_21_13_09_30_chunk2.json | outputs/2021ABI/output_2021_05_21_ABI_S15/botB3_2021_05_21_13_09_30_chunk3.json | outputs/2021ABI/output_2021_05_21_ABI_S15/botB3_2021_05_21_13_09_30_chunk4.json | outputs/2021ABI/output_2021_05_21_ABI_S15/botB3_2021_05_21_13_09_30_chunk5.json | outputs/2021ABI/output_2021_05_21_ABI_S15/botB3_2021_05_21_13_09_30_chunk6.json | outputs/2021ABI/output_2021_05_21_ABI_S15/botB3_2021_05_21_13_09_30_chunk7.json | outputs/2021ABI/output_2021_05_21_ABI_S6/bot6p1_Zoom_Meeting_Room_6_2021_05_21_10_58_23.json | outputs/2021ABI/output_2021_05_21_ABI_S6/bot6p2_Zoom_Meeting_Room_6_2021_05_21_10_59_29.json | outputs/2021ABI/output_2021_05_21_ABI_S6/bot6p3_Zoom_Meeting_Room_6_2021_05_21_10_59_51_chunk1.json | outputs/2021ABI/output_2021_05_21_ABI_S6/bot6p3_Zoom_Meeting_Room_6_2021_05_21_10_59_51_chunk2.json | outputs/2021ABI/output_2021_05_21_ABI_S6/bot6p3_Zoom_Meeting_Room_6_2021_05_21_10_59_51_chunk3.json | outputs/2021ABI/output_2021_05_21_ABI_S6/bot6p3_Zoom_Meeting_Room_6_2021_05_21_10_59_51_chunk4.json | outputs/2021ABI/output_2021_05_21_ABI_S6/bot6p3_Zoom_Meeting_Room_6_2021_05_21_10_59_51_chunk5.json | outputs/2021ABI/output_2021_05_21_ABI_S6/bot6p3_Zoom_Meeting_Room_6_2021_05_21_10_59_51_chunk6.json | outputs/2021ABI/output_2021_05_21_ABI_S6/bot6p3_Zoom_Meeting_Room_6_2021_05_21_10_59_51_chunk7.json | outputs/2021ABI/output_2021_05_21_ABI_S6/bot6p3_Zoom_Meeting_Room_6_2021_05_21_10_59_51_chunk8.json,229,36
brian pogue,output,2021ABI,Brian Pogue,outputs/2021ABI/output_2021_05_20_ABI_S2/Bot_6_Zoom_Meeting_Room_6_2021_05_20_12_33_55.json | outputs/2021ABI/output_2021_05_20_ABI_S2/Bot_6_Zoom_Meeting_Room_6_2021_05_20_12_34_24.json | outputs/2021ABI/output_2021_05_20_ABI_S2/Bot_6_Zoom_Meeting_Room_6_2021_05_20_12_36_18.json | outputs/2021ABI/output_2021_05_20_ABI_S2/Bot_6_Zoom_Meeting_Room_6_2021_05_20_12_36_53_chunk1.json | outputs/2021ABI/output_2021_05_20_ABI_S2/Bot_6_Zoom_Meeting_Room_6_2021_05_20_12_36_53_chunk2.json | outputs/2021ABI/output_2021_05_20_ABI_S2/Bot_6_Zoom_Meeting_Room_6_2021_05_20_12_36_53_chunk3.json | outputs/2021ABI/output_2021_05_20_ABI_S2/Bot_6_Zoom_Meeting_Room_6_2021_05_20_12_36_53_chunk4.json | outputs/2021ABI/output_2021_05_20_ABI_S2/Bot_6_Zoom_Meeting_Room_6_2021_05_20_12_36_53_chunk5.json | outputs/2021ABI/output_2021_05_20_ABI_S2/Bot_6_Zoom_Meeting_Room_6_2021_05_20_13_24_44_chunk1.json | outputs/2021ABI/output_2021_05_20_ABI_S2/Bot_6_Zoom_Meeting_Room_6_2021_05_20_13_24_44_chunk2.json | outputs/2021ABI/output_2021_05_20_ABI_S2/Bot_6_Zoom_Meeting_Room_6_2021_05_20_13_24_44_chunk3.json | outputs/2021ABI/output_2021_05_21_ABI_S1/Bot_4_Breakout_Session_2_2021_05_21_10_57_08.json | outputs/2021ABI/output_2021_05_21_ABI_S1/Bot_4_Breakout_Session_2_2021_05_21_10_58_43_chunk1.json | outputs/2021ABI/output_2021_05_21_ABI_S1/Bot_4_Breakout_Session_2_2021_05_21_10_58_43_chunk2.json | outputs/2021ABI/output_2021_05_21_ABI_S1/Bot_4_Breakout_Session_2_2021_05_21_10_58_43_chunk3.json | outputs/2021ABI/output_2021_05_21_ABI_S1/Bot_4_Breakout_Session_2_2021_05_21_10_58_43_chunk4.json | outputs/2021ABI/output_2021_05_21_ABI_S1/Bot_4_Breakout_Session_2_2021_05_21_10_58_43_chunk5.json | outputs/2021ABI/output_2021_05_21_ABI_S1/Bot_4_Breakout_Session_2_2021_05_21_10_58_43_chunk6.json | outputs/2021ABI/output_2021_05_21_ABI_S1/Bot_4_Breakout_Session_2_2021_05_21_10_58_43_chunk7.json | outputs/2021ABI/output_2021_05_21_ABI_S1/Bot_4_Breakout_Session_2_2021_05_21_10_58_43_chunk8.json | outputs/2021ABI/output_2021_05_21_ABI_S12/bot5p1_Zoom_Meeting_5_21_2021_1_08_57_PM.json | outputs/2021ABI/output_2021_05_21_ABI_S12/bot5p2_Room_5_Zoom_Meeting_5_21_2021_1_11_16_PM.json | outputs/2021ABI/output_2021_05_21_ABI_S12/bot5p3_Room_5_Zoom_Meeting_5_21_2021_1_11_42_PM.json | outputs/2021ABI/output_2021_05_21_ABI_S12/bot5p4_Zoom_Meeting_5_21_2021_1_12_46_PM_chunk2.json | outputs/2021ABI/output_2021_05_21_ABI_S12/bot5p4_Zoom_Meeting_5_21_2021_1_12_46_PM_chunk3.json | outputs/2021ABI/output_2021_05_21_ABI_S12/bot5p4_Zoom_Meeting_5_21_2021_1_12_46_PM_chunk4.json | outputs/2021ABI/output_2021_05_21_ABI_S12/bot5p4_Zoom_Meeting_5_21_2021_1_12_46_PM_chunk5.json | outputs/2021ABI/output_2021_05_21_ABI_S12/bot5p4_Zoom_Meeting_5_21_2021_1_12_46_PM_chunk6.json | outputs/2021ABI/output_2021_05_21_ABI_S12/bot5p4_Zoom_Meeting_5_21_2021_1_12_46_PM_chunk7.json | outputs/2021ABI/output_2021_05_21_ABI_S8/botB3_2021_05_21_10_58_38_chunk8.json,223,30
brian spring,output,2021ABI,Brian Spring,outputs/2021ABI/output_2021_05_20_ABI_S6/bot4_Breakout_Room_4_2021_05_20_12_33_49_chunk1.json | outputs/2021ABI/output_2021_05_20_ABI_S6/bot4_Breakout_Room_4_2021_05_20_12_33_49_chunk2.json | outputs/2021ABI/output_2021_05_20_ABI_S6/bot4_Breakout_Room_4_2021_05_20_12_33_49_chunk3.json | outputs/2021ABI/output_2021_05_20_ABI_S6/bot4_Breakout_Room_4_2021_05_20_12_33_49_chunk4.json | outputs/2021ABI/output_2021_05_20_ABI_S6/bot4_Breakout_Room_4_2021_05_20_12_33_49_chunk5.json | outputs/2021ABI/output_2021_05_20_ABI_S6/bot4_Breakout_Room_4_2021_05_20_12_33_49_chunk6.json | outputs/2021ABI/output_2021_05_20_ABI_S6/bot4_Breakout_Room_4_2021_05_20_12_33_49_chunk7.json | outputs/2021ABI/output_2021_05_20_ABI_S6/bot4_Breakout_Room_4_2021_05_20_12_33_49_chunk8.json | outputs/2021ABI/output_2021_05_21_ABI_S1/Bot_4_Breakout_Session_2_2021_05_21_10_57_08.json | outputs/2021ABI/output_2021_05_21_ABI_S1/Bot_4_Breakout_Session_2_2021_05_21_10_58_43_chunk1.json | outputs/2021ABI/output_2021_05_21_ABI_S1/Bot_4_Breakout_Session_2_2021_05_21_10_58_43_chunk2.json | outputs/2021ABI/output_2021_05_21_ABI_S1/Bot_4_Breakout_Session_2_2021_05_21_10_58_43_chunk3.json | outputs/2021ABI/output_2021_05_21_ABI_S1/Bot_4_Breakout_Session_2_2021_05_21_10_58_43_chunk4.json | outputs/2021ABI/output_2021_05_21_ABI_S1/Bot_4_Breakout_Session_2_2021_05_21_10_58_43_chunk5.json | outputs/2021ABI/output_2021_05_21_ABI_S1/Bot_4_Breakout_Session_2_2021_05_21_10_58_43_chunk6.json | outputs/2021ABI/output_2021_05_21_ABI_S1/Bot_4_Breakout_Session_2_2021_05_21_10_58_43_chunk7.json | outputs/2021ABI/output_2021_05_21_ABI_S1/Bot_4_Breakout_Session_2_2021_05_21_10_58_43_chunk8.json,25,17
candice fleischer,output,2021ABI,Candice Fleischer,outputs/2021ABI/output_2021_05_20_ABI_S3/bot1_2021_05_20_12_35_38_chunk5.json | outputs/2021ABI/output_2021_05_20_ABI_S3/bot1_2021_05_20_12_35_38_chunk6.json | outputs/2021ABI/output_2021_05_20_ABI_S3/bot1_2021_05_20_12_35_38_chunk7.json | outputs/2021ABI/output_2021_05_20_ABI_S3/bot1_2021_05_20_12_35_38_chunk8.json,9,4
catherine white,output,2021ABI,Catherine White,outputs/2021ABI/output_2021_05_21_ABI_S9/bot1_2021_05_21_13_08_36_chunk1.json | outputs/2021ABI/output_2021_05_21_ABI_S9/bot1_2021_05_21_13_08_36_chunk2.json | outputs/2021ABI/output_2021_05_21_ABI_S9/bot1_2021_05_21_13_08_36_chunk3.json | outputs/2021ABI/output_2021_05_21_ABI_S9/bot1_2021_05_21_13_08_36_chunk4.json | outputs/2021ABI/output_2021_05_21_ABI_S9/bot1_2021_05_21_13_08_36_chunk5.json | outputs/2021ABI/output_2021_05_21_ABI_S9/bot1_2021_05_21_13_08_36_chunk6.json | outputs/2021ABI/output_2021_05_21_ABI_S9/bot1_2021_05_21_13_08_36_chunk7.json,17,7
chris whittley,output,2021ABI,Chris Whittley,outputs/2021ABI/output_2021_05_21_ABI_S16/Breakout_Room_4_Session_3_2021_04_23_13_13_06_chunk1.json | outputs/2021ABI/output_2021_05_21_ABI_S16/Breakout_Room_4_Session_3_2021_04_23_13_13_06_chunk2.json | outputs/2021ABI/output_2021_05_21_ABI_S16/Breakout_Room_4_Session_3_2021_04_23_13_13_06_chunk3.json | outputs/2021ABI/output_2021_05_21_ABI_S16/Breakout_Room_4_Session_3_2021_04_23_13_13_06_chunk4.json | outputs/2021ABI/output_2021_05_21_ABI_S16/Breakout_Room_4_Session_3_2021_04_23_13_13_06_chunk5.json | outputs/2021ABI/output_2021_05_21_ABI_S16/Breakout_Room_4_Session_3_2021_04_23_13_13_06_chunk6.json | outputs/2021ABI/output_2021_05_21_ABI_S16/Breakout_Room_4_Session_3_2021_04_23_13_13_06_chunk7.json,19,7
cori bargmann,output,2021ABI,Cori Bargmann,outputs/2021ABI/output_2021_05_20_ABI_S6/bot4_Breakout_Room_4_2021_05_20_12_33_49_chunk1.json | outputs/2021ABI/output_2021_05_20_ABI_S6/bot4_Breakout_Room_4_2021_05_20_12_33_49_chunk2.json | outputs/2021ABI/output_2021_05_20_ABI_S6/bot4_Breakout_Room_4_2021_05_20_12_33_49_chunk3.json | outputs/2021ABI/output_2021_05_20_ABI_S6/bot4_Breakout_Room_4_2021_05_20_12_33_49_chunk4.json | outputs/2021ABI/output_2021_05_20_ABI_S6/bot4_Breakout_Room_4_2021_05_20_12_33_49_chunk5.json | outputs/2021ABI/output_2021_05_20_ABI_S6/bot4_Breakout_Room_4_2021_05_20_12_33_49_chunk6.json | outputs/2021ABI/output_2021_05_20_ABI_S6/bot4_Breakout_Room_4_2021_05_20_12_33_49_chunk7.json | outputs/2021ABI/output_2021_05_20_ABI_S6/bot4_Breakout_Room_4_2021_05_20_12_33_49_chunk8.json,12,8
crystal rogers,output,2021ABI,Crystal Rogers,outputs/2021ABI/output_2021_05_20_ABI_S2/Bot_6_Zoom_Meeting_Room_6_2021_05_20_12_33_55.json | outputs/2021ABI/output_2021_05_20_ABI_S2/Bot_6_Zoom_Meeting_Room_6_2021_05_20_12_34_24.json | outputs/2021ABI/output_2021_05_20_ABI_S2/Bot_6_Zoom_Meeting_Room_6_2021_05_20_12_36_18.json | outputs/2021ABI/output_2021_05_20_ABI_S2/Bot_6_Zoom_Meeting_Room_6_2021_05_20_12_36_53_chunk1.json | outputs/2021ABI/output_2021_05_20_ABI_S2/Bot_6_Zoom_Meeting_Room_6_2021_05_20_12_36_53_chunk2.json | outputs/2021ABI/output_2021_05_20_ABI_S2/Bot_6_Zoom_Meeting_Room_6_2021_05_20_12_36_53_chunk3.json | outputs/2021ABI/output_2021_05_20_ABI_S2/Bot_6_Zoom_Meeting_Room_6_2021_05_20_12_36_53_chunk4.json | outputs/2021ABI/output_2021_05_20_ABI_S2/Bot_6_Zoom_Meeting_Room_6_2021_05_20_12_36_53_chunk5.json | outputs/2021ABI/output_2021_05_20_ABI_S2/Bot_6_Zoom_Meeting_Room_6_2021_05_20_13_24_44_chunk1.json | outputs/2021ABI/output_2021_05_20_ABI_S2/Bot_6_Zoom_Meeting_Room_6_2021_05_20_13_24_44_chunk2.json | outputs/2021ABI/output_2021_05_20_ABI_S2/Bot_6_Zoom_Meeting_Room_6_2021_05_20_13_24_44_chunk3.json | outputs/2021ABI/output_2021_05_21_ABI_S13/bot6p1_Zoom_Meeting_Room_6_2021_05_21_13_09_02.json | outputs/2021ABI/output_2021_05_21_ABI_S13/bot6p2_Zoom_Meeting_Room_6_2021_05_21_13_12_04.json | outputs/2021ABI/output_2021_05_21_ABI_S13/bot6p3_Zoom_Meeting_Room_6_2021_05_21_13_12_29_chunk1.json | outputs/2021ABI/output_2021_05_21_ABI_S13/bot6p3_Zoom_Meeting_Room_6_2021_05_21_13_12_29_chunk2.json | outputs/2021ABI/output_2021_05_21_ABI_S13/bot6p3_Zoom_Meeting_Room_6_2021_05_21_13_12_29_chunk3.json | outputs/2021ABI/output_2021_05_21_ABI_S13/bot6p3_Zoom_Meeting_Room_6_2021_05_21_13_12_29_chunk4.json | outputs/2021ABI/output_2021_05_21_ABI_S13/bot6p3_Zoom_Meeting_Room_6_2021_05_21_13_12_29_chunk5.json | outputs/2021ABI/output_2021_05_21_ABI_S13/bot6p3_Zoom_Meeting_Room_6_2021_05_21_13_12_29_chunk6.json | outputs/2021ABI/output_2021_05_21_ABI_S13/bot6p3_Zoom_Meeting_Room_6_2021_05_21_13_12_29_chunk7.json | outputs/2021ABI/output_2021_05_21_ABI_S4/bot3p1_Room_3_Zoom_Meeting_2021_05_21_10_58_10.json | outputs/2021ABI/output_2021_05_21_ABI_S4/bot3p2_Zoom_Meeting_2021_05_21_10_58_18_chunk1.json | outputs/2021ABI/output_2021_05_21_ABI_S4/bot3p2_Zoom_Meeting_2021_05_21_10_58_18_chunk2.json | outputs/2021ABI/output_2021_05_21_ABI_S4/bot3p2_Zoom_Meeting_2021_05_21_10_58_18_chunk3.json | outputs/2021ABI/output_2021_05_21_ABI_S4/bot3p2_Zoom_Meeting_2021_05_21_10_58_18_chunk4.json | outputs/2021ABI/output_2021_05_21_ABI_S4/bot3p2_Zoom_Meeting_2021_05_21_10_58_18_chunk5.json | outputs/2021ABI/output_2021_05_21_ABI_S4/bot3p2_Zoom_Meeting_2021_05_21_10_58_18_chunk6.json | outputs/2021ABI/output_2021_05_21_ABI_S4/bot3p2_Zoom_Meeting_2021_05_21_10_58_18_chunk7.json | outputs/2021ABI/output_2021_05_21_ABI_S4/bot3p2_Zoom_Meeting_2021_05_21_10_58_18_chunk8.json | outputs/2021ABI/output_2021_05_21_ABI_S8/botB3_2021_05_21_10_58_38_chunk1.json | outputs/2021ABI/output_2021_05_21_ABI_S8/botB3_2021_05_21_10_58_38_chunk2.json | outputs/2021ABI/output_2021_05_21_ABI_S8/botB3_2021_05_21_10_58_38_chunk3.json | outputs/2021ABI/output_2021_05_21_ABI_S8/botB3_2021_05_21_10_58_38_chunk4.json | outputs/2021ABI/output_2021_05_21_ABI_S8/botB3_2021_05_21_10_58_38_chunk5.json | outputs/2021ABI/output_2021_05_21_ABI_S8/botB3_2021_05_21_10_58_38_chunk6.json | outputs/2021ABI/output_2021_05_21_ABI_S8/botB3_2021_05_21_10_58_38_chunk7.json | outputs/2021ABI/output_2021_05_21_ABI_S8/botB3_2021_05_21_10_58_38_chunk8.json,108,37
david van valen,output,2021ABI,David Van Valen,outputs/2021ABI/output_2021_05_20_ABI_S6/bot4_Breakout_Room_4_2021_05_20_12_33_49_chunk1.json | outputs/2021ABI/output_2021_05_20_ABI_S6/bot4_Breakout_Room_4_2021_05_20_12_33_49_chunk2.json | outputs/2021ABI/output_2021_05_20_ABI_S6/bot4_Breakout_Room_4_2021_05_20_12_33_49_chunk3.json | outputs/2021ABI/output_2021_05_20_ABI_S6/bot4_Breakout_Room_4_2021_05_20_12_33_49_chunk4.json | outputs/2021ABI/output_2021_05_20_ABI_S6/bot4_Breakout_Room_4_2021_05_20_12_33_49_chunk5.json | outputs/2021ABI/output_2021_05_20_ABI_S6/bot4_Breakout_Room_4_2021_05_20_12_33_49_chunk6.json | outputs/2021ABI/output_2021_05_20_ABI_S6/bot4_Breakout_Room_4_2021_05_20_12_33_49_chunk7.json | outputs/2021ABI/output_2021_05_20_ABI_S6/bot4_Breakout_Room_4_2021_05_20_12_33_49_chunk8.json | outputs/2021ABI/output_2021_05_21_ABI_S10/bot2p1_Zoom_Meeting_Room_2_2021_05_21_13_10_10.json | outputs/2021ABI/output_2021_05_21_ABI_S10/bot2p2_Zoom_Meeting_Room_2_2021_05_21_13_10_25_chunk1.json | outputs/2021ABI/output_2021_05_21_ABI_S10/bot2p2_Zoom_Meeting_Room_2_2021_05_21_13_10_25_chunk2.json | outputs/2021ABI/output_2021_05_21_ABI_S10/bot2p2_Zoom_Meeting_Room_2_2021_05_21_13_10_25_chunk3.json | outputs/2021ABI/output_2021_05_21_ABI_S10/bot2p2_Zoom_Meeting_Room_2_2021_05_21_13_10_25_chunk4.json | outputs/2021ABI/output_2021_05_21_ABI_S10/bot2p2_Zoom_Meeting_Room_2_2021_05_21_13_10_25_chunk5.json | outputs/2021ABI/output_2021_05_21_ABI_S10/bot2p2_Zoom_Meeting_Room_2_2021_05_21_13_10_25_chunk6.json | outputs/2021ABI/output_2021_05_21_ABI_S10/bot2p2_Zoom_Meeting_Room_2_2021_05_21_13_10_25_chunk7.json | outputs/2021ABI/output_2021_05_21_ABI_S3/bot2p1_Zoom_Meeting_2021_05_21_10_57_57.json | outputs/2021ABI/output_2021_05_21_ABI_S3/bot2p2_Zoom_Meeting_2021_05_21_10_58_22.json | outputs/2021ABI/output_2021_05_21_ABI_S3/bot2p3_Zoom_Meeting_Room_2_2021_05_21_10_58_31_chunk2.json | outputs/2021ABI/output_2021_05_21_ABI_S3/bot2p3_Zoom_Meeting_Room_2_2021_05_21_10_58_31_chunk3.json | outputs/2021ABI/output_2021_05_21_ABI_S3/bot2p3_Zoom_Meeting_Room_2_2021_05_21_10_58_31_chunk4.json | outputs/2021ABI/output_2021_05_21_ABI_S3/bot2p3_Zoom_Meeting_Room_2_2021_05_21_10_58_31_chunk5.json | outputs/2021ABI/output_2021_05_21_ABI_S3/bot2p3_Zoom_Meeting_Room_2_2021_05_21_10_58_31_chunk6.json | outputs/2021ABI/output_2021_05_21_ABI_S3/bot2p3_Zoom_Meeting_Room_2_2021_05_21_10_58_31_chunk7.json | outputs/2021ABI/output_2021_05_21_ABI_S3/bot2p3_Zoom_Meeting_Room_2_2021_05_21_10_58_31_chunk8.json,91,25
doug,output,2021ABI,Doug,outputs/2021ABI/output_2021_05_21_ABI_S2/bot1_2021_05_21_10_57_19_chunk2.json | outputs/2021ABI/output_2021_05_21_ABI_S2/bot1_2021_05_21_10_57_19_chunk3.json | outputs/2021ABI/output_2021_05_21_ABI_S2/bot1_2021_05_21_10_57_19_chunk4.json | outputs/2021ABI/output_2021_05_21_ABI_S2/bot1_2021_05_21_10_57_19_chunk5.json | outputs/2021ABI/output_2021_05_21_ABI_S2/bot1_2021_05_21_10_57_19_chunk6.json | outputs/2021ABI/output_2021_05_21_ABI_S2/bot1_2021_05_21_10_57_19_chunk7.json | outputs/2021ABI/output_2021_05_21_ABI_S2/bot1_2021_05_21_10_57_19_chunk8.json,22,7
doug shepherd,output,2021ABI,Doug Shepherd,outputs/2021ABI/output_2021_05_20_ABI_S6/bot4_Breakout_Room_4_2021_05_20_12_33_49_chunk1.json | outputs/2021ABI/output_2021_05_20_ABI_S6/bot4_Breakout_Room_4_2021_05_20_12_33_49_chunk2.json | outputs/2021ABI/output_2021_05_20_ABI_S6/bot4_Breakout_Room_4_2021_05_20_12_33_49_chunk3.json | outputs/2021ABI/output_2021_05_20_ABI_S6/bot4_Breakout_Room_4_2021_05_20_12_33_49_chunk4.json | outputs/2021ABI/output_2021_05_20_ABI_S6/bot4_Breakout_Room_4_2021_05_20_12_33_49_chunk5.json | outputs/2021ABI/output_2021_05_20_ABI_S6/bot4_Breakout_Room_4_2021_05_20_12_33_49_chunk6.json | outputs/2021ABI/output_2021_05_20_ABI_S6/bot4_Breakout_Room_4_2021_05_20_12_33_49_chunk7.json | outputs/2021ABI/output_2021_05_20_ABI_S6/bot4_Breakout_Room_4_2021_05_20_12_33_49_chunk8.json | outputs/2021ABI/output_2021_05_21_ABI_S7/botB1_2021_05_21_10_58_58_chunk2.json | outputs/2021ABI/output_2021_05_21_ABI_S7/botB1_2021_05_21_10_58_58_chunk3.json | outputs/2021ABI/output_2021_05_21_ABI_S7/botB1_2021_05_21_10_58_58_chunk4.json | outputs/2021ABI/output_2021_05_21_ABI_S7/botB1_2021_05_21_10_58_58_chunk5.json | outputs/2021ABI/output_2021_05_21_ABI_S7/botB1_2021_05_21_10_58_58_chunk6.json | outputs/2021ABI/output_2021_05_21_ABI_S7/botB1_2021_05_21_10_58_58_chunk7.json | outputs/2021ABI/output_2021_05_21_ABI_S7/botB1_2021_05_21_10_58_58_chunk8.json,48,15
douglas shepherd,truth,2021ABI,Douglas Shepherd,analysis_v1/data/2021ABI/2021ABI_outcome.json,2,1
dylan mccreedy,output,2021ABI,Dylan McCreedy,outputs/2021ABI/output_2021_05_20_ABI_S6/bot4_Breakout_Room_4_2021_05_20_12_33_49_chunk1.json | outputs/2021ABI/output_2021_05_20_ABI_S6/bot4_Breakout_Room_4_2021_05_20_12_33_49_chunk2.json | outputs/2021ABI/output_2021_05_20_ABI_S6/bot4_Breakout_Room_4_2021_05_20_12_33_49_chunk3.json | outputs/2021ABI/output_2021_05_20_ABI_S6/bot4_Breakout_Room_4_2021_05_20_12_33_49_chunk4.json | outputs/2021ABI/output_2021_05_20_ABI_S6/bot4_Breakout_Room_4_2021_05_20_12_33_49_chunk5.json | outputs/2021ABI/output_2021_05_20_ABI_S6/bot4_Breakout_Room_4_2021_05_20_12_33_49_chunk6.json | outputs/2021ABI/output_2021_05_20_ABI_S6/bot4_Breakout_Room_4_2021_05_20_12_33_49_chunk7.json | outputs/2021ABI/output_2021_05_20_ABI_S6/bot4_Breakout_Room_4_2021_05_20_12_33_49_chunk8.json | outputs/2021ABI/output_2021_05_21_ABI_S13/bot6p1_Zoom_Meeting_Room_6_2021_05_21_13_09_02.json | outputs/2021ABI/output_2021_05_21_ABI_S13/bot6p2_Zoom_Meeting_Room_6_2021_05_21_13_12_04.json | outputs/2021ABI/output_2021_05_21_ABI_S13/bot6p3_Zoom_Meeting_Room_6_2021_05_21_13_12_29_chunk1.json | outputs/2021ABI/output_2021_05_21_ABI_S13/bot6p3_Zoom_Meeting_Room_6_2021_05_21_13_12_29_chunk2.json | outputs/2021ABI/output_2021_05_21_ABI_S13/bot6p3_Zoom_Meeting_Room_6_2021_05_21_13_12_29_chunk3.json | outputs/2021ABI/output_2021_05_21_ABI_S13/bot6p3_Zoom_Meeting_Room_6_2021_05_21_13_12_29_chunk4.json | outputs/2021ABI/output_2021_05_21_ABI_S13/bot6p3_Zoom_Meeting_Room_6_2021_05_21_13_12_29_chunk5.json | outputs/2021ABI/output_2021_05_21_ABI_S13/bot6p3_Zoom_Meeting_Room_6_2021_05_21_13_12_29_chunk6.json | outputs/2021ABI/output_2021_05_21_ABI_S13/bot6p3_Zoom_Meeting_Room_6_2021_05_21_13_12_29_chunk7.json | outputs/2021ABI/output_2021_05_21_ABI_S6/bot6p1_Zoom_Meeting_Room_6_2021_05_21_10_58_23.json | outputs/2021ABI/output_2021_05_21_ABI_S6/bot6p2_Zoom_Meeting_Room_6_2021_05_21_10_59_29.json | outputs/2021ABI/output_2021_05_21_ABI_S6/bot6p3_Zoom_Meeting_Room_6_2021_05_21_10_59_51_chunk1.json | outputs/2021ABI/output_2021_05_21_ABI_S6/bot6p3_Zoom_Meeting_Room_6_2021_05_21_10_59_51_chunk2.json | outputs/2021ABI/output_2021_05_21_ABI_S6/bot6p3_Zoom_Meeting_Room_6_2021_05_21_10_59_51_chunk3.json | outputs/2021ABI/output_2021_05_21_ABI_S6/bot6p3_Zoom_Meeting_Room_6_2021_05_21_10_59_51_chunk4.json | outputs/2021ABI/output_2021_05_21_ABI_S6/bot6p3_Zoom_Meeting_Room_6_2021_05_21_10_59_51_chunk5.json | outputs/2021ABI/output_2021_05_21_ABI_S6/bot6p3_Zoom_Meeting_Room_6_2021_05_21_10_59_51_chunk6.json | outputs/2021ABI/output_2021_05_21_ABI_S6/bot6p3_Zoom_Meeting_Room_6_2021_05_21_10_59_51_chunk7.json | outputs/2021ABI/output_2021_05_21_ABI_S6/bot6p3_Zoom_Meeting_Room_6_2021_05_21_10_59_51_chunk8.json,66,27
ed mccleskey,output,2021ABI,Ed McCleskey,outputs/2021ABI/output_2021_05_20_ABI_S5/bot3p1_Zoom_Meeting_2021_05_20_12_40_43.json | outputs/2021ABI/output_2021_05_20_ABI_S5/bot3p2_Zoom_Meeting_2021_05_20_12_40_54_chunk1.json | outputs/2021ABI/output_2021_05_20_ABI_S5/bot3p2_Zoom_Meeting_2021_05_20_12_40_54_chunk2.json | outputs/2021ABI/output_2021_05_20_ABI_S5/bot3p2_Zoom_Meeting_2021_05_20_12_40_54_chunk3.json | outputs/2021ABI/output_2021_05_20_ABI_S5/bot3p2_Zoom_Meeting_2021_05_20_12_40_54_chunk4.json | outputs/2021ABI/output_2021_05_20_ABI_S5/bot3p2_Zoom_Meeting_2021_05_20_12_40_54_chunk5.json | outputs/2021ABI/output_2021_05_20_ABI_S5/bot3p2_Zoom_Meeting_2021_05_20_12_40_54_chunk6.json | outputs/2021ABI/output_2021_05_20_ABI_S5/bot3p2_Zoom_Meeting_2021_05_20_12_40_54_chunk7.json,20,8
girgis obaid,output,2021ABI,Girgis Obaid,outputs/2021ABI/output_2021_05_20_ABI_S4/bot2p1_Zoom_Meeting_2021_05_20_12_35_31.json | outputs/2021ABI/output_2021_05_20_ABI_S4/bot2p2_Zoom_Meeting_2021_05_20_12_37_07_chunk1.json | outputs/2021ABI/output_2021_05_20_ABI_S4/bot2p2_Zoom_Meeting_2021_05_20_12_37_07_chunk2.json | outputs/2021ABI/output_2021_05_20_ABI_S4/bot2p2_Zoom_Meeting_2021_05_20_12_37_07_chunk3.json | outputs/2021ABI/output_2021_05_20_ABI_S4/bot2p2_Zoom_Meeting_2021_05_20_12_37_07_chunk4.json | outputs/2021ABI/output_2021_05_20_ABI_S4/bot2p2_Zoom_Meeting_2021_05_20_12_37_07_chunk5.json | outputs/2021ABI/output_2021_05_20_ABI_S4/bot2p2_Zoom_Meeting_2021_05_20_12_37_07_chunk6.json | outputs/2021ABI/output_2021_05_20_ABI_S4/bot2p2_Zoom_Meeting_2021_05_20_12_37_07_chunk7.json | outputs/2021ABI/output_2021_05_21_ABI_S10/bot2p1_Zoom_Meeting_Room_2_2021_05_21_13_10_10.json | outputs/2021ABI/output_2021_05_21_ABI_S10/bot2p2_Zoom_Meeting_Room_2_2021_05_21_13_10_25_chunk1.json | outputs/2021ABI/output_2021_05_21_ABI_S10/bot2p2_Zoom_Meeting_Room_2_2021_05_21_13_10_25_chunk2.json | outputs/2021ABI/output_2021_05_21_ABI_S10/bot2p2_Zoom_Meeting_Room_2_2021_05_21_13_10_25_chunk3.json | outputs/2021ABI/output_2021_05_21_ABI_S10/bot2p2_Zoom_Meeting_Room_2_2021_05_21_13_10_25_chunk4.json | outputs/2021ABI/output_2021_05_21_ABI_S10/bot2p2_Zoom_Meeting_Room_2_2021_05_21_13_10_25_chunk5.json | outputs/2021ABI/output_2021_05_21_ABI_S10/bot2p2_Zoom_Meeting_Room_2_2021_05_21_13_10_25_chunk6.json | outputs/2021ABI/output_2021_05_21_ABI_S10/bot2p2_Zoom_Meeting_Room_2_2021_05_21_13_10_25_chunk7.json | outputs/2021ABI/output_2021_05_21_ABI_S6/bot6p1_Zoom_Meeting_Room_6_2021_05_21_10_58_23.json | outputs/2021ABI/output_2021_05_21_ABI_S6/bot6p2_Zoom_Meeting_Room_6_2021_05_21_10_59_29.json | outputs/2021ABI/output_2021_05_21_ABI_S6/bot6p3_Zoom_Meeting_Room_6_2021_05_21_10_59_51_chunk1.json | outputs/2021ABI/output_2021_05_21_ABI_S6/bot6p3_Zoom_Meeting_Room_6_2021_05_21_10_59_51_chunk2.json | outputs/2021ABI/output_2021_05_21_ABI_S6/bot6p3_Zoom_Meeting_Room_6_2021_05_21_10_59_51_chunk3.json | outputs/2021ABI/output_2021_05_21_ABI_S6/bot6p3_Zoom_Meeting_Room_6_2021_05_21_10_59_51_chunk4.json | outputs/2021ABI/output_2021_05_21_ABI_S6/bot6p3_Zoom_Meeting_Room_6_2021_05_21_10_59_51_chunk5.json | outputs/2021ABI/output_2021_05_21_ABI_S6/bot6p3_Zoom_Meeting_Room_6_2021_05_21_10_59_51_chunk6.json | outputs/2021ABI/output_2021_05_21_ABI_S6/bot6p3_Zoom_Meeting_Room_6_2021_05_21_10_59_51_chunk7.json | outputs/2021ABI/output_2021_05_21_ABI_S6/bot6p3_Zoom_Meeting_Room_6_2021_05_21_10_59_51_chunk8.json,54,26
gokul upadhyayula,output,2021ABI,Gokul Upadhyayula,outputs/2021ABI/output_2021_05_20_ABI_S1/Bot_5_Room_5_Zoom_Meeting_5_20_2021_12_34_08_PM.json | outputs/2021ABI/output_2021_05_20_ABI_S1/Bot_5_Zoom_Meeting_5_20_2021_12_37_09_PM.json | outputs/2021ABI/output_2021_05_20_ABI_S1/Bot_5_Zoom_Meeting_5_20_2021_12_37_42_PM_chunk2.json | outputs/2021ABI/output_2021_05_20_ABI_S1/Bot_5_Zoom_Meeting_5_20_2021_12_37_42_PM_chunk3.json | outputs/2021ABI/output_2021_05_20_ABI_S1/Bot_5_Zoom_Meeting_5_20_2021_12_37_42_PM_chunk4.json | outputs/2021ABI/output_2021_05_20_ABI_S1/Bot_5_Zoom_Meeting_5_20_2021_12_37_42_PM_chunk5.json | outputs/2021ABI/output_2021_05_20_ABI_S1/Bot_5_Zoom_Meeting_5_20_2021_12_37_42_PM_chunk6.json | outputs/2021ABI/output_2021_05_20_ABI_S1/Bot_5_Zoom_Meeting_5_20_2021_12_37_42_PM_chunk7.json | outputs/2021ABI/output_2021_05_21_ABI_S10/bot2p1_Zoom_Meeting_Room_2_2021_05_21_13_10_10.json | outputs/2021ABI/output_2021_05_21_ABI_S10/bot2p2_Zoom_Meeting_Room_2_2021_05_21_13_10_25_chunk1.json | outputs/2021ABI/output_2021_05_21_ABI_S10/bot2p2_Zoom_Meeting_Room_2_2021_05_21_13_10_25_chunk2.json | outputs/2021ABI/output_2021_05_21_ABI_S10/bot2p2_Zoom_Meeting_Room_2_2021_05_21_13_10_25_chunk3.json | outputs/2021ABI/output_2021_05_21_ABI_S10/bot2p2_Zoom_Meeting_Room_2_2021_05_21_13_10_25_chunk4.json | outputs/2021ABI/output_2021_05_21_ABI_S10/bot2p2_Zoom_Meeting_Room_2_2021_05_21_13_10_25_chunk5.json | outputs/2021ABI/output_2021_05_21_ABI_S10/bot2p2_Zoom_Meeting_Room_2_2021_05_21_13_10_25_chunk6.json | outputs/2021ABI/output_2021_05_21_ABI_S10/bot2p2_Zoom_Meeting_Room_2_2021_05_21_13_10_25_chunk7.json | outputs/2021ABI/output_2021_05_21_ABI_S3/bot2p1_Zoom_Meeting_2021_05_21_10_57_57.json | outputs/2021ABI/output_2021_05_21_ABI_S3/bot2p2_Zoom_Meeting_2021_05_21_10_58_22.json | outputs/2021ABI/output_2021_05_21_ABI_S3/bot2p3_Zoom_Meeting_Room_2_2021_05_21_10_58_31_chunk2.json | outputs/2021ABI/output_2021_05_21_ABI_S3/bot2p3_Zoom_Meeting_Room_2_2021_05_21_10_58_31_chunk3.json | outputs/2021ABI/output_2021_05_21_ABI_S3/bot2p3_Zoom_Meeting_Room_2_2021_05_21_10_58_31_chunk4.json | outputs/2021ABI/output_2021_05_21_ABI_S3/bot2p3_Zoom_Meeting_Room_2_2021_05_21_10_58_31_chunk5.json | outputs/2021ABI/output_2021_05_21_ABI_S3/bot2p3_Zoom_Meeting_Room_2_2021_05_21_10_58_31_chunk6.json | outputs/2021ABI/output_2021_05_21_ABI_S3/bot2p3_Zoom_Meeting_Room_2_2021_05_21_10_58_31_chunk7.json | outputs/2021ABI/output_2021_05_21_ABI_S3/bot2p3_Zoom_Meeting_Room_2_2021_05_21_10_58_31_chunk8.json,69,25
holly bright,output,2021ABI,Holly Bright,outputs/2021ABI/output_2021_05_20_ABI_S6/bot4_Breakout_Room_4_2021_05_20_12_33_49_chunk1.json | outputs/2021ABI/output_2021_05_20_ABI_S6/bot4_Breakout_Room_4_2021_05_20_12_33_49_chunk2.json | outputs/2021ABI/output_2021_05_20_ABI_S6/bot4_Breakout_Room_4_2021_05_20_12_33_49_chunk3.json | outputs/2021ABI/output_2021_05_20_ABI_S6/bot4_Breakout_Room_4_2021_05_20_12_33_49_chunk4.json | outputs/2021ABI/output_2021_05_20_ABI_S6/bot4_Breakout_Room_4_2021_05_20_12_33_49_chunk5.json | outputs/2021ABI/output_2021_05_20_ABI_S6/bot4_Breakout_Room_4_2021_05_20_12_33_49_chunk6.json | outputs/2021ABI/output_2021_05_20_ABI_S6/bot4_Breakout_Room_4_2021_05_20_12_33_49_chunk7.json | outputs/2021ABI/output_2021_05_20_ABI_S6/bot4_Breakout_Room_4_2021_05_20_12_33_49_chunk8.json | outputs/2021ABI/output_2021_05_21_ABI_S9/bot1_2021_05_21_13_08_36_chunk1.json | outputs/2021ABI/output_2021_05_21_ABI_S9/bot1_2021_05_21_13_08_36_chunk2.json | outputs/2021ABI/output_2021_05_21_ABI_S9/bot1_2021_05_21_13_08_36_chunk3.json | outputs/2021ABI/output_2021_05_21_ABI_S9/bot1_2021_05_21_13_08_36_chunk4.json | outputs/2021ABI/output_2021_05_21_ABI_S9/bot1_2021_05_21_13_08_36_chunk5.json | outputs/2021ABI/output_2021_05_21_ABI_S9/bot1_2021_05_21_13_08_36_chunk6.json | outputs/2021ABI/output_2021_05_21_ABI_S9/bot1_2021_05_21_13_08_36_chunk7.json,29,15
jayani,output,2021ABI,Jayani,outputs/2021ABI/output_2021_05_20_ABI_S8/botB2_2021_05_20_12_34_37_chunk3.json | outputs/2021ABI/output_2021_05_20_ABI_S8/botB2_2021_05_20_12_34_37_chunk4.json | outputs/2021ABI/output_2021_05_20_ABI_S8/botB2_2021_05_20_12_34_37_chunk5.json | outputs/2021ABI/output_2021_05_20_ABI_S8/botB2_2021_05_20_12_34_37_chunk6.json | outputs/2021ABI/output_2021_05_20_ABI_S8/botB2_2021_05_20_12_34_37_chunk7.json | outputs/2021ABI/output_2021_05_20_ABI_S8/botB2_2021_05_20_12_34_37_chunk8.json,57,6
jazz dickinson,output,2021ABI,Jazz Dickinson,outputs/2021ABI/output_2021_05_20_ABI_S6/bot4_Breakout_Room_4_2021_05_20_12_33_49_chunk1.json | outputs/2021ABI/output_2021_05_20_ABI_S6/bot4_Breakout_Room_4_2021_05_20_12_33_49_chunk2.json | outputs/2021ABI/output_2021_05_20_ABI_S6/bot4_Breakout_Room_4_2021_05_20_12_33_49_chunk3.json | outputs/2021ABI/output_2021_05_20_ABI_S6/bot4_Breakout_Room_4_2021_05_20_12_33_49_chunk4.json | outputs/2021ABI/output_2021_05_20_ABI_S6/bot4_Breakout_Room_4_2021_05_20_12_33_49_chunk5.json | outputs/2021ABI/output_2021_05_20_ABI_S6/bot4_Breakout_Room_4_2021_05_20_12_33_49_chunk6.json | outputs/2021ABI/output_2021_05_20_ABI_S6/bot4_Breakout_Room_4_2021_05_20_12_33_49_chunk7.json | outputs/2021ABI/output_2021_05_20_ABI_S6/bot4_Breakout_Room_4_2021_05_20_12_33_49_chunk8.json | outputs/2021ABI/output_2021_05_21_ABI_S11/bot3p1_Room_3_Zoom_Meeting_2021_05_21_13_10_02.json | outputs/2021ABI/output_2021_05_21_ABI_S11/bot3p2_Room_3_Zoom_Meeting_2021_05_21_13_10_16_chunk1.json | outputs/2021ABI/output_2021_05_21_ABI_S11/bot3p2_Room_3_Zoom_Meeting_2021_05_21_13_10_16_chunk2.json | outputs/2021ABI/output_2021_05_21_ABI_S11/bot3p2_Room_3_Zoom_Meeting_2021_05_21_13_10_16_chunk3.json | outputs/2021ABI/output_2021_05_21_ABI_S11/bot3p2_Room_3_Zoom_Meeting_2021_05_21_13_10_16_chunk4.json | outputs/2021ABI/output_2021_05_21_ABI_S11/bot3p2_Room_3_Zoom_Meeting_2021_05_21_13_10_16_chunk5.json | outputs/2021ABI/output_2021_05_21_ABI_S11/bot3p2_Room_3_Zoom_Meeting_2021_05_21_13_10_16_chunk6.json | outputs/2021ABI/output_2021_05_21_ABI_S11/bot3p2_Room_3_Zoom_Meeting_2021_05_21_13_10_16_chunk7.json | outputs/2021ABI/output_2021_05_21_ABI_S3/bot2p1_Zoom_Meeting_2021_05_21_10_57_57.json | outputs/2021ABI/output_2021_05_21_ABI_S3/bot2p2_Zoom_Meeting_2021_05_21_10_58_22.json | outputs/2021ABI/output_2021_05_21_ABI_S3/bot2p3_Zoom_Meeting_Room_2_2021_05_21_10_58_31_chunk1.json | outputs/2021ABI/output_2021_05_21_ABI_S3/bot2p3_Zoom_Meeting_Room_2_2021_05_21_10_58_31_chunk2.json | outputs/2021ABI/output_2021_05_21_ABI_S3/bot2p3_Zoom_Meeting_Room_2_2021_05_21_10_58_31_chunk3.json | outputs/2021ABI/output_2021_05_21_ABI_S3/bot2p3_Zoom_Meeting_Room_2_2021_05_21_10_58_31_chunk4.json | outputs/2021ABI/output_2021_05_21_ABI_S3/bot2p3_Zoom_Meeting_Room_2_2021_05_21_10_58_31_chunk5.json | outputs/2021ABI/output_2021_05_21_ABI_S3/bot2p3_Zoom_Meeting_Room_2_2021_05_21_10_58_31_chunk6.json | outputs/2021ABI/output_2021_05_21_ABI_S3/bot2p3_Zoom_Meeting_Room_2_2021_05_21_10_58_31_chunk7.json | outputs/2021ABI/output_2021_05_21_ABI_S3/bot2p3_Zoom_Meeting_Room_2_2021_05_21_10_58_31_chunk8.json,66,26
jazz dickison,output,2021ABI,Jazz Dickison,outputs/2021ABI/output_2021_05_21_ABI_S15/botB3_2021_05_21_13_09_30_chunk1.json | outputs/2021ABI/output_2021_05_21_ABI_S15/botB3_2021_05_21_13_09_30_chunk2.json | outputs/2021ABI/output_2021_05_21_ABI_S15/botB3_2021_05_21_13_09_30_chunk3.json | outputs/2021ABI/output_2021_05_21_ABI_S15/botB3_2021_05_21_13_09_30_chunk4.json | outputs/2021ABI/output_2021_05_21_ABI_S15/botB3_2021_05_21_13_09_30_chunk5.json | outputs/2021ABI/output_2021_05_21_ABI_S15/botB3_2021_05_21_13_09_30_chunk6.json | outputs/2021ABI/output_2021_05_21_ABI_S15/botB3_2021_05_21_13_09_30_chunk7.json,16,7
jin,output,2021ABI,Jin,outputs/2021ABI/output_2021_05_21_ABI_S2/bot1_2021_05_21_10_57_19_chunk1.json | outputs/2021ABI/output_2021_05_21_ABI_S2/bot1_2021_05_21_10_57_19_chunk2.json | outputs/2021ABI/output_2021_05_21_ABI_S2/bot1_2021_05_21_10_57_19_chunk3.json | outputs/2021ABI/output_2021_05_21_ABI_S2/bot1_2021_05_21_10_57_19_chunk4.json | outputs/2021ABI/output_2021_05_21_ABI_S2/bot1_2021_05_21_10_57_19_chunk5.json | outputs/2021ABI/output_2021_05_21_ABI_S2/bot1_2021_05_21_10_57_19_chunk6.json | outputs/2021ABI/output_2021_05_21_ABI_S2/bot1_2021_05_21_10_57_19_chunk7.json | outputs/2021ABI/output_2021_05_21_ABI_S2/bot1_2021_05_21_10_57_19_chunk8.json,26,8
jin zhang,output,2021ABI,Jin Zhang,outputs/2021ABI/output_2021_05_20_ABI_S1/Bot_5_Room_5_Zoom_Meeting_5_20_2021_12_34_08_PM.json | outputs/2021ABI/output_2021_05_20_ABI_S1/Bot_5_Zoom_Meeting_5_20_2021_12_37_09_PM.json | outputs/2021ABI/output_2021_05_20_ABI_S1/Bot_5_Zoom_Meeting_5_20_2021_12_37_42_PM_chunk1.json | outputs/2021ABI/output_2021_05_20_ABI_S1/Bot_5_Zoom_Meeting_5_20_2021_12_37_42_PM_chunk2.json | outputs/2021ABI/output_2021_05_20_ABI_S1/Bot_5_Zoom_Meeting_5_20_2021_12_37_42_PM_chunk3.json | outputs/2021ABI/output_2021_05_20_ABI_S1/Bot_5_Zoom_Meeting_5_20_2021_12_37_42_PM_chunk4.json | outputs/2021ABI/output_2021_05_20_ABI_S1/Bot_5_Zoom_Meeting_5_20_2021_12_37_42_PM_chunk5.json | outputs/2021ABI/output_2021_05_20_ABI_S1/Bot_5_Zoom_Meeting_5_20_2021_12_37_42_PM_chunk6.json | outputs/2021ABI/output_2021_05_20_ABI_S1/Bot_5_Zoom_Meeting_5_20_2021_12_37_42_PM_chunk7.json | outputs/2021ABI/output_2021_05_21_ABI_S14/botB1_2021_05_21_13_09_38_chunk1.json | outputs/2021ABI/output_2021_05_21_ABI_S14/botB1_2021_05_21_13_09_38_chunk2.json | outputs/2021ABI/output_2021_05_21_ABI_S14/botB1_2021_05_21_13_09_38_chunk3.json | outputs/2021ABI/output_2021_05_21_ABI_S14/botB1_2021_05_21_13_09_38_chunk4.json | outputs/2021ABI/output_2021_05_21_ABI_S14/botB1_2021_05_21_13_09_38_chunk5.json | outputs/2021ABI/output_2021_05_21_ABI_S14/botB1_2021_05_21_13_09_38_chunk6.json | outputs/2021ABI/output_2021_05_21_ABI_S14/botB1_2021_05_21_13_09_38_chunk7.json | outputs/2021ABI/output_2021_05_21_ABI_S7/botB1_2021_05_21_10_58_58_chunk6.json | outputs/2021ABI/output_2021_05_21_ABI_S7/botB1_2021_05_21_10_58_58_chunk7.json | outputs/2021ABI/output_2021_05_21_ABI_S7/botB1_2021_05_21_10_58_58_chunk8.json,100,19
josh brake,output,2021ABI,Josh Brake,outputs/2021ABI/output_2021_05_20_ABI_S7/botB1_2021_05_20_12_34_57_chunk1.json | outputs/2021ABI/output_2021_05_20_ABI_S7/botB1_2021_05_20_12_34_57_chunk2.json | outputs/2021ABI/output_2021_05_20_ABI_S7/botB1_2021_05_20_12_34_57_chunk3.json | outputs/2021ABI/output_2021_05_20_ABI_S7/botB1_2021_05_20_12_34_57_chunk4.json | outputs/2021ABI/output_2021_05_20_ABI_S7/botB1_2021_05_20_12_34_57_chunk5.json | outputs/2021ABI/output_2021_05_20_ABI_S7/botB1_2021_05_20_12_34_57_chunk6.json | outputs/2021ABI/output_2021_05_20_ABI_S7/botB1_2021_05_20_12_34_57_chunk7.json | outputs/2021ABI/output_2021_05_20_ABI_S7/botB1_2021_05_20_12_34_57_chunk8.json | outputs/2021ABI/output_2021_05_21_ABI_S1/Bot_4_Breakout_Session_2_2021_05_21_10_57_08.json | outputs/2021ABI/output_2021_05_21_ABI_S1/Bot_4_Breakout_Session_2_2021_05_21_10_58_43_chunk1.json | outputs/2021ABI/output_2021_05_21_ABI_S1/Bot_4_Breakout_Session_2_2021_05_21_10_58_43_chunk2.json | outputs/2021ABI/output_2021_05_21_ABI_S1/Bot_4_Breakout_Session_2_2021_05_21_10_58_43_chunk3.json | outputs/2021ABI/output_2021_05_21_ABI_S1/Bot_4_Breakout_Session_2_2021_05_21_10_58_43_chunk4.json | outputs/2021ABI/output_2021_05_21_ABI_S1/Bot_4_Breakout_Session_2_2021_05_21_10_58_43_chunk5.json | outputs/2021ABI/output_2021_05_21_ABI_S1/Bot_4_Breakout_Session_2_2021_05_21_10_58_43_chunk6.json | outputs/2021ABI/output_2021_05_21_ABI_S1/Bot_4_Breakout_Session_2_2021_05_21_10_58_43_chunk7.json | outputs/2021ABI/output_2021_05_21_ABI_S1/Bot_4_Breakout_Session_2_2021_05_21_10_58_43_chunk8.json | outputs/2021ABI/output_2021_05_21_ABI_S8/botB3_2021_05_21_10_58_38_chunk8.json,55,18
josh drake,output,2021ABI,Josh Drake,outputs/2021ABI/output_2021_05_20_ABI_S3/bot1_2021_05_20_12_35_38_chunk1.json | outputs/2021ABI/output_2021_05_20_ABI_S3/bot1_2021_05_20_12_35_38_chunk2.json | outputs/2021ABI/output_2021_05_20_ABI_S3/bot1_2021_05_20_12_35_38_chunk3.json | outputs/2021ABI/output_2021_05_20_ABI_S3/bot1_2021_05_20_12_35_38_chunk4.json | outputs/2021ABI/output_2021_05_20_ABI_S3/bot1_2021_05_20_12_35_38_chunk5.json | outputs/2021ABI/output_2021_05_20_ABI_S3/bot1_2021_05_20_12_35_38_chunk6.json | outputs/2021ABI/output_2021_05_20_ABI_S3/bot1_2021_05_20_12_35_38_chunk7.json | outputs/2021ABI/output_2021_05_20_ABI_S3/bot1_2021_05_20_12_35_38_chunk8.json,23,8
joshua brake,truth,2021ABI,Joshua Brake,analysis_v1/data/2021ABI/2021ABI_outcome.json,2,1
joyoni,output,2021ABI,Joyoni,outputs/2021ABI/output_2021_05_21_ABI_S2/bot1_2021_05_21_10_57_19_chunk1.json | outputs/2021ABI/output_2021_05_21_ABI_S2/bot1_2021_05_21_10_57_19_chunk2.json | outputs/2021ABI/output_2021_05_21_ABI_S2/bot1_2021_05_21_10_57_19_chunk3.json | outputs/2021ABI/output_2021_05_21_ABI_S2/bot1_2021_05_21_10_57_19_chunk4.json | outputs/2021ABI/output_2021_05_21_ABI_S2/bot1_2021_05_21_10_57_19_chunk5.json | outputs/2021ABI/output_2021_05_21_ABI_S2/bot1_2021_05_21_10_57_19_chunk6.json | outputs/2021ABI/output_2021_05_21_ABI_S2/bot1_2021_05_21_10_57_19_chunk7.json | outputs/2021ABI/output_2021_05_21_ABI_S2/bot1_2021_05_21_10_57_19_chunk8.json,16,8
katherine white,output,2021ABI,Katherine White,outputs/2021ABI/output_2021_05_21_ABI_S14/botB1_2021_05_21_13_09_38_chunk2.json | outputs/2021ABI/output_2021_05_21_ABI_S9/bot1_2021_05_21_13_08_36_chunk2.json,3,2
katy keenan,output,2021ABI,Katy Keenan,outputs/2021ABI/output_2021_05_20_ABI_S4/bot2p1_Zoom_Meeting_2021_05_20_12_35_31.json | outputs/2021ABI/output_2021_05_20_ABI_S4/bot2p2_Zoom_Meeting_2021_05_20_12_37_07_chunk1.json | outputs/2021ABI/output_2021_05_20_ABI_S4/bot2p2_Zoom_Meeting_2021_05_20_12_37_07_chunk2.json | outputs/2021ABI/output_2021_05_20_ABI_S4/bot2p2_Zoom_Meeting_2021_05_20_12_37_07_chunk3.json | outputs/2021ABI/output_2021_05_20_ABI_S4/bot2p2_Zoom_Meeting_2021_05_20_12_37_07_chunk4.json | outputs/2021ABI/output_2021_05_20_ABI_S4/bot2p2_Zoom_Meeting_2021_05_20_12_37_07_chunk5.json | outputs/2021ABI/output_2021_05_20_ABI_S4/bot2p2_Zoom_Meeting_2021_05_20_12_37_07_chunk6.json | outputs/2021ABI/output_2021_05_20_ABI_S4/bot2p2_Zoom_Meeting_2021_05_20_12_37_07_chunk7.json | outputs/2021ABI/output_2021_05_21_ABI_S1/Bot_4_Breakout_Session_2_2021_05_21_10_57_08.json | outputs/2021ABI/output_2021_05_21_ABI_S1/Bot_4_Breakout_Session_2_2021_05_21_10_58_43_chunk1.json | outputs/2021ABI/output_2021_05_21_ABI_S1/Bot_4_Breakout_Session_2_2021_05_21_10_58_43_chunk2.json | outputs/2021ABI/output_2021_05_21_ABI_S1/Bot_4_Breakout_Session_2_2021_05_21_10_58_43_chunk3.json | outputs/2021ABI/output_2021_05_21_ABI_S1/Bot_4_Breakout_Session_2_2021_05_21_10_58_43_chunk4.json | outputs/2021ABI/output_2021_05_21_ABI_S1/Bot_4_Breakout_Session_2_2021_05_21_10_58_43_chunk5.json | outputs/2021ABI/output_2021_05_21_ABI_S1/Bot_4_Breakout_Session_2_2021_05_21_10_58_43_chunk6.json | outputs/2021ABI/output_2021_05_21_ABI_S1/Bot_4_Breakout_Session_2_2021_05_21_10_58_43_chunk7.json | outputs/2021ABI/output_2021_05_21_ABI_S1/Bot_4_Breakout_Session_2_2021_05_21_10_58_43_chunk8.json | outputs/2021ABI/output_2021_05_21_ABI_S13/bot6p1_Zoom_Meeting_Room_6_2021_05_21_13_09_02.json | outputs/2021ABI/output_2021_05_21_ABI_S13/bot6p2_Zoom_Meeting_Room_6_2021_05_21_13_12_04.json | outputs/2021ABI/output_2021_05_21_ABI_S13/bot6p3_Zoom_Meeting_Room_6_2021_05_21_13_12_29_chunk1.json | outputs/2021ABI/output_2021_05_21_ABI_S13/bot6p3_Zoom_Meeting_Room_6_2021_05_21_13_12_29_chunk2.json | outputs/2021ABI/output_2021_05_21_ABI_S13/bot6p3_Zoom_Meeting_Room_6_2021_05_21_13_12_29_chunk3.json | outputs/2021ABI/output_2021_05_21_ABI_S13/bot6p3_Zoom_Meeting_Room_6_2021_05_21_13_12_29_chunk4.json | outputs/2021ABI/output_2021_05_21_ABI_S13/bot6p3_Zoom_Meeting_Room_6_2021_05_21_13_12_29_chunk5.json | outputs/2021ABI/output_2021_05_21_ABI_S13/bot6p3_Zoom_Meeting_Room_6_2021_05_21_13_12_29_chunk6.json | outputs/2021ABI/output_2021_05_21_ABI_S13/bot6p3_Zoom_Meeting_Room_6_2021_05_21_13_12_29_chunk7.json,67,26
kevin,output,2021ABI,Kevin,outputs/2021ABI/output_2021_05_20_ABI_S8/botB2_2021_05_20_12_34_37_chunk2.json | outputs/2021ABI/output_2021_05_20_ABI_S8/botB2_2021_05_20_12_34_37_chunk3.json | outputs/2021ABI/output_2021_05_20_ABI_S8/botB2_2021_05_20_12_34_37_chunk4.json | outputs/2021ABI/output_2021_05_20_ABI_S8/botB2_2021_05_20_12_34_37_chunk5.json | outputs/2021ABI/output_2021_05_20_ABI_S8/botB2_2021_05_20_12_34_37_chunk6.json | outputs/2021ABI/output_2021_05_20_ABI_S8/botB2_2021_05_20_12_34_37_chunk7.json | outputs/2021ABI/output_2021_05_20_ABI_S8/botB2_2021_05_20_12_34_37_chunk8.json,17,7
kristen,output,2021ABI,Kristen,outputs/2021ABI/output_2021_05_21_ABI_S2/bot1_2021_05_21_10_57_19_chunk1.json | outputs/2021ABI/output_2021_05_21_ABI_S2/bot1_2021_05_21_10_57_19_chunk2.json | outputs/2021ABI/output_2021_05_21_ABI_S2/bot1_2021_05_21_10_57_19_chunk3.json | outputs/2021ABI/output_2021_05_21_ABI_S2/bot1_2021_05_21_10_57_19_chunk4.json | outputs/2021ABI/output_2021_05_21_ABI_S2/bot1_2021_05_21_10_57_19_chunk5.json | outputs/2021ABI/output_2021_05_21_ABI_S2/bot1_2021_05_21_10_57_19_chunk6.json | outputs/2021ABI/output_2021_05_21_ABI_S2/bot1_2021_05_21_10_57_19_chunk7.json | outputs/2021ABI/output_2021_05_21_ABI_S2/bot1_2021_05_21_10_57_19_chunk8.json,31,8
kristen maitland,output,2021ABI,Kristen Maitland,outputs/2021ABI/output_2021_05_20_ABI_S7/botB1_2021_05_20_12_34_57_chunk1.json | outputs/2021ABI/output_2021_05_20_ABI_S7/botB1_2021_05_20_12_34_57_chunk2.json | outputs/2021ABI/output_2021_05_20_ABI_S7/botB1_2021_05_20_12_34_57_chunk3.json | outputs/2021ABI/output_2021_05_20_ABI_S7/botB1_2021_05_20_12_34_57_chunk4.json | outputs/2021ABI/output_2021_05_20_ABI_S7/botB1_2021_05_20_12_34_57_chunk5.json | outputs/2021ABI/output_2021_05_20_ABI_S7/botB1_2021_05_20_12_34_57_chunk6.json | outputs/2021ABI/output_2021_05_20_ABI_S7/botB1_2021_05_20_12_34_57_chunk7.json | outputs/2021ABI/output_2021_05_20_ABI_S7/botB1_2021_05_20_12_34_57_chunk8.json | outputs/2021ABI/output_2021_05_21_ABI_S12/bot5p1_Zoom_Meeting_5_21_2021_1_08_57_PM.json | outputs/2021ABI/output_2021_05_21_ABI_S12/bot5p2_Room_5_Zoom_Meeting_5_21_2021_1_11_16_PM.json | outputs/2021ABI/output_2021_05_21_ABI_S12/bot5p3_Room_5_Zoom_Meeting_5_21_2021_1_11_42_PM.json | outputs/2021ABI/output_2021_05_21_ABI_S12/bot5p4_Zoom_Meeting_5_21_2021_1_12_46_PM_chunk1.json | outputs/2021ABI/output_2021_05_21_ABI_S12/bot5p4_Zoom_Meeting_5_21_2021_1_12_46_PM_chunk2.json | outputs/2021ABI/output_2021_05_21_ABI_S12/bot5p4_Zoom_Meeting_5_21_2021_1_12_46_PM_chunk3.json | outputs/2021ABI/output_2021_05_21_ABI_S12/bot5p4_Zoom_Meeting_5_21_2021_1_12_46_PM_chunk4.json | outputs/2021ABI/output_2021_05_21_ABI_S12/bot5p4_Zoom_Meeting_5_21_2021_1_12_46_PM_chunk5.json | outputs/2021ABI/output_2021_05_21_ABI_S12/bot5p4_Zoom_Meeting_5_21_2021_1_12_46_PM_chunk6.json | outputs/2021ABI/output_2021_05_21_ABI_S12/bot5p4_Zoom_Meeting_5_21_2021_1_12_46_PM_chunk7.json | outputs/2021ABI/output_2021_05_21_ABI_S7/botB1_2021_05_21_10_58_58_chunk1.json | outputs/2021ABI/output_2021_05_21_ABI_S7/botB1_2021_05_21_10_58_58_chunk2.json | outputs/2021ABI/output_2021_05_21_ABI_S7/botB1_2021_05_21_10_58_58_chunk3.json | outputs/2021ABI/output_2021_05_21_ABI_S7/botB1_2021_05_21_10_58_58_chunk4.json | outputs/2021ABI/output_2021_05_21_ABI_S7/botB1_2021_05_21_10_58_58_chunk5.json | outputs/2021ABI/output_2021_05_21_ABI_S7/botB1_2021_05_21_10_58_58_chunk6.json | outputs/2021ABI/output_2021_05_21_ABI_S7/botB1_2021_05_21_10_58_58_chunk7.json | outputs/2021ABI/output_2021_05_21_ABI_S7/botB1_2021_05_21_10_58_58_chunk8.json,105,26
kristen matland,output,2021ABI,Kristen Matland,outputs/2021ABI/output_2021_05_20_ABI_S3/bot1_2021_05_20_12_35_38_chunk1.json | outputs/2021ABI/output_2021_05_20_ABI_S3/bot1_2021_05_20_12_35_38_chunk2.json | outputs/2021ABI/output_2021_05_20_ABI_S3/bot1_2021_05_20_12_35_38_chunk3.json | outputs/2021ABI/output_2021_05_20_ABI_S3/bot1_2021_05_20_12_35_38_chunk4.json | outputs/2021ABI/output_2021_05_20_ABI_S3/bot1_2021_05_20_12_35_38_chunk5.json | outputs/2021ABI/output_2021_05_20_ABI_S3/bot1_2021_05_20_12_35_38_chunk6.json | outputs/2021ABI/output_2021_05_20_ABI_S3/bot1_2021_05_20_12_35_38_chunk7.json | outputs/2021ABI/output_2021_05_20_ABI_S3/bot1_2021_05_20_12_35_38_chunk8.json,45,8
larry,output,2021ABI,Larry,outputs/2021ABI/output_2021_05_20_ABI_S8/botB2_2021_05_20_12_34_37_chunk2.json | outputs/2021ABI/output_2021_05_20_ABI_S8/botB2_2021_05_20_12_34_37_chunk3.json | outputs/2021ABI/output_2021_05_20_ABI_S8/botB2_2021_05_20_12_34_37_chunk4.json | outputs/2021ABI/output_2021_05_20_ABI_S8/botB2_2021_05_20_12_34_37_chunk5.json | outputs/2021ABI/output_2021_05_20_ABI_S8/botB2_2021_05_20_12_34_37_chunk6.json | outputs/2021ABI/output_2021_05_20_ABI_S8/botB2_2021_05_20_12_34_37_chunk7.json | outputs/2021ABI/output_2021_05_20_ABI_S8/botB2_2021_05_20_12_34_37_chunk8.json,10,7
larry cheng,output,2021ABI,Larry Cheng,outputs/2021ABI/output_2021_05_20_ABI_S5/bot3p1_Zoom_Meeting_2021_05_20_12_40_43.json | outputs/2021ABI/output_2021_05_20_ABI_S5/bot3p2_Zoom_Meeting_2021_05_20_12_40_54_chunk1.json | outputs/2021ABI/output_2021_05_20_ABI_S5/bot3p2_Zoom_Meeting_2021_05_20_12_40_54_chunk2.json | outputs/2021ABI/output_2021_05_20_ABI_S5/bot3p2_Zoom_Meeting_2021_05_20_12_40_54_chunk3.json | outputs/2021ABI/output_2021_05_20_ABI_S5/bot3p2_Zoom_Meeting_2021_05_20_12_40_54_chunk4.json | outputs/2021ABI/output_2021_05_20_ABI_S5/bot3p2_Zoom_Meeting_2021_05_20_12_40_54_chunk5.json | outputs/2021ABI/output_2021_05_20_ABI_S5/bot3p2_Zoom_Meeting_2021_05_20_12_40_54_chunk6.json | outputs/2021ABI/output_2021_05_20_ABI_S5/bot3p2_Zoom_Meeting_2021_05_20_12_40_54_chunk7.json | outputs/2021ABI/output_2021_05_21_ABI_S1/Bot_4_Breakout_Session_2_2021_05_21_10_57_08.json | outputs/2021ABI/output_2021_05_21_ABI_S1/Bot_4_Breakout_Session_2_2021_05_21_10_58_43_chunk1.json | outputs/2021ABI/output_2021_05_21_ABI_S1/Bot_4_Breakout_Session_2_2021_05_21_10_58_43_chunk2.json | outputs/2021ABI/output_2021_05_21_ABI_S1/Bot_4_Breakout_Session_2_2021_05_21_10_58_43_chunk3.json | outputs/2021ABI/output_2021_05_21_ABI_S1/Bot_4_Breakout_Session_2_2021_05_21_10_58_43_chunk4.json | outputs/2021ABI/output_2021_05_21_ABI_S1/Bot_4_Breakout_Session_2_2021_05_21_10_58_43_chunk5.json | outputs/2021ABI/output_2021_05_21_ABI_S1/Bot_4_Breakout_Session_2_2021_05_21_10_58_43_chunk6.json | outputs/2021ABI/output_2021_05_21_ABI_S1/Bot_4_Breakout_Session_2_2021_05_21_10_58_43_chunk7.json | outputs/2021ABI/output_2021_05_21_ABI_S1/Bot_4_Breakout_Session_2_2021_05_21_10_58_43_chunk8.json | outputs/2021ABI/output_2021_05_21_ABI_S12/bot5p1_Zoom_Meeting_5_21_2021_1_08_57_PM.json | outputs/2021ABI/output_2021_05_21_ABI_S12/bot5p2_Room_5_Zoom_Meeting_5_21_2021_1_11_16_PM.json | outputs/2021ABI/output_2021_05_21_ABI_S12/bot5p3_Room_5_Zoom_Meeting_5_21_2021_1_11_42_PM.json | outputs/2021ABI/output_2021_05_21_ABI_S12/bot5p4_Zoom_Meeting_5_21_2021_1_12_46_PM_chunk1.json | outputs/2021ABI/output_2021_05_21_ABI_S12/bot5p4_Zoom_Meeting_5_21_2021_1_12_46_PM_chunk2.json | outputs/2021ABI/output_2021_05_21_ABI_S12/bot5p4_Zoom_Meeting_5_21_2021_1_12_46_PM_chunk3.json | outputs/2021ABI/output_2021_05_21_ABI_S12/bot5p4_Zoom_Meeting_5_21_2021_1_12_46_PM_chunk4.json | outputs/2021ABI/output_2021_05_21_ABI_S12/bot5p4_Zoom_Meeting_5_21_2021_1_12_46_PM_chunk5.json | outputs/2021ABI/output_2021_05_21_ABI_S12/bot5p4_Zoom_Meeting_5_21_2021_1_12_46_PM_chunk6.json | outputs/2021ABI/output_2021_05_21_ABI_S12/bot5p4_Zoom_Meeting_5_21_2021_1_12_46_PM_chunk7.json,43,27
lin zhang,output,2021ABI,Lin Zhang,outputs/2021ABI/output_2021_05_21_ABI_S9/bot1_2021_05_21_13_08_36_chunk1.json | outputs/2021ABI/output_2021_05_21_ABI_S9/bot1_2021_05_21_13_08_36_chunk2.json | outputs/2021ABI/output_2021_05_21_ABI_S9/bot1_2021_05_21_13_08_36_chunk3.json | outputs/2021ABI/output_2021_05_21_ABI_S9/bot1_2021_05_21_13_08_36_chunk4.json | outputs/2021ABI/output_2021_05_21_ABI_S9/bot1_2021_05_21_13_08_36_chunk5.json | outputs/2021ABI/output_2021_05_21_ABI_S9/bot1_2021_05_21_13_08_36_chunk6.json | outputs/2021ABI/output_2021_05_21_ABI_S9/bot1_2021_05_21_13_08_36_chunk7.json,27,7
lingyan,output,2021ABI,Lingyan,outputs/2021ABI/output_2021_05_20_ABI_S8/botB2_2021_05_20_12_34_37_chunk2.json | outputs/2021ABI/output_2021_05_20_ABI_S8/botB2_2021_05_20_12_34_37_chunk3.json | outputs/2021ABI/output_2021_05_20_ABI_S8/botB2_2021_05_20_12_34_37_chunk4.json | outputs/2021ABI/output_2021_05_20_ABI_S8/botB2_2021_05_20_12_34_37_chunk5.json | outputs/2021ABI/output_2021_05_20_ABI_S8/botB2_2021_05_20_12_34_37_chunk6.json | outputs/2021ABI/output_2021_05_20_ABI_S8/botB2_2021_05_20_12_34_37_chunk7.json | outputs/2021ABI/output_2021_05_20_ABI_S8/botB2_2021_05_20_12_34_37_chunk8.json | outputs/2021ABI/output_2021_05_21_ABI_S2/bot1_2021_05_21_10_57_19_chunk3.json | outputs/2021ABI/output_2021_05_21_ABI_S2/bot1_2021_05_21_10_57_19_chunk4.json | outputs/2021ABI/output_2021_05_21_ABI_S2/bot1_2021_05_21_10_57_19_chunk5.json | outputs/2021ABI/output_2021_05_21_ABI_S2/bot1_2021_05_21_10_57_19_chunk6.json | outputs/2021ABI/output_2021_05_21_ABI_S2/bot1_2021_05_21_10_57_19_chunk7.json | outputs/2021ABI/output_2021_05_21_ABI_S2/bot1_2021_05_21_10_57_19_chunk8.json,55,13
lisa,output,2021ABI,Lisa,outputs/2021ABI/output_2021_05_20_ABI_S8/botB2_2021_05_20_12_34_37_chunk2.json | outputs/2021ABI/output_2021_05_20_ABI_S8/botB2_2021_05_20_12_34_37_chunk3.json | outputs/2021ABI/output_2021_05_20_ABI_S8/botB2_2021_05_20_12_34_37_chunk4.json | outputs/2021ABI/output_2021_05_20_ABI_S8/botB2_2021_05_20_12_34_37_chunk5.json | outputs/2021ABI/output_2021_05_20_ABI_S8/botB2_2021_05_20_12_34_37_chunk6.json | outputs/2021ABI/output_2021_05_20_ABI_S8/botB2_2021_05_20_12_34_37_chunk7.json | outputs/2021ABI/output_2021_05_20_ABI_S8/botB2_2021_05_20_12_34_37_chunk8.json,30,7
luke mortenser,output,2021ABI,Luke Mortenser,outputs/2021ABI/output_2021_05_21_ABI_S15/botB3_2021_05_21_13_09_30_chunk1.json | outputs/2021ABI/output_2021_05_21_ABI_S15/botB3_2021_05_21_13_09_30_chunk2.json | outputs/2021ABI/output_2021_05_21_ABI_S15/botB3_2021_05_21_13_09_30_chunk3.json | outputs/2021ABI/output_2021_05_21_ABI_S15/botB3_2021_05_21_13_09_30_chunk4.json | outputs/2021ABI/output_2021_05_21_ABI_S15/botB3_2021_05_21_13_09_30_chunk5.json | outputs/2021ABI/output_2021_05_21_ABI_S15/botB3_2021_05_21_13_09_30_chunk6.json | outputs/2021ABI/output_2021_05_21_ABI_S15/botB3_2021_05_21_13_09_30_chunk7.json,18,7
lulu wei,output,2021ABI,Lulu Wei,outputs/2021ABI/output_2021_05_21_ABI_S14/botB1_2021_05_21_13_09_38_chunk1.json | outputs/2021ABI/output_2021_05_21_ABI_S14/botB1_2021_05_21_13_09_38_chunk2.json | outputs/2021ABI/output_2021_05_21_ABI_S14/botB1_2021_05_21_13_09_38_chunk3.json | outputs/2021ABI/output_2021_05_21_ABI_S14/botB1_2021_05_21_13_09_38_chunk4.json | outputs/2021ABI/output_2021_05_21_ABI_S14/botB1_2021_05_21_13_09_38_chunk5.json | outputs/2021ABI/output_2021_05_21_ABI_S14/botB1_2021_05_21_13_09_38_chunk6.json | outputs/2021ABI/output_2021_05_21_ABI_S14/botB1_2021_05_21_13_09_38_chunk7.json,13,7
malika,output,2021ABI,Malika,outputs/2021ABI/output_2021_05_21_ABI_S2/bot1_2021_05_21_10_57_19_chunk1.json | outputs/2021ABI/output_2021_05_21_ABI_S2/bot1_2021_05_21_10_57_19_chunk2.json | outputs/2021ABI/output_2021_05_21_ABI_S2/bot1_2021_05_21_10_57_19_chunk3.json | outputs/2021ABI/output_2021_05_21_ABI_S2/bot1_2021_05_21_10_57_19_chunk4.json | outputs/2021ABI/output_2021_05_21_ABI_S2/bot1_2021_05_21_10_57_19_chunk5.json | outputs/2021ABI/output_2021_05_21_ABI_S2/bot1_2021_05_21_10_57_19_chunk6.json | outputs/2021ABI/output_2021_05_21_ABI_S2/bot1_2021_05_21_10_57_19_chunk7.json | outputs/2021ABI/output_2021_05_21_ABI_S2/bot1_2021_05_21_10_57_19_chunk8.json,14,8
mark seilmeyer,output,2021ABI,Mark Seilmeyer,outputs/2021ABI/output_2021_05_21_ABI_S8/botB3_2021_05_21_10_58_38_chunk1.json | outputs/2021ABI/output_2021_05_21_ABI_S8/botB3_2021_05_21_10_58_38_chunk2.json | outputs/2021ABI/output_2021_05_21_ABI_S8/botB3_2021_05_21_10_58_38_chunk3.json | outputs/2021ABI/output_2021_05_21_ABI_S8/botB3_2021_05_21_10_58_38_chunk4.json | outputs/2021ABI/output_2021_05_21_ABI_S8/botB3_2021_05_21_10_58_38_chunk5.json | outputs/2021ABI/output_2021_05_21_ABI_S8/botB3_2021_05_21_10_58_38_chunk6.json | outputs/2021ABI/output_2021_05_21_ABI_S8/botB3_2021_05_21_10_58_38_chunk7.json | outputs/2021ABI/output_2021_05_21_ABI_S8/botB3_2021_05_21_10_58_38_chunk8.json,33,8
maryellen giger,output,2021ABI,Maryellen Giger,outputs/2021ABI/output_2021_05_20_ABI_S4/bot2p1_Zoom_Meeting_2021_05_20_12_35_31.json | outputs/2021ABI/output_2021_05_20_ABI_S4/bot2p2_Zoom_Meeting_2021_05_20_12_37_07_chunk1.json | outputs/2021ABI/output_2021_05_20_ABI_S4/bot2p2_Zoom_Meeting_2021_05_20_12_37_07_chunk2.json | outputs/2021ABI/output_2021_05_20_ABI_S4/bot2p2_Zoom_Meeting_2021_05_20_12_37_07_chunk3.json | outputs/2021ABI/output_2021_05_20_ABI_S4/bot2p2_Zoom_Meeting_2021_05_20_12_37_07_chunk4.json | outputs/2021ABI/output_2021_05_20_ABI_S4/bot2p2_Zoom_Meeting_2021_05_20_12_37_07_chunk5.json | outputs/2021ABI/output_2021_05_20_ABI_S4/bot2p2_Zoom_Meeting_2021_05_20_12_37_07_chunk6.json | outputs/2021ABI/output_2021_05_20_ABI_S4/bot2p2_Zoom_Meeting_2021_05_20_12_37_07_chunk7.json | outputs/2021ABI/output_2021_05_21_ABI_S10/bot2p1_Zoom_Meeting_Room_2_2021_05_21_13_10_10.json | outputs/2021ABI/output_2021_05_21_ABI_S10/bot2p2_Zoom_Meeting_Room_2_2021_05_21_13_10_25_chunk1.json | outputs/2021ABI/output_2021_05_21_ABI_S10/bot2p2_Zoom_Meeting_Room_2_2021_05_21_13_10_25_chunk2.json | outputs/2021ABI/output_2021_05_21_ABI_S10/bot2p2_Zoom_Meeting_Room_2_2021_05_21_13_10_25_chunk3.json | outputs/2021ABI/output_2021_05_21_ABI_S10/bot2p2_Zoom_Meeting_Room_2_2021_05_21_13_10_25_chunk4.json | outputs/2021ABI/output_2021_05_21_ABI_S10/bot2p2_Zoom_Meeting_Room_2_2021_05_21_13_10_25_chunk5.json | outputs/2021ABI/output_2021_05_21_ABI_S10/bot2p2_Zoom_Meeting_Room_2_2021_05_21_13_10_25_chunk6.json | outputs/2021ABI/output_2021_05_21_ABI_S10/bot2p2_Zoom_Meeting_Room_2_2021_05_21_13_10_25_chunk7.json | outputs/2021ABI/output_2021_05_21_ABI_S5/bot5p1_Zoom_Meeting_5_21_2021_10_58_04_AM.json | outputs/2021ABI/output_2021_05_21_ABI_S5/bot5p2_Zoom_Meeting_5_21_2021_10_58_51_AM.json | outputs/2021ABI/output_2021_05_21_ABI_S5/bot5p3_Room_5_Zoom_Meeting_5_21_2021_10_59_19_AM_chunk1.json | outputs/2021ABI/output_2021_05_21_ABI_S5/bot5p3_Room_5_Zoom_Meeting_5_21_2021_10_59_19_AM_chunk2.json | outputs/2021ABI/output_2021_05_21_ABI_S5/bot5p3_Room_5_Zoom_Meeting_5_21_2021_10_59_19_AM_chunk3.json | outputs/2021ABI/output_2021_05_21_ABI_S5/bot5p3_Room_5_Zoom_Meeting_5_21_2021_10_59_19_AM_chunk4.json | outputs/2021ABI/output_2021_05_21_ABI_S5/bot5p3_Room_5_Zoom_Meeting_5_21_2021_10_59_19_AM_chunk5.json | outputs/2021ABI/output_2021_05_21_ABI_S5/bot5p3_Room_5_Zoom_Meeting_5_21_2021_10_59_19_AM_chunk6.json | outputs/2021ABI/output_2021_05_21_ABI_S5/bot5p3_Room_5_Zoom_Meeting_5_21_2021_10_59_19_AM_chunk7.json | outputs/2021ABI/output_2021_05_21_ABI_S5/bot5p3_Room_5_Zoom_Meeting_5_21_2021_10_59_19_AM_chunk8.json,253,26
matt,output,2021ABI,Matt,outputs/2021ABI/output_2021_05_21_ABI_S2/bot1_2021_05_21_10_57_19_chunk2.json | outputs/2021ABI/output_2021_05_21_ABI_S2/bot1_2021_05_21_10_57_19_chunk3.json | outputs/2021ABI/output_2021_05_21_ABI_S2/bot1_2021_05_21_10_57_19_chunk4.json | outputs/2021ABI/output_2021_05_21_ABI_S2/bot1_2021_05_21_10_57_19_chunk5.json | outputs/2021ABI/output_2021_05_21_ABI_S2/bot1_2021_05_21_10_57_19_chunk6.json | outputs/2021ABI/output_2021_05_21_ABI_S2/bot1_2021_05_21_10_57_19_chunk7.json | outputs/2021ABI/output_2021_05_21_ABI_S2/bot1_2021_05_21_10_57_19_chunk8.json | outputs/2021ABI/output_2021_05_21_ABI_S9/bot1_2021_05_21_13_08_36_chunk1.json | outputs/2021ABI/output_2021_05_21_ABI_S9/bot1_2021_05_21_13_08_36_chunk2.json | outputs/2021ABI/output_2021_05_21_ABI_S9/bot1_2021_05_21_13_08_36_chunk3.json | outputs/2021ABI/output_2021_05_21_ABI_S9/bot1_2021_05_21_13_08_36_chunk4.json | outputs/2021ABI/output_2021_05_21_ABI_S9/bot1_2021_05_21_13_08_36_chunk5.json | outputs/2021ABI/output_2021_05_21_ABI_S9/bot1_2021_05_21_13_08_36_chunk6.json | outputs/2021ABI/output_2021_05_21_ABI_S9/bot1_2021_05_21_13_08_36_chunk7.json,53,14
matt begley,output,2021ABI,Matt Begley,outputs/2021ABI/output_2021_05_20_ABI_S6/bot4_Breakout_Room_4_2021_05_20_12_33_49_chunk1.json | outputs/2021ABI/output_2021_05_20_ABI_S6/bot4_Breakout_Room_4_2021_05_20_12_33_49_chunk2.json | outputs/2021ABI/output_2021_05_20_ABI_S6/bot4_Breakout_Room_4_2021_05_20_12_33_49_chunk3.json | outputs/2021ABI/output_2021_05_20_ABI_S6/bot4_Breakout_Room_4_2021_05_20_12_33_49_chunk4.json | outputs/2021ABI/output_2021_05_20_ABI_S6/bot4_Breakout_Room_4_2021_05_20_12_33_49_chunk5.json | outputs/2021ABI/output_2021_05_20_ABI_S6/bot4_Breakout_Room_4_2021_05_20_12_33_49_chunk6.json | outputs/2021ABI/output_2021_05_20_ABI_S6/bot4_Breakout_Room_4_2021_05_20_12_33_49_chunk7.json | outputs/2021ABI/output_2021_05_20_ABI_S6/bot4_Breakout_Room_4_2021_05_20_12_33_49_chunk8.json,42,8
matt bogyo,output,2021ABI,Matt Bogyo,outputs/2021ABI/output_2021_05_21_ABI_S14/botB1_2021_05_21_13_09_38_chunk1.json | outputs/2021ABI/output_2021_05_21_ABI_S14/botB1_2021_05_21_13_09_38_chunk2.json | outputs/2021ABI/output_2021_05_21_ABI_S14/botB1_2021_05_21_13_09_38_chunk3.json | outputs/2021ABI/output_2021_05_21_ABI_S14/botB1_2021_05_21_13_09_38_chunk4.json | outputs/2021ABI/output_2021_05_21_ABI_S14/botB1_2021_05_21_13_09_38_chunk5.json | outputs/2021ABI/output_2021_05_21_ABI_S14/botB1_2021_05_21_13_09_38_chunk6.json | outputs/2021ABI/output_2021_05_21_ABI_S14/botB1_2021_05_21_13_09_38_chunk7.json | outputs/2021ABI/output_2021_05_21_ABI_S6/bot6p1_Zoom_Meeting_Room_6_2021_05_21_10_58_23.json | outputs/2021ABI/output_2021_05_21_ABI_S6/bot6p2_Zoom_Meeting_Room_6_2021_05_21_10_59_29.json | outputs/2021ABI/output_2021_05_21_ABI_S6/bot6p3_Zoom_Meeting_Room_6_2021_05_21_10_59_51_chunk1.json | outputs/2021ABI/output_2021_05_21_ABI_S6/bot6p3_Zoom_Meeting_Room_6_2021_05_21_10_59_51_chunk2.json | outputs/2021ABI/output_2021_05_21_ABI_S6/bot6p3_Zoom_Meeting_Room_6_2021_05_21_10_59_51_chunk3.json | outputs/2021ABI/output_2021_05_21_ABI_S6/bot6p3_Zoom_Meeting_Room_6_2021_05_21_10_59_51_chunk4.json | outputs/2021ABI/output_2021_05_21_ABI_S6/bot6p3_Zoom_Meeting_Room_6_2021_05_21_10_59_51_chunk5.json | outputs/2021ABI/output_2021_05_21_ABI_S6/bot6p3_Zoom_Meeting_Room_6_2021_05_21_10_59_51_chunk6.json | outputs/2021ABI/output_2021_05_21_ABI_S6/bot6p3_Zoom_Meeting_Room_6_2021_05_21_10_59_51_chunk7.json | outputs/2021ABI/output_2021_05_21_ABI_S6/bot6p3_Zoom_Meeting_Room_6_2021_05_21_10_59_51_chunk8.json,76,17
matt lew,output,2021ABI,Matt Lew,outputs/2021ABI/output_2021_05_20_ABI_S3/bot1_2021_05_20_12_35_38_chunk1.json | outputs/2021ABI/output_2021_05_20_ABI_S3/bot1_2021_05_20_12_35_38_chunk2.json | outputs/2021ABI/output_2021_05_20_ABI_S3/bot1_2021_05_20_12_35_38_chunk3.json | outputs/2021ABI/output_2021_05_20_ABI_S3/bot1_2021_05_20_12_35_38_chunk4.json | outputs/2021ABI/output_2021_05_20_ABI_S3/bot1_2021_05_20_12_35_38_chunk5.json | outputs/2021ABI/output_2021_05_20_ABI_S3/bot1_2021_05_20_12_35_38_chunk6.json | outputs/2021ABI/output_2021_05_20_ABI_S3/bot1_2021_05_20_12_35_38_chunk7.json | outputs/2021ABI/output_2021_05_20_ABI_S3/bot1_2021_05_20_12_35_38_chunk8.json | outputs/2021ABI/output_2021_05_20_ABI_S7/botB1_2021_05_20_12_34_57_chunk1.json | outputs/2021ABI/output_2021_05_20_ABI_S7/botB1_2021_05_20_12_34_57_chunk2.json | outputs/2021ABI/output_2021_05_20_ABI_S7/botB1_2021_05_20_12_34_57_chunk3.json | outputs/2021ABI/output_2021_05_20_ABI_S7/botB1_2021_05_20_12_34_57_chunk4.json | outputs/2021ABI/output_2021_05_20_ABI_S7/botB1_2021_05_20_12_34_57_chunk5.json | outputs/2021ABI/output_2021_05_20_ABI_S7/botB1_2021_05_20_12_34_57_chunk6.json | outputs/2021ABI/output_2021_05_20_ABI_S7/botB1_2021_05_20_12_34_57_chunk7.json | outputs/2021ABI/output_2021_05_20_ABI_S7/botB1_2021_05_20_12_34_57_chunk8.json | outputs/2021ABI/output_2021_05_21_ABI_S10/bot2p1_Zoom_Meeting_Room_2_2021_05_21_13_10_10.json | outputs/2021ABI/output_2021_05_21_ABI_S10/bot2p2_Zoom_Meeting_Room_2_2021_05_21_13_10_25_chunk1.json | outputs/2021ABI/output_2021_05_21_ABI_S10/bot2p2_Zoom_Meeting_Room_2_2021_05_21_13_10_25_chunk2.json | outputs/2021ABI/output_2021_05_21_ABI_S10/bot2p2_Zoom_Meeting_Room_2_2021_05_21_13_10_25_chunk3.json | outputs/2021ABI/output_2021_05_21_ABI_S10/bot2p2_Zoom_Meeting_Room_2_2021_05_21_13_10_25_chunk4.json | outputs/2021ABI/output_2021_05_21_ABI_S10/bot2p2_Zoom_Meeting_Room_2_2021_05_21_13_10_25_chunk5.json | outputs/2021ABI/output_2021_05_21_ABI_S10/bot2p2_Zoom_Meeting_Room_2_2021_05_21_13_10_25_chunk6.json | outputs/2021ABI/output_2021_05_21_ABI_S10/bot2p2_Zoom_Meeting_Room_2_2021_05_21_13_10_25_chunk7.json | outputs/2021ABI/output_2021_05_21_ABI_S6/bot6p1_Zoom_Meeting_Room_6_2021_05_21_10_58_23.json | outputs/2021ABI/output_2021_05_21_ABI_S6/bot6p2_Zoom_Meeting_Room_6_2021_05_21_10_59_29.json | outputs/2021ABI/output_2021_05_21_ABI_S6/bot6p3_Zoom_Meeting_Room_6_2021_05_21_10_59_51_chunk1.json | outputs/2021ABI/output_2021_05_21_ABI_S6/bot6p3_Zoom_Meeting_Room_6_2021_05_21_10_59_51_chunk2.json | outputs/2021ABI/output_2021_05_21_ABI_S6/bot6p3_Zoom_Meeting_Room_6_2021_05_21_10_59_51_chunk3.json | outputs/2021ABI/output_2021_05_21_ABI_S6/bot6p3_Zoom_Meeting_Room_6_2021_05_21_10_59_51_chunk4.json | outputs/2021ABI/output_2021_05_21_ABI_S6/bot6p3_Zoom_Meeting_Room_6_2021_05_21_10_59_51_chunk5.json | outputs/2021ABI/output_2021_05_21_ABI_S6/bot6p3_Zoom_Meeting_Room_6_2021_05_21_10_59_51_chunk6.json | outputs/2021ABI/output_2021_05_21_ABI_S6/bot6p3_Zoom_Meeting_Room_6_2021_05_21_10_59_51_chunk7.json | outputs/2021ABI/output_2021_05_21_ABI_S6/bot6p3_Zoom_Meeting_Room_6_2021_05_21_10_59_51_chunk8.json,92,34
matt lovett barron,output,2021ABI,Matt Lovett-Barron,outputs/2021ABI/output_2021_05_21_ABI_S10/bot2p1_Zoom_Meeting_Room_2_2021_05_21_13_10_10.json | outputs/2021ABI/output_2021_05_21_ABI_S10/bot2p2_Zoom_Meeting_Room_2_2021_05_21_13_10_25_chunk1.json | outputs/2021ABI/output_2021_05_21_ABI_S10/bot2p2_Zoom_Meeting_Room_2_2021_05_21_13_10_25_chunk2.json | outputs/2021ABI/output_2021_05_21_ABI_S10/bot2p2_Zoom_Meeting_Room_2_2021_05_21_13_10_25_chunk3.json | outputs/2021ABI/output_2021_05_21_ABI_S10/bot2p2_Zoom_Meeting_Room_2_2021_05_21_13_10_25_chunk4.json | outputs/2021ABI/output_2021_05_21_ABI_S10/bot2p2_Zoom_Meeting_Room_2_2021_05_21_13_10_25_chunk5.json | outputs/2021ABI/output_2021_05_21_ABI_S10/bot2p2_Zoom_Meeting_Room_2_2021_05_21_13_10_25_chunk6.json | outputs/2021ABI/output_2021_05_21_ABI_S10/bot2p2_Zoom_Meeting_Room_2_2021_05_21_13_10_25_chunk7.json | outputs/2021ABI/output_2021_05_21_ABI_S7/botB1_2021_05_21_10_58_58_chunk2.json | outputs/2021ABI/output_2021_05_21_ABI_S7/botB1_2021_05_21_10_58_58_chunk3.json | outputs/2021ABI/output_2021_05_21_ABI_S7/botB1_2021_05_21_10_58_58_chunk4.json | outputs/2021ABI/output_2021_05_21_ABI_S7/botB1_2021_05_21_10_58_58_chunk5.json | outputs/2021ABI/output_2021_05_21_ABI_S7/botB1_2021_05_21_10_58_58_chunk6.json | outputs/2021ABI/output_2021_05_21_ABI_S7/botB1_2021_05_21_10_58_58_chunk7.json | outputs/2021ABI/output_2021_05_21_ABI_S7/botB1_2021_05_21_10_58_58_chunk8.json,52,15
melike lakadamyali,output,2021ABI,Melike Lakadamyali,outputs/2021ABI/output_2021_05_20_ABI_S1/Bot_5_Room_5_Zoom_Meeting_5_20_2021_12_34_08_PM.json | outputs/2021ABI/output_2021_05_20_ABI_S1/Bot_5_Zoom_Meeting_5_20_2021_12_37_09_PM.json | outputs/2021ABI/output_2021_05_20_ABI_S1/Bot_5_Zoom_Meeting_5_20_2021_12_37_42_PM_chunk1.json | outputs/2021ABI/output_2021_05_20_ABI_S1/Bot_5_Zoom_Meeting_5_20_2021_12_37_42_PM_chunk2.json | outputs/2021ABI/output_2021_05_20_ABI_S1/Bot_5_Zoom_Meeting_5_20_2021_12_37_42_PM_chunk3.json | outputs/2021ABI/output_2021_05_20_ABI_S1/Bot_5_Zoom_Meeting_5_20_2021_12_37_42_PM_chunk4.json | outputs/2021ABI/output_2021_05_20_ABI_S1/Bot_5_Zoom_Meeting_5_20_2021_12_37_42_PM_chunk5.json | outputs/2021ABI/output_2021_05_20_ABI_S1/Bot_5_Zoom_Meeting_5_20_2021_12_37_42_PM_chunk6.json | outputs/2021ABI/output_2021_05_20_ABI_S1/Bot_5_Zoom_Meeting_5_20_2021_12_37_42_PM_chunk7.json | outputs/2021ABI/output_2021_05_21_ABI_S13/bot6p1_Zoom_Meeting_Room_6_2021_05_21_13_09_02.json | outputs/2021ABI/output_2021_05_21_ABI_S13/bot6p2_Zoom_Meeting_Room_6_2021_05_21_13_12_04.json | outputs/2021ABI/output_2021_05_21_ABI_S13/bot6p3_Zoom_Meeting_Room_6_2021_05_21_13_12_29_chunk1.json | outputs/2021ABI/output_2021_05_21_ABI_S13/bot6p3_Zoom_Meeting_Room_6_2021_05_21_13_12_29_chunk2.json | outputs/2021ABI/output_2021_05_21_ABI_S13/bot6p3_Zoom_Meeting_Room_6_2021_05_21_13_12_29_chunk3.json | outputs/2021ABI/output_2021_05_21_ABI_S13/bot6p3_Zoom_Meeting_Room_6_2021_05_21_13_12_29_chunk4.json | outputs/2021ABI/output_2021_05_21_ABI_S13/bot6p3_Zoom_Meeting_Room_6_2021_05_21_13_12_29_chunk5.json | outputs/2021ABI/output_2021_05_21_ABI_S13/bot6p3_Zoom_Meeting_Room_6_2021_05_21_13_12_29_chunk6.json | outputs/2021ABI/output_2021_05_21_ABI_S13/bot6p3_Zoom_Meeting_Room_6_2021_05_21_13_12_29_chunk7.json | outputs/2021ABI/output_2021_05_21_ABI_S7/botB1_2021_05_21_10_58_58_chunk1.json | outputs/2021ABI/output_2021_05_21_ABI_S7/botB1_2021_05_21_10_58_58_chunk2.json | outputs/2021ABI/output_2021_05_21_ABI_S7/botB1_2021_05_21_10_58_58_chunk3.json | outputs/2021ABI/output_2021_05_21_ABI_S7/botB1_2021_05_21_10_58_58_chunk4.json | outputs/2021ABI/output_2021_05_21_ABI_S7/botB1_2021_05_21_10_58_58_chunk5.json | outputs/2021ABI/output_2021_05_21_ABI_S7/botB1_2021_05_21_10_58_58_chunk6.json | outputs/2021ABI/output_2021_05_21_ABI_S7/botB1_2021_05_21_10_58_58_chunk7.json | outputs/2021ABI/output_2021_05_21_ABI_S7/botB1_2021_05_21_10_58_58_chunk8.json,72,26
mimi,output,2021ABI,Mimi,outputs/2021ABI/output_2021_05_21_ABI_S2/bot1_2021_05_21_10_57_19_chunk2.json | outputs/2021ABI/output_2021_05_21_ABI_S2/bot1_2021_05_21_10_57_19_chunk3.json | outputs/2021ABI/output_2021_05_21_ABI_S2/bot1_2021_05_21_10_57_19_chunk4.json | outputs/2021ABI/output_2021_05_21_ABI_S2/bot1_2021_05_21_10_57_19_chunk5.json | outputs/2021ABI/output_2021_05_21_ABI_S2/bot1_2021_05_21_10_57_19_chunk6.json | outputs/2021ABI/output_2021_05_21_ABI_S2/bot1_2021_05_21_10_57_19_chunk7.json | outputs/2021ABI/output_2021_05_21_ABI_S2/bot1_2021_05_21_10_57_19_chunk8.json,13,7
mini,output,2021ABI,Mini,outputs/2021ABI/output_2021_05_20_ABI_S8/botB2_2021_05_20_12_34_37_chunk2.json | outputs/2021ABI/output_2021_05_20_ABI_S8/botB2_2021_05_20_12_34_37_chunk3.json | outputs/2021ABI/output_2021_05_20_ABI_S8/botB2_2021_05_20_12_34_37_chunk4.json | outputs/2021ABI/output_2021_05_20_ABI_S8/botB2_2021_05_20_12_34_37_chunk5.json | outputs/2021ABI/output_2021_05_20_ABI_S8/botB2_2021_05_20_12_34_37_chunk6.json | outputs/2021ABI/output_2021_05_20_ABI_S8/botB2_2021_05_20_12_34_37_chunk7.json | outputs/2021ABI/output_2021_05_20_ABI_S8/botB2_2021_05_20_12_34_37_chunk8.json,17,7
nick,output,2021ABI,Nick,outputs/2021ABI/output_2021_05_21_ABI_S2/bot1_2021_05_21_10_57_19_chunk1.json | outputs/2021ABI/output_2021_05_21_ABI_S2/bot1_2021_05_21_10_57_19_chunk2.json | outputs/2021ABI/output_2021_05_21_ABI_S2/bot1_2021_05_21_10_57_19_chunk3.json | outputs/2021ABI/output_2021_05_21_ABI_S2/bot1_2021_05_21_10_57_19_chunk4.json | outputs/2021ABI/output_2021_05_21_ABI_S2/bot1_2021_05_21_10_57_19_chunk5.json | outputs/2021ABI/output_2021_05_21_ABI_S2/bot1_2021_05_21_10_57_19_chunk6.json | outputs/2021ABI/output_2021_05_21_ABI_S2/bot1_2021_05_21_10_57_19_chunk7.json | outputs/2021ABI/output_2021_05_21_ABI_S2/bot1_2021_05_21_10_57_19_chunk8.json,22,8
nina cardoza,output,2021ABI,Nina Cardoza,outputs/2021ABI/output_2021_05_21_ABI_S1/Bot_4_Breakout_Session_2_2021_05_21_10_57_08.json | outputs/2021ABI/output_2021_05_21_ABI_S1/Bot_4_Breakout_Session_2_2021_05_21_10_58_43_chunk1.json | outputs/2021ABI/output_2021_05_21_ABI_S1/Bot_4_Breakout_Session_2_2021_05_21_10_58_43_chunk2.json | outputs/2021ABI/output_2021_05_21_ABI_S1/Bot_4_Breakout_Session_2_2021_05_21_10_58_43_chunk3.json | outputs/2021ABI/output_2021_05_21_ABI_S1/Bot_4_Breakout_Session_2_2021_05_21_10_58_43_chunk4.json | outputs/2021ABI/output_2021_05_21_ABI_S1/Bot_4_Breakout_Session_2_2021_05_21_10_58_43_chunk5.json | outputs/2021ABI/output_2021_05_21_ABI_S1/Bot_4_Breakout_Session_2_2021_05_21_10_58_43_chunk6.json | outputs/2021ABI/output_2021_05_21_ABI_S1/Bot_4_Breakout_Session_2_2021_05_21_10_58_43_chunk7.json | outputs/2021ABI/output_2021_05_21_ABI_S1/Bot_4_Breakout_Session_2_2021_05_21_10_58_43_chunk8.json,11,9
other,output,2021ABI,Other,outputs/2021ABI/output_2021_05_20_ABI_S8/botB2_2021_05_20_12_34_37_chunk1.json | outputs/2021ABI/output_2021_05_20_ABI_S8/botB2_2021_05_20_12_34_37_chunk2.json | outputs/2021ABI/output_2021_05_20_ABI_S8/botB2_2021_05_20_12_34_37_chunk3.json | outputs/2021ABI/output_2021_05_20_ABI_S8/botB2_2021_05_20_12_34_37_chunk4.json | outputs/2021ABI/output_2021_05_20_ABI_S8/botB2_2021_05_20_12_34_37_chunk5.json | outputs/2021ABI/output_2021_05_20_ABI_S8/botB2_2021_05_20_12_34_37_chunk6.json | outputs/2021ABI/output_2021_05_20_ABI_S8/botB2_2021_05_20_12_34_37_chunk7.json | outputs/2021ABI/output_2021_05_20_ABI_S8/botB2_2021_05_20_12_34_37_chunk8.json,15,8
richard,output,2021ABI,Richard,outputs/2021ABI/output_2021_05_21_ABI_S2/bot1_2021_05_21_10_57_19_chunk8.json,4,1
safwan,output,2021ABI,Safwan,outputs/2021ABI/output_2021_05_20_ABI_S8/botB2_2021_05_20_12_34_37_chunk2.json | outputs/2021ABI/output_2021_05_20_ABI_S8/botB2_2021_05_20_12_34_37_chunk3.json | outputs/2021ABI/output_2021_05_20_ABI_S8/botB2_2021_05_20_12_34_37_chunk4.json | outputs/2021ABI/output_2021_05_20_ABI_S8/botB2_2021_05_20_12_34_37_chunk5.json | outputs/2021ABI/output_2021_05_20_ABI_S8/botB2_2021_05_20_12_34_37_chunk6.json | outputs/2021ABI/output_2021_05_20_ABI_S8/botB2_2021_05_20_12_34_37_chunk7.json | outputs/2021ABI/output_2021_05_20_ABI_S8/botB2_2021_05_20_12_34_37_chunk8.json,13,7
samuel achilefu,output,2021ABI,Samuel Achilefu,outputs/2021ABI/output_2021_05_20_ABI_S1/Bot_5_Room_5_Zoom_Meeting_5_20_2021_12_34_08_PM.json | outputs/2021ABI/output_2021_05_20_ABI_S1/Bot_5_Zoom_Meeting_5_20_2021_12_37_09_PM.json | outputs/2021ABI/output_2021_05_20_ABI_S1/Bot_5_Zoom_Meeting_5_20_2021_12_37_42_PM_chunk2.json | outputs/2021ABI/output_2021_05_20_ABI_S1/Bot_5_Zoom_Meeting_5_20_2021_12_37_42_PM_chunk3.json | outputs/2021ABI/output_2021_05_20_ABI_S1/Bot_5_Zoom_Meeting_5_20_2021_12_37_42_PM_chunk4.json | outputs/2021ABI/output_2021_05_20_ABI_S1/Bot_5_Zoom_Meeting_5_20_2021_12_37_42_PM_chunk5.json | outputs/2021ABI/output_2021_05_20_ABI_S1/Bot_5_Zoom_Meeting_5_20_2021_12_37_42_PM_chunk6.json | outputs/2021ABI/output_2021_05_20_ABI_S1/Bot_5_Zoom_Meeting_5_20_2021_12_37_42_PM_chunk7.json | outputs/2021ABI/output_2021_05_21_ABI_S13/bot6p1_Zoom_Meeting_Room_6_2021_05_21_13_09_02.json | outputs/2021ABI/output_2021_05_21_ABI_S13/bot6p2_Zoom_Meeting_Room_6_2021_05_21_13_12_04.json | outputs/2021ABI/output_2021_05_21_ABI_S13/bot6p3_Zoom_Meeting_Room_6_2021_05_21_13_12_29_chunk1.json | outputs/2021ABI/output_2021_05_21_ABI_S13/bot6p3_Zoom_Meeting_Room_6_2021_05_21_13_12_29_chunk2.json | outputs/2021ABI/output_2021_05_21_ABI_S13/bot6p3_Zoom_Meeting_Room_6_2021_05_21_13_12_29_chunk3.json | outputs/2021ABI/output_2021_05_21_ABI_S13/bot6p3_Zoom_Meeting_Room_6_2021_05_21_13_12_29_chunk4.json | outputs/2021ABI/output_2021_05_21_ABI_S13/bot6p3_Zoom_Meeting_Room_6_2021_05_21_13_12_29_chunk5.json | outputs/2021ABI/output_2021_05_21_ABI_S13/bot6p3_Zoom_Meeting_Room_6_2021_05_21_13_12_29_chunk6.json | outputs/2021ABI/output_2021_05_21_ABI_S13/bot6p3_Zoom_Meeting_Room_6_2021_05_21_13_12_29_chunk7.json | outputs/2021ABI/output_2021_05_21_ABI_S5/bot5p1_Zoom_Meeting_5_21_2021_10_58_04_AM.json | outputs/2021ABI/output_2021_05_21_ABI_S5/bot5p2_Zoom_Meeting_5_21_2021_10_58_51_AM.json | outputs/2021ABI/output_2021_05_21_ABI_S5/bot5p3_Room_5_Zoom_Meeting_5_21_2021_10_59_19_AM_chunk7.json | outputs/2021ABI/output_2021_05_21_ABI_S5/bot5p3_Room_5_Zoom_Meeting_5_21_2021_10_59_19_AM_chunk8.json | outputs/2021ABI/output_2021_05_21_ABI_S8/botB3_2021_05_21_10_58_38_chunk8.json,70,22
seo sim,output,2021ABI,Seo Sim,outputs/2021ABI/output_2021_05_21_ABI_S1/Bot_4_Breakout_Session_2_2021_05_21_10_57_08.json | outputs/2021ABI/output_2021_05_21_ABI_S1/Bot_4_Breakout_Session_2_2021_05_21_10_58_43_chunk1.json | outputs/2021ABI/output_2021_05_21_ABI_S1/Bot_4_Breakout_Session_2_2021_05_21_10_58_43_chunk2.json | outputs/2021ABI/output_2021_05_21_ABI_S1/Bot_4_Breakout_Session_2_2021_05_21_10_58_43_chunk3.json | outputs/2021ABI/output_2021_05_21_ABI_S1/Bot_4_Breakout_Session_2_2021_05_21_10_58_43_chunk4.json | outputs/2021ABI/output_2021_05_21_ABI_S1/Bot_4_Breakout_Session_2_2021_05_21_10_58_43_chunk5.json | outputs/2021ABI/output_2021_05_21_ABI_S1/Bot_4_Breakout_Session_2_2021_05_21_10_58_43_chunk6.json | outputs/2021ABI/output_2021_05_21_ABI_S1/Bot_4_Breakout_Session_2_2021_05_21_10_58_43_chunk7.json | outputs/2021ABI/output_2021_05_21_ABI_S1/Bot_4_Breakout_Session_2_2021_05_21_10_58_43_chunk8.json,18,9
seu sim,output,2021ABI,Seu Sim,outputs/2021ABI/output_2021_05_20_ABI_S1/Bot_5_Room_5_Zoom_Meeting_5_20_2021_12_34_08_PM.json | outputs/2021ABI/output_2021_05_20_ABI_S1/Bot_5_Zoom_Meeting_5_20_2021_12_37_09_PM.json | outputs/2021ABI/output_2021_05_20_ABI_S1/Bot_5_Zoom_Meeting_5_20_2021_12_37_42_PM_chunk2.json | outputs/2021ABI/output_2021_05_20_ABI_S1/Bot_5_Zoom_Meeting_5_20_2021_12_37_42_PM_chunk3.json | outputs/2021ABI/output_2021_05_20_ABI_S1/Bot_5_Zoom_Meeting_5_20_2021_12_37_42_PM_chunk4.json | outputs/2021ABI/output_2021_05_20_ABI_S1/Bot_5_Zoom_Meeting_5_20_2021_12_37_42_PM_chunk5.json | outputs/2021ABI/output_2021_05_20_ABI_S1/Bot_5_Zoom_Meeting_5_20_2021_12_37_42_PM_chunk6.json | outputs/2021ABI/output_2021_05_20_ABI_S1/Bot_5_Zoom_Meeting_5_20_2021_12_37_42_PM_chunk7.json | outputs/2021ABI/output_2021_05_21_ABI_S14/botB1_2021_05_21_13_09_38_chunk1.json | outputs/2021ABI/output_2021_05_21_ABI_S14/botB1_2021_05_21_13_09_38_chunk2.json | outputs/2021ABI/output_2021_05_21_ABI_S14/botB1_2021_05_21_13_09_38_chunk3.json | outputs/2021ABI/output_2021_05_21_ABI_S14/botB1_2021_05_21_13_09_38_chunk4.json | outputs/2021ABI/output_2021_05_21_ABI_S14/botB1_2021_05_21_13_09_38_chunk5.json | outputs/2021ABI/output_2021_05_21_ABI_S14/botB1_2021_05_21_13_09_38_chunk6.json | outputs/2021ABI/output_2021_05_21_ABI_S14/botB1_2021_05_21_13_09_38_chunk7.json,27,15
seunghyun sim,truth,2021ABI,Seunghyun Sim,analysis_v1/data/2021ABI/2021ABI_outcome.json,1,1
shannon quine,output,2021ABI,Shannon Quine,outputs/2021ABI/output_2021_05_21_ABI_S1/Bot_4_Breakout_Session_2_2021_05_21_10_57_08.json | outputs/2021ABI/output_2021_05_21_ABI_S1/Bot_4_Breakout_Session_2_2021_05_21_10_58_43_chunk1.json | outputs/2021ABI/output_2021_05_21_ABI_S1/Bot_4_Breakout_Session_2_2021_05_21_10_58_43_chunk2.json | outputs/2021ABI/output_2021_05_21_ABI_S1/Bot_4_Breakout_Session_2_2021_05_21_10_58_43_chunk3.json | outputs/2021ABI/output_2021_05_21_ABI_S1/Bot_4_Breakout_Session_2_2021_05_21_10_58_43_chunk4.json | outputs/2021ABI/output_2021_05_21_ABI_S1/Bot_4_Breakout_Session_2_2021_05_21_10_58_43_chunk5.json | outputs/2021ABI/output_2021_05_21_ABI_S1/Bot_4_Breakout_Session_2_2021_05_21_10_58_43_chunk6.json | outputs/2021ABI/output_2021_05_21_ABI_S1/Bot_4_Breakout_Session_2_2021_05_21_10_58_43_chunk7.json | outputs/2021ABI/output_2021_05_21_ABI_S1/Bot_4_Breakout_Session_2_2021_05_21_10_58_43_chunk8.json,27,9
shiva abbasi,output,2021ABI,Shiva Abbasi,outputs/2021ABI/output_2021_05_20_ABI_S7/botB1_2021_05_20_12_34_57_chunk8.json,3,1
shiva abbaszadeh,output,2021ABI,Shiva Abbaszadeh,outputs/2021ABI/output_2021_05_20_ABI_S4/bot2p1_Zoom_Meeting_2021_05_20_12_35_31.json | outputs/2021ABI/output_2021_05_20_ABI_S4/bot2p2_Zoom_Meeting_2021_05_20_12_37_07_chunk1.json | outputs/2021ABI/output_2021_05_20_ABI_S4/bot2p2_Zoom_Meeting_2021_05_20_12_37_07_chunk2.json | outputs/2021ABI/output_2021_05_20_ABI_S4/bot2p2_Zoom_Meeting_2021_05_20_12_37_07_chunk3.json | outputs/2021ABI/output_2021_05_20_ABI_S4/bot2p2_Zoom_Meeting_2021_05_20_12_37_07_chunk4.json | outputs/2021ABI/output_2021_05_20_ABI_S4/bot2p2_Zoom_Meeting_2021_05_20_12_37_07_chunk5.json | outputs/2021ABI/output_2021_05_20_ABI_S4/bot2p2_Zoom_Meeting_2021_05_20_12_37_07_chunk6.json | outputs/2021ABI/output_2021_05_20_ABI_S4/bot2p2_Zoom_Meeting_2021_05_20_12_37_07_chunk7.json | outputs/2021ABI/output_2021_05_21_ABI_S12/bot5p1_Zoom_Meeting_5_21_2021_1_08_57_PM.json | outputs/2021ABI/output_2021_05_21_ABI_S12/bot5p2_Room_5_Zoom_Meeting_5_21_2021_1_11_16_PM.json | outputs/2021ABI/output_2021_05_21_ABI_S12/bot5p3_Room_5_Zoom_Meeting_5_21_2021_1_11_42_PM.json | outputs/2021ABI/output_2021_05_21_ABI_S12/bot5p4_Zoom_Meeting_5_21_2021_1_12_46_PM_chunk1.json | outputs/2021ABI/output_2021_05_21_ABI_S12/bot5p4_Zoom_Meeting_5_21_2021_1_12_46_PM_chunk2.json | outputs/2021ABI/output_2021_05_21_ABI_S12/bot5p4_Zoom_Meeting_5_21_2021_1_12_46_PM_chunk3.json | outputs/2021ABI/output_2021_05_21_ABI_S12/bot5p4_Zoom_Meeting_5_21_2021_1_12_46_PM_chunk4.json | outputs/2021ABI/output_2021_05_21_ABI_S12/bot5p4_Zoom_Meeting_5_21_2021_1_12_46_PM_chunk5.json | outputs/2021ABI/output_2021_05_21_ABI_S12/bot5p4_Zoom_Meeting_5_21_2021_1_12_46_PM_chunk6.json | outputs/2021ABI/output_2021_05_21_ABI_S12/bot5p4_Zoom_Meeting_5_21_2021_1_12_46_PM_chunk7.json | outputs/2021ABI/output_2021_05_21_ABI_S5/bot5p1_Zoom_Meeting_5_21_2021_10_58_04_AM.json | outputs/2021ABI/output_2021_05_21_ABI_S5/bot5p2_Zoom_Meeting_5_21_2021_10_58_51_AM.json | outputs/2021ABI/output_2021_05_21_ABI_S5/bot5p3_Room_5_Zoom_Meeting_5_21_2021_10_59_19_AM_chunk1.json | outputs/2021ABI/output_2021_05_21_ABI_S5/bot5p3_Room_5_Zoom_Meeting_5_21_2021_10_59_19_AM_chunk2.json | outputs/2021ABI/output_2021_05_21_ABI_S5/bot5p3_Room_5_Zoom_Meeting_5_21_2021_10_59_19_AM_chunk3.json | outputs/2021ABI/output_2021_05_21_ABI_S5/bot5p3_Room_5_Zoom_Meeting_5_21_2021_10_59_19_AM_chunk4.json | outputs/2021ABI/output_2021_05_21_ABI_S5/bot5p3_Room_5_Zoom_Meeting_5_21_2021_10_59_19_AM_chunk5.json | outputs/2021ABI/output_2021_05_21_ABI_S5/bot5p3_Room_5_Zoom_Meeting_5_21_2021_10_59_19_AM_chunk6.json | outputs/2021ABI/output_2021_05_21_ABI_S5/bot5p3_Room_5_Zoom_Meeting_5_21_2021_10_59_19_AM_chunk7.json | outputs/2021ABI/output_2021_05_21_ABI_S5/bot5p3_Room_5_Zoom_Meeting_5_21_2021_10_59_19_AM_chunk8.json,59,28
shiva abbbaszadeh,truth,2021ABI,Shiva Abbbaszadeh,analysis_v1/data/2021ABI/2021ABI_outcome.json,1,1
sihan you,output,2021ABI,Sihan You,outputs/2021ABI/output_2021_05_20_ABI_S7/botB1_2021_05_20_12_34_57_chunk1.json | outputs/2021ABI/output_2021_05_20_ABI_S7/botB1_2021_05_20_12_34_57_chunk2.json | outputs/2021ABI/output_2021_05_20_ABI_S7/botB1_2021_05_20_12_34_57_chunk3.json | outputs/2021ABI/output_2021_05_20_ABI_S7/botB1_2021_05_20_12_34_57_chunk4.json | outputs/2021ABI/output_2021_05_20_ABI_S7/botB1_2021_05_20_12_34_57_chunk5.json | outputs/2021ABI/output_2021_05_20_ABI_S7/botB1_2021_05_20_12_34_57_chunk6.json | outputs/2021ABI/output_2021_05_20_ABI_S7/botB1_2021_05_20_12_34_57_chunk7.json | outputs/2021ABI/output_2021_05_20_ABI_S7/botB1_2021_05_20_12_34_57_chunk8.json,22,8
sijian you,output,2021ABI,Sijian You,outputs/2021ABI/output_2021_05_20_ABI_S3/bot1_2021_05_20_12_35_38_chunk1.json | outputs/2021ABI/output_2021_05_20_ABI_S3/bot1_2021_05_20_12_35_38_chunk2.json | outputs/2021ABI/output_2021_05_20_ABI_S3/bot1_2021_05_20_12_35_38_chunk3.json | outputs/2021ABI/output_2021_05_20_ABI_S3/bot1_2021_05_20_12_35_38_chunk4.json | outputs/2021ABI/output_2021_05_20_ABI_S3/bot1_2021_05_20_12_35_38_chunk5.json | outputs/2021ABI/output_2021_05_20_ABI_S3/bot1_2021_05_20_12_35_38_chunk6.json | outputs/2021ABI/output_2021_05_20_ABI_S3/bot1_2021_05_20_12_35_38_chunk7.json | outputs/2021ABI/output_2021_05_20_ABI_S3/bot1_2021_05_20_12_35_38_chunk8.json,28,8
silver,output,2021ABI,Silver,outputs/2021ABI/output_2021_05_20_ABI_S8/botB2_2021_05_20_12_34_37_chunk1.json | outputs/2021ABI/output_2021_05_20_ABI_S8/botB2_2021_05_20_12_34_37_chunk2.json | outputs/2021ABI/output_2021_05_20_ABI_S8/botB2_2021_05_20_12_34_37_chunk3.json | outputs/2021ABI/output_2021_05_20_ABI_S8/botB2_2021_05_20_12_34_37_chunk4.json | outputs/2021ABI/output_2021_05_20_ABI_S8/botB2_2021_05_20_12_34_37_chunk5.json | outputs/2021ABI/output_2021_05_20_ABI_S8/botB2_2021_05_20_12_34_37_chunk6.json | outputs/2021ABI/output_2021_05_20_ABI_S8/botB2_2021_05_20_12_34_37_chunk7.json | outputs/2021ABI/output_2021_05_20_ABI_S8/botB2_2021_05_20_12_34_37_chunk8.json,22,8
siu sim,output,2021ABI,Siu Sim,outputs/2021ABI/output_2021_05_21_ABI_S9/bot1_2021_05_21_13_08_36_chunk1.json | outputs/2021ABI/output_2021_05_21_ABI_S9/bot1_2021_05_21_13_08_36_chunk2.json | outputs/2021ABI/output_2021_05_21_ABI_S9/bot1_2021_05_21_13_08_36_chunk3.json | outputs/2021ABI/output_2021_05_21_ABI_S9/bot1_2021_05_21_13_08_36_chunk4.json | outputs/2021ABI/output_2021_05_21_ABI_S9/bot1_2021_05_21_13_08_36_chunk5.json | outputs/2021ABI/output_2021_05_21_ABI_S9/bot1_2021_05_21_13_08_36_chunk6.json | outputs/2021ABI/output_2021_05_21_ABI_S9/bot1_2021_05_21_13_08_36_chunk7.json,18,7
srigokul upadhyayula,truth,2021ABI,Srigokul Upadhyayula,analysis_v1/data/2021ABI/2021ABI_outcome.json,1,1
stavroula hatzios,output,2021ABI,Stavroula Hatzios,outputs/2021ABI/output_2021_05_21_ABI_S16/Breakout_Room_4_Session_3_2021_04_23_13_13_06_chunk1.json | outputs/2021ABI/output_2021_05_21_ABI_S16/Breakout_Room_4_Session_3_2021_04_23_13_13_06_chunk2.json | outputs/2021ABI/output_2021_05_21_ABI_S16/Breakout_Room_4_Session_3_2021_04_23_13_13_06_chunk3.json | outputs/2021ABI/output_2021_05_21_ABI_S16/Breakout_Room_4_Session_3_2021_04_23_13_13_06_chunk4.json | outputs/2021ABI/output_2021_05_21_ABI_S16/Breakout_Room_4_Session_3_2021_04_23_13_13_06_chunk5.json | outputs/2021ABI/output_2021_05_21_ABI_S16/Breakout_Room_4_Session_3_2021_04_23_13_13_06_chunk6.json | outputs/2021ABI/output_2021_05_21_ABI_S16/Breakout_Room_4_Session_3_2021_04_23_13_13_06_chunk7.json,22,7
stefan wilhelm,output,2021ABI,Stefan Wilhelm,outputs/2021ABI/output_2021_05_20_ABI_S3/bot1_2021_05_20_12_35_38_chunk1.json | outputs/2021ABI/output_2021_05_20_ABI_S3/bot1_2021_05_20_12_35_38_chunk2.json | outputs/2021ABI/output_2021_05_20_ABI_S3/bot1_2021_05_20_12_35_38_chunk3.json | outputs/2021ABI/output_2021_05_20_ABI_S3/bot1_2021_05_20_12_35_38_chunk4.json | outputs/2021ABI/output_2021_05_20_ABI_S3/bot1_2021_05_20_12_35_38_chunk5.json | outputs/2021ABI/output_2021_05_20_ABI_S3/bot1_2021_05_20_12_35_38_chunk6.json | outputs/2021ABI/output_2021_05_20_ABI_S3/bot1_2021_05_20_12_35_38_chunk7.json | outputs/2021ABI/output_2021_05_20_ABI_S3/bot1_2021_05_20_12_35_38_chunk8.json | outputs/2021ABI/output_2021_05_20_ABI_S7/botB1_2021_05_20_12_34_57_chunk2.json | outputs/2021ABI/output_2021_05_20_ABI_S7/botB1_2021_05_20_12_34_57_chunk3.json | outputs/2021ABI/output_2021_05_20_ABI_S7/botB1_2021_05_20_12_34_57_chunk4.json | outputs/2021ABI/output_2021_05_20_ABI_S7/botB1_2021_05_20_12_34_57_chunk5.json | outputs/2021ABI/output_2021_05_20_ABI_S7/botB1_2021_05_20_12_34_57_chunk6.json | outputs/2021ABI/output_2021_05_20_ABI_S7/botB1_2021_05_20_12_34_57_chunk7.json | outputs/2021ABI/output_2021_05_20_ABI_S7/botB1_2021_05_20_12_34_57_chunk8.json | outputs/2021ABI/output_2021_05_21_ABI_S3/bot2p1_Zoom_Meeting_2021_05_21_10_57_57.json | outputs/2021ABI/output_2021_05_21_ABI_S3/bot2p2_Zoom_Meeting_2021_05_21_10_58_22.json | outputs/2021ABI/output_2021_05_21_ABI_S3/bot2p3_Zoom_Meeting_Room_2_2021_05_21_10_58_31_chunk2.json | outputs/2021ABI/output_2021_05_21_ABI_S3/bot2p3_Zoom_Meeting_Room_2_2021_05_21_10_58_31_chunk3.json | outputs/2021ABI/output_2021_05_21_ABI_S3/bot2p3_Zoom_Meeting_Room_2_2021_05_21_10_58_31_chunk4.json | outputs/2021ABI/output_2021_05_21_ABI_S3/bot2p3_Zoom_Meeting_Room_2_2021_05_21_10_58_31_chunk5.json | outputs/2021ABI/output_2021_05_21_ABI_S3/bot2p3_Zoom_Meeting_Room_2_2021_05_21_10_58_31_chunk6.json | outputs/2021ABI/output_2021_05_21_ABI_S3/bot2p3_Zoom_Meeting_Room_2_2021_05_21_10_58_31_chunk7.json | outputs/2021ABI/output_2021_05_21_ABI_S3/bot2p3_Zoom_Meeting_Room_2_2021_05_21_10_58_31_chunk8.json,47,24
steve jett,output,2021ABI,Steve Jett,outputs/2021ABI/output_2021_05_20_ABI_S6/bot4_Breakout_Room_4_2021_05_20_12_33_49_chunk1.json | outputs/2021ABI/output_2021_05_20_ABI_S6/bot4_Breakout_Room_4_2021_05_20_12_33_49_chunk2.json | outputs/2021ABI/output_2021_05_20_ABI_S6/bot4_Breakout_Room_4_2021_05_20_12_33_49_chunk3.json | outputs/2021ABI/output_2021_05_20_ABI_S6/bot4_Breakout_Room_4_2021_05_20_12_33_49_chunk4.json | outputs/2021ABI/output_2021_05_20_ABI_S6/bot4_Breakout_Room_4_2021_05_20_12_33_49_chunk5.json | outputs/2021ABI/output_2021_05_20_ABI_S6/bot4_Breakout_Room_4_2021_05_20_12_33_49_chunk6.json | outputs/2021ABI/output_2021_05_20_ABI_S6/bot4_Breakout_Room_4_2021_05_20_12_33_49_chunk7.json | outputs/2021ABI/output_2021_05_20_ABI_S6/bot4_Breakout_Room_4_2021_05_20_12_33_49_chunk8.json | outputs/2021ABI/output_2021_05_21_ABI_S11/bot3p1_Room_3_Zoom_Meeting_2021_05_21_13_10_02.json | outputs/2021ABI/output_2021_05_21_ABI_S11/bot3p2_Room_3_Zoom_Meeting_2021_05_21_13_10_16_chunk1.json | outputs/2021ABI/output_2021_05_21_ABI_S11/bot3p2_Room_3_Zoom_Meeting_2021_05_21_13_10_16_chunk2.json | outputs/2021ABI/output_2021_05_21_ABI_S11/bot3p2_Room_3_Zoom_Meeting_2021_05_21_13_10_16_chunk3.json | outputs/2021ABI/output_2021_05_21_ABI_S11/bot3p2_Room_3_Zoom_Meeting_2021_05_21_13_10_16_chunk4.json | outputs/2021ABI/output_2021_05_21_ABI_S11/bot3p2_Room_3_Zoom_Meeting_2021_05_21_13_10_16_chunk5.json | outputs/2021ABI/output_2021_05_21_ABI_S11/bot3p2_Room_3_Zoom_Meeting_2021_05_21_13_10_16_chunk6.json | outputs/2021ABI/output_2021_05_21_ABI_S11/bot3p2_Room_3_Zoom_Meeting_2021_05_21_13_10_16_chunk7.json | outputs/2021ABI/output_2021_05_21_ABI_S15/botB3_2021_05_21_13_09_30_chunk1.json | outputs/2021ABI/output_2021_05_21_ABI_S15/botB3_2021_05_21_13_09_30_chunk2.json | outputs/2021ABI/output_2021_05_21_ABI_S15/botB3_2021_05_21_13_09_30_chunk3.json | outputs/2021ABI/output_2021_05_21_ABI_S15/botB3_2021_05_21_13_09_30_chunk4.json | outputs/2021ABI/output_2021_05_21_ABI_S15/botB3_2021_05_21_13_09_30_chunk5.json | outputs/2021ABI/output_2021_05_21_ABI_S15/botB3_2021_05_21_13_09_30_chunk6.json | outputs/2021ABI/output_2021_05_21_ABI_S15/botB3_2021_05_21_13_09_30_chunk7.json,29,23
ulugbek kamilov,truth,2021ABI,Ulugbek Kamilov,analysis_v1/data/2021ABI/2021ABI_outcome.json,2,1
uzi emir,output,2021ABI,Uzi Emir,outputs/2021ABI/output_2021_05_20_ABI_S7/botB1_2021_05_20_12_34_57_chunk1.json | outputs/2021ABI/output_2021_05_20_ABI_S7/botB1_2021_05_20_12_34_57_chunk2.json | outputs/2021ABI/output_2021_05_20_ABI_S7/botB1_2021_05_20_12_34_57_chunk3.json | outputs/2021ABI/output_2021_05_20_ABI_S7/botB1_2021_05_20_12_34_57_chunk4.json | outputs/2021ABI/output_2021_05_20_ABI_S7/botB1_2021_05_20_12_34_57_chunk5.json | outputs/2021ABI/output_2021_05_20_ABI_S7/botB1_2021_05_20_12_34_57_chunk6.json | outputs/2021ABI/output_2021_05_20_ABI_S7/botB1_2021_05_20_12_34_57_chunk7.json | outputs/2021ABI/output_2021_05_20_ABI_S7/botB1_2021_05_20_12_34_57_chunk8.json,18,8
vivian,output,2021ABI,Vivian,outputs/2021ABI/output_2021_05_21_ABI_S2/bot1_2021_05_21_10_57_19_chunk2.json | outputs/2021ABI/output_2021_05_21_ABI_S2/bot1_2021_05_21_10_57_19_chunk3.json | outputs/2021ABI/output_2021_05_21_ABI_S2/bot1_2021_05_21_10_57_19_chunk4.json | outputs/2021ABI/output_2021_05_21_ABI_S2/bot1_2021_05_21_10_57_19_chunk5.json | outputs/2021ABI/output_2021_05_21_ABI_S2/bot1_2021_05_21_10_57_19_chunk6.json | outputs/2021ABI/output_2021_05_21_ABI_S2/bot1_2021_05_21_10_57_19_chunk7.json | outputs/2021ABI/output_2021_05_21_ABI_S2/bot1_2021_05_21_10_57_19_chunk8.json,11,7
vivian liu,output,2021ABI,Vivian Liu,outputs/2021ABI/output_2021_05_20_ABI_S3/bot1_2021_05_20_12_35_38_chunk2.json | outputs/2021ABI/output_2021_05_20_ABI_S3/bot1_2021_05_20_12_35_38_chunk3.json | outputs/2021ABI/output_2021_05_20_ABI_S3/bot1_2021_05_20_12_35_38_chunk4.json | outputs/2021ABI/output_2021_05_20_ABI_S3/bot1_2021_05_20_12_35_38_chunk5.json | outputs/2021ABI/output_2021_05_20_ABI_S3/bot1_2021_05_20_12_35_38_chunk6.json | outputs/2021ABI/output_2021_05_20_ABI_S3/bot1_2021_05_20_12_35_38_chunk7.json | outputs/2021ABI/output_2021_05_20_ABI_S3/bot1_2021_05_20_12_35_38_chunk8.json | outputs/2021ABI/output_2021_05_20_ABI_S7/botB1_2021_05_20_12_34_57_chunk2.json | outputs/2021ABI/output_2021_05_20_ABI_S7/botB1_2021_05_20_12_34_57_chunk3.json | outputs/2021ABI/output_2021_05_20_ABI_S7/botB1_2021_05_20_12_34_57_chunk4.json | outputs/2021ABI/output_2021_05_20_ABI_S7/botB1_2021_05_20_12_34_57_chunk5.json | outputs/2021ABI/output_2021_05_20_ABI_S7/botB1_2021_05_20_12_34_57_chunk6.json | outputs/2021ABI/output_2021_05_20_ABI_S7/botB1_2021_05_20_12_34_57_chunk7.json | outputs/2021ABI/output_2021_05_20_ABI_S7/botB1_2021_05_20_12_34_57_chunk8.json,20,14
wei min,output,2021ABI,Wei Min,outputs/2021ABI/output_2021_05_20_ABI_S5/bot3p1_Zoom_Meeting_2021_05_20_12_40_43.json | outputs/2021ABI/output_2021_05_20_ABI_S5/bot3p2_Zoom_Meeting_2021_05_20_12_40_54_chunk1.json | outputs/2021ABI/output_2021_05_20_ABI_S5/bot3p2_Zoom_Meeting_2021_05_20_12_40_54_chunk2.json | outputs/2021ABI/output_2021_05_20_ABI_S5/bot3p2_Zoom_Meeting_2021_05_20_12_40_54_chunk3.json | outputs/2021ABI/output_2021_05_20_ABI_S5/bot3p2_Zoom_Meeting_2021_05_20_12_40_54_chunk4.json | outputs/2021ABI/output_2021_05_20_ABI_S5/bot3p2_Zoom_Meeting_2021_05_20_12_40_54_chunk5.json | outputs/2021ABI/output_2021_05_20_ABI_S5/bot3p2_Zoom_Meeting_2021_05_20_12_40_54_chunk6.json | outputs/2021ABI/output_2021_05_20_ABI_S5/bot3p2_Zoom_Meeting_2021_05_20_12_40_54_chunk7.json | outputs/2021ABI/output_2021_05_21_ABI_S3/bot2p1_Zoom_Meeting_2021_05_21_10_57_57.json | outputs/2021ABI/output_2021_05_21_ABI_S3/bot2p2_Zoom_Meeting_2021_05_21_10_58_22.json | outputs/2021ABI/output_2021_05_21_ABI_S3/bot2p3_Zoom_Meeting_Room_2_2021_05_21_10_58_31_chunk1.json | outputs/2021ABI/output_2021_05_21_ABI_S3/bot2p3_Zoom_Meeting_Room_2_2021_05_21_10_58_31_chunk2.json | outputs/2021ABI/output_2021_05_21_ABI_S3/bot2p3_Zoom_Meeting_Room_2_2021_05_21_10_58_31_chunk3.json | outputs/2021ABI/output_2021_05_21_ABI_S3/bot2p3_Zoom_Meeting_Room_2_2021_05_21_10_58_31_chunk4.json | outputs/2021ABI/output_2021_05_21_ABI_S3/bot2p3_Zoom_Meeting_Room_2_2021_05_21_10_58_31_chunk5.json | outputs/2021ABI/output_2021_05_21_ABI_S3/bot2p3_Zoom_Meeting_Room_2_2021_05_21_10_58_31_chunk6.json | outputs/2021ABI/output_2021_05_21_ABI_S3/bot2p3_Zoom_Meeting_Room_2_2021_05_21_10_58_31_chunk7.json | outputs/2021ABI/output_2021_05_21_ABI_S3/bot2p3_Zoom_Meeting_Room_2_2021_05_21_10_58_31_chunk8.json,115,18
weimin,output,2021ABI,Weimin,outputs/2021ABI/output_2021_05_20_ABI_S8/botB2_2021_05_20_12_34_37_chunk1.json | outputs/2021ABI/output_2021_05_20_ABI_S8/botB2_2021_05_20_12_34_37_chunk2.json | outputs/2021ABI/output_2021_05_20_ABI_S8/botB2_2021_05_20_12_34_37_chunk3.json | outputs/2021ABI/output_2021_05_20_ABI_S8/botB2_2021_05_20_12_34_37_chunk4.json | outputs/2021ABI/output_2021_05_20_ABI_S8/botB2_2021_05_20_12_34_37_chunk5.json | outputs/2021ABI/output_2021_05_20_ABI_S8/botB2_2021_05_20_12_34_37_chunk6.json | outputs/2021ABI/output_2021_05_20_ABI_S8/botB2_2021_05_20_12_34_37_chunk7.json | outputs/2021ABI/output_2021_05_20_ABI_S8/botB2_2021_05_20_12_34_37_chunk8.json,43,8
yeigenia kozorovsky,output,2021ABI,Yeigenia Kozorovsky,outputs/2021ABI/output_2021_05_21_ABI_S6/bot6p1_Zoom_Meeting_Room_6_2021_05_21_10_58_23.json | outputs/2021ABI/output_2021_05_21_ABI_S6/bot6p2_Zoom_Meeting_Room_6_2021_05_21_10_59_29.json | outputs/2021ABI/output_2021_05_21_ABI_S6/bot6p3_Zoom_Meeting_Room_6_2021_05_21_10_59_51_chunk1.json | outputs/2021ABI/output_2021_05_21_ABI_S6/bot6p3_Zoom_Meeting_Room_6_2021_05_21_10_59_51_chunk2.json | outputs/2021ABI/output_2021_05_21_ABI_S6/bot6p3_Zoom_Meeting_Room_6_2021_05_21_10_59_51_chunk3.json | outputs/2021ABI/output_2021_05_21_ABI_S6/bot6p3_Zoom_Meeting_Room_6_2021_05_21_10_59_51_chunk4.json | outputs/2021ABI/output_2021_05_21_ABI_S6/bot6p3_Zoom_Meeting_Room_6_2021_05_21_10_59_51_chunk5.json | outputs/2021ABI/output_2021_05_21_ABI_S6/bot6p3_Zoom_Meeting_Room_6_2021_05_21_10_59_51_chunk6.json | outputs/2021ABI/output_2021_05_21_ABI_S6/bot6p3_Zoom_Meeting_Room_6_2021_05_21_10_59_51_chunk7.json | outputs/2021ABI/output_2021_05_21_ABI_S6/bot6p3_Zoom_Meeting_Room_6_2021_05_21_10_59_51_chunk8.json,20,10
yevgenia kozoravitskiy,output,2021ABI,Yevgenia Kozoravitskiy,outputs/2021ABI/output_2021_05_21_ABI_S11/bot3p1_Room_3_Zoom_Meeting_2021_05_21_13_10_02.json | outputs/2021ABI/output_2021_05_21_ABI_S11/bot3p2_Room_3_Zoom_Meeting_2021_05_21_13_10_16_chunk1.json | outputs/2021ABI/output_2021_05_21_ABI_S11/bot3p2_Room_3_Zoom_Meeting_2021_05_21_13_10_16_chunk2.json | outputs/2021ABI/output_2021_05_21_ABI_S11/bot3p2_Room_3_Zoom_Meeting_2021_05_21_13_10_16_chunk3.json | outputs/2021ABI/output_2021_05_21_ABI_S11/bot3p2_Room_3_Zoom_Meeting_2021_05_21_13_10_16_chunk4.json | outputs/2021ABI/output_2021_05_21_ABI_S11/bot3p2_Room_3_Zoom_Meeting_2021_05_21_13_10_16_chunk5.json | outputs/2021ABI/output_2021_05_21_ABI_S11/bot3p2_Room_3_Zoom_Meeting_2021_05_21_13_10_16_chunk6.json | outputs/2021ABI/output_2021_05_21_ABI_S11/bot3p2_Room_3_Zoom_Meeting_2021_05_21_13_10_16_chunk7.json,29,8
yevgenia kozorovitksy,output,2021ABI,Yevgenia Kozorovitksy,outputs/2021ABI/output_2021_05_20_ABI_S1/Bot_5_Room_5_Zoom_Meeting_5_20_2021_12_34_08_PM.json | outputs/2021ABI/output_2021_05_20_ABI_S1/Bot_5_Zoom_Meeting_5_20_2021_12_37_09_PM.json | outputs/2021ABI/output_2021_05_20_ABI_S1/Bot_5_Zoom_Meeting_5_20_2021_12_37_42_PM_chunk2.json | outputs/2021ABI/output_2021_05_20_ABI_S1/Bot_5_Zoom_Meeting_5_20_2021_12_37_42_PM_chunk3.json | outputs/2021ABI/output_2021_05_20_ABI_S1/Bot_5_Zoom_Meeting_5_20_2021_12_37_42_PM_chunk4.json | outputs/2021ABI/output_2021_05_20_ABI_S1/Bot_5_Zoom_Meeting_5_20_2021_12_37_42_PM_chunk5.json | outputs/2021ABI/output_2021_05_20_ABI_S1/Bot_5_Zoom_Meeting_5_20_2021_12_37_42_PM_chunk6.json | outputs/2021ABI/output_2021_05_20_ABI_S1/Bot_5_Zoom_Meeting_5_20_2021_12_37_42_PM_chunk7.json,16,8
yevgenia kozorovsky,output,2021ABI,Yevgenia Kozorovsky,outputs/2021ABI/output_2021_05_21_ABI_S6/bot6p1_Zoom_Meeting_Room_6_2021_05_21_10_58_23.json | outputs/2021ABI/output_2021_05_21_ABI_S6/bot6p2_Zoom_Meeting_Room_6_2021_05_21_10_59_29.json | outputs/2021ABI/output_2021_05_21_ABI_S6/bot6p3_Zoom_Meeting_Room_6_2021_05_21_10_59_51_chunk7.json | outputs/2021ABI/output_2021_05_21_ABI_S6/bot6p3_Zoom_Meeting_Room_6_2021_05_21_10_59_51_chunk8.json,8,4
ying hui chou,output,2021ABI,Ying-Hui Chou,outputs/2021ABI/output_2021_05_21_ABI_S16/Breakout_Room_4_Session_3_2021_04_23_13_13_06_chunk1.json | outputs/2021ABI/output_2021_05_21_ABI_S16/Breakout_Room_4_Session_3_2021_04_23_13_13_06_chunk2.json | outputs/2021ABI/output_2021_05_21_ABI_S16/Breakout_Room_4_Session_3_2021_04_23_13_13_06_chunk3.json | outputs/2021ABI/output_2021_05_21_ABI_S16/Breakout_Room_4_Session_3_2021_04_23_13_13_06_chunk4.json | outputs/2021ABI/output_2021_05_21_ABI_S16/Breakout_Room_4_Session_3_2021_04_23_13_13_06_chunk5.json | outputs/2021ABI/output_2021_05_21_ABI_S16/Breakout_Room_4_Session_3_2021_04_23_13_13_06_chunk6.json | outputs/2021ABI/output_2021_05_21_ABI_S16/Breakout_Room_4_Session_3_2021_04_23_13_13_06_chunk7.json,21,7
jim mitchell,output,2021ABI | 2021CMC,Jim Mitchell,outputs/2021ABI/output_2021_05_20_ABI_S4/bot2p1_Zoom_Meeting_2021_05_20_12_35_31.json | outputs/2021ABI/output_2021_05_20_ABI_S4/bot2p2_Zoom_Meeting_2021_05_20_12_37_07_chunk4.json | outputs/2021ABI/output_2021_05_20_ABI_S4/bot2p2_Zoom_Meeting_2021_05_20_12_37_07_chunk5.json | outputs/2021ABI/output_2021_05_20_ABI_S4/bot2p2_Zoom_Meeting_2021_05_20_12_37_07_chunk6.json | outputs/2021ABI/output_2021_05_20_ABI_S4/bot2p2_Zoom_Meeting_2021_05_20_12_37_07_chunk7.json | outputs/2021ABI/output_2021_05_21_ABI_S11/bot3p1_Room_3_Zoom_Meeting_2021_05_21_13_10_02.json | outputs/2021ABI/output_2021_05_21_ABI_S11/bot3p2_Room_3_Zoom_Meeting_2021_05_21_13_10_16_chunk6.json | outputs/2021ABI/output_2021_05_21_ABI_S11/bot3p2_Room_3_Zoom_Meeting_2021_05_21_13_10_16_chunk7.json | outputs/2021ABI/output_2021_05_21_ABI_S15/botB3_2021_05_21_13_09_30_chunk6.json | outputs/2021ABI/output_2021_05_21_ABI_S15/botB3_2021_05_21_13_09_30_chunk7.json | outputs/2021ABI/output_2021_05_21_ABI_S6/bot6p1_Zoom_Meeting_Room_6_2021_05_21_10_58_23.json | outputs/2021ABI/output_2021_05_21_ABI_S6/bot6p2_Zoom_Meeting_Room_6_2021_05_21_10_59_29.json | outputs/2021ABI/output_2021_05_21_ABI_S6/bot6p3_Zoom_Meeting_Room_6_2021_05_21_10_59_51_chunk8.json | outputs/2021CMC/output_2021_10_07_CMC_S6/B5_2021_10_07_12_37_23_chunk1.json | outputs/2021CMC/output_2021_10_07_CMC_S6/B5_2021_10_07_12_37_23_chunk2.json | outputs/2021CMC/output_2021_10_07_CMC_S6/B5_2021_10_07_12_37_23_chunk3.json | outputs/2021CMC/output_2021_10_07_CMC_S6/B5_2021_10_07_12_37_23_chunk4.json | outputs/2021CMC/output_2021_10_07_CMC_S6/B5_2021_10_07_12_37_23_chunk5.json | outputs/2021CMC/output_2021_10_07_CMC_S6/B5_2021_10_07_12_37_23_chunk6.json | outputs/2021CMC/output_2021_10_07_CMC_S6/B5_2021_10_07_12_37_23_chunk7.json | outputs/2021CMC/output_2021_10_07_CMC_S6/B5_2021_10_07_12_37_23_chunk8.json | outputs/2021CMC/output_2021_10_07_CMC_S7/CMC_1_5_chunk1.json | outputs/2021CMC/output_2021_10_07_CMC_S7/CMC_1_5_chunk2.json | outputs/2021CMC/output_2021_10_07_CMC_S7/CMC_1_5_chunk3.json | outputs/2021CMC/output_2021_10_07_CMC_S7/CMC_1_5_chunk4.json | outputs/2021CMC/output_2021_10_07_CMC_S7/CMC_1_5_chunk5.json | outputs/2021CMC/output_2021_10_07_CMC_S7/CMC_1_5_chunk6.json | outputs/2021CMC/output_2021_10_07_CMC_S7/CMC_1_5_chunk7.json | outputs/2021CMC/output_2021_10_07_CMC_S7/CMC_1_5_chunk8.json | outputs/2021CMC/output_2021_10_08_CMC_S1/2021_10_08_09_59_21_chunk1.json | outputs/2021CMC/output_2021_10_08_CMC_S1/2021_10_08_09_59_21_chunk2.json | outputs/2021CMC/output_2021_10_08_CMC_S1/2021_10_08_09_59_21_chunk3.json | outputs/2021CMC/output_2021_10_08_CMC_S1/2021_10_08_09_59_21_chunk4.json | outputs/2021CMC/output_2021_10_08_CMC_S1/2021_10_08_09_59_21_chunk5.json | outputs/2021CMC/output_2021_10_08_CMC_S1/2021_10_08_09_59_21_chunk6.json | outputs/2021CMC/output_2021_10_08_CMC_S1/2021_10_08_09_59_21_chunk7.json | outputs/2021CMC/output_2021_10_08_CMC_S1/2021_10_08_09_59_21_chunk8.json | outputs/2021CMC/output_2021_10_08_CMC_S5/B4_2021_10_08_10_59_30_chunk1.json | outputs/2021CMC/output_2021_10_08_CMC_S5/B4_2021_10_08_10_59_30_chunk2.json | outputs/2021CMC/output_2021_10_08_CMC_S5/B4_2021_10_08_10_59_30_chunk3.json | outputs/2021CMC/output_2021_10_08_CMC_S5/B4_2021_10_08_10_59_30_chunk4.json | outputs/2021CMC/output_2021_10_08_CMC_S5/B4_2021_10_08_10_59_30_chunk5.json | outputs/2021CMC/output_2021_10_08_CMC_S5/B4_2021_10_08_10_59_30_chunk6.json | outputs/2021CMC/output_2021_10_08_CMC_S5/B4_2021_10_08_10_59_30_chunk7.json | outputs/2021CMC/output_2021_10_08_CMC_S5/B4_2021_10_08_10_59_30_chunk8.json,83,45
sandra laney,output,2021ABI | 2021CMC | 2021MND | 2021MZT | 2022MND,Sandra Laney,outputs/2021ABI/output_2021_05_20_ABI_S4/bot2p1_Zoom_Meeting_2021_05_20_12_35_31.json | outputs/2021ABI/output_2021_05_20_ABI_S4/bot2p2_Zoom_Meeting_2021_05_20_12_37_07_chunk1.json | outputs/2021ABI/output_2021_05_20_ABI_S4/bot2p2_Zoom_Meeting_2021_05_20_12_37_07_chunk2.json | outputs/2021ABI/output_2021_05_20_ABI_S4/bot2p2_Zoom_Meeting_2021_05_20_12_37_07_chunk3.json | outputs/2021ABI/output_2021_05_20_ABI_S4/bot2p2_Zoom_Meeting_2021_05_20_12_37_07_chunk4.json | outputs/2021ABI/output_2021_05_20_ABI_S4/bot2p2_Zoom_Meeting_2021_05_20_12_37_07_chunk5.json | outputs/2021ABI/output_2021_05_20_ABI_S4/bot2p2_Zoom_Meeting_2021_05_20_12_37_07_chunk6.json | outputs/2021ABI/output_2021_05_20_ABI_S4/bot2p2_Zoom_Meeting_2021_05_20_12_37_07_chunk7.json | outputs/2021ABI/output_2021_05_21_ABI_S4/bot3p1_Room_3_Zoom_Meeting_2021_05_21_10_58_10.json | outputs/2021ABI/output_2021_05_21_ABI_S4/bot3p2_Zoom_Meeting_2021_05_21_10_58_18_chunk2.json | outputs/2021ABI/output_2021_05_21_ABI_S4/bot3p2_Zoom_Meeting_2021_05_21_10_58_18_chunk3.json | outputs/2021ABI/output_2021_05_21_ABI_S4/bot3p2_Zoom_Meeting_2021_05_21_10_58_18_chunk4.json | outputs/2021ABI/output_2021_05_21_ABI_S4/bot3p2_Zoom_Meeting_2021_05_21_10_58_18_chunk5.json | outputs/2021ABI/output_2021_05_21_ABI_S4/bot3p2_Zoom_Meeting_2021_05_21_10_58_18_chunk6.json | outputs/2021ABI/output_2021_05_21_ABI_S4/bot3p2_Zoom_Meeting_2021_05_21_10_58_18_chunk7.json | outputs/2021ABI/output_2021_05_21_ABI_S4/bot3p2_Zoom_Meeting_2021_05_21_10_58_18_chunk8.json | outputs/2021ABI/output_2021_05_21_ABI_S8/botB3_2021_05_21_10_58_38_chunk2.json | outputs/2021ABI/output_2021_05_21_ABI_S8/botB3_2021_05_21_10_58_38_chunk3.json | outputs/2021ABI/output_2021_05_21_ABI_S8/botB3_2021_05_21_10_58_38_chunk4.json | outputs/2021ABI/output_2021_05_21_ABI_S8/botB3_2021_05_21_10_58_38_chunk5.json | outputs/2021ABI/output_2021_05_21_ABI_S8/botB3_2021_05_21_10_58_38_chunk6.json | outputs/2021ABI/output_2021_05_21_ABI_S8/botB3_2021_05_21_10_58_38_chunk7.json | outputs/2021ABI/output_2021_05_21_ABI_S8/botB3_2021_05_21_10_58_38_chunk8.json | outputs/2021CMC/output_2021_10_07_CMC_S6/B5_2021_10_07_12_37_23_chunk1.json | outputs/2021CMC/output_2021_10_07_CMC_S6/B5_2021_10_07_12_37_23_chunk2.json | outputs/2021CMC/output_2021_10_07_CMC_S6/B5_2021_10_07_12_37_23_chunk3.json | outputs/2021CMC/output_2021_10_07_CMC_S6/B5_2021_10_07_12_37_23_chunk4.json | outputs/2021CMC/output_2021_10_07_CMC_S6/B5_2021_10_07_12_37_23_chunk5.json | outputs/2021CMC/output_2021_10_07_CMC_S6/B5_2021_10_07_12_37_23_chunk6.json | outputs/2021CMC/output_2021_10_07_CMC_S6/B5_2021_10_07_12_37_23_chunk7.json | outputs/2021CMC/output_2021_10_07_CMC_S6/B5_2021_10_07_12_37_23_chunk8.json | outputs/2021CMC/output_2021_10_07_CMC_S7/CMC_1_5_chunk1.json | outputs/2021CMC/output_2021_10_07_CMC_S7/CMC_1_5_chunk2.json | outputs/2021CMC/output_2021_10_07_CMC_S7/CMC_1_5_chunk3.json | outputs/2021CMC/output_2021_10_07_CMC_S7/CMC_1_5_chunk4.json | outputs/2021CMC/output_2021_10_07_CMC_S7/CMC_1_5_chunk5.json | outputs/2021CMC/output_2021_10_07_CMC_S7/CMC_1_5_chunk6.json | outputs/2021CMC/output_2021_10_07_CMC_S7/CMC_1_5_chunk7.json | outputs/2021CMC/output_2021_10_07_CMC_S7/CMC_1_5_chunk8.json | outputs/2021CMC/output_2021_10_08_CMC_S11/B3_2021_10_08_13_01_43_chunk1.json | outputs/2021CMC/output_2021_10_08_CMC_S11/B3_2021_10_08_13_01_43_chunk2.json | outputs/2021CMC/output_2021_10_08_CMC_S11/B3_2021_10_08_13_01_43_chunk3.json | outputs/2021CMC/output_2021_10_08_CMC_S11/B3_2021_10_08_13_01_43_chunk4.json | outputs/2021CMC/output_2021_10_08_CMC_S11/B3_2021_10_08_13_01_43_chunk5.json | outputs/2021CMC/output_2021_10_08_CMC_S11/B3_2021_10_08_13_01_43_chunk6.json | outputs/2021CMC/output_2021_10_08_CMC_S11/B3_2021_10_08_13_01_43_chunk7.json | outputs/2021CMC/output_2021_10_08_CMC_S11/B3_2021_10_08_13_01_43_chunk8.json | outputs/2021MND/output_2021_04_22_MND_S7/Room_5_Zoom_Meeting_4_22_2021_1_01_43_PM_chunk1.json | outputs/2021MND/output_2021_04_22_MND_S7/Room_5_Zoom_Meeting_4_22_2021_1_01_43_PM_chunk2.json | outputs/2021MND/output_2021_04_22_MND_S7/Room_5_Zoom_Meeting_4_22_2021_1_16_56_PM_chunk1.json | outputs/2021MND/output_2021_04_22_MND_S7/Room_5_Zoom_Meeting_4_22_2021_1_16_56_PM_chunk2.json | outputs/2021MND/output_2021_04_22_MND_S7/Room_5_Zoom_Meeting_4_22_2021_1_16_56_PM_chunk3.json | outputs/2021MND/output_2021_04_22_MND_S7/Room_5_Zoom_Meeting_4_22_2021_1_16_56_PM_chunk4.json | outputs/2021MND/output_2021_04_22_MND_S7/Room_5_Zoom_Meeting_4_22_2021_1_16_56_PM_chunk5.json | outputs/2021MND/output_2021_04_22_MND_S7/Room_5_Zoom_Meeting_4_22_2021_1_16_56_PM_chunk6.json | outputs/2021MND/output_2021_04_23_MND_S12/bot3_Room_3_Zoom_Meeting_2021_04_23_13_13_23_chunk1.json | outputs/2021MND/output_2021_04_23_MND_S12/bot3_Room_3_Zoom_Meeting_2021_04_23_13_13_23_chunk2.json | outputs/2021MND/output_2021_04_23_MND_S12/bot3_Room_3_Zoom_Meeting_2021_04_23_13_13_23_chunk3.json | outputs/2021MND/output_2021_04_23_MND_S12/bot3_Room_3_Zoom_Meeting_2021_04_23_13_13_23_chunk4.json | outputs/2021MND/output_2021_04_23_MND_S12/bot3_Room_3_Zoom_Meeting_2021_04_23_13_13_23_chunk5.json | outputs/2021MND/output_2021_04_23_MND_S12/bot3_Room_3_Zoom_Meeting_2021_04_23_13_13_23_chunk6.json | outputs/2021MND/output_2021_04_23_MND_S12/bot3_Room_3_Zoom_Meeting_2021_04_23_13_13_23_chunk7.json | outputs/2021MND/output_2021_04_23_MND_S4/bot3_Zoom_Meeting_2021_04_23_11_16_18.json | outputs/2021MND/output_2021_04_23_MND_S4/bot3_Zoom_Meeting_2021_04_23_11_16_26_chunk6.json | outputs/2021MZT/output_2021_09_30_MZT_S4/B4_2021_09_30_13_05_04_chunk5.json | outputs/2021MZT/output_2021_09_30_MZT_S4/B4_2021_09_30_13_05_04_chunk6.json | outputs/2021MZT/output_2021_09_30_MZT_S6/bot5_chunk1.json | outputs/2021MZT/output_2021_09_30_MZT_S6/bot5_chunk2.json | outputs/2021MZT/output_2021_09_30_MZT_S6/bot5_chunk3.json | outputs/2021MZT/output_2021_09_30_MZT_S6/bot5_chunk4.json | outputs/2021MZT/output_2021_09_30_MZT_S6/bot5_chunk5.json | outputs/2021MZT/output_2021_09_30_MZT_S6/bot5_chunk6.json | outputs/2021MZT/output_2021_09_30_MZT_S6/bot5_chunk7.json | outputs/2022MND/output_2022_04_07_MND_S2/Bot2_Zoom_Meeting_2022_04_07_12_36_23_controls_issue_chunk1.json | outputs/2022MND/output_2022_04_07_MND_S2/Bot2_Zoom_Meeting_2022_04_07_12_36_23_controls_issue_chunk2.json | outputs/2022MND/output_2022_04_07_MND_S2/Bot2_Zoom_Meeting_2022_04_07_12_36_23_controls_issue_chunk3.json | outputs/2022MND/output_2022_04_07_MND_S2/Bot2_Zoom_Meeting_2022_04_07_12_36_23_controls_issue_chunk4.json | outputs/2022MND/output_2022_04_07_MND_S2/Bot2_Zoom_Meeting_2022_04_07_12_36_23_controls_issue_chunk5.json | outputs/2022MND/output_2022_04_07_MND_S2/Bot2_Zoom_Meeting_2022_04_07_12_36_23_controls_issue_chunk7.json | outputs/2022MND/output_2022_04_07_MND_S2/Bot2_Zoom_Meeting_2022_04_07_12_36_23_controls_issue_chunk8.json,114,80
alexandra bedford,output,2021ABI | 2021MND,Alexandra Bedford,outputs/2021ABI/output_2021_05_20_ABI_S6/bot4_Breakout_Room_4_2021_05_20_12_33_49_chunk1.json | outputs/2021ABI/output_2021_05_20_ABI_S6/bot4_Breakout_Room_4_2021_05_20_12_33_49_chunk2.json | outputs/2021ABI/output_2021_05_20_ABI_S6/bot4_Breakout_Room_4_2021_05_20_12_33_49_chunk3.json | outputs/2021ABI/output_2021_05_20_ABI_S6/bot4_Breakout_Room_4_2021_05_20_12_33_49_chunk4.json | outputs/2021ABI/output_2021_05_20_ABI_S6/bot4_Breakout_Room_4_2021_05_20_12_33_49_chunk5.json | outputs/2021ABI/output_2021_05_20_ABI_S6/bot4_Breakout_Room_4_2021_05_20_12_33_49_chunk6.json | outputs/2021ABI/output_2021_05_20_ABI_S6/bot4_Breakout_Room_4_2021_05_20_12_33_49_chunk7.json | outputs/2021ABI/output_2021_05_20_ABI_S6/bot4_Breakout_Room_4_2021_05_20_12_33_49_chunk8.json | outputs/2021MND/output_2021_04_22_MND_S6/Breakout_Room_4_Part_1_2021_04_22_12_58_44_chunk2.json,13,9
anne hultgren,output,2021ABI | 2021MND,Anne Hultgren,outputs/2021ABI/output_2021_05_20_ABI_S6/bot4_Breakout_Room_4_2021_05_20_12_33_49_chunk1.json | outputs/2021MND/output_2021_04_23_MND_S16/Zoom_Meeting_Room_6_2021_04_23_13_13_06.json,4,2
richard weiner,output,2021ABI | 2021MND,Richard Weiner,outputs/2021ABI/output_2021_05_20_ABI_S7/botB1_2021_05_20_12_34_57_chunk1.json | outputs/2021ABI/output_2021_05_20_ABI_S7/botB1_2021_05_20_12_34_57_chunk2.json | outputs/2021ABI/output_2021_05_20_ABI_S7/botB1_2021_05_20_12_34_57_chunk3.json | outputs/2021ABI/output_2021_05_20_ABI_S7/botB1_2021_05_20_12_34_57_chunk4.json | outputs/2021ABI/output_2021_05_20_ABI_S7/botB1_2021_05_20_12_34_57_chunk5.json | outputs/2021ABI/output_2021_05_20_ABI_S7/botB1_2021_05_20_12_34_57_chunk6.json | outputs/2021ABI/output_2021_05_20_ABI_S7/botB1_2021_05_20_12_34_57_chunk7.json | outputs/2021ABI/output_2021_05_20_ABI_S7/botB1_2021_05_20_12_34_57_chunk8.json | outputs/2021MND/output_2021_04_22_MND_S4/botB1_2021_04_22_13_01_59_chunk1.json | outputs/2021MND/output_2021_04_22_MND_S4/botB1_2021_04_22_13_01_59_chunk2.json | outputs/2021MND/output_2021_04_22_MND_S4/botB1_2021_04_22_13_01_59_chunk3.json | outputs/2021MND/output_2021_04_22_MND_S4/botB1_2021_04_22_13_01_59_chunk4.json | outputs/2021MND/output_2021_04_22_MND_S4/botB1_2021_04_22_13_01_59_chunk5.json | outputs/2021MND/output_2021_04_22_MND_S4/botB1_2021_04_22_13_01_59_chunk6.json | outputs/2021MND/output_2021_04_22_MND_S4/botB1_2021_04_22_13_01_59_chunk7.json | outputs/2021MND/output_2021_04_22_MND_S4/botB1_2021_04_22_13_01_59_chunk8.json | outputs/2021MND/output_2021_04_23_MND_S5/botB1_2021_04_23_11_17_35_chunk1.json | outputs/2021MND/output_2021_04_23_MND_S5/botB1_2021_04_23_11_17_35_chunk2.json | outputs/2021MND/output_2021_04_23_MND_S5/botB1_2021_04_23_11_17_35_chunk3.json | outputs/2021MND/output_2021_04_23_MND_S5/botB1_2021_04_23_11_17_35_chunk4.json | outputs/2021MND/output_2021_04_23_MND_S5/botB1_2021_04_23_11_17_35_chunk5.json | outputs/2021MND/output_2021_04_23_MND_S5/botB1_2021_04_23_11_17_35_chunk6.json | outputs/2021MND/output_2021_04_23_MND_S5/botB1_2021_04_23_11_17_35_chunk7.json,33,23
xin qi,output,2021ABI | 2021MND,Xin Qi,outputs/2021ABI/output_2021_05_21_ABI_S16/Breakout_Room_4_Session_3_2021_04_23_13_13_06_chunk1.json | outputs/2021ABI/output_2021_05_21_ABI_S16/Breakout_Room_4_Session_3_2021_04_23_13_13_06_chunk2.json | outputs/2021ABI/output_2021_05_21_ABI_S16/Breakout_Room_4_Session_3_2021_04_23_13_13_06_chunk3.json | outputs/2021ABI/output_2021_05_21_ABI_S16/Breakout_Room_4_Session_3_2021_04_23_13_13_06_chunk4.json | outputs/2021ABI/output_2021_05_21_ABI_S16/Breakout_Room_4_Session_3_2021_04_23_13_13_06_chunk5.json | outputs/2021ABI/output_2021_05_21_ABI_S16/Breakout_Room_4_Session_3_2021_04_23_13_13_06_chunk6.json | outputs/2021ABI/output_2021_05_21_ABI_S16/Breakout_Room_4_Session_3_2021_04_23_13_13_06_chunk7.json | outputs/2021MND/output_2021_04_22_MND_S3/Bot3_Zoom_Meeting_2021_04_22_13_05_46_v2.json | outputs/2021MND/output_2021_04_22_MND_S3/Bot3_Zoom_Meeting_2021_04_22_13_05_56_v2_chunk1.json | outputs/2021MND/output_2021_04_22_MND_S3/Bot3_Zoom_Meeting_2021_04_22_13_05_56_v2_chunk2.json | outputs/2021MND/output_2021_04_22_MND_S3/Bot3_Zoom_Meeting_2021_04_22_13_05_56_v2_chunk3.json | outputs/2021MND/output_2021_04_22_MND_S3/Bot3_Zoom_Meeting_2021_04_22_13_05_56_v2_chunk4.json | outputs/2021MND/output_2021_04_22_MND_S3/Bot3_Zoom_Meeting_2021_04_22_13_05_56_v2_chunk5.json | outputs/2021MND/output_2021_04_22_MND_S3/Bot3_Zoom_Meeting_2021_04_22_13_05_56_v2_chunk6.json | outputs/2021MND/output_2021_04_22_MND_S3/Bot3_Zoom_Meeting_2021_04_22_13_05_56_v2_chunk7.json | outputs/2021MND/output_2021_04_22_MND_S3/Bot3_Zoom_Meeting_2021_04_22_13_05_56_v2_chunk8.json | outputs/2021MND/output_2021_04_23_MND_S15/Breakout_Room_4_Session_3_2021_04_23_13_13_06_chunk1.json | outputs/2021MND/output_2021_04_23_MND_S15/Breakout_Room_4_Session_3_2021_04_23_13_13_06_chunk2.json | outputs/2021MND/output_2021_04_23_MND_S15/Breakout_Room_4_Session_3_2021_04_23_13_13_06_chunk3.json | outputs/2021MND/output_2021_04_23_MND_S15/Breakout_Room_4_Session_3_2021_04_23_13_13_06_chunk4.json | outputs/2021MND/output_2021_04_23_MND_S15/Breakout_Room_4_Session_3_2021_04_23_13_13_06_chunk5.json | outputs/2021MND/output_2021_04_23_MND_S15/Breakout_Room_4_Session_3_2021_04_23_13_13_06_chunk6.json | outputs/2021MND/output_2021_04_23_MND_S15/Breakout_Room_4_Session_3_2021_04_23_13_13_06_chunk7.json | outputs/2021MND/output_2021_04_23_MND_S3/bot2_Zoom_Meeting_Room_2_2021_04_23_11_16_54.json | outputs/2021MND/output_2021_04_23_MND_S3/bot2_Zoom_Meeting_Room_2_2021_04_23_11_18_13_chunk1.json | outputs/2021MND/output_2021_04_23_MND_S3/bot2_Zoom_Meeting_Room_2_2021_04_23_11_18_13_chunk2.json | outputs/2021MND/output_2021_04_23_MND_S3/bot2_Zoom_Meeting_Room_2_2021_04_23_11_18_13_chunk3.json | outputs/2021MND/output_2021_04_23_MND_S3/bot2_Zoom_Meeting_Room_2_2021_04_23_11_18_13_chunk4.json | outputs/2021MND/output_2021_04_23_MND_S3/bot2_Zoom_Meeting_Room_2_2021_04_23_11_18_13_chunk5.json | outputs/2021MND/output_2021_04_23_MND_S3/bot2_Zoom_Meeting_Room_2_2021_04_23_11_18_13_chunk6.json,60,30
alexandra basford,output,2021ABI | 2021MND | 2022MND,Alexandra Basford,outputs/2021ABI/output_2021_05_21_ABI_S5/bot5p1_Zoom_Meeting_5_21_2021_10_58_04_AM.json | outputs/2021ABI/output_2021_05_21_ABI_S5/bot5p2_Zoom_Meeting_5_21_2021_10_58_51_AM.json | outputs/2021ABI/output_2021_05_21_ABI_S5/bot5p3_Room_5_Zoom_Meeting_5_21_2021_10_59_19_AM_chunk1.json | outputs/2021ABI/output_2021_05_21_ABI_S5/bot5p3_Room_5_Zoom_Meeting_5_21_2021_10_59_19_AM_chunk2.json | outputs/2021ABI/output_2021_05_21_ABI_S5/bot5p3_Room_5_Zoom_Meeting_5_21_2021_10_59_19_AM_chunk3.json | outputs/2021ABI/output_2021_05_21_ABI_S5/bot5p3_Room_5_Zoom_Meeting_5_21_2021_10_59_19_AM_chunk4.json | outputs/2021ABI/output_2021_05_21_ABI_S5/bot5p3_Room_5_Zoom_Meeting_5_21_2021_10_59_19_AM_chunk5.json | outputs/2021ABI/output_2021_05_21_ABI_S5/bot5p3_Room_5_Zoom_Meeting_5_21_2021_10_59_19_AM_chunk6.json | outputs/2021ABI/output_2021_05_21_ABI_S5/bot5p3_Room_5_Zoom_Meeting_5_21_2021_10_59_19_AM_chunk7.json | outputs/2021ABI/output_2021_05_21_ABI_S5/bot5p3_Room_5_Zoom_Meeting_5_21_2021_10_59_19_AM_chunk8.json | outputs/2021MND/output_2021_04_23_MND_S13/botB1_2021_04_23_13_14_18_chunk1.json | outputs/2021MND/output_2021_04_23_MND_S13/botB1_2021_04_23_13_14_18_chunk2.json | outputs/2021MND/output_2021_04_23_MND_S13/botB1_2021_04_23_13_14_18_chunk4.json | outputs/2021MND/output_2021_04_23_MND_S13/botB1_2021_04_23_13_14_18_chunk5.json | outputs/2021MND/output_2021_04_23_MND_S13/botB1_2021_04_23_13_14_18_chunk6.json | outputs/2021MND/output_2021_04_23_MND_S13/botB1_2021_04_23_13_14_18_chunk7.json | outputs/2022MND/output_2022_04_07_MND_S2/Bot2_Zoom_Meeting_2022_04_07_12_36_23_controls_issue_chunk2.json | outputs/2022MND/output_2022_04_07_MND_S2/Bot2_Zoom_Meeting_2022_04_07_12_36_23_controls_issue_chunk3.json | outputs/2022MND/output_2022_04_07_MND_S2/Bot2_Zoom_Meeting_2022_04_07_12_36_23_controls_issue_chunk4.json | outputs/2022MND/output_2022_04_07_MND_S2/Bot2_Zoom_Meeting_2022_04_07_12_36_23_controls_issue_chunk5.json | outputs/2022MND/output_2022_04_07_MND_S2/Bot2_Zoom_Meeting_2022_04_07_12_36_23_controls_issue_chunk7.json | outputs/2022MND/output_2022_04_07_MND_S2/Bot2_Zoom_Meeting_2022_04_07_12_36_23_controls_issue_chunk8.json | outputs/2022MND/output_2022_04_08_MND_S5/BotB5_2022_04_08_10_54_31_problem_7min30sec_10min_chunk1.json | outputs/2022MND/output_2022_04_08_MND_S5/BotB5_2022_04_08_10_54_31_problem_7min30sec_10min_chunk2.json | outputs/2022MND/output_2022_04_08_MND_S5/BotB5_2022_04_08_10_54_31_problem_7min30sec_10min_chunk3.json | outputs/2022MND/output_2022_04_08_MND_S5/BotB5_2022_04_08_10_54_31_problem_7min30sec_10min_chunk4.json | outputs/2022MND/output_2022_04_08_MND_S5/BotB5_2022_04_08_10_54_31_problem_7min30sec_10min_chunk5.json | outputs/2022MND/output_2022_04_08_MND_S5/BotB5_2022_04_08_10_54_31_problem_7min30sec_10min_chunk6.json | outputs/2022MND/output_2022_04_08_MND_S5/BotB5_2022_04_08_10_54_31_problem_7min30sec_10min_chunk7.json,37,29
ali keshavarzian,output,2021ABI | 2021MND | 2022MND,Ali Keshavarzian,outputs/2021ABI/output_2021_05_21_ABI_S16/Breakout_Room_4_Session_3_2021_04_23_13_13_06_chunk1.json | outputs/2021ABI/output_2021_05_21_ABI_S16/Breakout_Room_4_Session_3_2021_04_23_13_13_06_chunk2.json | outputs/2021ABI/output_2021_05_21_ABI_S16/Breakout_Room_4_Session_3_2021_04_23_13_13_06_chunk3.json | outputs/2021ABI/output_2021_05_21_ABI_S16/Breakout_Room_4_Session_3_2021_04_23_13_13_06_chunk4.json | outputs/2021ABI/output_2021_05_21_ABI_S16/Breakout_Room_4_Session_3_2021_04_23_13_13_06_chunk5.json | outputs/2021ABI/output_2021_05_21_ABI_S16/Breakout_Room_4_Session_3_2021_04_23_13_13_06_chunk6.json | outputs/2021ABI/output_2021_05_21_ABI_S16/Breakout_Room_4_Session_3_2021_04_23_13_13_06_chunk7.json | outputs/2021MND/output_2021_04_22_MND_S6/Breakout_Room_4_Part_1_2021_04_22_12_58_44_chunk1.json | outputs/2021MND/output_2021_04_22_MND_S6/Breakout_Room_4_Part_1_2021_04_22_12_58_44_chunk2.json | outputs/2021MND/output_2021_04_22_MND_S6/Breakout_Room_4_Part_2_2021_04_22_13_14_53_chunk1.json | outputs/2021MND/output_2021_04_23_MND_S15/Breakout_Room_4_Session_3_2021_04_23_13_13_06_chunk1.json | outputs/2021MND/output_2021_04_23_MND_S15/Breakout_Room_4_Session_3_2021_04_23_13_13_06_chunk2.json | outputs/2021MND/output_2021_04_23_MND_S15/Breakout_Room_4_Session_3_2021_04_23_13_13_06_chunk3.json | outputs/2021MND/output_2021_04_23_MND_S15/Breakout_Room_4_Session_3_2021_04_23_13_13_06_chunk4.json | outputs/2021MND/output_2021_04_23_MND_S15/Breakout_Room_4_Session_3_2021_04_23_13_13_06_chunk5.json | outputs/2021MND/output_2021_04_23_MND_S15/Breakout_Room_4_Session_3_2021_04_23_13_13_06_chunk6.json | outputs/2021MND/output_2021_04_23_MND_S15/Breakout_Room_4_Session_3_2021_04_23_13_13_06_chunk7.json | outputs/2021MND/output_2021_04_23_MND_S7/Breakout_Room_4_Session_2_2021_04_23_11_15_47_chunk1.json | outputs/2021MND/output_2021_04_23_MND_S7/Breakout_Room_4_Session_2_2021_04_23_11_15_47_chunk2.json | outputs/2021MND/output_2021_04_23_MND_S7/Breakout_Room_4_Session_2_2021_04_23_11_15_47_chunk3.json | outputs/2021MND/output_2021_04_23_MND_S7/Breakout_Room_4_Session_2_2021_04_23_11_15_47_chunk4.json | outputs/2021MND/output_2021_04_23_MND_S7/Breakout_Room_4_Session_2_2021_04_23_11_15_47_chunk5.json | outputs/2021MND/output_2021_04_23_MND_S7/Breakout_Room_4_Session_2_2021_04_23_11_15_47_chunk6.json | outputs/2021MND/output_2021_04_23_MND_S7/Breakout_Room_4_Session_2_2021_04_23_11_15_47_chunk7.json | outputs/2022MND/output_2022_04_07_MND_S3/Bot3_2022_04_07_12_36_39_chunk1.json | outputs/2022MND/output_2022_04_07_MND_S3/Bot3_2022_04_07_12_36_39_chunk2.json | outputs/2022MND/output_2022_04_07_MND_S3/Bot3_2022_04_07_12_36_39_chunk3.json | outputs/2022MND/output_2022_04_07_MND_S3/Bot3_2022_04_07_12_36_39_chunk4.json | outputs/2022MND/output_2022_04_07_MND_S3/Bot3_2022_04_07_12_36_39_chunk5.json | outputs/2022MND/output_2022_04_07_MND_S3/Bot3_2022_04_07_12_36_39_chunk6.json | outputs/2022MND/output_2022_04_07_MND_S3/Bot3_2022_04_07_12_36_39_chunk7.json | outputs/2022MND/output_2022_04_07_MND_S3/Bot3_2022_04_07_12_36_39_chunk8.json | outputs/2022MND/output_2022_04_08_MND_S10/BotB4_2022_04_08_01_03_01_problem_53min20sec_56min20sec_chunk1.json | outputs/2022MND/output_2022_04_08_MND_S10/BotB4_2022_04_08_01_03_01_problem_53min20sec_56min20sec_chunk2.json | outputs/2022MND/output_2022_04_08_MND_S10/BotB4_2022_04_08_01_03_01_problem_53min20sec_56min20sec_chunk3.json | outputs/2022MND/output_2022_04_08_MND_S10/BotB4_2022_04_08_01_03_01_problem_53min20sec_56min20sec_chunk4.json | outputs/2022MND/output_2022_04_08_MND_S10/BotB4_2022_04_08_01_03_01_problem_53min20sec_56min20sec_chunk5.json | outputs/2022MND/output_2022_04_08_MND_S10/BotB4_2022_04_08_01_03_01_problem_53min20sec_56min20sec_chunk6.json | outputs/2022MND/output_2022_04_08_MND_S10/BotB4_2022_04_08_01_03_01_problem_53min20sec_56min20sec_chunk7.json | outputs/2022MND/output_2022_04_08_MND_S10/BotB4_2022_04_08_01_03_01_problem_53min20sec_56min20sec_chunk8.json | outputs/2022MND/output_2022_04_08_MND_S12/MND_3_4_part1.json | outputs/2022MND/output_2022_04_08_MND_S5/BotB5_2022_04_08_10_54_31_problem_7min30sec_10min_chunk1.json | outputs/2022MND/output_2022_04_08_MND_S5/BotB5_2022_04_08_10_54_31_problem_7min30sec_10min_chunk2.json | outputs/2022MND/output_2022_04_08_MND_S5/BotB5_2022_04_08_10_54_31_problem_7min30sec_10min_chunk3.json | outputs/2022MND/output_2022_04_08_MND_S5/BotB5_2022_04_08_10_54_31_problem_7min30sec_10min_chunk4.json | outputs/2022MND/output_2022_04_08_MND_S5/BotB5_2022_04_08_10_54_31_problem_7min30sec_10min_chunk5.json | outputs/2022MND/output_2022_04_08_MND_S5/BotB5_2022_04_08_10_54_31_problem_7min30sec_10min_chunk6.json | outputs/2022MND/output_2022_04_08_MND_S5/BotB5_2022_04_08_10_54_31_problem_7min30sec_10min_chunk7.json,300,48
lisa ryno,output,2021ABI | 2021MND | 2022MND,Lisa Ryno,outputs/2021ABI/output_2021_05_21_ABI_S16/Breakout_Room_4_Session_3_2021_04_23_13_13_06_chunk2.json | outputs/2021ABI/output_2021_05_21_ABI_S16/Breakout_Room_4_Session_3_2021_04_23_13_13_06_chunk3.json | outputs/2021ABI/output_2021_05_21_ABI_S16/Breakout_Room_4_Session_3_2021_04_23_13_13_06_chunk4.json | outputs/2021ABI/output_2021_05_21_ABI_S16/Breakout_Room_4_Session_3_2021_04_23_13_13_06_chunk5.json | outputs/2021ABI/output_2021_05_21_ABI_S16/Breakout_Room_4_Session_3_2021_04_23_13_13_06_chunk6.json | outputs/2021ABI/output_2021_05_21_ABI_S16/Breakout_Room_4_Session_3_2021_04_23_13_13_06_chunk7.json | outputs/2021MND/output_2021_04_23_MND_S1/Bot_5_Zoom_Meeting_4_23_2021_11_16_28_AM.json | outputs/2021MND/output_2021_04_23_MND_S1/Bot_5_Zoom_Meeting_4_23_2021_11_24_29_AM_chunk1.json | outputs/2021MND/output_2021_04_23_MND_S1/Bot_5_Zoom_Meeting_4_23_2021_11_24_29_AM_chunk2.json | outputs/2021MND/output_2021_04_23_MND_S1/Bot_5_Zoom_Meeting_4_23_2021_11_24_29_AM_chunk3.json | outputs/2021MND/output_2021_04_23_MND_S1/Bot_5_Zoom_Meeting_4_23_2021_11_24_29_AM_chunk4.json | outputs/2021MND/output_2021_04_23_MND_S1/Bot_5_Zoom_Meeting_4_23_2021_11_24_29_AM_chunk5.json | outputs/2021MND/output_2021_04_23_MND_S1/Bot_5_Zoom_Meeting_4_23_2021_12_10_03_PM_chunk1.json | outputs/2021MND/output_2021_04_23_MND_S1/Bot_5_Zoom_Meeting_4_23_2021_12_10_03_PM_chunk2.json | outputs/2021MND/output_2021_04_23_MND_S15/Breakout_Room_4_Session_3_2021_04_23_13_13_06_chunk2.json | outputs/2021MND/output_2021_04_23_MND_S15/Breakout_Room_4_Session_3_2021_04_23_13_13_06_chunk3.json | outputs/2021MND/output_2021_04_23_MND_S15/Breakout_Room_4_Session_3_2021_04_23_13_13_06_chunk4.json | outputs/2021MND/output_2021_04_23_MND_S15/Breakout_Room_4_Session_3_2021_04_23_13_13_06_chunk5.json | outputs/2021MND/output_2021_04_23_MND_S15/Breakout_Room_4_Session_3_2021_04_23_13_13_06_chunk6.json | outputs/2021MND/output_2021_04_23_MND_S15/Breakout_Room_4_Session_3_2021_04_23_13_13_06_chunk7.json | outputs/2022MND/output_2022_04_07_MND_S1/Bot1_2022_04_07_12_35_40_glitch_2_4min_chunk1.json | outputs/2022MND/output_2022_04_07_MND_S1/Bot1_2022_04_07_12_35_40_glitch_2_4min_chunk2.json | outputs/2022MND/output_2022_04_07_MND_S1/Bot1_2022_04_07_12_35_40_glitch_2_4min_chunk3.json | outputs/2022MND/output_2022_04_07_MND_S1/Bot1_2022_04_07_12_35_40_glitch_2_4min_chunk4.json | outputs/2022MND/output_2022_04_07_MND_S1/Bot1_2022_04_07_12_35_40_glitch_2_4min_chunk5.json | outputs/2022MND/output_2022_04_07_MND_S1/Bot1_2022_04_07_12_35_40_glitch_2_4min_chunk6.json | outputs/2022MND/output_2022_04_07_MND_S1/Bot1_2022_04_07_12_35_40_glitch_2_4min_chunk7.json | outputs/2022MND/output_2022_04_07_MND_S1/Bot1_2022_04_07_12_35_40_glitch_2_4min_chunk8.json | outputs/2022MND/output_2022_04_08_MND_S5/BotB5_2022_04_08_10_54_31_problem_7min30sec_10min_chunk1.json | outputs/2022MND/output_2022_04_08_MND_S5/BotB5_2022_04_08_10_54_31_problem_7min30sec_10min_chunk2.json | outputs/2022MND/output_2022_04_08_MND_S5/BotB5_2022_04_08_10_54_31_problem_7min30sec_10min_chunk3.json | outputs/2022MND/output_2022_04_08_MND_S5/BotB5_2022_04_08_10_54_31_problem_7min30sec_10min_chunk4.json | outputs/2022MND/output_2022_04_08_MND_S5/BotB5_2022_04_08_10_54_31_problem_7min30sec_10min_chunk5.json | outputs/2022MND/output_2022_04_08_MND_S5/BotB5_2022_04_08_10_54_31_problem_7min30sec_10min_chunk6.json | outputs/2022MND/output_2022_04_08_MND_S5/BotB5_2022_04_08_10_54_31_problem_7min30sec_10min_chunk7.json | outputs/2022MND/output_2022_04_08_MND_S8/Bot2_Zoom_Meeting_Room_2_2022_04_08_13_02_14_chunk3.json | outputs/2022MND/output_2022_04_08_MND_S8/Bot2_Zoom_Meeting_Room_2_2022_04_08_13_02_14_chunk4.json | outputs/2022MND/output_2022_04_08_MND_S8/Bot2_Zoom_Meeting_Room_2_2022_04_08_13_02_14_chunk5.json | outputs/2022MND/output_2022_04_08_MND_S8/Bot2_Zoom_Meeting_Room_2_2022_04_08_13_02_14_chunk6.json | outputs/2022MND/output_2022_04_08_MND_S8/Bot2_Zoom_Meeting_Room_2_2022_04_08_13_02_14_chunk7.json | outputs/2022MND/output_2022_04_08_MND_S8/Bot2_Zoom_Meeting_Room_2_2022_04_08_13_02_14_chunk8.json,115,41
carolina tropini,output,2021ABI | 2022MND,Carolina Tropini,outputs/2021ABI/output_2021_05_21_ABI_S16/Breakout_Room_4_Session_3_2021_04_23_13_13_06_chunk1.json | outputs/2021ABI/output_2021_05_21_ABI_S16/Breakout_Room_4_Session_3_2021_04_23_13_13_06_chunk2.json | outputs/2021ABI/output_2021_05_21_ABI_S16/Breakout_Room_4_Session_3_2021_04_23_13_13_06_chunk3.json | outputs/2021ABI/output_2021_05_21_ABI_S16/Breakout_Room_4_Session_3_2021_04_23_13_13_06_chunk4.json | outputs/2021ABI/output_2021_05_21_ABI_S16/Breakout_Room_4_Session_3_2021_04_23_13_13_06_chunk5.json | outputs/2021ABI/output_2021_05_21_ABI_S16/Breakout_Room_4_Session_3_2021_04_23_13_13_06_chunk6.json | outputs/2021ABI/output_2021_05_21_ABI_S16/Breakout_Room_4_Session_3_2021_04_23_13_13_06_chunk7.json | outputs/2022MND/output_2022_04_08_MND_S2/Bot2_Zoom_Meeting_Room_2_2022_04_08_10_54_08_problem_52min50sec_55min_chunk1.json | outputs/2022MND/output_2022_04_08_MND_S2/Bot2_Zoom_Meeting_Room_2_2022_04_08_10_54_08_problem_52min50sec_55min_chunk2.json | outputs/2022MND/output_2022_04_08_MND_S2/Bot2_Zoom_Meeting_Room_2_2022_04_08_10_54_08_problem_52min50sec_55min_chunk3.json | outputs/2022MND/output_2022_04_08_MND_S2/Bot2_Zoom_Meeting_Room_2_2022_04_08_10_54_08_problem_52min50sec_55min_chunk4.json | outputs/2022MND/output_2022_04_08_MND_S2/Bot2_Zoom_Meeting_Room_2_2022_04_08_10_54_08_problem_52min50sec_55min_chunk5.json | outputs/2022MND/output_2022_04_08_MND_S2/Bot2_Zoom_Meeting_Room_2_2022_04_08_10_54_08_problem_52min50sec_55min_chunk6.json | outputs/2022MND/output_2022_04_08_MND_S2/Bot2_Zoom_Meeting_Room_2_2022_04_08_10_54_08_problem_52min50sec_55min_chunk7.json | outputs/2022MND/output_2022_04_08_MND_S2/Bot2_Zoom_Meeting_Room_2_2022_04_08_10_54_08_problem_52min50sec_55min_chunk8.json,57,15
wenjing wang,output,2021ABI | 2022MND,Wenjing Wang,outputs/2021ABI/output_2021_05_21_ABI_S16/Breakout_Room_4_Session_3_2021_04_23_13_13_06_chunk1.json | outputs/2021ABI/output_2021_05_21_ABI_S16/Breakout_Room_4_Session_3_2021_04_23_13_13_06_chunk2.json | outputs/2021ABI/output_2021_05_21_ABI_S16/Breakout_Room_4_Session_3_2021_04_23_13_13_06_chunk3.json | outputs/2021ABI/output_2021_05_21_ABI_S16/Breakout_Room_4_Session_3_2021_04_23_13_13_06_chunk4.json | outputs/2021ABI/output_2021_05_21_ABI_S16/Breakout_Room_4_Session_3_2021_04_23_13_13_06_chunk5.json | outputs/2021ABI/output_2021_05_21_ABI_S16/Breakout_Room_4_Session_3_2021_04_23_13_13_06_chunk6.json | outputs/2021ABI/output_2021_05_21_ABI_S16/Breakout_Room_4_Session_3_2021_04_23_13_13_06_chunk7.json | outputs/2022MND/output_2022_04_07_MND_S3/Bot3_2022_04_07_12_36_39_chunk1.json | outputs/2022MND/output_2022_04_07_MND_S3/Bot3_2022_04_07_12_36_39_chunk2.json | outputs/2022MND/output_2022_04_07_MND_S3/Bot3_2022_04_07_12_36_39_chunk3.json | outputs/2022MND/output_2022_04_07_MND_S3/Bot3_2022_04_07_12_36_39_chunk4.json | outputs/2022MND/output_2022_04_07_MND_S3/Bot3_2022_04_07_12_36_39_chunk5.json | outputs/2022MND/output_2022_04_07_MND_S3/Bot3_2022_04_07_12_36_39_chunk6.json | outputs/2022MND/output_2022_04_07_MND_S3/Bot3_2022_04_07_12_36_39_chunk7.json | outputs/2022MND/output_2022_04_07_MND_S3/Bot3_2022_04_07_12_36_39_chunk8.json | outputs/2022MND/output_2022_04_08_MND_S9/Bot3_2022_04_08_13_01_56_problem_55min30sec_57min20sec_chunk2.json | outputs/2022MND/output_2022_04_08_MND_S9/Bot3_2022_04_08_13_01_56_problem_55min30sec_57min20sec_chunk3.json | outputs/2022MND/output_2022_04_08_MND_S9/Bot3_2022_04_08_13_01_56_problem_55min30sec_57min20sec_chunk4.json | outputs/2022MND/output_2022_04_08_MND_S9/Bot3_2022_04_08_13_01_56_problem_55min30sec_57min20sec_chunk5.json | outputs/2022MND/output_2022_04_08_MND_S9/Bot3_2022_04_08_13_01_56_problem_55min30sec_57min20sec_chunk6.json | outputs/2022MND/output_2022_04_08_MND_S9/Bot3_2022_04_08_13_01_56_problem_55min30sec_57min20sec_chunk7.json | outputs/2022MND/output_2022_04_08_MND_S9/Bot3_2022_04_08_13_01_56_problem_55min30sec_57min20sec_chunk8.json,58,22
alex green,output,2021CMC,Alex Green,outputs/2021CMC/output_2021_10_07_CMC_S2/B1_Zoom_Meeting_Room_1_2021_10_07_12_36_41_chunk2.json | outputs/2021CMC/output_2021_10_07_CMC_S2/B1_Zoom_Meeting_Room_1_2021_10_07_12_36_41_chunk3.json | outputs/2021CMC/output_2021_10_07_CMC_S2/B1_Zoom_Meeting_Room_1_2021_10_07_12_36_41_chunk4.json | outputs/2021CMC/output_2021_10_07_CMC_S2/B1_Zoom_Meeting_Room_1_2021_10_07_12_36_41_chunk5.json | outputs/2021CMC/output_2021_10_07_CMC_S2/B1_Zoom_Meeting_Room_1_2021_10_07_12_36_41_chunk6.json | outputs/2021CMC/output_2021_10_07_CMC_S2/B1_Zoom_Meeting_Room_1_2021_10_07_12_36_41_chunk7.json | outputs/2021CMC/output_2021_10_07_CMC_S2/B1_Zoom_Meeting_Room_1_2021_10_07_12_36_41_chunk8.json | outputs/2021CMC/output_2021_10_08_CMC_S3/B2_Zoom_Meeting_Room_2_2021_10_08_10_59_57_chunk1.json | outputs/2021CMC/output_2021_10_08_CMC_S3/B2_Zoom_Meeting_Room_2_2021_10_08_10_59_57_chunk2.json | outputs/2021CMC/output_2021_10_08_CMC_S3/B2_Zoom_Meeting_Room_2_2021_10_08_10_59_57_chunk3.json | outputs/2021CMC/output_2021_10_08_CMC_S3/B2_Zoom_Meeting_Room_2_2021_10_08_10_59_57_chunk4.json | outputs/2021CMC/output_2021_10_08_CMC_S3/B2_Zoom_Meeting_Room_2_2021_10_08_10_59_57_chunk5.json | outputs/2021CMC/output_2021_10_08_CMC_S3/B2_Zoom_Meeting_Room_2_2021_10_08_10_59_57_chunk6.json | outputs/2021CMC/output_2021_10_08_CMC_S3/B2_Zoom_Meeting_Room_2_2021_10_08_10_59_57_chunk7.json | outputs/2021CMC/output_2021_10_08_CMC_S3/B2_Zoom_Meeting_Room_2_2021_10_08_10_59_57_chunk8.json,23,15
alexander green,truth,2021CMC,Alexander Green,analysis_v1/data/2021CMC/2021CMC_outcome.json,1,1
alexis c komor,output,2021CMC,Alexis C Komor,outputs/2021CMC/output_2021_10_07_CMC_S3/B2.1_Zoom_Meeting_Room_2_2021_10_07_12_36_56.json | outputs/2021CMC/output_2021_10_07_CMC_S3/B2.2_Zoom_Meeting_Room_2_2021_10_07_12_41_55_chunk1.json | outputs/2021CMC/output_2021_10_07_CMC_S3/B2.2_Zoom_Meeting_Room_2_2021_10_07_12_41_55_chunk2.json | outputs/2021CMC/output_2021_10_07_CMC_S3/B2.2_Zoom_Meeting_Room_2_2021_10_07_12_41_55_chunk3.json | outputs/2021CMC/output_2021_10_07_CMC_S3/B2.2_Zoom_Meeting_Room_2_2021_10_07_12_41_55_chunk4.json | outputs/2021CMC/output_2021_10_07_CMC_S3/B2.2_Zoom_Meeting_Room_2_2021_10_07_12_41_55_chunk5.json | outputs/2021CMC/output_2021_10_07_CMC_S3/B2.2_Zoom_Meeting_Room_2_2021_10_07_12_41_55_chunk6.json | outputs/2021CMC/output_2021_10_07_CMC_S3/B2.2_Zoom_Meeting_Room_2_2021_10_07_12_41_55_chunk7.json,17,8
alice soragni,output,2021CMC,Alice Soragni,outputs/2021CMC/output_2021_10_08_CMC_S10/B2_Zoom_Meeting_Room_2_2021_10_08_13_02_10_chunk1.json | outputs/2021CMC/output_2021_10_08_CMC_S10/B2_Zoom_Meeting_Room_2_2021_10_08_13_02_10_chunk2.json | outputs/2021CMC/output_2021_10_08_CMC_S10/B2_Zoom_Meeting_Room_2_2021_10_08_13_02_10_chunk3.json | outputs/2021CMC/output_2021_10_08_CMC_S10/B2_Zoom_Meeting_Room_2_2021_10_08_13_02_10_chunk4.json | outputs/2021CMC/output_2021_10_08_CMC_S10/B2_Zoom_Meeting_Room_2_2021_10_08_13_02_10_chunk5.json | outputs/2021CMC/output_2021_10_08_CMC_S10/B2_Zoom_Meeting_Room_2_2021_10_08_13_02_10_chunk6.json | outputs/2021CMC/output_2021_10_08_CMC_S10/B2_Zoom_Meeting_Room_2_2021_10_08_13_02_10_chunk7.json | outputs/2021CMC/output_2021_10_08_CMC_S10/B2_Zoom_Meeting_Room_2_2021_10_08_13_02_10_chunk8.json | outputs/2021CMC/output_2021_10_08_CMC_S3/B2_Zoom_Meeting_Room_2_2021_10_08_10_59_57_chunk1.json | outputs/2021CMC/output_2021_10_08_CMC_S3/B2_Zoom_Meeting_Room_2_2021_10_08_10_59_57_chunk2.json | outputs/2021CMC/output_2021_10_08_CMC_S3/B2_Zoom_Meeting_Room_2_2021_10_08_10_59_57_chunk3.json | outputs/2021CMC/output_2021_10_08_CMC_S3/B2_Zoom_Meeting_Room_2_2021_10_08_10_59_57_chunk4.json | outputs/2021CMC/output_2021_10_08_CMC_S3/B2_Zoom_Meeting_Room_2_2021_10_08_10_59_57_chunk5.json | outputs/2021CMC/output_2021_10_08_CMC_S3/B2_Zoom_Meeting_Room_2_2021_10_08_10_59_57_chunk6.json | outputs/2021CMC/output_2021_10_08_CMC_S3/B2_Zoom_Meeting_Room_2_2021_10_08_10_59_57_chunk7.json | outputs/2021CMC/output_2021_10_08_CMC_S3/B2_Zoom_Meeting_Room_2_2021_10_08_10_59_57_chunk8.json,61,16
alison,output,2021CMC,Alison,outputs/2021CMC/output_2021_10_08_CMC_S1/2021_10_08_09_59_21_chunk1.json | outputs/2021CMC/output_2021_10_08_CMC_S1/2021_10_08_09_59_21_chunk2.json | outputs/2021CMC/output_2021_10_08_CMC_S1/2021_10_08_09_59_21_chunk3.json | outputs/2021CMC/output_2021_10_08_CMC_S1/2021_10_08_09_59_21_chunk4.json | outputs/2021CMC/output_2021_10_08_CMC_S1/2021_10_08_09_59_21_chunk5.json | outputs/2021CMC/output_2021_10_08_CMC_S1/2021_10_08_09_59_21_chunk6.json | outputs/2021CMC/output_2021_10_08_CMC_S1/2021_10_08_09_59_21_chunk7.json | outputs/2021CMC/output_2021_10_08_CMC_S1/2021_10_08_09_59_21_chunk8.json,35,8
alison ondrus,output,2021CMC,Alison Ondrus,outputs/2021CMC/output_2021_10_07_CMC_S2/B1_Zoom_Meeting_Room_1_2021_10_07_12_36_41_chunk1.json | outputs/2021CMC/output_2021_10_07_CMC_S2/B1_Zoom_Meeting_Room_1_2021_10_07_12_36_41_chunk2.json | outputs/2021CMC/output_2021_10_07_CMC_S2/B1_Zoom_Meeting_Room_1_2021_10_07_12_36_41_chunk3.json | outputs/2021CMC/output_2021_10_07_CMC_S2/B1_Zoom_Meeting_Room_1_2021_10_07_12_36_41_chunk4.json | outputs/2021CMC/output_2021_10_07_CMC_S2/B1_Zoom_Meeting_Room_1_2021_10_07_12_36_41_chunk5.json | outputs/2021CMC/output_2021_10_07_CMC_S2/B1_Zoom_Meeting_Room_1_2021_10_07_12_36_41_chunk6.json | outputs/2021CMC/output_2021_10_07_CMC_S2/B1_Zoom_Meeting_Room_1_2021_10_07_12_36_41_chunk7.json | outputs/2021CMC/output_2021_10_07_CMC_S2/B1_Zoom_Meeting_Room_1_2021_10_07_12_36_41_chunk8.json | outputs/2021CMC/output_2021_10_08_CMC_S10/B2_Zoom_Meeting_Room_2_2021_10_08_13_02_10_chunk1.json | outputs/2021CMC/output_2021_10_08_CMC_S10/B2_Zoom_Meeting_Room_2_2021_10_08_13_02_10_chunk2.json | outputs/2021CMC/output_2021_10_08_CMC_S10/B2_Zoom_Meeting_Room_2_2021_10_08_13_02_10_chunk3.json | outputs/2021CMC/output_2021_10_08_CMC_S10/B2_Zoom_Meeting_Room_2_2021_10_08_13_02_10_chunk4.json | outputs/2021CMC/output_2021_10_08_CMC_S10/B2_Zoom_Meeting_Room_2_2021_10_08_13_02_10_chunk5.json | outputs/2021CMC/output_2021_10_08_CMC_S10/B2_Zoom_Meeting_Room_2_2021_10_08_13_02_10_chunk6.json | outputs/2021CMC/output_2021_10_08_CMC_S10/B2_Zoom_Meeting_Room_2_2021_10_08_13_02_10_chunk7.json | outputs/2021CMC/output_2021_10_08_CMC_S10/B2_Zoom_Meeting_Room_2_2021_10_08_13_02_10_chunk8.json | outputs/2021CMC/output_2021_10_08_CMC_S5/B4_2021_10_08_10_59_30_chunk1.json | outputs/2021CMC/output_2021_10_08_CMC_S5/B4_2021_10_08_10_59_30_chunk2.json | outputs/2021CMC/output_2021_10_08_CMC_S5/B4_2021_10_08_10_59_30_chunk3.json | outputs/2021CMC/output_2021_10_08_CMC_S5/B4_2021_10_08_10_59_30_chunk4.json | outputs/2021CMC/output_2021_10_08_CMC_S5/B4_2021_10_08_10_59_30_chunk5.json | outputs/2021CMC/output_2021_10_08_CMC_S5/B4_2021_10_08_10_59_30_chunk6.json | outputs/2021CMC/output_2021_10_08_CMC_S5/B4_2021_10_08_10_59_30_chunk7.json | outputs/2021CMC/output_2021_10_08_CMC_S5/B4_2021_10_08_10_59_30_chunk8.json,80,24
anna,output,2021CMC,Anna,outputs/2021CMC/output_2021_10_08_CMC_S1/2021_10_08_09_59_21_chunk1.json | outputs/2021CMC/output_2021_10_08_CMC_S1/2021_10_08_09_59_21_chunk2.json | outputs/2021CMC/output_2021_10_08_CMC_S1/2021_10_08_09_59_21_chunk3.json | outputs/2021CMC/output_2021_10_08_CMC_S1/2021_10_08_09_59_21_chunk4.json | outputs/2021CMC/output_2021_10_08_CMC_S1/2021_10_08_09_59_21_chunk5.json | outputs/2021CMC/output_2021_10_08_CMC_S1/2021_10_08_09_59_21_chunk6.json | outputs/2021CMC/output_2021_10_08_CMC_S1/2021_10_08_09_59_21_chunk7.json | outputs/2021CMC/output_2021_10_08_CMC_S1/2021_10_08_09_59_21_chunk8.json,16,8
anna marie sokac,output,2021CMC,Anna Marie Sokac,outputs/2021CMC/output_2021_10_07_CMC_S2/B1_Zoom_Meeting_Room_1_2021_10_07_12_36_41_chunk1.json | outputs/2021CMC/output_2021_10_07_CMC_S2/B1_Zoom_Meeting_Room_1_2021_10_07_12_36_41_chunk2.json | outputs/2021CMC/output_2021_10_07_CMC_S2/B1_Zoom_Meeting_Room_1_2021_10_07_12_36_41_chunk3.json | outputs/2021CMC/output_2021_10_07_CMC_S2/B1_Zoom_Meeting_Room_1_2021_10_07_12_36_41_chunk4.json | outputs/2021CMC/output_2021_10_07_CMC_S2/B1_Zoom_Meeting_Room_1_2021_10_07_12_36_41_chunk5.json | outputs/2021CMC/output_2021_10_07_CMC_S2/B1_Zoom_Meeting_Room_1_2021_10_07_12_36_41_chunk6.json | outputs/2021CMC/output_2021_10_07_CMC_S2/B1_Zoom_Meeting_Room_1_2021_10_07_12_36_41_chunk7.json | outputs/2021CMC/output_2021_10_07_CMC_S2/B1_Zoom_Meeting_Room_1_2021_10_07_12_36_41_chunk8.json | outputs/2021CMC/output_2021_10_08_CMC_S10/B2_Zoom_Meeting_Room_2_2021_10_08_13_02_10_chunk1.json | outputs/2021CMC/output_2021_10_08_CMC_S10/B2_Zoom_Meeting_Room_2_2021_10_08_13_02_10_chunk2.json | outputs/2021CMC/output_2021_10_08_CMC_S10/B2_Zoom_Meeting_Room_2_2021_10_08_13_02_10_chunk3.json | outputs/2021CMC/output_2021_10_08_CMC_S10/B2_Zoom_Meeting_Room_2_2021_10_08_13_02_10_chunk4.json | outputs/2021CMC/output_2021_10_08_CMC_S10/B2_Zoom_Meeting_Room_2_2021_10_08_13_02_10_chunk5.json | outputs/2021CMC/output_2021_10_08_CMC_S10/B2_Zoom_Meeting_Room_2_2021_10_08_13_02_10_chunk6.json | outputs/2021CMC/output_2021_10_08_CMC_S10/B2_Zoom_Meeting_Room_2_2021_10_08_13_02_10_chunk7.json | outputs/2021CMC/output_2021_10_08_CMC_S10/B2_Zoom_Meeting_Room_2_2021_10_08_13_02_10_chunk8.json | outputs/2021CMC/output_2021_10_08_CMC_S5/B4_2021_10_08_10_59_30_chunk1.json | outputs/2021CMC/output_2021_10_08_CMC_S5/B4_2021_10_08_10_59_30_chunk2.json | outputs/2021CMC/output_2021_10_08_CMC_S5/B4_2021_10_08_10_59_30_chunk3.json | outputs/2021CMC/output_2021_10_08_CMC_S5/B4_2021_10_08_10_59_30_chunk4.json | outputs/2021CMC/output_2021_10_08_CMC_S5/B4_2021_10_08_10_59_30_chunk5.json | outputs/2021CMC/output_2021_10_08_CMC_S5/B4_2021_10_08_10_59_30_chunk6.json | outputs/2021CMC/output_2021_10_08_CMC_S5/B4_2021_10_08_10_59_30_chunk7.json | outputs/2021CMC/output_2021_10_08_CMC_S5/B4_2021_10_08_10_59_30_chunk8.json,64,24
beth childers,output,2021CMC,Beth Childers,outputs/2021CMC/output_2021_10_07_CMC_S5/B4_2021_10_07_12_37_15_chunk2.json | outputs/2021CMC/output_2021_10_07_CMC_S5/B4_2021_10_07_12_37_15_chunk3.json | outputs/2021CMC/output_2021_10_07_CMC_S5/B4_2021_10_07_12_37_15_chunk4.json | outputs/2021CMC/output_2021_10_07_CMC_S5/B4_2021_10_07_12_37_15_chunk5.json | outputs/2021CMC/output_2021_10_07_CMC_S5/B4_2021_10_07_12_37_15_chunk6.json | outputs/2021CMC/output_2021_10_07_CMC_S5/B4_2021_10_07_12_37_15_chunk7.json | outputs/2021CMC/output_2021_10_07_CMC_S5/B4_2021_10_07_12_37_15_chunk8.json,12,7
cathy murphy,output,2021CMC,Cathy Murphy,outputs/2021CMC/output_2021_10_07_CMC_S2/B1_Zoom_Meeting_Room_1_2021_10_07_12_36_41_chunk1.json | outputs/2021CMC/output_2021_10_07_CMC_S2/B1_Zoom_Meeting_Room_1_2021_10_07_12_36_41_chunk2.json | outputs/2021CMC/output_2021_10_07_CMC_S2/B1_Zoom_Meeting_Room_1_2021_10_07_12_36_41_chunk3.json | outputs/2021CMC/output_2021_10_07_CMC_S2/B1_Zoom_Meeting_Room_1_2021_10_07_12_36_41_chunk4.json | outputs/2021CMC/output_2021_10_07_CMC_S2/B1_Zoom_Meeting_Room_1_2021_10_07_12_36_41_chunk5.json | outputs/2021CMC/output_2021_10_07_CMC_S2/B1_Zoom_Meeting_Room_1_2021_10_07_12_36_41_chunk6.json | outputs/2021CMC/output_2021_10_07_CMC_S2/B1_Zoom_Meeting_Room_1_2021_10_07_12_36_41_chunk7.json | outputs/2021CMC/output_2021_10_07_CMC_S2/B1_Zoom_Meeting_Room_1_2021_10_07_12_36_41_chunk8.json | outputs/2021CMC/output_2021_10_08_CMC_S13/B5_2021_10_08_13_01_46_chunk1.json | outputs/2021CMC/output_2021_10_08_CMC_S13/B5_2021_10_08_13_01_46_chunk2.json | outputs/2021CMC/output_2021_10_08_CMC_S13/B5_2021_10_08_13_01_46_chunk3.json | outputs/2021CMC/output_2021_10_08_CMC_S13/B5_2021_10_08_13_01_46_chunk4.json | outputs/2021CMC/output_2021_10_08_CMC_S13/B5_2021_10_08_13_01_46_chunk5.json | outputs/2021CMC/output_2021_10_08_CMC_S13/B5_2021_10_08_13_01_46_chunk6.json | outputs/2021CMC/output_2021_10_08_CMC_S13/B5_2021_10_08_13_01_46_chunk7.json | outputs/2021CMC/output_2021_10_08_CMC_S13/B5_2021_10_08_13_01_46_chunk8.json | outputs/2021CMC/output_2021_10_08_CMC_S14/Room5_Session2_chunk1.json | outputs/2021CMC/output_2021_10_08_CMC_S14/Room5_Session2_chunk2.json | outputs/2021CMC/output_2021_10_08_CMC_S14/Room5_Session2_chunk3.json | outputs/2021CMC/output_2021_10_08_CMC_S14/Room5_Session2_chunk4.json | outputs/2021CMC/output_2021_10_08_CMC_S14/Room5_Session2_chunk5.json | outputs/2021CMC/output_2021_10_08_CMC_S14/Room5_Session2_chunk6.json | outputs/2021CMC/output_2021_10_08_CMC_S14/Room5_Session2_chunk7.json | outputs/2021CMC/output_2021_10_08_CMC_S14/Room5_Session2_chunk8.json | outputs/2021CMC/output_2021_10_08_CMC_S2/B1_Zoom_Meeting_Room_1_2021_10_08_10_59_46_chunk1.json | outputs/2021CMC/output_2021_10_08_CMC_S2/B1_Zoom_Meeting_Room_1_2021_10_08_10_59_46_chunk2.json | outputs/2021CMC/output_2021_10_08_CMC_S2/B1_Zoom_Meeting_Room_1_2021_10_08_10_59_46_chunk3.json | outputs/2021CMC/output_2021_10_08_CMC_S2/B1_Zoom_Meeting_Room_1_2021_10_08_10_59_46_chunk4.json | outputs/2021CMC/output_2021_10_08_CMC_S2/B1_Zoom_Meeting_Room_1_2021_10_08_10_59_46_chunk5.json | outputs/2021CMC/output_2021_10_08_CMC_S2/B1_Zoom_Meeting_Room_1_2021_10_08_10_59_46_chunk6.json | outputs/2021CMC/output_2021_10_08_CMC_S2/B1_Zoom_Meeting_Room_1_2021_10_08_10_59_46_chunk7.json | outputs/2021CMC/output_2021_10_08_CMC_S2/B1_Zoom_Meeting_Room_1_2021_10_08_10_59_46_chunk8.json,295,32
cheeming tan,output,2021CMC,Cheeming Tan,outputs/2021CMC/output_2021_10_07_CMC_S7/CMC_1_5_chunk1.json | outputs/2021CMC/output_2021_10_07_CMC_S7/CMC_1_5_chunk2.json | outputs/2021CMC/output_2021_10_07_CMC_S7/CMC_1_5_chunk3.json | outputs/2021CMC/output_2021_10_07_CMC_S7/CMC_1_5_chunk4.json | outputs/2021CMC/output_2021_10_07_CMC_S7/CMC_1_5_chunk5.json | outputs/2021CMC/output_2021_10_07_CMC_S7/CMC_1_5_chunk6.json | outputs/2021CMC/output_2021_10_07_CMC_S7/CMC_1_5_chunk7.json | outputs/2021CMC/output_2021_10_07_CMC_S7/CMC_1_5_chunk8.json,16,8
chemeng tan,output,2021CMC,Chemeng Tan,outputs/2021CMC/output_2021_10_08_CMC_S4/B3_2021_10_08_10_59_57_chunk1.json | outputs/2021CMC/output_2021_10_08_CMC_S4/B3_2021_10_08_10_59_57_chunk2.json | outputs/2021CMC/output_2021_10_08_CMC_S4/B3_2021_10_08_10_59_57_chunk3.json | outputs/2021CMC/output_2021_10_08_CMC_S4/B3_2021_10_08_10_59_57_chunk4.json | outputs/2021CMC/output_2021_10_08_CMC_S4/B3_2021_10_08_10_59_57_chunk5.json | outputs/2021CMC/output_2021_10_08_CMC_S4/B3_2021_10_08_10_59_57_chunk6.json | outputs/2021CMC/output_2021_10_08_CMC_S4/B3_2021_10_08_10_59_57_chunk7.json | outputs/2021CMC/output_2021_10_08_CMC_S4/B3_2021_10_08_10_59_57_chunk8.json,19,8
davide donadio,output,2021CMC,Davide Donadio,outputs/2021CMC/output_2021_10_07_CMC_S6/B5_2021_10_07_12_37_23_chunk1.json | outputs/2021CMC/output_2021_10_07_CMC_S6/B5_2021_10_07_12_37_23_chunk2.json | outputs/2021CMC/output_2021_10_07_CMC_S6/B5_2021_10_07_12_37_23_chunk3.json | outputs/2021CMC/output_2021_10_07_CMC_S6/B5_2021_10_07_12_37_23_chunk4.json | outputs/2021CMC/output_2021_10_07_CMC_S6/B5_2021_10_07_12_37_23_chunk5.json | outputs/2021CMC/output_2021_10_07_CMC_S6/B5_2021_10_07_12_37_23_chunk6.json | outputs/2021CMC/output_2021_10_07_CMC_S6/B5_2021_10_07_12_37_23_chunk7.json | outputs/2021CMC/output_2021_10_07_CMC_S6/B5_2021_10_07_12_37_23_chunk8.json | outputs/2021CMC/output_2021_10_07_CMC_S7/CMC_1_5_chunk1.json | outputs/2021CMC/output_2021_10_07_CMC_S7/CMC_1_5_chunk2.json | outputs/2021CMC/output_2021_10_07_CMC_S7/CMC_1_5_chunk3.json | outputs/2021CMC/output_2021_10_07_CMC_S7/CMC_1_5_chunk4.json | outputs/2021CMC/output_2021_10_07_CMC_S7/CMC_1_5_chunk5.json | outputs/2021CMC/output_2021_10_07_CMC_S7/CMC_1_5_chunk6.json | outputs/2021CMC/output_2021_10_07_CMC_S7/CMC_1_5_chunk7.json | outputs/2021CMC/output_2021_10_07_CMC_S7/CMC_1_5_chunk8.json | outputs/2021CMC/output_2021_10_08_CMC_S11/B3_2021_10_08_13_01_43_chunk1.json | outputs/2021CMC/output_2021_10_08_CMC_S11/B3_2021_10_08_13_01_43_chunk2.json | outputs/2021CMC/output_2021_10_08_CMC_S11/B3_2021_10_08_13_01_43_chunk3.json | outputs/2021CMC/output_2021_10_08_CMC_S11/B3_2021_10_08_13_01_43_chunk4.json | outputs/2021CMC/output_2021_10_08_CMC_S11/B3_2021_10_08_13_01_43_chunk5.json | outputs/2021CMC/output_2021_10_08_CMC_S11/B3_2021_10_08_13_01_43_chunk6.json | outputs/2021CMC/output_2021_10_08_CMC_S11/B3_2021_10_08_13_01_43_chunk7.json | outputs/2021CMC/output_2021_10_08_CMC_S11/B3_2021_10_08_13_01_43_chunk8.json | outputs/2021CMC/output_2021_10_08_CMC_S2/B1_Zoom_Meeting_Room_1_2021_10_08_10_59_46_chunk1.json | outputs/2021CMC/output_2021_10_08_CMC_S2/B1_Zoom_Meeting_Room_1_2021_10_08_10_59_46_chunk2.json | outputs/2021CMC/output_2021_10_08_CMC_S2/B1_Zoom_Meeting_Room_1_2021_10_08_10_59_46_chunk3.json | outputs/2021CMC/output_2021_10_08_CMC_S2/B1_Zoom_Meeting_Room_1_2021_10_08_10_59_46_chunk4.json | outputs/2021CMC/output_2021_10_08_CMC_S2/B1_Zoom_Meeting_Room_1_2021_10_08_10_59_46_chunk5.json | outputs/2021CMC/output_2021_10_08_CMC_S2/B1_Zoom_Meeting_Room_1_2021_10_08_10_59_46_chunk6.json | outputs/2021CMC/output_2021_10_08_CMC_S2/B1_Zoom_Meeting_Room_1_2021_10_08_10_59_46_chunk7.json | outputs/2021CMC/output_2021_10_08_CMC_S2/B1_Zoom_Meeting_Room_1_2021_10_08_10_59_46_chunk8.json,106,32
erica matunis,output,2021CMC,Erica Matunis,outputs/2021CMC/output_2021_10_07_CMC_S1/2021_10_07_11_31_22_chunk1.json | outputs/2021CMC/output_2021_10_07_CMC_S1/2021_10_07_11_31_22_chunk2.json | outputs/2021CMC/output_2021_10_07_CMC_S1/2021_10_07_11_31_22_chunk3.json | outputs/2021CMC/output_2021_10_07_CMC_S1/2021_10_07_11_31_22_chunk4.json | outputs/2021CMC/output_2021_10_07_CMC_S1/2021_10_07_11_31_22_chunk5.json | outputs/2021CMC/output_2021_10_07_CMC_S1/2021_10_07_11_31_22_chunk6.json | outputs/2021CMC/output_2021_10_07_CMC_S1/2021_10_07_11_31_22_chunk7.json | outputs/2021CMC/output_2021_10_07_CMC_S1/2021_10_07_11_31_22_chunk8.json,43,8
erika matunis,output,2021CMC,Erika Matunis,outputs/2021CMC/output_2021_10_07_CMC_S5/B4_2021_10_07_12_37_15_chunk1.json | outputs/2021CMC/output_2021_10_07_CMC_S5/B4_2021_10_07_12_37_15_chunk2.json | outputs/2021CMC/output_2021_10_07_CMC_S5/B4_2021_10_07_12_37_15_chunk3.json | outputs/2021CMC/output_2021_10_07_CMC_S5/B4_2021_10_07_12_37_15_chunk4.json | outputs/2021CMC/output_2021_10_07_CMC_S5/B4_2021_10_07_12_37_15_chunk5.json | outputs/2021CMC/output_2021_10_07_CMC_S5/B4_2021_10_07_12_37_15_chunk6.json | outputs/2021CMC/output_2021_10_07_CMC_S5/B4_2021_10_07_12_37_15_chunk7.json | outputs/2021CMC/output_2021_10_07_CMC_S5/B4_2021_10_07_12_37_15_chunk8.json | outputs/2021CMC/output_2021_10_08_CMC_S3/B2_Zoom_Meeting_Room_2_2021_10_08_10_59_57_chunk1.json | outputs/2021CMC/output_2021_10_08_CMC_S3/B2_Zoom_Meeting_Room_2_2021_10_08_10_59_57_chunk2.json | outputs/2021CMC/output_2021_10_08_CMC_S3/B2_Zoom_Meeting_Room_2_2021_10_08_10_59_57_chunk3.json | outputs/2021CMC/output_2021_10_08_CMC_S3/B2_Zoom_Meeting_Room_2_2021_10_08_10_59_57_chunk4.json | outputs/2021CMC/output_2021_10_08_CMC_S3/B2_Zoom_Meeting_Room_2_2021_10_08_10_59_57_chunk5.json | outputs/2021CMC/output_2021_10_08_CMC_S3/B2_Zoom_Meeting_Room_2_2021_10_08_10_59_57_chunk6.json | outputs/2021CMC/output_2021_10_08_CMC_S3/B2_Zoom_Meeting_Room_2_2021_10_08_10_59_57_chunk7.json | outputs/2021CMC/output_2021_10_08_CMC_S3/B2_Zoom_Meeting_Room_2_2021_10_08_10_59_57_chunk8.json,129,16
erika matunis jhmi,output,2021CMC,Erika Matunis JHMI,outputs/2021CMC/output_2021_10_08_CMC_S10/B2_Zoom_Meeting_Room_2_2021_10_08_13_02_10_chunk1.json | outputs/2021CMC/output_2021_10_08_CMC_S10/B2_Zoom_Meeting_Room_2_2021_10_08_13_02_10_chunk2.json | outputs/2021CMC/output_2021_10_08_CMC_S10/B2_Zoom_Meeting_Room_2_2021_10_08_13_02_10_chunk3.json | outputs/2021CMC/output_2021_10_08_CMC_S10/B2_Zoom_Meeting_Room_2_2021_10_08_13_02_10_chunk4.json | outputs/2021CMC/output_2021_10_08_CMC_S10/B2_Zoom_Meeting_Room_2_2021_10_08_13_02_10_chunk5.json | outputs/2021CMC/output_2021_10_08_CMC_S10/B2_Zoom_Meeting_Room_2_2021_10_08_13_02_10_chunk6.json | outputs/2021CMC/output_2021_10_08_CMC_S10/B2_Zoom_Meeting_Room_2_2021_10_08_13_02_10_chunk7.json | outputs/2021CMC/output_2021_10_08_CMC_S10/B2_Zoom_Meeting_Room_2_2021_10_08_13_02_10_chunk8.json,85,8
g w gant luxton,truth,2021CMC,G.W. Gant Luxton,analysis_v1/data/2021CMC/2021CMC_outcome.json,1,1
gabriela schlau cohen,output,2021CMC,Gabriela Schlau-Cohen,outputs/2021CMC/output_2021_10_07_CMC_S3/B2.1_Zoom_Meeting_Room_2_2021_10_07_12_36_56.json | outputs/2021CMC/output_2021_10_07_CMC_S3/B2.2_Zoom_Meeting_Room_2_2021_10_07_12_41_55_chunk1.json | outputs/2021CMC/output_2021_10_07_CMC_S3/B2.2_Zoom_Meeting_Room_2_2021_10_07_12_41_55_chunk2.json | outputs/2021CMC/output_2021_10_07_CMC_S3/B2.2_Zoom_Meeting_Room_2_2021_10_07_12_41_55_chunk3.json | outputs/2021CMC/output_2021_10_07_CMC_S3/B2.2_Zoom_Meeting_Room_2_2021_10_07_12_41_55_chunk4.json | outputs/2021CMC/output_2021_10_07_CMC_S3/B2.2_Zoom_Meeting_Room_2_2021_10_07_12_41_55_chunk5.json | outputs/2021CMC/output_2021_10_07_CMC_S3/B2.2_Zoom_Meeting_Room_2_2021_10_07_12_41_55_chunk6.json | outputs/2021CMC/output_2021_10_07_CMC_S3/B2.2_Zoom_Meeting_Room_2_2021_10_07_12_41_55_chunk7.json,12,8
gang yu liu,output,2021CMC,Gang-Yu Liu | Gang-yu Liu,outputs/2021CMC/output_2021_10_07_CMC_S3/B2.1_Zoom_Meeting_Room_2_2021_10_07_12_36_56.json | outputs/2021CMC/output_2021_10_07_CMC_S3/B2.2_Zoom_Meeting_Room_2_2021_10_07_12_41_55_chunk1.json | outputs/2021CMC/output_2021_10_07_CMC_S3/B2.2_Zoom_Meeting_Room_2_2021_10_07_12_41_55_chunk2.json | outputs/2021CMC/output_2021_10_07_CMC_S3/B2.2_Zoom_Meeting_Room_2_2021_10_07_12_41_55_chunk3.json | outputs/2021CMC/output_2021_10_07_CMC_S3/B2.2_Zoom_Meeting_Room_2_2021_10_07_12_41_55_chunk4.json | outputs/2021CMC/output_2021_10_07_CMC_S3/B2.2_Zoom_Meeting_Room_2_2021_10_07_12_41_55_chunk5.json | outputs/2021CMC/output_2021_10_07_CMC_S3/B2.2_Zoom_Meeting_Room_2_2021_10_07_12_41_55_chunk6.json | outputs/2021CMC/output_2021_10_07_CMC_S3/B2.2_Zoom_Meeting_Room_2_2021_10_07_12_41_55_chunk7.json | outputs/2021CMC/output_2021_10_08_CMC_S1/2021_10_08_09_59_21_chunk1.json | outputs/2021CMC/output_2021_10_08_CMC_S1/2021_10_08_09_59_21_chunk2.json | outputs/2021CMC/output_2021_10_08_CMC_S1/2021_10_08_09_59_21_chunk3.json | outputs/2021CMC/output_2021_10_08_CMC_S1/2021_10_08_09_59_21_chunk4.json | outputs/2021CMC/output_2021_10_08_CMC_S1/2021_10_08_09_59_21_chunk5.json | outputs/2021CMC/output_2021_10_08_CMC_S1/2021_10_08_09_59_21_chunk6.json | outputs/2021CMC/output_2021_10_08_CMC_S1/2021_10_08_09_59_21_chunk7.json | outputs/2021CMC/output_2021_10_08_CMC_S1/2021_10_08_09_59_21_chunk8.json | outputs/2021CMC/output_2021_10_08_CMC_S5/B4_2021_10_08_10_59_30_chunk1.json | outputs/2021CMC/output_2021_10_08_CMC_S5/B4_2021_10_08_10_59_30_chunk2.json | outputs/2021CMC/output_2021_10_08_CMC_S5/B4_2021_10_08_10_59_30_chunk3.json | outputs/2021CMC/output_2021_10_08_CMC_S5/B4_2021_10_08_10_59_30_chunk4.json | outputs/2021CMC/output_2021_10_08_CMC_S5/B4_2021_10_08_10_59_30_chunk5.json | outputs/2021CMC/output_2021_10_08_CMC_S5/B4_2021_10_08_10_59_30_chunk6.json | outputs/2021CMC/output_2021_10_08_CMC_S5/B4_2021_10_08_10_59_30_chunk7.json | outputs/2021CMC/output_2021_10_08_CMC_S5/B4_2021_10_08_10_59_30_chunk8.json | outputs/2021CMC/output_2021_10_08_CMC_S9/B1_Zoom_Meeting_Room_1_2021_10_08_13_01_59_chunk1.json | outputs/2021CMC/output_2021_10_08_CMC_S9/B1_Zoom_Meeting_Room_1_2021_10_08_13_01_59_chunk2.json | outputs/2021CMC/output_2021_10_08_CMC_S9/B1_Zoom_Meeting_Room_1_2021_10_08_13_01_59_chunk3.json | outputs/2021CMC/output_2021_10_08_CMC_S9/B1_Zoom_Meeting_Room_1_2021_10_08_13_01_59_chunk4.json | outputs/2021CMC/output_2021_10_08_CMC_S9/B1_Zoom_Meeting_Room_1_2021_10_08_13_01_59_chunk5.json | outputs/2021CMC/output_2021_10_08_CMC_S9/B1_Zoom_Meeting_Room_1_2021_10_08_13_01_59_chunk6.json | outputs/2021CMC/output_2021_10_08_CMC_S9/B1_Zoom_Meeting_Room_1_2021_10_08_13_01_59_chunk7.json | outputs/2021CMC/output_2021_10_08_CMC_S9/B1_Zoom_Meeting_Room_1_2021_10_08_13_01_59_chunk8.json,289,32
gant lupton,output,2021CMC,Gant Lupton,outputs/2021CMC/output_2021_10_08_CMC_S9/B1_Zoom_Meeting_Room_1_2021_10_08_13_01_59_chunk2.json,11,1
gant luton,output,2021CMC,Gant Luton,outputs/2021CMC/output_2021_10_07_CMC_S5/B4_2021_10_07_12_37_15_chunk1.json | outputs/2021CMC/output_2021_10_07_CMC_S5/B4_2021_10_07_12_37_15_chunk2.json | outputs/2021CMC/output_2021_10_07_CMC_S5/B4_2021_10_07_12_37_15_chunk3.json | outputs/2021CMC/output_2021_10_07_CMC_S5/B4_2021_10_07_12_37_15_chunk4.json | outputs/2021CMC/output_2021_10_07_CMC_S5/B4_2021_10_07_12_37_15_chunk5.json | outputs/2021CMC/output_2021_10_07_CMC_S5/B4_2021_10_07_12_37_15_chunk6.json | outputs/2021CMC/output_2021_10_07_CMC_S5/B4_2021_10_07_12_37_15_chunk7.json | outputs/2021CMC/output_2021_10_07_CMC_S5/B4_2021_10_07_12_37_15_chunk8.json,42,8
gant luxton,output,2021CMC,Gant Luxton,outputs/2021CMC/output_2021_10_07_CMC_S1/2021_10_07_11_31_22_chunk1.json | outputs/2021CMC/output_2021_10_07_CMC_S1/2021_10_07_11_31_22_chunk2.json | outputs/2021CMC/output_2021_10_07_CMC_S1/2021_10_07_11_31_22_chunk3.json | outputs/2021CMC/output_2021_10_07_CMC_S1/2021_10_07_11_31_22_chunk4.json | outputs/2021CMC/output_2021_10_07_CMC_S1/2021_10_07_11_31_22_chunk5.json | outputs/2021CMC/output_2021_10_07_CMC_S1/2021_10_07_11_31_22_chunk6.json | outputs/2021CMC/output_2021_10_07_CMC_S1/2021_10_07_11_31_22_chunk7.json | outputs/2021CMC/output_2021_10_07_CMC_S1/2021_10_07_11_31_22_chunk8.json | outputs/2021CMC/output_2021_10_08_CMC_S9/B1_Zoom_Meeting_Room_1_2021_10_08_13_01_59_chunk3.json | outputs/2021CMC/output_2021_10_08_CMC_S9/B1_Zoom_Meeting_Room_1_2021_10_08_13_01_59_chunk4.json | outputs/2021CMC/output_2021_10_08_CMC_S9/B1_Zoom_Meeting_Room_1_2021_10_08_13_01_59_chunk5.json | outputs/2021CMC/output_2021_10_08_CMC_S9/B1_Zoom_Meeting_Room_1_2021_10_08_13_01_59_chunk6.json | outputs/2021CMC/output_2021_10_08_CMC_S9/B1_Zoom_Meeting_Room_1_2021_10_08_13_01_59_chunk7.json | outputs/2021CMC/output_2021_10_08_CMC_S9/B1_Zoom_Meeting_Room_1_2021_10_08_13_01_59_chunk8.json,83,14
gary greenberg,output,2021CMC,Gary Greenberg,outputs/2021CMC/output_2021_10_07_CMC_S7/CMC_1_5_chunk1.json | outputs/2021CMC/output_2021_10_07_CMC_S7/CMC_1_5_chunk2.json | outputs/2021CMC/output_2021_10_07_CMC_S7/CMC_1_5_chunk3.json | outputs/2021CMC/output_2021_10_07_CMC_S7/CMC_1_5_chunk4.json | outputs/2021CMC/output_2021_10_07_CMC_S7/CMC_1_5_chunk5.json | outputs/2021CMC/output_2021_10_07_CMC_S7/CMC_1_5_chunk6.json | outputs/2021CMC/output_2021_10_07_CMC_S7/CMC_1_5_chunk7.json | outputs/2021CMC/output_2021_10_07_CMC_S7/CMC_1_5_chunk8.json | outputs/2021CMC/output_2021_10_08_CMC_S1/2021_10_08_09_59_21_chunk1.json | outputs/2021CMC/output_2021_10_08_CMC_S1/2021_10_08_09_59_21_chunk2.json | outputs/2021CMC/output_2021_10_08_CMC_S1/2021_10_08_09_59_21_chunk3.json | outputs/2021CMC/output_2021_10_08_CMC_S1/2021_10_08_09_59_21_chunk4.json | outputs/2021CMC/output_2021_10_08_CMC_S1/2021_10_08_09_59_21_chunk5.json | outputs/2021CMC/output_2021_10_08_CMC_S1/2021_10_08_09_59_21_chunk6.json | outputs/2021CMC/output_2021_10_08_CMC_S1/2021_10_08_09_59_21_chunk7.json | outputs/2021CMC/output_2021_10_08_CMC_S1/2021_10_08_09_59_21_chunk8.json,22,16
gary greenburg,output,2021CMC,Gary Greenburg,outputs/2021CMC/output_2021_10_07_CMC_S6/B5_2021_10_07_12_37_23_chunk1.json | outputs/2021CMC/output_2021_10_07_CMC_S6/B5_2021_10_07_12_37_23_chunk2.json | outputs/2021CMC/output_2021_10_07_CMC_S6/B5_2021_10_07_12_37_23_chunk3.json | outputs/2021CMC/output_2021_10_07_CMC_S6/B5_2021_10_07_12_37_23_chunk4.json | outputs/2021CMC/output_2021_10_07_CMC_S6/B5_2021_10_07_12_37_23_chunk5.json | outputs/2021CMC/output_2021_10_07_CMC_S6/B5_2021_10_07_12_37_23_chunk6.json | outputs/2021CMC/output_2021_10_07_CMC_S6/B5_2021_10_07_12_37_23_chunk7.json | outputs/2021CMC/output_2021_10_07_CMC_S6/B5_2021_10_07_12_37_23_chunk8.json | outputs/2021CMC/output_2021_10_08_CMC_S10/B2_Zoom_Meeting_Room_2_2021_10_08_13_02_10_chunk1.json | outputs/2021CMC/output_2021_10_08_CMC_S10/B2_Zoom_Meeting_Room_2_2021_10_08_13_02_10_chunk2.json | outputs/2021CMC/output_2021_10_08_CMC_S10/B2_Zoom_Meeting_Room_2_2021_10_08_13_02_10_chunk3.json | outputs/2021CMC/output_2021_10_08_CMC_S10/B2_Zoom_Meeting_Room_2_2021_10_08_13_02_10_chunk4.json | outputs/2021CMC/output_2021_10_08_CMC_S10/B2_Zoom_Meeting_Room_2_2021_10_08_13_02_10_chunk5.json | outputs/2021CMC/output_2021_10_08_CMC_S10/B2_Zoom_Meeting_Room_2_2021_10_08_13_02_10_chunk6.json | outputs/2021CMC/output_2021_10_08_CMC_S10/B2_Zoom_Meeting_Room_2_2021_10_08_13_02_10_chunk7.json | outputs/2021CMC/output_2021_10_08_CMC_S10/B2_Zoom_Meeting_Room_2_2021_10_08_13_02_10_chunk8.json | outputs/2021CMC/output_2021_10_08_CMC_S5/B4_2021_10_08_10_59_30_chunk1.json | outputs/2021CMC/output_2021_10_08_CMC_S5/B4_2021_10_08_10_59_30_chunk2.json | outputs/2021CMC/output_2021_10_08_CMC_S5/B4_2021_10_08_10_59_30_chunk3.json | outputs/2021CMC/output_2021_10_08_CMC_S5/B4_2021_10_08_10_59_30_chunk4.json | outputs/2021CMC/output_2021_10_08_CMC_S5/B4_2021_10_08_10_59_30_chunk5.json | outputs/2021CMC/output_2021_10_08_CMC_S5/B4_2021_10_08_10_59_30_chunk6.json | outputs/2021CMC/output_2021_10_08_CMC_S5/B4_2021_10_08_10_59_30_chunk7.json | outputs/2021CMC/output_2021_10_08_CMC_S5/B4_2021_10_08_10_59_30_chunk8.json,31,24
grace stokes,output,2021CMC,Grace Stokes,outputs/2021CMC/output_2021_10_07_CMC_S2/B1_Zoom_Meeting_Room_1_2021_10_07_12_36_41_chunk1.json | outputs/2021CMC/output_2021_10_07_CMC_S2/B1_Zoom_Meeting_Room_1_2021_10_07_12_36_41_chunk2.json | outputs/2021CMC/output_2021_10_07_CMC_S2/B1_Zoom_Meeting_Room_1_2021_10_07_12_36_41_chunk3.json | outputs/2021CMC/output_2021_10_07_CMC_S2/B1_Zoom_Meeting_Room_1_2021_10_07_12_36_41_chunk4.json | outputs/2021CMC/output_2021_10_07_CMC_S2/B1_Zoom_Meeting_Room_1_2021_10_07_12_36_41_chunk5.json | outputs/2021CMC/output_2021_10_07_CMC_S2/B1_Zoom_Meeting_Room_1_2021_10_07_12_36_41_chunk6.json | outputs/2021CMC/output_2021_10_07_CMC_S2/B1_Zoom_Meeting_Room_1_2021_10_07_12_36_41_chunk7.json | outputs/2021CMC/output_2021_10_07_CMC_S2/B1_Zoom_Meeting_Room_1_2021_10_07_12_36_41_chunk8.json | outputs/2021CMC/output_2021_10_08_CMC_S10/B2_Zoom_Meeting_Room_2_2021_10_08_13_02_10_chunk1.json | outputs/2021CMC/output_2021_10_08_CMC_S10/B2_Zoom_Meeting_Room_2_2021_10_08_13_02_10_chunk2.json | outputs/2021CMC/output_2021_10_08_CMC_S10/B2_Zoom_Meeting_Room_2_2021_10_08_13_02_10_chunk3.json | outputs/2021CMC/output_2021_10_08_CMC_S10/B2_Zoom_Meeting_Room_2_2021_10_08_13_02_10_chunk4.json | outputs/2021CMC/output_2021_10_08_CMC_S10/B2_Zoom_Meeting_Room_2_2021_10_08_13_02_10_chunk5.json | outputs/2021CMC/output_2021_10_08_CMC_S10/B2_Zoom_Meeting_Room_2_2021_10_08_13_02_10_chunk6.json | outputs/2021CMC/output_2021_10_08_CMC_S10/B2_Zoom_Meeting_Room_2_2021_10_08_13_02_10_chunk7.json | outputs/2021CMC/output_2021_10_08_CMC_S10/B2_Zoom_Meeting_Room_2_2021_10_08_13_02_10_chunk8.json | outputs/2021CMC/output_2021_10_08_CMC_S4/B3_2021_10_08_10_59_57_chunk1.json | outputs/2021CMC/output_2021_10_08_CMC_S4/B3_2021_10_08_10_59_57_chunk2.json | outputs/2021CMC/output_2021_10_08_CMC_S4/B3_2021_10_08_10_59_57_chunk3.json | outputs/2021CMC/output_2021_10_08_CMC_S4/B3_2021_10_08_10_59_57_chunk4.json | outputs/2021CMC/output_2021_10_08_CMC_S4/B3_2021_10_08_10_59_57_chunk5.json | outputs/2021CMC/output_2021_10_08_CMC_S4/B3_2021_10_08_10_59_57_chunk6.json | outputs/2021CMC/output_2021_10_08_CMC_S4/B3_2021_10_08_10_59_57_chunk7.json | outputs/2021CMC/output_2021_10_08_CMC_S4/B3_2021_10_08_10_59_57_chunk8.json,55,24
gulin pekkurmaz,output,2021CMC,Gulin Pekkurmaz,outputs/2021CMC/output_2021_10_07_CMC_S4/B3_2021_10_07_12_41_16_chunk1.json | outputs/2021CMC/output_2021_10_07_CMC_S4/B3_2021_10_07_12_41_16_chunk2.json | outputs/2021CMC/output_2021_10_07_CMC_S4/B3_2021_10_07_12_41_16_chunk3.json | outputs/2021CMC/output_2021_10_07_CMC_S4/B3_2021_10_07_12_41_16_chunk4.json | outputs/2021CMC/output_2021_10_07_CMC_S4/B3_2021_10_07_12_41_16_chunk5.json | outputs/2021CMC/output_2021_10_07_CMC_S4/B3_2021_10_07_12_41_16_chunk6.json | outputs/2021CMC/output_2021_10_07_CMC_S4/B3_2021_10_07_12_41_16_chunk7.json,18,7
gulon pekkumaz,output,2021CMC,Gulon Pekkumaz,outputs/2021CMC/output_2021_10_08_CMC_S4/B3_2021_10_08_10_59_57_chunk1.json | outputs/2021CMC/output_2021_10_08_CMC_S4/B3_2021_10_08_10_59_57_chunk2.json | outputs/2021CMC/output_2021_10_08_CMC_S4/B3_2021_10_08_10_59_57_chunk3.json | outputs/2021CMC/output_2021_10_08_CMC_S4/B3_2021_10_08_10_59_57_chunk4.json | outputs/2021CMC/output_2021_10_08_CMC_S4/B3_2021_10_08_10_59_57_chunk5.json | outputs/2021CMC/output_2021_10_08_CMC_S4/B3_2021_10_08_10_59_57_chunk6.json | outputs/2021CMC/output_2021_10_08_CMC_S4/B3_2021_10_08_10_59_57_chunk7.json | outputs/2021CMC/output_2021_10_08_CMC_S4/B3_2021_10_08_10_59_57_chunk8.json,20,8
gw gant luxton,output,2021CMC,GW Gant Luxton,outputs/2021CMC/output_2021_10_08_CMC_S3/B2_Zoom_Meeting_Room_2_2021_10_08_10_59_57_chunk1.json | outputs/2021CMC/output_2021_10_08_CMC_S3/B2_Zoom_Meeting_Room_2_2021_10_08_10_59_57_chunk2.json | outputs/2021CMC/output_2021_10_08_CMC_S3/B2_Zoom_Meeting_Room_2_2021_10_08_10_59_57_chunk3.json | outputs/2021CMC/output_2021_10_08_CMC_S3/B2_Zoom_Meeting_Room_2_2021_10_08_10_59_57_chunk4.json | outputs/2021CMC/output_2021_10_08_CMC_S3/B2_Zoom_Meeting_Room_2_2021_10_08_10_59_57_chunk5.json | outputs/2021CMC/output_2021_10_08_CMC_S3/B2_Zoom_Meeting_Room_2_2021_10_08_10_59_57_chunk6.json | outputs/2021CMC/output_2021_10_08_CMC_S3/B2_Zoom_Meeting_Room_2_2021_10_08_10_59_57_chunk7.json | outputs/2021CMC/output_2021_10_08_CMC_S3/B2_Zoom_Meeting_Room_2_2021_10_08_10_59_57_chunk8.json,27,8
hoa kang,output,2021CMC,Hoa Kang,outputs/2021CMC/output_2021_10_08_CMC_S8/2021_10_08_12_01_45_chunk1.json | outputs/2021CMC/output_2021_10_08_CMC_S8/2021_10_08_12_01_45_chunk2.json | outputs/2021CMC/output_2021_10_08_CMC_S8/2021_10_08_12_01_45_chunk3.json | outputs/2021CMC/output_2021_10_08_CMC_S8/2021_10_08_12_01_45_chunk4.json | outputs/2021CMC/output_2021_10_08_CMC_S8/2021_10_08_12_01_45_chunk5.json | outputs/2021CMC/output_2021_10_08_CMC_S8/2021_10_08_12_01_45_chunk6.json | outputs/2021CMC/output_2021_10_08_CMC_S8/2021_10_08_12_01_45_chunk7.json | outputs/2021CMC/output_2021_10_08_CMC_S8/2021_10_08_12_01_45_chunk8.json,31,8
holly goodson,output,2021CMC,Holly Goodson,outputs/2021CMC/output_2021_10_07_CMC_S4/B3_2021_10_07_12_41_16_chunk1.json | outputs/2021CMC/output_2021_10_07_CMC_S4/B3_2021_10_07_12_41_16_chunk2.json | outputs/2021CMC/output_2021_10_07_CMC_S4/B3_2021_10_07_12_41_16_chunk3.json | outputs/2021CMC/output_2021_10_07_CMC_S4/B3_2021_10_07_12_41_16_chunk4.json | outputs/2021CMC/output_2021_10_07_CMC_S4/B3_2021_10_07_12_41_16_chunk5.json | outputs/2021CMC/output_2021_10_07_CMC_S4/B3_2021_10_07_12_41_16_chunk6.json | outputs/2021CMC/output_2021_10_07_CMC_S4/B3_2021_10_07_12_41_16_chunk7.json | outputs/2021CMC/output_2021_10_07_CMC_S5/B4_2021_10_07_12_37_15_chunk8.json | outputs/2021CMC/output_2021_10_08_CMC_S4/B3_2021_10_08_10_59_57_chunk1.json | outputs/2021CMC/output_2021_10_08_CMC_S4/B3_2021_10_08_10_59_57_chunk2.json | outputs/2021CMC/output_2021_10_08_CMC_S4/B3_2021_10_08_10_59_57_chunk3.json | outputs/2021CMC/output_2021_10_08_CMC_S4/B3_2021_10_08_10_59_57_chunk4.json | outputs/2021CMC/output_2021_10_08_CMC_S4/B3_2021_10_08_10_59_57_chunk5.json | outputs/2021CMC/output_2021_10_08_CMC_S4/B3_2021_10_08_10_59_57_chunk6.json | outputs/2021CMC/output_2021_10_08_CMC_S4/B3_2021_10_08_10_59_57_chunk7.json | outputs/2021CMC/output_2021_10_08_CMC_S4/B3_2021_10_08_10_59_57_chunk8.json | outputs/2021CMC/output_2021_10_08_CMC_S9/B1_Zoom_Meeting_Room_1_2021_10_08_13_01_59_chunk1.json | outputs/2021CMC/output_2021_10_08_CMC_S9/B1_Zoom_Meeting_Room_1_2021_10_08_13_01_59_chunk2.json | outputs/2021CMC/output_2021_10_08_CMC_S9/B1_Zoom_Meeting_Room_1_2021_10_08_13_01_59_chunk3.json | outputs/2021CMC/output_2021_10_08_CMC_S9/B1_Zoom_Meeting_Room_1_2021_10_08_13_01_59_chunk4.json | outputs/2021CMC/output_2021_10_08_CMC_S9/B1_Zoom_Meeting_Room_1_2021_10_08_13_01_59_chunk5.json | outputs/2021CMC/output_2021_10_08_CMC_S9/B1_Zoom_Meeting_Room_1_2021_10_08_13_01_59_chunk6.json | outputs/2021CMC/output_2021_10_08_CMC_S9/B1_Zoom_Meeting_Room_1_2021_10_08_13_01_59_chunk7.json | outputs/2021CMC/output_2021_10_08_CMC_S9/B1_Zoom_Meeting_Room_1_2021_10_08_13_01_59_chunk8.json,198,24
joshua weinstein,output,2021CMC,Joshua Weinstein,outputs/2021CMC/output_2021_10_07_CMC_S1/2021_10_07_11_31_22_chunk1.json | outputs/2021CMC/output_2021_10_07_CMC_S1/2021_10_07_11_31_22_chunk2.json | outputs/2021CMC/output_2021_10_07_CMC_S1/2021_10_07_11_31_22_chunk3.json | outputs/2021CMC/output_2021_10_07_CMC_S1/2021_10_07_11_31_22_chunk4.json | outputs/2021CMC/output_2021_10_07_CMC_S1/2021_10_07_11_31_22_chunk5.json | outputs/2021CMC/output_2021_10_07_CMC_S1/2021_10_07_11_31_22_chunk6.json | outputs/2021CMC/output_2021_10_07_CMC_S1/2021_10_07_11_31_22_chunk7.json | outputs/2021CMC/output_2021_10_07_CMC_S1/2021_10_07_11_31_22_chunk8.json | outputs/2021CMC/output_2021_10_07_CMC_S5/B4_2021_10_07_12_37_15_chunk4.json | outputs/2021CMC/output_2021_10_07_CMC_S5/B4_2021_10_07_12_37_15_chunk5.json | outputs/2021CMC/output_2021_10_07_CMC_S5/B4_2021_10_07_12_37_15_chunk6.json | outputs/2021CMC/output_2021_10_07_CMC_S5/B4_2021_10_07_12_37_15_chunk7.json | outputs/2021CMC/output_2021_10_07_CMC_S5/B4_2021_10_07_12_37_15_chunk8.json | outputs/2021CMC/output_2021_10_08_CMC_S1/2021_10_08_09_59_21_chunk1.json | outputs/2021CMC/output_2021_10_08_CMC_S1/2021_10_08_09_59_21_chunk2.json | outputs/2021CMC/output_2021_10_08_CMC_S1/2021_10_08_09_59_21_chunk3.json | outputs/2021CMC/output_2021_10_08_CMC_S1/2021_10_08_09_59_21_chunk4.json | outputs/2021CMC/output_2021_10_08_CMC_S1/2021_10_08_09_59_21_chunk5.json | outputs/2021CMC/output_2021_10_08_CMC_S1/2021_10_08_09_59_21_chunk6.json | outputs/2021CMC/output_2021_10_08_CMC_S1/2021_10_08_09_59_21_chunk7.json | outputs/2021CMC/output_2021_10_08_CMC_S1/2021_10_08_09_59_21_chunk8.json | outputs/2021CMC/output_2021_10_08_CMC_S11/B3_2021_10_08_13_01_43_chunk1.json | outputs/2021CMC/output_2021_10_08_CMC_S11/B3_2021_10_08_13_01_43_chunk2.json | outputs/2021CMC/output_2021_10_08_CMC_S11/B3_2021_10_08_13_01_43_chunk3.json | outputs/2021CMC/output_2021_10_08_CMC_S11/B3_2021_10_08_13_01_43_chunk4.json | outputs/2021CMC/output_2021_10_08_CMC_S11/B3_2021_10_08_13_01_43_chunk5.json | outputs/2021CMC/output_2021_10_08_CMC_S11/B3_2021_10_08_13_01_43_chunk6.json | outputs/2021CMC/output_2021_10_08_CMC_S11/B3_2021_10_08_13_01_43_chunk7.json | outputs/2021CMC/output_2021_10_08_CMC_S11/B3_2021_10_08_13_01_43_chunk8.json | outputs/2021CMC/output_2021_10_08_CMC_S5/B4_2021_10_08_10_59_30_chunk1.json | outputs/2021CMC/output_2021_10_08_CMC_S5/B4_2021_10_08_10_59_30_chunk2.json | outputs/2021CMC/output_2021_10_08_CMC_S5/B4_2021_10_08_10_59_30_chunk3.json | outputs/2021CMC/output_2021_10_08_CMC_S5/B4_2021_10_08_10_59_30_chunk4.json | outputs/2021CMC/output_2021_10_08_CMC_S5/B4_2021_10_08_10_59_30_chunk5.json | outputs/2021CMC/output_2021_10_08_CMC_S5/B4_2021_10_08_10_59_30_chunk6.json | outputs/2021CMC/output_2021_10_08_CMC_S5/B4_2021_10_08_10_59_30_chunk7.json | outputs/2021CMC/output_2021_10_08_CMC_S5/B4_2021_10_08_10_59_30_chunk8.json,78,37
juan perilla,output,2021CMC,Juan Perilla,outputs/2021CMC/output_2021_10_07_CMC_S4/B3_2021_10_07_12_41_16_chunk2.json | outputs/2021CMC/output_2021_10_07_CMC_S4/B3_2021_10_07_12_41_16_chunk3.json | outputs/2021CMC/output_2021_10_07_CMC_S4/B3_2021_10_07_12_41_16_chunk4.json | outputs/2021CMC/output_2021_10_07_CMC_S4/B3_2021_10_07_12_41_16_chunk5.json | outputs/2021CMC/output_2021_10_07_CMC_S4/B3_2021_10_07_12_41_16_chunk6.json | outputs/2021CMC/output_2021_10_07_CMC_S4/B3_2021_10_07_12_41_16_chunk7.json,19,6
kathy liu,output,2021CMC,Kathy Liu,outputs/2021CMC/output_2021_10_07_CMC_S1/2021_10_07_11_31_22_chunk1.json | outputs/2021CMC/output_2021_10_07_CMC_S1/2021_10_07_11_31_22_chunk2.json | outputs/2021CMC/output_2021_10_07_CMC_S1/2021_10_07_11_31_22_chunk3.json | outputs/2021CMC/output_2021_10_07_CMC_S1/2021_10_07_11_31_22_chunk4.json | outputs/2021CMC/output_2021_10_07_CMC_S1/2021_10_07_11_31_22_chunk5.json | outputs/2021CMC/output_2021_10_07_CMC_S1/2021_10_07_11_31_22_chunk6.json | outputs/2021CMC/output_2021_10_07_CMC_S1/2021_10_07_11_31_22_chunk7.json | outputs/2021CMC/output_2021_10_07_CMC_S1/2021_10_07_11_31_22_chunk8.json | outputs/2021CMC/output_2021_10_08_CMC_S12/B4_2021_10_08_13_01_38_chunk1.json | outputs/2021CMC/output_2021_10_08_CMC_S12/B4_2021_10_08_13_01_38_chunk2.json | outputs/2021CMC/output_2021_10_08_CMC_S12/B4_2021_10_08_13_01_38_chunk3.json | outputs/2021CMC/output_2021_10_08_CMC_S12/B4_2021_10_08_13_01_38_chunk4.json | outputs/2021CMC/output_2021_10_08_CMC_S12/B4_2021_10_08_13_01_38_chunk5.json | outputs/2021CMC/output_2021_10_08_CMC_S12/B4_2021_10_08_13_01_38_chunk6.json | outputs/2021CMC/output_2021_10_08_CMC_S12/B4_2021_10_08_13_01_38_chunk7.json | outputs/2021CMC/output_2021_10_08_CMC_S12/B4_2021_10_08_13_01_38_chunk8.json | outputs/2021CMC/output_2021_10_08_CMC_S8/2021_10_08_12_01_45_chunk1.json | outputs/2021CMC/output_2021_10_08_CMC_S8/2021_10_08_12_01_45_chunk2.json | outputs/2021CMC/output_2021_10_08_CMC_S8/2021_10_08_12_01_45_chunk3.json | outputs/2021CMC/output_2021_10_08_CMC_S8/2021_10_08_12_01_45_chunk4.json | outputs/2021CMC/output_2021_10_08_CMC_S8/2021_10_08_12_01_45_chunk5.json | outputs/2021CMC/output_2021_10_08_CMC_S8/2021_10_08_12_01_45_chunk6.json | outputs/2021CMC/output_2021_10_08_CMC_S8/2021_10_08_12_01_45_chunk7.json | outputs/2021CMC/output_2021_10_08_CMC_S8/2021_10_08_12_01_45_chunk8.json,52,24
lars peter,output,2021CMC,Lars Peter,outputs/2021CMC/output_2021_10_08_CMC_S8/2021_10_08_12_01_45_chunk1.json | outputs/2021CMC/output_2021_10_08_CMC_S8/2021_10_08_12_01_45_chunk2.json | outputs/2021CMC/output_2021_10_08_CMC_S8/2021_10_08_12_01_45_chunk3.json | outputs/2021CMC/output_2021_10_08_CMC_S8/2021_10_08_12_01_45_chunk4.json | outputs/2021CMC/output_2021_10_08_CMC_S8/2021_10_08_12_01_45_chunk5.json | outputs/2021CMC/output_2021_10_08_CMC_S8/2021_10_08_12_01_45_chunk6.json | outputs/2021CMC/output_2021_10_08_CMC_S8/2021_10_08_12_01_45_chunk7.json | outputs/2021CMC/output_2021_10_08_CMC_S8/2021_10_08_12_01_45_chunk8.json,34,8
macha kamenetska,output,2021CMC,Macha Kamenetska,outputs/2021CMC/output_2021_10_08_CMC_S13/B5_2021_10_08_13_01_46_chunk1.json | outputs/2021CMC/output_2021_10_08_CMC_S13/B5_2021_10_08_13_01_46_chunk2.json | outputs/2021CMC/output_2021_10_08_CMC_S13/B5_2021_10_08_13_01_46_chunk3.json | outputs/2021CMC/output_2021_10_08_CMC_S13/B5_2021_10_08_13_01_46_chunk4.json | outputs/2021CMC/output_2021_10_08_CMC_S13/B5_2021_10_08_13_01_46_chunk5.json | outputs/2021CMC/output_2021_10_08_CMC_S13/B5_2021_10_08_13_01_46_chunk6.json | outputs/2021CMC/output_2021_10_08_CMC_S13/B5_2021_10_08_13_01_46_chunk7.json | outputs/2021CMC/output_2021_10_08_CMC_S13/B5_2021_10_08_13_01_46_chunk8.json,24,8
maisha kamenetska,output,2021CMC,Maisha Kamenetska,outputs/2021CMC/output_2021_10_08_CMC_S2/B1_Zoom_Meeting_Room_1_2021_10_08_10_59_46_chunk8.json,1,1
maria kamenetska,truth,2021CMC,Maria (Masha) Kamenetska,analysis_v1/data/2021CMC/2021CMC_outcome.json,2,1
markita landry,output,2021CMC,Markita Landry,outputs/2021CMC/output_2021_10_08_CMC_S13/B5_2021_10_08_13_01_46_chunk1.json | outputs/2021CMC/output_2021_10_08_CMC_S13/B5_2021_10_08_13_01_46_chunk2.json | outputs/2021CMC/output_2021_10_08_CMC_S13/B5_2021_10_08_13_01_46_chunk3.json | outputs/2021CMC/output_2021_10_08_CMC_S13/B5_2021_10_08_13_01_46_chunk4.json | outputs/2021CMC/output_2021_10_08_CMC_S13/B5_2021_10_08_13_01_46_chunk5.json | outputs/2021CMC/output_2021_10_08_CMC_S13/B5_2021_10_08_13_01_46_chunk6.json | outputs/2021CMC/output_2021_10_08_CMC_S13/B5_2021_10_08_13_01_46_chunk7.json | outputs/2021CMC/output_2021_10_08_CMC_S13/B5_2021_10_08_13_01_46_chunk8.json | outputs/2021CMC/output_2021_10_08_CMC_S14/Room5_Session2_chunk1.json | outputs/2021CMC/output_2021_10_08_CMC_S14/Room5_Session2_chunk2.json | outputs/2021CMC/output_2021_10_08_CMC_S14/Room5_Session2_chunk3.json | outputs/2021CMC/output_2021_10_08_CMC_S14/Room5_Session2_chunk4.json | outputs/2021CMC/output_2021_10_08_CMC_S14/Room5_Session2_chunk5.json | outputs/2021CMC/output_2021_10_08_CMC_S14/Room5_Session2_chunk6.json | outputs/2021CMC/output_2021_10_08_CMC_S14/Room5_Session2_chunk7.json | outputs/2021CMC/output_2021_10_08_CMC_S14/Room5_Session2_chunk8.json | outputs/2021CMC/output_2021_10_08_CMC_S6/B5_2021_10_08_10_59_38_chunk1.json | outputs/2021CMC/output_2021_10_08_CMC_S6/B5_2021_10_08_10_59_38_chunk2.json | outputs/2021CMC/output_2021_10_08_CMC_S6/B5_2021_10_08_10_59_38_chunk3.json | outputs/2021CMC/output_2021_10_08_CMC_S6/B5_2021_10_08_10_59_38_chunk4.json | outputs/2021CMC/output_2021_10_08_CMC_S6/B5_2021_10_08_10_59_38_chunk5.json | outputs/2021CMC/output_2021_10_08_CMC_S6/B5_2021_10_08_10_59_38_chunk6.json | outputs/2021CMC/output_2021_10_08_CMC_S6/B5_2021_10_08_10_59_38_chunk7.json | outputs/2021CMC/output_2021_10_08_CMC_S6/B5_2021_10_08_10_59_38_chunk8.json | outputs/2021CMC/output_2021_10_08_CMC_S7/Room5_Session1_chunk1.json | outputs/2021CMC/output_2021_10_08_CMC_S7/Room5_Session1_chunk2.json | outputs/2021CMC/output_2021_10_08_CMC_S7/Room5_Session1_chunk3.json | outputs/2021CMC/output_2021_10_08_CMC_S7/Room5_Session1_chunk4.json | outputs/2021CMC/output_2021_10_08_CMC_S7/Room5_Session1_chunk5.json | outputs/2021CMC/output_2021_10_08_CMC_S7/Room5_Session1_chunk6.json | outputs/2021CMC/output_2021_10_08_CMC_S7/Room5_Session1_chunk7.json | outputs/2021CMC/output_2021_10_08_CMC_S7/Room5_Session1_chunk8.json,50,32
martin gruebele,output,2021CMC,Martin Gruebele,outputs/2021CMC/output_2021_10_07_CMC_S4/B3_2021_10_07_12_41_16_chunk1.json | outputs/2021CMC/output_2021_10_07_CMC_S4/B3_2021_10_07_12_41_16_chunk2.json | outputs/2021CMC/output_2021_10_07_CMC_S4/B3_2021_10_07_12_41_16_chunk3.json | outputs/2021CMC/output_2021_10_07_CMC_S4/B3_2021_10_07_12_41_16_chunk4.json | outputs/2021CMC/output_2021_10_07_CMC_S4/B3_2021_10_07_12_41_16_chunk5.json | outputs/2021CMC/output_2021_10_07_CMC_S4/B3_2021_10_07_12_41_16_chunk6.json | outputs/2021CMC/output_2021_10_07_CMC_S4/B3_2021_10_07_12_41_16_chunk7.json | outputs/2021CMC/output_2021_10_08_CMC_S10/B2_Zoom_Meeting_Room_2_2021_10_08_13_02_10_chunk1.json | outputs/2021CMC/output_2021_10_08_CMC_S10/B2_Zoom_Meeting_Room_2_2021_10_08_13_02_10_chunk2.json | outputs/2021CMC/output_2021_10_08_CMC_S10/B2_Zoom_Meeting_Room_2_2021_10_08_13_02_10_chunk3.json | outputs/2021CMC/output_2021_10_08_CMC_S10/B2_Zoom_Meeting_Room_2_2021_10_08_13_02_10_chunk4.json | outputs/2021CMC/output_2021_10_08_CMC_S10/B2_Zoom_Meeting_Room_2_2021_10_08_13_02_10_chunk5.json | outputs/2021CMC/output_2021_10_08_CMC_S10/B2_Zoom_Meeting_Room_2_2021_10_08_13_02_10_chunk6.json | outputs/2021CMC/output_2021_10_08_CMC_S10/B2_Zoom_Meeting_Room_2_2021_10_08_13_02_10_chunk7.json | outputs/2021CMC/output_2021_10_08_CMC_S10/B2_Zoom_Meeting_Room_2_2021_10_08_13_02_10_chunk8.json,123,15
masha kamenetska,output,2021CMC,Masha Kamenetska,outputs/2021CMC/output_2021_10_07_CMC_S3/B2.1_Zoom_Meeting_Room_2_2021_10_07_12_36_56.json | outputs/2021CMC/output_2021_10_07_CMC_S3/B2.2_Zoom_Meeting_Room_2_2021_10_07_12_41_55_chunk1.json | outputs/2021CMC/output_2021_10_07_CMC_S3/B2.2_Zoom_Meeting_Room_2_2021_10_07_12_41_55_chunk2.json | outputs/2021CMC/output_2021_10_07_CMC_S3/B2.2_Zoom_Meeting_Room_2_2021_10_07_12_41_55_chunk3.json | outputs/2021CMC/output_2021_10_07_CMC_S3/B2.2_Zoom_Meeting_Room_2_2021_10_07_12_41_55_chunk4.json | outputs/2021CMC/output_2021_10_07_CMC_S3/B2.2_Zoom_Meeting_Room_2_2021_10_07_12_41_55_chunk5.json | outputs/2021CMC/output_2021_10_07_CMC_S3/B2.2_Zoom_Meeting_Room_2_2021_10_07_12_41_55_chunk6.json | outputs/2021CMC/output_2021_10_07_CMC_S3/B2.2_Zoom_Meeting_Room_2_2021_10_07_12_41_55_chunk7.json | outputs/2021CMC/output_2021_10_08_CMC_S14/Room5_Session2_chunk1.json | outputs/2021CMC/output_2021_10_08_CMC_S14/Room5_Session2_chunk2.json | outputs/2021CMC/output_2021_10_08_CMC_S14/Room5_Session2_chunk3.json | outputs/2021CMC/output_2021_10_08_CMC_S14/Room5_Session2_chunk4.json | outputs/2021CMC/output_2021_10_08_CMC_S14/Room5_Session2_chunk5.json | outputs/2021CMC/output_2021_10_08_CMC_S14/Room5_Session2_chunk6.json | outputs/2021CMC/output_2021_10_08_CMC_S14/Room5_Session2_chunk7.json | outputs/2021CMC/output_2021_10_08_CMC_S14/Room5_Session2_chunk8.json | outputs/2021CMC/output_2021_10_08_CMC_S2/B1_Zoom_Meeting_Room_1_2021_10_08_10_59_46_chunk2.json | outputs/2021CMC/output_2021_10_08_CMC_S2/B1_Zoom_Meeting_Room_1_2021_10_08_10_59_46_chunk3.json | outputs/2021CMC/output_2021_10_08_CMC_S2/B1_Zoom_Meeting_Room_1_2021_10_08_10_59_46_chunk4.json | outputs/2021CMC/output_2021_10_08_CMC_S2/B1_Zoom_Meeting_Room_1_2021_10_08_10_59_46_chunk5.json | outputs/2021CMC/output_2021_10_08_CMC_S2/B1_Zoom_Meeting_Room_1_2021_10_08_10_59_46_chunk6.json | outputs/2021CMC/output_2021_10_08_CMC_S2/B1_Zoom_Meeting_Room_1_2021_10_08_10_59_46_chunk7.json | outputs/2021CMC/output_2021_10_08_CMC_S2/B1_Zoom_Meeting_Room_1_2021_10_08_10_59_46_chunk8.json,77,23
neil kelleher,output,2021CMC,Neil Kelleher,outputs/2021CMC/output_2021_10_07_CMC_S3/B2.1_Zoom_Meeting_Room_2_2021_10_07_12_36_56.json | outputs/2021CMC/output_2021_10_07_CMC_S3/B2.2_Zoom_Meeting_Room_2_2021_10_07_12_41_55_chunk1.json | outputs/2021CMC/output_2021_10_07_CMC_S3/B2.2_Zoom_Meeting_Room_2_2021_10_07_12_41_55_chunk2.json | outputs/2021CMC/output_2021_10_07_CMC_S3/B2.2_Zoom_Meeting_Room_2_2021_10_07_12_41_55_chunk3.json | outputs/2021CMC/output_2021_10_07_CMC_S3/B2.2_Zoom_Meeting_Room_2_2021_10_07_12_41_55_chunk4.json | outputs/2021CMC/output_2021_10_07_CMC_S3/B2.2_Zoom_Meeting_Room_2_2021_10_07_12_41_55_chunk5.json | outputs/2021CMC/output_2021_10_07_CMC_S3/B2.2_Zoom_Meeting_Room_2_2021_10_07_12_41_55_chunk6.json | outputs/2021CMC/output_2021_10_07_CMC_S3/B2.2_Zoom_Meeting_Room_2_2021_10_07_12_41_55_chunk7.json | outputs/2021CMC/output_2021_10_08_CMC_S12/B4_2021_10_08_13_01_38_chunk1.json | outputs/2021CMC/output_2021_10_08_CMC_S12/B4_2021_10_08_13_01_38_chunk2.json | outputs/2021CMC/output_2021_10_08_CMC_S12/B4_2021_10_08_13_01_38_chunk3.json | outputs/2021CMC/output_2021_10_08_CMC_S12/B4_2021_10_08_13_01_38_chunk4.json | outputs/2021CMC/output_2021_10_08_CMC_S12/B4_2021_10_08_13_01_38_chunk5.json | outputs/2021CMC/output_2021_10_08_CMC_S12/B4_2021_10_08_13_01_38_chunk6.json | outputs/2021CMC/output_2021_10_08_CMC_S12/B4_2021_10_08_13_01_38_chunk7.json | outputs/2021CMC/output_2021_10_08_CMC_S12/B4_2021_10_08_13_01_38_chunk8.json | outputs/2021CMC/output_2021_10_08_CMC_S3/B2_Zoom_Meeting_Room_2_2021_10_08_10_59_57_chunk1.json | outputs/2021CMC/output_2021_10_08_CMC_S3/B2_Zoom_Meeting_Room_2_2021_10_08_10_59_57_chunk2.json | outputs/2021CMC/output_2021_10_08_CMC_S3/B2_Zoom_Meeting_Room_2_2021_10_08_10_59_57_chunk3.json | outputs/2021CMC/output_2021_10_08_CMC_S3/B2_Zoom_Meeting_Room_2_2021_10_08_10_59_57_chunk4.json | outputs/2021CMC/output_2021_10_08_CMC_S3/B2_Zoom_Meeting_Room_2_2021_10_08_10_59_57_chunk5.json | outputs/2021CMC/output_2021_10_08_CMC_S3/B2_Zoom_Meeting_Room_2_2021_10_08_10_59_57_chunk6.json | outputs/2021CMC/output_2021_10_08_CMC_S3/B2_Zoom_Meeting_Room_2_2021_10_08_10_59_57_chunk7.json | outputs/2021CMC/output_2021_10_08_CMC_S3/B2_Zoom_Meeting_Room_2_2021_10_08_10_59_57_chunk8.json | outputs/2021CMC/output_2021_10_08_CMC_S8/2021_10_08_12_01_45_chunk1.json | outputs/2021CMC/output_2021_10_08_CMC_S8/2021_10_08_12_01_45_chunk2.json | outputs/2021CMC/output_2021_10_08_CMC_S8/2021_10_08_12_01_45_chunk3.json | outputs/2021CMC/output_2021_10_08_CMC_S8/2021_10_08_12_01_45_chunk4.json | outputs/2021CMC/output_2021_10_08_CMC_S8/2021_10_08_12_01_45_chunk5.json | outputs/2021CMC/output_2021_10_08_CMC_S8/2021_10_08_12_01_45_chunk6.json | outputs/2021CMC/output_2021_10_08_CMC_S8/2021_10_08_12_01_45_chunk7.json | outputs/2021CMC/output_2021_10_08_CMC_S8/2021_10_08_12_01_45_chunk8.json,201,32
paul selvin,output,2021CMC,Paul Selvin,outputs/2021CMC/output_2021_10_07_CMC_S1/2021_10_07_11_31_22_chunk1.json | outputs/2021CMC/output_2021_10_07_CMC_S1/2021_10_07_11_31_22_chunk2.json | outputs/2021CMC/output_2021_10_07_CMC_S1/2021_10_07_11_31_22_chunk3.json | outputs/2021CMC/output_2021_10_07_CMC_S1/2021_10_07_11_31_22_chunk4.json | outputs/2021CMC/output_2021_10_07_CMC_S1/2021_10_07_11_31_22_chunk5.json | outputs/2021CMC/output_2021_10_07_CMC_S1/2021_10_07_11_31_22_chunk6.json | outputs/2021CMC/output_2021_10_07_CMC_S1/2021_10_07_11_31_22_chunk7.json | outputs/2021CMC/output_2021_10_07_CMC_S1/2021_10_07_11_31_22_chunk8.json | outputs/2021CMC/output_2021_10_07_CMC_S5/B4_2021_10_07_12_37_15_chunk1.json | outputs/2021CMC/output_2021_10_07_CMC_S5/B4_2021_10_07_12_37_15_chunk2.json | outputs/2021CMC/output_2021_10_07_CMC_S5/B4_2021_10_07_12_37_15_chunk3.json | outputs/2021CMC/output_2021_10_07_CMC_S5/B4_2021_10_07_12_37_15_chunk4.json | outputs/2021CMC/output_2021_10_07_CMC_S5/B4_2021_10_07_12_37_15_chunk5.json | outputs/2021CMC/output_2021_10_07_CMC_S5/B4_2021_10_07_12_37_15_chunk6.json | outputs/2021CMC/output_2021_10_07_CMC_S5/B4_2021_10_07_12_37_15_chunk7.json | outputs/2021CMC/output_2021_10_07_CMC_S5/B4_2021_10_07_12_37_15_chunk8.json | outputs/2021CMC/output_2021_10_08_CMC_S1/2021_10_08_09_59_21_chunk1.json | outputs/2021CMC/output_2021_10_08_CMC_S1/2021_10_08_09_59_21_chunk2.json | outputs/2021CMC/output_2021_10_08_CMC_S1/2021_10_08_09_59_21_chunk3.json | outputs/2021CMC/output_2021_10_08_CMC_S1/2021_10_08_09_59_21_chunk4.json | outputs/2021CMC/output_2021_10_08_CMC_S1/2021_10_08_09_59_21_chunk5.json | outputs/2021CMC/output_2021_10_08_CMC_S1/2021_10_08_09_59_21_chunk6.json | outputs/2021CMC/output_2021_10_08_CMC_S1/2021_10_08_09_59_21_chunk7.json | outputs/2021CMC/output_2021_10_08_CMC_S1/2021_10_08_09_59_21_chunk8.json | outputs/2021CMC/output_2021_10_08_CMC_S12/B4_2021_10_08_13_01_38_chunk1.json | outputs/2021CMC/output_2021_10_08_CMC_S12/B4_2021_10_08_13_01_38_chunk2.json | outputs/2021CMC/output_2021_10_08_CMC_S12/B4_2021_10_08_13_01_38_chunk3.json | outputs/2021CMC/output_2021_10_08_CMC_S12/B4_2021_10_08_13_01_38_chunk4.json | outputs/2021CMC/output_2021_10_08_CMC_S12/B4_2021_10_08_13_01_38_chunk5.json | outputs/2021CMC/output_2021_10_08_CMC_S12/B4_2021_10_08_13_01_38_chunk6.json | outputs/2021CMC/output_2021_10_08_CMC_S12/B4_2021_10_08_13_01_38_chunk7.json | outputs/2021CMC/output_2021_10_08_CMC_S12/B4_2021_10_08_13_01_38_chunk8.json | outputs/2021CMC/output_2021_10_08_CMC_S5/B4_2021_10_08_10_59_30_chunk1.json | outputs/2021CMC/output_2021_10_08_CMC_S5/B4_2021_10_08_10_59_30_chunk2.json | outputs/2021CMC/output_2021_10_08_CMC_S5/B4_2021_10_08_10_59_30_chunk3.json | outputs/2021CMC/output_2021_10_08_CMC_S5/B4_2021_10_08_10_59_30_chunk4.json | outputs/2021CMC/output_2021_10_08_CMC_S5/B4_2021_10_08_10_59_30_chunk5.json | outputs/2021CMC/output_2021_10_08_CMC_S5/B4_2021_10_08_10_59_30_chunk6.json | outputs/2021CMC/output_2021_10_08_CMC_S5/B4_2021_10_08_10_59_30_chunk7.json | outputs/2021CMC/output_2021_10_08_CMC_S5/B4_2021_10_08_10_59_30_chunk8.json | outputs/2021CMC/output_2021_10_08_CMC_S8/2021_10_08_12_01_45_chunk1.json | outputs/2021CMC/output_2021_10_08_CMC_S8/2021_10_08_12_01_45_chunk2.json | outputs/2021CMC/output_2021_10_08_CMC_S8/2021_10_08_12_01_45_chunk3.json | outputs/2021CMC/output_2021_10_08_CMC_S8/2021_10_08_12_01_45_chunk4.json | outputs/2021CMC/output_2021_10_08_CMC_S8/2021_10_08_12_01_45_chunk5.json | outputs/2021CMC/output_2021_10_08_CMC_S8/2021_10_08_12_01_45_chunk6.json | outputs/2021CMC/output_2021_10_08_CMC_S8/2021_10_08_12_01_45_chunk7.json | outputs/2021CMC/output_2021_10_08_CMC_S8/2021_10_08_12_01_45_chunk8.json,280,48
rigoberto hernandez,output,2021CMC,Rigoberto Hernandez,outputs/2021CMC/output_2021_10_07_CMC_S6/B5_2021_10_07_12_37_23_chunk1.json | outputs/2021CMC/output_2021_10_07_CMC_S6/B5_2021_10_07_12_37_23_chunk2.json | outputs/2021CMC/output_2021_10_07_CMC_S6/B5_2021_10_07_12_37_23_chunk3.json | outputs/2021CMC/output_2021_10_07_CMC_S6/B5_2021_10_07_12_37_23_chunk4.json | outputs/2021CMC/output_2021_10_07_CMC_S6/B5_2021_10_07_12_37_23_chunk5.json | outputs/2021CMC/output_2021_10_07_CMC_S6/B5_2021_10_07_12_37_23_chunk6.json | outputs/2021CMC/output_2021_10_07_CMC_S6/B5_2021_10_07_12_37_23_chunk7.json | outputs/2021CMC/output_2021_10_07_CMC_S6/B5_2021_10_07_12_37_23_chunk8.json | outputs/2021CMC/output_2021_10_07_CMC_S7/CMC_1_5_chunk1.json | outputs/2021CMC/output_2021_10_07_CMC_S7/CMC_1_5_chunk2.json | outputs/2021CMC/output_2021_10_07_CMC_S7/CMC_1_5_chunk3.json | outputs/2021CMC/output_2021_10_07_CMC_S7/CMC_1_5_chunk4.json | outputs/2021CMC/output_2021_10_07_CMC_S7/CMC_1_5_chunk5.json | outputs/2021CMC/output_2021_10_07_CMC_S7/CMC_1_5_chunk6.json | outputs/2021CMC/output_2021_10_07_CMC_S7/CMC_1_5_chunk7.json | outputs/2021CMC/output_2021_10_07_CMC_S7/CMC_1_5_chunk8.json | outputs/2021CMC/output_2021_10_08_CMC_S11/B3_2021_10_08_13_01_43_chunk1.json | outputs/2021CMC/output_2021_10_08_CMC_S11/B3_2021_10_08_13_01_43_chunk2.json | outputs/2021CMC/output_2021_10_08_CMC_S11/B3_2021_10_08_13_01_43_chunk3.json | outputs/2021CMC/output_2021_10_08_CMC_S11/B3_2021_10_08_13_01_43_chunk4.json | outputs/2021CMC/output_2021_10_08_CMC_S11/B3_2021_10_08_13_01_43_chunk5.json | outputs/2021CMC/output_2021_10_08_CMC_S11/B3_2021_10_08_13_01_43_chunk6.json | outputs/2021CMC/output_2021_10_08_CMC_S11/B3_2021_10_08_13_01_43_chunk7.json | outputs/2021CMC/output_2021_10_08_CMC_S11/B3_2021_10_08_13_01_43_chunk8.json | outputs/2021CMC/output_2021_10_08_CMC_S6/B5_2021_10_08_10_59_38_chunk1.json | outputs/2021CMC/output_2021_10_08_CMC_S6/B5_2021_10_08_10_59_38_chunk2.json | outputs/2021CMC/output_2021_10_08_CMC_S6/B5_2021_10_08_10_59_38_chunk3.json | outputs/2021CMC/output_2021_10_08_CMC_S6/B5_2021_10_08_10_59_38_chunk4.json | outputs/2021CMC/output_2021_10_08_CMC_S6/B5_2021_10_08_10_59_38_chunk5.json | outputs/2021CMC/output_2021_10_08_CMC_S6/B5_2021_10_08_10_59_38_chunk6.json | outputs/2021CMC/output_2021_10_08_CMC_S6/B5_2021_10_08_10_59_38_chunk7.json | outputs/2021CMC/output_2021_10_08_CMC_S6/B5_2021_10_08_10_59_38_chunk8.json | outputs/2021CMC/output_2021_10_08_CMC_S7/Room5_Session1_chunk1.json | outputs/2021CMC/output_2021_10_08_CMC_S7/Room5_Session1_chunk2.json | outputs/2021CMC/output_2021_10_08_CMC_S7/Room5_Session1_chunk3.json | outputs/2021CMC/output_2021_10_08_CMC_S7/Room5_Session1_chunk4.json | outputs/2021CMC/output_2021_10_08_CMC_S7/Room5_Session1_chunk5.json | outputs/2021CMC/output_2021_10_08_CMC_S7/Room5_Session1_chunk6.json | outputs/2021CMC/output_2021_10_08_CMC_S7/Room5_Session1_chunk7.json | outputs/2021CMC/output_2021_10_08_CMC_S7/Room5_Session1_chunk8.json,334,40
rommie amaro,output,2021CMC,Rommie Amaro,outputs/2021CMC/output_2021_10_07_CMC_S6/B5_2021_10_07_12_37_23_chunk1.json | outputs/2021CMC/output_2021_10_07_CMC_S6/B5_2021_10_07_12_37_23_chunk2.json | outputs/2021CMC/output_2021_10_07_CMC_S6/B5_2021_10_07_12_37_23_chunk3.json | outputs/2021CMC/output_2021_10_07_CMC_S6/B5_2021_10_07_12_37_23_chunk4.json | outputs/2021CMC/output_2021_10_07_CMC_S6/B5_2021_10_07_12_37_23_chunk5.json | outputs/2021CMC/output_2021_10_07_CMC_S6/B5_2021_10_07_12_37_23_chunk6.json | outputs/2021CMC/output_2021_10_07_CMC_S6/B5_2021_10_07_12_37_23_chunk7.json | outputs/2021CMC/output_2021_10_07_CMC_S6/B5_2021_10_07_12_37_23_chunk8.json | outputs/2021CMC/output_2021_10_07_CMC_S7/CMC_1_5_chunk1.json | outputs/2021CMC/output_2021_10_07_CMC_S7/CMC_1_5_chunk2.json | outputs/2021CMC/output_2021_10_07_CMC_S7/CMC_1_5_chunk3.json | outputs/2021CMC/output_2021_10_07_CMC_S7/CMC_1_5_chunk4.json | outputs/2021CMC/output_2021_10_07_CMC_S7/CMC_1_5_chunk5.json | outputs/2021CMC/output_2021_10_07_CMC_S7/CMC_1_5_chunk6.json | outputs/2021CMC/output_2021_10_07_CMC_S7/CMC_1_5_chunk7.json | outputs/2021CMC/output_2021_10_07_CMC_S7/CMC_1_5_chunk8.json | outputs/2021CMC/output_2021_10_08_CMC_S13/B5_2021_10_08_13_01_46_chunk1.json | outputs/2021CMC/output_2021_10_08_CMC_S13/B5_2021_10_08_13_01_46_chunk2.json | outputs/2021CMC/output_2021_10_08_CMC_S13/B5_2021_10_08_13_01_46_chunk3.json | outputs/2021CMC/output_2021_10_08_CMC_S13/B5_2021_10_08_13_01_46_chunk4.json | outputs/2021CMC/output_2021_10_08_CMC_S13/B5_2021_10_08_13_01_46_chunk5.json | outputs/2021CMC/output_2021_10_08_CMC_S13/B5_2021_10_08_13_01_46_chunk6.json | outputs/2021CMC/output_2021_10_08_CMC_S13/B5_2021_10_08_13_01_46_chunk7.json | outputs/2021CMC/output_2021_10_08_CMC_S13/B5_2021_10_08_13_01_46_chunk8.json | outputs/2021CMC/output_2021_10_08_CMC_S14/Room5_Session2_chunk1.json | outputs/2021CMC/output_2021_10_08_CMC_S14/Room5_Session2_chunk2.json | outputs/2021CMC/output_2021_10_08_CMC_S14/Room5_Session2_chunk3.json | outputs/2021CMC/output_2021_10_08_CMC_S14/Room5_Session2_chunk4.json | outputs/2021CMC/output_2021_10_08_CMC_S14/Room5_Session2_chunk5.json | outputs/2021CMC/output_2021_10_08_CMC_S14/Room5_Session2_chunk6.json | outputs/2021CMC/output_2021_10_08_CMC_S14/Room5_Session2_chunk7.json | outputs/2021CMC/output_2021_10_08_CMC_S14/Room5_Session2_chunk8.json | outputs/2021CMC/output_2021_10_08_CMC_S5/B4_2021_10_08_10_59_30_chunk8.json | outputs/2021CMC/output_2021_10_08_CMC_S6/B5_2021_10_08_10_59_38_chunk1.json | outputs/2021CMC/output_2021_10_08_CMC_S6/B5_2021_10_08_10_59_38_chunk2.json | outputs/2021CMC/output_2021_10_08_CMC_S6/B5_2021_10_08_10_59_38_chunk3.json | outputs/2021CMC/output_2021_10_08_CMC_S6/B5_2021_10_08_10_59_38_chunk4.json | outputs/2021CMC/output_2021_10_08_CMC_S6/B5_2021_10_08_10_59_38_chunk5.json | outputs/2021CMC/output_2021_10_08_CMC_S6/B5_2021_10_08_10_59_38_chunk6.json | outputs/2021CMC/output_2021_10_08_CMC_S6/B5_2021_10_08_10_59_38_chunk7.json | outputs/2021CMC/output_2021_10_08_CMC_S6/B5_2021_10_08_10_59_38_chunk8.json | outputs/2021CMC/output_2021_10_08_CMC_S7/Room5_Session1_chunk1.json | outputs/2021CMC/output_2021_10_08_CMC_S7/Room5_Session1_chunk2.json | outputs/2021CMC/output_2021_10_08_CMC_S7/Room5_Session1_chunk3.json | outputs/2021CMC/output_2021_10_08_CMC_S7/Room5_Session1_chunk4.json | outputs/2021CMC/output_2021_10_08_CMC_S7/Room5_Session1_chunk5.json | outputs/2021CMC/output_2021_10_08_CMC_S7/Room5_Session1_chunk6.json | outputs/2021CMC/output_2021_10_08_CMC_S7/Room5_Session1_chunk7.json | outputs/2021CMC/output_2021_10_08_CMC_S7/Room5_Session1_chunk8.json,253,49
rongsheng wang,truth,2021CMC,Rongsheng (Ross) Wang,analysis_v1/data/2021CMC/2021CMC_outcome.json,1,1
ross wang,output,2021CMC,Ross Wang,outputs/2021CMC/output_2021_10_07_CMC_S3/B2.1_Zoom_Meeting_Room_2_2021_10_07_12_36_56.json | outputs/2021CMC/output_2021_10_07_CMC_S3/B2.2_Zoom_Meeting_Room_2_2021_10_07_12_41_55_chunk2.json | outputs/2021CMC/output_2021_10_07_CMC_S3/B2.2_Zoom_Meeting_Room_2_2021_10_07_12_41_55_chunk3.json | outputs/2021CMC/output_2021_10_07_CMC_S3/B2.2_Zoom_Meeting_Room_2_2021_10_07_12_41_55_chunk4.json | outputs/2021CMC/output_2021_10_07_CMC_S3/B2.2_Zoom_Meeting_Room_2_2021_10_07_12_41_55_chunk5.json | outputs/2021CMC/output_2021_10_07_CMC_S3/B2.2_Zoom_Meeting_Room_2_2021_10_07_12_41_55_chunk6.json | outputs/2021CMC/output_2021_10_07_CMC_S3/B2.2_Zoom_Meeting_Room_2_2021_10_07_12_41_55_chunk7.json | outputs/2021CMC/output_2021_10_08_CMC_S12/B4_2021_10_08_13_01_38_chunk1.json | outputs/2021CMC/output_2021_10_08_CMC_S12/B4_2021_10_08_13_01_38_chunk2.json | outputs/2021CMC/output_2021_10_08_CMC_S12/B4_2021_10_08_13_01_38_chunk3.json | outputs/2021CMC/output_2021_10_08_CMC_S12/B4_2021_10_08_13_01_38_chunk4.json | outputs/2021CMC/output_2021_10_08_CMC_S12/B4_2021_10_08_13_01_38_chunk5.json | outputs/2021CMC/output_2021_10_08_CMC_S12/B4_2021_10_08_13_01_38_chunk6.json | outputs/2021CMC/output_2021_10_08_CMC_S12/B4_2021_10_08_13_01_38_chunk7.json | outputs/2021CMC/output_2021_10_08_CMC_S12/B4_2021_10_08_13_01_38_chunk8.json | outputs/2021CMC/output_2021_10_08_CMC_S3/B2_Zoom_Meeting_Room_2_2021_10_08_10_59_57_chunk1.json | outputs/2021CMC/output_2021_10_08_CMC_S3/B2_Zoom_Meeting_Room_2_2021_10_08_10_59_57_chunk2.json | outputs/2021CMC/output_2021_10_08_CMC_S3/B2_Zoom_Meeting_Room_2_2021_10_08_10_59_57_chunk3.json | outputs/2021CMC/output_2021_10_08_CMC_S3/B2_Zoom_Meeting_Room_2_2021_10_08_10_59_57_chunk4.json | outputs/2021CMC/output_2021_10_08_CMC_S3/B2_Zoom_Meeting_Room_2_2021_10_08_10_59_57_chunk5.json | outputs/2021CMC/output_2021_10_08_CMC_S3/B2_Zoom_Meeting_Room_2_2021_10_08_10_59_57_chunk6.json | outputs/2021CMC/output_2021_10_08_CMC_S3/B2_Zoom_Meeting_Room_2_2021_10_08_10_59_57_chunk7.json | outputs/2021CMC/output_2021_10_08_CMC_S3/B2_Zoom_Meeting_Room_2_2021_10_08_10_59_57_chunk8.json,76,23
s stephen yi,truth,2021CMC,S. Stephen Yi,analysis_v1/data/2021CMC/2021CMC_outcome.json,2,1
sandy schmid,output,2021CMC,Sandy Schmid,outputs/2021CMC/output_2021_10_07_CMC_S3/B2.1_Zoom_Meeting_Room_2_2021_10_07_12_36_56.json | outputs/2021CMC/output_2021_10_07_CMC_S3/B2.2_Zoom_Meeting_Room_2_2021_10_07_12_41_55_chunk4.json | outputs/2021CMC/output_2021_10_07_CMC_S3/B2.2_Zoom_Meeting_Room_2_2021_10_07_12_41_55_chunk5.json | outputs/2021CMC/output_2021_10_07_CMC_S3/B2.2_Zoom_Meeting_Room_2_2021_10_07_12_41_55_chunk6.json | outputs/2021CMC/output_2021_10_07_CMC_S3/B2.2_Zoom_Meeting_Room_2_2021_10_07_12_41_55_chunk7.json | outputs/2021CMC/output_2021_10_08_CMC_S10/B2_Zoom_Meeting_Room_2_2021_10_08_13_02_10_chunk1.json | outputs/2021CMC/output_2021_10_08_CMC_S10/B2_Zoom_Meeting_Room_2_2021_10_08_13_02_10_chunk2.json | outputs/2021CMC/output_2021_10_08_CMC_S10/B2_Zoom_Meeting_Room_2_2021_10_08_13_02_10_chunk3.json | outputs/2021CMC/output_2021_10_08_CMC_S10/B2_Zoom_Meeting_Room_2_2021_10_08_13_02_10_chunk4.json | outputs/2021CMC/output_2021_10_08_CMC_S10/B2_Zoom_Meeting_Room_2_2021_10_08_13_02_10_chunk5.json | outputs/2021CMC/output_2021_10_08_CMC_S10/B2_Zoom_Meeting_Room_2_2021_10_08_13_02_10_chunk6.json | outputs/2021CMC/output_2021_10_08_CMC_S10/B2_Zoom_Meeting_Room_2_2021_10_08_13_02_10_chunk7.json | outputs/2021CMC/output_2021_10_08_CMC_S10/B2_Zoom_Meeting_Room_2_2021_10_08_13_02_10_chunk8.json | outputs/2021CMC/output_2021_10_08_CMC_S6/B5_2021_10_08_10_59_38_chunk1.json | outputs/2021CMC/output_2021_10_08_CMC_S6/B5_2021_10_08_10_59_38_chunk2.json | outputs/2021CMC/output_2021_10_08_CMC_S6/B5_2021_10_08_10_59_38_chunk3.json | outputs/2021CMC/output_2021_10_08_CMC_S6/B5_2021_10_08_10_59_38_chunk4.json | outputs/2021CMC/output_2021_10_08_CMC_S6/B5_2021_10_08_10_59_38_chunk5.json | outputs/2021CMC/output_2021_10_08_CMC_S6/B5_2021_10_08_10_59_38_chunk6.json | outputs/2021CMC/output_2021_10_08_CMC_S6/B5_2021_10_08_10_59_38_chunk7.json | outputs/2021CMC/output_2021_10_08_CMC_S6/B5_2021_10_08_10_59_38_chunk8.json | outputs/2021CMC/output_2021_10_08_CMC_S7/Room5_Session1_chunk1.json | outputs/2021CMC/output_2021_10_08_CMC_S7/Room5_Session1_chunk2.json | outputs/2021CMC/output_2021_10_08_CMC_S7/Room5_Session1_chunk3.json | outputs/2021CMC/output_2021_10_08_CMC_S7/Room5_Session1_chunk4.json | outputs/2021CMC/output_2021_10_08_CMC_S7/Room5_Session1_chunk5.json | outputs/2021CMC/output_2021_10_08_CMC_S7/Room5_Session1_chunk6.json | outputs/2021CMC/output_2021_10_08_CMC_S7/Room5_Session1_chunk7.json | outputs/2021CMC/output_2021_10_08_CMC_S7/Room5_Session1_chunk8.json,47,29
stefano di talia,output,2021CMC,Stefano Di Talia,outputs/2021CMC/output_2021_10_07_CMC_S3/B2.1_Zoom_Meeting_Room_2_2021_10_07_12_36_56.json | outputs/2021CMC/output_2021_10_07_CMC_S3/B2.2_Zoom_Meeting_Room_2_2021_10_07_12_41_55_chunk3.json | outputs/2021CMC/output_2021_10_07_CMC_S3/B2.2_Zoom_Meeting_Room_2_2021_10_07_12_41_55_chunk4.json | outputs/2021CMC/output_2021_10_07_CMC_S3/B2.2_Zoom_Meeting_Room_2_2021_10_07_12_41_55_chunk5.json | outputs/2021CMC/output_2021_10_07_CMC_S3/B2.2_Zoom_Meeting_Room_2_2021_10_07_12_41_55_chunk6.json | outputs/2021CMC/output_2021_10_07_CMC_S3/B2.2_Zoom_Meeting_Room_2_2021_10_07_12_41_55_chunk7.json | outputs/2021CMC/output_2021_10_08_CMC_S11/B3_2021_10_08_13_01_43_chunk1.json | outputs/2021CMC/output_2021_10_08_CMC_S11/B3_2021_10_08_13_01_43_chunk2.json | outputs/2021CMC/output_2021_10_08_CMC_S11/B3_2021_10_08_13_01_43_chunk3.json | outputs/2021CMC/output_2021_10_08_CMC_S11/B3_2021_10_08_13_01_43_chunk4.json | outputs/2021CMC/output_2021_10_08_CMC_S11/B3_2021_10_08_13_01_43_chunk5.json | outputs/2021CMC/output_2021_10_08_CMC_S11/B3_2021_10_08_13_01_43_chunk6.json | outputs/2021CMC/output_2021_10_08_CMC_S11/B3_2021_10_08_13_01_43_chunk7.json | outputs/2021CMC/output_2021_10_08_CMC_S11/B3_2021_10_08_13_01_43_chunk8.json | outputs/2021CMC/output_2021_10_08_CMC_S2/B1_Zoom_Meeting_Room_1_2021_10_08_10_59_46_chunk1.json | outputs/2021CMC/output_2021_10_08_CMC_S2/B1_Zoom_Meeting_Room_1_2021_10_08_10_59_46_chunk2.json | outputs/2021CMC/output_2021_10_08_CMC_S2/B1_Zoom_Meeting_Room_1_2021_10_08_10_59_46_chunk3.json | outputs/2021CMC/output_2021_10_08_CMC_S2/B1_Zoom_Meeting_Room_1_2021_10_08_10_59_46_chunk4.json | outputs/2021CMC/output_2021_10_08_CMC_S2/B1_Zoom_Meeting_Room_1_2021_10_08_10_59_46_chunk5.json | outputs/2021CMC/output_2021_10_08_CMC_S2/B1_Zoom_Meeting_Room_1_2021_10_08_10_59_46_chunk6.json | outputs/2021CMC/output_2021_10_08_CMC_S2/B1_Zoom_Meeting_Room_1_2021_10_08_10_59_46_chunk7.json | outputs/2021CMC/output_2021_10_08_CMC_S2/B1_Zoom_Meeting_Room_1_2021_10_08_10_59_46_chunk8.json,74,22
stephen yi,output,2021CMC,Stephen Yi,outputs/2021CMC/output_2021_10_07_CMC_S6/B5_2021_10_07_12_37_23_chunk1.json | outputs/2021CMC/output_2021_10_07_CMC_S6/B5_2021_10_07_12_37_23_chunk2.json | outputs/2021CMC/output_2021_10_07_CMC_S6/B5_2021_10_07_12_37_23_chunk3.json | outputs/2021CMC/output_2021_10_07_CMC_S6/B5_2021_10_07_12_37_23_chunk4.json | outputs/2021CMC/output_2021_10_07_CMC_S6/B5_2021_10_07_12_37_23_chunk5.json | outputs/2021CMC/output_2021_10_07_CMC_S6/B5_2021_10_07_12_37_23_chunk6.json | outputs/2021CMC/output_2021_10_07_CMC_S6/B5_2021_10_07_12_37_23_chunk7.json | outputs/2021CMC/output_2021_10_07_CMC_S6/B5_2021_10_07_12_37_23_chunk8.json | outputs/2021CMC/output_2021_10_07_CMC_S7/CMC_1_5_chunk1.json | outputs/2021CMC/output_2021_10_07_CMC_S7/CMC_1_5_chunk2.json | outputs/2021CMC/output_2021_10_07_CMC_S7/CMC_1_5_chunk3.json | outputs/2021CMC/output_2021_10_07_CMC_S7/CMC_1_5_chunk4.json | outputs/2021CMC/output_2021_10_07_CMC_S7/CMC_1_5_chunk5.json | outputs/2021CMC/output_2021_10_07_CMC_S7/CMC_1_5_chunk6.json | outputs/2021CMC/output_2021_10_07_CMC_S7/CMC_1_5_chunk7.json | outputs/2021CMC/output_2021_10_07_CMC_S7/CMC_1_5_chunk8.json | outputs/2021CMC/output_2021_10_08_CMC_S12/B4_2021_10_08_13_01_38_chunk1.json | outputs/2021CMC/output_2021_10_08_CMC_S12/B4_2021_10_08_13_01_38_chunk2.json | outputs/2021CMC/output_2021_10_08_CMC_S12/B4_2021_10_08_13_01_38_chunk3.json | outputs/2021CMC/output_2021_10_08_CMC_S12/B4_2021_10_08_13_01_38_chunk4.json | outputs/2021CMC/output_2021_10_08_CMC_S12/B4_2021_10_08_13_01_38_chunk5.json | outputs/2021CMC/output_2021_10_08_CMC_S12/B4_2021_10_08_13_01_38_chunk6.json | outputs/2021CMC/output_2021_10_08_CMC_S12/B4_2021_10_08_13_01_38_chunk7.json | outputs/2021CMC/output_2021_10_08_CMC_S12/B4_2021_10_08_13_01_38_chunk8.json | outputs/2021CMC/output_2021_10_08_CMC_S4/B3_2021_10_08_10_59_57_chunk1.json | outputs/2021CMC/output_2021_10_08_CMC_S4/B3_2021_10_08_10_59_57_chunk2.json | outputs/2021CMC/output_2021_10_08_CMC_S4/B3_2021_10_08_10_59_57_chunk3.json | outputs/2021CMC/output_2021_10_08_CMC_S4/B3_2021_10_08_10_59_57_chunk4.json | outputs/2021CMC/output_2021_10_08_CMC_S4/B3_2021_10_08_10_59_57_chunk5.json | outputs/2021CMC/output_2021_10_08_CMC_S4/B3_2021_10_08_10_59_57_chunk6.json | outputs/2021CMC/output_2021_10_08_CMC_S4/B3_2021_10_08_10_59_57_chunk7.json | outputs/2021CMC/output_2021_10_08_CMC_S4/B3_2021_10_08_10_59_57_chunk8.json | outputs/2021CMC/output_2021_10_08_CMC_S8/2021_10_08_12_01_45_chunk1.json | outputs/2021CMC/output_2021_10_08_CMC_S8/2021_10_08_12_01_45_chunk2.json | outputs/2021CMC/output_2021_10_08_CMC_S8/2021_10_08_12_01_45_chunk3.json | outputs/2021CMC/output_2021_10_08_CMC_S8/2021_10_08_12_01_45_chunk4.json | outputs/2021CMC/output_2021_10_08_CMC_S8/2021_10_08_12_01_45_chunk5.json | outputs/2021CMC/output_2021_10_08_CMC_S8/2021_10_08_12_01_45_chunk6.json | outputs/2021CMC/output_2021_10_08_CMC_S8/2021_10_08_12_01_45_chunk7.json | outputs/2021CMC/output_2021_10_08_CMC_S8/2021_10_08_12_01_45_chunk8.json,94,40
tanya,output,2021CMC,Tanya,outputs/2021CMC/output_2021_10_08_CMC_S8/2021_10_08_12_01_45_chunk1.json | outputs/2021CMC/output_2021_10_08_CMC_S8/2021_10_08_12_01_45_chunk2.json | outputs/2021CMC/output_2021_10_08_CMC_S8/2021_10_08_12_01_45_chunk3.json | outputs/2021CMC/output_2021_10_08_CMC_S8/2021_10_08_12_01_45_chunk4.json | outputs/2021CMC/output_2021_10_08_CMC_S8/2021_10_08_12_01_45_chunk5.json | outputs/2021CMC/output_2021_10_08_CMC_S8/2021_10_08_12_01_45_chunk6.json | outputs/2021CMC/output_2021_10_08_CMC_S8/2021_10_08_12_01_45_chunk7.json | outputs/2021CMC/output_2021_10_08_CMC_S8/2021_10_08_12_01_45_chunk8.json,38,8
taras pogorelov,output,2021CMC,Taras Pogorelov,outputs/2021CMC/output_2021_10_07_CMC_S3/B2.1_Zoom_Meeting_Room_2_2021_10_07_12_36_56.json | outputs/2021CMC/output_2021_10_07_CMC_S3/B2.2_Zoom_Meeting_Room_2_2021_10_07_12_41_55_chunk4.json | outputs/2021CMC/output_2021_10_07_CMC_S3/B2.2_Zoom_Meeting_Room_2_2021_10_07_12_41_55_chunk5.json | outputs/2021CMC/output_2021_10_07_CMC_S3/B2.2_Zoom_Meeting_Room_2_2021_10_07_12_41_55_chunk6.json | outputs/2021CMC/output_2021_10_07_CMC_S3/B2.2_Zoom_Meeting_Room_2_2021_10_07_12_41_55_chunk7.json | outputs/2021CMC/output_2021_10_08_CMC_S11/B3_2021_10_08_13_01_43_chunk1.json | outputs/2021CMC/output_2021_10_08_CMC_S11/B3_2021_10_08_13_01_43_chunk2.json | outputs/2021CMC/output_2021_10_08_CMC_S11/B3_2021_10_08_13_01_43_chunk3.json | outputs/2021CMC/output_2021_10_08_CMC_S11/B3_2021_10_08_13_01_43_chunk4.json | outputs/2021CMC/output_2021_10_08_CMC_S11/B3_2021_10_08_13_01_43_chunk5.json | outputs/2021CMC/output_2021_10_08_CMC_S11/B3_2021_10_08_13_01_43_chunk6.json | outputs/2021CMC/output_2021_10_08_CMC_S11/B3_2021_10_08_13_01_43_chunk7.json | outputs/2021CMC/output_2021_10_08_CMC_S11/B3_2021_10_08_13_01_43_chunk8.json | outputs/2021CMC/output_2021_10_08_CMC_S3/B2_Zoom_Meeting_Room_2_2021_10_08_10_59_57_chunk1.json | outputs/2021CMC/output_2021_10_08_CMC_S3/B2_Zoom_Meeting_Room_2_2021_10_08_10_59_57_chunk2.json | outputs/2021CMC/output_2021_10_08_CMC_S3/B2_Zoom_Meeting_Room_2_2021_10_08_10_59_57_chunk3.json | outputs/2021CMC/output_2021_10_08_CMC_S3/B2_Zoom_Meeting_Room_2_2021_10_08_10_59_57_chunk4.json | outputs/2021CMC/output_2021_10_08_CMC_S3/B2_Zoom_Meeting_Room_2_2021_10_08_10_59_57_chunk5.json | outputs/2021CMC/output_2021_10_08_CMC_S3/B2_Zoom_Meeting_Room_2_2021_10_08_10_59_57_chunk6.json | outputs/2021CMC/output_2021_10_08_CMC_S3/B2_Zoom_Meeting_Room_2_2021_10_08_10_59_57_chunk7.json | outputs/2021CMC/output_2021_10_08_CMC_S3/B2_Zoom_Meeting_Room_2_2021_10_08_10_59_57_chunk8.json,38,21
daren ginete,output,2021CMC | 2021MND | 2021MZT,Daren Ginete,outputs/2021CMC/output_2021_10_08_CMC_S3/B2_Zoom_Meeting_Room_2_2021_10_08_10_59_57_chunk1.json | outputs/2021CMC/output_2021_10_08_CMC_S3/B2_Zoom_Meeting_Room_2_2021_10_08_10_59_57_chunk2.json | outputs/2021CMC/output_2021_10_08_CMC_S3/B2_Zoom_Meeting_Room_2_2021_10_08_10_59_57_chunk3.json | outputs/2021CMC/output_2021_10_08_CMC_S3/B2_Zoom_Meeting_Room_2_2021_10_08_10_59_57_chunk4.json | outputs/2021CMC/output_2021_10_08_CMC_S3/B2_Zoom_Meeting_Room_2_2021_10_08_10_59_57_chunk5.json | outputs/2021CMC/output_2021_10_08_CMC_S3/B2_Zoom_Meeting_Room_2_2021_10_08_10_59_57_chunk6.json | outputs/2021CMC/output_2021_10_08_CMC_S3/B2_Zoom_Meeting_Room_2_2021_10_08_10_59_57_chunk7.json | outputs/2021CMC/output_2021_10_08_CMC_S3/B2_Zoom_Meeting_Room_2_2021_10_08_10_59_57_chunk8.json | outputs/2021MND/output_2021_04_23_MND_S8/Zoom_Meeting_Room_6_2021_04_23_11_16_16.json | outputs/2021MND/output_2021_04_23_MND_S8/Zoom_Meeting_Room_6_2021_04_23_11_22_11_chunk5.json | outputs/2021MND/output_2021_04_23_MND_S9/Bot_5_Zoom_Meeting_4_23_2021_1_13_23_PM.json | outputs/2021MZT/output_2021_09_30_MZT_S7/MZT_1_1_chunk2.json | outputs/2021MZT/output_2021_09_30_MZT_S7/MZT_1_1_chunk3.json | outputs/2021MZT/output_2021_09_30_MZT_S7/MZT_1_1_chunk4.json | outputs/2021MZT/output_2021_09_30_MZT_S7/MZT_1_1_chunk5.json | outputs/2021MZT/output_2021_09_30_MZT_S7/MZT_1_1_chunk6.json | outputs/2021MZT/output_2021_09_30_MZT_S7/MZT_1_1_chunk7.json | outputs/2021MZT/output_2021_09_30_MZT_S7/MZT_1_1_chunk8.json | outputs/2021MZT/output_2021_09_30_MZT_S7/MZT_1_2_chunk2.json | outputs/2021MZT/output_2021_09_30_MZT_S7/MZT_1_2_chunk3.json | outputs/2021MZT/output_2021_09_30_MZT_S7/MZT_1_2_chunk4.json | outputs/2021MZT/output_2021_09_30_MZT_S7/MZT_1_2_chunk5.json | outputs/2021MZT/output_2021_09_30_MZT_S7/MZT_1_2_chunk6.json | outputs/2021MZT/output_2021_09_30_MZT_S7/MZT_1_2_chunk7.json | outputs/2021MZT/output_2021_09_30_MZT_S7/MZT_1_2_chunk8.json | outputs/2021MZT/output_2021_10_01_MZT_S3/B3_2021_10_01_11_04_47_chunk1.json | outputs/2021MZT/output_2021_10_01_MZT_S3/B3_2021_10_01_11_04_47_chunk10.json | outputs/2021MZT/output_2021_10_01_MZT_S3/B3_2021_10_01_11_04_47_chunk2.json | outputs/2021MZT/output_2021_10_01_MZT_S3/B3_2021_10_01_11_04_47_chunk3.json | outputs/2021MZT/output_2021_10_01_MZT_S3/B3_2021_10_01_11_04_47_chunk4.json | outputs/2021MZT/output_2021_10_01_MZT_S3/B3_2021_10_01_11_04_47_chunk5.json | outputs/2021MZT/output_2021_10_01_MZT_S3/B3_2021_10_01_11_04_47_chunk6.json | outputs/2021MZT/output_2021_10_01_MZT_S3/B3_2021_10_01_11_04_47_chunk7.json | outputs/2021MZT/output_2021_10_01_MZT_S3/B3_2021_10_01_11_04_47_chunk8.json | outputs/2021MZT/output_2021_10_01_MZT_S3/B3_2021_10_01_11_04_47_chunk9.json,49,35
abhishek,output,2021MND,Abhishek,outputs/2021MND/output_2021_04_23_MND_S7/Breakout_Room_4_Session_2_2021_04_23_11_15_47_chunk1.json | outputs/2021MND/output_2021_04_23_MND_S7/Breakout_Room_4_Session_2_2021_04_23_11_15_47_chunk2.json | outputs/2021MND/output_2021_04_23_MND_S7/Breakout_Room_4_Session_2_2021_04_23_11_15_47_chunk3.json | outputs/2021MND/output_2021_04_23_MND_S7/Breakout_Room_4_Session_2_2021_04_23_11_15_47_chunk4.json | outputs/2021MND/output_2021_04_23_MND_S7/Breakout_Room_4_Session_2_2021_04_23_11_15_47_chunk5.json | outputs/2021MND/output_2021_04_23_MND_S7/Breakout_Room_4_Session_2_2021_04_23_11_15_47_chunk6.json | outputs/2021MND/output_2021_04_23_MND_S7/Breakout_Room_4_Session_2_2021_04_23_11_15_47_chunk7.json,37,7
aida ebrahimi,output,2021MND,Aida Ebrahimi,outputs/2021MND/output_2021_04_22_MND_S4/botB1_2021_04_22_13_01_59_chunk1.json | outputs/2021MND/output_2021_04_22_MND_S4/botB1_2021_04_22_13_01_59_chunk2.json | outputs/2021MND/output_2021_04_22_MND_S4/botB1_2021_04_22_13_01_59_chunk3.json | outputs/2021MND/output_2021_04_22_MND_S4/botB1_2021_04_22_13_01_59_chunk4.json | outputs/2021MND/output_2021_04_22_MND_S4/botB1_2021_04_22_13_01_59_chunk5.json | outputs/2021MND/output_2021_04_22_MND_S4/botB1_2021_04_22_13_01_59_chunk6.json | outputs/2021MND/output_2021_04_22_MND_S4/botB1_2021_04_22_13_01_59_chunk7.json | outputs/2021MND/output_2021_04_22_MND_S4/botB1_2021_04_22_13_01_59_chunk8.json | outputs/2021MND/output_2021_04_23_MND_S15/Breakout_Room_4_Session_3_2021_04_23_13_13_06_chunk1.json | outputs/2021MND/output_2021_04_23_MND_S15/Breakout_Room_4_Session_3_2021_04_23_13_13_06_chunk2.json | outputs/2021MND/output_2021_04_23_MND_S15/Breakout_Room_4_Session_3_2021_04_23_13_13_06_chunk3.json | outputs/2021MND/output_2021_04_23_MND_S15/Breakout_Room_4_Session_3_2021_04_23_13_13_06_chunk4.json | outputs/2021MND/output_2021_04_23_MND_S15/Breakout_Room_4_Session_3_2021_04_23_13_13_06_chunk5.json | outputs/2021MND/output_2021_04_23_MND_S15/Breakout_Room_4_Session_3_2021_04_23_13_13_06_chunk6.json | outputs/2021MND/output_2021_04_23_MND_S15/Breakout_Room_4_Session_3_2021_04_23_13_13_06_chunk7.json | outputs/2021MND/output_2021_04_23_MND_S8/Zoom_Meeting_Room_6_2021_04_23_11_16_16.json | outputs/2021MND/output_2021_04_23_MND_S8/Zoom_Meeting_Room_6_2021_04_23_11_22_11_chunk1.json | outputs/2021MND/output_2021_04_23_MND_S8/Zoom_Meeting_Room_6_2021_04_23_11_22_11_chunk2.json | outputs/2021MND/output_2021_04_23_MND_S8/Zoom_Meeting_Room_6_2021_04_23_11_22_11_chunk3.json | outputs/2021MND/output_2021_04_23_MND_S8/Zoom_Meeting_Room_6_2021_04_23_11_22_11_chunk4.json | outputs/2021MND/output_2021_04_23_MND_S8/Zoom_Meeting_Room_6_2021_04_23_11_22_11_chunk5.json | outputs/2021MND/output_2021_04_23_MND_S8/Zoom_Meeting_Room_6_2021_04_23_12_09_42_chunk1.json,105,22
aida ibrahim,output,2021MND,Aida Ibrahim,outputs/2021MND/output_2021_04_22_MND_S1/Bot1_2021_04_22_13_00_44_chunk1.json | outputs/2021MND/output_2021_04_22_MND_S1/Bot1_2021_04_22_13_00_44_chunk2.json | outputs/2021MND/output_2021_04_22_MND_S1/Bot1_2021_04_22_13_00_44_chunk3.json | outputs/2021MND/output_2021_04_22_MND_S1/Bot1_2021_04_22_13_00_44_chunk4.json | outputs/2021MND/output_2021_04_22_MND_S1/Bot1_2021_04_22_13_00_44_chunk5.json | outputs/2021MND/output_2021_04_22_MND_S1/Bot1_2021_04_22_13_00_44_chunk6.json | outputs/2021MND/output_2021_04_22_MND_S1/Bot1_2021_04_22_13_00_44_chunk7.json | outputs/2021MND/output_2021_04_22_MND_S1/Bot1_2021_04_22_13_00_44_chunk8.json,33,8
alexandra bafort,output,2021MND,Alexandra Bafort,outputs/2021MND/output_2021_04_23_MND_S10/bot1_2021_04_23_13_12_57_chunk1.json | outputs/2021MND/output_2021_04_23_MND_S10/bot1_2021_04_23_13_12_57_chunk2.json | outputs/2021MND/output_2021_04_23_MND_S10/bot1_2021_04_23_13_12_57_chunk3.json | outputs/2021MND/output_2021_04_23_MND_S10/bot1_2021_04_23_13_12_57_chunk4.json | outputs/2021MND/output_2021_04_23_MND_S10/bot1_2021_04_23_13_12_57_chunk5.json | outputs/2021MND/output_2021_04_23_MND_S10/bot1_2021_04_23_13_12_57_chunk6.json | outputs/2021MND/output_2021_04_23_MND_S10/bot1_2021_04_23_13_12_57_chunk7.json,9,7
alissa weaver,output,2021MND,Alissa Weaver,outputs/2021MND/output_2021_04_23_MND_S14/botB2_2021_04_23_13_14_21_chunk1.json | outputs/2021MND/output_2021_04_23_MND_S14/botB2_2021_04_23_13_14_21_chunk2.json | outputs/2021MND/output_2021_04_23_MND_S14/botB2_2021_04_23_13_14_21_chunk3.json | outputs/2021MND/output_2021_04_23_MND_S14/botB2_2021_04_23_13_14_21_chunk4.json | outputs/2021MND/output_2021_04_23_MND_S14/botB2_2021_04_23_13_14_21_chunk5.json | outputs/2021MND/output_2021_04_23_MND_S14/botB2_2021_04_23_13_14_21_chunk6.json | outputs/2021MND/output_2021_04_23_MND_S14/botB2_2021_04_23_13_14_21_chunk7.json,20,7
andrew diener,output,2021MND,Andrew Diener,outputs/2021MND/output_2021_04_23_MND_S2/bot1_2021_04_23_11_15_35_chunk6.json | outputs/2021MND/output_2021_04_23_MND_S2/bot1_2021_04_23_11_15_35_chunk7.json,3,2
bishakha mona,output,2021MND,Bishakha Mona,outputs/2021MND/output_2021_04_23_MND_S16/Zoom_Meeting_Room_6_2021_04_23_13_13_06.json,3,1
calvin ye,output,2021MND,Calvin Ye,outputs/2021MND/output_2021_04_22_MND_S8/Zoom_Meeting_Room_6_2021_04_22_13_00_55_chunk1.json | outputs/2021MND/output_2021_04_22_MND_S8/Zoom_Meeting_Room_6_2021_04_22_13_16_39.json | outputs/2021MND/output_2021_04_22_MND_S8/Zoom_Meeting_Room_6_2021_04_22_13_18_39_chunk2.json | outputs/2021MND/output_2021_04_22_MND_S8/Zoom_Meeting_Room_6_2021_04_22_13_18_39_chunk3.json | outputs/2021MND/output_2021_04_22_MND_S8/Zoom_Meeting_Room_6_2021_04_22_13_18_39_chunk4.json | outputs/2021MND/output_2021_04_22_MND_S8/Zoom_Meeting_Room_6_2021_04_22_13_18_39_chunk5.json | outputs/2021MND/output_2021_04_22_MND_S8/Zoom_Meeting_Room_6_2021_04_22_13_18_39_chunk6.json | outputs/2021MND/output_2021_04_23_MND_S1/Bot_5_Zoom_Meeting_4_23_2021_11_16_28_AM.json | outputs/2021MND/output_2021_04_23_MND_S1/Bot_5_Zoom_Meeting_4_23_2021_11_24_29_AM_chunk1.json | outputs/2021MND/output_2021_04_23_MND_S1/Bot_5_Zoom_Meeting_4_23_2021_11_24_29_AM_chunk2.json | outputs/2021MND/output_2021_04_23_MND_S1/Bot_5_Zoom_Meeting_4_23_2021_11_24_29_AM_chunk3.json | outputs/2021MND/output_2021_04_23_MND_S1/Bot_5_Zoom_Meeting_4_23_2021_11_24_29_AM_chunk4.json | outputs/2021MND/output_2021_04_23_MND_S1/Bot_5_Zoom_Meeting_4_23_2021_11_24_29_AM_chunk5.json | outputs/2021MND/output_2021_04_23_MND_S1/Bot_5_Zoom_Meeting_4_23_2021_12_10_03_PM_chunk1.json | outputs/2021MND/output_2021_04_23_MND_S1/Bot_5_Zoom_Meeting_4_23_2021_12_10_03_PM_chunk2.json | outputs/2021MND/output_2021_04_23_MND_S16/Zoom_Meeting_Room_6_2021_04_23_13_13_06.json | outputs/2021MND/output_2021_04_23_MND_S16/Zoom_Meeting_Room_6_2021_04_23_13_20_22_chunk2.json | outputs/2021MND/output_2021_04_23_MND_S16/Zoom_Meeting_Room_6_2021_04_23_13_20_22_chunk3.json | outputs/2021MND/output_2021_04_23_MND_S16/Zoom_Meeting_Room_6_2021_04_23_13_20_22_chunk4.json | outputs/2021MND/output_2021_04_23_MND_S16/Zoom_Meeting_Room_6_2021_04_23_13_20_22_chunk5.json | outputs/2021MND/output_2021_04_23_MND_S16/Zoom_Meeting_Room_6_2021_04_23_13_20_22_chunk6.json,77,21
cesar de la fuente,output,2021MND,Cesar de la Fuente,outputs/2021MND/output_2021_04_22_MND_S6/Breakout_Room_4_Part_1_2021_04_22_12_58_44_chunk1.json | outputs/2021MND/output_2021_04_22_MND_S6/Breakout_Room_4_Part_1_2021_04_22_12_58_44_chunk2.json | outputs/2021MND/output_2021_04_22_MND_S6/Breakout_Room_4_Part_2_2021_04_22_13_14_53_chunk1.json | outputs/2021MND/output_2021_04_23_MND_S2/bot1_2021_04_23_11_15_35_chunk1.json | outputs/2021MND/output_2021_04_23_MND_S2/bot1_2021_04_23_11_15_35_chunk2.json | outputs/2021MND/output_2021_04_23_MND_S2/bot1_2021_04_23_11_15_35_chunk3.json | outputs/2021MND/output_2021_04_23_MND_S2/bot1_2021_04_23_11_15_35_chunk4.json | outputs/2021MND/output_2021_04_23_MND_S2/bot1_2021_04_23_11_15_35_chunk5.json | outputs/2021MND/output_2021_04_23_MND_S2/bot1_2021_04_23_11_15_35_chunk6.json | outputs/2021MND/output_2021_04_23_MND_S2/bot1_2021_04_23_11_15_35_chunk7.json | outputs/2021MND/output_2021_04_23_MND_S5/botB1_2021_04_23_11_17_35_chunk1.json | outputs/2021MND/output_2021_04_23_MND_S5/botB1_2021_04_23_11_17_35_chunk2.json | outputs/2021MND/output_2021_04_23_MND_S5/botB1_2021_04_23_11_17_35_chunk3.json | outputs/2021MND/output_2021_04_23_MND_S5/botB1_2021_04_23_11_17_35_chunk4.json | outputs/2021MND/output_2021_04_23_MND_S5/botB1_2021_04_23_11_17_35_chunk5.json | outputs/2021MND/output_2021_04_23_MND_S5/botB1_2021_04_23_11_17_35_chunk6.json | outputs/2021MND/output_2021_04_23_MND_S5/botB1_2021_04_23_11_17_35_chunk7.json | outputs/2021MND/output_2021_04_23_MND_S9/Bot_5_Zoom_Meeting_4_23_2021_1_13_23_PM.json | outputs/2021MND/output_2021_04_23_MND_S9/Bot_5_Zoom_Meeting_4_23_2021_1_22_30_PM_chunk5.json | outputs/2021MND/output_2021_04_23_MND_S9/Bot_5_Zoom_Meeting_4_23_2021_1_22_30_PM_chunk6.json,58,20
clara arrieta,output,2021MND,Clara Arrieta,outputs/2021MND/output_2021_04_23_MND_S14/botB2_2021_04_23_13_14_21_chunk1.json | outputs/2021MND/output_2021_04_23_MND_S14/botB2_2021_04_23_13_14_21_chunk2.json | outputs/2021MND/output_2021_04_23_MND_S14/botB2_2021_04_23_13_14_21_chunk3.json | outputs/2021MND/output_2021_04_23_MND_S14/botB2_2021_04_23_13_14_21_chunk4.json | outputs/2021MND/output_2021_04_23_MND_S14/botB2_2021_04_23_13_14_21_chunk5.json | outputs/2021MND/output_2021_04_23_MND_S14/botB2_2021_04_23_13_14_21_chunk6.json | outputs/2021MND/output_2021_04_23_MND_S14/botB2_2021_04_23_13_14_21_chunk7.json,33,7
courtney robinson,output,2021MND,Courtney Robinson,outputs/2021MND/output_2021_04_23_MND_S12/bot3_Room_3_Zoom_Meeting_2021_04_23_13_13_23_chunk1.json | outputs/2021MND/output_2021_04_23_MND_S12/bot3_Room_3_Zoom_Meeting_2021_04_23_13_13_23_chunk2.json | outputs/2021MND/output_2021_04_23_MND_S12/bot3_Room_3_Zoom_Meeting_2021_04_23_13_13_23_chunk3.json | outputs/2021MND/output_2021_04_23_MND_S12/bot3_Room_3_Zoom_Meeting_2021_04_23_13_13_23_chunk4.json | outputs/2021MND/output_2021_04_23_MND_S12/bot3_Room_3_Zoom_Meeting_2021_04_23_13_13_23_chunk5.json | outputs/2021MND/output_2021_04_23_MND_S12/bot3_Room_3_Zoom_Meeting_2021_04_23_13_13_23_chunk6.json | outputs/2021MND/output_2021_04_23_MND_S12/bot3_Room_3_Zoom_Meeting_2021_04_23_13_13_23_chunk7.json | outputs/2021MND/output_2021_04_23_MND_S8/Zoom_Meeting_Room_6_2021_04_23_11_16_16.json | outputs/2021MND/output_2021_04_23_MND_S8/Zoom_Meeting_Room_6_2021_04_23_11_22_11_chunk1.json | outputs/2021MND/output_2021_04_23_MND_S8/Zoom_Meeting_Room_6_2021_04_23_11_22_11_chunk2.json | outputs/2021MND/output_2021_04_23_MND_S8/Zoom_Meeting_Room_6_2021_04_23_11_22_11_chunk3.json | outputs/2021MND/output_2021_04_23_MND_S8/Zoom_Meeting_Room_6_2021_04_23_11_22_11_chunk4.json | outputs/2021MND/output_2021_04_23_MND_S8/Zoom_Meeting_Room_6_2021_04_23_11_22_11_chunk5.json | outputs/2021MND/output_2021_04_23_MND_S8/Zoom_Meeting_Room_6_2021_04_23_12_09_42_chunk1.json,29,14
elizabeth bese,output,2021MND,Elizabeth Bese,outputs/2021MND/output_2021_04_23_MND_S10/bot1_2021_04_23_13_12_57_chunk1.json | outputs/2021MND/output_2021_04_23_MND_S10/bot1_2021_04_23_13_12_57_chunk2.json | outputs/2021MND/output_2021_04_23_MND_S10/bot1_2021_04_23_13_12_57_chunk3.json | outputs/2021MND/output_2021_04_23_MND_S10/bot1_2021_04_23_13_12_57_chunk4.json | outputs/2021MND/output_2021_04_23_MND_S10/bot1_2021_04_23_13_12_57_chunk5.json | outputs/2021MND/output_2021_04_23_MND_S10/bot1_2021_04_23_13_12_57_chunk6.json | outputs/2021MND/output_2021_04_23_MND_S10/bot1_2021_04_23_13_12_57_chunk7.json,37,7
elizabeth bross,output,2021MND,Elizabeth Bross,outputs/2021MND/output_2021_04_23_MND_S2/bot1_2021_04_23_11_15_35_chunk1.json | outputs/2021MND/output_2021_04_23_MND_S2/bot1_2021_04_23_11_15_35_chunk2.json | outputs/2021MND/output_2021_04_23_MND_S2/bot1_2021_04_23_11_15_35_chunk3.json | outputs/2021MND/output_2021_04_23_MND_S2/bot1_2021_04_23_11_15_35_chunk4.json | outputs/2021MND/output_2021_04_23_MND_S2/bot1_2021_04_23_11_15_35_chunk5.json | outputs/2021MND/output_2021_04_23_MND_S2/bot1_2021_04_23_11_15_35_chunk6.json | outputs/2021MND/output_2021_04_23_MND_S2/bot1_2021_04_23_11_15_35_chunk7.json,23,7
emily balkus,output,2021MND,Emily Balkus,outputs/2021MND/output_2021_04_23_MND_S1/Bot_5_Zoom_Meeting_4_23_2021_11_16_28_AM.json | outputs/2021MND/output_2021_04_23_MND_S1/Bot_5_Zoom_Meeting_4_23_2021_11_24_29_AM_chunk1.json | outputs/2021MND/output_2021_04_23_MND_S1/Bot_5_Zoom_Meeting_4_23_2021_11_24_29_AM_chunk2.json | outputs/2021MND/output_2021_04_23_MND_S1/Bot_5_Zoom_Meeting_4_23_2021_11_24_29_AM_chunk3.json | outputs/2021MND/output_2021_04_23_MND_S1/Bot_5_Zoom_Meeting_4_23_2021_11_24_29_AM_chunk4.json | outputs/2021MND/output_2021_04_23_MND_S1/Bot_5_Zoom_Meeting_4_23_2021_11_24_29_AM_chunk5.json | outputs/2021MND/output_2021_04_23_MND_S1/Bot_5_Zoom_Meeting_4_23_2021_12_10_03_PM_chunk1.json | outputs/2021MND/output_2021_04_23_MND_S1/Bot_5_Zoom_Meeting_4_23_2021_12_10_03_PM_chunk2.json,29,8
flavio fritch,output,2021MND,Flavio Fritch,outputs/2021MND/output_2021_04_22_MND_S1/Bot1_2021_04_22_13_00_44_chunk1.json | outputs/2021MND/output_2021_04_22_MND_S1/Bot1_2021_04_22_13_00_44_chunk2.json | outputs/2021MND/output_2021_04_22_MND_S1/Bot1_2021_04_22_13_00_44_chunk3.json | outputs/2021MND/output_2021_04_22_MND_S1/Bot1_2021_04_22_13_00_44_chunk4.json | outputs/2021MND/output_2021_04_22_MND_S1/Bot1_2021_04_22_13_00_44_chunk5.json | outputs/2021MND/output_2021_04_22_MND_S1/Bot1_2021_04_22_13_00_44_chunk6.json | outputs/2021MND/output_2021_04_22_MND_S1/Bot1_2021_04_22_13_00_44_chunk7.json | outputs/2021MND/output_2021_04_22_MND_S1/Bot1_2021_04_22_13_00_44_chunk8.json,21,8
gianna hammer,output,2021MND,Gianna Hammer,outputs/2021MND/output_2021_04_22_MND_S8/Zoom_Meeting_Room_6_2021_04_22_13_16_39.json | outputs/2021MND/output_2021_04_22_MND_S8/Zoom_Meeting_Room_6_2021_04_22_13_18_39_chunk5.json | outputs/2021MND/output_2021_04_22_MND_S8/Zoom_Meeting_Room_6_2021_04_22_13_18_39_chunk6.json,8,3
j p yu,output,2021MND,J.P. Yu,outputs/2021MND/output_2021_04_23_MND_S6/botB2_2021_04_23_11_17_00_chunk1.json | outputs/2021MND/output_2021_04_23_MND_S6/botB2_2021_04_23_11_17_00_chunk2.json | outputs/2021MND/output_2021_04_23_MND_S6/botB2_2021_04_23_11_17_00_chunk3.json | outputs/2021MND/output_2021_04_23_MND_S6/botB2_2021_04_23_11_17_00_chunk4.json | outputs/2021MND/output_2021_04_23_MND_S6/botB2_2021_04_23_11_17_00_chunk5.json | outputs/2021MND/output_2021_04_23_MND_S6/botB2_2021_04_23_11_17_00_chunk6.json | outputs/2021MND/output_2021_04_23_MND_S6/botB2_2021_04_23_11_17_00_chunk7.json,16,7
jay sung,output,2021MND,Jay Sung,outputs/2021MND/output_2021_04_23_MND_S13/botB1_2021_04_23_13_14_18_chunk1.json | outputs/2021MND/output_2021_04_23_MND_S13/botB1_2021_04_23_13_14_18_chunk2.json | outputs/2021MND/output_2021_04_23_MND_S13/botB1_2021_04_23_13_14_18_chunk4.json | outputs/2021MND/output_2021_04_23_MND_S13/botB1_2021_04_23_13_14_18_chunk5.json | outputs/2021MND/output_2021_04_23_MND_S13/botB1_2021_04_23_13_14_18_chunk6.json | outputs/2021MND/output_2021_04_23_MND_S13/botB1_2021_04_23_13_14_18_chunk7.json,12,6
joan woodard,output,2021MND,Joan Woodard,outputs/2021MND/output_2021_04_23_MND_S1/Bot_5_Zoom_Meeting_4_23_2021_11_16_28_AM.json,3,1
joel zylberberg,output,2021MND,Joel Zylberberg,outputs/2021MND/output_2021_04_22_MND_S2/Bot_2_Room_2_Zoom_Meeting_2021_04_22_13_06_43.json,3,1
john paul yu,truth,2021MND,John-Paul Yu,analysis_v1/data/2021MND/2021MND_outcome.json,2,1
jp,output,2021MND,JP,outputs/2021MND/output_2021_04_22_MND_S5/botB2_2021_04_22_13_02_15_chunk1.json | outputs/2021MND/output_2021_04_22_MND_S5/botB2_2021_04_22_13_02_15_chunk2.json | outputs/2021MND/output_2021_04_22_MND_S5/botB2_2021_04_22_13_02_15_chunk3.json | outputs/2021MND/output_2021_04_22_MND_S5/botB2_2021_04_22_13_02_15_chunk4.json | outputs/2021MND/output_2021_04_22_MND_S5/botB2_2021_04_22_13_02_15_chunk5.json | outputs/2021MND/output_2021_04_22_MND_S5/botB2_2021_04_22_13_02_15_chunk6.json | outputs/2021MND/output_2021_04_22_MND_S5/botB2_2021_04_22_13_02_15_chunk7.json | outputs/2021MND/output_2021_04_22_MND_S5/botB2_2021_04_22_13_02_15_chunk8.json,54,8
kaixiong ye,truth,2021MND,Kaixiong Ye,analysis_v1/data/2021MND/2021MND_outcome.json,2,1
leah,output,2021MND,Leah,outputs/2021MND/output_2021_04_22_MND_S5/botB2_2021_04_22_13_02_15_chunk1.json | outputs/2021MND/output_2021_04_22_MND_S5/botB2_2021_04_22_13_02_15_chunk2.json | outputs/2021MND/output_2021_04_22_MND_S5/botB2_2021_04_22_13_02_15_chunk3.json | outputs/2021MND/output_2021_04_22_MND_S5/botB2_2021_04_22_13_02_15_chunk4.json | outputs/2021MND/output_2021_04_22_MND_S5/botB2_2021_04_22_13_02_15_chunk5.json | outputs/2021MND/output_2021_04_22_MND_S5/botB2_2021_04_22_13_02_15_chunk6.json | outputs/2021MND/output_2021_04_22_MND_S5/botB2_2021_04_22_13_02_15_chunk7.json | outputs/2021MND/output_2021_04_22_MND_S5/botB2_2021_04_22_13_02_15_chunk8.json,26,8
lisa raino,output,2021MND,Lisa Raino,outputs/2021MND/output_2021_04_22_MND_S6/Breakout_Room_4_Part_1_2021_04_22_12_58_44_chunk1.json | outputs/2021MND/output_2021_04_22_MND_S6/Breakout_Room_4_Part_1_2021_04_22_12_58_44_chunk2.json | outputs/2021MND/output_2021_04_22_MND_S6/Breakout_Room_4_Part_2_2021_04_22_13_14_53_chunk1.json,7,3
melanie,output,2021MND,Melanie,outputs/2021MND/output_2021_04_23_MND_S14/botB2_2021_04_23_13_14_21_chunk6.json | outputs/2021MND/output_2021_04_23_MND_S14/botB2_2021_04_23_13_14_21_chunk7.json,14,2
michael,output,2021MND,Michael,outputs/2021MND/output_2021_04_22_MND_S5/botB2_2021_04_22_13_02_15_chunk1.json | outputs/2021MND/output_2021_04_22_MND_S5/botB2_2021_04_22_13_02_15_chunk2.json | outputs/2021MND/output_2021_04_22_MND_S5/botB2_2021_04_22_13_02_15_chunk3.json | outputs/2021MND/output_2021_04_22_MND_S5/botB2_2021_04_22_13_02_15_chunk4.json | outputs/2021MND/output_2021_04_22_MND_S5/botB2_2021_04_22_13_02_15_chunk5.json | outputs/2021MND/output_2021_04_22_MND_S5/botB2_2021_04_22_13_02_15_chunk6.json | outputs/2021MND/output_2021_04_22_MND_S5/botB2_2021_04_22_13_02_15_chunk7.json | outputs/2021MND/output_2021_04_22_MND_S5/botB2_2021_04_22_13_02_15_chunk8.json,52,8
michael d burton,output,2021MND,Michael D. Burton,outputs/2021MND/output_2021_04_23_MND_S9/Bot_5_Zoom_Meeting_4_23_2021_1_13_23_PM.json | outputs/2021MND/output_2021_04_23_MND_S9/Bot_5_Zoom_Meeting_4_23_2021_1_22_30_PM_chunk1.json | outputs/2021MND/output_2021_04_23_MND_S9/Bot_5_Zoom_Meeting_4_23_2021_1_22_30_PM_chunk2.json | outputs/2021MND/output_2021_04_23_MND_S9/Bot_5_Zoom_Meeting_4_23_2021_1_22_30_PM_chunk3.json | outputs/2021MND/output_2021_04_23_MND_S9/Bot_5_Zoom_Meeting_4_23_2021_1_22_30_PM_chunk4.json | outputs/2021MND/output_2021_04_23_MND_S9/Bot_5_Zoom_Meeting_4_23_2021_1_22_30_PM_chunk5.json | outputs/2021MND/output_2021_04_23_MND_S9/Bot_5_Zoom_Meeting_4_23_2021_1_22_30_PM_chunk6.json,19,7
noah palm,output,2021MND,Noah Palm,outputs/2021MND/output_2021_04_22_MND_S8/Zoom_Meeting_Room_6_2021_04_22_13_00_55_chunk1.json | outputs/2021MND/output_2021_04_22_MND_S8/Zoom_Meeting_Room_6_2021_04_22_13_16_39.json | outputs/2021MND/output_2021_04_22_MND_S8/Zoom_Meeting_Room_6_2021_04_22_13_18_39_chunk2.json | outputs/2021MND/output_2021_04_22_MND_S8/Zoom_Meeting_Room_6_2021_04_22_13_18_39_chunk3.json | outputs/2021MND/output_2021_04_22_MND_S8/Zoom_Meeting_Room_6_2021_04_22_13_18_39_chunk4.json | outputs/2021MND/output_2021_04_22_MND_S8/Zoom_Meeting_Room_6_2021_04_22_13_18_39_chunk5.json | outputs/2021MND/output_2021_04_22_MND_S8/Zoom_Meeting_Room_6_2021_04_22_13_18_39_chunk6.json | outputs/2021MND/output_2021_04_23_MND_S12/bot3_Room_3_Zoom_Meeting_2021_04_23_13_13_23_chunk1.json | outputs/2021MND/output_2021_04_23_MND_S12/bot3_Room_3_Zoom_Meeting_2021_04_23_13_13_23_chunk2.json | outputs/2021MND/output_2021_04_23_MND_S12/bot3_Room_3_Zoom_Meeting_2021_04_23_13_13_23_chunk3.json | outputs/2021MND/output_2021_04_23_MND_S12/bot3_Room_3_Zoom_Meeting_2021_04_23_13_13_23_chunk4.json | outputs/2021MND/output_2021_04_23_MND_S12/bot3_Room_3_Zoom_Meeting_2021_04_23_13_13_23_chunk5.json | outputs/2021MND/output_2021_04_23_MND_S12/bot3_Room_3_Zoom_Meeting_2021_04_23_13_13_23_chunk6.json | outputs/2021MND/output_2021_04_23_MND_S12/bot3_Room_3_Zoom_Meeting_2021_04_23_13_13_23_chunk7.json | outputs/2021MND/output_2021_04_23_MND_S4/bot3_Room_3_Zoom_Meeting_2021_04_23_12_09_57_chunk1.json | outputs/2021MND/output_2021_04_23_MND_S4/bot3_Room_3_Zoom_Meeting_2021_04_23_12_09_57_chunk2.json | outputs/2021MND/output_2021_04_23_MND_S4/bot3_Zoom_Meeting_2021_04_23_11_16_18.json | outputs/2021MND/output_2021_04_23_MND_S4/bot3_Zoom_Meeting_2021_04_23_11_16_26_chunk1.json | outputs/2021MND/output_2021_04_23_MND_S4/bot3_Zoom_Meeting_2021_04_23_11_16_26_chunk2.json | outputs/2021MND/output_2021_04_23_MND_S4/bot3_Zoom_Meeting_2021_04_23_11_16_26_chunk3.json | outputs/2021MND/output_2021_04_23_MND_S4/bot3_Zoom_Meeting_2021_04_23_11_16_26_chunk4.json | outputs/2021MND/output_2021_04_23_MND_S4/bot3_Zoom_Meeting_2021_04_23_11_16_26_chunk5.json | outputs/2021MND/output_2021_04_23_MND_S4/bot3_Zoom_Meeting_2021_04_23_11_16_26_chunk6.json,114,23
pam chang,output,2021MND,Pam Chang,outputs/2021MND/output_2021_04_23_MND_S6/botB2_2021_04_23_11_17_00_chunk1.json | outputs/2021MND/output_2021_04_23_MND_S6/botB2_2021_04_23_11_17_00_chunk2.json | outputs/2021MND/output_2021_04_23_MND_S6/botB2_2021_04_23_11_17_00_chunk3.json | outputs/2021MND/output_2021_04_23_MND_S6/botB2_2021_04_23_11_17_00_chunk4.json | outputs/2021MND/output_2021_04_23_MND_S6/botB2_2021_04_23_11_17_00_chunk5.json | outputs/2021MND/output_2021_04_23_MND_S6/botB2_2021_04_23_11_17_00_chunk6.json | outputs/2021MND/output_2021_04_23_MND_S6/botB2_2021_04_23_11_17_00_chunk7.json,25,7
richard allen,output,2021MND,Richard Allen,outputs/2021MND/output_2021_04_23_MND_S10/bot1_2021_04_23_13_12_57_chunk1.json | outputs/2021MND/output_2021_04_23_MND_S10/bot1_2021_04_23_13_12_57_chunk2.json | outputs/2021MND/output_2021_04_23_MND_S10/bot1_2021_04_23_13_12_57_chunk3.json | outputs/2021MND/output_2021_04_23_MND_S10/bot1_2021_04_23_13_12_57_chunk4.json | outputs/2021MND/output_2021_04_23_MND_S10/bot1_2021_04_23_13_12_57_chunk5.json | outputs/2021MND/output_2021_04_23_MND_S10/bot1_2021_04_23_13_12_57_chunk6.json | outputs/2021MND/output_2021_04_23_MND_S10/bot1_2021_04_23_13_12_57_chunk7.json,9,7
richard diener,output,2021MND,Richard Diener,outputs/2021MND/output_2021_04_23_MND_S2/bot1_2021_04_23_11_15_35_chunk1.json | outputs/2021MND/output_2021_04_23_MND_S2/bot1_2021_04_23_11_15_35_chunk2.json | outputs/2021MND/output_2021_04_23_MND_S2/bot1_2021_04_23_11_15_35_chunk3.json | outputs/2021MND/output_2021_04_23_MND_S2/bot1_2021_04_23_11_15_35_chunk4.json | outputs/2021MND/output_2021_04_23_MND_S2/bot1_2021_04_23_11_15_35_chunk5.json | outputs/2021MND/output_2021_04_23_MND_S2/bot1_2021_04_23_11_15_35_chunk6.json | outputs/2021MND/output_2021_04_23_MND_S2/bot1_2021_04_23_11_15_35_chunk7.json,11,7
robert bryan,output,2021MND,Robert Bryan,outputs/2021MND/output_2021_04_23_MND_S6/botB2_2021_04_23_11_17_00_chunk1.json | outputs/2021MND/output_2021_04_23_MND_S6/botB2_2021_04_23_11_17_00_chunk2.json | outputs/2021MND/output_2021_04_23_MND_S6/botB2_2021_04_23_11_17_00_chunk3.json | outputs/2021MND/output_2021_04_23_MND_S6/botB2_2021_04_23_11_17_00_chunk4.json | outputs/2021MND/output_2021_04_23_MND_S6/botB2_2021_04_23_11_17_00_chunk5.json | outputs/2021MND/output_2021_04_23_MND_S6/botB2_2021_04_23_11_17_00_chunk6.json | outputs/2021MND/output_2021_04_23_MND_S6/botB2_2021_04_23_11_17_00_chunk7.json,28,7
robert bryan jr,output,2021MND,Robert Bryan Jr,outputs/2021MND/output_2021_04_23_MND_S3/bot2_Zoom_Meeting_Room_2_2021_04_23_11_16_54.json | outputs/2021MND/output_2021_04_23_MND_S3/bot2_Zoom_Meeting_Room_2_2021_04_23_11_18_13_chunk1.json | outputs/2021MND/output_2021_04_23_MND_S3/bot2_Zoom_Meeting_Room_2_2021_04_23_11_18_13_chunk2.json | outputs/2021MND/output_2021_04_23_MND_S3/bot2_Zoom_Meeting_Room_2_2021_04_23_11_18_13_chunk3.json | outputs/2021MND/output_2021_04_23_MND_S3/bot2_Zoom_Meeting_Room_2_2021_04_23_11_18_13_chunk4.json | outputs/2021MND/output_2021_04_23_MND_S3/bot2_Zoom_Meeting_Room_2_2021_04_23_11_18_13_chunk5.json | outputs/2021MND/output_2021_04_23_MND_S3/bot2_Zoom_Meeting_Room_2_2021_04_23_11_18_13_chunk6.json | outputs/2021MND/output_2021_04_23_MND_S9/Bot_5_Zoom_Meeting_4_23_2021_1_13_23_PM.json | outputs/2021MND/output_2021_04_23_MND_S9/Bot_5_Zoom_Meeting_4_23_2021_1_22_30_PM_chunk1.json | outputs/2021MND/output_2021_04_23_MND_S9/Bot_5_Zoom_Meeting_4_23_2021_1_22_30_PM_chunk2.json | outputs/2021MND/output_2021_04_23_MND_S9/Bot_5_Zoom_Meeting_4_23_2021_1_22_30_PM_chunk3.json | outputs/2021MND/output_2021_04_23_MND_S9/Bot_5_Zoom_Meeting_4_23_2021_1_22_30_PM_chunk4.json | outputs/2021MND/output_2021_04_23_MND_S9/Bot_5_Zoom_Meeting_4_23_2021_1_22_30_PM_chunk5.json | outputs/2021MND/output_2021_04_23_MND_S9/Bot_5_Zoom_Meeting_4_23_2021_1_22_30_PM_chunk6.json,71,14
robin michelle voigt zuwala,output,2021MND,Robin Michelle Voigt-Zuwala,outputs/2021MND/output_2021_04_23_MND_S1/Bot_5_Zoom_Meeting_4_23_2021_11_16_28_AM.json | outputs/2021MND/output_2021_04_23_MND_S1/Bot_5_Zoom_Meeting_4_23_2021_11_24_29_AM_chunk1.json | outputs/2021MND/output_2021_04_23_MND_S1/Bot_5_Zoom_Meeting_4_23_2021_11_24_29_AM_chunk2.json | outputs/2021MND/output_2021_04_23_MND_S1/Bot_5_Zoom_Meeting_4_23_2021_11_24_29_AM_chunk3.json | outputs/2021MND/output_2021_04_23_MND_S1/Bot_5_Zoom_Meeting_4_23_2021_11_24_29_AM_chunk4.json | outputs/2021MND/output_2021_04_23_MND_S1/Bot_5_Zoom_Meeting_4_23_2021_11_24_29_AM_chunk5.json | outputs/2021MND/output_2021_04_23_MND_S1/Bot_5_Zoom_Meeting_4_23_2021_12_10_03_PM_chunk1.json | outputs/2021MND/output_2021_04_23_MND_S1/Bot_5_Zoom_Meeting_4_23_2021_12_10_03_PM_chunk2.json,42,8
robin voigt zuwala,output,2021MND,Robin Voigt-Zuwala,outputs/2021MND/output_2021_04_22_MND_S6/Breakout_Room_4_Part_1_2021_04_22_12_58_44_chunk1.json | outputs/2021MND/output_2021_04_22_MND_S6/Breakout_Room_4_Part_1_2021_04_22_12_58_44_chunk2.json | outputs/2021MND/output_2021_04_22_MND_S6/Breakout_Room_4_Part_2_2021_04_22_13_14_53_chunk1.json | outputs/2021MND/output_2021_04_23_MND_S12/bot3_Room_3_Zoom_Meeting_2021_04_23_13_13_23_chunk1.json | outputs/2021MND/output_2021_04_23_MND_S12/bot3_Room_3_Zoom_Meeting_2021_04_23_13_13_23_chunk2.json | outputs/2021MND/output_2021_04_23_MND_S12/bot3_Room_3_Zoom_Meeting_2021_04_23_13_13_23_chunk3.json | outputs/2021MND/output_2021_04_23_MND_S12/bot3_Room_3_Zoom_Meeting_2021_04_23_13_13_23_chunk4.json | outputs/2021MND/output_2021_04_23_MND_S12/bot3_Room_3_Zoom_Meeting_2021_04_23_13_13_23_chunk5.json | outputs/2021MND/output_2021_04_23_MND_S12/bot3_Room_3_Zoom_Meeting_2021_04_23_13_13_23_chunk6.json | outputs/2021MND/output_2021_04_23_MND_S12/bot3_Room_3_Zoom_Meeting_2021_04_23_13_13_23_chunk7.json,32,10
roza v krishnaniah brown,output,2021MND,Roza V. Krishnaniah-Brown,outputs/2021MND/output_2021_04_22_MND_S6/Breakout_Room_4_Part_1_2021_04_22_12_58_44_chunk1.json | outputs/2021MND/output_2021_04_22_MND_S6/Breakout_Room_4_Part_1_2021_04_22_12_58_44_chunk2.json | outputs/2021MND/output_2021_04_22_MND_S6/Breakout_Room_4_Part_2_2021_04_22_13_14_53_chunk1.json,9,3
rui zhang,output,2021MND,Rui Zhang,outputs/2021MND/output_2021_04_22_MND_S3/Bot3_Zoom_Meeting_2021_04_22_13_05_46_v2.json | outputs/2021MND/output_2021_04_22_MND_S3/Bot3_Zoom_Meeting_2021_04_22_13_05_56_v2_chunk1.json | outputs/2021MND/output_2021_04_22_MND_S3/Bot3_Zoom_Meeting_2021_04_22_13_05_56_v2_chunk2.json | outputs/2021MND/output_2021_04_22_MND_S3/Bot3_Zoom_Meeting_2021_04_22_13_05_56_v2_chunk3.json | outputs/2021MND/output_2021_04_22_MND_S3/Bot3_Zoom_Meeting_2021_04_22_13_05_56_v2_chunk4.json | outputs/2021MND/output_2021_04_22_MND_S3/Bot3_Zoom_Meeting_2021_04_22_13_05_56_v2_chunk5.json | outputs/2021MND/output_2021_04_22_MND_S3/Bot3_Zoom_Meeting_2021_04_22_13_05_56_v2_chunk6.json | outputs/2021MND/output_2021_04_22_MND_S3/Bot3_Zoom_Meeting_2021_04_22_13_05_56_v2_chunk7.json | outputs/2021MND/output_2021_04_22_MND_S3/Bot3_Zoom_Meeting_2021_04_22_13_05_56_v2_chunk8.json,30,9
sarah,output,2021MND,Sarah,outputs/2021MND/output_2021_04_22_MND_S5/botB2_2021_04_22_13_02_15_chunk1.json | outputs/2021MND/output_2021_04_22_MND_S5/botB2_2021_04_22_13_02_15_chunk2.json | outputs/2021MND/output_2021_04_22_MND_S5/botB2_2021_04_22_13_02_15_chunk3.json | outputs/2021MND/output_2021_04_22_MND_S5/botB2_2021_04_22_13_02_15_chunk4.json | outputs/2021MND/output_2021_04_22_MND_S5/botB2_2021_04_22_13_02_15_chunk5.json | outputs/2021MND/output_2021_04_22_MND_S5/botB2_2021_04_22_13_02_15_chunk6.json | outputs/2021MND/output_2021_04_22_MND_S5/botB2_2021_04_22_13_02_15_chunk7.json | outputs/2021MND/output_2021_04_22_MND_S5/botB2_2021_04_22_13_02_15_chunk8.json,36,8
sarah maceachern,output,2021MND,Sarah MacEachern,outputs/2021MND/output_2021_04_23_MND_S10/bot1_2021_04_23_13_12_57_chunk3.json | outputs/2021MND/output_2021_04_23_MND_S10/bot1_2021_04_23_13_12_57_chunk4.json | outputs/2021MND/output_2021_04_23_MND_S10/bot1_2021_04_23_13_12_57_chunk5.json | outputs/2021MND/output_2021_04_23_MND_S10/bot1_2021_04_23_13_12_57_chunk6.json | outputs/2021MND/output_2021_04_23_MND_S10/bot1_2021_04_23_13_12_57_chunk7.json | outputs/2021MND/output_2021_04_23_MND_S2/bot1_2021_04_23_11_15_35_chunk1.json | outputs/2021MND/output_2021_04_23_MND_S2/bot1_2021_04_23_11_15_35_chunk2.json | outputs/2021MND/output_2021_04_23_MND_S2/bot1_2021_04_23_11_15_35_chunk3.json | outputs/2021MND/output_2021_04_23_MND_S2/bot1_2021_04_23_11_15_35_chunk4.json | outputs/2021MND/output_2021_04_23_MND_S2/bot1_2021_04_23_11_15_35_chunk5.json | outputs/2021MND/output_2021_04_23_MND_S2/bot1_2021_04_23_11_15_35_chunk6.json | outputs/2021MND/output_2021_04_23_MND_S2/bot1_2021_04_23_11_15_35_chunk7.json | outputs/2021MND/output_2021_04_23_MND_S5/botB1_2021_04_23_11_17_35_chunk1.json | outputs/2021MND/output_2021_04_23_MND_S5/botB1_2021_04_23_11_17_35_chunk2.json | outputs/2021MND/output_2021_04_23_MND_S5/botB1_2021_04_23_11_17_35_chunk3.json | outputs/2021MND/output_2021_04_23_MND_S5/botB1_2021_04_23_11_17_35_chunk4.json | outputs/2021MND/output_2021_04_23_MND_S5/botB1_2021_04_23_11_17_35_chunk5.json | outputs/2021MND/output_2021_04_23_MND_S5/botB1_2021_04_23_11_17_35_chunk6.json | outputs/2021MND/output_2021_04_23_MND_S5/botB1_2021_04_23_11_17_35_chunk7.json,36,19
sarkis mazmanian,output,2021MND,Sarkis Mazmanian,outputs/2021MND/output_2021_04_22_MND_S3/Bot3_Zoom_Meeting_2021_04_22_13_05_46_v2.json | outputs/2021MND/output_2021_04_22_MND_S3/Bot3_Zoom_Meeting_2021_04_22_13_05_56_v2_chunk1.json | outputs/2021MND/output_2021_04_22_MND_S3/Bot3_Zoom_Meeting_2021_04_22_13_05_56_v2_chunk2.json | outputs/2021MND/output_2021_04_22_MND_S3/Bot3_Zoom_Meeting_2021_04_22_13_05_56_v2_chunk3.json | outputs/2021MND/output_2021_04_22_MND_S3/Bot3_Zoom_Meeting_2021_04_22_13_05_56_v2_chunk4.json | outputs/2021MND/output_2021_04_22_MND_S3/Bot3_Zoom_Meeting_2021_04_22_13_05_56_v2_chunk5.json | outputs/2021MND/output_2021_04_22_MND_S3/Bot3_Zoom_Meeting_2021_04_22_13_05_56_v2_chunk6.json | outputs/2021MND/output_2021_04_22_MND_S3/Bot3_Zoom_Meeting_2021_04_22_13_05_56_v2_chunk7.json | outputs/2021MND/output_2021_04_22_MND_S3/Bot3_Zoom_Meeting_2021_04_22_13_05_56_v2_chunk8.json | outputs/2021MND/output_2021_04_23_MND_S11/bot2_Zoom_Meeting_2021_04_23_13_13_56_chunk1.json | outputs/2021MND/output_2021_04_23_MND_S11/bot2_Zoom_Meeting_2021_04_23_13_13_56_chunk2.json | outputs/2021MND/output_2021_04_23_MND_S11/bot2_Zoom_Meeting_2021_04_23_13_13_56_chunk3.json | outputs/2021MND/output_2021_04_23_MND_S11/bot2_Zoom_Meeting_2021_04_23_13_13_56_chunk5.json | outputs/2021MND/output_2021_04_23_MND_S11/bot2_Zoom_Meeting_2021_04_23_13_13_56_chunk6.json | outputs/2021MND/output_2021_04_23_MND_S11/bot2_Zoom_Meeting_2021_04_23_13_13_56_chunk7.json | outputs/2021MND/output_2021_04_23_MND_S14/botB2_2021_04_23_13_14_21_chunk1.json | outputs/2021MND/output_2021_04_23_MND_S14/botB2_2021_04_23_13_14_21_chunk2.json | outputs/2021MND/output_2021_04_23_MND_S14/botB2_2021_04_23_13_14_21_chunk3.json | outputs/2021MND/output_2021_04_23_MND_S14/botB2_2021_04_23_13_14_21_chunk4.json | outputs/2021MND/output_2021_04_23_MND_S14/botB2_2021_04_23_13_14_21_chunk5.json | outputs/2021MND/output_2021_04_23_MND_S14/botB2_2021_04_23_13_14_21_chunk6.json | outputs/2021MND/output_2021_04_23_MND_S14/botB2_2021_04_23_13_14_21_chunk7.json | outputs/2021MND/output_2021_04_23_MND_S4/bot3_Room_3_Zoom_Meeting_2021_04_23_12_09_57_chunk1.json | outputs/2021MND/output_2021_04_23_MND_S4/bot3_Room_3_Zoom_Meeting_2021_04_23_12_09_57_chunk2.json | outputs/2021MND/output_2021_04_23_MND_S4/bot3_Zoom_Meeting_2021_04_23_11_16_18.json | outputs/2021MND/output_2021_04_23_MND_S4/bot3_Zoom_Meeting_2021_04_23_11_16_26_chunk1.json | outputs/2021MND/output_2021_04_23_MND_S4/bot3_Zoom_Meeting_2021_04_23_11_16_26_chunk2.json | outputs/2021MND/output_2021_04_23_MND_S4/bot3_Zoom_Meeting_2021_04_23_11_16_26_chunk3.json | outputs/2021MND/output_2021_04_23_MND_S4/bot3_Zoom_Meeting_2021_04_23_11_16_26_chunk4.json | outputs/2021MND/output_2021_04_23_MND_S4/bot3_Zoom_Meeting_2021_04_23_11_16_26_chunk5.json | outputs/2021MND/output_2021_04_23_MND_S4/bot3_Zoom_Meeting_2021_04_23_11_16_26_chunk6.json,265,31
silvie ronco,output,2021MND,Silvie Ronco,outputs/2021MND/output_2021_04_23_MND_S5/botB1_2021_04_23_11_17_35_chunk6.json | outputs/2021MND/output_2021_04_23_MND_S5/botB1_2021_04_23_11_17_35_chunk7.json,3,2
stephanie,output,2021MND,Stephanie,outputs/2021MND/output_2021_04_22_MND_S5/botB2_2021_04_22_13_02_15_chunk1.json | outputs/2021MND/output_2021_04_22_MND_S5/botB2_2021_04_22_13_02_15_chunk2.json | outputs/2021MND/output_2021_04_22_MND_S5/botB2_2021_04_22_13_02_15_chunk3.json | outputs/2021MND/output_2021_04_22_MND_S5/botB2_2021_04_22_13_02_15_chunk4.json | outputs/2021MND/output_2021_04_22_MND_S5/botB2_2021_04_22_13_02_15_chunk5.json | outputs/2021MND/output_2021_04_22_MND_S5/botB2_2021_04_22_13_02_15_chunk6.json | outputs/2021MND/output_2021_04_22_MND_S5/botB2_2021_04_22_13_02_15_chunk7.json | outputs/2021MND/output_2021_04_22_MND_S5/botB2_2021_04_22_13_02_15_chunk8.json,20,8
stephanie collonga,output,2021MND,Stephanie Collonga,outputs/2021MND/output_2021_04_23_MND_S5/botB1_2021_04_23_11_17_35_chunk1.json | outputs/2021MND/output_2021_04_23_MND_S5/botB1_2021_04_23_11_17_35_chunk2.json | outputs/2021MND/output_2021_04_23_MND_S5/botB1_2021_04_23_11_17_35_chunk3.json | outputs/2021MND/output_2021_04_23_MND_S5/botB1_2021_04_23_11_17_35_chunk4.json | outputs/2021MND/output_2021_04_23_MND_S5/botB1_2021_04_23_11_17_35_chunk5.json | outputs/2021MND/output_2021_04_23_MND_S5/botB1_2021_04_23_11_17_35_chunk6.json | outputs/2021MND/output_2021_04_23_MND_S5/botB1_2021_04_23_11_17_35_chunk7.json,27,7
sylvia ronco,output,2021MND,Sylvia Ronco,outputs/2021MND/output_2021_04_23_MND_S10/bot1_2021_04_23_13_12_57_chunk1.json | outputs/2021MND/output_2021_04_23_MND_S10/bot1_2021_04_23_13_12_57_chunk2.json | outputs/2021MND/output_2021_04_23_MND_S10/bot1_2021_04_23_13_12_57_chunk3.json | outputs/2021MND/output_2021_04_23_MND_S10/bot1_2021_04_23_13_12_57_chunk4.json | outputs/2021MND/output_2021_04_23_MND_S10/bot1_2021_04_23_13_12_57_chunk5.json | outputs/2021MND/output_2021_04_23_MND_S10/bot1_2021_04_23_13_12_57_chunk6.json | outputs/2021MND/output_2021_04_23_MND_S10/bot1_2021_04_23_13_12_57_chunk7.json,9,7
wenjing,output,2021MND,Wenjing,outputs/2021MND/output_2021_04_22_MND_S5/botB2_2021_04_22_13_02_15_chunk1.json | outputs/2021MND/output_2021_04_22_MND_S5/botB2_2021_04_22_13_02_15_chunk2.json | outputs/2021MND/output_2021_04_22_MND_S5/botB2_2021_04_22_13_02_15_chunk3.json | outputs/2021MND/output_2021_04_22_MND_S5/botB2_2021_04_22_13_02_15_chunk4.json | outputs/2021MND/output_2021_04_22_MND_S5/botB2_2021_04_22_13_02_15_chunk5.json | outputs/2021MND/output_2021_04_22_MND_S5/botB2_2021_04_22_13_02_15_chunk6.json | outputs/2021MND/output_2021_04_22_MND_S5/botB2_2021_04_22_13_02_15_chunk7.json | outputs/2021MND/output_2021_04_22_MND_S5/botB2_2021_04_22_13_02_15_chunk8.json,42,8
wenting,output,2021MND,Wenting,outputs/2021MND/output_2021_04_22_MND_S5/botB2_2021_04_22_13_02_15_chunk1.json,1,1
ying chen,output,2021MND,Ying Chen,outputs/2021MND/output_2021_04_22_MND_S1/Bot1_2021_04_22_13_00_44_chunk1.json | outputs/2021MND/output_2021_04_22_MND_S1/Bot1_2021_04_22_13_00_44_chunk2.json | outputs/2021MND/output_2021_04_22_MND_S1/Bot1_2021_04_22_13_00_44_chunk3.json | outputs/2021MND/output_2021_04_22_MND_S1/Bot1_2021_04_22_13_00_44_chunk4.json | outputs/2021MND/output_2021_04_22_MND_S1/Bot1_2021_04_22_13_00_44_chunk5.json | outputs/2021MND/output_2021_04_22_MND_S1/Bot1_2021_04_22_13_00_44_chunk6.json | outputs/2021MND/output_2021_04_22_MND_S1/Bot1_2021_04_22_13_00_44_chunk7.json | outputs/2021MND/output_2021_04_22_MND_S1/Bot1_2021_04_22_13_00_44_chunk8.json,25,8
zishin chi,output,2021MND,Zishin Chi,outputs/2021MND/output_2021_04_23_MND_S6/botB2_2021_04_23_11_17_00_chunk1.json | outputs/2021MND/output_2021_04_23_MND_S6/botB2_2021_04_23_11_17_00_chunk2.json | outputs/2021MND/output_2021_04_23_MND_S6/botB2_2021_04_23_11_17_00_chunk3.json | outputs/2021MND/output_2021_04_23_MND_S6/botB2_2021_04_23_11_17_00_chunk4.json | outputs/2021MND/output_2021_04_23_MND_S6/botB2_2021_04_23_11_17_00_chunk5.json | outputs/2021MND/output_2021_04_23_MND_S6/botB2_2021_04_23_11_17_00_chunk6.json | outputs/2021MND/output_2021_04_23_MND_S6/botB2_2021_04_23_11_17_00_chunk7.json,20,7
zonggi xia,output,2021MND,Zonggi Xia,outputs/2021MND/output_2021_04_23_MND_S16/Zoom_Meeting_Room_6_2021_04_23_13_13_06.json | outputs/2021MND/output_2021_04_23_MND_S16/Zoom_Meeting_Room_6_2021_04_23_13_20_22_chunk1.json | outputs/2021MND/output_2021_04_23_MND_S16/Zoom_Meeting_Room_6_2021_04_23_13_20_22_chunk2.json | outputs/2021MND/output_2021_04_23_MND_S16/Zoom_Meeting_Room_6_2021_04_23_13_20_22_chunk3.json | outputs/2021MND/output_2021_04_23_MND_S16/Zoom_Meeting_Room_6_2021_04_23_13_20_22_chunk4.json | outputs/2021MND/output_2021_04_23_MND_S16/Zoom_Meeting_Room_6_2021_04_23_13_20_22_chunk5.json | outputs/2021MND/output_2021_04_23_MND_S16/Zoom_Meeting_Room_6_2021_04_23_13_20_22_chunk6.json,30,7
barbara bendlin,output,2021MND | 2022MND,Barbara Bendlin,outputs/2021MND/output_2021_04_22_MND_S1/Bot1_2021_04_22_13_00_44_chunk1.json | outputs/2021MND/output_2021_04_22_MND_S1/Bot1_2021_04_22_13_00_44_chunk2.json | outputs/2021MND/output_2021_04_22_MND_S1/Bot1_2021_04_22_13_00_44_chunk3.json | outputs/2021MND/output_2021_04_22_MND_S1/Bot1_2021_04_22_13_00_44_chunk4.json | outputs/2021MND/output_2021_04_22_MND_S1/Bot1_2021_04_22_13_00_44_chunk5.json | outputs/2021MND/output_2021_04_22_MND_S1/Bot1_2021_04_22_13_00_44_chunk6.json | outputs/2021MND/output_2021_04_22_MND_S1/Bot1_2021_04_22_13_00_44_chunk7.json | outputs/2021MND/output_2021_04_22_MND_S1/Bot1_2021_04_22_13_00_44_chunk8.json | outputs/2021MND/output_2021_04_22_MND_S4/botB1_2021_04_22_13_01_59_chunk1.json | outputs/2021MND/output_2021_04_22_MND_S4/botB1_2021_04_22_13_01_59_chunk2.json | outputs/2021MND/output_2021_04_22_MND_S4/botB1_2021_04_22_13_01_59_chunk3.json | outputs/2021MND/output_2021_04_22_MND_S4/botB1_2021_04_22_13_01_59_chunk4.json | outputs/2021MND/output_2021_04_22_MND_S4/botB1_2021_04_22_13_01_59_chunk5.json | outputs/2021MND/output_2021_04_22_MND_S4/botB1_2021_04_22_13_01_59_chunk6.json | outputs/2021MND/output_2021_04_22_MND_S4/botB1_2021_04_22_13_01_59_chunk7.json | outputs/2021MND/output_2021_04_22_MND_S4/botB1_2021_04_22_13_01_59_chunk8.json | outputs/2021MND/output_2021_04_23_MND_S16/Zoom_Meeting_Room_6_2021_04_23_13_13_06.json | outputs/2021MND/output_2021_04_23_MND_S16/Zoom_Meeting_Room_6_2021_04_23_13_20_22_chunk1.json | outputs/2021MND/output_2021_04_23_MND_S16/Zoom_Meeting_Room_6_2021_04_23_13_20_22_chunk2.json | outputs/2021MND/output_2021_04_23_MND_S16/Zoom_Meeting_Room_6_2021_04_23_13_20_22_chunk3.json | outputs/2021MND/output_2021_04_23_MND_S16/Zoom_Meeting_Room_6_2021_04_23_13_20_22_chunk4.json | outputs/2021MND/output_2021_04_23_MND_S16/Zoom_Meeting_Room_6_2021_04_23_13_20_22_chunk5.json | outputs/2021MND/output_2021_04_23_MND_S16/Zoom_Meeting_Room_6_2021_04_23_13_20_22_chunk6.json | outputs/2021MND/output_2021_04_23_MND_S2/bot1_2021_04_23_11_15_35_chunk1.json | outputs/2021MND/output_2021_04_23_MND_S2/bot1_2021_04_23_11_15_35_chunk2.json | outputs/2021MND/output_2021_04_23_MND_S2/bot1_2021_04_23_11_15_35_chunk3.json | outputs/2021MND/output_2021_04_23_MND_S2/bot1_2021_04_23_11_15_35_chunk4.json | outputs/2021MND/output_2021_04_23_MND_S2/bot1_2021_04_23_11_15_35_chunk5.json | outputs/2021MND/output_2021_04_23_MND_S2/bot1_2021_04_23_11_15_35_chunk6.json | outputs/2021MND/output_2021_04_23_MND_S2/bot1_2021_04_23_11_15_35_chunk7.json | outputs/2021MND/output_2021_04_23_MND_S5/botB1_2021_04_23_11_17_35_chunk1.json | outputs/2021MND/output_2021_04_23_MND_S5/botB1_2021_04_23_11_17_35_chunk2.json | outputs/2021MND/output_2021_04_23_MND_S5/botB1_2021_04_23_11_17_35_chunk3.json | outputs/2021MND/output_2021_04_23_MND_S5/botB1_2021_04_23_11_17_35_chunk4.json | outputs/2021MND/output_2021_04_23_MND_S5/botB1_2021_04_23_11_17_35_chunk5.json | outputs/2021MND/output_2021_04_23_MND_S5/botB1_2021_04_23_11_17_35_chunk6.json | outputs/2021MND/output_2021_04_23_MND_S5/botB1_2021_04_23_11_17_35_chunk7.json | outputs/2022MND/output_2022_04_07_MND_S2/Bot2_Zoom_Meeting_2022_04_07_12_36_23_controls_issue_chunk1.json | outputs/2022MND/output_2022_04_07_MND_S2/Bot2_Zoom_Meeting_2022_04_07_12_36_23_controls_issue_chunk2.json | outputs/2022MND/output_2022_04_07_MND_S2/Bot2_Zoom_Meeting_2022_04_07_12_36_23_controls_issue_chunk3.json | outputs/2022MND/output_2022_04_07_MND_S2/Bot2_Zoom_Meeting_2022_04_07_12_36_23_controls_issue_chunk4.json | outputs/2022MND/output_2022_04_07_MND_S2/Bot2_Zoom_Meeting_2022_04_07_12_36_23_controls_issue_chunk5.json | outputs/2022MND/output_2022_04_07_MND_S2/Bot2_Zoom_Meeting_2022_04_07_12_36_23_controls_issue_chunk7.json | outputs/2022MND/output_2022_04_07_MND_S2/Bot2_Zoom_Meeting_2022_04_07_12_36_23_controls_issue_chunk8.json | outputs/2022MND/output_2022_04_08_MND_S5/BotB5_2022_04_08_10_54_31_problem_7min30sec_10min_chunk1.json | outputs/2022MND/output_2022_04_08_MND_S5/BotB5_2022_04_08_10_54_31_problem_7min30sec_10min_chunk2.json | outputs/2022MND/output_2022_04_08_MND_S5/BotB5_2022_04_08_10_54_31_problem_7min30sec_10min_chunk3.json | outputs/2022MND/output_2022_04_08_MND_S5/BotB5_2022_04_08_10_54_31_problem_7min30sec_10min_chunk4.json | outputs/2022MND/output_2022_04_08_MND_S5/BotB5_2022_04_08_10_54_31_problem_7min30sec_10min_chunk5.json | outputs/2022MND/output_2022_04_08_MND_S5/BotB5_2022_04_08_10_54_31_problem_7min30sec_10min_chunk6.json | outputs/2022MND/output_2022_04_08_MND_S5/BotB5_2022_04_08_10_54_31_problem_7min30sec_10min_chunk7.json | outputs/2022MND/output_2022_04_08_MND_S8/Bot2_Zoom_Meeting_Room_2_2022_04_08_13_02_14_chunk2.json | outputs/2022MND/output_2022_04_08_MND_S8/Bot2_Zoom_Meeting_Room_2_2022_04_08_13_02_14_chunk3.json | outputs/2022MND/output_2022_04_08_MND_S8/Bot2_Zoom_Meeting_Room_2_2022_04_08_13_02_14_chunk4.json | outputs/2022MND/output_2022_04_08_MND_S8/Bot2_Zoom_Meeting_Room_2_2022_04_08_13_02_14_chunk5.json | outputs/2022MND/output_2022_04_08_MND_S8/Bot2_Zoom_Meeting_Room_2_2022_04_08_13_02_14_chunk6.json | outputs/2022MND/output_2022_04_08_MND_S8/Bot2_Zoom_Meeting_Room_2_2022_04_08_13_02_14_chunk7.json | outputs/2022MND/output_2022_04_08_MND_S8/Bot2_Zoom_Meeting_Room_2_2022_04_08_13_02_14_chunk8.json,403,58
chris whidbey,output,2021MND | 2022MND,Chris Whidbey,outputs/2021MND/output_2021_04_22_MND_S1/Bot1_2021_04_22_13_00_44_chunk1.json | outputs/2021MND/output_2021_04_22_MND_S1/Bot1_2021_04_22_13_00_44_chunk2.json | outputs/2021MND/output_2021_04_22_MND_S1/Bot1_2021_04_22_13_00_44_chunk3.json | outputs/2021MND/output_2021_04_22_MND_S1/Bot1_2021_04_22_13_00_44_chunk4.json | outputs/2021MND/output_2021_04_22_MND_S1/Bot1_2021_04_22_13_00_44_chunk5.json | outputs/2021MND/output_2021_04_22_MND_S1/Bot1_2021_04_22_13_00_44_chunk6.json | outputs/2021MND/output_2021_04_22_MND_S1/Bot1_2021_04_22_13_00_44_chunk7.json | outputs/2021MND/output_2021_04_22_MND_S1/Bot1_2021_04_22_13_00_44_chunk8.json | outputs/2021MND/output_2021_04_22_MND_S4/botB1_2021_04_22_13_01_59_chunk1.json | outputs/2021MND/output_2021_04_22_MND_S4/botB1_2021_04_22_13_01_59_chunk2.json | outputs/2021MND/output_2021_04_22_MND_S4/botB1_2021_04_22_13_01_59_chunk3.json | outputs/2021MND/output_2021_04_22_MND_S4/botB1_2021_04_22_13_01_59_chunk4.json | outputs/2021MND/output_2021_04_22_MND_S4/botB1_2021_04_22_13_01_59_chunk5.json | outputs/2021MND/output_2021_04_22_MND_S4/botB1_2021_04_22_13_01_59_chunk6.json | outputs/2021MND/output_2021_04_22_MND_S4/botB1_2021_04_22_13_01_59_chunk7.json | outputs/2021MND/output_2021_04_22_MND_S4/botB1_2021_04_22_13_01_59_chunk8.json | outputs/2021MND/output_2021_04_23_MND_S1/Bot_5_Zoom_Meeting_4_23_2021_11_16_28_AM.json | outputs/2021MND/output_2021_04_23_MND_S1/Bot_5_Zoom_Meeting_4_23_2021_11_24_29_AM_chunk1.json | outputs/2021MND/output_2021_04_23_MND_S1/Bot_5_Zoom_Meeting_4_23_2021_11_24_29_AM_chunk2.json | outputs/2021MND/output_2021_04_23_MND_S1/Bot_5_Zoom_Meeting_4_23_2021_11_24_29_AM_chunk3.json | outputs/2021MND/output_2021_04_23_MND_S1/Bot_5_Zoom_Meeting_4_23_2021_11_24_29_AM_chunk4.json | outputs/2021MND/output_2021_04_23_MND_S1/Bot_5_Zoom_Meeting_4_23_2021_11_24_29_AM_chunk5.json | outputs/2021MND/output_2021_04_23_MND_S1/Bot_5_Zoom_Meeting_4_23_2021_12_10_03_PM_chunk1.json | outputs/2021MND/output_2021_04_23_MND_S1/Bot_5_Zoom_Meeting_4_23_2021_12_10_03_PM_chunk2.json | outputs/2021MND/output_2021_04_23_MND_S15/Breakout_Room_4_Session_3_2021_04_23_13_13_06_chunk1.json | outputs/2021MND/output_2021_04_23_MND_S15/Breakout_Room_4_Session_3_2021_04_23_13_13_06_chunk2.json | outputs/2021MND/output_2021_04_23_MND_S15/Breakout_Room_4_Session_3_2021_04_23_13_13_06_chunk3.json | outputs/2021MND/output_2021_04_23_MND_S15/Breakout_Room_4_Session_3_2021_04_23_13_13_06_chunk4.json | outputs/2021MND/output_2021_04_23_MND_S15/Breakout_Room_4_Session_3_2021_04_23_13_13_06_chunk5.json | outputs/2021MND/output_2021_04_23_MND_S15/Breakout_Room_4_Session_3_2021_04_23_13_13_06_chunk6.json | outputs/2021MND/output_2021_04_23_MND_S15/Breakout_Room_4_Session_3_2021_04_23_13_13_06_chunk7.json | outputs/2022MND/output_2022_04_07_MND_S3/Bot3_2022_04_07_12_36_39_chunk1.json | outputs/2022MND/output_2022_04_07_MND_S3/Bot3_2022_04_07_12_36_39_chunk2.json | outputs/2022MND/output_2022_04_07_MND_S3/Bot3_2022_04_07_12_36_39_chunk3.json | outputs/2022MND/output_2022_04_07_MND_S3/Bot3_2022_04_07_12_36_39_chunk4.json | outputs/2022MND/output_2022_04_07_MND_S3/Bot3_2022_04_07_12_36_39_chunk5.json | outputs/2022MND/output_2022_04_07_MND_S3/Bot3_2022_04_07_12_36_39_chunk6.json | outputs/2022MND/output_2022_04_07_MND_S3/Bot3_2022_04_07_12_36_39_chunk7.json | outputs/2022MND/output_2022_04_07_MND_S3/Bot3_2022_04_07_12_36_39_chunk8.json,119,39
emily balskus,output,2021MND | 2022MND,Emily Balskus,outputs/2021MND/output_2021_04_22_MND_S7/Room_5_Zoom_Meeting_4_22_2021_1_01_43_PM_chunk1.json | outputs/2021MND/output_2021_04_22_MND_S7/Room_5_Zoom_Meeting_4_22_2021_1_01_43_PM_chunk2.json | outputs/2021MND/output_2021_04_22_MND_S7/Room_5_Zoom_Meeting_4_22_2021_1_16_56_PM_chunk1.json | outputs/2021MND/output_2021_04_22_MND_S7/Room_5_Zoom_Meeting_4_22_2021_1_16_56_PM_chunk2.json | outputs/2021MND/output_2021_04_22_MND_S7/Room_5_Zoom_Meeting_4_22_2021_1_16_56_PM_chunk3.json | outputs/2021MND/output_2021_04_22_MND_S7/Room_5_Zoom_Meeting_4_22_2021_1_16_56_PM_chunk4.json | outputs/2021MND/output_2021_04_22_MND_S7/Room_5_Zoom_Meeting_4_22_2021_1_16_56_PM_chunk5.json | outputs/2021MND/output_2021_04_22_MND_S7/Room_5_Zoom_Meeting_4_22_2021_1_16_56_PM_chunk6.json | outputs/2021MND/output_2021_04_23_MND_S10/bot1_2021_04_23_13_12_57_chunk1.json | outputs/2021MND/output_2021_04_23_MND_S10/bot1_2021_04_23_13_12_57_chunk2.json | outputs/2021MND/output_2021_04_23_MND_S10/bot1_2021_04_23_13_12_57_chunk3.json | outputs/2021MND/output_2021_04_23_MND_S10/bot1_2021_04_23_13_12_57_chunk4.json | outputs/2021MND/output_2021_04_23_MND_S10/bot1_2021_04_23_13_12_57_chunk5.json | outputs/2021MND/output_2021_04_23_MND_S10/bot1_2021_04_23_13_12_57_chunk6.json | outputs/2021MND/output_2021_04_23_MND_S10/bot1_2021_04_23_13_12_57_chunk7.json | outputs/2021MND/output_2021_04_23_MND_S13/botB1_2021_04_23_13_14_18_chunk1.json | outputs/2021MND/output_2021_04_23_MND_S13/botB1_2021_04_23_13_14_18_chunk2.json | outputs/2021MND/output_2021_04_23_MND_S13/botB1_2021_04_23_13_14_18_chunk4.json | outputs/2021MND/output_2021_04_23_MND_S13/botB1_2021_04_23_13_14_18_chunk5.json | outputs/2021MND/output_2021_04_23_MND_S13/botB1_2021_04_23_13_14_18_chunk6.json | outputs/2021MND/output_2021_04_23_MND_S13/botB1_2021_04_23_13_14_18_chunk7.json | outputs/2022MND/output_2022_04_08_MND_S1/Bot1_2022_04_08_10_53_19_chunk1.json | outputs/2022MND/output_2022_04_08_MND_S1/Bot1_2022_04_08_10_53_19_chunk2.json | outputs/2022MND/output_2022_04_08_MND_S1/Bot1_2022_04_08_10_53_19_chunk3.json | outputs/2022MND/output_2022_04_08_MND_S1/Bot1_2022_04_08_10_53_19_chunk4.json | outputs/2022MND/output_2022_04_08_MND_S1/Bot1_2022_04_08_10_53_19_chunk5.json | outputs/2022MND/output_2022_04_08_MND_S1/Bot1_2022_04_08_10_53_19_chunk6.json | outputs/2022MND/output_2022_04_08_MND_S1/Bot1_2022_04_08_10_53_19_chunk7.json | outputs/2022MND/output_2022_04_08_MND_S1/Bot1_2022_04_08_10_53_19_chunk8.json | outputs/2022MND/output_2022_04_08_MND_S7/Bot1_2022_04_08_13_01_44_60min40sec_61min10sec_chunk1.json | outputs/2022MND/output_2022_04_08_MND_S7/Bot1_2022_04_08_13_01_44_60min40sec_61min10sec_chunk2.json | outputs/2022MND/output_2022_04_08_MND_S7/Bot1_2022_04_08_13_01_44_60min40sec_61min10sec_chunk3.json | outputs/2022MND/output_2022_04_08_MND_S7/Bot1_2022_04_08_13_01_44_60min40sec_61min10sec_chunk4.json | outputs/2022MND/output_2022_04_08_MND_S7/Bot1_2022_04_08_13_01_44_60min40sec_61min10sec_chunk5.json | outputs/2022MND/output_2022_04_08_MND_S7/Bot1_2022_04_08_13_01_44_60min40sec_61min10sec_chunk6.json | outputs/2022MND/output_2022_04_08_MND_S7/Bot1_2022_04_08_13_01_44_60min40sec_61min10sec_chunk7.json | outputs/2022MND/output_2022_04_08_MND_S7/Bot1_2022_04_08_13_01_44_60min40sec_61min10sec_chunk8.json,154,37
george weinstock,output,2021MND | 2022MND,George Weinstock,outputs/2021MND/output_2021_04_22_MND_S8/Zoom_Meeting_Room_6_2021_04_22_13_00_55_chunk1.json | outputs/2021MND/output_2021_04_22_MND_S8/Zoom_Meeting_Room_6_2021_04_22_13_16_39.json | outputs/2021MND/output_2021_04_22_MND_S8/Zoom_Meeting_Room_6_2021_04_22_13_18_39_chunk2.json | outputs/2021MND/output_2021_04_22_MND_S8/Zoom_Meeting_Room_6_2021_04_22_13_18_39_chunk3.json | outputs/2021MND/output_2021_04_22_MND_S8/Zoom_Meeting_Room_6_2021_04_22_13_18_39_chunk4.json | outputs/2021MND/output_2021_04_22_MND_S8/Zoom_Meeting_Room_6_2021_04_22_13_18_39_chunk5.json | outputs/2021MND/output_2021_04_22_MND_S8/Zoom_Meeting_Room_6_2021_04_22_13_18_39_chunk6.json | outputs/2021MND/output_2021_04_23_MND_S1/Bot_5_Zoom_Meeting_4_23_2021_11_16_28_AM.json | outputs/2021MND/output_2021_04_23_MND_S1/Bot_5_Zoom_Meeting_4_23_2021_11_24_29_AM_chunk1.json | outputs/2021MND/output_2021_04_23_MND_S1/Bot_5_Zoom_Meeting_4_23_2021_11_24_29_AM_chunk2.json | outputs/2021MND/output_2021_04_23_MND_S1/Bot_5_Zoom_Meeting_4_23_2021_11_24_29_AM_chunk3.json | outputs/2021MND/output_2021_04_23_MND_S1/Bot_5_Zoom_Meeting_4_23_2021_11_24_29_AM_chunk4.json | outputs/2021MND/output_2021_04_23_MND_S1/Bot_5_Zoom_Meeting_4_23_2021_11_24_29_AM_chunk5.json | outputs/2021MND/output_2021_04_23_MND_S1/Bot_5_Zoom_Meeting_4_23_2021_12_10_03_PM_chunk1.json | outputs/2021MND/output_2021_04_23_MND_S1/Bot_5_Zoom_Meeting_4_23_2021_12_10_03_PM_chunk2.json | outputs/2021MND/output_2021_04_23_MND_S16/Zoom_Meeting_Room_6_2021_04_23_13_13_06.json | outputs/2021MND/output_2021_04_23_MND_S16/Zoom_Meeting_Room_6_2021_04_23_13_20_22_chunk6.json | outputs/2022MND/output_2022_04_07_MND_S6/BotB5_2022_04_07_12_37_34_chunk1.json | outputs/2022MND/output_2022_04_07_MND_S6/BotB5_2022_04_07_12_37_34_chunk2.json | outputs/2022MND/output_2022_04_07_MND_S6/BotB5_2022_04_07_12_37_34_chunk3.json | outputs/2022MND/output_2022_04_07_MND_S6/BotB5_2022_04_07_12_37_34_chunk4.json | outputs/2022MND/output_2022_04_07_MND_S6/BotB5_2022_04_07_12_37_34_chunk5.json | outputs/2022MND/output_2022_04_07_MND_S6/BotB5_2022_04_07_12_37_34_chunk7.json | outputs/2022MND/output_2022_04_07_MND_S6/BotB5_2022_04_07_12_37_34_chunk8.json | outputs/2022MND/output_2022_04_08_MND_S4/BotB4_2022_04_08_06_54_34_time_wrong_(probably_4hrs_early)_chunk1.json | outputs/2022MND/output_2022_04_08_MND_S4/BotB4_2022_04_08_06_54_34_time_wrong_(probably_4hrs_early)_chunk2.json | outputs/2022MND/output_2022_04_08_MND_S4/BotB4_2022_04_08_06_54_34_time_wrong_(probably_4hrs_early)_chunk3.json | outputs/2022MND/output_2022_04_08_MND_S4/BotB4_2022_04_08_06_54_34_time_wrong_(probably_4hrs_early)_chunk4.json | outputs/2022MND/output_2022_04_08_MND_S4/BotB4_2022_04_08_06_54_34_time_wrong_(probably_4hrs_early)_chunk5.json | outputs/2022MND/output_2022_04_08_MND_S4/BotB4_2022_04_08_06_54_34_time_wrong_(probably_4hrs_early)_chunk6.json | outputs/2022MND/output_2022_04_08_MND_S4/BotB4_2022_04_08_06_54_34_time_wrong_(probably_4hrs_early)_chunk7.json | outputs/2022MND/output_2022_04_08_MND_S4/BotB4_2022_04_08_06_54_34_time_wrong_(probably_4hrs_early)_chunk8.json | outputs/2022MND/output_2022_04_08_MND_S6/MND_2_4_part1.json | outputs/2022MND/output_2022_04_08_MND_S8/Bot2_Zoom_Meeting_Room_2_2022_04_08_13_02_14_chunk6.json | outputs/2022MND/output_2022_04_08_MND_S8/Bot2_Zoom_Meeting_Room_2_2022_04_08_13_02_14_chunk7.json | outputs/2022MND/output_2022_04_08_MND_S8/Bot2_Zoom_Meeting_Room_2_2022_04_08_13_02_14_chunk8.json,170,36
jp yu,output,2021MND | 2022MND,JP Yu,outputs/2021MND/output_2021_04_23_MND_S12/bot3_Room_3_Zoom_Meeting_2021_04_23_13_13_23_chunk1.json | outputs/2021MND/output_2021_04_23_MND_S12/bot3_Room_3_Zoom_Meeting_2021_04_23_13_13_23_chunk2.json | outputs/2021MND/output_2021_04_23_MND_S12/bot3_Room_3_Zoom_Meeting_2021_04_23_13_13_23_chunk3.json | outputs/2021MND/output_2021_04_23_MND_S12/bot3_Room_3_Zoom_Meeting_2021_04_23_13_13_23_chunk4.json | outputs/2021MND/output_2021_04_23_MND_S12/bot3_Room_3_Zoom_Meeting_2021_04_23_13_13_23_chunk5.json | outputs/2021MND/output_2021_04_23_MND_S12/bot3_Room_3_Zoom_Meeting_2021_04_23_13_13_23_chunk6.json | outputs/2021MND/output_2021_04_23_MND_S12/bot3_Room_3_Zoom_Meeting_2021_04_23_13_13_23_chunk7.json | outputs/2021MND/output_2021_04_23_MND_S3/bot2_Zoom_Meeting_Room_2_2021_04_23_11_16_54.json | outputs/2021MND/output_2021_04_23_MND_S3/bot2_Zoom_Meeting_Room_2_2021_04_23_11_18_13_chunk1.json | outputs/2021MND/output_2021_04_23_MND_S3/bot2_Zoom_Meeting_Room_2_2021_04_23_11_18_13_chunk2.json | outputs/2021MND/output_2021_04_23_MND_S3/bot2_Zoom_Meeting_Room_2_2021_04_23_11_18_13_chunk3.json | outputs/2021MND/output_2021_04_23_MND_S3/bot2_Zoom_Meeting_Room_2_2021_04_23_11_18_13_chunk4.json | outputs/2021MND/output_2021_04_23_MND_S3/bot2_Zoom_Meeting_Room_2_2021_04_23_11_18_13_chunk5.json | outputs/2021MND/output_2021_04_23_MND_S3/bot2_Zoom_Meeting_Room_2_2021_04_23_11_18_13_chunk6.json | outputs/2022MND/output_2022_04_07_MND_S3/Bot3_2022_04_07_12_36_39_chunk1.json | outputs/2022MND/output_2022_04_07_MND_S3/Bot3_2022_04_07_12_36_39_chunk2.json | outputs/2022MND/output_2022_04_07_MND_S3/Bot3_2022_04_07_12_36_39_chunk3.json | outputs/2022MND/output_2022_04_07_MND_S3/Bot3_2022_04_07_12_36_39_chunk4.json | outputs/2022MND/output_2022_04_07_MND_S3/Bot3_2022_04_07_12_36_39_chunk5.json | outputs/2022MND/output_2022_04_07_MND_S3/Bot3_2022_04_07_12_36_39_chunk6.json | outputs/2022MND/output_2022_04_07_MND_S3/Bot3_2022_04_07_12_36_39_chunk7.json | outputs/2022MND/output_2022_04_07_MND_S3/Bot3_2022_04_07_12_36_39_chunk8.json | outputs/2022MND/output_2022_04_08_MND_S5/BotB5_2022_04_08_10_54_31_problem_7min30sec_10min_chunk1.json | outputs/2022MND/output_2022_04_08_MND_S5/BotB5_2022_04_08_10_54_31_problem_7min30sec_10min_chunk2.json | outputs/2022MND/output_2022_04_08_MND_S5/BotB5_2022_04_08_10_54_31_problem_7min30sec_10min_chunk3.json | outputs/2022MND/output_2022_04_08_MND_S5/BotB5_2022_04_08_10_54_31_problem_7min30sec_10min_chunk4.json | outputs/2022MND/output_2022_04_08_MND_S5/BotB5_2022_04_08_10_54_31_problem_7min30sec_10min_chunk5.json | outputs/2022MND/output_2022_04_08_MND_S5/BotB5_2022_04_08_10_54_31_problem_7min30sec_10min_chunk6.json | outputs/2022MND/output_2022_04_08_MND_S5/BotB5_2022_04_08_10_54_31_problem_7min30sec_10min_chunk7.json | outputs/2022MND/output_2022_04_08_MND_S7/Bot1_2022_04_08_13_01_44_60min40sec_61min10sec_chunk1.json | outputs/2022MND/output_2022_04_08_MND_S7/Bot1_2022_04_08_13_01_44_60min40sec_61min10sec_chunk2.json | outputs/2022MND/output_2022_04_08_MND_S7/Bot1_2022_04_08_13_01_44_60min40sec_61min10sec_chunk3.json | outputs/2022MND/output_2022_04_08_MND_S7/Bot1_2022_04_08_13_01_44_60min40sec_61min10sec_chunk4.json | outputs/2022MND/output_2022_04_08_MND_S7/Bot1_2022_04_08_13_01_44_60min40sec_61min10sec_chunk5.json | outputs/2022MND/output_2022_04_08_MND_S7/Bot1_2022_04_08_13_01_44_60min40sec_61min10sec_chunk6.json | outputs/2022MND/output_2022_04_08_MND_S7/Bot1_2022_04_08_13_01_44_60min40sec_61min10sec_chunk7.json | outputs/2022MND/output_2022_04_08_MND_S7/Bot1_2022_04_08_13_01_44_60min40sec_61min10sec_chunk8.json,107,37
judith eisen,output,2021MND | 2022MND,Judith Eisen,outputs/2021MND/output_2021_04_22_MND_S3/Bot3_Zoom_Meeting_2021_04_22_13_05_46_v2.json | outputs/2021MND/output_2021_04_22_MND_S3/Bot3_Zoom_Meeting_2021_04_22_13_05_56_v2_chunk1.json | outputs/2021MND/output_2021_04_22_MND_S3/Bot3_Zoom_Meeting_2021_04_22_13_05_56_v2_chunk2.json | outputs/2021MND/output_2021_04_22_MND_S3/Bot3_Zoom_Meeting_2021_04_22_13_05_56_v2_chunk3.json | outputs/2021MND/output_2021_04_22_MND_S3/Bot3_Zoom_Meeting_2021_04_22_13_05_56_v2_chunk4.json | outputs/2021MND/output_2021_04_22_MND_S3/Bot3_Zoom_Meeting_2021_04_22_13_05_56_v2_chunk5.json | outputs/2021MND/output_2021_04_22_MND_S3/Bot3_Zoom_Meeting_2021_04_22_13_05_56_v2_chunk6.json | outputs/2021MND/output_2021_04_22_MND_S3/Bot3_Zoom_Meeting_2021_04_22_13_05_56_v2_chunk7.json | outputs/2021MND/output_2021_04_22_MND_S3/Bot3_Zoom_Meeting_2021_04_22_13_05_56_v2_chunk8.json | outputs/2021MND/output_2021_04_23_MND_S12/bot3_Room_3_Zoom_Meeting_2021_04_23_13_13_23_chunk1.json | outputs/2021MND/output_2021_04_23_MND_S12/bot3_Room_3_Zoom_Meeting_2021_04_23_13_13_23_chunk2.json | outputs/2021MND/output_2021_04_23_MND_S12/bot3_Room_3_Zoom_Meeting_2021_04_23_13_13_23_chunk3.json | outputs/2021MND/output_2021_04_23_MND_S12/bot3_Room_3_Zoom_Meeting_2021_04_23_13_13_23_chunk4.json | outputs/2021MND/output_2021_04_23_MND_S12/bot3_Room_3_Zoom_Meeting_2021_04_23_13_13_23_chunk5.json | outputs/2021MND/output_2021_04_23_MND_S12/bot3_Room_3_Zoom_Meeting_2021_04_23_13_13_23_chunk6.json | outputs/2021MND/output_2021_04_23_MND_S12/bot3_Room_3_Zoom_Meeting_2021_04_23_13_13_23_chunk7.json | outputs/2021MND/output_2021_04_23_MND_S3/bot2_Zoom_Meeting_Room_2_2021_04_23_11_16_54.json | outputs/2021MND/output_2021_04_23_MND_S3/bot2_Zoom_Meeting_Room_2_2021_04_23_11_18_13_chunk1.json | outputs/2021MND/output_2021_04_23_MND_S3/bot2_Zoom_Meeting_Room_2_2021_04_23_11_18_13_chunk2.json | outputs/2021MND/output_2021_04_23_MND_S3/bot2_Zoom_Meeting_Room_2_2021_04_23_11_18_13_chunk3.json | outputs/2021MND/output_2021_04_23_MND_S3/bot2_Zoom_Meeting_Room_2_2021_04_23_11_18_13_chunk4.json | outputs/2021MND/output_2021_04_23_MND_S3/bot2_Zoom_Meeting_Room_2_2021_04_23_11_18_13_chunk5.json | outputs/2021MND/output_2021_04_23_MND_S3/bot2_Zoom_Meeting_Room_2_2021_04_23_11_18_13_chunk6.json | outputs/2021MND/output_2021_04_23_MND_S6/botB2_2021_04_23_11_17_00_chunk1.json | outputs/2021MND/output_2021_04_23_MND_S6/botB2_2021_04_23_11_17_00_chunk2.json | outputs/2021MND/output_2021_04_23_MND_S6/botB2_2021_04_23_11_17_00_chunk3.json | outputs/2021MND/output_2021_04_23_MND_S6/botB2_2021_04_23_11_17_00_chunk4.json | outputs/2021MND/output_2021_04_23_MND_S6/botB2_2021_04_23_11_17_00_chunk5.json | outputs/2021MND/output_2021_04_23_MND_S6/botB2_2021_04_23_11_17_00_chunk6.json | outputs/2021MND/output_2021_04_23_MND_S6/botB2_2021_04_23_11_17_00_chunk7.json | outputs/2022MND/output_2022_04_07_MND_S1/Bot1_2022_04_07_12_35_40_glitch_2_4min_chunk1.json | outputs/2022MND/output_2022_04_07_MND_S1/Bot1_2022_04_07_12_35_40_glitch_2_4min_chunk2.json | outputs/2022MND/output_2022_04_07_MND_S1/Bot1_2022_04_07_12_35_40_glitch_2_4min_chunk3.json | outputs/2022MND/output_2022_04_07_MND_S1/Bot1_2022_04_07_12_35_40_glitch_2_4min_chunk4.json | outputs/2022MND/output_2022_04_07_MND_S1/Bot1_2022_04_07_12_35_40_glitch_2_4min_chunk5.json | outputs/2022MND/output_2022_04_07_MND_S1/Bot1_2022_04_07_12_35_40_glitch_2_4min_chunk6.json | outputs/2022MND/output_2022_04_07_MND_S1/Bot1_2022_04_07_12_35_40_glitch_2_4min_chunk7.json | outputs/2022MND/output_2022_04_07_MND_S1/Bot1_2022_04_07_12_35_40_glitch_2_4min_chunk8.json | outputs/2022MND/output_2022_04_08_MND_S11/BotB5_2022_04_08_13_02_42_chunk1.json | outputs/2022MND/output_2022_04_08_MND_S11/BotB5_2022_04_08_13_02_42_chunk2.json | outputs/2022MND/output_2022_04_08_MND_S11/BotB5_2022_04_08_13_02_42_chunk3.json | outputs/2022MND/output_2022_04_08_MND_S11/BotB5_2022_04_08_13_02_42_chunk4.json | outputs/2022MND/output_2022_04_08_MND_S11/BotB5_2022_04_08_13_02_42_chunk5.json | outputs/2022MND/output_2022_04_08_MND_S11/BotB5_2022_04_08_13_02_42_chunk6.json | outputs/2022MND/output_2022_04_08_MND_S11/BotB5_2022_04_08_13_02_42_chunk7.json | outputs/2022MND/output_2022_04_08_MND_S11/BotB5_2022_04_08_13_02_42_chunk8.json | outputs/2022MND/output_2022_04_08_MND_S3/Bot3.1_2022_04_08_10_53_26_problem_47min10sec_end_then_2_min_missed_chunk1.json | outputs/2022MND/output_2022_04_08_MND_S3/Bot3.1_2022_04_08_10_53_26_problem_47min10sec_end_then_2_min_missed_chunk2.json | outputs/2022MND/output_2022_04_08_MND_S3/Bot3.1_2022_04_08_10_53_26_problem_47min10sec_end_then_2_min_missed_chunk3.json | outputs/2022MND/output_2022_04_08_MND_S3/Bot3.1_2022_04_08_10_53_26_problem_47min10sec_end_then_2_min_missed_chunk4.json | outputs/2022MND/output_2022_04_08_MND_S3/Bot3.1_2022_04_08_10_53_26_problem_47min10sec_end_then_2_min_missed_chunk5.json | outputs/2022MND/output_2022_04_08_MND_S3/Bot3.2_2022_04_08_11_45_28_after_missed_2_min_chunk1.json | outputs/2022MND/output_2022_04_08_MND_S3/Bot3.2_2022_04_08_11_45_28_after_missed_2_min_chunk2.json | outputs/2022MND/output_2022_04_08_MND_S3/Bot3.2_2022_04_08_11_45_28_after_missed_2_min_chunk3.json,337,54
leah pyter,output,2021MND | 2022MND,Leah Pyter,outputs/2021MND/output_2021_04_23_MND_S4/bot3_Room_3_Zoom_Meeting_2021_04_23_12_09_57_chunk1.json | outputs/2021MND/output_2021_04_23_MND_S4/bot3_Room_3_Zoom_Meeting_2021_04_23_12_09_57_chunk2.json | outputs/2021MND/output_2021_04_23_MND_S4/bot3_Zoom_Meeting_2021_04_23_11_16_18.json | outputs/2021MND/output_2021_04_23_MND_S4/bot3_Zoom_Meeting_2021_04_23_11_16_26_chunk1.json | outputs/2021MND/output_2021_04_23_MND_S4/bot3_Zoom_Meeting_2021_04_23_11_16_26_chunk2.json | outputs/2021MND/output_2021_04_23_MND_S4/bot3_Zoom_Meeting_2021_04_23_11_16_26_chunk3.json | outputs/2021MND/output_2021_04_23_MND_S4/bot3_Zoom_Meeting_2021_04_23_11_16_26_chunk4.json | outputs/2021MND/output_2021_04_23_MND_S4/bot3_Zoom_Meeting_2021_04_23_11_16_26_chunk5.json | outputs/2021MND/output_2021_04_23_MND_S4/bot3_Zoom_Meeting_2021_04_23_11_16_26_chunk6.json | outputs/2021MND/output_2021_04_23_MND_S9/Bot_5_Zoom_Meeting_4_23_2021_1_13_23_PM.json | outputs/2021MND/output_2021_04_23_MND_S9/Bot_5_Zoom_Meeting_4_23_2021_1_22_30_PM_chunk1.json | outputs/2021MND/output_2021_04_23_MND_S9/Bot_5_Zoom_Meeting_4_23_2021_1_22_30_PM_chunk2.json | outputs/2021MND/output_2021_04_23_MND_S9/Bot_5_Zoom_Meeting_4_23_2021_1_22_30_PM_chunk3.json | outputs/2021MND/output_2021_04_23_MND_S9/Bot_5_Zoom_Meeting_4_23_2021_1_22_30_PM_chunk4.json | outputs/2021MND/output_2021_04_23_MND_S9/Bot_5_Zoom_Meeting_4_23_2021_1_22_30_PM_chunk5.json | outputs/2021MND/output_2021_04_23_MND_S9/Bot_5_Zoom_Meeting_4_23_2021_1_22_30_PM_chunk6.json | outputs/2022MND/output_2022_04_07_MND_S1/Bot1_2022_04_07_12_35_40_glitch_2_4min_chunk3.json | outputs/2022MND/output_2022_04_07_MND_S1/Bot1_2022_04_07_12_35_40_glitch_2_4min_chunk4.json | outputs/2022MND/output_2022_04_07_MND_S1/Bot1_2022_04_07_12_35_40_glitch_2_4min_chunk5.json | outputs/2022MND/output_2022_04_07_MND_S1/Bot1_2022_04_07_12_35_40_glitch_2_4min_chunk6.json | outputs/2022MND/output_2022_04_07_MND_S1/Bot1_2022_04_07_12_35_40_glitch_2_4min_chunk7.json | outputs/2022MND/output_2022_04_07_MND_S1/Bot1_2022_04_07_12_35_40_glitch_2_4min_chunk8.json,95,22
melanie gareau,output,2021MND | 2022MND,Melanie Gareau,outputs/2021MND/output_2021_04_23_MND_S11/bot2_Zoom_Meeting_2021_04_23_13_13_56_chunk1.json | outputs/2021MND/output_2021_04_23_MND_S11/bot2_Zoom_Meeting_2021_04_23_13_13_56_chunk2.json | outputs/2021MND/output_2021_04_23_MND_S11/bot2_Zoom_Meeting_2021_04_23_13_13_56_chunk3.json | outputs/2021MND/output_2021_04_23_MND_S11/bot2_Zoom_Meeting_2021_04_23_13_13_56_chunk5.json | outputs/2021MND/output_2021_04_23_MND_S11/bot2_Zoom_Meeting_2021_04_23_13_13_56_chunk6.json | outputs/2021MND/output_2021_04_23_MND_S11/bot2_Zoom_Meeting_2021_04_23_13_13_56_chunk7.json | outputs/2021MND/output_2021_04_23_MND_S4/bot3_Room_3_Zoom_Meeting_2021_04_23_12_09_57_chunk2.json | outputs/2021MND/output_2021_04_23_MND_S4/bot3_Zoom_Meeting_2021_04_23_11_16_18.json | outputs/2021MND/output_2021_04_23_MND_S4/bot3_Zoom_Meeting_2021_04_23_11_16_26_chunk2.json | outputs/2021MND/output_2021_04_23_MND_S4/bot3_Zoom_Meeting_2021_04_23_11_16_26_chunk3.json | outputs/2021MND/output_2021_04_23_MND_S4/bot3_Zoom_Meeting_2021_04_23_11_16_26_chunk4.json | outputs/2021MND/output_2021_04_23_MND_S4/bot3_Zoom_Meeting_2021_04_23_11_16_26_chunk5.json | outputs/2021MND/output_2021_04_23_MND_S4/bot3_Zoom_Meeting_2021_04_23_11_16_26_chunk6.json | outputs/2022MND/output_2022_04_07_MND_S4/Bot4_MND_2022_1_4_chunk1.json | outputs/2022MND/output_2022_04_07_MND_S4/Bot4_MND_2022_1_4_chunk2.json | outputs/2022MND/output_2022_04_07_MND_S4/Bot4_MND_2022_1_4_chunk3.json | outputs/2022MND/output_2022_04_07_MND_S4/Bot4_MND_2022_1_4_chunk4.json | outputs/2022MND/output_2022_04_07_MND_S4/Bot4_MND_2022_1_4_chunk6.json | outputs/2022MND/output_2022_04_07_MND_S4/Bot4_MND_2022_1_4_chunk7.json | outputs/2022MND/output_2022_04_07_MND_S4/Bot4_MND_2022_1_4_chunk8.json | outputs/2022MND/output_2022_04_07_MND_S5/BotB4_2022_04_07_09_36_38_time_off_by_3hrs_(should_be_later)_chunk1.json | outputs/2022MND/output_2022_04_07_MND_S5/BotB4_2022_04_07_09_36_38_time_off_by_3hrs_(should_be_later)_chunk2.json | outputs/2022MND/output_2022_04_07_MND_S5/BotB4_2022_04_07_09_36_38_time_off_by_3hrs_(should_be_later)_chunk3.json | outputs/2022MND/output_2022_04_07_MND_S5/BotB4_2022_04_07_09_36_38_time_off_by_3hrs_(should_be_later)_chunk4.json | outputs/2022MND/output_2022_04_07_MND_S5/BotB4_2022_04_07_09_36_38_time_off_by_3hrs_(should_be_later)_chunk5.json | outputs/2022MND/output_2022_04_07_MND_S5/BotB4_2022_04_07_09_36_38_time_off_by_3hrs_(should_be_later)_chunk6.json | outputs/2022MND/output_2022_04_07_MND_S5/BotB4_2022_04_07_09_36_38_time_off_by_3hrs_(should_be_later)_chunk7.json | outputs/2022MND/output_2022_04_07_MND_S5/BotB4_2022_04_07_09_36_38_time_off_by_3hrs_(should_be_later)_chunk8.json | outputs/2022MND/output_2022_04_08_MND_S1/Bot1_2022_04_08_10_53_19_chunk1.json | outputs/2022MND/output_2022_04_08_MND_S1/Bot1_2022_04_08_10_53_19_chunk2.json | outputs/2022MND/output_2022_04_08_MND_S1/Bot1_2022_04_08_10_53_19_chunk3.json | outputs/2022MND/output_2022_04_08_MND_S1/Bot1_2022_04_08_10_53_19_chunk4.json | outputs/2022MND/output_2022_04_08_MND_S1/Bot1_2022_04_08_10_53_19_chunk5.json | outputs/2022MND/output_2022_04_08_MND_S1/Bot1_2022_04_08_10_53_19_chunk6.json | outputs/2022MND/output_2022_04_08_MND_S1/Bot1_2022_04_08_10_53_19_chunk7.json | outputs/2022MND/output_2022_04_08_MND_S1/Bot1_2022_04_08_10_53_19_chunk8.json | outputs/2022MND/output_2022_04_08_MND_S8/Bot2_Zoom_Meeting_Room_2_2022_04_08_13_02_14_chunk3.json | outputs/2022MND/output_2022_04_08_MND_S8/Bot2_Zoom_Meeting_Room_2_2022_04_08_13_02_14_chunk4.json | outputs/2022MND/output_2022_04_08_MND_S8/Bot2_Zoom_Meeting_Room_2_2022_04_08_13_02_14_chunk5.json | outputs/2022MND/output_2022_04_08_MND_S8/Bot2_Zoom_Meeting_Room_2_2022_04_08_13_02_14_chunk6.json | outputs/2022MND/output_2022_04_08_MND_S8/Bot2_Zoom_Meeting_Room_2_2022_04_08_13_02_14_chunk7.json | outputs/2022MND/output_2022_04_08_MND_S8/Bot2_Zoom_Meeting_Room_2_2022_04_08_13_02_14_chunk8.json,138,42
rosa krajmalnik brown,output,2021MND | 2022MND,Rosa Krajmalnik-Brown,outputs/2021MND/output_2021_04_23_MND_S10/bot1_2021_04_23_13_12_57_chunk1.json | outputs/2021MND/output_2021_04_23_MND_S10/bot1_2021_04_23_13_12_57_chunk2.json | outputs/2021MND/output_2021_04_23_MND_S10/bot1_2021_04_23_13_12_57_chunk3.json | outputs/2021MND/output_2021_04_23_MND_S10/bot1_2021_04_23_13_12_57_chunk4.json | outputs/2021MND/output_2021_04_23_MND_S10/bot1_2021_04_23_13_12_57_chunk5.json | outputs/2021MND/output_2021_04_23_MND_S10/bot1_2021_04_23_13_12_57_chunk6.json | outputs/2021MND/output_2021_04_23_MND_S10/bot1_2021_04_23_13_12_57_chunk7.json | outputs/2021MND/output_2021_04_23_MND_S13/botB1_2021_04_23_13_14_18_chunk1.json | outputs/2021MND/output_2021_04_23_MND_S13/botB1_2021_04_23_13_14_18_chunk2.json | outputs/2021MND/output_2021_04_23_MND_S13/botB1_2021_04_23_13_14_18_chunk4.json | outputs/2021MND/output_2021_04_23_MND_S13/botB1_2021_04_23_13_14_18_chunk5.json | outputs/2021MND/output_2021_04_23_MND_S13/botB1_2021_04_23_13_14_18_chunk6.json | outputs/2021MND/output_2021_04_23_MND_S13/botB1_2021_04_23_13_14_18_chunk7.json | outputs/2021MND/output_2021_04_23_MND_S8/Zoom_Meeting_Room_6_2021_04_23_11_16_16.json | outputs/2021MND/output_2021_04_23_MND_S8/Zoom_Meeting_Room_6_2021_04_23_11_22_11_chunk1.json | outputs/2021MND/output_2021_04_23_MND_S8/Zoom_Meeting_Room_6_2021_04_23_11_22_11_chunk2.json | outputs/2021MND/output_2021_04_23_MND_S8/Zoom_Meeting_Room_6_2021_04_23_11_22_11_chunk3.json | outputs/2021MND/output_2021_04_23_MND_S8/Zoom_Meeting_Room_6_2021_04_23_11_22_11_chunk4.json | outputs/2021MND/output_2021_04_23_MND_S8/Zoom_Meeting_Room_6_2021_04_23_11_22_11_chunk5.json | outputs/2021MND/output_2021_04_23_MND_S8/Zoom_Meeting_Room_6_2021_04_23_12_09_42_chunk1.json | outputs/2022MND/output_2022_04_07_MND_S4/Bot4_MND_2022_1_4_chunk1.json | outputs/2022MND/output_2022_04_07_MND_S4/Bot4_MND_2022_1_4_chunk2.json | outputs/2022MND/output_2022_04_07_MND_S4/Bot4_MND_2022_1_4_chunk3.json | outputs/2022MND/output_2022_04_07_MND_S4/Bot4_MND_2022_1_4_chunk4.json | outputs/2022MND/output_2022_04_07_MND_S4/Bot4_MND_2022_1_4_chunk6.json | outputs/2022MND/output_2022_04_07_MND_S4/Bot4_MND_2022_1_4_chunk7.json | outputs/2022MND/output_2022_04_07_MND_S4/Bot4_MND_2022_1_4_chunk8.json | outputs/2022MND/output_2022_04_07_MND_S5/BotB4_2022_04_07_09_36_38_time_off_by_3hrs_(should_be_later)_chunk1.json | outputs/2022MND/output_2022_04_07_MND_S5/BotB4_2022_04_07_09_36_38_time_off_by_3hrs_(should_be_later)_chunk2.json | outputs/2022MND/output_2022_04_07_MND_S5/BotB4_2022_04_07_09_36_38_time_off_by_3hrs_(should_be_later)_chunk3.json | outputs/2022MND/output_2022_04_07_MND_S5/BotB4_2022_04_07_09_36_38_time_off_by_3hrs_(should_be_later)_chunk4.json | outputs/2022MND/output_2022_04_07_MND_S5/BotB4_2022_04_07_09_36_38_time_off_by_3hrs_(should_be_later)_chunk5.json | outputs/2022MND/output_2022_04_07_MND_S5/BotB4_2022_04_07_09_36_38_time_off_by_3hrs_(should_be_later)_chunk6.json | outputs/2022MND/output_2022_04_07_MND_S5/BotB4_2022_04_07_09_36_38_time_off_by_3hrs_(should_be_later)_chunk7.json | outputs/2022MND/output_2022_04_07_MND_S5/BotB4_2022_04_07_09_36_38_time_off_by_3hrs_(should_be_later)_chunk8.json | outputs/2022MND/output_2022_04_08_MND_S2/Bot2_Zoom_Meeting_Room_2_2022_04_08_10_54_08_problem_52min50sec_55min_chunk1.json | outputs/2022MND/output_2022_04_08_MND_S2/Bot2_Zoom_Meeting_Room_2_2022_04_08_10_54_08_problem_52min50sec_55min_chunk2.json | outputs/2022MND/output_2022_04_08_MND_S2/Bot2_Zoom_Meeting_Room_2_2022_04_08_10_54_08_problem_52min50sec_55min_chunk3.json | outputs/2022MND/output_2022_04_08_MND_S2/Bot2_Zoom_Meeting_Room_2_2022_04_08_10_54_08_problem_52min50sec_55min_chunk4.json | outputs/2022MND/output_2022_04_08_MND_S2/Bot2_Zoom_Meeting_Room_2_2022_04_08_10_54_08_problem_52min50sec_55min_chunk5.json | outputs/2022MND/output_2022_04_08_MND_S2/Bot2_Zoom_Meeting_Room_2_2022_04_08_10_54_08_problem_52min50sec_55min_chunk6.json | outputs/2022MND/output_2022_04_08_MND_S2/Bot2_Zoom_Meeting_Room_2_2022_04_08_10_54_08_problem_52min50sec_55min_chunk7.json | outputs/2022MND/output_2022_04_08_MND_S2/Bot2_Zoom_Meeting_Room_2_2022_04_08_10_54_08_problem_52min50sec_55min_chunk8.json | outputs/2022MND/output_2022_04_08_MND_S9/Bot3_2022_04_08_13_01_56_problem_55min30sec_57min20sec_chunk2.json | outputs/2022MND/output_2022_04_08_MND_S9/Bot3_2022_04_08_13_01_56_problem_55min30sec_57min20sec_chunk3.json | outputs/2022MND/output_2022_04_08_MND_S9/Bot3_2022_04_08_13_01_56_problem_55min30sec_57min20sec_chunk4.json | outputs/2022MND/output_2022_04_08_MND_S9/Bot3_2022_04_08_13_01_56_problem_55min30sec_57min20sec_chunk5.json | outputs/2022MND/output_2022_04_08_MND_S9/Bot3_2022_04_08_13_01_56_problem_55min30sec_57min20sec_chunk6.json | outputs/2022MND/output_2022_04_08_MND_S9/Bot3_2022_04_08_13_01_56_problem_55min30sec_57min20sec_chunk7.json | outputs/2022MND/output_2022_04_08_MND_S9/Bot3_2022_04_08_13_01_56_problem_55min30sec_57min20sec_chunk8.json,464,50
a ali yanik,output,2021MZT,A. Ali Yanik,outputs/2021MZT/output_2021_10_01_MZT_S3/B3_2021_10_01_11_04_47_chunk1.json | outputs/2021MZT/output_2021_10_01_MZT_S3/B3_2021_10_01_11_04_47_chunk10.json | outputs/2021MZT/output_2021_10_01_MZT_S3/B3_2021_10_01_11_04_47_chunk2.json | outputs/2021MZT/output_2021_10_01_MZT_S3/B3_2021_10_01_11_04_47_chunk3.json | outputs/2021MZT/output_2021_10_01_MZT_S3/B3_2021_10_01_11_04_47_chunk4.json | outputs/2021MZT/output_2021_10_01_MZT_S3/B3_2021_10_01_11_04_47_chunk5.json | outputs/2021MZT/output_2021_10_01_MZT_S3/B3_2021_10_01_11_04_47_chunk6.json | outputs/2021MZT/output_2021_10_01_MZT_S3/B3_2021_10_01_11_04_47_chunk7.json | outputs/2021MZT/output_2021_10_01_MZT_S3/B3_2021_10_01_11_04_47_chunk8.json | outputs/2021MZT/output_2021_10_01_MZT_S3/B3_2021_10_01_11_04_47_chunk9.json,30,10
adela,output,2021MZT,Adela,outputs/2021MZT/output_2021_09_30_MZT_S1/B1_(short)_Zoom_Meeting_Room_1_2021_09_30_12_55_28_chunk1.json | outputs/2021MZT/output_2021_09_30_MZT_S1/B1_(short)_Zoom_Meeting_Room_1_2021_09_30_12_55_28_chunk2.json | outputs/2021MZT/output_2021_10_01_MZT_S2/B2_Zoom_Meeting_Room_2_2021_10_01_11_04_45_chunk1.json | outputs/2021MZT/output_2021_10_01_MZT_S2/B2_Zoom_Meeting_Room_2_2021_10_01_11_04_45_chunk2.json | outputs/2021MZT/output_2021_10_01_MZT_S2/B2_Zoom_Meeting_Room_2_2021_10_01_11_04_45_chunk3.json | outputs/2021MZT/output_2021_10_01_MZT_S2/B2_Zoom_Meeting_Room_2_2021_10_01_11_04_45_chunk4.json | outputs/2021MZT/output_2021_10_01_MZT_S2/B2_Zoom_Meeting_Room_2_2021_10_01_11_04_45_chunk5.json | outputs/2021MZT/output_2021_10_01_MZT_S2/B2_Zoom_Meeting_Room_2_2021_10_01_11_04_45_chunk6.json | outputs/2021MZT/output_2021_10_01_MZT_S2/B2_Zoom_Meeting_Room_2_2021_10_01_11_04_45_chunk7.json | outputs/2021MZT/output_2021_10_01_MZT_S2/B2_Zoom_Meeting_Room_2_2021_10_01_11_04_45_chunk8.json,52,10
adela oliva chavez,output,2021MZT,Adela Oliva Chavez,outputs/2021MZT/output_2021_09_30_MZT_S7/MZT_1_1_chunk2.json | outputs/2021MZT/output_2021_09_30_MZT_S7/MZT_1_1_chunk3.json | outputs/2021MZT/output_2021_09_30_MZT_S7/MZT_1_1_chunk4.json | outputs/2021MZT/output_2021_09_30_MZT_S7/MZT_1_1_chunk5.json | outputs/2021MZT/output_2021_09_30_MZT_S7/MZT_1_1_chunk6.json | outputs/2021MZT/output_2021_09_30_MZT_S7/MZT_1_1_chunk7.json | outputs/2021MZT/output_2021_09_30_MZT_S7/MZT_1_1_chunk8.json | outputs/2021MZT/output_2021_09_30_MZT_S7/MZT_1_2_chunk2.json | outputs/2021MZT/output_2021_09_30_MZT_S7/MZT_1_2_chunk3.json | outputs/2021MZT/output_2021_09_30_MZT_S7/MZT_1_2_chunk4.json | outputs/2021MZT/output_2021_09_30_MZT_S7/MZT_1_2_chunk5.json | outputs/2021MZT/output_2021_09_30_MZT_S7/MZT_1_2_chunk6.json | outputs/2021MZT/output_2021_09_30_MZT_S7/MZT_1_2_chunk7.json | outputs/2021MZT/output_2021_09_30_MZT_S7/MZT_1_2_chunk8.json | outputs/2021MZT/output_2021_10_01_MZT_S3/B3_2021_10_01_11_04_47_chunk10.json | outputs/2021MZT/output_2021_10_01_MZT_S3/B3_2021_10_01_11_04_47_chunk8.json | outputs/2021MZT/output_2021_10_01_MZT_S3/B3_2021_10_01_11_04_47_chunk9.json | outputs/2021MZT/output_2021_10_01_MZT_S4/B4_2021_10_01_11_04_24_chunk10.json | outputs/2021MZT/output_2021_10_01_MZT_S4/B4_2021_10_01_11_04_24_chunk8.json | outputs/2021MZT/output_2021_10_01_MZT_S4/B4_2021_10_01_11_04_24_chunk9.json | outputs/2021MZT/output_2021_10_01_MZT_S5/B5_2021_10_01_11_04_33_chunk10.json | outputs/2021MZT/output_2021_10_01_MZT_S5/B5_2021_10_01_11_04_33_chunk8.json | outputs/2021MZT/output_2021_10_01_MZT_S5/B5_2021_10_01_11_04_33_chunk9.json | outputs/2021MZT/output_2021_10_01_MZT_S8/B2_Zoom_Meeting_Room_2_2021_10_01_13_12_15_chunk1.json | outputs/2021MZT/output_2021_10_01_MZT_S8/B2_Zoom_Meeting_Room_2_2021_10_01_13_12_15_chunk2.json | outputs/2021MZT/output_2021_10_01_MZT_S8/B2_Zoom_Meeting_Room_2_2021_10_01_13_12_15_chunk3.json | outputs/2021MZT/output_2021_10_01_MZT_S8/B2_Zoom_Meeting_Room_2_2021_10_01_13_12_15_chunk4.json | outputs/2021MZT/output_2021_10_01_MZT_S8/B2_Zoom_Meeting_Room_2_2021_10_01_13_12_15_chunk5.json | outputs/2021MZT/output_2021_10_01_MZT_S8/B2_Zoom_Meeting_Room_2_2021_10_01_13_12_15_chunk6.json | outputs/2021MZT/output_2021_10_01_MZT_S8/B2_Zoom_Meeting_Room_2_2021_10_01_13_12_15_chunk7.json,69,30
adela s oliva chavez,truth,2021MZT,Adela S Oliva Chavez,analysis_v1/data/2021MZT/2021MZT_outcome.json,1,1
ali yanik,output,2021MZT,Ali Yanik,outputs/2021MZT/output_2021_10_01_MZT_S9/B3_2021_10_01_13_12_21_chunk1.json | outputs/2021MZT/output_2021_10_01_MZT_S9/B3_2021_10_01_13_12_21_chunk2.json | outputs/2021MZT/output_2021_10_01_MZT_S9/B3_2021_10_01_13_12_21_chunk3.json | outputs/2021MZT/output_2021_10_01_MZT_S9/B3_2021_10_01_13_12_21_chunk4.json | outputs/2021MZT/output_2021_10_01_MZT_S9/B3_2021_10_01_13_12_21_chunk5.json | outputs/2021MZT/output_2021_10_01_MZT_S9/B3_2021_10_01_13_12_21_chunk6.json | outputs/2021MZT/output_2021_10_01_MZT_S9/B3_2021_10_01_13_12_21_chunk7.json,18,7
amy hartman,output,2021MZT,Amy Hartman,outputs/2021MZT/output_2021_10_01_MZT_S2/B2_Zoom_Meeting_Room_2_2021_10_01_11_04_45_chunk1.json | outputs/2021MZT/output_2021_10_01_MZT_S2/B2_Zoom_Meeting_Room_2_2021_10_01_11_04_45_chunk2.json | outputs/2021MZT/output_2021_10_01_MZT_S2/B2_Zoom_Meeting_Room_2_2021_10_01_11_04_45_chunk3.json | outputs/2021MZT/output_2021_10_01_MZT_S2/B2_Zoom_Meeting_Room_2_2021_10_01_11_04_45_chunk4.json | outputs/2021MZT/output_2021_10_01_MZT_S2/B2_Zoom_Meeting_Room_2_2021_10_01_11_04_45_chunk5.json | outputs/2021MZT/output_2021_10_01_MZT_S2/B2_Zoom_Meeting_Room_2_2021_10_01_11_04_45_chunk6.json | outputs/2021MZT/output_2021_10_01_MZT_S2/B2_Zoom_Meeting_Room_2_2021_10_01_11_04_45_chunk7.json | outputs/2021MZT/output_2021_10_01_MZT_S2/B2_Zoom_Meeting_Room_2_2021_10_01_11_04_45_chunk8.json | outputs/2021MZT/output_2021_10_01_MZT_S7/B1_Zoom_Meeting_Room_1_2021_10_01_13_12_04_chunk1.json | outputs/2021MZT/output_2021_10_01_MZT_S7/B1_Zoom_Meeting_Room_1_2021_10_01_13_12_04_chunk2.json | outputs/2021MZT/output_2021_10_01_MZT_S7/B1_Zoom_Meeting_Room_1_2021_10_01_13_12_04_chunk3.json | outputs/2021MZT/output_2021_10_01_MZT_S7/B1_Zoom_Meeting_Room_1_2021_10_01_13_12_04_chunk4.json | outputs/2021MZT/output_2021_10_01_MZT_S7/B1_Zoom_Meeting_Room_1_2021_10_01_13_12_04_chunk5.json | outputs/2021MZT/output_2021_10_01_MZT_S7/B1_Zoom_Meeting_Room_1_2021_10_01_13_12_04_chunk6.json | outputs/2021MZT/output_2021_10_01_MZT_S7/B1_Zoom_Meeting_Room_1_2021_10_01_13_12_04_chunk7.json,29,15
amy vincent,output,2021MZT,Amy Vincent,outputs/2021MZT/output_2021_10_01_MZT_S1/B1.1_Zoom_Meeting_Room_1_2021_10_01_11_04_18.json | outputs/2021MZT/output_2021_10_01_MZT_S1/B1.2_Zoom_Meeting_Room_1_2021_10_01_11_07_45.json | outputs/2021MZT/output_2021_10_01_MZT_S1/B1.3_Zoom_Meeting_Room_1_2021_10_01_11_09_03_chunk2.json | outputs/2021MZT/output_2021_10_01_MZT_S1/B1.3_Zoom_Meeting_Room_1_2021_10_01_11_09_03_chunk3.json | outputs/2021MZT/output_2021_10_01_MZT_S1/B1.3_Zoom_Meeting_Room_1_2021_10_01_11_09_03_chunk4.json | outputs/2021MZT/output_2021_10_01_MZT_S1/B1.3_Zoom_Meeting_Room_1_2021_10_01_11_09_03_chunk5.json | outputs/2021MZT/output_2021_10_01_MZT_S1/B1.3_Zoom_Meeting_Room_1_2021_10_01_11_09_03_chunk6.json | outputs/2021MZT/output_2021_10_01_MZT_S1/B1.3_Zoom_Meeting_Room_1_2021_10_01_11_09_03_chunk7.json | outputs/2021MZT/output_2021_10_01_MZT_S3/B3_2021_10_01_11_04_47_chunk10.json | outputs/2021MZT/output_2021_10_01_MZT_S3/B3_2021_10_01_11_04_47_chunk8.json | outputs/2021MZT/output_2021_10_01_MZT_S3/B3_2021_10_01_11_04_47_chunk9.json | outputs/2021MZT/output_2021_10_01_MZT_S5/B5_2021_10_01_11_04_33_chunk10.json | outputs/2021MZT/output_2021_10_01_MZT_S5/B5_2021_10_01_11_04_33_chunk8.json | outputs/2021MZT/output_2021_10_01_MZT_S5/B5_2021_10_01_11_04_33_chunk9.json | outputs/2021MZT/output_2021_10_01_MZT_S7/B1_Zoom_Meeting_Room_1_2021_10_01_13_12_04_chunk1.json | outputs/2021MZT/output_2021_10_01_MZT_S7/B1_Zoom_Meeting_Room_1_2021_10_01_13_12_04_chunk2.json | outputs/2021MZT/output_2021_10_01_MZT_S7/B1_Zoom_Meeting_Room_1_2021_10_01_13_12_04_chunk3.json | outputs/2021MZT/output_2021_10_01_MZT_S7/B1_Zoom_Meeting_Room_1_2021_10_01_13_12_04_chunk4.json | outputs/2021MZT/output_2021_10_01_MZT_S7/B1_Zoom_Meeting_Room_1_2021_10_01_13_12_04_chunk5.json | outputs/2021MZT/output_2021_10_01_MZT_S7/B1_Zoom_Meeting_Room_1_2021_10_01_13_12_04_chunk6.json | outputs/2021MZT/output_2021_10_01_MZT_S7/B1_Zoom_Meeting_Room_1_2021_10_01_13_12_04_chunk7.json,47,21
arshad mehta,output,2021MZT,Arshad Mehta,outputs/2021MZT/output_2021_09_30_MZT_S3/B3_2021_09_30_12_56_36_chunk2.json,3,1
avery e strait,truth,2021MZT,Avery E. Strait,analysis_v1/data/2021MZT/2021MZT_outcome.json,1,1
avery strait,output,2021MZT,Avery Strait,outputs/2021MZT/output_2021_09_30_MZT_S2/B2_Zoom_Meeting_Room_2_2021_09_30_12_55_56_chunk1.json | outputs/2021MZT/output_2021_09_30_MZT_S2/B2_Zoom_Meeting_Room_2_2021_09_30_12_55_56_chunk2.json | outputs/2021MZT/output_2021_09_30_MZT_S2/B2_Zoom_Meeting_Room_2_2021_09_30_12_55_56_chunk3.json | outputs/2021MZT/output_2021_09_30_MZT_S2/B2_Zoom_Meeting_Room_2_2021_09_30_12_55_56_chunk4.json | outputs/2021MZT/output_2021_09_30_MZT_S2/B2_Zoom_Meeting_Room_2_2021_09_30_12_55_56_chunk5.json | outputs/2021MZT/output_2021_09_30_MZT_S2/B2_Zoom_Meeting_Room_2_2021_09_30_12_55_56_chunk6.json | outputs/2021MZT/output_2021_09_30_MZT_S7/MZT_1_1_chunk2.json | outputs/2021MZT/output_2021_09_30_MZT_S7/MZT_1_1_chunk3.json | outputs/2021MZT/output_2021_09_30_MZT_S7/MZT_1_1_chunk4.json | outputs/2021MZT/output_2021_09_30_MZT_S7/MZT_1_1_chunk5.json | outputs/2021MZT/output_2021_09_30_MZT_S7/MZT_1_1_chunk6.json | outputs/2021MZT/output_2021_09_30_MZT_S7/MZT_1_1_chunk7.json | outputs/2021MZT/output_2021_09_30_MZT_S7/MZT_1_1_chunk8.json | outputs/2021MZT/output_2021_09_30_MZT_S7/MZT_1_2_chunk1.json | outputs/2021MZT/output_2021_09_30_MZT_S7/MZT_1_2_chunk2.json | outputs/2021MZT/output_2021_09_30_MZT_S7/MZT_1_2_chunk3.json | outputs/2021MZT/output_2021_09_30_MZT_S7/MZT_1_2_chunk4.json | outputs/2021MZT/output_2021_09_30_MZT_S7/MZT_1_2_chunk5.json | outputs/2021MZT/output_2021_09_30_MZT_S7/MZT_1_2_chunk6.json | outputs/2021MZT/output_2021_09_30_MZT_S7/MZT_1_2_chunk7.json | outputs/2021MZT/output_2021_09_30_MZT_S7/MZT_1_2_chunk8.json,60,21
becky smith,output,2021MZT,Becky Smith,outputs/2021MZT/output_2021_10_01_MZT_S10/B4_2021_10_01_13_11_56_chunk1.json | outputs/2021MZT/output_2021_10_01_MZT_S10/B4_2021_10_01_13_11_56_chunk2.json | outputs/2021MZT/output_2021_10_01_MZT_S10/B4_2021_10_01_13_11_56_chunk3.json | outputs/2021MZT/output_2021_10_01_MZT_S10/B4_2021_10_01_13_11_56_chunk4.json | outputs/2021MZT/output_2021_10_01_MZT_S10/B4_2021_10_01_13_11_56_chunk5.json | outputs/2021MZT/output_2021_10_01_MZT_S10/B4_2021_10_01_13_11_56_chunk6.json | outputs/2021MZT/output_2021_10_01_MZT_S10/B4_2021_10_01_13_11_56_chunk7.json | outputs/2021MZT/output_2021_10_01_MZT_S3/B3_2021_10_01_11_04_47_chunk1.json | outputs/2021MZT/output_2021_10_01_MZT_S3/B3_2021_10_01_11_04_47_chunk10.json | outputs/2021MZT/output_2021_10_01_MZT_S3/B3_2021_10_01_11_04_47_chunk2.json | outputs/2021MZT/output_2021_10_01_MZT_S3/B3_2021_10_01_11_04_47_chunk3.json | outputs/2021MZT/output_2021_10_01_MZT_S3/B3_2021_10_01_11_04_47_chunk4.json | outputs/2021MZT/output_2021_10_01_MZT_S3/B3_2021_10_01_11_04_47_chunk5.json | outputs/2021MZT/output_2021_10_01_MZT_S3/B3_2021_10_01_11_04_47_chunk6.json | outputs/2021MZT/output_2021_10_01_MZT_S3/B3_2021_10_01_11_04_47_chunk7.json | outputs/2021MZT/output_2021_10_01_MZT_S3/B3_2021_10_01_11_04_47_chunk8.json | outputs/2021MZT/output_2021_10_01_MZT_S3/B3_2021_10_01_11_04_47_chunk9.json | outputs/2021MZT/output_2021_10_01_MZT_S9/B3_2021_10_01_13_12_21_chunk7.json,54,18
beth lautner,output,2021MZT,Beth Lautner,outputs/2021MZT/output_2021_10_01_MZT_S3/B3_2021_10_01_11_04_47_chunk1.json | outputs/2021MZT/output_2021_10_01_MZT_S3/B3_2021_10_01_11_04_47_chunk10.json | outputs/2021MZT/output_2021_10_01_MZT_S3/B3_2021_10_01_11_04_47_chunk2.json | outputs/2021MZT/output_2021_10_01_MZT_S3/B3_2021_10_01_11_04_47_chunk3.json | outputs/2021MZT/output_2021_10_01_MZT_S3/B3_2021_10_01_11_04_47_chunk4.json | outputs/2021MZT/output_2021_10_01_MZT_S3/B3_2021_10_01_11_04_47_chunk5.json | outputs/2021MZT/output_2021_10_01_MZT_S3/B3_2021_10_01_11_04_47_chunk6.json | outputs/2021MZT/output_2021_10_01_MZT_S3/B3_2021_10_01_11_04_47_chunk7.json | outputs/2021MZT/output_2021_10_01_MZT_S3/B3_2021_10_01_11_04_47_chunk8.json | outputs/2021MZT/output_2021_10_01_MZT_S3/B3_2021_10_01_11_04_47_chunk9.json | outputs/2021MZT/output_2021_10_01_MZT_S9/B3_2021_10_01_13_12_21_chunk2.json | outputs/2021MZT/output_2021_10_01_MZT_S9/B3_2021_10_01_13_12_21_chunk3.json | outputs/2021MZT/output_2021_10_01_MZT_S9/B3_2021_10_01_13_12_21_chunk4.json | outputs/2021MZT/output_2021_10_01_MZT_S9/B3_2021_10_01_13_12_21_chunk5.json | outputs/2021MZT/output_2021_10_01_MZT_S9/B3_2021_10_01_13_12_21_chunk6.json | outputs/2021MZT/output_2021_10_01_MZT_S9/B3_2021_10_01_13_12_21_chunk7.json,20,16
brenda marilyn rubenstein,truth,2021MZT,Brenda Marilyn Rubenstein,analysis_v1/data/2021MZT/2021MZT_outcome.json,1,1
brenda rubenstein,output,2021MZT,Brenda Rubenstein,outputs/2021MZT/output_2021_09_30_MZT_S3/B3_2021_09_30_12_56_36_chunk1.json | outputs/2021MZT/output_2021_09_30_MZT_S3/B3_2021_09_30_12_56_36_chunk2.json | outputs/2021MZT/output_2021_09_30_MZT_S3/B3_2021_09_30_12_56_36_chunk3.json | outputs/2021MZT/output_2021_09_30_MZT_S3/B3_2021_09_30_12_56_36_chunk4.json | outputs/2021MZT/output_2021_09_30_MZT_S3/B3_2021_09_30_12_56_36_chunk5.json | outputs/2021MZT/output_2021_09_30_MZT_S3/B3_2021_09_30_12_56_36_chunk6.json | outputs/2021MZT/output_2021_10_01_MZT_S11/B5_2021_10_01_13_12_03_chunk1.json | outputs/2021MZT/output_2021_10_01_MZT_S11/B5_2021_10_01_13_12_03_chunk2.json | outputs/2021MZT/output_2021_10_01_MZT_S11/B5_2021_10_01_13_12_03_chunk3.json | outputs/2021MZT/output_2021_10_01_MZT_S11/B5_2021_10_01_13_12_03_chunk4.json | outputs/2021MZT/output_2021_10_01_MZT_S11/B5_2021_10_01_13_12_03_chunk5.json | outputs/2021MZT/output_2021_10_01_MZT_S11/B5_2021_10_01_13_12_03_chunk6.json | outputs/2021MZT/output_2021_10_01_MZT_S11/B5_2021_10_01_13_12_03_chunk7.json | outputs/2021MZT/output_2021_10_01_MZT_S13/MZT_3_5_chunk1.json | outputs/2021MZT/output_2021_10_01_MZT_S13/MZT_3_5_chunk2.json | outputs/2021MZT/output_2021_10_01_MZT_S13/MZT_3_5_chunk3.json | outputs/2021MZT/output_2021_10_01_MZT_S13/MZT_3_5_chunk4.json | outputs/2021MZT/output_2021_10_01_MZT_S13/MZT_3_5_chunk5.json | outputs/2021MZT/output_2021_10_01_MZT_S13/MZT_3_5_chunk6.json | outputs/2021MZT/output_2021_10_01_MZT_S13/MZT_3_5_chunk7.json | outputs/2021MZT/output_2021_10_01_MZT_S13/MZT_3_6_chunk1.json | outputs/2021MZT/output_2021_10_01_MZT_S13/MZT_3_6_chunk2.json | outputs/2021MZT/output_2021_10_01_MZT_S13/MZT_3_6_chunk3.json | outputs/2021MZT/output_2021_10_01_MZT_S13/MZT_3_6_chunk4.json | outputs/2021MZT/output_2021_10_01_MZT_S13/MZT_3_6_chunk5.json | outputs/2021MZT/output_2021_10_01_MZT_S13/MZT_3_6_chunk6.json | outputs/2021MZT/output_2021_10_01_MZT_S13/MZT_3_6_chunk7.json | outputs/2021MZT/output_2021_10_01_MZT_S3/B3_2021_10_01_11_04_47_chunk1.json | outputs/2021MZT/output_2021_10_01_MZT_S3/B3_2021_10_01_11_04_47_chunk10.json | outputs/2021MZT/output_2021_10_01_MZT_S3/B3_2021_10_01_11_04_47_chunk2.json | outputs/2021MZT/output_2021_10_01_MZT_S3/B3_2021_10_01_11_04_47_chunk3.json | outputs/2021MZT/output_2021_10_01_MZT_S3/B3_2021_10_01_11_04_47_chunk4.json | outputs/2021MZT/output_2021_10_01_MZT_S3/B3_2021_10_01_11_04_47_chunk5.json | outputs/2021MZT/output_2021_10_01_MZT_S3/B3_2021_10_01_11_04_47_chunk6.json | outputs/2021MZT/output_2021_10_01_MZT_S3/B3_2021_10_01_11_04_47_chunk7.json | outputs/2021MZT/output_2021_10_01_MZT_S3/B3_2021_10_01_11_04_47_chunk8.json | outputs/2021MZT/output_2021_10_01_MZT_S3/B3_2021_10_01_11_04_47_chunk9.json,73,37
christine johnson,output,2021MZT,Christine Johnson,outputs/2021MZT/output_2021_10_01_MZT_S9/B3_2021_10_01_13_12_21_chunk1.json | outputs/2021MZT/output_2021_10_01_MZT_S9/B3_2021_10_01_13_12_21_chunk2.json | outputs/2021MZT/output_2021_10_01_MZT_S9/B3_2021_10_01_13_12_21_chunk3.json | outputs/2021MZT/output_2021_10_01_MZT_S9/B3_2021_10_01_13_12_21_chunk4.json | outputs/2021MZT/output_2021_10_01_MZT_S9/B3_2021_10_01_13_12_21_chunk5.json | outputs/2021MZT/output_2021_10_01_MZT_S9/B3_2021_10_01_13_12_21_chunk6.json | outputs/2021MZT/output_2021_10_01_MZT_S9/B3_2021_10_01_13_12_21_chunk7.json,46,7
christine k johnson,output,2021MZT,Christine K. Johnson,outputs/2021MZT/output_2021_10_01_MZT_S6/MZT_2_5_chunk2.json | outputs/2021MZT/output_2021_10_01_MZT_S6/MZT_2_5_chunk3.json | outputs/2021MZT/output_2021_10_01_MZT_S6/MZT_2_5_chunk4.json | outputs/2021MZT/output_2021_10_01_MZT_S6/MZT_2_5_chunk5.json | outputs/2021MZT/output_2021_10_01_MZT_S6/MZT_2_5_chunk6.json | outputs/2021MZT/output_2021_10_01_MZT_S6/MZT_2_5_chunk7.json | outputs/2021MZT/output_2021_10_01_MZT_S6/MZT_2_5_chunk8.json | outputs/2021MZT/output_2021_10_01_MZT_S6/MZT_2_6_chunk1.json | outputs/2021MZT/output_2021_10_01_MZT_S6/MZT_2_6_chunk2.json | outputs/2021MZT/output_2021_10_01_MZT_S6/MZT_2_6_chunk3.json | outputs/2021MZT/output_2021_10_01_MZT_S6/MZT_2_6_chunk4.json | outputs/2021MZT/output_2021_10_01_MZT_S6/MZT_2_6_chunk5.json | outputs/2021MZT/output_2021_10_01_MZT_S6/MZT_2_6_chunk6.json | outputs/2021MZT/output_2021_10_01_MZT_S6/MZT_2_6_chunk7.json | outputs/2021MZT/output_2021_10_01_MZT_S6/MZT_2_6_chunk8.json,100,15
chuck lewis,output,2021MZT,Chuck Lewis,outputs/2021MZT/output_2021_09_30_MZT_S5/B5_2021_09_30_12_57_07_chunk1.json | outputs/2021MZT/output_2021_09_30_MZT_S5/B5_2021_09_30_12_57_07_chunk2.json | outputs/2021MZT/output_2021_09_30_MZT_S5/B5_2021_09_30_12_57_07_chunk3.json | outputs/2021MZT/output_2021_09_30_MZT_S5/B5_2021_09_30_12_57_07_chunk4.json | outputs/2021MZT/output_2021_09_30_MZT_S5/B5_2021_09_30_12_57_07_chunk5.json | outputs/2021MZT/output_2021_09_30_MZT_S5/B5_2021_09_30_12_57_07_chunk6.json | outputs/2021MZT/output_2021_09_30_MZT_S6/bot5_chunk2.json | outputs/2021MZT/output_2021_09_30_MZT_S6/bot5_chunk3.json | outputs/2021MZT/output_2021_09_30_MZT_S6/bot5_chunk4.json | outputs/2021MZT/output_2021_09_30_MZT_S6/bot5_chunk5.json | outputs/2021MZT/output_2021_09_30_MZT_S6/bot5_chunk6.json | outputs/2021MZT/output_2021_09_30_MZT_S6/bot5_chunk7.json | outputs/2021MZT/output_2021_10_01_MZT_S3/B3_2021_10_01_11_04_47_chunk10.json | outputs/2021MZT/output_2021_10_01_MZT_S3/B3_2021_10_01_11_04_47_chunk9.json | outputs/2021MZT/output_2021_10_01_MZT_S4/B4_2021_10_01_11_04_24_chunk10.json | outputs/2021MZT/output_2021_10_01_MZT_S4/B4_2021_10_01_11_04_24_chunk9.json | outputs/2021MZT/output_2021_10_01_MZT_S5/B5_2021_10_01_11_04_33_chunk10.json | outputs/2021MZT/output_2021_10_01_MZT_S5/B5_2021_10_01_11_04_33_chunk9.json | outputs/2021MZT/output_2021_10_01_MZT_S6/MZT_2_5_chunk3.json | outputs/2021MZT/output_2021_10_01_MZT_S6/MZT_2_5_chunk4.json | outputs/2021MZT/output_2021_10_01_MZT_S6/MZT_2_5_chunk5.json | outputs/2021MZT/output_2021_10_01_MZT_S6/MZT_2_5_chunk6.json | outputs/2021MZT/output_2021_10_01_MZT_S6/MZT_2_5_chunk7.json | outputs/2021MZT/output_2021_10_01_MZT_S6/MZT_2_5_chunk8.json | outputs/2021MZT/output_2021_10_01_MZT_S6/MZT_2_6_chunk2.json | outputs/2021MZT/output_2021_10_01_MZT_S6/MZT_2_6_chunk3.json | outputs/2021MZT/output_2021_10_01_MZT_S6/MZT_2_6_chunk4.json | outputs/2021MZT/output_2021_10_01_MZT_S6/MZT_2_6_chunk5.json | outputs/2021MZT/output_2021_10_01_MZT_S6/MZT_2_6_chunk6.json | outputs/2021MZT/output_2021_10_01_MZT_S6/MZT_2_6_chunk7.json | outputs/2021MZT/output_2021_10_01_MZT_S6/MZT_2_6_chunk8.json | outputs/2021MZT/output_2021_10_01_MZT_S7/B1_Zoom_Meeting_Room_1_2021_10_01_13_12_04_chunk1.json | outputs/2021MZT/output_2021_10_01_MZT_S7/B1_Zoom_Meeting_Room_1_2021_10_01_13_12_04_chunk2.json | outputs/2021MZT/output_2021_10_01_MZT_S7/B1_Zoom_Meeting_Room_1_2021_10_01_13_12_04_chunk3.json | outputs/2021MZT/output_2021_10_01_MZT_S7/B1_Zoom_Meeting_Room_1_2021_10_01_13_12_04_chunk4.json | outputs/2021MZT/output_2021_10_01_MZT_S7/B1_Zoom_Meeting_Room_1_2021_10_01_13_12_04_chunk5.json | outputs/2021MZT/output_2021_10_01_MZT_S7/B1_Zoom_Meeting_Room_1_2021_10_01_13_12_04_chunk6.json | outputs/2021MZT/output_2021_10_01_MZT_S7/B1_Zoom_Meeting_Room_1_2021_10_01_13_12_04_chunk7.json,105,38
claudia herrera,output,2021MZT,Claudia Herrera,outputs/2021MZT/output_2021_09_30_MZT_S4/B4_2021_09_30_13_05_04_chunk1.json | outputs/2021MZT/output_2021_09_30_MZT_S4/B4_2021_09_30_13_05_04_chunk2.json | outputs/2021MZT/output_2021_09_30_MZT_S4/B4_2021_09_30_13_05_04_chunk3.json | outputs/2021MZT/output_2021_09_30_MZT_S4/B4_2021_09_30_13_05_04_chunk4.json | outputs/2021MZT/output_2021_09_30_MZT_S4/B4_2021_09_30_13_05_04_chunk5.json | outputs/2021MZT/output_2021_09_30_MZT_S4/B4_2021_09_30_13_05_04_chunk6.json | outputs/2021MZT/output_2021_10_01_MZT_S1/B1.1_Zoom_Meeting_Room_1_2021_10_01_11_04_18.json | outputs/2021MZT/output_2021_10_01_MZT_S1/B1.2_Zoom_Meeting_Room_1_2021_10_01_11_07_45.json | outputs/2021MZT/output_2021_10_01_MZT_S1/B1.3_Zoom_Meeting_Room_1_2021_10_01_11_09_03_chunk1.json | outputs/2021MZT/output_2021_10_01_MZT_S1/B1.3_Zoom_Meeting_Room_1_2021_10_01_11_09_03_chunk2.json | outputs/2021MZT/output_2021_10_01_MZT_S1/B1.3_Zoom_Meeting_Room_1_2021_10_01_11_09_03_chunk3.json | outputs/2021MZT/output_2021_10_01_MZT_S1/B1.3_Zoom_Meeting_Room_1_2021_10_01_11_09_03_chunk4.json | outputs/2021MZT/output_2021_10_01_MZT_S1/B1.3_Zoom_Meeting_Room_1_2021_10_01_11_09_03_chunk5.json | outputs/2021MZT/output_2021_10_01_MZT_S1/B1.3_Zoom_Meeting_Room_1_2021_10_01_11_09_03_chunk6.json | outputs/2021MZT/output_2021_10_01_MZT_S1/B1.3_Zoom_Meeting_Room_1_2021_10_01_11_09_03_chunk7.json,43,15
claudia herrera tulane,output,2021MZT,Claudia Herrera-Tulane,outputs/2021MZT/output_2021_10_01_MZT_S8/B2_Zoom_Meeting_Room_2_2021_10_01_13_12_15_chunk1.json | outputs/2021MZT/output_2021_10_01_MZT_S8/B2_Zoom_Meeting_Room_2_2021_10_01_13_12_15_chunk2.json | outputs/2021MZT/output_2021_10_01_MZT_S8/B2_Zoom_Meeting_Room_2_2021_10_01_13_12_15_chunk3.json | outputs/2021MZT/output_2021_10_01_MZT_S8/B2_Zoom_Meeting_Room_2_2021_10_01_13_12_15_chunk4.json | outputs/2021MZT/output_2021_10_01_MZT_S8/B2_Zoom_Meeting_Room_2_2021_10_01_13_12_15_chunk5.json | outputs/2021MZT/output_2021_10_01_MZT_S8/B2_Zoom_Meeting_Room_2_2021_10_01_13_12_15_chunk6.json | outputs/2021MZT/output_2021_10_01_MZT_S8/B2_Zoom_Meeting_Room_2_2021_10_01_13_12_15_chunk7.json,15,7
claudia p herrera,truth,2021MZT,Claudia P Herrera,analysis_v1/data/2021MZT/2021MZT_outcome.json,2,1
colin basler,output,2021MZT,Colin Basler,outputs/2021MZT/output_2021_10_01_MZT_S6/MZT_2_5_chunk4.json | outputs/2021MZT/output_2021_10_01_MZT_S6/MZT_2_5_chunk5.json | outputs/2021MZT/output_2021_10_01_MZT_S6/MZT_2_5_chunk6.json | outputs/2021MZT/output_2021_10_01_MZT_S6/MZT_2_5_chunk7.json | outputs/2021MZT/output_2021_10_01_MZT_S6/MZT_2_5_chunk8.json | outputs/2021MZT/output_2021_10_01_MZT_S6/MZT_2_6_chunk3.json | outputs/2021MZT/output_2021_10_01_MZT_S6/MZT_2_6_chunk4.json | outputs/2021MZT/output_2021_10_01_MZT_S6/MZT_2_6_chunk5.json | outputs/2021MZT/output_2021_10_01_MZT_S6/MZT_2_6_chunk6.json | outputs/2021MZT/output_2021_10_01_MZT_S6/MZT_2_6_chunk7.json | outputs/2021MZT/output_2021_10_01_MZT_S6/MZT_2_6_chunk8.json | outputs/2021MZT/output_2021_10_01_MZT_S7/B1_Zoom_Meeting_Room_1_2021_10_01_13_12_04_chunk1.json | outputs/2021MZT/output_2021_10_01_MZT_S7/B1_Zoom_Meeting_Room_1_2021_10_01_13_12_04_chunk2.json | outputs/2021MZT/output_2021_10_01_MZT_S7/B1_Zoom_Meeting_Room_1_2021_10_01_13_12_04_chunk3.json | outputs/2021MZT/output_2021_10_01_MZT_S7/B1_Zoom_Meeting_Room_1_2021_10_01_13_12_04_chunk4.json | outputs/2021MZT/output_2021_10_01_MZT_S7/B1_Zoom_Meeting_Room_1_2021_10_01_13_12_04_chunk5.json | outputs/2021MZT/output_2021_10_01_MZT_S7/B1_Zoom_Meeting_Room_1_2021_10_01_13_12_04_chunk6.json | outputs/2021MZT/output_2021_10_01_MZT_S7/B1_Zoom_Meeting_Room_1_2021_10_01_13_12_04_chunk7.json,22,18
curt horvath,output,2021MZT,Curt Horvath,outputs/2021MZT/output_2021_09_30_MZT_S4/B4_2021_09_30_13_05_04_chunk2.json | outputs/2021MZT/output_2021_09_30_MZT_S4/B4_2021_09_30_13_05_04_chunk3.json | outputs/2021MZT/output_2021_09_30_MZT_S4/B4_2021_09_30_13_05_04_chunk4.json | outputs/2021MZT/output_2021_09_30_MZT_S4/B4_2021_09_30_13_05_04_chunk5.json | outputs/2021MZT/output_2021_09_30_MZT_S4/B4_2021_09_30_13_05_04_chunk6.json | outputs/2021MZT/output_2021_10_01_MZT_S5/B5_2021_10_01_11_04_33_chunk1.json | outputs/2021MZT/output_2021_10_01_MZT_S5/B5_2021_10_01_11_04_33_chunk10.json | outputs/2021MZT/output_2021_10_01_MZT_S5/B5_2021_10_01_11_04_33_chunk2.json | outputs/2021MZT/output_2021_10_01_MZT_S5/B5_2021_10_01_11_04_33_chunk3.json | outputs/2021MZT/output_2021_10_01_MZT_S5/B5_2021_10_01_11_04_33_chunk4.json | outputs/2021MZT/output_2021_10_01_MZT_S5/B5_2021_10_01_11_04_33_chunk5.json | outputs/2021MZT/output_2021_10_01_MZT_S5/B5_2021_10_01_11_04_33_chunk6.json | outputs/2021MZT/output_2021_10_01_MZT_S5/B5_2021_10_01_11_04_33_chunk7.json | outputs/2021MZT/output_2021_10_01_MZT_S5/B5_2021_10_01_11_04_33_chunk8.json | outputs/2021MZT/output_2021_10_01_MZT_S5/B5_2021_10_01_11_04_33_chunk9.json | outputs/2021MZT/output_2021_10_01_MZT_S6/MZT_2_5_chunk1.json | outputs/2021MZT/output_2021_10_01_MZT_S6/MZT_2_5_chunk2.json | outputs/2021MZT/output_2021_10_01_MZT_S6/MZT_2_5_chunk3.json | outputs/2021MZT/output_2021_10_01_MZT_S6/MZT_2_5_chunk4.json | outputs/2021MZT/output_2021_10_01_MZT_S6/MZT_2_5_chunk5.json | outputs/2021MZT/output_2021_10_01_MZT_S6/MZT_2_5_chunk6.json | outputs/2021MZT/output_2021_10_01_MZT_S6/MZT_2_5_chunk7.json | outputs/2021MZT/output_2021_10_01_MZT_S6/MZT_2_5_chunk8.json | outputs/2021MZT/output_2021_10_01_MZT_S6/MZT_2_6_chunk1.json | outputs/2021MZT/output_2021_10_01_MZT_S6/MZT_2_6_chunk2.json | outputs/2021MZT/output_2021_10_01_MZT_S6/MZT_2_6_chunk3.json | outputs/2021MZT/output_2021_10_01_MZT_S6/MZT_2_6_chunk4.json | outputs/2021MZT/output_2021_10_01_MZT_S6/MZT_2_6_chunk5.json | outputs/2021MZT/output_2021_10_01_MZT_S6/MZT_2_6_chunk6.json | outputs/2021MZT/output_2021_10_01_MZT_S6/MZT_2_6_chunk7.json | outputs/2021MZT/output_2021_10_01_MZT_S6/MZT_2_6_chunk8.json | outputs/2021MZT/output_2021_10_01_MZT_S8/B2_Zoom_Meeting_Room_2_2021_10_01_13_12_15_chunk1.json | outputs/2021MZT/output_2021_10_01_MZT_S8/B2_Zoom_Meeting_Room_2_2021_10_01_13_12_15_chunk2.json | outputs/2021MZT/output_2021_10_01_MZT_S8/B2_Zoom_Meeting_Room_2_2021_10_01_13_12_15_chunk3.json | outputs/2021MZT/output_2021_10_01_MZT_S8/B2_Zoom_Meeting_Room_2_2021_10_01_13_12_15_chunk4.json | outputs/2021MZT/output_2021_10_01_MZT_S8/B2_Zoom_Meeting_Room_2_2021_10_01_13_12_15_chunk5.json | outputs/2021MZT/output_2021_10_01_MZT_S8/B2_Zoom_Meeting_Room_2_2021_10_01_13_12_15_chunk6.json | outputs/2021MZT/output_2021_10_01_MZT_S8/B2_Zoom_Meeting_Room_2_2021_10_01_13_12_15_chunk7.json | outputs/2021MZT/output_2021_10_01_MZT_S9/B3_2021_10_01_13_12_21_chunk7.json,148,39
dana mitzel,output,2021MZT,Dana Mitzel,outputs/2021MZT/output_2021_10_01_MZT_S11/B5_2021_10_01_13_12_03_chunk1.json | outputs/2021MZT/output_2021_10_01_MZT_S11/B5_2021_10_01_13_12_03_chunk2.json | outputs/2021MZT/output_2021_10_01_MZT_S11/B5_2021_10_01_13_12_03_chunk3.json | outputs/2021MZT/output_2021_10_01_MZT_S11/B5_2021_10_01_13_12_03_chunk4.json | outputs/2021MZT/output_2021_10_01_MZT_S11/B5_2021_10_01_13_12_03_chunk5.json | outputs/2021MZT/output_2021_10_01_MZT_S11/B5_2021_10_01_13_12_03_chunk6.json | outputs/2021MZT/output_2021_10_01_MZT_S11/B5_2021_10_01_13_12_03_chunk7.json | outputs/2021MZT/output_2021_10_01_MZT_S13/MZT_3_5_chunk1.json | outputs/2021MZT/output_2021_10_01_MZT_S13/MZT_3_5_chunk2.json | outputs/2021MZT/output_2021_10_01_MZT_S13/MZT_3_5_chunk3.json | outputs/2021MZT/output_2021_10_01_MZT_S13/MZT_3_5_chunk4.json | outputs/2021MZT/output_2021_10_01_MZT_S13/MZT_3_5_chunk5.json | outputs/2021MZT/output_2021_10_01_MZT_S13/MZT_3_5_chunk6.json | outputs/2021MZT/output_2021_10_01_MZT_S13/MZT_3_5_chunk7.json | outputs/2021MZT/output_2021_10_01_MZT_S13/MZT_3_6_chunk1.json | outputs/2021MZT/output_2021_10_01_MZT_S13/MZT_3_6_chunk2.json | outputs/2021MZT/output_2021_10_01_MZT_S13/MZT_3_6_chunk3.json | outputs/2021MZT/output_2021_10_01_MZT_S13/MZT_3_6_chunk4.json | outputs/2021MZT/output_2021_10_01_MZT_S13/MZT_3_6_chunk5.json | outputs/2021MZT/output_2021_10_01_MZT_S13/MZT_3_6_chunk6.json | outputs/2021MZT/output_2021_10_01_MZT_S13/MZT_3_6_chunk7.json | outputs/2021MZT/output_2021_10_01_MZT_S4/B4_2021_10_01_11_04_24_chunk10.json | outputs/2021MZT/output_2021_10_01_MZT_S4/B4_2021_10_01_11_04_24_chunk5.json | outputs/2021MZT/output_2021_10_01_MZT_S4/B4_2021_10_01_11_04_24_chunk6.json | outputs/2021MZT/output_2021_10_01_MZT_S4/B4_2021_10_01_11_04_24_chunk7.json | outputs/2021MZT/output_2021_10_01_MZT_S4/B4_2021_10_01_11_04_24_chunk8.json | outputs/2021MZT/output_2021_10_01_MZT_S4/B4_2021_10_01_11_04_24_chunk9.json,70,27
dana n mitzel,truth,2021MZT,Dana N Mitzel,analysis_v1/data/2021MZT/2021MZT_outcome.json,1,1
danai schulz,output,2021MZT,Danai Schulz,outputs/2021MZT/output_2021_10_01_MZT_S1/B1.3_Zoom_Meeting_Room_1_2021_10_01_11_09_03_chunk1.json | outputs/2021MZT/output_2021_10_01_MZT_S1/B1.3_Zoom_Meeting_Room_1_2021_10_01_11_09_03_chunk2.json | outputs/2021MZT/output_2021_10_01_MZT_S1/B1.3_Zoom_Meeting_Room_1_2021_10_01_11_09_03_chunk3.json | outputs/2021MZT/output_2021_10_01_MZT_S1/B1.3_Zoom_Meeting_Room_1_2021_10_01_11_09_03_chunk4.json,15,4
diego huet,output,2021MZT,Diego Huet,outputs/2021MZT/output_2021_09_30_MZT_S3/B3_2021_09_30_12_56_36_chunk1.json | outputs/2021MZT/output_2021_09_30_MZT_S3/B3_2021_09_30_12_56_36_chunk2.json | outputs/2021MZT/output_2021_09_30_MZT_S3/B3_2021_09_30_12_56_36_chunk3.json | outputs/2021MZT/output_2021_09_30_MZT_S3/B3_2021_09_30_12_56_36_chunk4.json | outputs/2021MZT/output_2021_09_30_MZT_S3/B3_2021_09_30_12_56_36_chunk5.json | outputs/2021MZT/output_2021_09_30_MZT_S3/B3_2021_09_30_12_56_36_chunk6.json | outputs/2021MZT/output_2021_10_01_MZT_S1/B1.1_Zoom_Meeting_Room_1_2021_10_01_11_04_18.json | outputs/2021MZT/output_2021_10_01_MZT_S1/B1.2_Zoom_Meeting_Room_1_2021_10_01_11_07_45.json | outputs/2021MZT/output_2021_10_01_MZT_S1/B1.3_Zoom_Meeting_Room_1_2021_10_01_11_09_03_chunk1.json | outputs/2021MZT/output_2021_10_01_MZT_S1/B1.3_Zoom_Meeting_Room_1_2021_10_01_11_09_03_chunk2.json | outputs/2021MZT/output_2021_10_01_MZT_S1/B1.3_Zoom_Meeting_Room_1_2021_10_01_11_09_03_chunk3.json | outputs/2021MZT/output_2021_10_01_MZT_S1/B1.3_Zoom_Meeting_Room_1_2021_10_01_11_09_03_chunk4.json | outputs/2021MZT/output_2021_10_01_MZT_S1/B1.3_Zoom_Meeting_Room_1_2021_10_01_11_09_03_chunk5.json | outputs/2021MZT/output_2021_10_01_MZT_S1/B1.3_Zoom_Meeting_Room_1_2021_10_01_11_09_03_chunk6.json | outputs/2021MZT/output_2021_10_01_MZT_S1/B1.3_Zoom_Meeting_Room_1_2021_10_01_11_09_03_chunk7.json | outputs/2021MZT/output_2021_10_01_MZT_S12/B6_2021_10_01_13_11_47_chunk1.json | outputs/2021MZT/output_2021_10_01_MZT_S12/B6_2021_10_01_13_11_47_chunk2.json | outputs/2021MZT/output_2021_10_01_MZT_S12/B6_2021_10_01_13_11_47_chunk3.json | outputs/2021MZT/output_2021_10_01_MZT_S12/B6_2021_10_01_13_11_47_chunk4.json | outputs/2021MZT/output_2021_10_01_MZT_S12/B6_2021_10_01_13_11_47_chunk5.json | outputs/2021MZT/output_2021_10_01_MZT_S12/B6_2021_10_01_13_11_47_chunk6.json | outputs/2021MZT/output_2021_10_01_MZT_S12/B6_2021_10_01_13_11_47_chunk7.json | outputs/2021MZT/output_2021_10_01_MZT_S13/MZT_3_5_chunk2.json | outputs/2021MZT/output_2021_10_01_MZT_S13/MZT_3_5_chunk3.json | outputs/2021MZT/output_2021_10_01_MZT_S13/MZT_3_5_chunk4.json | outputs/2021MZT/output_2021_10_01_MZT_S13/MZT_3_5_chunk5.json | outputs/2021MZT/output_2021_10_01_MZT_S13/MZT_3_5_chunk6.json | outputs/2021MZT/output_2021_10_01_MZT_S13/MZT_3_5_chunk7.json | outputs/2021MZT/output_2021_10_01_MZT_S13/MZT_3_6_chunk1.json | outputs/2021MZT/output_2021_10_01_MZT_S13/MZT_3_6_chunk2.json | outputs/2021MZT/output_2021_10_01_MZT_S13/MZT_3_6_chunk3.json | outputs/2021MZT/output_2021_10_01_MZT_S13/MZT_3_6_chunk4.json | outputs/2021MZT/output_2021_10_01_MZT_S13/MZT_3_6_chunk5.json | outputs/2021MZT/output_2021_10_01_MZT_S13/MZT_3_6_chunk6.json | outputs/2021MZT/output_2021_10_01_MZT_S13/MZT_3_6_chunk7.json,49,35
erik procko,output,2021MZT,Erik Procko,outputs/2021MZT/output_2021_09_30_MZT_S3/B3_2021_09_30_12_56_36_chunk2.json | outputs/2021MZT/output_2021_09_30_MZT_S3/B3_2021_09_30_12_56_36_chunk3.json | outputs/2021MZT/output_2021_09_30_MZT_S3/B3_2021_09_30_12_56_36_chunk4.json | outputs/2021MZT/output_2021_09_30_MZT_S3/B3_2021_09_30_12_56_36_chunk5.json | outputs/2021MZT/output_2021_09_30_MZT_S3/B3_2021_09_30_12_56_36_chunk6.json | outputs/2021MZT/output_2021_10_01_MZT_S5/B5_2021_10_01_11_04_33_chunk1.json | outputs/2021MZT/output_2021_10_01_MZT_S5/B5_2021_10_01_11_04_33_chunk10.json | outputs/2021MZT/output_2021_10_01_MZT_S5/B5_2021_10_01_11_04_33_chunk2.json | outputs/2021MZT/output_2021_10_01_MZT_S5/B5_2021_10_01_11_04_33_chunk3.json | outputs/2021MZT/output_2021_10_01_MZT_S5/B5_2021_10_01_11_04_33_chunk4.json | outputs/2021MZT/output_2021_10_01_MZT_S5/B5_2021_10_01_11_04_33_chunk5.json | outputs/2021MZT/output_2021_10_01_MZT_S5/B5_2021_10_01_11_04_33_chunk6.json | outputs/2021MZT/output_2021_10_01_MZT_S5/B5_2021_10_01_11_04_33_chunk7.json | outputs/2021MZT/output_2021_10_01_MZT_S5/B5_2021_10_01_11_04_33_chunk8.json | outputs/2021MZT/output_2021_10_01_MZT_S5/B5_2021_10_01_11_04_33_chunk9.json | outputs/2021MZT/output_2021_10_01_MZT_S6/MZT_2_5_chunk1.json | outputs/2021MZT/output_2021_10_01_MZT_S6/MZT_2_5_chunk2.json | outputs/2021MZT/output_2021_10_01_MZT_S6/MZT_2_5_chunk3.json | outputs/2021MZT/output_2021_10_01_MZT_S6/MZT_2_5_chunk4.json | outputs/2021MZT/output_2021_10_01_MZT_S6/MZT_2_5_chunk5.json | outputs/2021MZT/output_2021_10_01_MZT_S6/MZT_2_5_chunk6.json | outputs/2021MZT/output_2021_10_01_MZT_S6/MZT_2_5_chunk7.json | outputs/2021MZT/output_2021_10_01_MZT_S6/MZT_2_5_chunk8.json | outputs/2021MZT/output_2021_10_01_MZT_S6/MZT_2_6_chunk1.json | outputs/2021MZT/output_2021_10_01_MZT_S6/MZT_2_6_chunk2.json | outputs/2021MZT/output_2021_10_01_MZT_S6/MZT_2_6_chunk3.json | outputs/2021MZT/output_2021_10_01_MZT_S6/MZT_2_6_chunk4.json | outputs/2021MZT/output_2021_10_01_MZT_S6/MZT_2_6_chunk5.json | outputs/2021MZT/output_2021_10_01_MZT_S6/MZT_2_6_chunk6.json | outputs/2021MZT/output_2021_10_01_MZT_S6/MZT_2_6_chunk7.json | outputs/2021MZT/output_2021_10_01_MZT_S6/MZT_2_6_chunk8.json | outputs/2021MZT/output_2021_10_01_MZT_S7/B1_Zoom_Meeting_Room_1_2021_10_01_13_12_04_chunk1.json | outputs/2021MZT/output_2021_10_01_MZT_S7/B1_Zoom_Meeting_Room_1_2021_10_01_13_12_04_chunk2.json | outputs/2021MZT/output_2021_10_01_MZT_S7/B1_Zoom_Meeting_Room_1_2021_10_01_13_12_04_chunk3.json | outputs/2021MZT/output_2021_10_01_MZT_S7/B1_Zoom_Meeting_Room_1_2021_10_01_13_12_04_chunk4.json | outputs/2021MZT/output_2021_10_01_MZT_S7/B1_Zoom_Meeting_Room_1_2021_10_01_13_12_04_chunk5.json | outputs/2021MZT/output_2021_10_01_MZT_S7/B1_Zoom_Meeting_Room_1_2021_10_01_13_12_04_chunk6.json | outputs/2021MZT/output_2021_10_01_MZT_S7/B1_Zoom_Meeting_Room_1_2021_10_01_13_12_04_chunk7.json,71,38
giselle medina,output,2021MZT,Giselle Medina,outputs/2021MZT/output_2021_09_30_MZT_S3/B3_2021_09_30_12_56_36_chunk1.json | outputs/2021MZT/output_2021_09_30_MZT_S3/B3_2021_09_30_12_56_36_chunk2.json | outputs/2021MZT/output_2021_09_30_MZT_S3/B3_2021_09_30_12_56_36_chunk3.json | outputs/2021MZT/output_2021_09_30_MZT_S3/B3_2021_09_30_12_56_36_chunk4.json | outputs/2021MZT/output_2021_09_30_MZT_S3/B3_2021_09_30_12_56_36_chunk5.json | outputs/2021MZT/output_2021_09_30_MZT_S3/B3_2021_09_30_12_56_36_chunk6.json | outputs/2021MZT/output_2021_10_01_MZT_S3/B3_2021_10_01_11_04_47_chunk10.json | outputs/2021MZT/output_2021_10_01_MZT_S3/B3_2021_10_01_11_04_47_chunk8.json | outputs/2021MZT/output_2021_10_01_MZT_S3/B3_2021_10_01_11_04_47_chunk9.json | outputs/2021MZT/output_2021_10_01_MZT_S5/B5_2021_10_01_11_04_33_chunk10.json | outputs/2021MZT/output_2021_10_01_MZT_S5/B5_2021_10_01_11_04_33_chunk8.json | outputs/2021MZT/output_2021_10_01_MZT_S5/B5_2021_10_01_11_04_33_chunk9.json,27,12
heather walden,output,2021MZT,Heather Walden,outputs/2021MZT/output_2021_10_01_MZT_S1/B1.1_Zoom_Meeting_Room_1_2021_10_01_11_04_18.json | outputs/2021MZT/output_2021_10_01_MZT_S1/B1.2_Zoom_Meeting_Room_1_2021_10_01_11_07_45.json | outputs/2021MZT/output_2021_10_01_MZT_S1/B1.3_Zoom_Meeting_Room_1_2021_10_01_11_09_03_chunk1.json | outputs/2021MZT/output_2021_10_01_MZT_S1/B1.3_Zoom_Meeting_Room_1_2021_10_01_11_09_03_chunk2.json | outputs/2021MZT/output_2021_10_01_MZT_S1/B1.3_Zoom_Meeting_Room_1_2021_10_01_11_09_03_chunk3.json | outputs/2021MZT/output_2021_10_01_MZT_S1/B1.3_Zoom_Meeting_Room_1_2021_10_01_11_09_03_chunk4.json | outputs/2021MZT/output_2021_10_01_MZT_S1/B1.3_Zoom_Meeting_Room_1_2021_10_01_11_09_03_chunk5.json | outputs/2021MZT/output_2021_10_01_MZT_S1/B1.3_Zoom_Meeting_Room_1_2021_10_01_11_09_03_chunk6.json | outputs/2021MZT/output_2021_10_01_MZT_S1/B1.3_Zoom_Meeting_Room_1_2021_10_01_11_09_03_chunk7.json,11,9
jenny g maloney,truth,2021MZT,Jenny G Maloney,analysis_v1/data/2021MZT/2021MZT_outcome.json,1,1
jenny maloney,output,2021MZT,Jenny Maloney,outputs/2021MZT/output_2021_09_30_MZT_S4/B4_2021_09_30_13_05_04_chunk1.json | outputs/2021MZT/output_2021_09_30_MZT_S4/B4_2021_09_30_13_05_04_chunk2.json | outputs/2021MZT/output_2021_09_30_MZT_S4/B4_2021_09_30_13_05_04_chunk3.json | outputs/2021MZT/output_2021_09_30_MZT_S4/B4_2021_09_30_13_05_04_chunk4.json | outputs/2021MZT/output_2021_09_30_MZT_S4/B4_2021_09_30_13_05_04_chunk5.json | outputs/2021MZT/output_2021_09_30_MZT_S4/B4_2021_09_30_13_05_04_chunk6.json | outputs/2021MZT/output_2021_10_01_MZT_S1/B1.1_Zoom_Meeting_Room_1_2021_10_01_11_04_18.json | outputs/2021MZT/output_2021_10_01_MZT_S1/B1.2_Zoom_Meeting_Room_1_2021_10_01_11_07_45.json | outputs/2021MZT/output_2021_10_01_MZT_S1/B1.3_Zoom_Meeting_Room_1_2021_10_01_11_09_03_chunk2.json | outputs/2021MZT/output_2021_10_01_MZT_S1/B1.3_Zoom_Meeting_Room_1_2021_10_01_11_09_03_chunk3.json | outputs/2021MZT/output_2021_10_01_MZT_S1/B1.3_Zoom_Meeting_Room_1_2021_10_01_11_09_03_chunk4.json | outputs/2021MZT/output_2021_10_01_MZT_S1/B1.3_Zoom_Meeting_Room_1_2021_10_01_11_09_03_chunk5.json | outputs/2021MZT/output_2021_10_01_MZT_S1/B1.3_Zoom_Meeting_Room_1_2021_10_01_11_09_03_chunk6.json | outputs/2021MZT/output_2021_10_01_MZT_S1/B1.3_Zoom_Meeting_Room_1_2021_10_01_11_09_03_chunk7.json | outputs/2021MZT/output_2021_10_01_MZT_S10/B4_2021_10_01_13_11_56_chunk1.json | outputs/2021MZT/output_2021_10_01_MZT_S10/B4_2021_10_01_13_11_56_chunk2.json | outputs/2021MZT/output_2021_10_01_MZT_S10/B4_2021_10_01_13_11_56_chunk3.json | outputs/2021MZT/output_2021_10_01_MZT_S10/B4_2021_10_01_13_11_56_chunk4.json | outputs/2021MZT/output_2021_10_01_MZT_S10/B4_2021_10_01_13_11_56_chunk5.json | outputs/2021MZT/output_2021_10_01_MZT_S10/B4_2021_10_01_13_11_56_chunk6.json | outputs/2021MZT/output_2021_10_01_MZT_S10/B4_2021_10_01_13_11_56_chunk7.json,106,21
justin bah,output,2021MZT,Justin Bah,outputs/2021MZT/output_2021_09_30_MZT_S7/MZT_1_1_chunk8.json | outputs/2021MZT/output_2021_09_30_MZT_S7/MZT_1_2_chunk7.json | outputs/2021MZT/output_2021_09_30_MZT_S7/MZT_1_2_chunk8.json,3,3
kim m pepin,truth,2021MZT,Kim M Pepin,analysis_v1/data/2021MZT/2021MZT_outcome.json,2,1
kim pepin,output,2021MZT,Kim Pepin,outputs/2021MZT/output_2021_09_30_MZT_S1/B1_(short)_Zoom_Meeting_Room_1_2021_09_30_12_55_28_chunk1.json | outputs/2021MZT/output_2021_09_30_MZT_S1/B1_(short)_Zoom_Meeting_Room_1_2021_09_30_12_55_28_chunk2.json | outputs/2021MZT/output_2021_09_30_MZT_S7/MZT_1_1_chunk1.json | outputs/2021MZT/output_2021_09_30_MZT_S7/MZT_1_1_chunk2.json | outputs/2021MZT/output_2021_09_30_MZT_S7/MZT_1_1_chunk3.json | outputs/2021MZT/output_2021_09_30_MZT_S7/MZT_1_1_chunk4.json | outputs/2021MZT/output_2021_09_30_MZT_S7/MZT_1_1_chunk5.json | outputs/2021MZT/output_2021_09_30_MZT_S7/MZT_1_1_chunk6.json | outputs/2021MZT/output_2021_09_30_MZT_S7/MZT_1_1_chunk7.json | outputs/2021MZT/output_2021_09_30_MZT_S7/MZT_1_1_chunk8.json | outputs/2021MZT/output_2021_09_30_MZT_S7/MZT_1_2_chunk1.json | outputs/2021MZT/output_2021_09_30_MZT_S7/MZT_1_2_chunk2.json | outputs/2021MZT/output_2021_09_30_MZT_S7/MZT_1_2_chunk3.json | outputs/2021MZT/output_2021_09_30_MZT_S7/MZT_1_2_chunk4.json | outputs/2021MZT/output_2021_09_30_MZT_S7/MZT_1_2_chunk5.json | outputs/2021MZT/output_2021_09_30_MZT_S7/MZT_1_2_chunk6.json | outputs/2021MZT/output_2021_09_30_MZT_S7/MZT_1_2_chunk7.json | outputs/2021MZT/output_2021_09_30_MZT_S7/MZT_1_2_chunk8.json | outputs/2021MZT/output_2021_10_01_MZT_S2/B2_Zoom_Meeting_Room_2_2021_10_01_11_04_45_chunk1.json | outputs/2021MZT/output_2021_10_01_MZT_S2/B2_Zoom_Meeting_Room_2_2021_10_01_11_04_45_chunk2.json | outputs/2021MZT/output_2021_10_01_MZT_S2/B2_Zoom_Meeting_Room_2_2021_10_01_11_04_45_chunk3.json | outputs/2021MZT/output_2021_10_01_MZT_S2/B2_Zoom_Meeting_Room_2_2021_10_01_11_04_45_chunk4.json | outputs/2021MZT/output_2021_10_01_MZT_S2/B2_Zoom_Meeting_Room_2_2021_10_01_11_04_45_chunk5.json | outputs/2021MZT/output_2021_10_01_MZT_S2/B2_Zoom_Meeting_Room_2_2021_10_01_11_04_45_chunk6.json | outputs/2021MZT/output_2021_10_01_MZT_S2/B2_Zoom_Meeting_Room_2_2021_10_01_11_04_45_chunk7.json | outputs/2021MZT/output_2021_10_01_MZT_S2/B2_Zoom_Meeting_Room_2_2021_10_01_11_04_45_chunk8.json | outputs/2021MZT/output_2021_10_01_MZT_S9/B3_2021_10_01_13_12_21_chunk1.json | outputs/2021MZT/output_2021_10_01_MZT_S9/B3_2021_10_01_13_12_21_chunk2.json | outputs/2021MZT/output_2021_10_01_MZT_S9/B3_2021_10_01_13_12_21_chunk3.json | outputs/2021MZT/output_2021_10_01_MZT_S9/B3_2021_10_01_13_12_21_chunk4.json | outputs/2021MZT/output_2021_10_01_MZT_S9/B3_2021_10_01_13_12_21_chunk5.json | outputs/2021MZT/output_2021_10_01_MZT_S9/B3_2021_10_01_13_12_21_chunk6.json | outputs/2021MZT/output_2021_10_01_MZT_S9/B3_2021_10_01_13_12_21_chunk7.json,98,33
kristin koutmou,output,2021MZT,Kristin Koutmou,outputs/2021MZT/output_2021_10_01_MZT_S1/B1.1_Zoom_Meeting_Room_1_2021_10_01_11_04_18.json | outputs/2021MZT/output_2021_10_01_MZT_S1/B1.2_Zoom_Meeting_Room_1_2021_10_01_11_07_45.json | outputs/2021MZT/output_2021_10_01_MZT_S1/B1.3_Zoom_Meeting_Room_1_2021_10_01_11_09_03_chunk1.json | outputs/2021MZT/output_2021_10_01_MZT_S1/B1.3_Zoom_Meeting_Room_1_2021_10_01_11_09_03_chunk2.json | outputs/2021MZT/output_2021_10_01_MZT_S1/B1.3_Zoom_Meeting_Room_1_2021_10_01_11_09_03_chunk3.json | outputs/2021MZT/output_2021_10_01_MZT_S1/B1.3_Zoom_Meeting_Room_1_2021_10_01_11_09_03_chunk4.json | outputs/2021MZT/output_2021_10_01_MZT_S1/B1.3_Zoom_Meeting_Room_1_2021_10_01_11_09_03_chunk5.json | outputs/2021MZT/output_2021_10_01_MZT_S1/B1.3_Zoom_Meeting_Room_1_2021_10_01_11_09_03_chunk6.json | outputs/2021MZT/output_2021_10_01_MZT_S1/B1.3_Zoom_Meeting_Room_1_2021_10_01_11_09_03_chunk7.json | outputs/2021MZT/output_2021_10_01_MZT_S11/B5_2021_10_01_13_12_03_chunk1.json | outputs/2021MZT/output_2021_10_01_MZT_S11/B5_2021_10_01_13_12_03_chunk2.json | outputs/2021MZT/output_2021_10_01_MZT_S11/B5_2021_10_01_13_12_03_chunk3.json | outputs/2021MZT/output_2021_10_01_MZT_S11/B5_2021_10_01_13_12_03_chunk4.json | outputs/2021MZT/output_2021_10_01_MZT_S11/B5_2021_10_01_13_12_03_chunk5.json | outputs/2021MZT/output_2021_10_01_MZT_S11/B5_2021_10_01_13_12_03_chunk6.json | outputs/2021MZT/output_2021_10_01_MZT_S11/B5_2021_10_01_13_12_03_chunk7.json | outputs/2021MZT/output_2021_10_01_MZT_S13/MZT_3_5_chunk1.json | outputs/2021MZT/output_2021_10_01_MZT_S13/MZT_3_5_chunk2.json | outputs/2021MZT/output_2021_10_01_MZT_S13/MZT_3_5_chunk3.json | outputs/2021MZT/output_2021_10_01_MZT_S13/MZT_3_5_chunk4.json | outputs/2021MZT/output_2021_10_01_MZT_S13/MZT_3_5_chunk5.json | outputs/2021MZT/output_2021_10_01_MZT_S13/MZT_3_5_chunk6.json | outputs/2021MZT/output_2021_10_01_MZT_S13/MZT_3_5_chunk7.json | outputs/2021MZT/output_2021_10_01_MZT_S13/MZT_3_6_chunk1.json | outputs/2021MZT/output_2021_10_01_MZT_S13/MZT_3_6_chunk2.json | outputs/2021MZT/output_2021_10_01_MZT_S13/MZT_3_6_chunk3.json | outputs/2021MZT/output_2021_10_01_MZT_S13/MZT_3_6_chunk4.json | outputs/2021MZT/output_2021_10_01_MZT_S13/MZT_3_6_chunk5.json | outputs/2021MZT/output_2021_10_01_MZT_S13/MZT_3_6_chunk6.json | outputs/2021MZT/output_2021_10_01_MZT_S13/MZT_3_6_chunk7.json,124,30
kristin s koutmou,truth,2021MZT,Kristin S. Koutmou,analysis_v1/data/2021MZT/2021MZT_outcome.json,2,1
linda detwiler,output,2021MZT,Linda Detwiler,outputs/2021MZT/output_2021_09_30_MZT_S1/B1_(short)_Zoom_Meeting_Room_1_2021_09_30_12_55_28_chunk1.json | outputs/2021MZT/output_2021_09_30_MZT_S1/B1_(short)_Zoom_Meeting_Room_1_2021_09_30_12_55_28_chunk2.json | outputs/2021MZT/output_2021_09_30_MZT_S7/MZT_1_1_chunk1.json | outputs/2021MZT/output_2021_09_30_MZT_S7/MZT_1_1_chunk2.json | outputs/2021MZT/output_2021_09_30_MZT_S7/MZT_1_1_chunk3.json | outputs/2021MZT/output_2021_09_30_MZT_S7/MZT_1_1_chunk4.json | outputs/2021MZT/output_2021_09_30_MZT_S7/MZT_1_1_chunk5.json | outputs/2021MZT/output_2021_09_30_MZT_S7/MZT_1_1_chunk6.json | outputs/2021MZT/output_2021_09_30_MZT_S7/MZT_1_1_chunk7.json | outputs/2021MZT/output_2021_09_30_MZT_S7/MZT_1_1_chunk8.json | outputs/2021MZT/output_2021_09_30_MZT_S7/MZT_1_2_chunk1.json | outputs/2021MZT/output_2021_09_30_MZT_S7/MZT_1_2_chunk2.json | outputs/2021MZT/output_2021_09_30_MZT_S7/MZT_1_2_chunk3.json | outputs/2021MZT/output_2021_09_30_MZT_S7/MZT_1_2_chunk4.json | outputs/2021MZT/output_2021_09_30_MZT_S7/MZT_1_2_chunk5.json | outputs/2021MZT/output_2021_09_30_MZT_S7/MZT_1_2_chunk6.json | outputs/2021MZT/output_2021_09_30_MZT_S7/MZT_1_2_chunk7.json | outputs/2021MZT/output_2021_09_30_MZT_S7/MZT_1_2_chunk8.json | outputs/2021MZT/output_2021_10_01_MZT_S10/B4_2021_10_01_13_11_56_chunk1.json | outputs/2021MZT/output_2021_10_01_MZT_S10/B4_2021_10_01_13_11_56_chunk2.json | outputs/2021MZT/output_2021_10_01_MZT_S10/B4_2021_10_01_13_11_56_chunk3.json | outputs/2021MZT/output_2021_10_01_MZT_S10/B4_2021_10_01_13_11_56_chunk4.json | outputs/2021MZT/output_2021_10_01_MZT_S10/B4_2021_10_01_13_11_56_chunk5.json | outputs/2021MZT/output_2021_10_01_MZT_S10/B4_2021_10_01_13_11_56_chunk6.json | outputs/2021MZT/output_2021_10_01_MZT_S10/B4_2021_10_01_13_11_56_chunk7.json | outputs/2021MZT/output_2021_10_01_MZT_S2/B2_Zoom_Meeting_Room_2_2021_10_01_11_04_45_chunk1.json | outputs/2021MZT/output_2021_10_01_MZT_S2/B2_Zoom_Meeting_Room_2_2021_10_01_11_04_45_chunk2.json | outputs/2021MZT/output_2021_10_01_MZT_S2/B2_Zoom_Meeting_Room_2_2021_10_01_11_04_45_chunk3.json | outputs/2021MZT/output_2021_10_01_MZT_S2/B2_Zoom_Meeting_Room_2_2021_10_01_11_04_45_chunk4.json | outputs/2021MZT/output_2021_10_01_MZT_S2/B2_Zoom_Meeting_Room_2_2021_10_01_11_04_45_chunk5.json | outputs/2021MZT/output_2021_10_01_MZT_S2/B2_Zoom_Meeting_Room_2_2021_10_01_11_04_45_chunk6.json | outputs/2021MZT/output_2021_10_01_MZT_S2/B2_Zoom_Meeting_Room_2_2021_10_01_11_04_45_chunk7.json | outputs/2021MZT/output_2021_10_01_MZT_S2/B2_Zoom_Meeting_Room_2_2021_10_01_11_04_45_chunk8.json | outputs/2021MZT/output_2021_10_01_MZT_S3/B3_2021_10_01_11_04_47_chunk10.json | outputs/2021MZT/output_2021_10_01_MZT_S3/B3_2021_10_01_11_04_47_chunk9.json | outputs/2021MZT/output_2021_10_01_MZT_S4/B4_2021_10_01_11_04_24_chunk10.json | outputs/2021MZT/output_2021_10_01_MZT_S4/B4_2021_10_01_11_04_24_chunk9.json | outputs/2021MZT/output_2021_10_01_MZT_S5/B5_2021_10_01_11_04_33_chunk10.json | outputs/2021MZT/output_2021_10_01_MZT_S5/B5_2021_10_01_11_04_33_chunk9.json,278,39
mark q wilber,truth,2021MZT,Mark Q Wilber,analysis_v1/data/2021MZT/2021MZT_outcome.json,1,1
mark wilber,output,2021MZT,Mark Wilber,outputs/2021MZT/output_2021_09_30_MZT_S2/B2_Zoom_Meeting_Room_2_2021_09_30_12_55_56_chunk1.json | outputs/2021MZT/output_2021_09_30_MZT_S2/B2_Zoom_Meeting_Room_2_2021_09_30_12_55_56_chunk2.json | outputs/2021MZT/output_2021_09_30_MZT_S2/B2_Zoom_Meeting_Room_2_2021_09_30_12_55_56_chunk3.json | outputs/2021MZT/output_2021_09_30_MZT_S2/B2_Zoom_Meeting_Room_2_2021_09_30_12_55_56_chunk4.json | outputs/2021MZT/output_2021_09_30_MZT_S2/B2_Zoom_Meeting_Room_2_2021_09_30_12_55_56_chunk5.json | outputs/2021MZT/output_2021_09_30_MZT_S2/B2_Zoom_Meeting_Room_2_2021_09_30_12_55_56_chunk6.json | outputs/2021MZT/output_2021_09_30_MZT_S7/MZT_1_1_chunk2.json | outputs/2021MZT/output_2021_09_30_MZT_S7/MZT_1_1_chunk3.json | outputs/2021MZT/output_2021_09_30_MZT_S7/MZT_1_1_chunk4.json | outputs/2021MZT/output_2021_09_30_MZT_S7/MZT_1_1_chunk5.json | outputs/2021MZT/output_2021_09_30_MZT_S7/MZT_1_1_chunk6.json | outputs/2021MZT/output_2021_09_30_MZT_S7/MZT_1_1_chunk7.json | outputs/2021MZT/output_2021_09_30_MZT_S7/MZT_1_1_chunk8.json | outputs/2021MZT/output_2021_09_30_MZT_S7/MZT_1_2_chunk1.json | outputs/2021MZT/output_2021_09_30_MZT_S7/MZT_1_2_chunk2.json | outputs/2021MZT/output_2021_09_30_MZT_S7/MZT_1_2_chunk3.json | outputs/2021MZT/output_2021_09_30_MZT_S7/MZT_1_2_chunk4.json | outputs/2021MZT/output_2021_09_30_MZT_S7/MZT_1_2_chunk5.json | outputs/2021MZT/output_2021_09_30_MZT_S7/MZT_1_2_chunk6.json | outputs/2021MZT/output_2021_09_30_MZT_S7/MZT_1_2_chunk7.json | outputs/2021MZT/output_2021_09_30_MZT_S7/MZT_1_2_chunk8.json | outputs/2021MZT/output_2021_10_01_MZT_S3/B3_2021_10_01_11_04_47_chunk10.json | outputs/2021MZT/output_2021_10_01_MZT_S3/B3_2021_10_01_11_04_47_chunk9.json | outputs/2021MZT/output_2021_10_01_MZT_S5/B5_2021_10_01_11_04_33_chunk1.json | outputs/2021MZT/output_2021_10_01_MZT_S5/B5_2021_10_01_11_04_33_chunk10.json | outputs/2021MZT/output_2021_10_01_MZT_S5/B5_2021_10_01_11_04_33_chunk2.json | outputs/2021MZT/output_2021_10_01_MZT_S5/B5_2021_10_01_11_04_33_chunk3.json | outputs/2021MZT/output_2021_10_01_MZT_S5/B5_2021_10_01_11_04_33_chunk4.json | outputs/2021MZT/output_2021_10_01_MZT_S5/B5_2021_10_01_11_04_33_chunk5.json | outputs/2021MZT/output_2021_10_01_MZT_S5/B5_2021_10_01_11_04_33_chunk6.json | outputs/2021MZT/output_2021_10_01_MZT_S5/B5_2021_10_01_11_04_33_chunk7.json | outputs/2021MZT/output_2021_10_01_MZT_S5/B5_2021_10_01_11_04_33_chunk8.json | outputs/2021MZT/output_2021_10_01_MZT_S5/B5_2021_10_01_11_04_33_chunk9.json | outputs/2021MZT/output_2021_10_01_MZT_S6/MZT_2_5_chunk1.json | outputs/2021MZT/output_2021_10_01_MZT_S6/MZT_2_5_chunk2.json | outputs/2021MZT/output_2021_10_01_MZT_S6/MZT_2_5_chunk3.json | outputs/2021MZT/output_2021_10_01_MZT_S6/MZT_2_5_chunk4.json | outputs/2021MZT/output_2021_10_01_MZT_S6/MZT_2_5_chunk5.json | outputs/2021MZT/output_2021_10_01_MZT_S6/MZT_2_5_chunk6.json | outputs/2021MZT/output_2021_10_01_MZT_S6/MZT_2_5_chunk7.json | outputs/2021MZT/output_2021_10_01_MZT_S6/MZT_2_5_chunk8.json | outputs/2021MZT/output_2021_10_01_MZT_S6/MZT_2_6_chunk1.json | outputs/2021MZT/output_2021_10_01_MZT_S6/MZT_2_6_chunk2.json | outputs/2021MZT/output_2021_10_01_MZT_S6/MZT_2_6_chunk3.json | outputs/2021MZT/output_2021_10_01_MZT_S6/MZT_2_6_chunk4.json | outputs/2021MZT/output_2021_10_01_MZT_S6/MZT_2_6_chunk5.json | outputs/2021MZT/output_2021_10_01_MZT_S6/MZT_2_6_chunk6.json | outputs/2021MZT/output_2021_10_01_MZT_S6/MZT_2_6_chunk7.json | outputs/2021MZT/output_2021_10_01_MZT_S6/MZT_2_6_chunk8.json | outputs/2021MZT/output_2021_10_01_MZT_S7/B1_Zoom_Meeting_Room_1_2021_10_01_13_12_04_chunk1.json | outputs/2021MZT/output_2021_10_01_MZT_S7/B1_Zoom_Meeting_Room_1_2021_10_01_13_12_04_chunk2.json | outputs/2021MZT/output_2021_10_01_MZT_S7/B1_Zoom_Meeting_Room_1_2021_10_01_13_12_04_chunk3.json | outputs/2021MZT/output_2021_10_01_MZT_S7/B1_Zoom_Meeting_Room_1_2021_10_01_13_12_04_chunk4.json | outputs/2021MZT/output_2021_10_01_MZT_S7/B1_Zoom_Meeting_Room_1_2021_10_01_13_12_04_chunk5.json | outputs/2021MZT/output_2021_10_01_MZT_S7/B1_Zoom_Meeting_Room_1_2021_10_01_13_12_04_chunk6.json | outputs/2021MZT/output_2021_10_01_MZT_S7/B1_Zoom_Meeting_Room_1_2021_10_01_13_12_04_chunk7.json,142,56
matt erdman,output,2021MZT,Matt Erdman,outputs/2021MZT/output_2021_09_30_MZT_S5/B5_2021_09_30_12_57_07_chunk1.json | outputs/2021MZT/output_2021_09_30_MZT_S5/B5_2021_09_30_12_57_07_chunk2.json | outputs/2021MZT/output_2021_09_30_MZT_S5/B5_2021_09_30_12_57_07_chunk3.json | outputs/2021MZT/output_2021_09_30_MZT_S5/B5_2021_09_30_12_57_07_chunk4.json | outputs/2021MZT/output_2021_09_30_MZT_S5/B5_2021_09_30_12_57_07_chunk5.json | outputs/2021MZT/output_2021_09_30_MZT_S5/B5_2021_09_30_12_57_07_chunk6.json | outputs/2021MZT/output_2021_09_30_MZT_S6/bot5_chunk1.json | outputs/2021MZT/output_2021_09_30_MZT_S6/bot5_chunk2.json | outputs/2021MZT/output_2021_09_30_MZT_S6/bot5_chunk3.json | outputs/2021MZT/output_2021_09_30_MZT_S6/bot5_chunk4.json | outputs/2021MZT/output_2021_09_30_MZT_S6/bot5_chunk5.json | outputs/2021MZT/output_2021_09_30_MZT_S6/bot5_chunk6.json | outputs/2021MZT/output_2021_09_30_MZT_S6/bot5_chunk7.json | outputs/2021MZT/output_2021_10_01_MZT_S5/B5_2021_10_01_11_04_33_chunk1.json | outputs/2021MZT/output_2021_10_01_MZT_S5/B5_2021_10_01_11_04_33_chunk10.json | outputs/2021MZT/output_2021_10_01_MZT_S5/B5_2021_10_01_11_04_33_chunk2.json | outputs/2021MZT/output_2021_10_01_MZT_S5/B5_2021_10_01_11_04_33_chunk3.json | outputs/2021MZT/output_2021_10_01_MZT_S5/B5_2021_10_01_11_04_33_chunk4.json | outputs/2021MZT/output_2021_10_01_MZT_S5/B5_2021_10_01_11_04_33_chunk5.json | outputs/2021MZT/output_2021_10_01_MZT_S5/B5_2021_10_01_11_04_33_chunk6.json | outputs/2021MZT/output_2021_10_01_MZT_S5/B5_2021_10_01_11_04_33_chunk7.json | outputs/2021MZT/output_2021_10_01_MZT_S5/B5_2021_10_01_11_04_33_chunk8.json | outputs/2021MZT/output_2021_10_01_MZT_S5/B5_2021_10_01_11_04_33_chunk9.json | outputs/2021MZT/output_2021_10_01_MZT_S6/MZT_2_5_chunk1.json | outputs/2021MZT/output_2021_10_01_MZT_S6/MZT_2_5_chunk2.json | outputs/2021MZT/output_2021_10_01_MZT_S6/MZT_2_5_chunk3.json | outputs/2021MZT/output_2021_10_01_MZT_S6/MZT_2_5_chunk4.json | outputs/2021MZT/output_2021_10_01_MZT_S6/MZT_2_5_chunk5.json | outputs/2021MZT/output_2021_10_01_MZT_S6/MZT_2_5_chunk6.json | outputs/2021MZT/output_2021_10_01_MZT_S6/MZT_2_5_chunk7.json | outputs/2021MZT/output_2021_10_01_MZT_S6/MZT_2_5_chunk8.json | outputs/2021MZT/output_2021_10_01_MZT_S6/MZT_2_6_chunk1.json | outputs/2021MZT/output_2021_10_01_MZT_S6/MZT_2_6_chunk2.json | outputs/2021MZT/output_2021_10_01_MZT_S6/MZT_2_6_chunk3.json | outputs/2021MZT/output_2021_10_01_MZT_S6/MZT_2_6_chunk4.json | outputs/2021MZT/output_2021_10_01_MZT_S6/MZT_2_6_chunk5.json | outputs/2021MZT/output_2021_10_01_MZT_S6/MZT_2_6_chunk6.json | outputs/2021MZT/output_2021_10_01_MZT_S6/MZT_2_6_chunk7.json | outputs/2021MZT/output_2021_10_01_MZT_S6/MZT_2_6_chunk8.json | outputs/2021MZT/output_2021_10_01_MZT_S8/B2_Zoom_Meeting_Room_2_2021_10_01_13_12_15_chunk1.json | outputs/2021MZT/output_2021_10_01_MZT_S8/B2_Zoom_Meeting_Room_2_2021_10_01_13_12_15_chunk2.json | outputs/2021MZT/output_2021_10_01_MZT_S8/B2_Zoom_Meeting_Room_2_2021_10_01_13_12_15_chunk3.json | outputs/2021MZT/output_2021_10_01_MZT_S8/B2_Zoom_Meeting_Room_2_2021_10_01_13_12_15_chunk4.json | outputs/2021MZT/output_2021_10_01_MZT_S8/B2_Zoom_Meeting_Room_2_2021_10_01_13_12_15_chunk5.json | outputs/2021MZT/output_2021_10_01_MZT_S8/B2_Zoom_Meeting_Room_2_2021_10_01_13_12_15_chunk6.json | outputs/2021MZT/output_2021_10_01_MZT_S8/B2_Zoom_Meeting_Room_2_2021_10_01_13_12_15_chunk7.json,255,46
matt hopken,output,2021MZT,Matt Hopken,outputs/2021MZT/output_2021_09_30_MZT_S5/B5_2021_09_30_12_57_07_chunk1.json | outputs/2021MZT/output_2021_09_30_MZT_S5/B5_2021_09_30_12_57_07_chunk2.json | outputs/2021MZT/output_2021_09_30_MZT_S5/B5_2021_09_30_12_57_07_chunk3.json | outputs/2021MZT/output_2021_09_30_MZT_S5/B5_2021_09_30_12_57_07_chunk4.json | outputs/2021MZT/output_2021_09_30_MZT_S5/B5_2021_09_30_12_57_07_chunk5.json | outputs/2021MZT/output_2021_09_30_MZT_S5/B5_2021_09_30_12_57_07_chunk6.json | outputs/2021MZT/output_2021_09_30_MZT_S6/bot5_chunk2.json | outputs/2021MZT/output_2021_09_30_MZT_S6/bot5_chunk3.json | outputs/2021MZT/output_2021_09_30_MZT_S6/bot5_chunk4.json | outputs/2021MZT/output_2021_09_30_MZT_S6/bot5_chunk5.json | outputs/2021MZT/output_2021_09_30_MZT_S6/bot5_chunk6.json | outputs/2021MZT/output_2021_09_30_MZT_S6/bot5_chunk7.json | outputs/2021MZT/output_2021_10_01_MZT_S10/B4_2021_10_01_13_11_56_chunk1.json | outputs/2021MZT/output_2021_10_01_MZT_S10/B4_2021_10_01_13_11_56_chunk2.json | outputs/2021MZT/output_2021_10_01_MZT_S10/B4_2021_10_01_13_11_56_chunk3.json | outputs/2021MZT/output_2021_10_01_MZT_S10/B4_2021_10_01_13_11_56_chunk4.json | outputs/2021MZT/output_2021_10_01_MZT_S10/B4_2021_10_01_13_11_56_chunk5.json | outputs/2021MZT/output_2021_10_01_MZT_S10/B4_2021_10_01_13_11_56_chunk6.json | outputs/2021MZT/output_2021_10_01_MZT_S10/B4_2021_10_01_13_11_56_chunk7.json | outputs/2021MZT/output_2021_10_01_MZT_S2/B2_Zoom_Meeting_Room_2_2021_10_01_11_04_45_chunk1.json | outputs/2021MZT/output_2021_10_01_MZT_S2/B2_Zoom_Meeting_Room_2_2021_10_01_11_04_45_chunk2.json | outputs/2021MZT/output_2021_10_01_MZT_S2/B2_Zoom_Meeting_Room_2_2021_10_01_11_04_45_chunk3.json | outputs/2021MZT/output_2021_10_01_MZT_S2/B2_Zoom_Meeting_Room_2_2021_10_01_11_04_45_chunk4.json | outputs/2021MZT/output_2021_10_01_MZT_S2/B2_Zoom_Meeting_Room_2_2021_10_01_11_04_45_chunk5.json | outputs/2021MZT/output_2021_10_01_MZT_S2/B2_Zoom_Meeting_Room_2_2021_10_01_11_04_45_chunk6.json | outputs/2021MZT/output_2021_10_01_MZT_S2/B2_Zoom_Meeting_Room_2_2021_10_01_11_04_45_chunk7.json | outputs/2021MZT/output_2021_10_01_MZT_S2/B2_Zoom_Meeting_Room_2_2021_10_01_11_04_45_chunk8.json,101,27
matthew w hopken,truth,2021MZT,Matthew W. Hopken,analysis_v1/data/2021MZT/2021MZT_outcome.json,2,1
mike wimberly,output,2021MZT,Mike Wimberly,outputs/2021MZT/output_2021_09_30_MZT_S2/B2_Zoom_Meeting_Room_2_2021_09_30_12_55_56_chunk2.json | outputs/2021MZT/output_2021_09_30_MZT_S2/B2_Zoom_Meeting_Room_2_2021_09_30_12_55_56_chunk3.json | outputs/2021MZT/output_2021_09_30_MZT_S2/B2_Zoom_Meeting_Room_2_2021_09_30_12_55_56_chunk4.json | outputs/2021MZT/output_2021_09_30_MZT_S2/B2_Zoom_Meeting_Room_2_2021_09_30_12_55_56_chunk5.json | outputs/2021MZT/output_2021_09_30_MZT_S2/B2_Zoom_Meeting_Room_2_2021_09_30_12_55_56_chunk6.json | outputs/2021MZT/output_2021_09_30_MZT_S7/MZT_1_1_chunk5.json | outputs/2021MZT/output_2021_09_30_MZT_S7/MZT_1_1_chunk6.json | outputs/2021MZT/output_2021_09_30_MZT_S7/MZT_1_1_chunk7.json | outputs/2021MZT/output_2021_09_30_MZT_S7/MZT_1_1_chunk8.json | outputs/2021MZT/output_2021_09_30_MZT_S7/MZT_1_2_chunk4.json | outputs/2021MZT/output_2021_09_30_MZT_S7/MZT_1_2_chunk5.json | outputs/2021MZT/output_2021_09_30_MZT_S7/MZT_1_2_chunk6.json | outputs/2021MZT/output_2021_09_30_MZT_S7/MZT_1_2_chunk7.json | outputs/2021MZT/output_2021_09_30_MZT_S7/MZT_1_2_chunk8.json | outputs/2021MZT/output_2021_10_01_MZT_S2/B2_Zoom_Meeting_Room_2_2021_10_01_11_04_45_chunk1.json | outputs/2021MZT/output_2021_10_01_MZT_S2/B2_Zoom_Meeting_Room_2_2021_10_01_11_04_45_chunk2.json | outputs/2021MZT/output_2021_10_01_MZT_S2/B2_Zoom_Meeting_Room_2_2021_10_01_11_04_45_chunk3.json | outputs/2021MZT/output_2021_10_01_MZT_S2/B2_Zoom_Meeting_Room_2_2021_10_01_11_04_45_chunk4.json | outputs/2021MZT/output_2021_10_01_MZT_S2/B2_Zoom_Meeting_Room_2_2021_10_01_11_04_45_chunk5.json | outputs/2021MZT/output_2021_10_01_MZT_S2/B2_Zoom_Meeting_Room_2_2021_10_01_11_04_45_chunk6.json | outputs/2021MZT/output_2021_10_01_MZT_S2/B2_Zoom_Meeting_Room_2_2021_10_01_11_04_45_chunk7.json | outputs/2021MZT/output_2021_10_01_MZT_S2/B2_Zoom_Meeting_Room_2_2021_10_01_11_04_45_chunk8.json | outputs/2021MZT/output_2021_10_01_MZT_S7/B1_Zoom_Meeting_Room_1_2021_10_01_13_12_04_chunk1.json | outputs/2021MZT/output_2021_10_01_MZT_S7/B1_Zoom_Meeting_Room_1_2021_10_01_13_12_04_chunk2.json | outputs/2021MZT/output_2021_10_01_MZT_S7/B1_Zoom_Meeting_Room_1_2021_10_01_13_12_04_chunk3.json | outputs/2021MZT/output_2021_10_01_MZT_S7/B1_Zoom_Meeting_Room_1_2021_10_01_13_12_04_chunk4.json | outputs/2021MZT/output_2021_10_01_MZT_S7/B1_Zoom_Meeting_Room_1_2021_10_01_13_12_04_chunk5.json | outputs/2021MZT/output_2021_10_01_MZT_S7/B1_Zoom_Meeting_Room_1_2021_10_01_13_12_04_chunk6.json | outputs/2021MZT/output_2021_10_01_MZT_S7/B1_Zoom_Meeting_Room_1_2021_10_01_13_12_04_chunk7.json | outputs/2021MZT/output_2021_10_01_MZT_S9/B3_2021_10_01_13_12_21_chunk7.json,117,30
nicole eklmeier,output,2021MZT,Nicole Eklmeier,outputs/2021MZT/output_2021_10_01_MZT_S12/B6_2021_10_01_13_11_47_chunk4.json | outputs/2021MZT/output_2021_10_01_MZT_S12/B6_2021_10_01_13_11_47_chunk5.json | outputs/2021MZT/output_2021_10_01_MZT_S12/B6_2021_10_01_13_11_47_chunk6.json | outputs/2021MZT/output_2021_10_01_MZT_S12/B6_2021_10_01_13_11_47_chunk7.json,6,4
paola boggatto,output,2021MZT,Paola Boggatto,outputs/2021MZT/output_2021_09_30_MZT_S4/B4_2021_09_30_13_05_04_chunk1.json | outputs/2021MZT/output_2021_09_30_MZT_S4/B4_2021_09_30_13_05_04_chunk2.json | outputs/2021MZT/output_2021_09_30_MZT_S4/B4_2021_09_30_13_05_04_chunk3.json | outputs/2021MZT/output_2021_09_30_MZT_S4/B4_2021_09_30_13_05_04_chunk4.json | outputs/2021MZT/output_2021_09_30_MZT_S4/B4_2021_09_30_13_05_04_chunk5.json | outputs/2021MZT/output_2021_09_30_MZT_S4/B4_2021_09_30_13_05_04_chunk6.json,29,6
paola boggiatto,output,2021MZT,Paola Boggiatto,outputs/2021MZT/output_2021_10_01_MZT_S3/B3_2021_10_01_11_04_47_chunk1.json | outputs/2021MZT/output_2021_10_01_MZT_S3/B3_2021_10_01_11_04_47_chunk10.json | outputs/2021MZT/output_2021_10_01_MZT_S3/B3_2021_10_01_11_04_47_chunk2.json | outputs/2021MZT/output_2021_10_01_MZT_S3/B3_2021_10_01_11_04_47_chunk3.json | outputs/2021MZT/output_2021_10_01_MZT_S3/B3_2021_10_01_11_04_47_chunk4.json | outputs/2021MZT/output_2021_10_01_MZT_S3/B3_2021_10_01_11_04_47_chunk5.json | outputs/2021MZT/output_2021_10_01_MZT_S3/B3_2021_10_01_11_04_47_chunk6.json | outputs/2021MZT/output_2021_10_01_MZT_S3/B3_2021_10_01_11_04_47_chunk7.json | outputs/2021MZT/output_2021_10_01_MZT_S3/B3_2021_10_01_11_04_47_chunk8.json | outputs/2021MZT/output_2021_10_01_MZT_S3/B3_2021_10_01_11_04_47_chunk9.json | outputs/2021MZT/output_2021_10_01_MZT_S7/B1_Zoom_Meeting_Room_1_2021_10_01_13_12_04_chunk1.json | outputs/2021MZT/output_2021_10_01_MZT_S7/B1_Zoom_Meeting_Room_1_2021_10_01_13_12_04_chunk2.json | outputs/2021MZT/output_2021_10_01_MZT_S7/B1_Zoom_Meeting_Room_1_2021_10_01_13_12_04_chunk3.json | outputs/2021MZT/output_2021_10_01_MZT_S7/B1_Zoom_Meeting_Room_1_2021_10_01_13_12_04_chunk4.json | outputs/2021MZT/output_2021_10_01_MZT_S7/B1_Zoom_Meeting_Room_1_2021_10_01_13_12_04_chunk5.json | outputs/2021MZT/output_2021_10_01_MZT_S7/B1_Zoom_Meeting_Room_1_2021_10_01_13_12_04_chunk6.json | outputs/2021MZT/output_2021_10_01_MZT_S7/B1_Zoom_Meeting_Room_1_2021_10_01_13_12_04_chunk7.json,46,17
paola m boggiatto,truth,2021MZT,Paola M. Boggiatto,analysis_v1/data/2021MZT/2021MZT_outcome.json,2,1
peter dorhout,output,2021MZT,Peter Dorhout,outputs/2021MZT/output_2021_09_30_MZT_S3/B3_2021_09_30_12_56_36_chunk1.json | outputs/2021MZT/output_2021_09_30_MZT_S3/B3_2021_09_30_12_56_36_chunk2.json | outputs/2021MZT/output_2021_09_30_MZT_S3/B3_2021_09_30_12_56_36_chunk3.json | outputs/2021MZT/output_2021_09_30_MZT_S3/B3_2021_09_30_12_56_36_chunk4.json | outputs/2021MZT/output_2021_09_30_MZT_S3/B3_2021_09_30_12_56_36_chunk5.json | outputs/2021MZT/output_2021_09_30_MZT_S3/B3_2021_09_30_12_56_36_chunk6.json | outputs/2021MZT/output_2021_10_01_MZT_S3/B3_2021_10_01_11_04_47_chunk1.json | outputs/2021MZT/output_2021_10_01_MZT_S3/B3_2021_10_01_11_04_47_chunk10.json | outputs/2021MZT/output_2021_10_01_MZT_S3/B3_2021_10_01_11_04_47_chunk2.json | outputs/2021MZT/output_2021_10_01_MZT_S3/B3_2021_10_01_11_04_47_chunk3.json | outputs/2021MZT/output_2021_10_01_MZT_S3/B3_2021_10_01_11_04_47_chunk4.json | outputs/2021MZT/output_2021_10_01_MZT_S3/B3_2021_10_01_11_04_47_chunk5.json | outputs/2021MZT/output_2021_10_01_MZT_S3/B3_2021_10_01_11_04_47_chunk6.json | outputs/2021MZT/output_2021_10_01_MZT_S3/B3_2021_10_01_11_04_47_chunk7.json | outputs/2021MZT/output_2021_10_01_MZT_S3/B3_2021_10_01_11_04_47_chunk8.json | outputs/2021MZT/output_2021_10_01_MZT_S3/B3_2021_10_01_11_04_47_chunk9.json | outputs/2021MZT/output_2021_10_01_MZT_S9/B3_2021_10_01_13_12_21_chunk1.json | outputs/2021MZT/output_2021_10_01_MZT_S9/B3_2021_10_01_13_12_21_chunk2.json | outputs/2021MZT/output_2021_10_01_MZT_S9/B3_2021_10_01_13_12_21_chunk3.json | outputs/2021MZT/output_2021_10_01_MZT_S9/B3_2021_10_01_13_12_21_chunk4.json | outputs/2021MZT/output_2021_10_01_MZT_S9/B3_2021_10_01_13_12_21_chunk5.json | outputs/2021MZT/output_2021_10_01_MZT_S9/B3_2021_10_01_13_12_21_chunk6.json | outputs/2021MZT/output_2021_10_01_MZT_S9/B3_2021_10_01_13_12_21_chunk7.json,88,23
prashant singh,output,2021MZT,Prashant Singh,outputs/2021MZT/output_2021_09_30_MZT_S4/B4_2021_09_30_13_05_04_chunk1.json | outputs/2021MZT/output_2021_09_30_MZT_S4/B4_2021_09_30_13_05_04_chunk2.json | outputs/2021MZT/output_2021_09_30_MZT_S4/B4_2021_09_30_13_05_04_chunk3.json | outputs/2021MZT/output_2021_09_30_MZT_S4/B4_2021_09_30_13_05_04_chunk4.json | outputs/2021MZT/output_2021_09_30_MZT_S4/B4_2021_09_30_13_05_04_chunk5.json | outputs/2021MZT/output_2021_09_30_MZT_S4/B4_2021_09_30_13_05_04_chunk6.json | outputs/2021MZT/output_2021_10_01_MZT_S3/B3_2021_10_01_11_04_47_chunk1.json | outputs/2021MZT/output_2021_10_01_MZT_S3/B3_2021_10_01_11_04_47_chunk10.json | outputs/2021MZT/output_2021_10_01_MZT_S3/B3_2021_10_01_11_04_47_chunk2.json | outputs/2021MZT/output_2021_10_01_MZT_S3/B3_2021_10_01_11_04_47_chunk3.json | outputs/2021MZT/output_2021_10_01_MZT_S3/B3_2021_10_01_11_04_47_chunk4.json | outputs/2021MZT/output_2021_10_01_MZT_S3/B3_2021_10_01_11_04_47_chunk5.json | outputs/2021MZT/output_2021_10_01_MZT_S3/B3_2021_10_01_11_04_47_chunk6.json | outputs/2021MZT/output_2021_10_01_MZT_S3/B3_2021_10_01_11_04_47_chunk7.json | outputs/2021MZT/output_2021_10_01_MZT_S3/B3_2021_10_01_11_04_47_chunk8.json | outputs/2021MZT/output_2021_10_01_MZT_S3/B3_2021_10_01_11_04_47_chunk9.json,30,16
rebecca garabed,output,2021MZT,Rebecca Garabed,outputs/2021MZT/output_2021_09_30_MZT_S7/MZT_1_1_chunk2.json | outputs/2021MZT/output_2021_09_30_MZT_S7/MZT_1_1_chunk3.json | outputs/2021MZT/output_2021_09_30_MZT_S7/MZT_1_1_chunk4.json | outputs/2021MZT/output_2021_09_30_MZT_S7/MZT_1_1_chunk5.json | outputs/2021MZT/output_2021_09_30_MZT_S7/MZT_1_1_chunk6.json | outputs/2021MZT/output_2021_09_30_MZT_S7/MZT_1_1_chunk7.json | outputs/2021MZT/output_2021_09_30_MZT_S7/MZT_1_1_chunk8.json | outputs/2021MZT/output_2021_09_30_MZT_S7/MZT_1_2_chunk1.json | outputs/2021MZT/output_2021_09_30_MZT_S7/MZT_1_2_chunk2.json | outputs/2021MZT/output_2021_09_30_MZT_S7/MZT_1_2_chunk3.json | outputs/2021MZT/output_2021_09_30_MZT_S7/MZT_1_2_chunk4.json | outputs/2021MZT/output_2021_09_30_MZT_S7/MZT_1_2_chunk5.json | outputs/2021MZT/output_2021_09_30_MZT_S7/MZT_1_2_chunk6.json | outputs/2021MZT/output_2021_09_30_MZT_S7/MZT_1_2_chunk7.json | outputs/2021MZT/output_2021_09_30_MZT_S7/MZT_1_2_chunk8.json | outputs/2021MZT/output_2021_10_01_MZT_S12/B6_2021_10_01_13_11_47_chunk1.json | outputs/2021MZT/output_2021_10_01_MZT_S12/B6_2021_10_01_13_11_47_chunk2.json | outputs/2021MZT/output_2021_10_01_MZT_S12/B6_2021_10_01_13_11_47_chunk3.json | outputs/2021MZT/output_2021_10_01_MZT_S12/B6_2021_10_01_13_11_47_chunk4.json | outputs/2021MZT/output_2021_10_01_MZT_S12/B6_2021_10_01_13_11_47_chunk5.json | outputs/2021MZT/output_2021_10_01_MZT_S12/B6_2021_10_01_13_11_47_chunk6.json | outputs/2021MZT/output_2021_10_01_MZT_S12/B6_2021_10_01_13_11_47_chunk7.json | outputs/2021MZT/output_2021_10_01_MZT_S13/MZT_3_5_chunk2.json | outputs/2021MZT/output_2021_10_01_MZT_S13/MZT_3_5_chunk3.json | outputs/2021MZT/output_2021_10_01_MZT_S13/MZT_3_5_chunk4.json | outputs/2021MZT/output_2021_10_01_MZT_S13/MZT_3_5_chunk5.json | outputs/2021MZT/output_2021_10_01_MZT_S13/MZT_3_5_chunk6.json | outputs/2021MZT/output_2021_10_01_MZT_S13/MZT_3_5_chunk7.json | outputs/2021MZT/output_2021_10_01_MZT_S13/MZT_3_6_chunk1.json | outputs/2021MZT/output_2021_10_01_MZT_S13/MZT_3_6_chunk2.json | outputs/2021MZT/output_2021_10_01_MZT_S13/MZT_3_6_chunk3.json | outputs/2021MZT/output_2021_10_01_MZT_S13/MZT_3_6_chunk4.json | outputs/2021MZT/output_2021_10_01_MZT_S13/MZT_3_6_chunk5.json | outputs/2021MZT/output_2021_10_01_MZT_S13/MZT_3_6_chunk6.json | outputs/2021MZT/output_2021_10_01_MZT_S13/MZT_3_6_chunk7.json | outputs/2021MZT/output_2021_10_01_MZT_S3/B3_2021_10_01_11_04_47_chunk10.json | outputs/2021MZT/output_2021_10_01_MZT_S3/B3_2021_10_01_11_04_47_chunk8.json | outputs/2021MZT/output_2021_10_01_MZT_S3/B3_2021_10_01_11_04_47_chunk9.json | outputs/2021MZT/output_2021_10_01_MZT_S4/B4_2021_10_01_11_04_24_chunk1.json | outputs/2021MZT/output_2021_10_01_MZT_S4/B4_2021_10_01_11_04_24_chunk10.json | outputs/2021MZT/output_2021_10_01_MZT_S4/B4_2021_10_01_11_04_24_chunk2.json | outputs/2021MZT/output_2021_10_01_MZT_S4/B4_2021_10_01_11_04_24_chunk3.json | outputs/2021MZT/output_2021_10_01_MZT_S4/B4_2021_10_01_11_04_24_chunk4.json | outputs/2021MZT/output_2021_10_01_MZT_S4/B4_2021_10_01_11_04_24_chunk5.json | outputs/2021MZT/output_2021_10_01_MZT_S4/B4_2021_10_01_11_04_24_chunk6.json | outputs/2021MZT/output_2021_10_01_MZT_S4/B4_2021_10_01_11_04_24_chunk7.json | outputs/2021MZT/output_2021_10_01_MZT_S4/B4_2021_10_01_11_04_24_chunk8.json | outputs/2021MZT/output_2021_10_01_MZT_S4/B4_2021_10_01_11_04_24_chunk9.json | outputs/2021MZT/output_2021_10_01_MZT_S5/B5_2021_10_01_11_04_33_chunk10.json | outputs/2021MZT/output_2021_10_01_MZT_S5/B5_2021_10_01_11_04_33_chunk8.json | outputs/2021MZT/output_2021_10_01_MZT_S5/B5_2021_10_01_11_04_33_chunk9.json | outputs/2021MZT/output_2021_10_01_MZT_S9/B3_2021_10_01_13_12_21_chunk7.json,210,52
rebecca l smith,truth,2021MZT,Rebecca L Smith,analysis_v1/data/2021MZT/2021MZT_outcome.json,1,1
sara l zimmer,output,2021MZT,Sara L Zimmer | Sara L. Zimmer,outputs/2021MZT/output_2021_09_30_MZT_S7/MZT_1_1_chunk4.json | outputs/2021MZT/output_2021_09_30_MZT_S7/MZT_1_1_chunk5.json | outputs/2021MZT/output_2021_09_30_MZT_S7/MZT_1_1_chunk6.json | outputs/2021MZT/output_2021_09_30_MZT_S7/MZT_1_1_chunk7.json | outputs/2021MZT/output_2021_09_30_MZT_S7/MZT_1_1_chunk8.json | outputs/2021MZT/output_2021_09_30_MZT_S7/MZT_1_2_chunk4.json | outputs/2021MZT/output_2021_09_30_MZT_S7/MZT_1_2_chunk5.json | outputs/2021MZT/output_2021_09_30_MZT_S7/MZT_1_2_chunk6.json | outputs/2021MZT/output_2021_09_30_MZT_S7/MZT_1_2_chunk7.json | outputs/2021MZT/output_2021_09_30_MZT_S7/MZT_1_2_chunk8.json,22,10
silvia hubein,output,2021MZT,Silvia Hubein,outputs/2021MZT/output_2021_10_01_MZT_S4/B4_2021_10_01_11_04_24_chunk10.json | outputs/2021MZT/output_2021_10_01_MZT_S4/B4_2021_10_01_11_04_24_chunk8.json | outputs/2021MZT/output_2021_10_01_MZT_S4/B4_2021_10_01_11_04_24_chunk9.json,5,3
tavis anderson,output,2021MZT,Tavis Anderson,outputs/2021MZT/output_2021_09_30_MZT_S1/B1_(short)_Zoom_Meeting_Room_1_2021_09_30_12_55_28_chunk2.json | outputs/2021MZT/output_2021_09_30_MZT_S5/B5_2021_09_30_12_57_07_chunk6.json | outputs/2021MZT/output_2021_09_30_MZT_S7/MZT_1_1_chunk1.json | outputs/2021MZT/output_2021_09_30_MZT_S7/MZT_1_1_chunk2.json | outputs/2021MZT/output_2021_09_30_MZT_S7/MZT_1_1_chunk3.json | outputs/2021MZT/output_2021_09_30_MZT_S7/MZT_1_1_chunk4.json | outputs/2021MZT/output_2021_09_30_MZT_S7/MZT_1_1_chunk5.json | outputs/2021MZT/output_2021_09_30_MZT_S7/MZT_1_1_chunk6.json | outputs/2021MZT/output_2021_09_30_MZT_S7/MZT_1_1_chunk7.json | outputs/2021MZT/output_2021_09_30_MZT_S7/MZT_1_1_chunk8.json | outputs/2021MZT/output_2021_09_30_MZT_S7/MZT_1_2_chunk1.json | outputs/2021MZT/output_2021_09_30_MZT_S7/MZT_1_2_chunk2.json | outputs/2021MZT/output_2021_09_30_MZT_S7/MZT_1_2_chunk3.json | outputs/2021MZT/output_2021_09_30_MZT_S7/MZT_1_2_chunk4.json | outputs/2021MZT/output_2021_09_30_MZT_S7/MZT_1_2_chunk5.json | outputs/2021MZT/output_2021_09_30_MZT_S7/MZT_1_2_chunk6.json | outputs/2021MZT/output_2021_09_30_MZT_S7/MZT_1_2_chunk7.json | outputs/2021MZT/output_2021_09_30_MZT_S7/MZT_1_2_chunk8.json | outputs/2021MZT/output_2021_10_01_MZT_S12/B6_2021_10_01_13_11_47_chunk1.json | outputs/2021MZT/output_2021_10_01_MZT_S12/B6_2021_10_01_13_11_47_chunk2.json | outputs/2021MZT/output_2021_10_01_MZT_S12/B6_2021_10_01_13_11_47_chunk3.json | outputs/2021MZT/output_2021_10_01_MZT_S12/B6_2021_10_01_13_11_47_chunk4.json | outputs/2021MZT/output_2021_10_01_MZT_S12/B6_2021_10_01_13_11_47_chunk5.json | outputs/2021MZT/output_2021_10_01_MZT_S12/B6_2021_10_01_13_11_47_chunk6.json | outputs/2021MZT/output_2021_10_01_MZT_S12/B6_2021_10_01_13_11_47_chunk7.json | outputs/2021MZT/output_2021_10_01_MZT_S13/MZT_3_5_chunk2.json | outputs/2021MZT/output_2021_10_01_MZT_S13/MZT_3_5_chunk3.json | outputs/2021MZT/output_2021_10_01_MZT_S13/MZT_3_5_chunk4.json | outputs/2021MZT/output_2021_10_01_MZT_S13/MZT_3_5_chunk5.json | outputs/2021MZT/output_2021_10_01_MZT_S13/MZT_3_5_chunk6.json | outputs/2021MZT/output_2021_10_01_MZT_S13/MZT_3_5_chunk7.json | outputs/2021MZT/output_2021_10_01_MZT_S13/MZT_3_6_chunk1.json | outputs/2021MZT/output_2021_10_01_MZT_S13/MZT_3_6_chunk2.json | outputs/2021MZT/output_2021_10_01_MZT_S13/MZT_3_6_chunk3.json | outputs/2021MZT/output_2021_10_01_MZT_S13/MZT_3_6_chunk4.json | outputs/2021MZT/output_2021_10_01_MZT_S13/MZT_3_6_chunk5.json | outputs/2021MZT/output_2021_10_01_MZT_S13/MZT_3_6_chunk6.json | outputs/2021MZT/output_2021_10_01_MZT_S13/MZT_3_6_chunk7.json | outputs/2021MZT/output_2021_10_01_MZT_S6/MZT_2_5_chunk3.json | outputs/2021MZT/output_2021_10_01_MZT_S6/MZT_2_5_chunk4.json | outputs/2021MZT/output_2021_10_01_MZT_S6/MZT_2_5_chunk5.json | outputs/2021MZT/output_2021_10_01_MZT_S6/MZT_2_5_chunk6.json | outputs/2021MZT/output_2021_10_01_MZT_S6/MZT_2_5_chunk7.json | outputs/2021MZT/output_2021_10_01_MZT_S6/MZT_2_5_chunk8.json | outputs/2021MZT/output_2021_10_01_MZT_S6/MZT_2_6_chunk2.json | outputs/2021MZT/output_2021_10_01_MZT_S6/MZT_2_6_chunk3.json | outputs/2021MZT/output_2021_10_01_MZT_S6/MZT_2_6_chunk4.json | outputs/2021MZT/output_2021_10_01_MZT_S6/MZT_2_6_chunk5.json | outputs/2021MZT/output_2021_10_01_MZT_S6/MZT_2_6_chunk6.json | outputs/2021MZT/output_2021_10_01_MZT_S6/MZT_2_6_chunk7.json | outputs/2021MZT/output_2021_10_01_MZT_S6/MZT_2_6_chunk8.json,159,51
tavis k anderson,truth,2021MZT,Tavis K Anderson,analysis_v1/data/2021MZT/2021MZT_outcome.json,2,1
troy clavell sutton,output,2021MZT,Troy Clavell Sutton,outputs/2021MZT/output_2021_09_30_MZT_S3/B3_2021_09_30_12_56_36_chunk6.json | outputs/2021MZT/output_2021_09_30_MZT_S5/B5_2021_09_30_12_57_07_chunk1.json | outputs/2021MZT/output_2021_09_30_MZT_S5/B5_2021_09_30_12_57_07_chunk2.json | outputs/2021MZT/output_2021_09_30_MZT_S5/B5_2021_09_30_12_57_07_chunk3.json | outputs/2021MZT/output_2021_09_30_MZT_S5/B5_2021_09_30_12_57_07_chunk4.json | outputs/2021MZT/output_2021_09_30_MZT_S5/B5_2021_09_30_12_57_07_chunk5.json | outputs/2021MZT/output_2021_09_30_MZT_S5/B5_2021_09_30_12_57_07_chunk6.json | outputs/2021MZT/output_2021_09_30_MZT_S6/bot5_chunk1.json | outputs/2021MZT/output_2021_09_30_MZT_S6/bot5_chunk2.json | outputs/2021MZT/output_2021_09_30_MZT_S6/bot5_chunk3.json | outputs/2021MZT/output_2021_09_30_MZT_S6/bot5_chunk4.json | outputs/2021MZT/output_2021_09_30_MZT_S6/bot5_chunk5.json | outputs/2021MZT/output_2021_09_30_MZT_S6/bot5_chunk6.json | outputs/2021MZT/output_2021_09_30_MZT_S6/bot5_chunk7.json,54,14
troy sutton,output,2021MZT,Troy Sutton,outputs/2021MZT/output_2021_10_01_MZT_S2/B2_Zoom_Meeting_Room_2_2021_10_01_11_04_45_chunk1.json | outputs/2021MZT/output_2021_10_01_MZT_S2/B2_Zoom_Meeting_Room_2_2021_10_01_11_04_45_chunk2.json | outputs/2021MZT/output_2021_10_01_MZT_S2/B2_Zoom_Meeting_Room_2_2021_10_01_11_04_45_chunk3.json | outputs/2021MZT/output_2021_10_01_MZT_S2/B2_Zoom_Meeting_Room_2_2021_10_01_11_04_45_chunk4.json | outputs/2021MZT/output_2021_10_01_MZT_S2/B2_Zoom_Meeting_Room_2_2021_10_01_11_04_45_chunk5.json | outputs/2021MZT/output_2021_10_01_MZT_S2/B2_Zoom_Meeting_Room_2_2021_10_01_11_04_45_chunk6.json | outputs/2021MZT/output_2021_10_01_MZT_S2/B2_Zoom_Meeting_Room_2_2021_10_01_11_04_45_chunk7.json | outputs/2021MZT/output_2021_10_01_MZT_S2/B2_Zoom_Meeting_Room_2_2021_10_01_11_04_45_chunk8.json,16,8
wilfred van der donk,output,2021MZT,Wilfred van der Donk,outputs/2021MZT/output_2021_09_30_MZT_S3/B3_2021_09_30_12_56_36_chunk2.json | outputs/2021MZT/output_2021_09_30_MZT_S3/B3_2021_09_30_12_56_36_chunk3.json | outputs/2021MZT/output_2021_09_30_MZT_S3/B3_2021_09_30_12_56_36_chunk4.json | outputs/2021MZT/output_2021_09_30_MZT_S3/B3_2021_09_30_12_56_36_chunk5.json | outputs/2021MZT/output_2021_09_30_MZT_S3/B3_2021_09_30_12_56_36_chunk6.json | outputs/2021MZT/output_2021_10_01_MZT_S11/B5_2021_10_01_13_12_03_chunk1.json | outputs/2021MZT/output_2021_10_01_MZT_S11/B5_2021_10_01_13_12_03_chunk2.json | outputs/2021MZT/output_2021_10_01_MZT_S11/B5_2021_10_01_13_12_03_chunk3.json | outputs/2021MZT/output_2021_10_01_MZT_S11/B5_2021_10_01_13_12_03_chunk4.json | outputs/2021MZT/output_2021_10_01_MZT_S11/B5_2021_10_01_13_12_03_chunk5.json | outputs/2021MZT/output_2021_10_01_MZT_S11/B5_2021_10_01_13_12_03_chunk6.json | outputs/2021MZT/output_2021_10_01_MZT_S11/B5_2021_10_01_13_12_03_chunk7.json | outputs/2021MZT/output_2021_10_01_MZT_S13/MZT_3_5_chunk1.json | outputs/2021MZT/output_2021_10_01_MZT_S13/MZT_3_5_chunk2.json | outputs/2021MZT/output_2021_10_01_MZT_S13/MZT_3_5_chunk3.json | outputs/2021MZT/output_2021_10_01_MZT_S13/MZT_3_5_chunk4.json | outputs/2021MZT/output_2021_10_01_MZT_S13/MZT_3_5_chunk5.json | outputs/2021MZT/output_2021_10_01_MZT_S13/MZT_3_5_chunk6.json | outputs/2021MZT/output_2021_10_01_MZT_S13/MZT_3_5_chunk7.json | outputs/2021MZT/output_2021_10_01_MZT_S13/MZT_3_6_chunk1.json | outputs/2021MZT/output_2021_10_01_MZT_S13/MZT_3_6_chunk2.json | outputs/2021MZT/output_2021_10_01_MZT_S13/MZT_3_6_chunk3.json | outputs/2021MZT/output_2021_10_01_MZT_S13/MZT_3_6_chunk4.json | outputs/2021MZT/output_2021_10_01_MZT_S13/MZT_3_6_chunk5.json | outputs/2021MZT/output_2021_10_01_MZT_S13/MZT_3_6_chunk6.json | outputs/2021MZT/output_2021_10_01_MZT_S13/MZT_3_6_chunk7.json | outputs/2021MZT/output_2021_10_01_MZT_S9/B3_2021_10_01_13_12_21_chunk7.json,162,27
william witola,output,2021MZT,William Witola,outputs/2021MZT/output_2021_09_30_MZT_S3/B3_2021_09_30_12_56_36_chunk1.json | outputs/2021MZT/output_2021_09_30_MZT_S3/B3_2021_09_30_12_56_36_chunk2.json | outputs/2021MZT/output_2021_09_30_MZT_S3/B3_2021_09_30_12_56_36_chunk3.json | outputs/2021MZT/output_2021_09_30_MZT_S3/B3_2021_09_30_12_56_36_chunk4.json | outputs/2021MZT/output_2021_09_30_MZT_S3/B3_2021_09_30_12_56_36_chunk5.json | outputs/2021MZT/output_2021_09_30_MZT_S3/B3_2021_09_30_12_56_36_chunk6.json | outputs/2021MZT/output_2021_10_01_MZT_S1/B1.1_Zoom_Meeting_Room_1_2021_10_01_11_04_18.json | outputs/2021MZT/output_2021_10_01_MZT_S1/B1.2_Zoom_Meeting_Room_1_2021_10_01_11_07_45.json | outputs/2021MZT/output_2021_10_01_MZT_S1/B1.3_Zoom_Meeting_Room_1_2021_10_01_11_09_03_chunk1.json | outputs/2021MZT/output_2021_10_01_MZT_S1/B1.3_Zoom_Meeting_Room_1_2021_10_01_11_09_03_chunk2.json | outputs/2021MZT/output_2021_10_01_MZT_S1/B1.3_Zoom_Meeting_Room_1_2021_10_01_11_09_03_chunk3.json | outputs/2021MZT/output_2021_10_01_MZT_S1/B1.3_Zoom_Meeting_Room_1_2021_10_01_11_09_03_chunk4.json | outputs/2021MZT/output_2021_10_01_MZT_S1/B1.3_Zoom_Meeting_Room_1_2021_10_01_11_09_03_chunk5.json | outputs/2021MZT/output_2021_10_01_MZT_S1/B1.3_Zoom_Meeting_Room_1_2021_10_01_11_09_03_chunk6.json | outputs/2021MZT/output_2021_10_01_MZT_S1/B1.3_Zoom_Meeting_Room_1_2021_10_01_11_09_03_chunk7.json | outputs/2021MZT/output_2021_10_01_MZT_S11/B5_2021_10_01_13_12_03_chunk1.json | outputs/2021MZT/output_2021_10_01_MZT_S11/B5_2021_10_01_13_12_03_chunk2.json | outputs/2021MZT/output_2021_10_01_MZT_S11/B5_2021_10_01_13_12_03_chunk3.json | outputs/2021MZT/output_2021_10_01_MZT_S11/B5_2021_10_01_13_12_03_chunk4.json | outputs/2021MZT/output_2021_10_01_MZT_S11/B5_2021_10_01_13_12_03_chunk5.json | outputs/2021MZT/output_2021_10_01_MZT_S11/B5_2021_10_01_13_12_03_chunk6.json | outputs/2021MZT/output_2021_10_01_MZT_S11/B5_2021_10_01_13_12_03_chunk7.json | outputs/2021MZT/output_2021_10_01_MZT_S13/MZT_3_5_chunk1.json | outputs/2021MZT/output_2021_10_01_MZT_S13/MZT_3_5_chunk2.json | outputs/2021MZT/output_2021_10_01_MZT_S13/MZT_3_5_chunk3.json | outputs/2021MZT/output_2021_10_01_MZT_S13/MZT_3_5_chunk4.json | outputs/2021MZT/output_2021_10_01_MZT_S13/MZT_3_5_chunk5.json | outputs/2021MZT/output_2021_10_01_MZT_S13/MZT_3_5_chunk6.json | outputs/2021MZT/output_2021_10_01_MZT_S13/MZT_3_5_chunk7.json | outputs/2021MZT/output_2021_10_01_MZT_S13/MZT_3_6_chunk1.json | outputs/2021MZT/output_2021_10_01_MZT_S13/MZT_3_6_chunk2.json | outputs/2021MZT/output_2021_10_01_MZT_S13/MZT_3_6_chunk3.json | outputs/2021MZT/output_2021_10_01_MZT_S13/MZT_3_6_chunk4.json | outputs/2021MZT/output_2021_10_01_MZT_S13/MZT_3_6_chunk5.json | outputs/2021MZT/output_2021_10_01_MZT_S13/MZT_3_6_chunk6.json | outputs/2021MZT/output_2021_10_01_MZT_S13/MZT_3_6_chunk7.json,107,36
yarling chang,output,2021MZT,Yarling Chang,outputs/2021MZT/output_2021_09_30_MZT_S4/B4_2021_09_30_13_05_04_chunk3.json | outputs/2021MZT/output_2021_09_30_MZT_S4/B4_2021_09_30_13_05_04_chunk4.json | outputs/2021MZT/output_2021_09_30_MZT_S4/B4_2021_09_30_13_05_04_chunk5.json | outputs/2021MZT/output_2021_09_30_MZT_S4/B4_2021_09_30_13_05_04_chunk6.json,9,4
aleksandra vojvodic,output,2021NES,Aleksandra Vojvodic,outputs/2021NES/output_2021_11_05_NES_S11/B5_2021_11_05_13_06_53_chunk1.json | outputs/2021NES/output_2021_11_05_NES_S11/B5_2021_11_05_13_06_53_chunk2.json | outputs/2021NES/output_2021_11_05_NES_S11/B5_2021_11_05_13_06_53_chunk3.json | outputs/2021NES/output_2021_11_05_NES_S11/B5_2021_11_05_13_06_53_chunk4.json | outputs/2021NES/output_2021_11_05_NES_S11/B5_2021_11_05_13_06_53_chunk5.json | outputs/2021NES/output_2021_11_05_NES_S11/B5_2021_11_05_13_06_53_chunk6.json | outputs/2021NES/output_2021_11_05_NES_S11/B5_2021_11_05_13_06_53_chunk7.json | outputs/2021NES/output_2021_11_05_NES_S11/B5_2021_11_05_13_06_53_chunk8.json | outputs/2021NES/output_2021_11_05_NES_S4/B4_2021_11_05_11_00_54_trimend_chunk1.json | outputs/2021NES/output_2021_11_05_NES_S4/B4_2021_11_05_11_00_54_trimend_chunk10.json | outputs/2021NES/output_2021_11_05_NES_S4/B4_2021_11_05_11_00_54_trimend_chunk11.json | outputs/2021NES/output_2021_11_05_NES_S4/B4_2021_11_05_11_00_54_trimend_chunk12.json | outputs/2021NES/output_2021_11_05_NES_S4/B4_2021_11_05_11_00_54_trimend_chunk2.json | outputs/2021NES/output_2021_11_05_NES_S4/B4_2021_11_05_11_00_54_trimend_chunk3.json | outputs/2021NES/output_2021_11_05_NES_S4/B4_2021_11_05_11_00_54_trimend_chunk4.json | outputs/2021NES/output_2021_11_05_NES_S4/B4_2021_11_05_11_00_54_trimend_chunk5.json | outputs/2021NES/output_2021_11_05_NES_S4/B4_2021_11_05_11_00_54_trimend_chunk6.json | outputs/2021NES/output_2021_11_05_NES_S4/B4_2021_11_05_11_00_54_trimend_chunk7.json | outputs/2021NES/output_2021_11_05_NES_S4/B4_2021_11_05_11_00_54_trimend_chunk8.json | outputs/2021NES/output_2021_11_05_NES_S4/B4_2021_11_05_11_00_54_trimend_chunk9.json,159,20
botb1,output,2021NES,BotB1,outputs/2021NES/output_2021_11_05_NES_S1/B1_2021_11_05_11_01_24_trimend_chunk10.json | outputs/2021NES/output_2021_11_05_NES_S1/B1_2021_11_05_11_01_24_trimend_chunk11.json | outputs/2021NES/output_2021_11_05_NES_S1/B1_2021_11_05_11_01_24_trimend_chunk12.json | outputs/2021NES/output_2021_11_05_NES_S1/B1_2021_11_05_11_01_24_trimend_chunk7.json | outputs/2021NES/output_2021_11_05_NES_S1/B1_2021_11_05_11_01_24_trimend_chunk8.json | outputs/2021NES/output_2021_11_05_NES_S1/B1_2021_11_05_11_01_24_trimend_chunk9.json | outputs/2021NES/output_2021_11_05_NES_S7/B1_2021_11_05_13_06_40_chunk1.json | outputs/2021NES/output_2021_11_05_NES_S7/B1_2021_11_05_13_06_40_chunk2.json | outputs/2021NES/output_2021_11_05_NES_S7/B1_2021_11_05_13_06_40_chunk4.json | outputs/2021NES/output_2021_11_05_NES_S7/B1_2021_11_05_13_06_40_chunk5.json | outputs/2021NES/output_2021_11_05_NES_S7/B1_2021_11_05_13_06_40_chunk6.json | outputs/2021NES/output_2021_11_05_NES_S7/B1_2021_11_05_13_06_40_chunk7.json | outputs/2021NES/output_2021_11_05_NES_S7/B1_2021_11_05_13_06_40_chunk8.json,23,13
burcu gurkan,output,2021NES,Burcu Gurkan | Burcu Gurkan (CWRU),outputs/2021NES/output_2021_11_04_NES_S6/B6_2021_11_04_12_32_03_chunk1.json | outputs/2021NES/output_2021_11_04_NES_S6/B6_2021_11_04_12_32_03_chunk2.json | outputs/2021NES/output_2021_11_04_NES_S6/B6_2021_11_04_12_32_03_chunk3.json | outputs/2021NES/output_2021_11_04_NES_S6/B6_2021_11_04_12_32_03_chunk8.json | outputs/2021NES/output_2021_11_05_NES_S12/B6_2021_11_05_13_06_36_chunk1.json | outputs/2021NES/output_2021_11_05_NES_S12/B6_2021_11_05_13_06_36_chunk2.json | outputs/2021NES/output_2021_11_05_NES_S12/B6_2021_11_05_13_06_36_chunk3.json | outputs/2021NES/output_2021_11_05_NES_S12/B6_2021_11_05_13_06_36_chunk4.json | outputs/2021NES/output_2021_11_05_NES_S12/B6_2021_11_05_13_06_36_chunk6.json | outputs/2021NES/output_2021_11_05_NES_S12/B6_2021_11_05_13_06_36_chunk7.json | outputs/2021NES/output_2021_11_05_NES_S12/B6_2021_11_05_13_06_36_chunk8.json | outputs/2021NES/output_2021_11_05_NES_S2/B2_Zoom_Meeting_Room_2.2_2021_11_05_11_02_10_chunk1.json | outputs/2021NES/output_2021_11_05_NES_S2/B2_Zoom_Meeting_Room_2.2_2021_11_05_11_02_10_chunk2.json | outputs/2021NES/output_2021_11_05_NES_S2/B2_Zoom_Meeting_Room_2.2_2021_11_05_11_02_10_chunk3.json | outputs/2021NES/output_2021_11_05_NES_S2/B2_Zoom_Meeting_Room_2.2_2021_11_05_11_02_10_chunk4.json | outputs/2021NES/output_2021_11_05_NES_S2/B2_Zoom_Meeting_Room_2.2_2021_11_05_11_02_10_chunk5.json | outputs/2021NES/output_2021_11_05_NES_S2/B2_Zoom_Meeting_Room_2.2_2021_11_05_11_02_10_chunk6.json | outputs/2021NES/output_2021_11_05_NES_S2/B2_Zoom_Meeting_Room_2.2_2021_11_05_11_02_10_chunk7.json | outputs/2021NES/output_2021_11_05_NES_S2/B2_Zoom_Meeting_Room_2.2_2021_11_05_11_02_10_chunk8.json,47,19
caleb hill,output,2021NES,Caleb Hill | Caleb Hill (Wyoming),outputs/2021NES/output_2021_11_04_NES_S3/B3_2021_11_04_12_32_36_chunk1.json | outputs/2021NES/output_2021_11_04_NES_S3/B3_2021_11_04_12_32_36_chunk2.json | outputs/2021NES/output_2021_11_04_NES_S3/B3_2021_11_04_12_32_36_chunk3.json | outputs/2021NES/output_2021_11_04_NES_S3/B3_2021_11_04_12_32_36_chunk4.json | outputs/2021NES/output_2021_11_04_NES_S3/B3_2021_11_04_12_32_36_chunk5.json | outputs/2021NES/output_2021_11_04_NES_S3/B3_2021_11_04_12_32_36_chunk6.json | outputs/2021NES/output_2021_11_04_NES_S3/B3_2021_11_04_12_32_36_chunk7.json | outputs/2021NES/output_2021_11_04_NES_S3/B3_2021_11_04_12_32_36_chunk8.json | outputs/2021NES/output_2021_11_05_NES_S12/B6_2021_11_05_13_06_36_chunk1.json | outputs/2021NES/output_2021_11_05_NES_S12/B6_2021_11_05_13_06_36_chunk2.json | outputs/2021NES/output_2021_11_05_NES_S12/B6_2021_11_05_13_06_36_chunk3.json | outputs/2021NES/output_2021_11_05_NES_S12/B6_2021_11_05_13_06_36_chunk4.json | outputs/2021NES/output_2021_11_05_NES_S12/B6_2021_11_05_13_06_36_chunk6.json | outputs/2021NES/output_2021_11_05_NES_S12/B6_2021_11_05_13_06_36_chunk7.json | outputs/2021NES/output_2021_11_05_NES_S12/B6_2021_11_05_13_06_36_chunk8.json | outputs/2021NES/output_2021_11_05_NES_S4/B4_2021_11_05_11_00_54_trimend_chunk1.json | outputs/2021NES/output_2021_11_05_NES_S4/B4_2021_11_05_11_00_54_trimend_chunk10.json | outputs/2021NES/output_2021_11_05_NES_S4/B4_2021_11_05_11_00_54_trimend_chunk11.json | outputs/2021NES/output_2021_11_05_NES_S4/B4_2021_11_05_11_00_54_trimend_chunk12.json | outputs/2021NES/output_2021_11_05_NES_S4/B4_2021_11_05_11_00_54_trimend_chunk2.json | outputs/2021NES/output_2021_11_05_NES_S4/B4_2021_11_05_11_00_54_trimend_chunk3.json | outputs/2021NES/output_2021_11_05_NES_S4/B4_2021_11_05_11_00_54_trimend_chunk4.json | outputs/2021NES/output_2021_11_05_NES_S4/B4_2021_11_05_11_00_54_trimend_chunk5.json | outputs/2021NES/output_2021_11_05_NES_S4/B4_2021_11_05_11_00_54_trimend_chunk6.json | outputs/2021NES/output_2021_11_05_NES_S4/B4_2021_11_05_11_00_54_trimend_chunk7.json | outputs/2021NES/output_2021_11_05_NES_S4/B4_2021_11_05_11_00_54_trimend_chunk8.json | outputs/2021NES/output_2021_11_05_NES_S4/B4_2021_11_05_11_00_54_trimend_chunk9.json,43,27
candace leslie,output,2021NES,Candace Leslie,outputs/2021NES/output_2021_11_05_NES_S5/B5_2021_11_05_11_01_07_trimend_chunk11.json | outputs/2021NES/output_2021_11_05_NES_S5/B5_2021_11_05_11_01_07_trimend_chunk12.json,4,2
ellen b stechel,output,2021NES,Ellen B. Stechel,outputs/2021NES/output_2021_11_04_NES_S3/B3_2021_11_04_12_32_36_chunk1.json | outputs/2021NES/output_2021_11_04_NES_S3/B3_2021_11_04_12_32_36_chunk2.json | outputs/2021NES/output_2021_11_04_NES_S3/B3_2021_11_04_12_32_36_chunk3.json | outputs/2021NES/output_2021_11_04_NES_S3/B3_2021_11_04_12_32_36_chunk4.json | outputs/2021NES/output_2021_11_04_NES_S3/B3_2021_11_04_12_32_36_chunk5.json | outputs/2021NES/output_2021_11_04_NES_S3/B3_2021_11_04_12_32_36_chunk6.json | outputs/2021NES/output_2021_11_04_NES_S3/B3_2021_11_04_12_32_36_chunk7.json | outputs/2021NES/output_2021_11_04_NES_S3/B3_2021_11_04_12_32_36_chunk8.json | outputs/2021NES/output_2021_11_05_NES_S1/B1_2021_11_05_11_01_24_trimend_chunk12.json | outputs/2021NES/output_2021_11_05_NES_S10/B4_2021_11_05_13_06_36_chunk1.json | outputs/2021NES/output_2021_11_05_NES_S10/B4_2021_11_05_13_06_36_chunk2.json | outputs/2021NES/output_2021_11_05_NES_S10/B4_2021_11_05_13_06_36_chunk3.json | outputs/2021NES/output_2021_11_05_NES_S10/B4_2021_11_05_13_06_36_chunk6.json | outputs/2021NES/output_2021_11_05_NES_S10/B4_2021_11_05_13_06_36_chunk7.json | outputs/2021NES/output_2021_11_05_NES_S10/B4_2021_11_05_13_06_36_chunk8.json | outputs/2021NES/output_2021_11_05_NES_S2/B2_Zoom_Meeting_Room_2.2_2021_11_05_11_02_10_chunk1.json | outputs/2021NES/output_2021_11_05_NES_S2/B2_Zoom_Meeting_Room_2.2_2021_11_05_11_02_10_chunk2.json | outputs/2021NES/output_2021_11_05_NES_S2/B2_Zoom_Meeting_Room_2.2_2021_11_05_11_02_10_chunk3.json | outputs/2021NES/output_2021_11_05_NES_S2/B2_Zoom_Meeting_Room_2.2_2021_11_05_11_02_10_chunk4.json | outputs/2021NES/output_2021_11_05_NES_S2/B2_Zoom_Meeting_Room_2.2_2021_11_05_11_02_10_chunk5.json | outputs/2021NES/output_2021_11_05_NES_S2/B2_Zoom_Meeting_Room_2.2_2021_11_05_11_02_10_chunk6.json | outputs/2021NES/output_2021_11_05_NES_S2/B2_Zoom_Meeting_Room_2.2_2021_11_05_11_02_10_chunk7.json | outputs/2021NES/output_2021_11_05_NES_S2/B2_Zoom_Meeting_Room_2.2_2021_11_05_11_02_10_chunk8.json | outputs/2021NES/output_2021_11_05_NES_S5/B5_2021_11_05_11_01_07_trimend_chunk12.json,145,24
ellen stechel,output,2021NES,Ellen Stechel,outputs/2021NES/output_2021_11_05_NES_S3/B3_2021_11_05_11_01_14_trimend_chunk12.json | outputs/2021NES/output_2021_11_05_NES_S4/B4_2021_11_05_11_00_54_trimend_chunk12.json | outputs/2021NES/output_2021_11_05_NES_S6/B6_2021_11_05_11_01_03_trimend_chunk12.json,10,3
emily carter,output,2021NES,Emily Carter,outputs/2021NES/output_2021_11_04_NES_S4/B4_maybe_wrong_time_2021_11_04_12_36_01_chunk1.json | outputs/2021NES/output_2021_11_04_NES_S4/B4_maybe_wrong_time_2021_11_04_12_36_01_chunk2.json | outputs/2021NES/output_2021_11_04_NES_S4/B4_maybe_wrong_time_2021_11_04_12_36_01_chunk3.json | outputs/2021NES/output_2021_11_04_NES_S4/B4_maybe_wrong_time_2021_11_04_12_36_01_chunk4.json | outputs/2021NES/output_2021_11_04_NES_S4/B4_maybe_wrong_time_2021_11_04_12_36_01_chunk5.json | outputs/2021NES/output_2021_11_04_NES_S4/B4_maybe_wrong_time_2021_11_04_12_36_01_chunk6.json | outputs/2021NES/output_2021_11_04_NES_S4/B4_maybe_wrong_time_2021_11_04_12_36_01_chunk7.json | outputs/2021NES/output_2021_11_05_NES_S4/B4_2021_11_05_11_00_54_trimend_chunk1.json | outputs/2021NES/output_2021_11_05_NES_S4/B4_2021_11_05_11_00_54_trimend_chunk10.json | outputs/2021NES/output_2021_11_05_NES_S4/B4_2021_11_05_11_00_54_trimend_chunk11.json | outputs/2021NES/output_2021_11_05_NES_S4/B4_2021_11_05_11_00_54_trimend_chunk12.json | outputs/2021NES/output_2021_11_05_NES_S4/B4_2021_11_05_11_00_54_trimend_chunk2.json | outputs/2021NES/output_2021_11_05_NES_S4/B4_2021_11_05_11_00_54_trimend_chunk3.json | outputs/2021NES/output_2021_11_05_NES_S4/B4_2021_11_05_11_00_54_trimend_chunk4.json | outputs/2021NES/output_2021_11_05_NES_S4/B4_2021_11_05_11_00_54_trimend_chunk5.json | outputs/2021NES/output_2021_11_05_NES_S4/B4_2021_11_05_11_00_54_trimend_chunk6.json | outputs/2021NES/output_2021_11_05_NES_S4/B4_2021_11_05_11_00_54_trimend_chunk7.json | outputs/2021NES/output_2021_11_05_NES_S4/B4_2021_11_05_11_00_54_trimend_chunk8.json | outputs/2021NES/output_2021_11_05_NES_S4/B4_2021_11_05_11_00_54_trimend_chunk9.json | outputs/2021NES/output_2021_11_05_NES_S8/B2_Zoom_Meeting_Room_2_2021_11_05_13_07_15_chunk1.json | outputs/2021NES/output_2021_11_05_NES_S8/B2_Zoom_Meeting_Room_2_2021_11_05_13_07_15_chunk2.json | outputs/2021NES/output_2021_11_05_NES_S8/B2_Zoom_Meeting_Room_2_2021_11_05_13_07_15_chunk3.json | outputs/2021NES/output_2021_11_05_NES_S8/B2_Zoom_Meeting_Room_2_2021_11_05_13_07_15_chunk4.json | outputs/2021NES/output_2021_11_05_NES_S8/B2_Zoom_Meeting_Room_2_2021_11_05_13_07_15_chunk5.json | outputs/2021NES/output_2021_11_05_NES_S8/B2_Zoom_Meeting_Room_2_2021_11_05_13_07_15_chunk6.json | outputs/2021NES/output_2021_11_05_NES_S8/B2_Zoom_Meeting_Room_2_2021_11_05_13_07_15_chunk7.json | outputs/2021NES/output_2021_11_05_NES_S8/B2_Zoom_Meeting_Room_2_2021_11_05_13_07_15_chunk8.json,201,27
evan michelson,output,2021NES,Evan Michelson,outputs/2021NES/output_2021_11_04_NES_S5/B5_2021_11_04_12_32_22_chunk1.json | outputs/2021NES/output_2021_11_04_NES_S5/B5_2021_11_04_12_32_22_chunk2.json | outputs/2021NES/output_2021_11_04_NES_S5/B5_2021_11_04_12_32_22_chunk3.json | outputs/2021NES/output_2021_11_04_NES_S5/B5_2021_11_04_12_32_22_chunk4.json | outputs/2021NES/output_2021_11_04_NES_S5/B5_2021_11_04_12_32_22_chunk5.json | outputs/2021NES/output_2021_11_04_NES_S5/B5_2021_11_04_12_32_22_chunk6.json | outputs/2021NES/output_2021_11_04_NES_S5/B5_2021_11_04_12_32_22_chunk7.json | outputs/2021NES/output_2021_11_04_NES_S5/B5_2021_11_04_12_32_22_chunk8.json,10,8
gary moore,output,2021NES,Gary Moore,outputs/2021NES/output_2021_11_04_NES_S4/B4_maybe_wrong_time_2021_11_04_12_36_01_chunk1.json | outputs/2021NES/output_2021_11_04_NES_S4/B4_maybe_wrong_time_2021_11_04_12_36_01_chunk2.json | outputs/2021NES/output_2021_11_04_NES_S4/B4_maybe_wrong_time_2021_11_04_12_36_01_chunk3.json | outputs/2021NES/output_2021_11_04_NES_S4/B4_maybe_wrong_time_2021_11_04_12_36_01_chunk4.json | outputs/2021NES/output_2021_11_04_NES_S4/B4_maybe_wrong_time_2021_11_04_12_36_01_chunk5.json | outputs/2021NES/output_2021_11_04_NES_S4/B4_maybe_wrong_time_2021_11_04_12_36_01_chunk6.json | outputs/2021NES/output_2021_11_04_NES_S4/B4_maybe_wrong_time_2021_11_04_12_36_01_chunk7.json | outputs/2021NES/output_2021_11_05_NES_S4/B4_2021_11_05_11_00_54_trimend_chunk1.json | outputs/2021NES/output_2021_11_05_NES_S4/B4_2021_11_05_11_00_54_trimend_chunk10.json | outputs/2021NES/output_2021_11_05_NES_S4/B4_2021_11_05_11_00_54_trimend_chunk11.json | outputs/2021NES/output_2021_11_05_NES_S4/B4_2021_11_05_11_00_54_trimend_chunk12.json | outputs/2021NES/output_2021_11_05_NES_S4/B4_2021_11_05_11_00_54_trimend_chunk2.json | outputs/2021NES/output_2021_11_05_NES_S4/B4_2021_11_05_11_00_54_trimend_chunk3.json | outputs/2021NES/output_2021_11_05_NES_S4/B4_2021_11_05_11_00_54_trimend_chunk4.json | outputs/2021NES/output_2021_11_05_NES_S4/B4_2021_11_05_11_00_54_trimend_chunk5.json | outputs/2021NES/output_2021_11_05_NES_S4/B4_2021_11_05_11_00_54_trimend_chunk6.json | outputs/2021NES/output_2021_11_05_NES_S4/B4_2021_11_05_11_00_54_trimend_chunk7.json | outputs/2021NES/output_2021_11_05_NES_S4/B4_2021_11_05_11_00_54_trimend_chunk8.json | outputs/2021NES/output_2021_11_05_NES_S4/B4_2021_11_05_11_00_54_trimend_chunk9.json,43,19
grishma gadikota,output,2021NES,Grishma Gadikota,outputs/2021NES/output_2021_11_05_NES_S4/B4_2021_11_05_11_00_54_trimend_chunk10.json | outputs/2021NES/output_2021_11_05_NES_S4/B4_2021_11_05_11_00_54_trimend_chunk11.json | outputs/2021NES/output_2021_11_05_NES_S4/B4_2021_11_05_11_00_54_trimend_chunk12.json,5,3
haotian wang rice,output,2021NES,Haotian Wang - Rice,outputs/2021NES/output_2021_11_05_NES_S7/B1_2021_11_05_13_06_40_chunk1.json | outputs/2021NES/output_2021_11_05_NES_S7/B1_2021_11_05_13_06_40_chunk2.json | outputs/2021NES/output_2021_11_05_NES_S7/B1_2021_11_05_13_06_40_chunk4.json | outputs/2021NES/output_2021_11_05_NES_S7/B1_2021_11_05_13_06_40_chunk5.json | outputs/2021NES/output_2021_11_05_NES_S7/B1_2021_11_05_13_06_40_chunk6.json | outputs/2021NES/output_2021_11_05_NES_S7/B1_2021_11_05_13_06_40_chunk7.json | outputs/2021NES/output_2021_11_05_NES_S7/B1_2021_11_05_13_06_40_chunk8.json,37,7
isabelle gee,output,2021NES,Isabelle Gee,outputs/2021NES/output_2021_11_05_NES_S3/B3_2021_11_05_11_01_14_trimend_chunk1.json | outputs/2021NES/output_2021_11_05_NES_S3/B3_2021_11_05_11_01_14_trimend_chunk10.json | outputs/2021NES/output_2021_11_05_NES_S3/B3_2021_11_05_11_01_14_trimend_chunk11.json | outputs/2021NES/output_2021_11_05_NES_S3/B3_2021_11_05_11_01_14_trimend_chunk12.json | outputs/2021NES/output_2021_11_05_NES_S3/B3_2021_11_05_11_01_14_trimend_chunk2.json | outputs/2021NES/output_2021_11_05_NES_S3/B3_2021_11_05_11_01_14_trimend_chunk3.json | outputs/2021NES/output_2021_11_05_NES_S3/B3_2021_11_05_11_01_14_trimend_chunk4.json | outputs/2021NES/output_2021_11_05_NES_S3/B3_2021_11_05_11_01_14_trimend_chunk5.json | outputs/2021NES/output_2021_11_05_NES_S3/B3_2021_11_05_11_01_14_trimend_chunk7.json | outputs/2021NES/output_2021_11_05_NES_S3/B3_2021_11_05_11_01_14_trimend_chunk8.json | outputs/2021NES/output_2021_11_05_NES_S3/B3_2021_11_05_11_01_14_trimend_chunk9.json,13,11
jared mason,output,2021NES,Jared Mason,outputs/2021NES/output_2021_11_05_NES_S3/B3_2021_11_05_11_01_14_trimend_chunk1.json | outputs/2021NES/output_2021_11_05_NES_S3/B3_2021_11_05_11_01_14_trimend_chunk10.json | outputs/2021NES/output_2021_11_05_NES_S3/B3_2021_11_05_11_01_14_trimend_chunk11.json | outputs/2021NES/output_2021_11_05_NES_S3/B3_2021_11_05_11_01_14_trimend_chunk12.json | outputs/2021NES/output_2021_11_05_NES_S3/B3_2021_11_05_11_01_14_trimend_chunk2.json | outputs/2021NES/output_2021_11_05_NES_S3/B3_2021_11_05_11_01_14_trimend_chunk3.json | outputs/2021NES/output_2021_11_05_NES_S3/B3_2021_11_05_11_01_14_trimend_chunk4.json | outputs/2021NES/output_2021_11_05_NES_S3/B3_2021_11_05_11_01_14_trimend_chunk5.json | outputs/2021NES/output_2021_11_05_NES_S3/B3_2021_11_05_11_01_14_trimend_chunk7.json | outputs/2021NES/output_2021_11_05_NES_S3/B3_2021_11_05_11_01_14_trimend_chunk8.json | outputs/2021NES/output_2021_11_05_NES_S3/B3_2021_11_05_11_01_14_trimend_chunk9.json,20,11
jeffrey long uc berkeley,output,2021NES,Jeffrey Long - UC Berkeley,outputs/2021NES/output_2021_11_05_NES_S7/B1_2021_11_05_13_06_40_chunk1.json | outputs/2021NES/output_2021_11_05_NES_S7/B1_2021_11_05_13_06_40_chunk2.json | outputs/2021NES/output_2021_11_05_NES_S7/B1_2021_11_05_13_06_40_chunk4.json | outputs/2021NES/output_2021_11_05_NES_S7/B1_2021_11_05_13_06_40_chunk5.json | outputs/2021NES/output_2021_11_05_NES_S7/B1_2021_11_05_13_06_40_chunk6.json | outputs/2021NES/output_2021_11_05_NES_S7/B1_2021_11_05_13_06_40_chunk7.json | outputs/2021NES/output_2021_11_05_NES_S7/B1_2021_11_05_13_06_40_chunk8.json,99,7
jeffrey r long,output,2021NES,Jeffrey R LONG,outputs/2021NES/output_2021_11_05_NES_S5/B5_2021_11_05_11_01_07_trimend_chunk1.json | outputs/2021NES/output_2021_11_05_NES_S5/B5_2021_11_05_11_01_07_trimend_chunk10.json | outputs/2021NES/output_2021_11_05_NES_S5/B5_2021_11_05_11_01_07_trimend_chunk11.json | outputs/2021NES/output_2021_11_05_NES_S5/B5_2021_11_05_11_01_07_trimend_chunk12.json | outputs/2021NES/output_2021_11_05_NES_S5/B5_2021_11_05_11_01_07_trimend_chunk2.json | outputs/2021NES/output_2021_11_05_NES_S5/B5_2021_11_05_11_01_07_trimend_chunk3.json | outputs/2021NES/output_2021_11_05_NES_S5/B5_2021_11_05_11_01_07_trimend_chunk4.json | outputs/2021NES/output_2021_11_05_NES_S5/B5_2021_11_05_11_01_07_trimend_chunk5.json | outputs/2021NES/output_2021_11_05_NES_S5/B5_2021_11_05_11_01_07_trimend_chunk6.json | outputs/2021NES/output_2021_11_05_NES_S5/B5_2021_11_05_11_01_07_trimend_chunk7.json | outputs/2021NES/output_2021_11_05_NES_S5/B5_2021_11_05_11_01_07_trimend_chunk8.json | outputs/2021NES/output_2021_11_05_NES_S5/B5_2021_11_05_11_01_07_trimend_chunk9.json,38,12
jesus velazquez,output,2021NES,Jesus Velazquez,outputs/2021NES/output_2021_11_04_NES_S1/B1_trim_end_2021_11_04_12_51_35_chunk1.json | outputs/2021NES/output_2021_11_04_NES_S1/B1_trim_end_2021_11_04_12_51_35_chunk10.json | outputs/2021NES/output_2021_11_04_NES_S1/B1_trim_end_2021_11_04_12_51_35_chunk2.json | outputs/2021NES/output_2021_11_04_NES_S1/B1_trim_end_2021_11_04_12_51_35_chunk3.json | outputs/2021NES/output_2021_11_04_NES_S1/B1_trim_end_2021_11_04_12_51_35_chunk4.json | outputs/2021NES/output_2021_11_04_NES_S1/B1_trim_end_2021_11_04_12_51_35_chunk5.json | outputs/2021NES/output_2021_11_04_NES_S1/B1_trim_end_2021_11_04_12_51_35_chunk6.json | outputs/2021NES/output_2021_11_04_NES_S1/B1_trim_end_2021_11_04_12_51_35_chunk7.json | outputs/2021NES/output_2021_11_04_NES_S1/B1_trim_end_2021_11_04_12_51_35_chunk8.json | outputs/2021NES/output_2021_11_04_NES_S1/B1_trim_end_2021_11_04_12_51_35_chunk9.json,23,10
jianbing jimmy jiang,output,2021NES,"Jianbing ""Jimmy"" Jiang",outputs/2021NES/output_2021_11_05_NES_S4/B4_2021_11_05_11_00_54_trimend_chunk1.json | outputs/2021NES/output_2021_11_05_NES_S4/B4_2021_11_05_11_00_54_trimend_chunk10.json | outputs/2021NES/output_2021_11_05_NES_S4/B4_2021_11_05_11_00_54_trimend_chunk11.json | outputs/2021NES/output_2021_11_05_NES_S4/B4_2021_11_05_11_00_54_trimend_chunk12.json | outputs/2021NES/output_2021_11_05_NES_S4/B4_2021_11_05_11_00_54_trimend_chunk2.json | outputs/2021NES/output_2021_11_05_NES_S4/B4_2021_11_05_11_00_54_trimend_chunk3.json | outputs/2021NES/output_2021_11_05_NES_S4/B4_2021_11_05_11_00_54_trimend_chunk4.json | outputs/2021NES/output_2021_11_05_NES_S4/B4_2021_11_05_11_00_54_trimend_chunk5.json | outputs/2021NES/output_2021_11_05_NES_S4/B4_2021_11_05_11_00_54_trimend_chunk6.json | outputs/2021NES/output_2021_11_05_NES_S4/B4_2021_11_05_11_00_54_trimend_chunk7.json | outputs/2021NES/output_2021_11_05_NES_S4/B4_2021_11_05_11_00_54_trimend_chunk8.json | outputs/2021NES/output_2021_11_05_NES_S4/B4_2021_11_05_11_00_54_trimend_chunk9.json,20,12
joan brennecke,output,2021NES,Joan Brennecke,outputs/2021NES/output_2021_11_04_NES_S1/B1_trim_end_2021_11_04_12_51_35_chunk1.json | outputs/2021NES/output_2021_11_04_NES_S1/B1_trim_end_2021_11_04_12_51_35_chunk10.json | outputs/2021NES/output_2021_11_04_NES_S1/B1_trim_end_2021_11_04_12_51_35_chunk2.json | outputs/2021NES/output_2021_11_04_NES_S1/B1_trim_end_2021_11_04_12_51_35_chunk3.json | outputs/2021NES/output_2021_11_04_NES_S1/B1_trim_end_2021_11_04_12_51_35_chunk4.json | outputs/2021NES/output_2021_11_04_NES_S1/B1_trim_end_2021_11_04_12_51_35_chunk5.json | outputs/2021NES/output_2021_11_04_NES_S1/B1_trim_end_2021_11_04_12_51_35_chunk6.json | outputs/2021NES/output_2021_11_04_NES_S1/B1_trim_end_2021_11_04_12_51_35_chunk7.json | outputs/2021NES/output_2021_11_04_NES_S1/B1_trim_end_2021_11_04_12_51_35_chunk8.json | outputs/2021NES/output_2021_11_04_NES_S1/B1_trim_end_2021_11_04_12_51_35_chunk9.json | outputs/2021NES/output_2021_11_05_NES_S3/B3_2021_11_05_11_01_14_trimend_chunk1.json | outputs/2021NES/output_2021_11_05_NES_S3/B3_2021_11_05_11_01_14_trimend_chunk10.json | outputs/2021NES/output_2021_11_05_NES_S3/B3_2021_11_05_11_01_14_trimend_chunk11.json | outputs/2021NES/output_2021_11_05_NES_S3/B3_2021_11_05_11_01_14_trimend_chunk12.json | outputs/2021NES/output_2021_11_05_NES_S3/B3_2021_11_05_11_01_14_trimend_chunk2.json | outputs/2021NES/output_2021_11_05_NES_S3/B3_2021_11_05_11_01_14_trimend_chunk3.json | outputs/2021NES/output_2021_11_05_NES_S3/B3_2021_11_05_11_01_14_trimend_chunk4.json | outputs/2021NES/output_2021_11_05_NES_S3/B3_2021_11_05_11_01_14_trimend_chunk5.json | outputs/2021NES/output_2021_11_05_NES_S3/B3_2021_11_05_11_01_14_trimend_chunk7.json | outputs/2021NES/output_2021_11_05_NES_S3/B3_2021_11_05_11_01_14_trimend_chunk8.json | outputs/2021NES/output_2021_11_05_NES_S3/B3_2021_11_05_11_01_14_trimend_chunk9.json | outputs/2021NES/output_2021_11_05_NES_S7/B1_2021_11_05_13_06_40_chunk1.json | outputs/2021NES/output_2021_11_05_NES_S7/B1_2021_11_05_13_06_40_chunk2.json | outputs/2021NES/output_2021_11_05_NES_S7/B1_2021_11_05_13_06_40_chunk4.json | outputs/2021NES/output_2021_11_05_NES_S7/B1_2021_11_05_13_06_40_chunk5.json | outputs/2021NES/output_2021_11_05_NES_S7/B1_2021_11_05_13_06_40_chunk6.json | outputs/2021NES/output_2021_11_05_NES_S7/B1_2021_11_05_13_06_40_chunk7.json | outputs/2021NES/output_2021_11_05_NES_S7/B1_2021_11_05_13_06_40_chunk8.json,124,28
k leslie abdul aziz,output,2021NES,Dr. K. Leslie Abdul-Aziz,outputs/2021NES/output_2021_11_05_NES_S5/B5_2021_11_05_11_01_07_trimend_chunk10.json | outputs/2021NES/output_2021_11_05_NES_S5/B5_2021_11_05_11_01_07_trimend_chunk11.json | outputs/2021NES/output_2021_11_05_NES_S5/B5_2021_11_05_11_01_07_trimend_chunk12.json | outputs/2021NES/output_2021_11_05_NES_S5/B5_2021_11_05_11_01_07_trimend_chunk8.json | outputs/2021NES/output_2021_11_05_NES_S5/B5_2021_11_05_11_01_07_trimend_chunk9.json,7,5
kandis gilliard abdul aziz,truth,2021NES,Kandis Gilliard Abdul-Aziz,analysis_v1/data/2021NES/2021NES_outcome.json,1,1
katherine hornbostel pitt,output,2021NES,Katherine Hornbostel (she/her) | Pitt,outputs/2021NES/output_2021_11_05_NES_S7/B1_2021_11_05_13_06_40_chunk1.json | outputs/2021NES/output_2021_11_05_NES_S7/B1_2021_11_05_13_06_40_chunk2.json | outputs/2021NES/output_2021_11_05_NES_S7/B1_2021_11_05_13_06_40_chunk4.json | outputs/2021NES/output_2021_11_05_NES_S7/B1_2021_11_05_13_06_40_chunk5.json | outputs/2021NES/output_2021_11_05_NES_S7/B1_2021_11_05_13_06_40_chunk6.json | outputs/2021NES/output_2021_11_05_NES_S7/B1_2021_11_05_13_06_40_chunk7.json | outputs/2021NES/output_2021_11_05_NES_S7/B1_2021_11_05_13_06_40_chunk8.json,26,7
kelsey b hatzell,truth,2021NES,Kelsey B.  Hatzell,analysis_v1/data/2021NES/2021NES_outcome.json,1,1
leo liu,output,2021NES,Leo Liu | Leo Liu (Utah State University),outputs/2021NES/output_2021_11_04_NES_S6/B6_2021_11_04_12_32_03_chunk1.json | outputs/2021NES/output_2021_11_04_NES_S6/B6_2021_11_04_12_32_03_chunk2.json | outputs/2021NES/output_2021_11_04_NES_S6/B6_2021_11_04_12_32_03_chunk3.json | outputs/2021NES/output_2021_11_04_NES_S6/B6_2021_11_04_12_32_03_chunk8.json | outputs/2021NES/output_2021_11_05_NES_S1/B1_2021_11_05_11_01_24_trimend_chunk1.json | outputs/2021NES/output_2021_11_05_NES_S1/B1_2021_11_05_11_01_24_trimend_chunk10.json | outputs/2021NES/output_2021_11_05_NES_S1/B1_2021_11_05_11_01_24_trimend_chunk11.json | outputs/2021NES/output_2021_11_05_NES_S1/B1_2021_11_05_11_01_24_trimend_chunk12.json | outputs/2021NES/output_2021_11_05_NES_S1/B1_2021_11_05_11_01_24_trimend_chunk2.json | outputs/2021NES/output_2021_11_05_NES_S1/B1_2021_11_05_11_01_24_trimend_chunk3.json | outputs/2021NES/output_2021_11_05_NES_S1/B1_2021_11_05_11_01_24_trimend_chunk4.json | outputs/2021NES/output_2021_11_05_NES_S1/B1_2021_11_05_11_01_24_trimend_chunk5.json | outputs/2021NES/output_2021_11_05_NES_S1/B1_2021_11_05_11_01_24_trimend_chunk6.json | outputs/2021NES/output_2021_11_05_NES_S1/B1_2021_11_05_11_01_24_trimend_chunk7.json | outputs/2021NES/output_2021_11_05_NES_S1/B1_2021_11_05_11_01_24_trimend_chunk8.json | outputs/2021NES/output_2021_11_05_NES_S1/B1_2021_11_05_11_01_24_trimend_chunk9.json | outputs/2021NES/output_2021_11_05_NES_S3/B3_2021_11_05_11_01_14_trimend_chunk10.json | outputs/2021NES/output_2021_11_05_NES_S3/B3_2021_11_05_11_01_14_trimend_chunk11.json | outputs/2021NES/output_2021_11_05_NES_S3/B3_2021_11_05_11_01_14_trimend_chunk12.json | outputs/2021NES/output_2021_11_05_NES_S3/B3_2021_11_05_11_01_14_trimend_chunk8.json | outputs/2021NES/output_2021_11_05_NES_S3/B3_2021_11_05_11_01_14_trimend_chunk9.json | outputs/2021NES/output_2021_11_05_NES_S4/B4_2021_11_05_11_00_54_trimend_chunk10.json | outputs/2021NES/output_2021_11_05_NES_S4/B4_2021_11_05_11_00_54_trimend_chunk11.json | outputs/2021NES/output_2021_11_05_NES_S4/B4_2021_11_05_11_00_54_trimend_chunk12.json | outputs/2021NES/output_2021_11_05_NES_S4/B4_2021_11_05_11_00_54_trimend_chunk8.json | outputs/2021NES/output_2021_11_05_NES_S4/B4_2021_11_05_11_00_54_trimend_chunk9.json | outputs/2021NES/output_2021_11_05_NES_S5/B5_2021_11_05_11_01_07_trimend_chunk10.json | outputs/2021NES/output_2021_11_05_NES_S5/B5_2021_11_05_11_01_07_trimend_chunk11.json | outputs/2021NES/output_2021_11_05_NES_S5/B5_2021_11_05_11_01_07_trimend_chunk12.json | outputs/2021NES/output_2021_11_05_NES_S5/B5_2021_11_05_11_01_07_trimend_chunk8.json | outputs/2021NES/output_2021_11_05_NES_S5/B5_2021_11_05_11_01_07_trimend_chunk9.json | outputs/2021NES/output_2021_11_05_NES_S6/B6_2021_11_05_11_01_03_trimend_chunk10.json | outputs/2021NES/output_2021_11_05_NES_S6/B6_2021_11_05_11_01_03_trimend_chunk11.json | outputs/2021NES/output_2021_11_05_NES_S6/B6_2021_11_05_11_01_03_trimend_chunk12.json | outputs/2021NES/output_2021_11_05_NES_S6/B6_2021_11_05_11_01_03_trimend_chunk8.json | outputs/2021NES/output_2021_11_05_NES_S6/B6_2021_11_05_11_01_03_trimend_chunk9.json | outputs/2021NES/output_2021_11_05_NES_S7/B1_2021_11_05_13_06_40_chunk1.json | outputs/2021NES/output_2021_11_05_NES_S7/B1_2021_11_05_13_06_40_chunk2.json | outputs/2021NES/output_2021_11_05_NES_S7/B1_2021_11_05_13_06_40_chunk4.json | outputs/2021NES/output_2021_11_05_NES_S7/B1_2021_11_05_13_06_40_chunk5.json | outputs/2021NES/output_2021_11_05_NES_S7/B1_2021_11_05_13_06_40_chunk6.json | outputs/2021NES/output_2021_11_05_NES_S7/B1_2021_11_05_13_06_40_chunk7.json | outputs/2021NES/output_2021_11_05_NES_S7/B1_2021_11_05_13_06_40_chunk8.json,150,43
leslie abdul aziz,output,2021NES,Leslie Abdul-Aziz,outputs/2021NES/output_2021_11_04_NES_S4/B4_maybe_wrong_time_2021_11_04_12_36_01_chunk1.json | outputs/2021NES/output_2021_11_04_NES_S4/B4_maybe_wrong_time_2021_11_04_12_36_01_chunk2.json | outputs/2021NES/output_2021_11_04_NES_S4/B4_maybe_wrong_time_2021_11_04_12_36_01_chunk3.json | outputs/2021NES/output_2021_11_04_NES_S4/B4_maybe_wrong_time_2021_11_04_12_36_01_chunk4.json | outputs/2021NES/output_2021_11_04_NES_S4/B4_maybe_wrong_time_2021_11_04_12_36_01_chunk5.json | outputs/2021NES/output_2021_11_04_NES_S4/B4_maybe_wrong_time_2021_11_04_12_36_01_chunk6.json | outputs/2021NES/output_2021_11_04_NES_S4/B4_maybe_wrong_time_2021_11_04_12_36_01_chunk7.json | outputs/2021NES/output_2021_11_05_NES_S1/B1_2021_11_05_11_01_24_trimend_chunk10.json | outputs/2021NES/output_2021_11_05_NES_S1/B1_2021_11_05_11_01_24_trimend_chunk11.json | outputs/2021NES/output_2021_11_05_NES_S1/B1_2021_11_05_11_01_24_trimend_chunk12.json | outputs/2021NES/output_2021_11_05_NES_S1/B1_2021_11_05_11_01_24_trimend_chunk8.json | outputs/2021NES/output_2021_11_05_NES_S1/B1_2021_11_05_11_01_24_trimend_chunk9.json | outputs/2021NES/output_2021_11_05_NES_S10/B4_2021_11_05_13_06_36_chunk1.json | outputs/2021NES/output_2021_11_05_NES_S10/B4_2021_11_05_13_06_36_chunk2.json | outputs/2021NES/output_2021_11_05_NES_S10/B4_2021_11_05_13_06_36_chunk3.json | outputs/2021NES/output_2021_11_05_NES_S10/B4_2021_11_05_13_06_36_chunk6.json | outputs/2021NES/output_2021_11_05_NES_S10/B4_2021_11_05_13_06_36_chunk7.json | outputs/2021NES/output_2021_11_05_NES_S10/B4_2021_11_05_13_06_36_chunk8.json | outputs/2021NES/output_2021_11_05_NES_S3/B3_2021_11_05_11_01_14_trimend_chunk10.json | outputs/2021NES/output_2021_11_05_NES_S3/B3_2021_11_05_11_01_14_trimend_chunk11.json | outputs/2021NES/output_2021_11_05_NES_S3/B3_2021_11_05_11_01_14_trimend_chunk12.json | outputs/2021NES/output_2021_11_05_NES_S3/B3_2021_11_05_11_01_14_trimend_chunk8.json | outputs/2021NES/output_2021_11_05_NES_S3/B3_2021_11_05_11_01_14_trimend_chunk9.json | outputs/2021NES/output_2021_11_05_NES_S4/B4_2021_11_05_11_00_54_trimend_chunk10.json | outputs/2021NES/output_2021_11_05_NES_S4/B4_2021_11_05_11_00_54_trimend_chunk11.json | outputs/2021NES/output_2021_11_05_NES_S4/B4_2021_11_05_11_00_54_trimend_chunk12.json | outputs/2021NES/output_2021_11_05_NES_S4/B4_2021_11_05_11_00_54_trimend_chunk8.json | outputs/2021NES/output_2021_11_05_NES_S4/B4_2021_11_05_11_00_54_trimend_chunk9.json | outputs/2021NES/output_2021_11_05_NES_S6/B6_2021_11_05_11_01_03_trimend_chunk1.json | outputs/2021NES/output_2021_11_05_NES_S6/B6_2021_11_05_11_01_03_trimend_chunk10.json | outputs/2021NES/output_2021_11_05_NES_S6/B6_2021_11_05_11_01_03_trimend_chunk11.json | outputs/2021NES/output_2021_11_05_NES_S6/B6_2021_11_05_11_01_03_trimend_chunk12.json | outputs/2021NES/output_2021_11_05_NES_S6/B6_2021_11_05_11_01_03_trimend_chunk2.json | outputs/2021NES/output_2021_11_05_NES_S6/B6_2021_11_05_11_01_03_trimend_chunk3.json | outputs/2021NES/output_2021_11_05_NES_S6/B6_2021_11_05_11_01_03_trimend_chunk4.json | outputs/2021NES/output_2021_11_05_NES_S6/B6_2021_11_05_11_01_03_trimend_chunk5.json | outputs/2021NES/output_2021_11_05_NES_S6/B6_2021_11_05_11_01_03_trimend_chunk6.json | outputs/2021NES/output_2021_11_05_NES_S6/B6_2021_11_05_11_01_03_trimend_chunk7.json | outputs/2021NES/output_2021_11_05_NES_S6/B6_2021_11_05_11_01_03_trimend_chunk8.json | outputs/2021NES/output_2021_11_05_NES_S6/B6_2021_11_05_11_01_03_trimend_chunk9.json,96,40
marcel schreier uw madison,output,2021NES,Marcel Schreier - UW Madison,outputs/2021NES/output_2021_11_05_NES_S12/B6_2021_11_05_13_06_36_chunk1.json | outputs/2021NES/output_2021_11_05_NES_S12/B6_2021_11_05_13_06_36_chunk2.json | outputs/2021NES/output_2021_11_05_NES_S12/B6_2021_11_05_13_06_36_chunk3.json | outputs/2021NES/output_2021_11_05_NES_S12/B6_2021_11_05_13_06_36_chunk4.json | outputs/2021NES/output_2021_11_05_NES_S12/B6_2021_11_05_13_06_36_chunk6.json | outputs/2021NES/output_2021_11_05_NES_S12/B6_2021_11_05_13_06_36_chunk7.json | outputs/2021NES/output_2021_11_05_NES_S12/B6_2021_11_05_13_06_36_chunk8.json,24,7
marcel schriber,output,2021NES,Marcel Schriber,outputs/2021NES/output_2021_11_05_NES_S6/B6_2021_11_05_11_01_03_trimend_chunk1.json | outputs/2021NES/output_2021_11_05_NES_S6/B6_2021_11_05_11_01_03_trimend_chunk10.json | outputs/2021NES/output_2021_11_05_NES_S6/B6_2021_11_05_11_01_03_trimend_chunk11.json | outputs/2021NES/output_2021_11_05_NES_S6/B6_2021_11_05_11_01_03_trimend_chunk12.json | outputs/2021NES/output_2021_11_05_NES_S6/B6_2021_11_05_11_01_03_trimend_chunk2.json | outputs/2021NES/output_2021_11_05_NES_S6/B6_2021_11_05_11_01_03_trimend_chunk3.json | outputs/2021NES/output_2021_11_05_NES_S6/B6_2021_11_05_11_01_03_trimend_chunk4.json | outputs/2021NES/output_2021_11_05_NES_S6/B6_2021_11_05_11_01_03_trimend_chunk5.json | outputs/2021NES/output_2021_11_05_NES_S6/B6_2021_11_05_11_01_03_trimend_chunk6.json | outputs/2021NES/output_2021_11_05_NES_S6/B6_2021_11_05_11_01_03_trimend_chunk7.json | outputs/2021NES/output_2021_11_05_NES_S6/B6_2021_11_05_11_01_03_trimend_chunk8.json | outputs/2021NES/output_2021_11_05_NES_S6/B6_2021_11_05_11_01_03_trimend_chunk9.json,30,12
patricia barron,output,2021NES,Patricia Barron,outputs/2021NES/output_2021_11_05_NES_S5/B5_2021_11_05_11_01_07_trimend_chunk1.json | outputs/2021NES/output_2021_11_05_NES_S5/B5_2021_11_05_11_01_07_trimend_chunk10.json | outputs/2021NES/output_2021_11_05_NES_S5/B5_2021_11_05_11_01_07_trimend_chunk11.json | outputs/2021NES/output_2021_11_05_NES_S5/B5_2021_11_05_11_01_07_trimend_chunk12.json | outputs/2021NES/output_2021_11_05_NES_S5/B5_2021_11_05_11_01_07_trimend_chunk2.json | outputs/2021NES/output_2021_11_05_NES_S5/B5_2021_11_05_11_01_07_trimend_chunk3.json | outputs/2021NES/output_2021_11_05_NES_S5/B5_2021_11_05_11_01_07_trimend_chunk4.json | outputs/2021NES/output_2021_11_05_NES_S5/B5_2021_11_05_11_01_07_trimend_chunk5.json | outputs/2021NES/output_2021_11_05_NES_S5/B5_2021_11_05_11_01_07_trimend_chunk6.json | outputs/2021NES/output_2021_11_05_NES_S5/B5_2021_11_05_11_01_07_trimend_chunk7.json | outputs/2021NES/output_2021_11_05_NES_S5/B5_2021_11_05_11_01_07_trimend_chunk8.json | outputs/2021NES/output_2021_11_05_NES_S5/B5_2021_11_05_11_01_07_trimend_chunk9.json | outputs/2021NES/output_2021_11_05_NES_S7/B1_2021_11_05_13_06_40_chunk1.json | outputs/2021NES/output_2021_11_05_NES_S7/B1_2021_11_05_13_06_40_chunk2.json | outputs/2021NES/output_2021_11_05_NES_S7/B1_2021_11_05_13_06_40_chunk4.json | outputs/2021NES/output_2021_11_05_NES_S7/B1_2021_11_05_13_06_40_chunk5.json | outputs/2021NES/output_2021_11_05_NES_S7/B1_2021_11_05_13_06_40_chunk6.json | outputs/2021NES/output_2021_11_05_NES_S7/B1_2021_11_05_13_06_40_chunk7.json | outputs/2021NES/output_2021_11_05_NES_S7/B1_2021_11_05_13_06_40_chunk8.json,25,19
phill milner,truth,2021NES,Phill Milner,analysis_v1/data/2021NES/2021NES_outcome.json,2,1
phillip milner,output,2021NES,Phillip Milner,outputs/2021NES/output_2021_11_05_NES_S6/B6_2021_11_05_11_01_03_trimend_chunk10.json | outputs/2021NES/output_2021_11_05_NES_S6/B6_2021_11_05_11_01_03_trimend_chunk11.json | outputs/2021NES/output_2021_11_05_NES_S6/B6_2021_11_05_11_01_03_trimend_chunk12.json | outputs/2021NES/output_2021_11_05_NES_S6/B6_2021_11_05_11_01_03_trimend_chunk2.json | outputs/2021NES/output_2021_11_05_NES_S6/B6_2021_11_05_11_01_03_trimend_chunk3.json | outputs/2021NES/output_2021_11_05_NES_S6/B6_2021_11_05_11_01_03_trimend_chunk4.json | outputs/2021NES/output_2021_11_05_NES_S6/B6_2021_11_05_11_01_03_trimend_chunk5.json | outputs/2021NES/output_2021_11_05_NES_S6/B6_2021_11_05_11_01_03_trimend_chunk6.json | outputs/2021NES/output_2021_11_05_NES_S6/B6_2021_11_05_11_01_03_trimend_chunk7.json | outputs/2021NES/output_2021_11_05_NES_S6/B6_2021_11_05_11_01_03_trimend_chunk8.json | outputs/2021NES/output_2021_11_05_NES_S6/B6_2021_11_05_11_01_03_trimend_chunk9.json | outputs/2021NES/output_2021_11_05_NES_S7/B1_2021_11_05_13_06_40_chunk1.json | outputs/2021NES/output_2021_11_05_NES_S7/B1_2021_11_05_13_06_40_chunk2.json | outputs/2021NES/output_2021_11_05_NES_S7/B1_2021_11_05_13_06_40_chunk4.json | outputs/2021NES/output_2021_11_05_NES_S7/B1_2021_11_05_13_06_40_chunk5.json | outputs/2021NES/output_2021_11_05_NES_S7/B1_2021_11_05_13_06_40_chunk6.json | outputs/2021NES/output_2021_11_05_NES_S7/B1_2021_11_05_13_06_40_chunk7.json | outputs/2021NES/output_2021_11_05_NES_S7/B1_2021_11_05_13_06_40_chunk8.json,56,18
praveen bollini,output,2021NES,Praveen Bollini | Praveen Bollini (University of Houston),outputs/2021NES/output_2021_11_04_NES_S3/B3_2021_11_04_12_32_36_chunk2.json | outputs/2021NES/output_2021_11_04_NES_S3/B3_2021_11_04_12_32_36_chunk3.json | outputs/2021NES/output_2021_11_04_NES_S3/B3_2021_11_04_12_32_36_chunk4.json | outputs/2021NES/output_2021_11_04_NES_S3/B3_2021_11_04_12_32_36_chunk5.json | outputs/2021NES/output_2021_11_04_NES_S3/B3_2021_11_04_12_32_36_chunk6.json | outputs/2021NES/output_2021_11_04_NES_S3/B3_2021_11_04_12_32_36_chunk7.json | outputs/2021NES/output_2021_11_04_NES_S3/B3_2021_11_04_12_32_36_chunk8.json | outputs/2021NES/output_2021_11_05_NES_S6/B6_2021_11_05_11_01_03_trimend_chunk1.json | outputs/2021NES/output_2021_11_05_NES_S6/B6_2021_11_05_11_01_03_trimend_chunk10.json | outputs/2021NES/output_2021_11_05_NES_S6/B6_2021_11_05_11_01_03_trimend_chunk11.json | outputs/2021NES/output_2021_11_05_NES_S6/B6_2021_11_05_11_01_03_trimend_chunk12.json | outputs/2021NES/output_2021_11_05_NES_S6/B6_2021_11_05_11_01_03_trimend_chunk2.json | outputs/2021NES/output_2021_11_05_NES_S6/B6_2021_11_05_11_01_03_trimend_chunk3.json | outputs/2021NES/output_2021_11_05_NES_S6/B6_2021_11_05_11_01_03_trimend_chunk4.json | outputs/2021NES/output_2021_11_05_NES_S6/B6_2021_11_05_11_01_03_trimend_chunk5.json | outputs/2021NES/output_2021_11_05_NES_S6/B6_2021_11_05_11_01_03_trimend_chunk6.json | outputs/2021NES/output_2021_11_05_NES_S6/B6_2021_11_05_11_01_03_trimend_chunk7.json | outputs/2021NES/output_2021_11_05_NES_S6/B6_2021_11_05_11_01_03_trimend_chunk8.json | outputs/2021NES/output_2021_11_05_NES_S6/B6_2021_11_05_11_01_03_trimend_chunk9.json | outputs/2021NES/output_2021_11_05_NES_S7/B1_2021_11_05_13_06_40_chunk1.json | outputs/2021NES/output_2021_11_05_NES_S7/B1_2021_11_05_13_06_40_chunk2.json | outputs/2021NES/output_2021_11_05_NES_S7/B1_2021_11_05_13_06_40_chunk4.json | outputs/2021NES/output_2021_11_05_NES_S7/B1_2021_11_05_13_06_40_chunk5.json | outputs/2021NES/output_2021_11_05_NES_S7/B1_2021_11_05_13_06_40_chunk6.json | outputs/2021NES/output_2021_11_05_NES_S7/B1_2021_11_05_13_06_40_chunk7.json | outputs/2021NES/output_2021_11_05_NES_S7/B1_2021_11_05_13_06_40_chunk8.json,76,26
rob coridan,output,2021NES,Rob Coridan,outputs/2021NES/output_2021_11_04_NES_S4/B4_maybe_wrong_time_2021_11_04_12_36_01_chunk1.json | outputs/2021NES/output_2021_11_04_NES_S4/B4_maybe_wrong_time_2021_11_04_12_36_01_chunk2.json | outputs/2021NES/output_2021_11_04_NES_S4/B4_maybe_wrong_time_2021_11_04_12_36_01_chunk3.json | outputs/2021NES/output_2021_11_04_NES_S4/B4_maybe_wrong_time_2021_11_04_12_36_01_chunk4.json | outputs/2021NES/output_2021_11_04_NES_S4/B4_maybe_wrong_time_2021_11_04_12_36_01_chunk5.json | outputs/2021NES/output_2021_11_04_NES_S4/B4_maybe_wrong_time_2021_11_04_12_36_01_chunk6.json | outputs/2021NES/output_2021_11_04_NES_S4/B4_maybe_wrong_time_2021_11_04_12_36_01_chunk7.json,32,7
robert coridan,output,2021NES,Robert Coridan,outputs/2021NES/output_2021_11_05_NES_S9/B3_2021_11_05_13_06_59_chunk1.json | outputs/2021NES/output_2021_11_05_NES_S9/B3_2021_11_05_13_06_59_chunk2.json | outputs/2021NES/output_2021_11_05_NES_S9/B3_2021_11_05_13_06_59_chunk4.json | outputs/2021NES/output_2021_11_05_NES_S9/B3_2021_11_05_13_06_59_chunk5.json | outputs/2021NES/output_2021_11_05_NES_S9/B3_2021_11_05_13_06_59_chunk6.json | outputs/2021NES/output_2021_11_05_NES_S9/B3_2021_11_05_13_06_59_chunk7.json | outputs/2021NES/output_2021_11_05_NES_S9/B3_2021_11_05_13_06_59_chunk8.json,19,7
roger aimes,output,2021NES,Roger Aimes,outputs/2021NES/output_2021_11_04_NES_S6/B6_2021_11_04_12_32_03_chunk8.json,3,1
roger aines llnl,output,2021NES,Roger Aines LLNL,outputs/2021NES/output_2021_11_05_NES_S12/B6_2021_11_05_13_06_36_chunk1.json | outputs/2021NES/output_2021_11_05_NES_S12/B6_2021_11_05_13_06_36_chunk2.json | outputs/2021NES/output_2021_11_05_NES_S12/B6_2021_11_05_13_06_36_chunk3.json | outputs/2021NES/output_2021_11_05_NES_S12/B6_2021_11_05_13_06_36_chunk4.json | outputs/2021NES/output_2021_11_05_NES_S12/B6_2021_11_05_13_06_36_chunk6.json | outputs/2021NES/output_2021_11_05_NES_S12/B6_2021_11_05_13_06_36_chunk7.json | outputs/2021NES/output_2021_11_05_NES_S12/B6_2021_11_05_13_06_36_chunk8.json,60,7
t leo liu,truth,2021NES,T. Leo Liu,analysis_v1/data/2021NES/2021NES_outcome.json,1,1
will bowman,output,2021NES,Will Bowman | Will Bowman (UC Irvine),outputs/2021NES/output_2021_11_04_NES_S6/B6_2021_11_04_12_32_03_chunk1.json | outputs/2021NES/output_2021_11_04_NES_S6/B6_2021_11_04_12_32_03_chunk2.json | outputs/2021NES/output_2021_11_04_NES_S6/B6_2021_11_04_12_32_03_chunk3.json | outputs/2021NES/output_2021_11_04_NES_S6/B6_2021_11_04_12_32_03_chunk8.json | outputs/2021NES/output_2021_11_05_NES_S2/B2_Zoom_Meeting_Room_2.2_2021_11_05_11_02_10_chunk1.json | outputs/2021NES/output_2021_11_05_NES_S2/B2_Zoom_Meeting_Room_2.2_2021_11_05_11_02_10_chunk2.json | outputs/2021NES/output_2021_11_05_NES_S2/B2_Zoom_Meeting_Room_2.2_2021_11_05_11_02_10_chunk3.json | outputs/2021NES/output_2021_11_05_NES_S2/B2_Zoom_Meeting_Room_2.2_2021_11_05_11_02_10_chunk4.json | outputs/2021NES/output_2021_11_05_NES_S2/B2_Zoom_Meeting_Room_2.2_2021_11_05_11_02_10_chunk5.json | outputs/2021NES/output_2021_11_05_NES_S2/B2_Zoom_Meeting_Room_2.2_2021_11_05_11_02_10_chunk6.json | outputs/2021NES/output_2021_11_05_NES_S2/B2_Zoom_Meeting_Room_2.2_2021_11_05_11_02_10_chunk7.json | outputs/2021NES/output_2021_11_05_NES_S2/B2_Zoom_Meeting_Room_2.2_2021_11_05_11_02_10_chunk8.json | outputs/2021NES/output_2021_11_05_NES_S7/B1_2021_11_05_13_06_40_chunk1.json | outputs/2021NES/output_2021_11_05_NES_S7/B1_2021_11_05_13_06_40_chunk2.json | outputs/2021NES/output_2021_11_05_NES_S7/B1_2021_11_05_13_06_40_chunk4.json | outputs/2021NES/output_2021_11_05_NES_S7/B1_2021_11_05_13_06_40_chunk5.json | outputs/2021NES/output_2021_11_05_NES_S7/B1_2021_11_05_13_06_40_chunk6.json | outputs/2021NES/output_2021_11_05_NES_S7/B1_2021_11_05_13_06_40_chunk7.json | outputs/2021NES/output_2021_11_05_NES_S7/B1_2021_11_05_13_06_40_chunk8.json,53,19
william j bowman,truth,2021NES,William J. Bowman,analysis_v1/data/2021NES/2021NES_outcome.json,1,1
wilson a smith,truth,2021NES,Wilson A Smith,analysis_v1/data/2021NES/2021NES_outcome.json,1,1
wilson smith,output,2021NES,Wilson Smith,outputs/2021NES/output_2021_11_04_NES_S6/B6_2021_11_04_12_32_03_chunk1.json | outputs/2021NES/output_2021_11_04_NES_S6/B6_2021_11_04_12_32_03_chunk2.json | outputs/2021NES/output_2021_11_04_NES_S6/B6_2021_11_04_12_32_03_chunk3.json | outputs/2021NES/output_2021_11_04_NES_S6/B6_2021_11_04_12_32_03_chunk8.json | outputs/2021NES/output_2021_11_05_NES_S1/B1_2021_11_05_11_01_24_trimend_chunk10.json | outputs/2021NES/output_2021_11_05_NES_S1/B1_2021_11_05_11_01_24_trimend_chunk11.json | outputs/2021NES/output_2021_11_05_NES_S1/B1_2021_11_05_11_01_24_trimend_chunk12.json | outputs/2021NES/output_2021_11_05_NES_S1/B1_2021_11_05_11_01_24_trimend_chunk9.json | outputs/2021NES/output_2021_11_05_NES_S3/B3_2021_11_05_11_01_14_trimend_chunk10.json | outputs/2021NES/output_2021_11_05_NES_S3/B3_2021_11_05_11_01_14_trimend_chunk11.json | outputs/2021NES/output_2021_11_05_NES_S3/B3_2021_11_05_11_01_14_trimend_chunk12.json | outputs/2021NES/output_2021_11_05_NES_S3/B3_2021_11_05_11_01_14_trimend_chunk9.json | outputs/2021NES/output_2021_11_05_NES_S4/B4_2021_11_05_11_00_54_trimend_chunk1.json | outputs/2021NES/output_2021_11_05_NES_S4/B4_2021_11_05_11_00_54_trimend_chunk10.json | outputs/2021NES/output_2021_11_05_NES_S4/B4_2021_11_05_11_00_54_trimend_chunk11.json | outputs/2021NES/output_2021_11_05_NES_S4/B4_2021_11_05_11_00_54_trimend_chunk12.json | outputs/2021NES/output_2021_11_05_NES_S4/B4_2021_11_05_11_00_54_trimend_chunk2.json | outputs/2021NES/output_2021_11_05_NES_S4/B4_2021_11_05_11_00_54_trimend_chunk3.json | outputs/2021NES/output_2021_11_05_NES_S4/B4_2021_11_05_11_00_54_trimend_chunk4.json | outputs/2021NES/output_2021_11_05_NES_S4/B4_2021_11_05_11_00_54_trimend_chunk5.json | outputs/2021NES/output_2021_11_05_NES_S4/B4_2021_11_05_11_00_54_trimend_chunk6.json | outputs/2021NES/output_2021_11_05_NES_S4/B4_2021_11_05_11_00_54_trimend_chunk7.json | outputs/2021NES/output_2021_11_05_NES_S4/B4_2021_11_05_11_00_54_trimend_chunk8.json | outputs/2021NES/output_2021_11_05_NES_S4/B4_2021_11_05_11_00_54_trimend_chunk9.json | outputs/2021NES/output_2021_11_05_NES_S5/B5_2021_11_05_11_01_07_trimend_chunk10.json | outputs/2021NES/output_2021_11_05_NES_S5/B5_2021_11_05_11_01_07_trimend_chunk11.json | outputs/2021NES/output_2021_11_05_NES_S5/B5_2021_11_05_11_01_07_trimend_chunk12.json | outputs/2021NES/output_2021_11_05_NES_S5/B5_2021_11_05_11_01_07_trimend_chunk9.json | outputs/2021NES/output_2021_11_05_NES_S6/B6_2021_11_05_11_01_03_trimend_chunk10.json | outputs/2021NES/output_2021_11_05_NES_S6/B6_2021_11_05_11_01_03_trimend_chunk11.json | outputs/2021NES/output_2021_11_05_NES_S6/B6_2021_11_05_11_01_03_trimend_chunk12.json | outputs/2021NES/output_2021_11_05_NES_S6/B6_2021_11_05_11_01_03_trimend_chunk9.json | outputs/2021NES/output_2021_11_05_NES_S8/B2_Zoom_Meeting_Room_2_2021_11_05_13_07_15_chunk1.json | outputs/2021NES/output_2021_11_05_NES_S8/B2_Zoom_Meeting_Room_2_2021_11_05_13_07_15_chunk2.json | outputs/2021NES/output_2021_11_05_NES_S8/B2_Zoom_Meeting_Room_2_2021_11_05_13_07_15_chunk3.json | outputs/2021NES/output_2021_11_05_NES_S8/B2_Zoom_Meeting_Room_2_2021_11_05_13_07_15_chunk4.json | outputs/2021NES/output_2021_11_05_NES_S8/B2_Zoom_Meeting_Room_2_2021_11_05_13_07_15_chunk5.json | outputs/2021NES/output_2021_11_05_NES_S8/B2_Zoom_Meeting_Room_2_2021_11_05_13_07_15_chunk6.json | outputs/2021NES/output_2021_11_05_NES_S8/B2_Zoom_Meeting_Room_2_2021_11_05_13_07_15_chunk7.json | outputs/2021NES/output_2021_11_05_NES_S8/B2_Zoom_Meeting_Room_2_2021_11_05_13_07_15_chunk8.json,106,40
yajuan lin,output,2021NES,Yajuan Lin (UH-C),outputs/2021NES/output_2021_11_05_NES_S7/B1_2021_11_05_13_06_40_chunk1.json | outputs/2021NES/output_2021_11_05_NES_S7/B1_2021_11_05_13_06_40_chunk2.json | outputs/2021NES/output_2021_11_05_NES_S7/B1_2021_11_05_13_06_40_chunk4.json | outputs/2021NES/output_2021_11_05_NES_S7/B1_2021_11_05_13_06_40_chunk5.json | outputs/2021NES/output_2021_11_05_NES_S7/B1_2021_11_05_13_06_40_chunk6.json | outputs/2021NES/output_2021_11_05_NES_S7/B1_2021_11_05_13_06_40_chunk7.json | outputs/2021NES/output_2021_11_05_NES_S7/B1_2021_11_05_13_06_40_chunk8.json,16,7
aaron e engelhart,truth,2021SLU,Aaron E. Engelhart,analysis_v1/data/2021SLU/2021SLU_outcome.json,2,1
aaron engelhart,output,2021SLU,Aaron Engelhart,outputs/2021SLU/output_2021_06_10_SLU_S2/bot2p1_Zoom_Meeting_Room_2_2021_06_10_12_35_37.json | outputs/2021SLU/output_2021_06_10_SLU_S2/bot2p2_Zoom_Meeting_Room_2_2021_06_10_12_37_25_chunk1.json | outputs/2021SLU/output_2021_06_10_SLU_S2/bot2p2_Zoom_Meeting_Room_2_2021_06_10_12_37_25_chunk2.json | outputs/2021SLU/output_2021_06_10_SLU_S2/bot2p2_Zoom_Meeting_Room_2_2021_06_10_12_37_25_chunk3.json | outputs/2021SLU/output_2021_06_10_SLU_S2/bot2p2_Zoom_Meeting_Room_2_2021_06_10_12_37_25_chunk4.json | outputs/2021SLU/output_2021_06_10_SLU_S2/bot2p2_Zoom_Meeting_Room_2_2021_06_10_12_37_25_chunk5.json | outputs/2021SLU/output_2021_06_10_SLU_S2/bot2p2_Zoom_Meeting_Room_2_2021_06_10_12_37_25_chunk6.json | outputs/2021SLU/output_2021_06_10_SLU_S2/bot2p2_Zoom_Meeting_Room_2_2021_06_10_12_37_25_chunk7.json | outputs/2021SLU/output_2021_06_10_SLU_S2/bot2p2_Zoom_Meeting_Room_2_2021_06_10_12_37_25_chunk8.json | outputs/2021SLU/output_2021_06_10_SLU_S5/botB2_2021_06_10_12_35_06_chunk1.json | outputs/2021SLU/output_2021_06_10_SLU_S5/botB2_2021_06_10_12_35_06_chunk2.json | outputs/2021SLU/output_2021_06_10_SLU_S5/botB2_2021_06_10_12_35_06_chunk3.json | outputs/2021SLU/output_2021_06_10_SLU_S5/botB2_2021_06_10_12_35_06_chunk4.json | outputs/2021SLU/output_2021_06_10_SLU_S5/botB2_2021_06_10_12_35_06_chunk5.json | outputs/2021SLU/output_2021_06_10_SLU_S5/botB2_2021_06_10_12_35_06_chunk6.json | outputs/2021SLU/output_2021_06_10_SLU_S5/botB2_2021_06_10_12_35_06_chunk8.json | outputs/2021SLU/output_2021_06_11_SLU_S13/Zoom_Meeting_6_11_2021_1_02_20_PM_chunk1.json | outputs/2021SLU/output_2021_06_11_SLU_S13/Zoom_Meeting_6_11_2021_1_02_20_PM_chunk2.json | outputs/2021SLU/output_2021_06_11_SLU_S13/Zoom_Meeting_6_11_2021_1_02_20_PM_chunk3.json | outputs/2021SLU/output_2021_06_11_SLU_S13/Zoom_Meeting_6_11_2021_1_02_20_PM_chunk4.json | outputs/2021SLU/output_2021_06_11_SLU_S13/Zoom_Meeting_6_11_2021_1_02_20_PM_chunk5.json | outputs/2021SLU/output_2021_06_11_SLU_S13/Zoom_Meeting_6_11_2021_1_02_20_PM_chunk6.json | outputs/2021SLU/output_2021_06_11_SLU_S13/Zoom_Meeting_6_11_2021_1_02_20_PM_chunk7.json | outputs/2021SLU/output_2021_06_11_SLU_S13/Zoom_Meeting_6_11_2021_1_02_20_PM_chunk8.json | outputs/2021SLU/output_2021_06_11_SLU_S3/bot3p1_Room_3_Zoom_Meeting_2021_06_11_10_58_57.json | outputs/2021SLU/output_2021_06_11_SLU_S3/bot3p2_Room_3_Zoom_Meeting_2021_06_11_10_59_57_chunk1.json | outputs/2021SLU/output_2021_06_11_SLU_S3/bot3p2_Room_3_Zoom_Meeting_2021_06_11_10_59_57_chunk2.json | outputs/2021SLU/output_2021_06_11_SLU_S3/bot3p2_Room_3_Zoom_Meeting_2021_06_11_10_59_57_chunk3.json | outputs/2021SLU/output_2021_06_11_SLU_S3/bot3p2_Room_3_Zoom_Meeting_2021_06_11_10_59_57_chunk4.json | outputs/2021SLU/output_2021_06_11_SLU_S3/bot3p2_Room_3_Zoom_Meeting_2021_06_11_10_59_57_chunk5.json | outputs/2021SLU/output_2021_06_11_SLU_S3/bot3p2_Room_3_Zoom_Meeting_2021_06_11_10_59_57_chunk6.json | outputs/2021SLU/output_2021_06_11_SLU_S3/bot3p2_Room_3_Zoom_Meeting_2021_06_11_10_59_57_chunk7.json | outputs/2021SLU/output_2021_06_11_SLU_S3/bot3p2_Room_3_Zoom_Meeting_2021_06_11_10_59_57_chunk8.json,145,33
anat shahar,output,2021SLU,Anat Shahar,outputs/2021SLU/output_2021_06_10_SLU_S6/Zoom_Meeting_2021_06_10_12_06_54.json | outputs/2021SLU/output_2021_06_10_SLU_S6/Zoom_Meeting_Room_6_2021_06_10_12_35_01_chunk1.json | outputs/2021SLU/output_2021_06_10_SLU_S6/Zoom_Meeting_Room_6_2021_06_10_12_35_01_chunk2.json | outputs/2021SLU/output_2021_06_10_SLU_S6/Zoom_Meeting_Room_6_2021_06_10_12_35_01_chunk3.json | outputs/2021SLU/output_2021_06_10_SLU_S6/Zoom_Meeting_Room_6_2021_06_10_12_35_01_chunk4.json | outputs/2021SLU/output_2021_06_10_SLU_S6/Zoom_Meeting_Room_6_2021_06_10_12_35_01_chunk5.json | outputs/2021SLU/output_2021_06_10_SLU_S6/Zoom_Meeting_Room_6_2021_06_10_12_35_01_chunk6.json | outputs/2021SLU/output_2021_06_10_SLU_S6/Zoom_Meeting_Room_6_2021_06_10_12_35_01_chunk7.json | outputs/2021SLU/output_2021_06_10_SLU_S6/Zoom_Meeting_Room_6_2021_06_10_12_35_01_chunk8.json | outputs/2021SLU/output_2021_06_11_SLU_S10/bot3p1_Room_3_Zoom_Meeting_2021_06_11_13_02_46.json | outputs/2021SLU/output_2021_06_11_SLU_S10/bot3p2_Room_3_Zoom_Meeting_2021_06_11_13_03_36_chunk1.json | outputs/2021SLU/output_2021_06_11_SLU_S10/bot3p2_Room_3_Zoom_Meeting_2021_06_11_13_03_36_chunk2.json | outputs/2021SLU/output_2021_06_11_SLU_S10/bot3p2_Room_3_Zoom_Meeting_2021_06_11_13_03_36_chunk3.json | outputs/2021SLU/output_2021_06_11_SLU_S10/bot3p2_Room_3_Zoom_Meeting_2021_06_11_13_03_36_chunk4.json | outputs/2021SLU/output_2021_06_11_SLU_S10/bot3p2_Room_3_Zoom_Meeting_2021_06_11_13_03_36_chunk5.json | outputs/2021SLU/output_2021_06_11_SLU_S10/bot3p2_Room_3_Zoom_Meeting_2021_06_11_13_03_36_chunk6.json | outputs/2021SLU/output_2021_06_11_SLU_S10/bot3p2_Room_3_Zoom_Meeting_2021_06_11_13_03_36_chunk7.json | outputs/2021SLU/output_2021_06_11_SLU_S10/bot3p2_Room_3_Zoom_Meeting_2021_06_11_13_03_36_chunk8.json | outputs/2021SLU/output_2021_06_11_SLU_S7/Zoom_Meeting_6_11_2021_10_58_14_AM_chunk1.json | outputs/2021SLU/output_2021_06_11_SLU_S7/Zoom_Meeting_6_11_2021_10_58_14_AM_chunk2.json | outputs/2021SLU/output_2021_06_11_SLU_S7/Zoom_Meeting_6_11_2021_10_58_14_AM_chunk3.json | outputs/2021SLU/output_2021_06_11_SLU_S7/Zoom_Meeting_6_11_2021_10_58_14_AM_chunk4.json | outputs/2021SLU/output_2021_06_11_SLU_S7/Zoom_Meeting_6_11_2021_10_58_14_AM_chunk5.json | outputs/2021SLU/output_2021_06_11_SLU_S7/Zoom_Meeting_6_11_2021_10_58_14_AM_chunk6.json | outputs/2021SLU/output_2021_06_11_SLU_S7/Zoom_Meeting_6_11_2021_10_58_14_AM_chunk7.json | outputs/2021SLU/output_2021_06_11_SLU_S7/Zoom_Meeting_6_11_2021_10_58_14_AM_chunk8.json,139,26
andro c rios,truth,2021SLU,Andro C. Rios,analysis_v1/data/2021SLU/2021SLU_outcome.json,1,1
andro rios,output,2021SLU,Andro Rios,outputs/2021SLU/output_2021_06_10_SLU_S4/bot4_2021_06_10_12_35_05_chunk1.json | outputs/2021SLU/output_2021_06_10_SLU_S4/bot4_2021_06_10_12_35_05_chunk2.json | outputs/2021SLU/output_2021_06_10_SLU_S4/bot4_2021_06_10_12_35_05_chunk4.json | outputs/2021SLU/output_2021_06_10_SLU_S4/bot4_2021_06_10_12_35_05_chunk5.json | outputs/2021SLU/output_2021_06_10_SLU_S4/bot4_2021_06_10_12_35_05_chunk6.json | outputs/2021SLU/output_2021_06_10_SLU_S4/bot4_2021_06_10_12_35_05_chunk7.json | outputs/2021SLU/output_2021_06_10_SLU_S4/bot4_2021_06_10_12_35_05_chunk8.json | outputs/2021SLU/output_2021_06_11_SLU_S11/bot4_2021_06_11_13_02_17_chunk2.json | outputs/2021SLU/output_2021_06_11_SLU_S11/bot4_2021_06_11_13_02_17_chunk3.json | outputs/2021SLU/output_2021_06_11_SLU_S11/bot4_2021_06_11_13_02_17_chunk4.json | outputs/2021SLU/output_2021_06_11_SLU_S11/bot4_2021_06_11_13_02_17_chunk5.json | outputs/2021SLU/output_2021_06_11_SLU_S11/bot4_2021_06_11_13_02_17_chunk6.json | outputs/2021SLU/output_2021_06_11_SLU_S11/bot4_2021_06_11_13_02_17_chunk7.json | outputs/2021SLU/output_2021_06_11_SLU_S11/bot4_2021_06_11_13_02_17_chunk8.json | outputs/2021SLU/output_2021_06_11_SLU_S2/bot2p1_Zoom_Meeting_Room_2_2021_06_11_10_58_33.json | outputs/2021SLU/output_2021_06_11_SLU_S2/bot2p2_Zoom_Meeting_Room_2_2021_06_11_10_59_37_chunk1.json | outputs/2021SLU/output_2021_06_11_SLU_S2/bot2p2_Zoom_Meeting_Room_2_2021_06_11_10_59_37_chunk2.json | outputs/2021SLU/output_2021_06_11_SLU_S2/bot2p2_Zoom_Meeting_Room_2_2021_06_11_10_59_37_chunk3.json | outputs/2021SLU/output_2021_06_11_SLU_S2/bot2p2_Zoom_Meeting_Room_2_2021_06_11_10_59_37_chunk4.json | outputs/2021SLU/output_2021_06_11_SLU_S2/bot2p2_Zoom_Meeting_Room_2_2021_06_11_10_59_37_chunk5.json | outputs/2021SLU/output_2021_06_11_SLU_S2/bot2p2_Zoom_Meeting_Room_2_2021_06_11_10_59_37_chunk6.json | outputs/2021SLU/output_2021_06_11_SLU_S2/bot2p2_Zoom_Meeting_Room_2_2021_06_11_10_59_37_chunk7.json | outputs/2021SLU/output_2021_06_11_SLU_S2/bot2p2_Zoom_Meeting_Room_2_2021_06_11_10_59_37_chunk8.json | outputs/2021SLU/output_2021_06_11_SLU_S5/botB2_2021_06_11_10_58_55_chunk1.json | outputs/2021SLU/output_2021_06_11_SLU_S5/botB2_2021_06_11_10_58_55_chunk2.json | outputs/2021SLU/output_2021_06_11_SLU_S5/botB2_2021_06_11_10_58_55_chunk3.json | outputs/2021SLU/output_2021_06_11_SLU_S5/botB2_2021_06_11_10_58_55_chunk4.json | outputs/2021SLU/output_2021_06_11_SLU_S5/botB2_2021_06_11_10_58_55_chunk5.json | outputs/2021SLU/output_2021_06_11_SLU_S5/botB2_2021_06_11_10_58_55_chunk6.json | outputs/2021SLU/output_2021_06_11_SLU_S5/botB2_2021_06_11_10_58_55_chunk7.json | outputs/2021SLU/output_2021_06_11_SLU_S5/botB2_2021_06_11_10_58_55_chunk8.json,111,31
andy skemer,output,2021SLU,Andy Skemer,outputs/2021SLU/output_2021_06_10_SLU_S3/bot3p1_Room_3_Zoom_Meeting_2021_06_10_12_36_05.json | outputs/2021SLU/output_2021_06_10_SLU_S3/bot3p2_Room_3_Zoom_Meeting_2021_06_10_12_36_45_chunk1.json | outputs/2021SLU/output_2021_06_10_SLU_S3/bot3p2_Room_3_Zoom_Meeting_2021_06_10_12_36_45_chunk2.json | outputs/2021SLU/output_2021_06_10_SLU_S3/bot3p2_Room_3_Zoom_Meeting_2021_06_10_12_36_45_chunk3.json | outputs/2021SLU/output_2021_06_10_SLU_S3/bot3p2_Room_3_Zoom_Meeting_2021_06_10_12_36_45_chunk4.json | outputs/2021SLU/output_2021_06_10_SLU_S3/bot3p2_Room_3_Zoom_Meeting_2021_06_10_12_36_45_chunk5.json | outputs/2021SLU/output_2021_06_10_SLU_S3/bot3p2_Room_3_Zoom_Meeting_2021_06_10_12_36_45_chunk6.json | outputs/2021SLU/output_2021_06_10_SLU_S3/bot3p2_Room_3_Zoom_Meeting_2021_06_10_12_36_45_chunk7.json | outputs/2021SLU/output_2021_06_10_SLU_S3/bot3p2_Room_3_Zoom_Meeting_2021_06_10_12_36_45_chunk8.json | outputs/2021SLU/output_2021_06_11_SLU_S1/bot1_2021_06_11_10_57_56_chunk1.json | outputs/2021SLU/output_2021_06_11_SLU_S1/bot1_2021_06_11_10_57_56_chunk2.json | outputs/2021SLU/output_2021_06_11_SLU_S1/bot1_2021_06_11_10_57_56_chunk3.json | outputs/2021SLU/output_2021_06_11_SLU_S1/bot1_2021_06_11_10_57_56_chunk4.json | outputs/2021SLU/output_2021_06_11_SLU_S1/bot1_2021_06_11_10_57_56_chunk5.json | outputs/2021SLU/output_2021_06_11_SLU_S1/bot1_2021_06_11_10_57_56_chunk6.json | outputs/2021SLU/output_2021_06_11_SLU_S1/bot1_2021_06_11_10_57_56_chunk7.json | outputs/2021SLU/output_2021_06_11_SLU_S1/bot1_2021_06_11_10_57_56_chunk8.json,47,17
bradford james foley,output,2021SLU,Bradford James Foley,outputs/2021SLU/output_2021_06_11_SLU_S12/botB2_2021_06_11_13_01_54_chunk1.json | outputs/2021SLU/output_2021_06_11_SLU_S12/botB2_2021_06_11_13_01_54_chunk2.json | outputs/2021SLU/output_2021_06_11_SLU_S12/botB2_2021_06_11_13_01_54_chunk3.json | outputs/2021SLU/output_2021_06_11_SLU_S12/botB2_2021_06_11_13_01_54_chunk4.json | outputs/2021SLU/output_2021_06_11_SLU_S12/botB2_2021_06_11_13_01_54_chunk5.json | outputs/2021SLU/output_2021_06_11_SLU_S12/botB2_2021_06_11_13_01_54_chunk6.json | outputs/2021SLU/output_2021_06_11_SLU_S12/botB2_2021_06_11_13_01_54_chunk7.json | outputs/2021SLU/output_2021_06_11_SLU_S12/botB2_2021_06_11_13_01_54_chunk8.json | outputs/2021SLU/output_2021_06_11_SLU_S4/bot4_2021_06_11_10_58_21_chunk1.json | outputs/2021SLU/output_2021_06_11_SLU_S4/bot4_2021_06_11_10_58_21_chunk2.json | outputs/2021SLU/output_2021_06_11_SLU_S4/bot4_2021_06_11_10_58_21_chunk3.json | outputs/2021SLU/output_2021_06_11_SLU_S4/bot4_2021_06_11_10_58_21_chunk4.json | outputs/2021SLU/output_2021_06_11_SLU_S4/bot4_2021_06_11_10_58_21_chunk5.json | outputs/2021SLU/output_2021_06_11_SLU_S4/bot4_2021_06_11_10_58_21_chunk6.json | outputs/2021SLU/output_2021_06_11_SLU_S4/bot4_2021_06_11_10_58_21_chunk7.json | outputs/2021SLU/output_2021_06_11_SLU_S4/bot4_2021_06_11_10_58_21_chunk8.json | outputs/2021SLU/output_2021_06_11_SLU_S9/bot2p2_Zoom_Meeting_Room_2_2021_06_11_13_02_58_chunk1.json | outputs/2021SLU/output_2021_06_11_SLU_S9/bot2p2_Zoom_Meeting_Room_2_2021_06_11_13_02_58_chunk2.json,50,18
caroline sinders,output,2021SLU,Caroline Sinders,outputs/2021SLU/output_2021_06_10_SLU_S4/bot4_2021_06_10_12_35_05_chunk1.json | outputs/2021SLU/output_2021_06_10_SLU_S4/bot4_2021_06_10_12_35_05_chunk2.json | outputs/2021SLU/output_2021_06_10_SLU_S4/bot4_2021_06_10_12_35_05_chunk4.json | outputs/2021SLU/output_2021_06_10_SLU_S4/bot4_2021_06_10_12_35_05_chunk5.json | outputs/2021SLU/output_2021_06_10_SLU_S4/bot4_2021_06_10_12_35_05_chunk6.json | outputs/2021SLU/output_2021_06_10_SLU_S4/bot4_2021_06_10_12_35_05_chunk7.json | outputs/2021SLU/output_2021_06_10_SLU_S4/bot4_2021_06_10_12_35_05_chunk8.json,9,7
chris martin,output,2021SLU,Chris Martin,outputs/2021SLU/output_2021_06_11_SLU_S11/bot4_2021_06_11_13_02_17_chunk1.json | outputs/2021SLU/output_2021_06_11_SLU_S11/bot4_2021_06_11_13_02_17_chunk2.json | outputs/2021SLU/output_2021_06_11_SLU_S11/bot4_2021_06_11_13_02_17_chunk3.json | outputs/2021SLU/output_2021_06_11_SLU_S11/bot4_2021_06_11_13_02_17_chunk4.json | outputs/2021SLU/output_2021_06_11_SLU_S11/bot4_2021_06_11_13_02_17_chunk5.json | outputs/2021SLU/output_2021_06_11_SLU_S11/bot4_2021_06_11_13_02_17_chunk6.json | outputs/2021SLU/output_2021_06_11_SLU_S11/bot4_2021_06_11_13_02_17_chunk7.json | outputs/2021SLU/output_2021_06_11_SLU_S11/bot4_2021_06_11_13_02_17_chunk8.json | outputs/2021SLU/output_2021_06_11_SLU_S2/bot2p1_Zoom_Meeting_Room_2_2021_06_11_10_58_33.json | outputs/2021SLU/output_2021_06_11_SLU_S2/bot2p2_Zoom_Meeting_Room_2_2021_06_11_10_59_37_chunk1.json | outputs/2021SLU/output_2021_06_11_SLU_S2/bot2p2_Zoom_Meeting_Room_2_2021_06_11_10_59_37_chunk2.json | outputs/2021SLU/output_2021_06_11_SLU_S2/bot2p2_Zoom_Meeting_Room_2_2021_06_11_10_59_37_chunk3.json | outputs/2021SLU/output_2021_06_11_SLU_S2/bot2p2_Zoom_Meeting_Room_2_2021_06_11_10_59_37_chunk4.json | outputs/2021SLU/output_2021_06_11_SLU_S2/bot2p2_Zoom_Meeting_Room_2_2021_06_11_10_59_37_chunk5.json | outputs/2021SLU/output_2021_06_11_SLU_S2/bot2p2_Zoom_Meeting_Room_2_2021_06_11_10_59_37_chunk6.json | outputs/2021SLU/output_2021_06_11_SLU_S2/bot2p2_Zoom_Meeting_Room_2_2021_06_11_10_59_37_chunk7.json | outputs/2021SLU/output_2021_06_11_SLU_S2/bot2p2_Zoom_Meeting_Room_2_2021_06_11_10_59_37_chunk8.json | outputs/2021SLU/output_2021_06_11_SLU_S5/botB2_2021_06_11_10_58_55_chunk1.json | outputs/2021SLU/output_2021_06_11_SLU_S5/botB2_2021_06_11_10_58_55_chunk2.json | outputs/2021SLU/output_2021_06_11_SLU_S5/botB2_2021_06_11_10_58_55_chunk3.json | outputs/2021SLU/output_2021_06_11_SLU_S5/botB2_2021_06_11_10_58_55_chunk4.json | outputs/2021SLU/output_2021_06_11_SLU_S5/botB2_2021_06_11_10_58_55_chunk5.json | outputs/2021SLU/output_2021_06_11_SLU_S5/botB2_2021_06_11_10_58_55_chunk6.json | outputs/2021SLU/output_2021_06_11_SLU_S5/botB2_2021_06_11_10_58_55_chunk7.json | outputs/2021SLU/output_2021_06_11_SLU_S5/botB2_2021_06_11_10_58_55_chunk8.json,31,25
courtney dressing,output,2021SLU,Courtney Dressing,outputs/2021SLU/output_2021_06_10_SLU_S3/bot3p1_Room_3_Zoom_Meeting_2021_06_10_12_36_05.json | outputs/2021SLU/output_2021_06_10_SLU_S3/bot3p2_Room_3_Zoom_Meeting_2021_06_10_12_36_45_chunk1.json | outputs/2021SLU/output_2021_06_10_SLU_S3/bot3p2_Room_3_Zoom_Meeting_2021_06_10_12_36_45_chunk2.json | outputs/2021SLU/output_2021_06_10_SLU_S3/bot3p2_Room_3_Zoom_Meeting_2021_06_10_12_36_45_chunk3.json | outputs/2021SLU/output_2021_06_10_SLU_S3/bot3p2_Room_3_Zoom_Meeting_2021_06_10_12_36_45_chunk4.json | outputs/2021SLU/output_2021_06_10_SLU_S3/bot3p2_Room_3_Zoom_Meeting_2021_06_10_12_36_45_chunk5.json | outputs/2021SLU/output_2021_06_10_SLU_S3/bot3p2_Room_3_Zoom_Meeting_2021_06_10_12_36_45_chunk6.json | outputs/2021SLU/output_2021_06_10_SLU_S3/bot3p2_Room_3_Zoom_Meeting_2021_06_10_12_36_45_chunk7.json | outputs/2021SLU/output_2021_06_10_SLU_S3/bot3p2_Room_3_Zoom_Meeting_2021_06_10_12_36_45_chunk8.json | outputs/2021SLU/output_2021_06_11_SLU_S6/Zoom_Meeting_Room_6_2021_06_11_10_58_05_chunk1.json | outputs/2021SLU/output_2021_06_11_SLU_S6/Zoom_Meeting_Room_6_2021_06_11_10_58_05_chunk2.json | outputs/2021SLU/output_2021_06_11_SLU_S6/Zoom_Meeting_Room_6_2021_06_11_10_58_05_chunk3.json | outputs/2021SLU/output_2021_06_11_SLU_S6/Zoom_Meeting_Room_6_2021_06_11_10_58_05_chunk4.json | outputs/2021SLU/output_2021_06_11_SLU_S6/Zoom_Meeting_Room_6_2021_06_11_10_58_05_chunk5.json | outputs/2021SLU/output_2021_06_11_SLU_S6/Zoom_Meeting_Room_6_2021_06_11_10_58_05_chunk6.json | outputs/2021SLU/output_2021_06_11_SLU_S6/Zoom_Meeting_Room_6_2021_06_11_10_58_05_chunk7.json | outputs/2021SLU/output_2021_06_11_SLU_S6/Zoom_Meeting_Room_6_2021_06_11_10_58_05_chunk8.json | outputs/2021SLU/output_2021_06_11_SLU_S8/bot1_2021_06_11_13_01_53_chunk1.json | outputs/2021SLU/output_2021_06_11_SLU_S8/bot1_2021_06_11_13_01_53_chunk2.json | outputs/2021SLU/output_2021_06_11_SLU_S8/bot1_2021_06_11_13_01_53_chunk3.json | outputs/2021SLU/output_2021_06_11_SLU_S8/bot1_2021_06_11_13_01_53_chunk4.json | outputs/2021SLU/output_2021_06_11_SLU_S8/bot1_2021_06_11_13_01_53_chunk5.json | outputs/2021SLU/output_2021_06_11_SLU_S8/bot1_2021_06_11_13_01_53_chunk6.json | outputs/2021SLU/output_2021_06_11_SLU_S8/bot1_2021_06_11_13_01_53_chunk7.json | outputs/2021SLU/output_2021_06_11_SLU_S8/bot1_2021_06_11_13_01_53_chunk8.json,97,25
daniel apai,output,2021SLU,Daniel Apai,outputs/2021SLU/output_2021_06_10_SLU_S3/bot3p1_Room_3_Zoom_Meeting_2021_06_10_12_36_05.json | outputs/2021SLU/output_2021_06_10_SLU_S3/bot3p2_Room_3_Zoom_Meeting_2021_06_10_12_36_45_chunk1.json | outputs/2021SLU/output_2021_06_10_SLU_S3/bot3p2_Room_3_Zoom_Meeting_2021_06_10_12_36_45_chunk2.json | outputs/2021SLU/output_2021_06_10_SLU_S3/bot3p2_Room_3_Zoom_Meeting_2021_06_10_12_36_45_chunk3.json | outputs/2021SLU/output_2021_06_10_SLU_S3/bot3p2_Room_3_Zoom_Meeting_2021_06_10_12_36_45_chunk4.json | outputs/2021SLU/output_2021_06_10_SLU_S3/bot3p2_Room_3_Zoom_Meeting_2021_06_10_12_36_45_chunk5.json | outputs/2021SLU/output_2021_06_10_SLU_S3/bot3p2_Room_3_Zoom_Meeting_2021_06_10_12_36_45_chunk6.json | outputs/2021SLU/output_2021_06_10_SLU_S3/bot3p2_Room_3_Zoom_Meeting_2021_06_10_12_36_45_chunk7.json | outputs/2021SLU/output_2021_06_10_SLU_S3/bot3p2_Room_3_Zoom_Meeting_2021_06_10_12_36_45_chunk8.json | outputs/2021SLU/output_2021_06_11_SLU_S10/bot3p1_Room_3_Zoom_Meeting_2021_06_11_13_02_46.json | outputs/2021SLU/output_2021_06_11_SLU_S10/bot3p2_Room_3_Zoom_Meeting_2021_06_11_13_03_36_chunk1.json | outputs/2021SLU/output_2021_06_11_SLU_S10/bot3p2_Room_3_Zoom_Meeting_2021_06_11_13_03_36_chunk2.json | outputs/2021SLU/output_2021_06_11_SLU_S10/bot3p2_Room_3_Zoom_Meeting_2021_06_11_13_03_36_chunk3.json | outputs/2021SLU/output_2021_06_11_SLU_S10/bot3p2_Room_3_Zoom_Meeting_2021_06_11_13_03_36_chunk4.json | outputs/2021SLU/output_2021_06_11_SLU_S10/bot3p2_Room_3_Zoom_Meeting_2021_06_11_13_03_36_chunk5.json | outputs/2021SLU/output_2021_06_11_SLU_S10/bot3p2_Room_3_Zoom_Meeting_2021_06_11_13_03_36_chunk6.json | outputs/2021SLU/output_2021_06_11_SLU_S10/bot3p2_Room_3_Zoom_Meeting_2021_06_11_13_03_36_chunk7.json | outputs/2021SLU/output_2021_06_11_SLU_S10/bot3p2_Room_3_Zoom_Meeting_2021_06_11_13_03_36_chunk8.json | outputs/2021SLU/output_2021_06_11_SLU_S6/Zoom_Meeting_Room_6_2021_06_11_10_58_05_chunk1.json | outputs/2021SLU/output_2021_06_11_SLU_S6/Zoom_Meeting_Room_6_2021_06_11_10_58_05_chunk2.json | outputs/2021SLU/output_2021_06_11_SLU_S6/Zoom_Meeting_Room_6_2021_06_11_10_58_05_chunk3.json | outputs/2021SLU/output_2021_06_11_SLU_S6/Zoom_Meeting_Room_6_2021_06_11_10_58_05_chunk4.json | outputs/2021SLU/output_2021_06_11_SLU_S6/Zoom_Meeting_Room_6_2021_06_11_10_58_05_chunk5.json | outputs/2021SLU/output_2021_06_11_SLU_S6/Zoom_Meeting_Room_6_2021_06_11_10_58_05_chunk6.json | outputs/2021SLU/output_2021_06_11_SLU_S6/Zoom_Meeting_Room_6_2021_06_11_10_58_05_chunk7.json | outputs/2021SLU/output_2021_06_11_SLU_S6/Zoom_Meeting_Room_6_2021_06_11_10_58_05_chunk8.json,139,26
david steuerman,output,2021SLU,David Steuerman,outputs/2021SLU/output_2021_06_10_SLU_S4/bot4_2021_06_10_12_35_05_chunk1.json | outputs/2021SLU/output_2021_06_10_SLU_S4/bot4_2021_06_10_12_35_05_chunk2.json | outputs/2021SLU/output_2021_06_10_SLU_S4/bot4_2021_06_10_12_35_05_chunk4.json | outputs/2021SLU/output_2021_06_10_SLU_S4/bot4_2021_06_10_12_35_05_chunk5.json | outputs/2021SLU/output_2021_06_10_SLU_S4/bot4_2021_06_10_12_35_05_chunk6.json | outputs/2021SLU/output_2021_06_10_SLU_S4/bot4_2021_06_10_12_35_05_chunk7.json | outputs/2021SLU/output_2021_06_10_SLU_S4/bot4_2021_06_10_12_35_05_chunk8.json,9,7
diane matar,output,2021SLU,Diane Matar,outputs/2021SLU/output_2021_06_11_SLU_S1/bot1_2021_06_11_10_57_56_chunk1.json | outputs/2021SLU/output_2021_06_11_SLU_S1/bot1_2021_06_11_10_57_56_chunk2.json | outputs/2021SLU/output_2021_06_11_SLU_S1/bot1_2021_06_11_10_57_56_chunk3.json | outputs/2021SLU/output_2021_06_11_SLU_S1/bot1_2021_06_11_10_57_56_chunk4.json | outputs/2021SLU/output_2021_06_11_SLU_S1/bot1_2021_06_11_10_57_56_chunk5.json | outputs/2021SLU/output_2021_06_11_SLU_S1/bot1_2021_06_11_10_57_56_chunk6.json | outputs/2021SLU/output_2021_06_11_SLU_S1/bot1_2021_06_11_10_57_56_chunk7.json | outputs/2021SLU/output_2021_06_11_SLU_S1/bot1_2021_06_11_10_57_56_chunk8.json,11,8
dimitar sasselov,output,2021SLU,Dimitar Sasselov,outputs/2021SLU/output_2021_06_10_SLU_S2/bot2p1_Zoom_Meeting_Room_2_2021_06_10_12_35_37.json | outputs/2021SLU/output_2021_06_10_SLU_S2/bot2p2_Zoom_Meeting_Room_2_2021_06_10_12_37_25_chunk1.json | outputs/2021SLU/output_2021_06_10_SLU_S2/bot2p2_Zoom_Meeting_Room_2_2021_06_10_12_37_25_chunk2.json | outputs/2021SLU/output_2021_06_10_SLU_S2/bot2p2_Zoom_Meeting_Room_2_2021_06_10_12_37_25_chunk3.json | outputs/2021SLU/output_2021_06_10_SLU_S2/bot2p2_Zoom_Meeting_Room_2_2021_06_10_12_37_25_chunk4.json | outputs/2021SLU/output_2021_06_10_SLU_S2/bot2p2_Zoom_Meeting_Room_2_2021_06_10_12_37_25_chunk5.json | outputs/2021SLU/output_2021_06_10_SLU_S2/bot2p2_Zoom_Meeting_Room_2_2021_06_10_12_37_25_chunk6.json | outputs/2021SLU/output_2021_06_10_SLU_S2/bot2p2_Zoom_Meeting_Room_2_2021_06_10_12_37_25_chunk7.json | outputs/2021SLU/output_2021_06_10_SLU_S2/bot2p2_Zoom_Meeting_Room_2_2021_06_10_12_37_25_chunk8.json | outputs/2021SLU/output_2021_06_10_SLU_S5/botB2_2021_06_10_12_35_06_chunk1.json | outputs/2021SLU/output_2021_06_10_SLU_S5/botB2_2021_06_10_12_35_06_chunk2.json | outputs/2021SLU/output_2021_06_10_SLU_S5/botB2_2021_06_10_12_35_06_chunk3.json | outputs/2021SLU/output_2021_06_10_SLU_S5/botB2_2021_06_10_12_35_06_chunk4.json | outputs/2021SLU/output_2021_06_10_SLU_S5/botB2_2021_06_10_12_35_06_chunk5.json | outputs/2021SLU/output_2021_06_10_SLU_S5/botB2_2021_06_10_12_35_06_chunk6.json | outputs/2021SLU/output_2021_06_10_SLU_S5/botB2_2021_06_10_12_35_06_chunk8.json | outputs/2021SLU/output_2021_06_11_SLU_S11/bot4_2021_06_11_13_02_17_chunk1.json | outputs/2021SLU/output_2021_06_11_SLU_S11/bot4_2021_06_11_13_02_17_chunk2.json | outputs/2021SLU/output_2021_06_11_SLU_S11/bot4_2021_06_11_13_02_17_chunk3.json | outputs/2021SLU/output_2021_06_11_SLU_S11/bot4_2021_06_11_13_02_17_chunk4.json | outputs/2021SLU/output_2021_06_11_SLU_S11/bot4_2021_06_11_13_02_17_chunk5.json | outputs/2021SLU/output_2021_06_11_SLU_S11/bot4_2021_06_11_13_02_17_chunk6.json | outputs/2021SLU/output_2021_06_11_SLU_S11/bot4_2021_06_11_13_02_17_chunk7.json | outputs/2021SLU/output_2021_06_11_SLU_S11/bot4_2021_06_11_13_02_17_chunk8.json | outputs/2021SLU/output_2021_06_11_SLU_S4/bot4_2021_06_11_10_58_21_chunk1.json | outputs/2021SLU/output_2021_06_11_SLU_S4/bot4_2021_06_11_10_58_21_chunk2.json | outputs/2021SLU/output_2021_06_11_SLU_S4/bot4_2021_06_11_10_58_21_chunk3.json | outputs/2021SLU/output_2021_06_11_SLU_S4/bot4_2021_06_11_10_58_21_chunk4.json | outputs/2021SLU/output_2021_06_11_SLU_S4/bot4_2021_06_11_10_58_21_chunk5.json | outputs/2021SLU/output_2021_06_11_SLU_S4/bot4_2021_06_11_10_58_21_chunk6.json | outputs/2021SLU/output_2021_06_11_SLU_S4/bot4_2021_06_11_10_58_21_chunk7.json | outputs/2021SLU/output_2021_06_11_SLU_S4/bot4_2021_06_11_10_58_21_chunk8.json,231,32
erik sperling,output,2021SLU,Erik Sperling,outputs/2021SLU/output_2021_06_10_SLU_S1/bot1_2021_06_10_12_34_46_chunk1.json | outputs/2021SLU/output_2021_06_10_SLU_S1/bot1_2021_06_10_12_34_46_chunk2.json | outputs/2021SLU/output_2021_06_10_SLU_S1/bot1_2021_06_10_12_34_46_chunk3.json | outputs/2021SLU/output_2021_06_10_SLU_S1/bot1_2021_06_10_12_34_46_chunk4.json | outputs/2021SLU/output_2021_06_10_SLU_S1/bot1_2021_06_10_12_34_46_chunk5.json | outputs/2021SLU/output_2021_06_10_SLU_S1/bot1_2021_06_10_12_34_46_chunk6.json | outputs/2021SLU/output_2021_06_10_SLU_S1/bot1_2021_06_10_12_34_46_chunk7.json | outputs/2021SLU/output_2021_06_10_SLU_S1/bot1_2021_06_10_12_34_46_chunk8.json,25,8
france cordova,output,2021SLU,France Cordova,outputs/2021SLU/output_2021_06_10_SLU_S7/Zoom_Meeting_6_10_2021_12_35_12_PM_chunk2.json | outputs/2021SLU/output_2021_06_10_SLU_S7/Zoom_Meeting_6_10_2021_12_35_12_PM_chunk3.json | outputs/2021SLU/output_2021_06_10_SLU_S7/Zoom_Meeting_6_10_2021_12_35_12_PM_chunk4.json | outputs/2021SLU/output_2021_06_10_SLU_S7/Zoom_Meeting_6_10_2021_12_35_12_PM_chunk5.json | outputs/2021SLU/output_2021_06_10_SLU_S7/Zoom_Meeting_6_10_2021_12_35_12_PM_chunk6.json | outputs/2021SLU/output_2021_06_10_SLU_S7/Zoom_Meeting_6_10_2021_12_35_12_PM_chunk7.json | outputs/2021SLU/output_2021_06_10_SLU_S7/Zoom_Meeting_6_10_2021_12_35_12_PM_chunk8.json,9,7
gregory fournier,output,2021SLU,Gregory Fournier,outputs/2021SLU/output_2021_06_11_SLU_S11/bot4_2021_06_11_13_02_17_chunk4.json | outputs/2021SLU/output_2021_06_11_SLU_S11/bot4_2021_06_11_13_02_17_chunk5.json | outputs/2021SLU/output_2021_06_11_SLU_S11/bot4_2021_06_11_13_02_17_chunk6.json | outputs/2021SLU/output_2021_06_11_SLU_S11/bot4_2021_06_11_13_02_17_chunk7.json | outputs/2021SLU/output_2021_06_11_SLU_S11/bot4_2021_06_11_13_02_17_chunk8.json,21,5
gregory p fournier,output,2021SLU,Gregory P. Fournier,outputs/2021SLU/output_2021_06_11_SLU_S7/Zoom_Meeting_6_11_2021_10_58_14_AM_chunk1.json | outputs/2021SLU/output_2021_06_11_SLU_S7/Zoom_Meeting_6_11_2021_10_58_14_AM_chunk2.json | outputs/2021SLU/output_2021_06_11_SLU_S7/Zoom_Meeting_6_11_2021_10_58_14_AM_chunk3.json | outputs/2021SLU/output_2021_06_11_SLU_S7/Zoom_Meeting_6_11_2021_10_58_14_AM_chunk4.json | outputs/2021SLU/output_2021_06_11_SLU_S7/Zoom_Meeting_6_11_2021_10_58_14_AM_chunk5.json | outputs/2021SLU/output_2021_06_11_SLU_S7/Zoom_Meeting_6_11_2021_10_58_14_AM_chunk6.json | outputs/2021SLU/output_2021_06_11_SLU_S7/Zoom_Meeting_6_11_2021_10_58_14_AM_chunk7.json | outputs/2021SLU/output_2021_06_11_SLU_S7/Zoom_Meeting_6_11_2021_10_58_14_AM_chunk8.json,30,8
hilke schlichting,output,2021SLU,Hilke Schlichting,outputs/2021SLU/output_2021_06_10_SLU_S6/Zoom_Meeting_2021_06_10_12_06_54.json | outputs/2021SLU/output_2021_06_10_SLU_S6/Zoom_Meeting_Room_6_2021_06_10_12_35_01_chunk1.json | outputs/2021SLU/output_2021_06_10_SLU_S6/Zoom_Meeting_Room_6_2021_06_10_12_35_01_chunk2.json | outputs/2021SLU/output_2021_06_10_SLU_S6/Zoom_Meeting_Room_6_2021_06_10_12_35_01_chunk3.json | outputs/2021SLU/output_2021_06_10_SLU_S6/Zoom_Meeting_Room_6_2021_06_10_12_35_01_chunk4.json | outputs/2021SLU/output_2021_06_10_SLU_S6/Zoom_Meeting_Room_6_2021_06_10_12_35_01_chunk5.json | outputs/2021SLU/output_2021_06_10_SLU_S6/Zoom_Meeting_Room_6_2021_06_10_12_35_01_chunk6.json | outputs/2021SLU/output_2021_06_10_SLU_S6/Zoom_Meeting_Room_6_2021_06_10_12_35_01_chunk7.json | outputs/2021SLU/output_2021_06_10_SLU_S6/Zoom_Meeting_Room_6_2021_06_10_12_35_01_chunk8.json | outputs/2021SLU/output_2021_06_11_SLU_S2/bot2p1_Zoom_Meeting_Room_2_2021_06_11_10_58_33.json | outputs/2021SLU/output_2021_06_11_SLU_S2/bot2p2_Zoom_Meeting_Room_2_2021_06_11_10_59_37_chunk1.json | outputs/2021SLU/output_2021_06_11_SLU_S2/bot2p2_Zoom_Meeting_Room_2_2021_06_11_10_59_37_chunk2.json | outputs/2021SLU/output_2021_06_11_SLU_S2/bot2p2_Zoom_Meeting_Room_2_2021_06_11_10_59_37_chunk3.json | outputs/2021SLU/output_2021_06_11_SLU_S2/bot2p2_Zoom_Meeting_Room_2_2021_06_11_10_59_37_chunk4.json | outputs/2021SLU/output_2021_06_11_SLU_S2/bot2p2_Zoom_Meeting_Room_2_2021_06_11_10_59_37_chunk5.json | outputs/2021SLU/output_2021_06_11_SLU_S2/bot2p2_Zoom_Meeting_Room_2_2021_06_11_10_59_37_chunk6.json | outputs/2021SLU/output_2021_06_11_SLU_S2/bot2p2_Zoom_Meeting_Room_2_2021_06_11_10_59_37_chunk7.json | outputs/2021SLU/output_2021_06_11_SLU_S2/bot2p2_Zoom_Meeting_Room_2_2021_06_11_10_59_37_chunk8.json | outputs/2021SLU/output_2021_06_11_SLU_S5/botB2_2021_06_11_10_58_55_chunk1.json | outputs/2021SLU/output_2021_06_11_SLU_S5/botB2_2021_06_11_10_58_55_chunk2.json | outputs/2021SLU/output_2021_06_11_SLU_S5/botB2_2021_06_11_10_58_55_chunk3.json | outputs/2021SLU/output_2021_06_11_SLU_S5/botB2_2021_06_11_10_58_55_chunk4.json | outputs/2021SLU/output_2021_06_11_SLU_S5/botB2_2021_06_11_10_58_55_chunk5.json | outputs/2021SLU/output_2021_06_11_SLU_S5/botB2_2021_06_11_10_58_55_chunk6.json | outputs/2021SLU/output_2021_06_11_SLU_S5/botB2_2021_06_11_10_58_55_chunk7.json | outputs/2021SLU/output_2021_06_11_SLU_S5/botB2_2021_06_11_10_58_55_chunk8.json,73,26
jamie bender,output,2021SLU,Jamie Bender,outputs/2021SLU/output_2021_06_10_SLU_S6/Zoom_Meeting_2021_06_10_12_06_54.json | outputs/2021SLU/output_2021_06_10_SLU_S6/Zoom_Meeting_Room_6_2021_06_10_12_35_01_chunk1.json | outputs/2021SLU/output_2021_06_10_SLU_S6/Zoom_Meeting_Room_6_2021_06_10_12_35_01_chunk2.json | outputs/2021SLU/output_2021_06_10_SLU_S6/Zoom_Meeting_Room_6_2021_06_10_12_35_01_chunk3.json | outputs/2021SLU/output_2021_06_10_SLU_S6/Zoom_Meeting_Room_6_2021_06_10_12_35_01_chunk4.json | outputs/2021SLU/output_2021_06_10_SLU_S6/Zoom_Meeting_Room_6_2021_06_10_12_35_01_chunk5.json | outputs/2021SLU/output_2021_06_10_SLU_S6/Zoom_Meeting_Room_6_2021_06_10_12_35_01_chunk6.json | outputs/2021SLU/output_2021_06_10_SLU_S6/Zoom_Meeting_Room_6_2021_06_10_12_35_01_chunk7.json | outputs/2021SLU/output_2021_06_10_SLU_S6/Zoom_Meeting_Room_6_2021_06_10_12_35_01_chunk8.json | outputs/2021SLU/output_2021_06_11_SLU_S8/bot1_2021_06_11_13_01_53_chunk1.json | outputs/2021SLU/output_2021_06_11_SLU_S8/bot1_2021_06_11_13_01_53_chunk2.json | outputs/2021SLU/output_2021_06_11_SLU_S8/bot1_2021_06_11_13_01_53_chunk3.json | outputs/2021SLU/output_2021_06_11_SLU_S8/bot1_2021_06_11_13_01_53_chunk4.json | outputs/2021SLU/output_2021_06_11_SLU_S8/bot1_2021_06_11_13_01_53_chunk5.json | outputs/2021SLU/output_2021_06_11_SLU_S8/bot1_2021_06_11_13_01_53_chunk6.json | outputs/2021SLU/output_2021_06_11_SLU_S8/bot1_2021_06_11_13_01_53_chunk7.json | outputs/2021SLU/output_2021_06_11_SLU_S8/bot1_2021_06_11_13_01_53_chunk8.json,21,17
jay forsythe,output,2021SLU,Jay Forsythe,outputs/2021SLU/output_2021_06_10_SLU_S1/bot1_2021_06_10_12_34_46_chunk1.json | outputs/2021SLU/output_2021_06_10_SLU_S1/bot1_2021_06_10_12_34_46_chunk2.json | outputs/2021SLU/output_2021_06_10_SLU_S1/bot1_2021_06_10_12_34_46_chunk3.json | outputs/2021SLU/output_2021_06_10_SLU_S1/bot1_2021_06_10_12_34_46_chunk4.json | outputs/2021SLU/output_2021_06_10_SLU_S1/bot1_2021_06_10_12_34_46_chunk5.json | outputs/2021SLU/output_2021_06_10_SLU_S1/bot1_2021_06_10_12_34_46_chunk6.json | outputs/2021SLU/output_2021_06_10_SLU_S1/bot1_2021_06_10_12_34_46_chunk7.json | outputs/2021SLU/output_2021_06_10_SLU_S1/bot1_2021_06_10_12_34_46_chunk8.json | outputs/2021SLU/output_2021_06_11_SLU_S11/bot4_2021_06_11_13_02_17_chunk1.json | outputs/2021SLU/output_2021_06_11_SLU_S11/bot4_2021_06_11_13_02_17_chunk2.json | outputs/2021SLU/output_2021_06_11_SLU_S11/bot4_2021_06_11_13_02_17_chunk3.json | outputs/2021SLU/output_2021_06_11_SLU_S11/bot4_2021_06_11_13_02_17_chunk4.json | outputs/2021SLU/output_2021_06_11_SLU_S11/bot4_2021_06_11_13_02_17_chunk5.json | outputs/2021SLU/output_2021_06_11_SLU_S11/bot4_2021_06_11_13_02_17_chunk6.json | outputs/2021SLU/output_2021_06_11_SLU_S11/bot4_2021_06_11_13_02_17_chunk7.json | outputs/2021SLU/output_2021_06_11_SLU_S11/bot4_2021_06_11_13_02_17_chunk8.json | outputs/2021SLU/output_2021_06_11_SLU_S2/bot2p1_Zoom_Meeting_Room_2_2021_06_11_10_58_33.json | outputs/2021SLU/output_2021_06_11_SLU_S2/bot2p2_Zoom_Meeting_Room_2_2021_06_11_10_59_37_chunk1.json | outputs/2021SLU/output_2021_06_11_SLU_S2/bot2p2_Zoom_Meeting_Room_2_2021_06_11_10_59_37_chunk2.json | outputs/2021SLU/output_2021_06_11_SLU_S2/bot2p2_Zoom_Meeting_Room_2_2021_06_11_10_59_37_chunk3.json | outputs/2021SLU/output_2021_06_11_SLU_S2/bot2p2_Zoom_Meeting_Room_2_2021_06_11_10_59_37_chunk4.json | outputs/2021SLU/output_2021_06_11_SLU_S2/bot2p2_Zoom_Meeting_Room_2_2021_06_11_10_59_37_chunk5.json | outputs/2021SLU/output_2021_06_11_SLU_S2/bot2p2_Zoom_Meeting_Room_2_2021_06_11_10_59_37_chunk6.json | outputs/2021SLU/output_2021_06_11_SLU_S2/bot2p2_Zoom_Meeting_Room_2_2021_06_11_10_59_37_chunk7.json | outputs/2021SLU/output_2021_06_11_SLU_S2/bot2p2_Zoom_Meeting_Room_2_2021_06_11_10_59_37_chunk8.json | outputs/2021SLU/output_2021_06_11_SLU_S5/botB2_2021_06_11_10_58_55_chunk1.json | outputs/2021SLU/output_2021_06_11_SLU_S5/botB2_2021_06_11_10_58_55_chunk2.json | outputs/2021SLU/output_2021_06_11_SLU_S5/botB2_2021_06_11_10_58_55_chunk3.json | outputs/2021SLU/output_2021_06_11_SLU_S5/botB2_2021_06_11_10_58_55_chunk4.json | outputs/2021SLU/output_2021_06_11_SLU_S5/botB2_2021_06_11_10_58_55_chunk5.json | outputs/2021SLU/output_2021_06_11_SLU_S5/botB2_2021_06_11_10_58_55_chunk6.json | outputs/2021SLU/output_2021_06_11_SLU_S5/botB2_2021_06_11_10_58_55_chunk7.json | outputs/2021SLU/output_2021_06_11_SLU_S5/botB2_2021_06_11_10_58_55_chunk8.json,128,33
jen glass,output,2021SLU,Jen Glass,outputs/2021SLU/output_2021_06_10_SLU_S4/bot4_2021_06_10_12_35_05_chunk1.json | outputs/2021SLU/output_2021_06_10_SLU_S4/bot4_2021_06_10_12_35_05_chunk2.json | outputs/2021SLU/output_2021_06_10_SLU_S4/bot4_2021_06_10_12_35_05_chunk4.json | outputs/2021SLU/output_2021_06_10_SLU_S4/bot4_2021_06_10_12_35_05_chunk5.json | outputs/2021SLU/output_2021_06_10_SLU_S4/bot4_2021_06_10_12_35_05_chunk6.json | outputs/2021SLU/output_2021_06_10_SLU_S4/bot4_2021_06_10_12_35_05_chunk7.json | outputs/2021SLU/output_2021_06_10_SLU_S4/bot4_2021_06_10_12_35_05_chunk8.json,35,7
jennifer b glass,truth,2021SLU,Jennifer B. Glass,analysis_v1/data/2021SLU/2021SLU_outcome.json,1,1
jennifer glass,output,2021SLU,Jennifer Glass,outputs/2021SLU/output_2021_06_11_SLU_S10/bot3p1_Room_3_Zoom_Meeting_2021_06_11_13_02_46.json | outputs/2021SLU/output_2021_06_11_SLU_S10/bot3p2_Room_3_Zoom_Meeting_2021_06_11_13_03_36_chunk1.json | outputs/2021SLU/output_2021_06_11_SLU_S10/bot3p2_Room_3_Zoom_Meeting_2021_06_11_13_03_36_chunk2.json | outputs/2021SLU/output_2021_06_11_SLU_S10/bot3p2_Room_3_Zoom_Meeting_2021_06_11_13_03_36_chunk3.json | outputs/2021SLU/output_2021_06_11_SLU_S10/bot3p2_Room_3_Zoom_Meeting_2021_06_11_13_03_36_chunk4.json | outputs/2021SLU/output_2021_06_11_SLU_S10/bot3p2_Room_3_Zoom_Meeting_2021_06_11_13_03_36_chunk5.json | outputs/2021SLU/output_2021_06_11_SLU_S10/bot3p2_Room_3_Zoom_Meeting_2021_06_11_13_03_36_chunk6.json | outputs/2021SLU/output_2021_06_11_SLU_S10/bot3p2_Room_3_Zoom_Meeting_2021_06_11_13_03_36_chunk7.json | outputs/2021SLU/output_2021_06_11_SLU_S10/bot3p2_Room_3_Zoom_Meeting_2021_06_11_13_03_36_chunk8.json | outputs/2021SLU/output_2021_06_11_SLU_S3/bot3p1_Room_3_Zoom_Meeting_2021_06_11_10_58_57.json | outputs/2021SLU/output_2021_06_11_SLU_S3/bot3p2_Room_3_Zoom_Meeting_2021_06_11_10_59_57_chunk1.json | outputs/2021SLU/output_2021_06_11_SLU_S3/bot3p2_Room_3_Zoom_Meeting_2021_06_11_10_59_57_chunk2.json | outputs/2021SLU/output_2021_06_11_SLU_S3/bot3p2_Room_3_Zoom_Meeting_2021_06_11_10_59_57_chunk3.json | outputs/2021SLU/output_2021_06_11_SLU_S3/bot3p2_Room_3_Zoom_Meeting_2021_06_11_10_59_57_chunk4.json | outputs/2021SLU/output_2021_06_11_SLU_S3/bot3p2_Room_3_Zoom_Meeting_2021_06_11_10_59_57_chunk5.json | outputs/2021SLU/output_2021_06_11_SLU_S3/bot3p2_Room_3_Zoom_Meeting_2021_06_11_10_59_57_chunk6.json | outputs/2021SLU/output_2021_06_11_SLU_S3/bot3p2_Room_3_Zoom_Meeting_2021_06_11_10_59_57_chunk7.json | outputs/2021SLU/output_2021_06_11_SLU_S3/bot3p2_Room_3_Zoom_Meeting_2021_06_11_10_59_57_chunk8.json,64,18
ji wang,output,2021SLU,Ji Wang,outputs/2021SLU/output_2021_06_10_SLU_S1/bot1_2021_06_10_12_34_46_chunk8.json | outputs/2021SLU/output_2021_06_10_SLU_S7/Zoom_Meeting_6_10_2021_12_35_12_PM_chunk1.json | outputs/2021SLU/output_2021_06_10_SLU_S7/Zoom_Meeting_6_10_2021_12_35_12_PM_chunk2.json | outputs/2021SLU/output_2021_06_10_SLU_S7/Zoom_Meeting_6_10_2021_12_35_12_PM_chunk3.json | outputs/2021SLU/output_2021_06_10_SLU_S7/Zoom_Meeting_6_10_2021_12_35_12_PM_chunk4.json | outputs/2021SLU/output_2021_06_10_SLU_S7/Zoom_Meeting_6_10_2021_12_35_12_PM_chunk5.json | outputs/2021SLU/output_2021_06_10_SLU_S7/Zoom_Meeting_6_10_2021_12_35_12_PM_chunk6.json | outputs/2021SLU/output_2021_06_10_SLU_S7/Zoom_Meeting_6_10_2021_12_35_12_PM_chunk7.json | outputs/2021SLU/output_2021_06_10_SLU_S7/Zoom_Meeting_6_10_2021_12_35_12_PM_chunk8.json | outputs/2021SLU/output_2021_06_11_SLU_S7/Zoom_Meeting_6_11_2021_10_58_14_AM_chunk1.json | outputs/2021SLU/output_2021_06_11_SLU_S7/Zoom_Meeting_6_11_2021_10_58_14_AM_chunk2.json | outputs/2021SLU/output_2021_06_11_SLU_S7/Zoom_Meeting_6_11_2021_10_58_14_AM_chunk3.json | outputs/2021SLU/output_2021_06_11_SLU_S7/Zoom_Meeting_6_11_2021_10_58_14_AM_chunk4.json | outputs/2021SLU/output_2021_06_11_SLU_S7/Zoom_Meeting_6_11_2021_10_58_14_AM_chunk5.json | outputs/2021SLU/output_2021_06_11_SLU_S7/Zoom_Meeting_6_11_2021_10_58_14_AM_chunk6.json | outputs/2021SLU/output_2021_06_11_SLU_S7/Zoom_Meeting_6_11_2021_10_58_14_AM_chunk7.json | outputs/2021SLU/output_2021_06_11_SLU_S7/Zoom_Meeting_6_11_2021_10_58_14_AM_chunk8.json,59,17
jochen marschall,output,2021SLU,Jochen Marschall,outputs/2021SLU/output_2021_06_10_SLU_S6/Zoom_Meeting_2021_06_10_12_06_54.json | outputs/2021SLU/output_2021_06_10_SLU_S6/Zoom_Meeting_Room_6_2021_06_10_12_35_01_chunk1.json | outputs/2021SLU/output_2021_06_10_SLU_S6/Zoom_Meeting_Room_6_2021_06_10_12_35_01_chunk2.json | outputs/2021SLU/output_2021_06_10_SLU_S6/Zoom_Meeting_Room_6_2021_06_10_12_35_01_chunk3.json | outputs/2021SLU/output_2021_06_10_SLU_S6/Zoom_Meeting_Room_6_2021_06_10_12_35_01_chunk4.json | outputs/2021SLU/output_2021_06_10_SLU_S6/Zoom_Meeting_Room_6_2021_06_10_12_35_01_chunk5.json | outputs/2021SLU/output_2021_06_10_SLU_S6/Zoom_Meeting_Room_6_2021_06_10_12_35_01_chunk6.json | outputs/2021SLU/output_2021_06_10_SLU_S6/Zoom_Meeting_Room_6_2021_06_10_12_35_01_chunk7.json | outputs/2021SLU/output_2021_06_10_SLU_S6/Zoom_Meeting_Room_6_2021_06_10_12_35_01_chunk8.json | outputs/2021SLU/output_2021_06_11_SLU_S11/bot4_2021_06_11_13_02_17_chunk1.json | outputs/2021SLU/output_2021_06_11_SLU_S11/bot4_2021_06_11_13_02_17_chunk2.json | outputs/2021SLU/output_2021_06_11_SLU_S11/bot4_2021_06_11_13_02_17_chunk3.json | outputs/2021SLU/output_2021_06_11_SLU_S11/bot4_2021_06_11_13_02_17_chunk4.json | outputs/2021SLU/output_2021_06_11_SLU_S11/bot4_2021_06_11_13_02_17_chunk5.json | outputs/2021SLU/output_2021_06_11_SLU_S11/bot4_2021_06_11_13_02_17_chunk6.json | outputs/2021SLU/output_2021_06_11_SLU_S11/bot4_2021_06_11_13_02_17_chunk7.json | outputs/2021SLU/output_2021_06_11_SLU_S11/bot4_2021_06_11_13_02_17_chunk8.json,21,17
katherine de kleer,output,2021SLU,Katherine de Kleer,outputs/2021SLU/output_2021_06_10_SLU_S4/bot4_2021_06_10_12_35_05_chunk1.json | outputs/2021SLU/output_2021_06_10_SLU_S4/bot4_2021_06_10_12_35_05_chunk2.json | outputs/2021SLU/output_2021_06_10_SLU_S4/bot4_2021_06_10_12_35_05_chunk4.json | outputs/2021SLU/output_2021_06_10_SLU_S4/bot4_2021_06_10_12_35_05_chunk5.json | outputs/2021SLU/output_2021_06_10_SLU_S4/bot4_2021_06_10_12_35_05_chunk6.json | outputs/2021SLU/output_2021_06_10_SLU_S4/bot4_2021_06_10_12_35_05_chunk7.json | outputs/2021SLU/output_2021_06_10_SLU_S4/bot4_2021_06_10_12_35_05_chunk8.json | outputs/2021SLU/output_2021_06_11_SLU_S12/botB2_2021_06_11_13_01_54_chunk1.json | outputs/2021SLU/output_2021_06_11_SLU_S12/botB2_2021_06_11_13_01_54_chunk2.json | outputs/2021SLU/output_2021_06_11_SLU_S12/botB2_2021_06_11_13_01_54_chunk3.json | outputs/2021SLU/output_2021_06_11_SLU_S12/botB2_2021_06_11_13_01_54_chunk4.json | outputs/2021SLU/output_2021_06_11_SLU_S12/botB2_2021_06_11_13_01_54_chunk5.json | outputs/2021SLU/output_2021_06_11_SLU_S12/botB2_2021_06_11_13_01_54_chunk6.json | outputs/2021SLU/output_2021_06_11_SLU_S12/botB2_2021_06_11_13_01_54_chunk7.json | outputs/2021SLU/output_2021_06_11_SLU_S12/botB2_2021_06_11_13_01_54_chunk8.json | outputs/2021SLU/output_2021_06_11_SLU_S7/Zoom_Meeting_6_11_2021_10_58_14_AM_chunk1.json | outputs/2021SLU/output_2021_06_11_SLU_S7/Zoom_Meeting_6_11_2021_10_58_14_AM_chunk2.json | outputs/2021SLU/output_2021_06_11_SLU_S7/Zoom_Meeting_6_11_2021_10_58_14_AM_chunk3.json | outputs/2021SLU/output_2021_06_11_SLU_S7/Zoom_Meeting_6_11_2021_10_58_14_AM_chunk4.json | outputs/2021SLU/output_2021_06_11_SLU_S7/Zoom_Meeting_6_11_2021_10_58_14_AM_chunk5.json | outputs/2021SLU/output_2021_06_11_SLU_S7/Zoom_Meeting_6_11_2021_10_58_14_AM_chunk6.json | outputs/2021SLU/output_2021_06_11_SLU_S7/Zoom_Meeting_6_11_2021_10_58_14_AM_chunk7.json | outputs/2021SLU/output_2021_06_11_SLU_S7/Zoom_Meeting_6_11_2021_10_58_14_AM_chunk8.json | outputs/2021SLU/output_2021_06_11_SLU_S9/bot2p1_Zoom_Meeting_Room_2_2021_06_11_13_02_29.json | outputs/2021SLU/output_2021_06_11_SLU_S9/bot2p2_Zoom_Meeting_Room_2_2021_06_11_13_02_58_chunk1.json | outputs/2021SLU/output_2021_06_11_SLU_S9/bot2p2_Zoom_Meeting_Room_2_2021_06_11_13_02_58_chunk2.json | outputs/2021SLU/output_2021_06_11_SLU_S9/bot2p2_Zoom_Meeting_Room_2_2021_06_11_13_02_58_chunk3.json | outputs/2021SLU/output_2021_06_11_SLU_S9/bot2p2_Zoom_Meeting_Room_2_2021_06_11_13_02_58_chunk4.json | outputs/2021SLU/output_2021_06_11_SLU_S9/bot2p2_Zoom_Meeting_Room_2_2021_06_11_13_02_58_chunk5.json | outputs/2021SLU/output_2021_06_11_SLU_S9/bot2p2_Zoom_Meeting_Room_2_2021_06_11_13_02_58_chunk6.json | outputs/2021SLU/output_2021_06_11_SLU_S9/bot2p2_Zoom_Meeting_Room_2_2021_06_11_13_02_58_chunk7.json | outputs/2021SLU/output_2021_06_11_SLU_S9/bot2p2_Zoom_Meeting_Room_2_2021_06_11_13_02_58_chunk8.json,110,32
leslie anne rogers,truth,2021SLU,Leslie Anne Rogers,analysis_v1/data/2021SLU/2021SLU_outcome.json,1,1
leslie rogers,output,2021SLU,Leslie Rogers,outputs/2021SLU/output_2021_06_10_SLU_S3/bot3p1_Room_3_Zoom_Meeting_2021_06_10_12_36_05.json | outputs/2021SLU/output_2021_06_10_SLU_S3/bot3p2_Room_3_Zoom_Meeting_2021_06_10_12_36_45_chunk1.json | outputs/2021SLU/output_2021_06_10_SLU_S3/bot3p2_Room_3_Zoom_Meeting_2021_06_10_12_36_45_chunk2.json | outputs/2021SLU/output_2021_06_10_SLU_S3/bot3p2_Room_3_Zoom_Meeting_2021_06_10_12_36_45_chunk3.json | outputs/2021SLU/output_2021_06_10_SLU_S3/bot3p2_Room_3_Zoom_Meeting_2021_06_10_12_36_45_chunk4.json | outputs/2021SLU/output_2021_06_10_SLU_S3/bot3p2_Room_3_Zoom_Meeting_2021_06_10_12_36_45_chunk5.json | outputs/2021SLU/output_2021_06_10_SLU_S3/bot3p2_Room_3_Zoom_Meeting_2021_06_10_12_36_45_chunk6.json | outputs/2021SLU/output_2021_06_10_SLU_S3/bot3p2_Room_3_Zoom_Meeting_2021_06_10_12_36_45_chunk7.json | outputs/2021SLU/output_2021_06_10_SLU_S3/bot3p2_Room_3_Zoom_Meeting_2021_06_10_12_36_45_chunk8.json | outputs/2021SLU/output_2021_06_11_SLU_S13/Zoom_Meeting_6_11_2021_1_02_20_PM_chunk1.json | outputs/2021SLU/output_2021_06_11_SLU_S13/Zoom_Meeting_6_11_2021_1_02_20_PM_chunk2.json | outputs/2021SLU/output_2021_06_11_SLU_S13/Zoom_Meeting_6_11_2021_1_02_20_PM_chunk3.json | outputs/2021SLU/output_2021_06_11_SLU_S13/Zoom_Meeting_6_11_2021_1_02_20_PM_chunk4.json | outputs/2021SLU/output_2021_06_11_SLU_S13/Zoom_Meeting_6_11_2021_1_02_20_PM_chunk5.json | outputs/2021SLU/output_2021_06_11_SLU_S13/Zoom_Meeting_6_11_2021_1_02_20_PM_chunk6.json | outputs/2021SLU/output_2021_06_11_SLU_S13/Zoom_Meeting_6_11_2021_1_02_20_PM_chunk7.json | outputs/2021SLU/output_2021_06_11_SLU_S13/Zoom_Meeting_6_11_2021_1_02_20_PM_chunk8.json | outputs/2021SLU/output_2021_06_11_SLU_S6/Zoom_Meeting_Room_6_2021_06_11_10_58_05_chunk1.json | outputs/2021SLU/output_2021_06_11_SLU_S6/Zoom_Meeting_Room_6_2021_06_11_10_58_05_chunk2.json | outputs/2021SLU/output_2021_06_11_SLU_S6/Zoom_Meeting_Room_6_2021_06_11_10_58_05_chunk3.json | outputs/2021SLU/output_2021_06_11_SLU_S6/Zoom_Meeting_Room_6_2021_06_11_10_58_05_chunk4.json | outputs/2021SLU/output_2021_06_11_SLU_S6/Zoom_Meeting_Room_6_2021_06_11_10_58_05_chunk5.json | outputs/2021SLU/output_2021_06_11_SLU_S6/Zoom_Meeting_Room_6_2021_06_11_10_58_05_chunk6.json | outputs/2021SLU/output_2021_06_11_SLU_S6/Zoom_Meeting_Room_6_2021_06_11_10_58_05_chunk7.json | outputs/2021SLU/output_2021_06_11_SLU_S6/Zoom_Meeting_Room_6_2021_06_11_10_58_05_chunk8.json,79,25
lisa kaltenegger,output,2021SLU,Lisa Kaltenegger,outputs/2021SLU/output_2021_06_10_SLU_S3/bot3p1_Room_3_Zoom_Meeting_2021_06_10_12_36_05.json | outputs/2021SLU/output_2021_06_10_SLU_S3/bot3p2_Room_3_Zoom_Meeting_2021_06_10_12_36_45_chunk1.json | outputs/2021SLU/output_2021_06_10_SLU_S3/bot3p2_Room_3_Zoom_Meeting_2021_06_10_12_36_45_chunk2.json | outputs/2021SLU/output_2021_06_10_SLU_S3/bot3p2_Room_3_Zoom_Meeting_2021_06_10_12_36_45_chunk3.json | outputs/2021SLU/output_2021_06_10_SLU_S3/bot3p2_Room_3_Zoom_Meeting_2021_06_10_12_36_45_chunk4.json | outputs/2021SLU/output_2021_06_10_SLU_S3/bot3p2_Room_3_Zoom_Meeting_2021_06_10_12_36_45_chunk5.json | outputs/2021SLU/output_2021_06_10_SLU_S3/bot3p2_Room_3_Zoom_Meeting_2021_06_10_12_36_45_chunk6.json | outputs/2021SLU/output_2021_06_10_SLU_S3/bot3p2_Room_3_Zoom_Meeting_2021_06_10_12_36_45_chunk7.json | outputs/2021SLU/output_2021_06_10_SLU_S3/bot3p2_Room_3_Zoom_Meeting_2021_06_10_12_36_45_chunk8.json | outputs/2021SLU/output_2021_06_11_SLU_S12/botB2_2021_06_11_13_01_54_chunk1.json | outputs/2021SLU/output_2021_06_11_SLU_S12/botB2_2021_06_11_13_01_54_chunk2.json | outputs/2021SLU/output_2021_06_11_SLU_S12/botB2_2021_06_11_13_01_54_chunk3.json | outputs/2021SLU/output_2021_06_11_SLU_S12/botB2_2021_06_11_13_01_54_chunk4.json | outputs/2021SLU/output_2021_06_11_SLU_S12/botB2_2021_06_11_13_01_54_chunk5.json | outputs/2021SLU/output_2021_06_11_SLU_S12/botB2_2021_06_11_13_01_54_chunk6.json | outputs/2021SLU/output_2021_06_11_SLU_S12/botB2_2021_06_11_13_01_54_chunk7.json | outputs/2021SLU/output_2021_06_11_SLU_S12/botB2_2021_06_11_13_01_54_chunk8.json | outputs/2021SLU/output_2021_06_11_SLU_S4/bot4_2021_06_11_10_58_21_chunk1.json | outputs/2021SLU/output_2021_06_11_SLU_S4/bot4_2021_06_11_10_58_21_chunk2.json | outputs/2021SLU/output_2021_06_11_SLU_S4/bot4_2021_06_11_10_58_21_chunk3.json | outputs/2021SLU/output_2021_06_11_SLU_S4/bot4_2021_06_11_10_58_21_chunk4.json | outputs/2021SLU/output_2021_06_11_SLU_S4/bot4_2021_06_11_10_58_21_chunk5.json | outputs/2021SLU/output_2021_06_11_SLU_S4/bot4_2021_06_11_10_58_21_chunk6.json | outputs/2021SLU/output_2021_06_11_SLU_S4/bot4_2021_06_11_10_58_21_chunk7.json | outputs/2021SLU/output_2021_06_11_SLU_S4/bot4_2021_06_11_10_58_21_chunk8.json | outputs/2021SLU/output_2021_06_11_SLU_S9/bot2p1_Zoom_Meeting_Room_2_2021_06_11_13_02_29.json | outputs/2021SLU/output_2021_06_11_SLU_S9/bot2p2_Zoom_Meeting_Room_2_2021_06_11_13_02_58_chunk1.json | outputs/2021SLU/output_2021_06_11_SLU_S9/bot2p2_Zoom_Meeting_Room_2_2021_06_11_13_02_58_chunk2.json | outputs/2021SLU/output_2021_06_11_SLU_S9/bot2p2_Zoom_Meeting_Room_2_2021_06_11_13_02_58_chunk3.json | outputs/2021SLU/output_2021_06_11_SLU_S9/bot2p2_Zoom_Meeting_Room_2_2021_06_11_13_02_58_chunk4.json | outputs/2021SLU/output_2021_06_11_SLU_S9/bot2p2_Zoom_Meeting_Room_2_2021_06_11_13_02_58_chunk5.json | outputs/2021SLU/output_2021_06_11_SLU_S9/bot2p2_Zoom_Meeting_Room_2_2021_06_11_13_02_58_chunk6.json | outputs/2021SLU/output_2021_06_11_SLU_S9/bot2p2_Zoom_Meeting_Room_2_2021_06_11_13_02_58_chunk7.json | outputs/2021SLU/output_2021_06_11_SLU_S9/bot2p2_Zoom_Meeting_Room_2_2021_06_11_13_02_58_chunk8.json,300,34
liz mccormack,output,2021SLU,Liz McCormack,outputs/2021SLU/output_2021_06_11_SLU_S2/bot2p1_Zoom_Meeting_Room_2_2021_06_11_10_58_33.json | outputs/2021SLU/output_2021_06_11_SLU_S2/bot2p2_Zoom_Meeting_Room_2_2021_06_11_10_59_37_chunk1.json | outputs/2021SLU/output_2021_06_11_SLU_S2/bot2p2_Zoom_Meeting_Room_2_2021_06_11_10_59_37_chunk2.json | outputs/2021SLU/output_2021_06_11_SLU_S2/bot2p2_Zoom_Meeting_Room_2_2021_06_11_10_59_37_chunk3.json | outputs/2021SLU/output_2021_06_11_SLU_S2/bot2p2_Zoom_Meeting_Room_2_2021_06_11_10_59_37_chunk4.json | outputs/2021SLU/output_2021_06_11_SLU_S2/bot2p2_Zoom_Meeting_Room_2_2021_06_11_10_59_37_chunk5.json | outputs/2021SLU/output_2021_06_11_SLU_S2/bot2p2_Zoom_Meeting_Room_2_2021_06_11_10_59_37_chunk6.json | outputs/2021SLU/output_2021_06_11_SLU_S2/bot2p2_Zoom_Meeting_Room_2_2021_06_11_10_59_37_chunk7.json | outputs/2021SLU/output_2021_06_11_SLU_S2/bot2p2_Zoom_Meeting_Room_2_2021_06_11_10_59_37_chunk8.json | outputs/2021SLU/output_2021_06_11_SLU_S5/botB2_2021_06_11_10_58_55_chunk1.json | outputs/2021SLU/output_2021_06_11_SLU_S5/botB2_2021_06_11_10_58_55_chunk2.json | outputs/2021SLU/output_2021_06_11_SLU_S5/botB2_2021_06_11_10_58_55_chunk3.json | outputs/2021SLU/output_2021_06_11_SLU_S5/botB2_2021_06_11_10_58_55_chunk4.json | outputs/2021SLU/output_2021_06_11_SLU_S5/botB2_2021_06_11_10_58_55_chunk5.json | outputs/2021SLU/output_2021_06_11_SLU_S5/botB2_2021_06_11_10_58_55_chunk6.json | outputs/2021SLU/output_2021_06_11_SLU_S5/botB2_2021_06_11_10_58_55_chunk7.json | outputs/2021SLU/output_2021_06_11_SLU_S5/botB2_2021_06_11_10_58_55_chunk8.json,21,17
maggie osburn,output,2021SLU,Maggie Osburn,outputs/2021SLU/output_2021_06_10_SLU_S7/Zoom_Meeting_6_10_2021_12_35_12_PM_chunk1.json | outputs/2021SLU/output_2021_06_10_SLU_S7/Zoom_Meeting_6_10_2021_12_35_12_PM_chunk2.json | outputs/2021SLU/output_2021_06_10_SLU_S7/Zoom_Meeting_6_10_2021_12_35_12_PM_chunk3.json | outputs/2021SLU/output_2021_06_10_SLU_S7/Zoom_Meeting_6_10_2021_12_35_12_PM_chunk4.json | outputs/2021SLU/output_2021_06_10_SLU_S7/Zoom_Meeting_6_10_2021_12_35_12_PM_chunk5.json | outputs/2021SLU/output_2021_06_10_SLU_S7/Zoom_Meeting_6_10_2021_12_35_12_PM_chunk6.json | outputs/2021SLU/output_2021_06_10_SLU_S7/Zoom_Meeting_6_10_2021_12_35_12_PM_chunk7.json | outputs/2021SLU/output_2021_06_10_SLU_S7/Zoom_Meeting_6_10_2021_12_35_12_PM_chunk8.json | outputs/2021SLU/output_2021_06_11_SLU_S13/Zoom_Meeting_6_11_2021_1_02_20_PM_chunk1.json | outputs/2021SLU/output_2021_06_11_SLU_S13/Zoom_Meeting_6_11_2021_1_02_20_PM_chunk2.json | outputs/2021SLU/output_2021_06_11_SLU_S13/Zoom_Meeting_6_11_2021_1_02_20_PM_chunk3.json | outputs/2021SLU/output_2021_06_11_SLU_S13/Zoom_Meeting_6_11_2021_1_02_20_PM_chunk4.json | outputs/2021SLU/output_2021_06_11_SLU_S13/Zoom_Meeting_6_11_2021_1_02_20_PM_chunk5.json | outputs/2021SLU/output_2021_06_11_SLU_S13/Zoom_Meeting_6_11_2021_1_02_20_PM_chunk6.json | outputs/2021SLU/output_2021_06_11_SLU_S13/Zoom_Meeting_6_11_2021_1_02_20_PM_chunk7.json | outputs/2021SLU/output_2021_06_11_SLU_S13/Zoom_Meeting_6_11_2021_1_02_20_PM_chunk8.json | outputs/2021SLU/output_2021_06_11_SLU_S2/bot2p1_Zoom_Meeting_Room_2_2021_06_11_10_58_33.json | outputs/2021SLU/output_2021_06_11_SLU_S2/bot2p2_Zoom_Meeting_Room_2_2021_06_11_10_59_37_chunk1.json | outputs/2021SLU/output_2021_06_11_SLU_S2/bot2p2_Zoom_Meeting_Room_2_2021_06_11_10_59_37_chunk2.json | outputs/2021SLU/output_2021_06_11_SLU_S2/bot2p2_Zoom_Meeting_Room_2_2021_06_11_10_59_37_chunk3.json | outputs/2021SLU/output_2021_06_11_SLU_S2/bot2p2_Zoom_Meeting_Room_2_2021_06_11_10_59_37_chunk4.json | outputs/2021SLU/output_2021_06_11_SLU_S2/bot2p2_Zoom_Meeting_Room_2_2021_06_11_10_59_37_chunk5.json | outputs/2021SLU/output_2021_06_11_SLU_S2/bot2p2_Zoom_Meeting_Room_2_2021_06_11_10_59_37_chunk6.json | outputs/2021SLU/output_2021_06_11_SLU_S2/bot2p2_Zoom_Meeting_Room_2_2021_06_11_10_59_37_chunk7.json | outputs/2021SLU/output_2021_06_11_SLU_S2/bot2p2_Zoom_Meeting_Room_2_2021_06_11_10_59_37_chunk8.json | outputs/2021SLU/output_2021_06_11_SLU_S5/botB2_2021_06_11_10_58_55_chunk1.json | outputs/2021SLU/output_2021_06_11_SLU_S5/botB2_2021_06_11_10_58_55_chunk2.json | outputs/2021SLU/output_2021_06_11_SLU_S5/botB2_2021_06_11_10_58_55_chunk3.json | outputs/2021SLU/output_2021_06_11_SLU_S5/botB2_2021_06_11_10_58_55_chunk4.json | outputs/2021SLU/output_2021_06_11_SLU_S5/botB2_2021_06_11_10_58_55_chunk5.json | outputs/2021SLU/output_2021_06_11_SLU_S5/botB2_2021_06_11_10_58_55_chunk6.json | outputs/2021SLU/output_2021_06_11_SLU_S5/botB2_2021_06_11_10_58_55_chunk7.json | outputs/2021SLU/output_2021_06_11_SLU_S5/botB2_2021_06_11_10_58_55_chunk8.json,115,33
mary voytek,output,2021SLU,Mary Voytek,outputs/2021SLU/output_2021_06_11_SLU_S1/bot1_2021_06_11_10_57_56_chunk1.json | outputs/2021SLU/output_2021_06_11_SLU_S1/bot1_2021_06_11_10_57_56_chunk2.json | outputs/2021SLU/output_2021_06_11_SLU_S1/bot1_2021_06_11_10_57_56_chunk3.json | outputs/2021SLU/output_2021_06_11_SLU_S1/bot1_2021_06_11_10_57_56_chunk4.json | outputs/2021SLU/output_2021_06_11_SLU_S1/bot1_2021_06_11_10_57_56_chunk5.json | outputs/2021SLU/output_2021_06_11_SLU_S1/bot1_2021_06_11_10_57_56_chunk6.json | outputs/2021SLU/output_2021_06_11_SLU_S1/bot1_2021_06_11_10_57_56_chunk7.json | outputs/2021SLU/output_2021_06_11_SLU_S1/bot1_2021_06_11_10_57_56_chunk8.json | outputs/2021SLU/output_2021_06_11_SLU_S8/bot1_2021_06_11_13_01_53_chunk1.json | outputs/2021SLU/output_2021_06_11_SLU_S8/bot1_2021_06_11_13_01_53_chunk2.json | outputs/2021SLU/output_2021_06_11_SLU_S8/bot1_2021_06_11_13_01_53_chunk3.json | outputs/2021SLU/output_2021_06_11_SLU_S8/bot1_2021_06_11_13_01_53_chunk4.json | outputs/2021SLU/output_2021_06_11_SLU_S8/bot1_2021_06_11_13_01_53_chunk5.json | outputs/2021SLU/output_2021_06_11_SLU_S8/bot1_2021_06_11_13_01_53_chunk6.json | outputs/2021SLU/output_2021_06_11_SLU_S8/bot1_2021_06_11_13_01_53_chunk7.json | outputs/2021SLU/output_2021_06_11_SLU_S8/bot1_2021_06_11_13_01_53_chunk8.json,20,16
mathieu g a lapotre,truth,2021SLU,Mathieu G. A. Lapotre,analysis_v1/data/2021SLU/2021SLU_outcome.json,2,1
mathieu lapotre,output,2021SLU,Mathieu Lapotre,outputs/2021SLU/output_2021_06_10_SLU_S6/Zoom_Meeting_2021_06_10_12_06_54.json | outputs/2021SLU/output_2021_06_10_SLU_S6/Zoom_Meeting_Room_6_2021_06_10_12_35_01_chunk1.json | outputs/2021SLU/output_2021_06_10_SLU_S6/Zoom_Meeting_Room_6_2021_06_10_12_35_01_chunk2.json | outputs/2021SLU/output_2021_06_10_SLU_S6/Zoom_Meeting_Room_6_2021_06_10_12_35_01_chunk3.json | outputs/2021SLU/output_2021_06_10_SLU_S6/Zoom_Meeting_Room_6_2021_06_10_12_35_01_chunk4.json | outputs/2021SLU/output_2021_06_10_SLU_S6/Zoom_Meeting_Room_6_2021_06_10_12_35_01_chunk5.json | outputs/2021SLU/output_2021_06_10_SLU_S6/Zoom_Meeting_Room_6_2021_06_10_12_35_01_chunk6.json | outputs/2021SLU/output_2021_06_10_SLU_S6/Zoom_Meeting_Room_6_2021_06_10_12_35_01_chunk7.json | outputs/2021SLU/output_2021_06_10_SLU_S6/Zoom_Meeting_Room_6_2021_06_10_12_35_01_chunk8.json | outputs/2021SLU/output_2021_06_11_SLU_S7/Zoom_Meeting_6_11_2021_10_58_14_AM_chunk1.json | outputs/2021SLU/output_2021_06_11_SLU_S7/Zoom_Meeting_6_11_2021_10_58_14_AM_chunk2.json | outputs/2021SLU/output_2021_06_11_SLU_S7/Zoom_Meeting_6_11_2021_10_58_14_AM_chunk3.json | outputs/2021SLU/output_2021_06_11_SLU_S7/Zoom_Meeting_6_11_2021_10_58_14_AM_chunk4.json | outputs/2021SLU/output_2021_06_11_SLU_S7/Zoom_Meeting_6_11_2021_10_58_14_AM_chunk5.json | outputs/2021SLU/output_2021_06_11_SLU_S7/Zoom_Meeting_6_11_2021_10_58_14_AM_chunk6.json | outputs/2021SLU/output_2021_06_11_SLU_S7/Zoom_Meeting_6_11_2021_10_58_14_AM_chunk7.json | outputs/2021SLU/output_2021_06_11_SLU_S7/Zoom_Meeting_6_11_2021_10_58_14_AM_chunk8.json,43,17
morgan cable,output,2021SLU,Morgan Cable,outputs/2021SLU/output_2021_06_10_SLU_S6/Zoom_Meeting_2021_06_10_12_06_54.json | outputs/2021SLU/output_2021_06_10_SLU_S6/Zoom_Meeting_Room_6_2021_06_10_12_35_01_chunk1.json | outputs/2021SLU/output_2021_06_10_SLU_S6/Zoom_Meeting_Room_6_2021_06_10_12_35_01_chunk2.json | outputs/2021SLU/output_2021_06_10_SLU_S6/Zoom_Meeting_Room_6_2021_06_10_12_35_01_chunk3.json | outputs/2021SLU/output_2021_06_10_SLU_S6/Zoom_Meeting_Room_6_2021_06_10_12_35_01_chunk4.json | outputs/2021SLU/output_2021_06_10_SLU_S6/Zoom_Meeting_Room_6_2021_06_10_12_35_01_chunk5.json | outputs/2021SLU/output_2021_06_10_SLU_S6/Zoom_Meeting_Room_6_2021_06_10_12_35_01_chunk6.json | outputs/2021SLU/output_2021_06_10_SLU_S6/Zoom_Meeting_Room_6_2021_06_10_12_35_01_chunk7.json | outputs/2021SLU/output_2021_06_10_SLU_S6/Zoom_Meeting_Room_6_2021_06_10_12_35_01_chunk8.json,38,9
natasha batalha,output,2021SLU,Natasha Batalha,outputs/2021SLU/output_2021_06_10_SLU_S3/bot3p1_Room_3_Zoom_Meeting_2021_06_10_12_36_05.json | outputs/2021SLU/output_2021_06_10_SLU_S3/bot3p2_Room_3_Zoom_Meeting_2021_06_10_12_36_45_chunk1.json | outputs/2021SLU/output_2021_06_10_SLU_S3/bot3p2_Room_3_Zoom_Meeting_2021_06_10_12_36_45_chunk2.json | outputs/2021SLU/output_2021_06_10_SLU_S3/bot3p2_Room_3_Zoom_Meeting_2021_06_10_12_36_45_chunk3.json | outputs/2021SLU/output_2021_06_10_SLU_S3/bot3p2_Room_3_Zoom_Meeting_2021_06_10_12_36_45_chunk4.json | outputs/2021SLU/output_2021_06_10_SLU_S3/bot3p2_Room_3_Zoom_Meeting_2021_06_10_12_36_45_chunk5.json | outputs/2021SLU/output_2021_06_10_SLU_S3/bot3p2_Room_3_Zoom_Meeting_2021_06_10_12_36_45_chunk6.json | outputs/2021SLU/output_2021_06_10_SLU_S3/bot3p2_Room_3_Zoom_Meeting_2021_06_10_12_36_45_chunk7.json | outputs/2021SLU/output_2021_06_10_SLU_S3/bot3p2_Room_3_Zoom_Meeting_2021_06_10_12_36_45_chunk8.json | outputs/2021SLU/output_2021_06_11_SLU_S2/bot2p1_Zoom_Meeting_Room_2_2021_06_11_10_58_33.json | outputs/2021SLU/output_2021_06_11_SLU_S2/bot2p2_Zoom_Meeting_Room_2_2021_06_11_10_59_37_chunk1.json | outputs/2021SLU/output_2021_06_11_SLU_S2/bot2p2_Zoom_Meeting_Room_2_2021_06_11_10_59_37_chunk2.json | outputs/2021SLU/output_2021_06_11_SLU_S2/bot2p2_Zoom_Meeting_Room_2_2021_06_11_10_59_37_chunk3.json | outputs/2021SLU/output_2021_06_11_SLU_S2/bot2p2_Zoom_Meeting_Room_2_2021_06_11_10_59_37_chunk4.json | outputs/2021SLU/output_2021_06_11_SLU_S2/bot2p2_Zoom_Meeting_Room_2_2021_06_11_10_59_37_chunk5.json | outputs/2021SLU/output_2021_06_11_SLU_S2/bot2p2_Zoom_Meeting_Room_2_2021_06_11_10_59_37_chunk6.json | outputs/2021SLU/output_2021_06_11_SLU_S2/bot2p2_Zoom_Meeting_Room_2_2021_06_11_10_59_37_chunk7.json | outputs/2021SLU/output_2021_06_11_SLU_S2/bot2p2_Zoom_Meeting_Room_2_2021_06_11_10_59_37_chunk8.json | outputs/2021SLU/output_2021_06_11_SLU_S5/botB2_2021_06_11_10_58_55_chunk1.json | outputs/2021SLU/output_2021_06_11_SLU_S5/botB2_2021_06_11_10_58_55_chunk2.json | outputs/2021SLU/output_2021_06_11_SLU_S5/botB2_2021_06_11_10_58_55_chunk3.json | outputs/2021SLU/output_2021_06_11_SLU_S5/botB2_2021_06_11_10_58_55_chunk4.json | outputs/2021SLU/output_2021_06_11_SLU_S5/botB2_2021_06_11_10_58_55_chunk5.json | outputs/2021SLU/output_2021_06_11_SLU_S5/botB2_2021_06_11_10_58_55_chunk6.json | outputs/2021SLU/output_2021_06_11_SLU_S5/botB2_2021_06_11_10_58_55_chunk7.json | outputs/2021SLU/output_2021_06_11_SLU_S5/botB2_2021_06_11_10_58_55_chunk8.json,56,26
nathaniel gabor,output,2021SLU,Nathaniel Gabor,outputs/2021SLU/output_2021_06_10_SLU_S7/Zoom_Meeting_6_10_2021_12_35_12_PM_chunk1.json | outputs/2021SLU/output_2021_06_10_SLU_S7/Zoom_Meeting_6_10_2021_12_35_12_PM_chunk2.json | outputs/2021SLU/output_2021_06_10_SLU_S7/Zoom_Meeting_6_10_2021_12_35_12_PM_chunk3.json | outputs/2021SLU/output_2021_06_10_SLU_S7/Zoom_Meeting_6_10_2021_12_35_12_PM_chunk4.json | outputs/2021SLU/output_2021_06_10_SLU_S7/Zoom_Meeting_6_10_2021_12_35_12_PM_chunk5.json | outputs/2021SLU/output_2021_06_10_SLU_S7/Zoom_Meeting_6_10_2021_12_35_12_PM_chunk6.json | outputs/2021SLU/output_2021_06_10_SLU_S7/Zoom_Meeting_6_10_2021_12_35_12_PM_chunk7.json | outputs/2021SLU/output_2021_06_10_SLU_S7/Zoom_Meeting_6_10_2021_12_35_12_PM_chunk8.json | outputs/2021SLU/output_2021_06_11_SLU_S1/bot1_2021_06_11_10_57_56_chunk1.json | outputs/2021SLU/output_2021_06_11_SLU_S1/bot1_2021_06_11_10_57_56_chunk2.json | outputs/2021SLU/output_2021_06_11_SLU_S1/bot1_2021_06_11_10_57_56_chunk3.json | outputs/2021SLU/output_2021_06_11_SLU_S1/bot1_2021_06_11_10_57_56_chunk4.json | outputs/2021SLU/output_2021_06_11_SLU_S1/bot1_2021_06_11_10_57_56_chunk5.json | outputs/2021SLU/output_2021_06_11_SLU_S1/bot1_2021_06_11_10_57_56_chunk6.json | outputs/2021SLU/output_2021_06_11_SLU_S1/bot1_2021_06_11_10_57_56_chunk7.json | outputs/2021SLU/output_2021_06_11_SLU_S1/bot1_2021_06_11_10_57_56_chunk8.json,69,16
nathaniel m gabor,truth,2021SLU,Nathaniel M. Gabor,analysis_v1/data/2021SLU/2021SLU_outcome.json,1,1
nicolas cowan,output,2021SLU,Nicolas Cowan,outputs/2021SLU/output_2021_06_10_SLU_S4/bot4_2021_06_10_12_35_05_chunk1.json | outputs/2021SLU/output_2021_06_10_SLU_S4/bot4_2021_06_10_12_35_05_chunk2.json | outputs/2021SLU/output_2021_06_10_SLU_S4/bot4_2021_06_10_12_35_05_chunk4.json | outputs/2021SLU/output_2021_06_10_SLU_S4/bot4_2021_06_10_12_35_05_chunk5.json | outputs/2021SLU/output_2021_06_10_SLU_S4/bot4_2021_06_10_12_35_05_chunk6.json | outputs/2021SLU/output_2021_06_10_SLU_S4/bot4_2021_06_10_12_35_05_chunk7.json | outputs/2021SLU/output_2021_06_10_SLU_S4/bot4_2021_06_10_12_35_05_chunk8.json | outputs/2021SLU/output_2021_06_11_SLU_S10/bot3p1_Room_3_Zoom_Meeting_2021_06_11_13_02_46.json | outputs/2021SLU/output_2021_06_11_SLU_S10/bot3p2_Room_3_Zoom_Meeting_2021_06_11_13_03_36_chunk1.json | outputs/2021SLU/output_2021_06_11_SLU_S10/bot3p2_Room_3_Zoom_Meeting_2021_06_11_13_03_36_chunk2.json | outputs/2021SLU/output_2021_06_11_SLU_S10/bot3p2_Room_3_Zoom_Meeting_2021_06_11_13_03_36_chunk3.json | outputs/2021SLU/output_2021_06_11_SLU_S10/bot3p2_Room_3_Zoom_Meeting_2021_06_11_13_03_36_chunk4.json | outputs/2021SLU/output_2021_06_11_SLU_S10/bot3p2_Room_3_Zoom_Meeting_2021_06_11_13_03_36_chunk5.json | outputs/2021SLU/output_2021_06_11_SLU_S10/bot3p2_Room_3_Zoom_Meeting_2021_06_11_13_03_36_chunk6.json | outputs/2021SLU/output_2021_06_11_SLU_S10/bot3p2_Room_3_Zoom_Meeting_2021_06_11_13_03_36_chunk7.json | outputs/2021SLU/output_2021_06_11_SLU_S10/bot3p2_Room_3_Zoom_Meeting_2021_06_11_13_03_36_chunk8.json | outputs/2021SLU/output_2021_06_11_SLU_S6/Zoom_Meeting_Room_6_2021_06_11_10_58_05_chunk3.json,90,17
nicole lewis,output,2021SLU,Nicole Lewis,outputs/2021SLU/output_2021_06_11_SLU_S1/bot1_2021_06_11_10_57_56_chunk1.json | outputs/2021SLU/output_2021_06_11_SLU_S1/bot1_2021_06_11_10_57_56_chunk2.json | outputs/2021SLU/output_2021_06_11_SLU_S1/bot1_2021_06_11_10_57_56_chunk3.json | outputs/2021SLU/output_2021_06_11_SLU_S1/bot1_2021_06_11_10_57_56_chunk4.json | outputs/2021SLU/output_2021_06_11_SLU_S1/bot1_2021_06_11_10_57_56_chunk5.json | outputs/2021SLU/output_2021_06_11_SLU_S1/bot1_2021_06_11_10_57_56_chunk6.json | outputs/2021SLU/output_2021_06_11_SLU_S1/bot1_2021_06_11_10_57_56_chunk7.json | outputs/2021SLU/output_2021_06_11_SLU_S1/bot1_2021_06_11_10_57_56_chunk8.json,18,8
niki parenteau,output,2021SLU,Niki Parenteau,outputs/2021SLU/output_2021_06_10_SLU_S1/bot1_2021_06_10_12_34_46_chunk1.json | outputs/2021SLU/output_2021_06_10_SLU_S1/bot1_2021_06_10_12_34_46_chunk2.json | outputs/2021SLU/output_2021_06_10_SLU_S1/bot1_2021_06_10_12_34_46_chunk3.json | outputs/2021SLU/output_2021_06_10_SLU_S1/bot1_2021_06_10_12_34_46_chunk4.json | outputs/2021SLU/output_2021_06_10_SLU_S1/bot1_2021_06_10_12_34_46_chunk5.json | outputs/2021SLU/output_2021_06_10_SLU_S1/bot1_2021_06_10_12_34_46_chunk6.json | outputs/2021SLU/output_2021_06_10_SLU_S1/bot1_2021_06_10_12_34_46_chunk7.json | outputs/2021SLU/output_2021_06_10_SLU_S1/bot1_2021_06_10_12_34_46_chunk8.json | outputs/2021SLU/output_2021_06_11_SLU_S1/bot1_2021_06_11_10_57_56_chunk1.json | outputs/2021SLU/output_2021_06_11_SLU_S1/bot1_2021_06_11_10_57_56_chunk2.json | outputs/2021SLU/output_2021_06_11_SLU_S1/bot1_2021_06_11_10_57_56_chunk3.json | outputs/2021SLU/output_2021_06_11_SLU_S1/bot1_2021_06_11_10_57_56_chunk4.json | outputs/2021SLU/output_2021_06_11_SLU_S1/bot1_2021_06_11_10_57_56_chunk5.json | outputs/2021SLU/output_2021_06_11_SLU_S1/bot1_2021_06_11_10_57_56_chunk6.json | outputs/2021SLU/output_2021_06_11_SLU_S1/bot1_2021_06_11_10_57_56_chunk7.json | outputs/2021SLU/output_2021_06_11_SLU_S1/bot1_2021_06_11_10_57_56_chunk8.json | outputs/2021SLU/output_2021_06_11_SLU_S11/bot4_2021_06_11_13_02_17_chunk1.json | outputs/2021SLU/output_2021_06_11_SLU_S11/bot4_2021_06_11_13_02_17_chunk2.json | outputs/2021SLU/output_2021_06_11_SLU_S11/bot4_2021_06_11_13_02_17_chunk3.json | outputs/2021SLU/output_2021_06_11_SLU_S11/bot4_2021_06_11_13_02_17_chunk4.json | outputs/2021SLU/output_2021_06_11_SLU_S11/bot4_2021_06_11_13_02_17_chunk5.json | outputs/2021SLU/output_2021_06_11_SLU_S11/bot4_2021_06_11_13_02_17_chunk6.json | outputs/2021SLU/output_2021_06_11_SLU_S11/bot4_2021_06_11_13_02_17_chunk7.json | outputs/2021SLU/output_2021_06_11_SLU_S11/bot4_2021_06_11_13_02_17_chunk8.json,195,24
nikole lewis,output,2021SLU,Nikole Lewis,outputs/2021SLU/output_2021_06_10_SLU_S3/bot3p1_Room_3_Zoom_Meeting_2021_06_10_12_36_05.json | outputs/2021SLU/output_2021_06_10_SLU_S3/bot3p2_Room_3_Zoom_Meeting_2021_06_10_12_36_45_chunk1.json | outputs/2021SLU/output_2021_06_10_SLU_S3/bot3p2_Room_3_Zoom_Meeting_2021_06_10_12_36_45_chunk2.json | outputs/2021SLU/output_2021_06_10_SLU_S3/bot3p2_Room_3_Zoom_Meeting_2021_06_10_12_36_45_chunk3.json | outputs/2021SLU/output_2021_06_10_SLU_S3/bot3p2_Room_3_Zoom_Meeting_2021_06_10_12_36_45_chunk4.json | outputs/2021SLU/output_2021_06_10_SLU_S3/bot3p2_Room_3_Zoom_Meeting_2021_06_10_12_36_45_chunk5.json | outputs/2021SLU/output_2021_06_10_SLU_S3/bot3p2_Room_3_Zoom_Meeting_2021_06_10_12_36_45_chunk6.json | outputs/2021SLU/output_2021_06_10_SLU_S3/bot3p2_Room_3_Zoom_Meeting_2021_06_10_12_36_45_chunk7.json | outputs/2021SLU/output_2021_06_10_SLU_S3/bot3p2_Room_3_Zoom_Meeting_2021_06_10_12_36_45_chunk8.json | outputs/2021SLU/output_2021_06_11_SLU_S10/bot3p1_Room_3_Zoom_Meeting_2021_06_11_13_02_46.json | outputs/2021SLU/output_2021_06_11_SLU_S10/bot3p2_Room_3_Zoom_Meeting_2021_06_11_13_03_36_chunk1.json | outputs/2021SLU/output_2021_06_11_SLU_S10/bot3p2_Room_3_Zoom_Meeting_2021_06_11_13_03_36_chunk2.json | outputs/2021SLU/output_2021_06_11_SLU_S10/bot3p2_Room_3_Zoom_Meeting_2021_06_11_13_03_36_chunk3.json | outputs/2021SLU/output_2021_06_11_SLU_S10/bot3p2_Room_3_Zoom_Meeting_2021_06_11_13_03_36_chunk4.json | outputs/2021SLU/output_2021_06_11_SLU_S10/bot3p2_Room_3_Zoom_Meeting_2021_06_11_13_03_36_chunk5.json | outputs/2021SLU/output_2021_06_11_SLU_S10/bot3p2_Room_3_Zoom_Meeting_2021_06_11_13_03_36_chunk6.json | outputs/2021SLU/output_2021_06_11_SLU_S10/bot3p2_Room_3_Zoom_Meeting_2021_06_11_13_03_36_chunk7.json | outputs/2021SLU/output_2021_06_11_SLU_S10/bot3p2_Room_3_Zoom_Meeting_2021_06_11_13_03_36_chunk8.json,52,18
paula driedger,output,2021SLU,Paula Driedger,outputs/2021SLU/output_2021_06_10_SLU_S7/Zoom_Meeting_6_10_2021_12_35_12_PM_chunk2.json | outputs/2021SLU/output_2021_06_10_SLU_S7/Zoom_Meeting_6_10_2021_12_35_12_PM_chunk3.json | outputs/2021SLU/output_2021_06_10_SLU_S7/Zoom_Meeting_6_10_2021_12_35_12_PM_chunk4.json | outputs/2021SLU/output_2021_06_10_SLU_S7/Zoom_Meeting_6_10_2021_12_35_12_PM_chunk5.json | outputs/2021SLU/output_2021_06_10_SLU_S7/Zoom_Meeting_6_10_2021_12_35_12_PM_chunk6.json | outputs/2021SLU/output_2021_06_10_SLU_S7/Zoom_Meeting_6_10_2021_12_35_12_PM_chunk7.json | outputs/2021SLU/output_2021_06_10_SLU_S7/Zoom_Meeting_6_10_2021_12_35_12_PM_chunk8.json,9,7
peter driscoll,output,2021SLU,Peter Driscoll,outputs/2021SLU/output_2021_06_10_SLU_S2/bot2p1_Zoom_Meeting_Room_2_2021_06_10_12_35_37.json | outputs/2021SLU/output_2021_06_10_SLU_S2/bot2p2_Zoom_Meeting_Room_2_2021_06_10_12_37_25_chunk1.json | outputs/2021SLU/output_2021_06_10_SLU_S2/bot2p2_Zoom_Meeting_Room_2_2021_06_10_12_37_25_chunk2.json | outputs/2021SLU/output_2021_06_10_SLU_S2/bot2p2_Zoom_Meeting_Room_2_2021_06_10_12_37_25_chunk3.json | outputs/2021SLU/output_2021_06_10_SLU_S2/bot2p2_Zoom_Meeting_Room_2_2021_06_10_12_37_25_chunk4.json | outputs/2021SLU/output_2021_06_10_SLU_S2/bot2p2_Zoom_Meeting_Room_2_2021_06_10_12_37_25_chunk5.json | outputs/2021SLU/output_2021_06_10_SLU_S2/bot2p2_Zoom_Meeting_Room_2_2021_06_10_12_37_25_chunk6.json | outputs/2021SLU/output_2021_06_10_SLU_S2/bot2p2_Zoom_Meeting_Room_2_2021_06_10_12_37_25_chunk7.json | outputs/2021SLU/output_2021_06_10_SLU_S2/bot2p2_Zoom_Meeting_Room_2_2021_06_10_12_37_25_chunk8.json | outputs/2021SLU/output_2021_06_10_SLU_S5/botB2_2021_06_10_12_35_06_chunk1.json | outputs/2021SLU/output_2021_06_10_SLU_S5/botB2_2021_06_10_12_35_06_chunk2.json | outputs/2021SLU/output_2021_06_10_SLU_S5/botB2_2021_06_10_12_35_06_chunk3.json | outputs/2021SLU/output_2021_06_10_SLU_S5/botB2_2021_06_10_12_35_06_chunk4.json | outputs/2021SLU/output_2021_06_10_SLU_S5/botB2_2021_06_10_12_35_06_chunk5.json | outputs/2021SLU/output_2021_06_10_SLU_S5/botB2_2021_06_10_12_35_06_chunk6.json | outputs/2021SLU/output_2021_06_10_SLU_S5/botB2_2021_06_10_12_35_06_chunk8.json | outputs/2021SLU/output_2021_06_11_SLU_S7/Zoom_Meeting_6_11_2021_10_58_14_AM_chunk1.json | outputs/2021SLU/output_2021_06_11_SLU_S7/Zoom_Meeting_6_11_2021_10_58_14_AM_chunk2.json | outputs/2021SLU/output_2021_06_11_SLU_S7/Zoom_Meeting_6_11_2021_10_58_14_AM_chunk3.json | outputs/2021SLU/output_2021_06_11_SLU_S7/Zoom_Meeting_6_11_2021_10_58_14_AM_chunk4.json | outputs/2021SLU/output_2021_06_11_SLU_S7/Zoom_Meeting_6_11_2021_10_58_14_AM_chunk5.json | outputs/2021SLU/output_2021_06_11_SLU_S7/Zoom_Meeting_6_11_2021_10_58_14_AM_chunk6.json | outputs/2021SLU/output_2021_06_11_SLU_S7/Zoom_Meeting_6_11_2021_10_58_14_AM_chunk7.json | outputs/2021SLU/output_2021_06_11_SLU_S7/Zoom_Meeting_6_11_2021_10_58_14_AM_chunk8.json | outputs/2021SLU/output_2021_06_11_SLU_S8/bot1_2021_06_11_13_01_53_chunk1.json | outputs/2021SLU/output_2021_06_11_SLU_S8/bot1_2021_06_11_13_01_53_chunk2.json | outputs/2021SLU/output_2021_06_11_SLU_S8/bot1_2021_06_11_13_01_53_chunk3.json | outputs/2021SLU/output_2021_06_11_SLU_S8/bot1_2021_06_11_13_01_53_chunk4.json | outputs/2021SLU/output_2021_06_11_SLU_S8/bot1_2021_06_11_13_01_53_chunk5.json | outputs/2021SLU/output_2021_06_11_SLU_S8/bot1_2021_06_11_13_01_53_chunk6.json | outputs/2021SLU/output_2021_06_11_SLU_S8/bot1_2021_06_11_13_01_53_chunk7.json | outputs/2021SLU/output_2021_06_11_SLU_S8/bot1_2021_06_11_13_01_53_chunk8.json,57,32
rachel parker,output,2021SLU,Rachel Parker,outputs/2021SLU/output_2021_06_11_SLU_S13/Zoom_Meeting_6_11_2021_1_02_20_PM_chunk2.json | outputs/2021SLU/output_2021_06_11_SLU_S13/Zoom_Meeting_6_11_2021_1_02_20_PM_chunk3.json | outputs/2021SLU/output_2021_06_11_SLU_S13/Zoom_Meeting_6_11_2021_1_02_20_PM_chunk4.json | outputs/2021SLU/output_2021_06_11_SLU_S13/Zoom_Meeting_6_11_2021_1_02_20_PM_chunk5.json | outputs/2021SLU/output_2021_06_11_SLU_S13/Zoom_Meeting_6_11_2021_1_02_20_PM_chunk6.json | outputs/2021SLU/output_2021_06_11_SLU_S13/Zoom_Meeting_6_11_2021_1_02_20_PM_chunk7.json | outputs/2021SLU/output_2021_06_11_SLU_S13/Zoom_Meeting_6_11_2021_1_02_20_PM_chunk8.json,11,7
shannon mackenzie,output,2021SLU,Shannon MacKenzie | Shannon Mackenzie,outputs/2021SLU/output_2021_06_10_SLU_S6/Zoom_Meeting_2021_06_10_12_06_54.json | outputs/2021SLU/output_2021_06_10_SLU_S6/Zoom_Meeting_Room_6_2021_06_10_12_35_01_chunk1.json | outputs/2021SLU/output_2021_06_10_SLU_S6/Zoom_Meeting_Room_6_2021_06_10_12_35_01_chunk2.json | outputs/2021SLU/output_2021_06_10_SLU_S6/Zoom_Meeting_Room_6_2021_06_10_12_35_01_chunk3.json | outputs/2021SLU/output_2021_06_10_SLU_S6/Zoom_Meeting_Room_6_2021_06_10_12_35_01_chunk4.json | outputs/2021SLU/output_2021_06_10_SLU_S6/Zoom_Meeting_Room_6_2021_06_10_12_35_01_chunk5.json | outputs/2021SLU/output_2021_06_10_SLU_S6/Zoom_Meeting_Room_6_2021_06_10_12_35_01_chunk6.json | outputs/2021SLU/output_2021_06_10_SLU_S6/Zoom_Meeting_Room_6_2021_06_10_12_35_01_chunk7.json | outputs/2021SLU/output_2021_06_10_SLU_S6/Zoom_Meeting_Room_6_2021_06_10_12_35_01_chunk8.json | outputs/2021SLU/output_2021_06_11_SLU_S11/bot4_2021_06_11_13_02_17_chunk1.json | outputs/2021SLU/output_2021_06_11_SLU_S11/bot4_2021_06_11_13_02_17_chunk2.json | outputs/2021SLU/output_2021_06_11_SLU_S11/bot4_2021_06_11_13_02_17_chunk3.json | outputs/2021SLU/output_2021_06_11_SLU_S11/bot4_2021_06_11_13_02_17_chunk4.json | outputs/2021SLU/output_2021_06_11_SLU_S11/bot4_2021_06_11_13_02_17_chunk5.json | outputs/2021SLU/output_2021_06_11_SLU_S11/bot4_2021_06_11_13_02_17_chunk6.json | outputs/2021SLU/output_2021_06_11_SLU_S11/bot4_2021_06_11_13_02_17_chunk7.json | outputs/2021SLU/output_2021_06_11_SLU_S11/bot4_2021_06_11_13_02_17_chunk8.json | outputs/2021SLU/output_2021_06_11_SLU_S3/bot3p1_Room_3_Zoom_Meeting_2021_06_11_10_58_57.json | outputs/2021SLU/output_2021_06_11_SLU_S3/bot3p2_Room_3_Zoom_Meeting_2021_06_11_10_59_57_chunk1.json | outputs/2021SLU/output_2021_06_11_SLU_S3/bot3p2_Room_3_Zoom_Meeting_2021_06_11_10_59_57_chunk2.json | outputs/2021SLU/output_2021_06_11_SLU_S3/bot3p2_Room_3_Zoom_Meeting_2021_06_11_10_59_57_chunk3.json | outputs/2021SLU/output_2021_06_11_SLU_S3/bot3p2_Room_3_Zoom_Meeting_2021_06_11_10_59_57_chunk4.json | outputs/2021SLU/output_2021_06_11_SLU_S3/bot3p2_Room_3_Zoom_Meeting_2021_06_11_10_59_57_chunk5.json | outputs/2021SLU/output_2021_06_11_SLU_S3/bot3p2_Room_3_Zoom_Meeting_2021_06_11_10_59_57_chunk6.json | outputs/2021SLU/output_2021_06_11_SLU_S3/bot3p2_Room_3_Zoom_Meeting_2021_06_11_10_59_57_chunk7.json | outputs/2021SLU/output_2021_06_11_SLU_S3/bot3p2_Room_3_Zoom_Meeting_2021_06_11_10_59_57_chunk8.json,74,26
shawn domagal goldman,output,2021SLU,Shawn Domagal-Goldman,outputs/2021SLU/output_2021_06_10_SLU_S7/Zoom_Meeting_6_10_2021_12_35_12_PM_chunk1.json | outputs/2021SLU/output_2021_06_10_SLU_S7/Zoom_Meeting_6_10_2021_12_35_12_PM_chunk2.json | outputs/2021SLU/output_2021_06_10_SLU_S7/Zoom_Meeting_6_10_2021_12_35_12_PM_chunk3.json | outputs/2021SLU/output_2021_06_10_SLU_S7/Zoom_Meeting_6_10_2021_12_35_12_PM_chunk4.json | outputs/2021SLU/output_2021_06_10_SLU_S7/Zoom_Meeting_6_10_2021_12_35_12_PM_chunk5.json | outputs/2021SLU/output_2021_06_10_SLU_S7/Zoom_Meeting_6_10_2021_12_35_12_PM_chunk6.json | outputs/2021SLU/output_2021_06_10_SLU_S7/Zoom_Meeting_6_10_2021_12_35_12_PM_chunk7.json | outputs/2021SLU/output_2021_06_10_SLU_S7/Zoom_Meeting_6_10_2021_12_35_12_PM_chunk8.json | outputs/2021SLU/output_2021_06_11_SLU_S7/Zoom_Meeting_6_11_2021_10_58_14_AM_chunk2.json | outputs/2021SLU/output_2021_06_11_SLU_S7/Zoom_Meeting_6_11_2021_10_58_14_AM_chunk3.json | outputs/2021SLU/output_2021_06_11_SLU_S7/Zoom_Meeting_6_11_2021_10_58_14_AM_chunk4.json | outputs/2021SLU/output_2021_06_11_SLU_S7/Zoom_Meeting_6_11_2021_10_58_14_AM_chunk5.json | outputs/2021SLU/output_2021_06_11_SLU_S7/Zoom_Meeting_6_11_2021_10_58_14_AM_chunk6.json | outputs/2021SLU/output_2021_06_11_SLU_S7/Zoom_Meeting_6_11_2021_10_58_14_AM_chunk7.json | outputs/2021SLU/output_2021_06_11_SLU_S7/Zoom_Meeting_6_11_2021_10_58_14_AM_chunk8.json | outputs/2021SLU/output_2021_06_11_SLU_S8/bot1_2021_06_11_13_01_53_chunk1.json | outputs/2021SLU/output_2021_06_11_SLU_S8/bot1_2021_06_11_13_01_53_chunk2.json | outputs/2021SLU/output_2021_06_11_SLU_S8/bot1_2021_06_11_13_01_53_chunk3.json | outputs/2021SLU/output_2021_06_11_SLU_S8/bot1_2021_06_11_13_01_53_chunk4.json | outputs/2021SLU/output_2021_06_11_SLU_S8/bot1_2021_06_11_13_01_53_chunk5.json | outputs/2021SLU/output_2021_06_11_SLU_S8/bot1_2021_06_11_13_01_53_chunk6.json | outputs/2021SLU/output_2021_06_11_SLU_S8/bot1_2021_06_11_13_01_53_chunk7.json | outputs/2021SLU/output_2021_06_11_SLU_S8/bot1_2021_06_11_13_01_53_chunk8.json,128,23
stylianos louca,output,2021SLU,Stylianos Louca,outputs/2021SLU/output_2021_06_10_SLU_S1/bot1_2021_06_10_12_34_46_chunk1.json | outputs/2021SLU/output_2021_06_10_SLU_S1/bot1_2021_06_10_12_34_46_chunk2.json | outputs/2021SLU/output_2021_06_10_SLU_S1/bot1_2021_06_10_12_34_46_chunk3.json | outputs/2021SLU/output_2021_06_10_SLU_S1/bot1_2021_06_10_12_34_46_chunk4.json | outputs/2021SLU/output_2021_06_10_SLU_S1/bot1_2021_06_10_12_34_46_chunk5.json | outputs/2021SLU/output_2021_06_10_SLU_S1/bot1_2021_06_10_12_34_46_chunk6.json | outputs/2021SLU/output_2021_06_10_SLU_S1/bot1_2021_06_10_12_34_46_chunk7.json | outputs/2021SLU/output_2021_06_10_SLU_S1/bot1_2021_06_10_12_34_46_chunk8.json,29,8
timothy w lyons,output,2021SLU,Timothy W Lyons | Timothy W. Lyons,outputs/2021SLU/output_2021_06_10_SLU_S7/Zoom_Meeting_6_10_2021_12_35_12_PM_chunk1.json | outputs/2021SLU/output_2021_06_10_SLU_S7/Zoom_Meeting_6_10_2021_12_35_12_PM_chunk2.json | outputs/2021SLU/output_2021_06_10_SLU_S7/Zoom_Meeting_6_10_2021_12_35_12_PM_chunk3.json | outputs/2021SLU/output_2021_06_10_SLU_S7/Zoom_Meeting_6_10_2021_12_35_12_PM_chunk4.json | outputs/2021SLU/output_2021_06_10_SLU_S7/Zoom_Meeting_6_10_2021_12_35_12_PM_chunk5.json | outputs/2021SLU/output_2021_06_10_SLU_S7/Zoom_Meeting_6_10_2021_12_35_12_PM_chunk6.json | outputs/2021SLU/output_2021_06_10_SLU_S7/Zoom_Meeting_6_10_2021_12_35_12_PM_chunk7.json | outputs/2021SLU/output_2021_06_10_SLU_S7/Zoom_Meeting_6_10_2021_12_35_12_PM_chunk8.json | outputs/2021SLU/output_2021_06_11_SLU_S13/Zoom_Meeting_6_11_2021_1_02_20_PM_chunk1.json | outputs/2021SLU/output_2021_06_11_SLU_S13/Zoom_Meeting_6_11_2021_1_02_20_PM_chunk2.json | outputs/2021SLU/output_2021_06_11_SLU_S13/Zoom_Meeting_6_11_2021_1_02_20_PM_chunk3.json | outputs/2021SLU/output_2021_06_11_SLU_S13/Zoom_Meeting_6_11_2021_1_02_20_PM_chunk4.json | outputs/2021SLU/output_2021_06_11_SLU_S13/Zoom_Meeting_6_11_2021_1_02_20_PM_chunk5.json | outputs/2021SLU/output_2021_06_11_SLU_S13/Zoom_Meeting_6_11_2021_1_02_20_PM_chunk6.json | outputs/2021SLU/output_2021_06_11_SLU_S13/Zoom_Meeting_6_11_2021_1_02_20_PM_chunk7.json | outputs/2021SLU/output_2021_06_11_SLU_S13/Zoom_Meeting_6_11_2021_1_02_20_PM_chunk8.json | outputs/2021SLU/output_2021_06_11_SLU_S3/bot3p1_Room_3_Zoom_Meeting_2021_06_11_10_58_57.json | outputs/2021SLU/output_2021_06_11_SLU_S3/bot3p2_Room_3_Zoom_Meeting_2021_06_11_10_59_57_chunk1.json | outputs/2021SLU/output_2021_06_11_SLU_S3/bot3p2_Room_3_Zoom_Meeting_2021_06_11_10_59_57_chunk2.json | outputs/2021SLU/output_2021_06_11_SLU_S3/bot3p2_Room_3_Zoom_Meeting_2021_06_11_10_59_57_chunk3.json | outputs/2021SLU/output_2021_06_11_SLU_S3/bot3p2_Room_3_Zoom_Meeting_2021_06_11_10_59_57_chunk4.json | outputs/2021SLU/output_2021_06_11_SLU_S3/bot3p2_Room_3_Zoom_Meeting_2021_06_11_10_59_57_chunk5.json | outputs/2021SLU/output_2021_06_11_SLU_S3/bot3p2_Room_3_Zoom_Meeting_2021_06_11_10_59_57_chunk6.json | outputs/2021SLU/output_2021_06_11_SLU_S3/bot3p2_Room_3_Zoom_Meeting_2021_06_11_10_59_57_chunk7.json | outputs/2021SLU/output_2021_06_11_SLU_S3/bot3p2_Room_3_Zoom_Meeting_2021_06_11_10_59_57_chunk8.json,167,25
tori hoehler,output,2021SLU,Tori Hoehler,outputs/2021SLU/output_2021_06_10_SLU_S4/bot4_2021_06_10_12_35_05_chunk1.json | outputs/2021SLU/output_2021_06_10_SLU_S4/bot4_2021_06_10_12_35_05_chunk2.json | outputs/2021SLU/output_2021_06_10_SLU_S4/bot4_2021_06_10_12_35_05_chunk4.json | outputs/2021SLU/output_2021_06_10_SLU_S4/bot4_2021_06_10_12_35_05_chunk5.json | outputs/2021SLU/output_2021_06_10_SLU_S4/bot4_2021_06_10_12_35_05_chunk6.json | outputs/2021SLU/output_2021_06_10_SLU_S4/bot4_2021_06_10_12_35_05_chunk7.json | outputs/2021SLU/output_2021_06_10_SLU_S4/bot4_2021_06_10_12_35_05_chunk8.json | outputs/2021SLU/output_2021_06_11_SLU_S13/Zoom_Meeting_6_11_2021_1_02_20_PM_chunk1.json | outputs/2021SLU/output_2021_06_11_SLU_S13/Zoom_Meeting_6_11_2021_1_02_20_PM_chunk2.json | outputs/2021SLU/output_2021_06_11_SLU_S13/Zoom_Meeting_6_11_2021_1_02_20_PM_chunk3.json | outputs/2021SLU/output_2021_06_11_SLU_S13/Zoom_Meeting_6_11_2021_1_02_20_PM_chunk4.json | outputs/2021SLU/output_2021_06_11_SLU_S13/Zoom_Meeting_6_11_2021_1_02_20_PM_chunk5.json | outputs/2021SLU/output_2021_06_11_SLU_S13/Zoom_Meeting_6_11_2021_1_02_20_PM_chunk6.json | outputs/2021SLU/output_2021_06_11_SLU_S13/Zoom_Meeting_6_11_2021_1_02_20_PM_chunk7.json | outputs/2021SLU/output_2021_06_11_SLU_S13/Zoom_Meeting_6_11_2021_1_02_20_PM_chunk8.json | outputs/2021SLU/output_2021_06_11_SLU_S2/bot2p1_Zoom_Meeting_Room_2_2021_06_11_10_58_33.json | outputs/2021SLU/output_2021_06_11_SLU_S2/bot2p2_Zoom_Meeting_Room_2_2021_06_11_10_59_37_chunk1.json | outputs/2021SLU/output_2021_06_11_SLU_S2/bot2p2_Zoom_Meeting_Room_2_2021_06_11_10_59_37_chunk2.json | outputs/2021SLU/output_2021_06_11_SLU_S2/bot2p2_Zoom_Meeting_Room_2_2021_06_11_10_59_37_chunk3.json | outputs/2021SLU/output_2021_06_11_SLU_S2/bot2p2_Zoom_Meeting_Room_2_2021_06_11_10_59_37_chunk4.json | outputs/2021SLU/output_2021_06_11_SLU_S2/bot2p2_Zoom_Meeting_Room_2_2021_06_11_10_59_37_chunk5.json | outputs/2021SLU/output_2021_06_11_SLU_S2/bot2p2_Zoom_Meeting_Room_2_2021_06_11_10_59_37_chunk6.json | outputs/2021SLU/output_2021_06_11_SLU_S2/bot2p2_Zoom_Meeting_Room_2_2021_06_11_10_59_37_chunk7.json | outputs/2021SLU/output_2021_06_11_SLU_S2/bot2p2_Zoom_Meeting_Room_2_2021_06_11_10_59_37_chunk8.json | outputs/2021SLU/output_2021_06_11_SLU_S5/botB2_2021_06_11_10_58_55_chunk2.json | outputs/2021SLU/output_2021_06_11_SLU_S5/botB2_2021_06_11_10_58_55_chunk6.json | outputs/2021SLU/output_2021_06_11_SLU_S5/botB2_2021_06_11_10_58_55_chunk7.json,132,27
tori hoeler,output,2021SLU,Tori Hoeler,outputs/2021SLU/output_2021_06_11_SLU_S5/botB2_2021_06_11_10_58_55_chunk1.json | outputs/2021SLU/output_2021_06_11_SLU_S5/botB2_2021_06_11_10_58_55_chunk2.json | outputs/2021SLU/output_2021_06_11_SLU_S5/botB2_2021_06_11_10_58_55_chunk3.json | outputs/2021SLU/output_2021_06_11_SLU_S5/botB2_2021_06_11_10_58_55_chunk4.json | outputs/2021SLU/output_2021_06_11_SLU_S5/botB2_2021_06_11_10_58_55_chunk5.json | outputs/2021SLU/output_2021_06_11_SLU_S5/botB2_2021_06_11_10_58_55_chunk6.json | outputs/2021SLU/output_2021_06_11_SLU_S5/botB2_2021_06_11_10_58_55_chunk7.json | outputs/2021SLU/output_2021_06_11_SLU_S5/botB2_2021_06_11_10_58_55_chunk8.json,44,8
trinity hamilton,output,2021SLU,Trinity Hamilton,outputs/2021SLU/output_2021_06_10_SLU_S2/bot2p1_Zoom_Meeting_Room_2_2021_06_10_12_35_37.json | outputs/2021SLU/output_2021_06_10_SLU_S2/bot2p2_Zoom_Meeting_Room_2_2021_06_10_12_37_25_chunk1.json | outputs/2021SLU/output_2021_06_10_SLU_S2/bot2p2_Zoom_Meeting_Room_2_2021_06_10_12_37_25_chunk2.json | outputs/2021SLU/output_2021_06_10_SLU_S2/bot2p2_Zoom_Meeting_Room_2_2021_06_10_12_37_25_chunk3.json | outputs/2021SLU/output_2021_06_10_SLU_S2/bot2p2_Zoom_Meeting_Room_2_2021_06_10_12_37_25_chunk4.json | outputs/2021SLU/output_2021_06_10_SLU_S2/bot2p2_Zoom_Meeting_Room_2_2021_06_10_12_37_25_chunk5.json | outputs/2021SLU/output_2021_06_10_SLU_S2/bot2p2_Zoom_Meeting_Room_2_2021_06_10_12_37_25_chunk6.json | outputs/2021SLU/output_2021_06_10_SLU_S2/bot2p2_Zoom_Meeting_Room_2_2021_06_10_12_37_25_chunk7.json | outputs/2021SLU/output_2021_06_10_SLU_S2/bot2p2_Zoom_Meeting_Room_2_2021_06_10_12_37_25_chunk8.json | outputs/2021SLU/output_2021_06_10_SLU_S5/botB2_2021_06_10_12_35_06_chunk1.json | outputs/2021SLU/output_2021_06_10_SLU_S5/botB2_2021_06_10_12_35_06_chunk2.json | outputs/2021SLU/output_2021_06_10_SLU_S5/botB2_2021_06_10_12_35_06_chunk3.json | outputs/2021SLU/output_2021_06_10_SLU_S5/botB2_2021_06_10_12_35_06_chunk4.json | outputs/2021SLU/output_2021_06_10_SLU_S5/botB2_2021_06_10_12_35_06_chunk5.json | outputs/2021SLU/output_2021_06_10_SLU_S5/botB2_2021_06_10_12_35_06_chunk6.json | outputs/2021SLU/output_2021_06_10_SLU_S5/botB2_2021_06_10_12_35_06_chunk8.json | outputs/2021SLU/output_2021_06_11_SLU_S10/bot3p1_Room_3_Zoom_Meeting_2021_06_11_13_02_46.json | outputs/2021SLU/output_2021_06_11_SLU_S10/bot3p2_Room_3_Zoom_Meeting_2021_06_11_13_03_36_chunk1.json | outputs/2021SLU/output_2021_06_11_SLU_S10/bot3p2_Room_3_Zoom_Meeting_2021_06_11_13_03_36_chunk2.json | outputs/2021SLU/output_2021_06_11_SLU_S10/bot3p2_Room_3_Zoom_Meeting_2021_06_11_13_03_36_chunk3.json | outputs/2021SLU/output_2021_06_11_SLU_S10/bot3p2_Room_3_Zoom_Meeting_2021_06_11_13_03_36_chunk4.json | outputs/2021SLU/output_2021_06_11_SLU_S10/bot3p2_Room_3_Zoom_Meeting_2021_06_11_13_03_36_chunk5.json | outputs/2021SLU/output_2021_06_11_SLU_S10/bot3p2_Room_3_Zoom_Meeting_2021_06_11_13_03_36_chunk6.json | outputs/2021SLU/output_2021_06_11_SLU_S10/bot3p2_Room_3_Zoom_Meeting_2021_06_11_13_03_36_chunk7.json | outputs/2021SLU/output_2021_06_11_SLU_S10/bot3p2_Room_3_Zoom_Meeting_2021_06_11_13_03_36_chunk8.json | outputs/2021SLU/output_2021_06_11_SLU_S4/bot4_2021_06_11_10_58_21_chunk1.json | outputs/2021SLU/output_2021_06_11_SLU_S4/bot4_2021_06_11_10_58_21_chunk2.json | outputs/2021SLU/output_2021_06_11_SLU_S4/bot4_2021_06_11_10_58_21_chunk3.json | outputs/2021SLU/output_2021_06_11_SLU_S4/bot4_2021_06_11_10_58_21_chunk4.json | outputs/2021SLU/output_2021_06_11_SLU_S4/bot4_2021_06_11_10_58_21_chunk5.json | outputs/2021SLU/output_2021_06_11_SLU_S4/bot4_2021_06_11_10_58_21_chunk6.json | outputs/2021SLU/output_2021_06_11_SLU_S4/bot4_2021_06_11_10_58_21_chunk7.json | outputs/2021SLU/output_2021_06_11_SLU_S4/bot4_2021_06_11_10_58_21_chunk8.json,68,33
trinity l hamilton,truth,2021SLU,Trinity L. Hamilton,analysis_v1/data/2021SLU/2021SLU_outcome.json,1,1
tyler robinson,output,2021SLU,Tyler Robinson,outputs/2021SLU/output_2021_06_10_SLU_S4/bot4_2021_06_10_12_35_05_chunk1.json | outputs/2021SLU/output_2021_06_10_SLU_S4/bot4_2021_06_10_12_35_05_chunk2.json | outputs/2021SLU/output_2021_06_10_SLU_S4/bot4_2021_06_10_12_35_05_chunk4.json | outputs/2021SLU/output_2021_06_10_SLU_S4/bot4_2021_06_10_12_35_05_chunk5.json | outputs/2021SLU/output_2021_06_10_SLU_S4/bot4_2021_06_10_12_35_05_chunk6.json | outputs/2021SLU/output_2021_06_10_SLU_S4/bot4_2021_06_10_12_35_05_chunk7.json | outputs/2021SLU/output_2021_06_10_SLU_S4/bot4_2021_06_10_12_35_05_chunk8.json,21,7
victoria meadows,output,2021SLU,Victoria Meadows,outputs/2021SLU/output_2021_06_10_SLU_S6/Zoom_Meeting_2021_06_10_12_06_54.json,3,1
victoria s meadows,output,2021SLU,Victoria S Meadows,outputs/2021SLU/output_2021_06_10_SLU_S4/bot4_2021_06_10_12_35_05_chunk1.json | outputs/2021SLU/output_2021_06_10_SLU_S4/bot4_2021_06_10_12_35_05_chunk2.json | outputs/2021SLU/output_2021_06_10_SLU_S4/bot4_2021_06_10_12_35_05_chunk4.json | outputs/2021SLU/output_2021_06_10_SLU_S4/bot4_2021_06_10_12_35_05_chunk5.json | outputs/2021SLU/output_2021_06_10_SLU_S4/bot4_2021_06_10_12_35_05_chunk6.json | outputs/2021SLU/output_2021_06_10_SLU_S4/bot4_2021_06_10_12_35_05_chunk7.json | outputs/2021SLU/output_2021_06_10_SLU_S4/bot4_2021_06_10_12_35_05_chunk8.json | outputs/2021SLU/output_2021_06_11_SLU_S1/bot1_2021_06_11_10_57_56_chunk1.json | outputs/2021SLU/output_2021_06_11_SLU_S1/bot1_2021_06_11_10_57_56_chunk2.json | outputs/2021SLU/output_2021_06_11_SLU_S1/bot1_2021_06_11_10_57_56_chunk3.json | outputs/2021SLU/output_2021_06_11_SLU_S1/bot1_2021_06_11_10_57_56_chunk4.json | outputs/2021SLU/output_2021_06_11_SLU_S1/bot1_2021_06_11_10_57_56_chunk5.json | outputs/2021SLU/output_2021_06_11_SLU_S1/bot1_2021_06_11_10_57_56_chunk6.json | outputs/2021SLU/output_2021_06_11_SLU_S1/bot1_2021_06_11_10_57_56_chunk7.json | outputs/2021SLU/output_2021_06_11_SLU_S1/bot1_2021_06_11_10_57_56_chunk8.json,152,15
multiple speakers,output,2021SLU | 2022MND,Multiple Speakers,outputs/2021SLU/output_2021_06_10_SLU_S1/bot1_2021_06_10_12_34_46_chunk1.json | outputs/2022MND/output_2022_04_08_MND_S7/Bot1_2022_04_08_13_01_44_60min40sec_61min10sec_chunk1.json,3,2
aaron longbrake,output,2022MND,Aaron Longbrake,outputs/2022MND/output_2022_04_07_MND_S1/Bot1_2022_04_07_12_35_40_glitch_2_4min_chunk1.json | outputs/2022MND/output_2022_04_07_MND_S1/Bot1_2022_04_07_12_35_40_glitch_2_4min_chunk2.json | outputs/2022MND/output_2022_04_07_MND_S1/Bot1_2022_04_07_12_35_40_glitch_2_4min_chunk3.json | outputs/2022MND/output_2022_04_07_MND_S1/Bot1_2022_04_07_12_35_40_glitch_2_4min_chunk4.json | outputs/2022MND/output_2022_04_07_MND_S1/Bot1_2022_04_07_12_35_40_glitch_2_4min_chunk5.json | outputs/2022MND/output_2022_04_07_MND_S1/Bot1_2022_04_07_12_35_40_glitch_2_4min_chunk6.json | outputs/2022MND/output_2022_04_07_MND_S1/Bot1_2022_04_07_12_35_40_glitch_2_4min_chunk7.json | outputs/2022MND/output_2022_04_07_MND_S1/Bot1_2022_04_07_12_35_40_glitch_2_4min_chunk8.json,10,8
annika,output,2022MND,Annika,outputs/2022MND/output_2022_04_08_MND_S3/Bot3.1_2022_04_08_10_53_26_problem_47min10sec_end_then_2_min_missed_chunk1.json | outputs/2022MND/output_2022_04_08_MND_S3/Bot3.1_2022_04_08_10_53_26_problem_47min10sec_end_then_2_min_missed_chunk2.json | outputs/2022MND/output_2022_04_08_MND_S3/Bot3.1_2022_04_08_10_53_26_problem_47min10sec_end_then_2_min_missed_chunk3.json | outputs/2022MND/output_2022_04_08_MND_S3/Bot3.1_2022_04_08_10_53_26_problem_47min10sec_end_then_2_min_missed_chunk4.json | outputs/2022MND/output_2022_04_08_MND_S3/Bot3.1_2022_04_08_10_53_26_problem_47min10sec_end_then_2_min_missed_chunk5.json | outputs/2022MND/output_2022_04_08_MND_S3/Bot3.2_2022_04_08_11_45_28_after_missed_2_min_chunk1.json | outputs/2022MND/output_2022_04_08_MND_S3/Bot3.2_2022_04_08_11_45_28_after_missed_2_min_chunk2.json | outputs/2022MND/output_2022_04_08_MND_S3/Bot3.2_2022_04_08_11_45_28_after_missed_2_min_chunk3.json | outputs/2022MND/output_2022_04_08_MND_S8/Bot2_Zoom_Meeting_Room_2_2022_04_08_13_02_14_chunk2.json | outputs/2022MND/output_2022_04_08_MND_S8/Bot2_Zoom_Meeting_Room_2_2022_04_08_13_02_14_chunk3.json | outputs/2022MND/output_2022_04_08_MND_S8/Bot2_Zoom_Meeting_Room_2_2022_04_08_13_02_14_chunk4.json | outputs/2022MND/output_2022_04_08_MND_S8/Bot2_Zoom_Meeting_Room_2_2022_04_08_13_02_14_chunk5.json | outputs/2022MND/output_2022_04_08_MND_S8/Bot2_Zoom_Meeting_Room_2_2022_04_08_13_02_14_chunk6.json | outputs/2022MND/output_2022_04_08_MND_S8/Bot2_Zoom_Meeting_Room_2_2022_04_08_13_02_14_chunk7.json | outputs/2022MND/output_2022_04_08_MND_S8/Bot2_Zoom_Meeting_Room_2_2022_04_08_13_02_14_chunk8.json,147,15
corinne maurice,output,2022MND,"Corinne Maurice | Corinne Maurice, Dr.",outputs/2022MND/output_2022_04_07_MND_S6/BotB5_2022_04_07_12_37_34_chunk1.json | outputs/2022MND/output_2022_04_07_MND_S6/BotB5_2022_04_07_12_37_34_chunk2.json | outputs/2022MND/output_2022_04_07_MND_S6/BotB5_2022_04_07_12_37_34_chunk3.json | outputs/2022MND/output_2022_04_07_MND_S6/BotB5_2022_04_07_12_37_34_chunk4.json | outputs/2022MND/output_2022_04_07_MND_S6/BotB5_2022_04_07_12_37_34_chunk5.json | outputs/2022MND/output_2022_04_07_MND_S6/BotB5_2022_04_07_12_37_34_chunk7.json | outputs/2022MND/output_2022_04_07_MND_S6/BotB5_2022_04_07_12_37_34_chunk8.json | outputs/2022MND/output_2022_04_08_MND_S4/BotB4_2022_04_08_06_54_34_time_wrong_(probably_4hrs_early)_chunk1.json | outputs/2022MND/output_2022_04_08_MND_S4/BotB4_2022_04_08_06_54_34_time_wrong_(probably_4hrs_early)_chunk2.json | outputs/2022MND/output_2022_04_08_MND_S4/BotB4_2022_04_08_06_54_34_time_wrong_(probably_4hrs_early)_chunk3.json | outputs/2022MND/output_2022_04_08_MND_S4/BotB4_2022_04_08_06_54_34_time_wrong_(probably_4hrs_early)_chunk4.json | outputs/2022MND/output_2022_04_08_MND_S4/BotB4_2022_04_08_06_54_34_time_wrong_(probably_4hrs_early)_chunk5.json | outputs/2022MND/output_2022_04_08_MND_S4/BotB4_2022_04_08_06_54_34_time_wrong_(probably_4hrs_early)_chunk6.json | outputs/2022MND/output_2022_04_08_MND_S4/BotB4_2022_04_08_06_54_34_time_wrong_(probably_4hrs_early)_chunk7.json | outputs/2022MND/output_2022_04_08_MND_S4/BotB4_2022_04_08_06_54_34_time_wrong_(probably_4hrs_early)_chunk8.json | outputs/2022MND/output_2022_04_08_MND_S9/Bot3_2022_04_08_13_01_56_problem_55min30sec_57min20sec_chunk2.json | outputs/2022MND/output_2022_04_08_MND_S9/Bot3_2022_04_08_13_01_56_problem_55min30sec_57min20sec_chunk3.json | outputs/2022MND/output_2022_04_08_MND_S9/Bot3_2022_04_08_13_01_56_problem_55min30sec_57min20sec_chunk4.json | outputs/2022MND/output_2022_04_08_MND_S9/Bot3_2022_04_08_13_01_56_problem_55min30sec_57min20sec_chunk5.json | outputs/2022MND/output_2022_04_08_MND_S9/Bot3_2022_04_08_13_01_56_problem_55min30sec_57min20sec_chunk6.json | outputs/2022MND/output_2022_04_08_MND_S9/Bot3_2022_04_08_13_01_56_problem_55min30sec_57min20sec_chunk7.json | outputs/2022MND/output_2022_04_08_MND_S9/Bot3_2022_04_08_13_01_56_problem_55min30sec_57min20sec_chunk8.json,101,22
dave durgan,output,2022MND,Dave Durgan,outputs/2022MND/output_2022_04_07_MND_S4/Bot4_MND_2022_1_4_chunk1.json | outputs/2022MND/output_2022_04_07_MND_S4/Bot4_MND_2022_1_4_chunk2.json | outputs/2022MND/output_2022_04_07_MND_S4/Bot4_MND_2022_1_4_chunk3.json | outputs/2022MND/output_2022_04_07_MND_S4/Bot4_MND_2022_1_4_chunk4.json | outputs/2022MND/output_2022_04_07_MND_S4/Bot4_MND_2022_1_4_chunk6.json | outputs/2022MND/output_2022_04_07_MND_S4/Bot4_MND_2022_1_4_chunk7.json | outputs/2022MND/output_2022_04_07_MND_S4/Bot4_MND_2022_1_4_chunk8.json | outputs/2022MND/output_2022_04_07_MND_S5/BotB4_2022_04_07_09_36_38_time_off_by_3hrs_(should_be_later)_chunk2.json | outputs/2022MND/output_2022_04_07_MND_S5/BotB4_2022_04_07_09_36_38_time_off_by_3hrs_(should_be_later)_chunk3.json | outputs/2022MND/output_2022_04_07_MND_S5/BotB4_2022_04_07_09_36_38_time_off_by_3hrs_(should_be_later)_chunk4.json | outputs/2022MND/output_2022_04_07_MND_S5/BotB4_2022_04_07_09_36_38_time_off_by_3hrs_(should_be_later)_chunk5.json | outputs/2022MND/output_2022_04_07_MND_S5/BotB4_2022_04_07_09_36_38_time_off_by_3hrs_(should_be_later)_chunk6.json | outputs/2022MND/output_2022_04_07_MND_S5/BotB4_2022_04_07_09_36_38_time_off_by_3hrs_(should_be_later)_chunk7.json | outputs/2022MND/output_2022_04_07_MND_S5/BotB4_2022_04_07_09_36_38_time_off_by_3hrs_(should_be_later)_chunk8.json | outputs/2022MND/output_2022_04_08_MND_S10/BotB4_2022_04_08_01_03_01_problem_53min20sec_56min20sec_chunk1.json | outputs/2022MND/output_2022_04_08_MND_S10/BotB4_2022_04_08_01_03_01_problem_53min20sec_56min20sec_chunk2.json | outputs/2022MND/output_2022_04_08_MND_S10/BotB4_2022_04_08_01_03_01_problem_53min20sec_56min20sec_chunk3.json | outputs/2022MND/output_2022_04_08_MND_S10/BotB4_2022_04_08_01_03_01_problem_53min20sec_56min20sec_chunk4.json | outputs/2022MND/output_2022_04_08_MND_S10/BotB4_2022_04_08_01_03_01_problem_53min20sec_56min20sec_chunk5.json | outputs/2022MND/output_2022_04_08_MND_S10/BotB4_2022_04_08_01_03_01_problem_53min20sec_56min20sec_chunk6.json | outputs/2022MND/output_2022_04_08_MND_S10/BotB4_2022_04_08_01_03_01_problem_53min20sec_56min20sec_chunk7.json | outputs/2022MND/output_2022_04_08_MND_S10/BotB4_2022_04_08_01_03_01_problem_53min20sec_56min20sec_chunk8.json | outputs/2022MND/output_2022_04_08_MND_S12/MND_3_4_part1.json | outputs/2022MND/output_2022_04_08_MND_S2/Bot2_Zoom_Meeting_Room_2_2022_04_08_10_54_08_problem_52min50sec_55min_chunk1.json | outputs/2022MND/output_2022_04_08_MND_S2/Bot2_Zoom_Meeting_Room_2_2022_04_08_10_54_08_problem_52min50sec_55min_chunk2.json | outputs/2022MND/output_2022_04_08_MND_S2/Bot2_Zoom_Meeting_Room_2_2022_04_08_10_54_08_problem_52min50sec_55min_chunk3.json | outputs/2022MND/output_2022_04_08_MND_S2/Bot2_Zoom_Meeting_Room_2_2022_04_08_10_54_08_problem_52min50sec_55min_chunk4.json | outputs/2022MND/output_2022_04_08_MND_S2/Bot2_Zoom_Meeting_Room_2_2022_04_08_10_54_08_problem_52min50sec_55min_chunk5.json | outputs/2022MND/output_2022_04_08_MND_S2/Bot2_Zoom_Meeting_Room_2_2022_04_08_10_54_08_problem_52min50sec_55min_chunk6.json | outputs/2022MND/output_2022_04_08_MND_S2/Bot2_Zoom_Meeting_Room_2_2022_04_08_10_54_08_problem_52min50sec_55min_chunk7.json | outputs/2022MND/output_2022_04_08_MND_S2/Bot2_Zoom_Meeting_Room_2_2022_04_08_10_54_08_problem_52min50sec_55min_chunk8.json,116,31
david durgan,truth,2022MND,David Durgan,analysis_v1/data/2022MND/2022MND_outcome.json,1,1
heather bean,output,2022MND,Heather Bean,outputs/2022MND/output_2022_04_07_MND_S2/Bot2_Zoom_Meeting_2022_04_07_12_36_23_controls_issue_chunk1.json | outputs/2022MND/output_2022_04_07_MND_S2/Bot2_Zoom_Meeting_2022_04_07_12_36_23_controls_issue_chunk2.json | outputs/2022MND/output_2022_04_07_MND_S2/Bot2_Zoom_Meeting_2022_04_07_12_36_23_controls_issue_chunk3.json | outputs/2022MND/output_2022_04_07_MND_S2/Bot2_Zoom_Meeting_2022_04_07_12_36_23_controls_issue_chunk4.json | outputs/2022MND/output_2022_04_07_MND_S2/Bot2_Zoom_Meeting_2022_04_07_12_36_23_controls_issue_chunk5.json | outputs/2022MND/output_2022_04_07_MND_S2/Bot2_Zoom_Meeting_2022_04_07_12_36_23_controls_issue_chunk7.json | outputs/2022MND/output_2022_04_07_MND_S2/Bot2_Zoom_Meeting_2022_04_07_12_36_23_controls_issue_chunk8.json | outputs/2022MND/output_2022_04_08_MND_S1/Bot1_2022_04_08_10_53_19_chunk1.json | outputs/2022MND/output_2022_04_08_MND_S1/Bot1_2022_04_08_10_53_19_chunk2.json | outputs/2022MND/output_2022_04_08_MND_S1/Bot1_2022_04_08_10_53_19_chunk3.json | outputs/2022MND/output_2022_04_08_MND_S1/Bot1_2022_04_08_10_53_19_chunk4.json | outputs/2022MND/output_2022_04_08_MND_S1/Bot1_2022_04_08_10_53_19_chunk5.json | outputs/2022MND/output_2022_04_08_MND_S1/Bot1_2022_04_08_10_53_19_chunk6.json | outputs/2022MND/output_2022_04_08_MND_S1/Bot1_2022_04_08_10_53_19_chunk7.json | outputs/2022MND/output_2022_04_08_MND_S1/Bot1_2022_04_08_10_53_19_chunk8.json | outputs/2022MND/output_2022_04_08_MND_S9/Bot3_2022_04_08_13_01_56_problem_55min30sec_57min20sec_chunk2.json | outputs/2022MND/output_2022_04_08_MND_S9/Bot3_2022_04_08_13_01_56_problem_55min30sec_57min20sec_chunk3.json | outputs/2022MND/output_2022_04_08_MND_S9/Bot3_2022_04_08_13_01_56_problem_55min30sec_57min20sec_chunk4.json | outputs/2022MND/output_2022_04_08_MND_S9/Bot3_2022_04_08_13_01_56_problem_55min30sec_57min20sec_chunk5.json | outputs/2022MND/output_2022_04_08_MND_S9/Bot3_2022_04_08_13_01_56_problem_55min30sec_57min20sec_chunk6.json | outputs/2022MND/output_2022_04_08_MND_S9/Bot3_2022_04_08_13_01_56_problem_55min30sec_57min20sec_chunk7.json | outputs/2022MND/output_2022_04_08_MND_S9/Bot3_2022_04_08_13_01_56_problem_55min30sec_57min20sec_chunk8.json,103,22
irene yang,output,2022MND,Irene Yang,outputs/2022MND/output_2022_04_07_MND_S3/Bot3_2022_04_07_12_36_39_chunk1.json | outputs/2022MND/output_2022_04_07_MND_S3/Bot3_2022_04_07_12_36_39_chunk2.json | outputs/2022MND/output_2022_04_07_MND_S3/Bot3_2022_04_07_12_36_39_chunk3.json | outputs/2022MND/output_2022_04_07_MND_S3/Bot3_2022_04_07_12_36_39_chunk4.json | outputs/2022MND/output_2022_04_07_MND_S3/Bot3_2022_04_07_12_36_39_chunk5.json | outputs/2022MND/output_2022_04_07_MND_S3/Bot3_2022_04_07_12_36_39_chunk6.json | outputs/2022MND/output_2022_04_07_MND_S3/Bot3_2022_04_07_12_36_39_chunk7.json | outputs/2022MND/output_2022_04_07_MND_S3/Bot3_2022_04_07_12_36_39_chunk8.json | outputs/2022MND/output_2022_04_08_MND_S1/Bot1_2022_04_08_10_53_19_chunk1.json | outputs/2022MND/output_2022_04_08_MND_S1/Bot1_2022_04_08_10_53_19_chunk2.json | outputs/2022MND/output_2022_04_08_MND_S1/Bot1_2022_04_08_10_53_19_chunk3.json | outputs/2022MND/output_2022_04_08_MND_S1/Bot1_2022_04_08_10_53_19_chunk4.json | outputs/2022MND/output_2022_04_08_MND_S1/Bot1_2022_04_08_10_53_19_chunk5.json | outputs/2022MND/output_2022_04_08_MND_S1/Bot1_2022_04_08_10_53_19_chunk6.json | outputs/2022MND/output_2022_04_08_MND_S1/Bot1_2022_04_08_10_53_19_chunk7.json | outputs/2022MND/output_2022_04_08_MND_S1/Bot1_2022_04_08_10_53_19_chunk8.json | outputs/2022MND/output_2022_04_08_MND_S7/Bot1_2022_04_08_13_01_44_60min40sec_61min10sec_chunk1.json | outputs/2022MND/output_2022_04_08_MND_S7/Bot1_2022_04_08_13_01_44_60min40sec_61min10sec_chunk2.json | outputs/2022MND/output_2022_04_08_MND_S7/Bot1_2022_04_08_13_01_44_60min40sec_61min10sec_chunk3.json | outputs/2022MND/output_2022_04_08_MND_S7/Bot1_2022_04_08_13_01_44_60min40sec_61min10sec_chunk4.json | outputs/2022MND/output_2022_04_08_MND_S7/Bot1_2022_04_08_13_01_44_60min40sec_61min10sec_chunk5.json | outputs/2022MND/output_2022_04_08_MND_S7/Bot1_2022_04_08_13_01_44_60min40sec_61min10sec_chunk6.json | outputs/2022MND/output_2022_04_08_MND_S7/Bot1_2022_04_08_13_01_44_60min40sec_61min10sec_chunk7.json | outputs/2022MND/output_2022_04_08_MND_S7/Bot1_2022_04_08_13_01_44_60min40sec_61min10sec_chunk8.json,62,24
jae sung,output,2022MND,Jae Sung,outputs/2022MND/output_2022_04_08_MND_S10/BotB4_2022_04_08_01_03_01_problem_53min20sec_56min20sec_chunk3.json | outputs/2022MND/output_2022_04_08_MND_S10/BotB4_2022_04_08_01_03_01_problem_53min20sec_56min20sec_chunk4.json | outputs/2022MND/output_2022_04_08_MND_S10/BotB4_2022_04_08_01_03_01_problem_53min20sec_56min20sec_chunk5.json | outputs/2022MND/output_2022_04_08_MND_S10/BotB4_2022_04_08_01_03_01_problem_53min20sec_56min20sec_chunk6.json | outputs/2022MND/output_2022_04_08_MND_S10/BotB4_2022_04_08_01_03_01_problem_53min20sec_56min20sec_chunk7.json | outputs/2022MND/output_2022_04_08_MND_S10/BotB4_2022_04_08_01_03_01_problem_53min20sec_56min20sec_chunk8.json,40,6
jaejun sung,output,2022MND,Jaejun (Jae) Sung,outputs/2022MND/output_2022_04_08_MND_S1/Bot1_2022_04_08_10_53_19_chunk1.json | outputs/2022MND/output_2022_04_08_MND_S1/Bot1_2022_04_08_10_53_19_chunk2.json | outputs/2022MND/output_2022_04_08_MND_S1/Bot1_2022_04_08_10_53_19_chunk3.json | outputs/2022MND/output_2022_04_08_MND_S1/Bot1_2022_04_08_10_53_19_chunk4.json | outputs/2022MND/output_2022_04_08_MND_S1/Bot1_2022_04_08_10_53_19_chunk5.json | outputs/2022MND/output_2022_04_08_MND_S1/Bot1_2022_04_08_10_53_19_chunk6.json | outputs/2022MND/output_2022_04_08_MND_S1/Bot1_2022_04_08_10_53_19_chunk7.json | outputs/2022MND/output_2022_04_08_MND_S1/Bot1_2022_04_08_10_53_19_chunk8.json | outputs/2022MND/output_2022_04_08_MND_S10/BotB4_2022_04_08_01_03_01_problem_53min20sec_56min20sec_chunk1.json | outputs/2022MND/output_2022_04_08_MND_S10/BotB4_2022_04_08_01_03_01_problem_53min20sec_56min20sec_chunk2.json,47,10
jodi lilley,output,2022MND,Jodi Lilley,outputs/2022MND/output_2022_04_07_MND_S3/Bot3_2022_04_07_12_36_39_chunk1.json | outputs/2022MND/output_2022_04_07_MND_S3/Bot3_2022_04_07_12_36_39_chunk2.json | outputs/2022MND/output_2022_04_07_MND_S3/Bot3_2022_04_07_12_36_39_chunk3.json | outputs/2022MND/output_2022_04_07_MND_S3/Bot3_2022_04_07_12_36_39_chunk4.json | outputs/2022MND/output_2022_04_07_MND_S3/Bot3_2022_04_07_12_36_39_chunk5.json | outputs/2022MND/output_2022_04_07_MND_S3/Bot3_2022_04_07_12_36_39_chunk6.json | outputs/2022MND/output_2022_04_07_MND_S3/Bot3_2022_04_07_12_36_39_chunk7.json | outputs/2022MND/output_2022_04_07_MND_S3/Bot3_2022_04_07_12_36_39_chunk8.json | outputs/2022MND/output_2022_04_08_MND_S11/BotB5_2022_04_08_13_02_42_chunk1.json | outputs/2022MND/output_2022_04_08_MND_S11/BotB5_2022_04_08_13_02_42_chunk2.json | outputs/2022MND/output_2022_04_08_MND_S11/BotB5_2022_04_08_13_02_42_chunk3.json | outputs/2022MND/output_2022_04_08_MND_S11/BotB5_2022_04_08_13_02_42_chunk4.json | outputs/2022MND/output_2022_04_08_MND_S11/BotB5_2022_04_08_13_02_42_chunk5.json | outputs/2022MND/output_2022_04_08_MND_S11/BotB5_2022_04_08_13_02_42_chunk6.json | outputs/2022MND/output_2022_04_08_MND_S11/BotB5_2022_04_08_13_02_42_chunk7.json | outputs/2022MND/output_2022_04_08_MND_S11/BotB5_2022_04_08_13_02_42_chunk8.json,58,16
kailong ye,output,2022MND,Kailong (Calvin) Ye,outputs/2022MND/output_2022_04_08_MND_S7/Bot1_2022_04_08_13_01_44_60min40sec_61min10sec_chunk1.json | outputs/2022MND/output_2022_04_08_MND_S7/Bot1_2022_04_08_13_01_44_60min40sec_61min10sec_chunk2.json | outputs/2022MND/output_2022_04_08_MND_S7/Bot1_2022_04_08_13_01_44_60min40sec_61min10sec_chunk3.json | outputs/2022MND/output_2022_04_08_MND_S7/Bot1_2022_04_08_13_01_44_60min40sec_61min10sec_chunk4.json | outputs/2022MND/output_2022_04_08_MND_S7/Bot1_2022_04_08_13_01_44_60min40sec_61min10sec_chunk5.json | outputs/2022MND/output_2022_04_08_MND_S7/Bot1_2022_04_08_13_01_44_60min40sec_61min10sec_chunk6.json | outputs/2022MND/output_2022_04_08_MND_S7/Bot1_2022_04_08_13_01_44_60min40sec_61min10sec_chunk7.json | outputs/2022MND/output_2022_04_08_MND_S7/Bot1_2022_04_08_13_01_44_60min40sec_61min10sec_chunk8.json,32,8
kaisong,output,2022MND,Kaisong (Calvin) He,outputs/2022MND/output_2022_04_07_MND_S1/Bot1_2022_04_07_12_35_40_glitch_2_4min_chunk1.json | outputs/2022MND/output_2022_04_07_MND_S1/Bot1_2022_04_07_12_35_40_glitch_2_4min_chunk2.json | outputs/2022MND/output_2022_04_07_MND_S1/Bot1_2022_04_07_12_35_40_glitch_2_4min_chunk3.json | outputs/2022MND/output_2022_04_07_MND_S1/Bot1_2022_04_07_12_35_40_glitch_2_4min_chunk4.json | outputs/2022MND/output_2022_04_07_MND_S1/Bot1_2022_04_07_12_35_40_glitch_2_4min_chunk5.json | outputs/2022MND/output_2022_04_07_MND_S1/Bot1_2022_04_07_12_35_40_glitch_2_4min_chunk6.json | outputs/2022MND/output_2022_04_07_MND_S1/Bot1_2022_04_07_12_35_40_glitch_2_4min_chunk7.json | outputs/2022MND/output_2022_04_07_MND_S1/Bot1_2022_04_07_12_35_40_glitch_2_4min_chunk8.json,36,8
mark mimee,output,2022MND,Mark Mimee,outputs/2022MND/output_2022_04_08_MND_S4/BotB4_2022_04_08_06_54_34_time_wrong_(probably_4hrs_early)_chunk1.json | outputs/2022MND/output_2022_04_08_MND_S4/BotB4_2022_04_08_06_54_34_time_wrong_(probably_4hrs_early)_chunk2.json | outputs/2022MND/output_2022_04_08_MND_S4/BotB4_2022_04_08_06_54_34_time_wrong_(probably_4hrs_early)_chunk3.json | outputs/2022MND/output_2022_04_08_MND_S4/BotB4_2022_04_08_06_54_34_time_wrong_(probably_4hrs_early)_chunk4.json | outputs/2022MND/output_2022_04_08_MND_S4/BotB4_2022_04_08_06_54_34_time_wrong_(probably_4hrs_early)_chunk5.json | outputs/2022MND/output_2022_04_08_MND_S4/BotB4_2022_04_08_06_54_34_time_wrong_(probably_4hrs_early)_chunk6.json | outputs/2022MND/output_2022_04_08_MND_S4/BotB4_2022_04_08_06_54_34_time_wrong_(probably_4hrs_early)_chunk7.json | outputs/2022MND/output_2022_04_08_MND_S4/BotB4_2022_04_08_06_54_34_time_wrong_(probably_4hrs_early)_chunk8.json | outputs/2022MND/output_2022_04_08_MND_S6/MND_2_4_part1.json,38,9
rachel saylor,output,2022MND,Rachel Saylor,outputs/2022MND/output_2022_04_07_MND_S3/Bot3_2022_04_07_12_36_39_chunk1.json | outputs/2022MND/output_2022_04_07_MND_S3/Bot3_2022_04_07_12_36_39_chunk2.json | outputs/2022MND/output_2022_04_07_MND_S3/Bot3_2022_04_07_12_36_39_chunk3.json | outputs/2022MND/output_2022_04_07_MND_S3/Bot3_2022_04_07_12_36_39_chunk4.json | outputs/2022MND/output_2022_04_07_MND_S3/Bot3_2022_04_07_12_36_39_chunk5.json | outputs/2022MND/output_2022_04_07_MND_S3/Bot3_2022_04_07_12_36_39_chunk6.json | outputs/2022MND/output_2022_04_07_MND_S3/Bot3_2022_04_07_12_36_39_chunk7.json | outputs/2022MND/output_2022_04_07_MND_S3/Bot3_2022_04_07_12_36_39_chunk8.json | outputs/2022MND/output_2022_04_08_MND_S3/Bot3.1_2022_04_08_10_53_26_problem_47min10sec_end_then_2_min_missed_chunk1.json | outputs/2022MND/output_2022_04_08_MND_S3/Bot3.1_2022_04_08_10_53_26_problem_47min10sec_end_then_2_min_missed_chunk2.json | outputs/2022MND/output_2022_04_08_MND_S3/Bot3.1_2022_04_08_10_53_26_problem_47min10sec_end_then_2_min_missed_chunk3.json | outputs/2022MND/output_2022_04_08_MND_S3/Bot3.1_2022_04_08_10_53_26_problem_47min10sec_end_then_2_min_missed_chunk4.json | outputs/2022MND/output_2022_04_08_MND_S3/Bot3.1_2022_04_08_10_53_26_problem_47min10sec_end_then_2_min_missed_chunk5.json | outputs/2022MND/output_2022_04_08_MND_S3/Bot3.2_2022_04_08_11_45_28_after_missed_2_min_chunk1.json | outputs/2022MND/output_2022_04_08_MND_S3/Bot3.2_2022_04_08_11_45_28_after_missed_2_min_chunk2.json | outputs/2022MND/output_2022_04_08_MND_S3/Bot3.2_2022_04_08_11_45_28_after_missed_2_min_chunk3.json | outputs/2022MND/output_2022_04_08_MND_S8/Bot2_Zoom_Meeting_Room_2_2022_04_08_13_02_14_chunk3.json | outputs/2022MND/output_2022_04_08_MND_S8/Bot2_Zoom_Meeting_Room_2_2022_04_08_13_02_14_chunk4.json | outputs/2022MND/output_2022_04_08_MND_S8/Bot2_Zoom_Meeting_Room_2_2022_04_08_13_02_14_chunk5.json | outputs/2022MND/output_2022_04_08_MND_S8/Bot2_Zoom_Meeting_Room_2_2022_04_08_13_02_14_chunk6.json | outputs/2022MND/output_2022_04_08_MND_S8/Bot2_Zoom_Meeting_Room_2_2022_04_08_13_02_14_chunk7.json | outputs/2022MND/output_2022_04_08_MND_S8/Bot2_Zoom_Meeting_Room_2_2022_04_08_13_02_14_chunk8.json,71,22
rima kaddurah daouk,output,2022MND,Rima Kaddurah Daouk | Rima kaddurah daouk,outputs/2022MND/output_2022_04_07_MND_S2/Bot2_Zoom_Meeting_2022_04_07_12_36_23_controls_issue_chunk1.json | outputs/2022MND/output_2022_04_07_MND_S2/Bot2_Zoom_Meeting_2022_04_07_12_36_23_controls_issue_chunk2.json | outputs/2022MND/output_2022_04_07_MND_S2/Bot2_Zoom_Meeting_2022_04_07_12_36_23_controls_issue_chunk3.json | outputs/2022MND/output_2022_04_07_MND_S2/Bot2_Zoom_Meeting_2022_04_07_12_36_23_controls_issue_chunk4.json | outputs/2022MND/output_2022_04_07_MND_S2/Bot2_Zoom_Meeting_2022_04_07_12_36_23_controls_issue_chunk5.json | outputs/2022MND/output_2022_04_07_MND_S2/Bot2_Zoom_Meeting_2022_04_07_12_36_23_controls_issue_chunk7.json | outputs/2022MND/output_2022_04_07_MND_S2/Bot2_Zoom_Meeting_2022_04_07_12_36_23_controls_issue_chunk8.json | outputs/2022MND/output_2022_04_08_MND_S2/Bot2_Zoom_Meeting_Room_2_2022_04_08_10_54_08_problem_52min50sec_55min_chunk1.json | outputs/2022MND/output_2022_04_08_MND_S2/Bot2_Zoom_Meeting_Room_2_2022_04_08_10_54_08_problem_52min50sec_55min_chunk2.json | outputs/2022MND/output_2022_04_08_MND_S2/Bot2_Zoom_Meeting_Room_2_2022_04_08_10_54_08_problem_52min50sec_55min_chunk3.json | outputs/2022MND/output_2022_04_08_MND_S2/Bot2_Zoom_Meeting_Room_2_2022_04_08_10_54_08_problem_52min50sec_55min_chunk4.json | outputs/2022MND/output_2022_04_08_MND_S2/Bot2_Zoom_Meeting_Room_2_2022_04_08_10_54_08_problem_52min50sec_55min_chunk5.json | outputs/2022MND/output_2022_04_08_MND_S2/Bot2_Zoom_Meeting_Room_2_2022_04_08_10_54_08_problem_52min50sec_55min_chunk6.json | outputs/2022MND/output_2022_04_08_MND_S2/Bot2_Zoom_Meeting_Room_2_2022_04_08_10_54_08_problem_52min50sec_55min_chunk7.json | outputs/2022MND/output_2022_04_08_MND_S2/Bot2_Zoom_Meeting_Room_2_2022_04_08_10_54_08_problem_52min50sec_55min_chunk8.json | outputs/2022MND/output_2022_04_08_MND_S7/Bot1_2022_04_08_13_01_44_60min40sec_61min10sec_chunk1.json | outputs/2022MND/output_2022_04_08_MND_S7/Bot1_2022_04_08_13_01_44_60min40sec_61min10sec_chunk2.json | outputs/2022MND/output_2022_04_08_MND_S7/Bot1_2022_04_08_13_01_44_60min40sec_61min10sec_chunk3.json | outputs/2022MND/output_2022_04_08_MND_S7/Bot1_2022_04_08_13_01_44_60min40sec_61min10sec_chunk4.json | outputs/2022MND/output_2022_04_08_MND_S7/Bot1_2022_04_08_13_01_44_60min40sec_61min10sec_chunk5.json | outputs/2022MND/output_2022_04_08_MND_S7/Bot1_2022_04_08_13_01_44_60min40sec_61min10sec_chunk6.json | outputs/2022MND/output_2022_04_08_MND_S7/Bot1_2022_04_08_13_01_44_60min40sec_61min10sec_chunk7.json | outputs/2022MND/output_2022_04_08_MND_S7/Bot1_2022_04_08_13_01_44_60min40sec_61min10sec_chunk8.json,207,23
tom mansell,output,2022MND,Tom Mansell,outputs/2022MND/output_2022_04_07_MND_S1/Bot1_2022_04_07_12_35_40_glitch_2_4min_chunk1.json | outputs/2022MND/output_2022_04_07_MND_S1/Bot1_2022_04_07_12_35_40_glitch_2_4min_chunk2.json | outputs/2022MND/output_2022_04_07_MND_S1/Bot1_2022_04_07_12_35_40_glitch_2_4min_chunk3.json | outputs/2022MND/output_2022_04_07_MND_S1/Bot1_2022_04_07_12_35_40_glitch_2_4min_chunk4.json | outputs/2022MND/output_2022_04_07_MND_S1/Bot1_2022_04_07_12_35_40_glitch_2_4min_chunk5.json | outputs/2022MND/output_2022_04_07_MND_S1/Bot1_2022_04_07_12_35_40_glitch_2_4min_chunk6.json | outputs/2022MND/output_2022_04_07_MND_S1/Bot1_2022_04_07_12_35_40_glitch_2_4min_chunk7.json | outputs/2022MND/output_2022_04_07_MND_S1/Bot1_2022_04_07_12_35_40_glitch_2_4min_chunk8.json | outputs/2022MND/output_2022_04_07_MND_S4/Bot4_MND_2022_1_4_chunk1.json | outputs/2022MND/output_2022_04_07_MND_S4/Bot4_MND_2022_1_4_chunk2.json | outputs/2022MND/output_2022_04_07_MND_S4/Bot4_MND_2022_1_4_chunk3.json | outputs/2022MND/output_2022_04_07_MND_S4/Bot4_MND_2022_1_4_chunk4.json | outputs/2022MND/output_2022_04_07_MND_S4/Bot4_MND_2022_1_4_chunk6.json | outputs/2022MND/output_2022_04_07_MND_S4/Bot4_MND_2022_1_4_chunk7.json | outputs/2022MND/output_2022_04_07_MND_S4/Bot4_MND_2022_1_4_chunk8.json | outputs/2022MND/output_2022_04_07_MND_S5/BotB4_2022_04_07_09_36_38_time_off_by_3hrs_(should_be_later)_chunk1.json | outputs/2022MND/output_2022_04_07_MND_S5/BotB4_2022_04_07_09_36_38_time_off_by_3hrs_(should_be_later)_chunk2.json | outputs/2022MND/output_2022_04_07_MND_S5/BotB4_2022_04_07_09_36_38_time_off_by_3hrs_(should_be_later)_chunk3.json | outputs/2022MND/output_2022_04_07_MND_S5/BotB4_2022_04_07_09_36_38_time_off_by_3hrs_(should_be_later)_chunk4.json | outputs/2022MND/output_2022_04_07_MND_S5/BotB4_2022_04_07_09_36_38_time_off_by_3hrs_(should_be_later)_chunk5.json | outputs/2022MND/output_2022_04_07_MND_S5/BotB4_2022_04_07_09_36_38_time_off_by_3hrs_(should_be_later)_chunk6.json | outputs/2022MND/output_2022_04_07_MND_S5/BotB4_2022_04_07_09_36_38_time_off_by_3hrs_(should_be_later)_chunk7.json | outputs/2022MND/output_2022_04_07_MND_S5/BotB4_2022_04_07_09_36_38_time_off_by_3hrs_(should_be_later)_chunk8.json | outputs/2022MND/output_2022_04_08_MND_S11/BotB5_2022_04_08_13_02_42_chunk1.json | outputs/2022MND/output_2022_04_08_MND_S11/BotB5_2022_04_08_13_02_42_chunk2.json | outputs/2022MND/output_2022_04_08_MND_S11/BotB5_2022_04_08_13_02_42_chunk3.json | outputs/2022MND/output_2022_04_08_MND_S11/BotB5_2022_04_08_13_02_42_chunk4.json | outputs/2022MND/output_2022_04_08_MND_S11/BotB5_2022_04_08_13_02_42_chunk5.json | outputs/2022MND/output_2022_04_08_MND_S11/BotB5_2022_04_08_13_02_42_chunk6.json | outputs/2022MND/output_2022_04_08_MND_S11/BotB5_2022_04_08_13_02_42_chunk7.json | outputs/2022MND/output_2022_04_08_MND_S11/BotB5_2022_04_08_13_02_42_chunk8.json | outputs/2022MND/output_2022_04_08_MND_S4/BotB4_2022_04_08_06_54_34_time_wrong_(probably_4hrs_early)_chunk1.json | outputs/2022MND/output_2022_04_08_MND_S4/BotB4_2022_04_08_06_54_34_time_wrong_(probably_4hrs_early)_chunk2.json | outputs/2022MND/output_2022_04_08_MND_S4/BotB4_2022_04_08_06_54_34_time_wrong_(probably_4hrs_early)_chunk3.json | outputs/2022MND/output_2022_04_08_MND_S4/BotB4_2022_04_08_06_54_34_time_wrong_(probably_4hrs_early)_chunk4.json | outputs/2022MND/output_2022_04_08_MND_S4/BotB4_2022_04_08_06_54_34_time_wrong_(probably_4hrs_early)_chunk5.json | outputs/2022MND/output_2022_04_08_MND_S4/BotB4_2022_04_08_06_54_34_time_wrong_(probably_4hrs_early)_chunk6.json | outputs/2022MND/output_2022_04_08_MND_S4/BotB4_2022_04_08_06_54_34_time_wrong_(probably_4hrs_early)_chunk7.json | outputs/2022MND/output_2022_04_08_MND_S4/BotB4_2022_04_08_06_54_34_time_wrong_(probably_4hrs_early)_chunk8.json,138,39
ukpong eyo uofvirginia,output,2022MND,Ukpong Eyo-UofVirginia,outputs/2022MND/output_2022_04_08_MND_S9/Bot3_2022_04_08_13_01_56_problem_55min30sec_57min20sec_chunk2.json | outputs/2022MND/output_2022_04_08_MND_S9/Bot3_2022_04_08_13_01_56_problem_55min30sec_57min20sec_chunk3.json | outputs/2022MND/output_2022_04_08_MND_S9/Bot3_2022_04_08_13_01_56_problem_55min30sec_57min20sec_chunk4.json | outputs/2022MND/output_2022_04_08_MND_S9/Bot3_2022_04_08_13_01_56_problem_55min30sec_57min20sec_chunk5.json | outputs/2022MND/output_2022_04_08_MND_S9/Bot3_2022_04_08_13_01_56_problem_55min30sec_57min20sec_chunk6.json | outputs/2022MND/output_2022_04_08_MND_S9/Bot3_2022_04_08_13_01_56_problem_55min30sec_57min20sec_chunk7.json | outputs/2022MND/output_2022_04_08_MND_S9/Bot3_2022_04_08_13_01_56_problem_55min30sec_57min20sec_chunk8.json,29,7
