{
  "num_present_new_idea": 1479,
  "num_provide_supporting_evidence": 2656,
  "num_propose_decision": 1863,
  "num_expand_on_existing_idea": 2719,
  "num_express_agreement": 579,
  "num_explain_define_term": 2826,
  "num_reject_idea": 343,
  "num_acknowledge_contribution": 1907,
  "num_express_enthusiasm": 236,
  "num_offer_constructive_criticism": 642,
  "num_assign_task": 535,
  "num_express_humor": 214,
  "num_confirm_decision": 214,
  "num_express_alternative_decision": 107,
  "num_resolve_conflict": 107,
  "elaboration_to_idea_ratio": 1.8384043272481407,
  "decision_closure_ratio": 0.11486849168008588,
  "criticism_to_agreement_ratio": 1.1088082901554404,
  "net_positive_conflict_score": -236,
  "num_encourage_participation": 0,
  "leadership_action_count": 2612,
  "num_express_frustration": 0,
  "engagement_positivity_score": 2357,
  "avg_speaking_duration": 17.728316433419927,
  "speaking_variance": 23.715861113851698,
  "speaking_time_ratio": {
    "ER": 0.04834272424746634,
    "AP": 0.4323145136893057,
    "KS": 0.0484467175918923,
    "GM": 0.0022878535773710484,
    "GS": 0.04492512479201331,
    "CG": 0.027676410527908032,
    "FR": 0.13415141430948418,
    "VP": 0.11292259113598548,
    "PB": 0.025015126304643774,
    "RC": 0.11784809408561489,
    "AB": 0.0060694297383149295
  },
  "participation_entropy": 12.657724505221928,
  "avg_nods_per_utterance": 0.31802564317439036,
  "avg_gestures_per_utterance": 0.0,
  "avg_eye_contact_per_utterance": 0.0,
  "avg_distraction_per_utterance": 0.008966730914271349,
  "avg_confusion_per_utterance": 0.0,
  "avg_engagement_per_utterance": 0.0,
  "gesture_type_distribution": {
    "Thumbs up": 22,
    "Open Palms": 1992,
    "Pointing": 900
  },
  "gesture_variety": {
    "AP": 3,
    "VP": 1,
    "ER": 2,
    "KS": 1,
    "GS": 1,
    "FR": 1,
    "RC": 1
  },
  "gesture_count_ratio": 0.24419676527277298,
  "num_interruptions": 0,
  "num_overlaps": 557,
  "interruption_rate_by_speaker": {},
  "interruption_received": {},
  "ideas_first_half": 736,
  "ideas_second_half": 743,
  "decision_lag": 100.07572684246112,
  "idea_agree_decision_chain_duration": 71.0,
  "burstiness_of_ideas": 1.0595399247178021,
  "conflict_resolution_latency": 1863.6198830409357
}