{
  "num_present_new_idea": 893,
  "num_expand_on_existing_idea": 940,
  "num_provide_supporting_evidence": 995,
  "num_explain_define_term": 2123,
  "num_acknowledge_contribution": 1352,
  "num_offer_constructive_criticism": 232,
  "num_express_agreement": 382,
  "num_propose_decision": 457,
  "num_express_enthusiasm": 438,
  "num_express_humor": 243,
  "num_confirm_decision": 261,
  "num_assign_task": 429,
  "num_encourage_participation": 149,
  "num_express_alternative_decision": 37,
  "num_reject_idea": 37,
  "num_resolve_conflict": 37,
  "elaboration_to_idea_ratio": 1.0526315789473684,
  "decision_closure_ratio": 0.5711159737417943,
  "criticism_to_agreement_ratio": 0.6073298429319371,
  "net_positive_conflict_score": 0,
  "leadership_action_count": 1296,
  "num_express_frustration": 0,
  "engagement_positivity_score": 2033,
  "avg_speaking_duration": 22.419571045576408,
  "speaking_variance": 35.7819353484964,
  "speaking_time_ratio": {
    "AP": 0.20760670984886231,
    "BG": 0.09858163095831257,
    "RL": 0.0009367214748380667,
    "RG": 0.0346719813984388,
    "RA": 0.04587942202291978,
    "PB": 0.13956485633615678,
    "CL": 0.2910413552566019,
    "FR": 0.04076399269224382,
    "DK": 0.07643912971267232,
    "FL": 0.050004982561036374,
    "LW": 0.007068593256934064,
    "KT": 0.007440624480983225
  },
  "participation_entropy": 11.490327004494027,
  "avg_nods_per_utterance": 0.24471254095918976,
  "avg_gestures_per_utterance": 0.0,
  "avg_eye_contact_per_utterance": 0.0,
  "avg_distraction_per_utterance": 0.02085195114685731,
  "avg_confusion_per_utterance": 0.0,
  "avg_engagement_per_utterance": 0.0,
  "gesture_type_distribution": {
    "Pointing": 318,
    "Open Palms": 702,
    "Raising Hand": 196
  },
  "gesture_variety": {
    "AP": 3,
    "BG": 1,
    "RG": 1,
    "RA": 1,
    "PB": 1,
    "FR": 1,
    "DK": 1,
    "KT": 1,
    "CL": 1
  },
  "gesture_count_ratio": 0.18111408996127495,
  "num_interruptions": 0,
  "num_overlaps": 204,
  "interruption_rate_by_speaker": {},
  "interruption_received": {},
  "ideas_first_half": 187,
  "ideas_second_half": 706,
  "decision_lag": 338.7199100112486,
  "burstiness_of_ideas": 1.804545974707502,
  "conflict_resolution_latency": 1183.0
}