{
  "num_propose_decision": 836,
  "num_assign_task": 1672,
  "num_explain_define_term": 4598,
  "num_confirm_decision": 209,
  "num_acknowledge_contribution": 5852,
  "num_express_agreement": 3762,
  "num_expand_on_existing_idea": 10032,
  "num_express_humor": 1254,
  "num_present_new_idea": 4598,
  "num_provide_supporting_evidence": 4180,
  "num_reject_idea": 418,
  "num_express_enthusiasm": 836,
  "elaboration_to_idea_ratio": 2.1818181818181817,
  "decision_closure_ratio": 0.25,
  "num_offer_constructive_criticism": 0,
  "criticism_to_agreement_ratio": 0.0,
  "num_resolve_conflict": 0,
  "net_positive_conflict_score": -418,
  "num_encourage_participation": 0,
  "leadership_action_count": 2717,
  "num_express_frustration": 0,
  "engagement_positivity_score": 7942,
  "avg_speaking_duration": 19.626794258373206,
  "speaking_variance": 25.757508307692113,
  "speaking_time_ratio": {
    "Chris Jones": 0.0916626036079961,
    "Shu Hu": 0.0726474890297416,
    "Jennifer Wilcox": 0.18820087762067284,
    "Oana Luca": 0.11262798634812286,
    "Jarad Mason": 0.01340809361287177,
    "Matt Green": 0.12432959531935642,
    "Katherine Hornbostel": 0.12603607996099464,
    "Haotian Wang": 0.07337883959044368,
    "Kelsey Hatzell": 0.06801560214529498,
    "Luisa Whittaker-Brooks": 0.007557289127254997,
    "Pratik Dholabhai": 0.057532910775231594,
    "Luisa-U of Utah": 0.032423208191126277,
    "Luisa": 0.0017064846416382253,
    "Jarad Masun": 0.02925402242808386,
    "Oiana Luca": 0.0,
    "Richard Wiener RCSA": 0.0007313505607020966,
    "Andrew Feig": 0.00048756704046806434
  },
  "participation_entropy": 14.386970480335114,
  "avg_nods_per_utterance": 0.023923444976076555,
  "avg_gestures_per_utterance": 0.0,
  "avg_eye_contact_per_utterance": 0.0,
  "avg_distraction_per_utterance": 0.0,
  "avg_confusion_per_utterance": 0.0,
  "avg_engagement_per_utterance": 0.0,
  "gesture_type_distribution": {
    "Open Palms": 3971,
    "Pointing": 1881
  },
  "gesture_variety": {
    "Oana Luca": 2,
    "Haotian Wang": 1,
    "Kelsey Hatzell": 2,
    "Katherine Hornbostel": 2,
    "Matt Green": 2,
    "Jennifer Wilcox": 1
  },
  "gesture_count_ratio": 0.1339712918660287,
  "num_interruptions": 0,
  "num_overlaps": 2090,
  "interruption_rate_by_speaker": {},
  "interruption_received": {},
  "ideas_first_half": 2299,
  "ideas_second_half": 2299,
  "decision_lag": 593.2959738846572,
  "idea_agree_decision_chain_duration": 143.0,
  "burstiness_of_ideas": 1.138153713233944
}