{
    "num_acknowledge_contribution": 30,
    "num_express_humor": 4,
    "num_express_agreement": 17,
    "num_propose_decision": 8,
    "num_provide_supporting_evidence": 10,
    "num_explain_define_term": 18,
    "num_express_enthusiasm": 2,
    "num_assign_task": 6,
    "num_express_frustration": 3,
    "num_confirm_decision": 1,
    "num_present_new_idea": 11,
    "num_expand_on_existing_idea": 23,
    "num_resolve_conflict": 1,
    "elaboration_to_idea_ratio": 2.090909090909091,
    "decision_closure_ratio": 0.125,
    "num_offer_constructive_criticism": 0,
    "criticism_to_agreement_ratio": 0.0,
    "num_reject_idea": 0,
    "net_positive_conflict_score": 1,
    "num_encourage_participation": 0,
    "leadership_action_count": 15,
    "engagement_positivity_score": 33,
    "avg_speaking_duration": 12.548936170212766,
    "speaking_variance": 21.62014301466688,
    "speaking_time_ratio": {
        "Carolina Tropini": 0.036961681926076635,
        "Abhishek Shrivastava": 0.03797897592404205,
        "Ying-Hui Chou": 0.018989487962021025,
        "Aisla Ibrahimi": 0.003730077992539844,
        "Chris Whitbey-Scott": 0.003051881993896236,
        "Wenjing Wang": 0.047134621905730756,
        "Stavroula Hatzios": 0.0756188538487623,
        "Silvia Ronco": 0.02034587995930824,
        "Andrew Ferg": 0.004408273991183452,
        "Dr. Ali Keshavarzi": 0.00169548999660902,
        "Aida Ebrahimi-Penn State U": 0.04645642590708715,
        "Dr. Ali Keshavarziyan": 0.01627670396744659,
        "Carolina Tropini-UBC": 0.024075957951848085,
        "Lisa Ryne": 0.030518819938962362,
        "Abhishek Shrivastava ASU": 0.09155645981688708,
        "Chris Whitbey": 0.036961681926076635,
        "Xin Qi-CWRU": 0.01865038996269922,
        "Lisa Ryno": 0.020006781959986435,
        "Aida Ebrahimi- Penn State U": 0.14106476771787047,
        "Dr. Ali Keshavarzian": 0.15225500169549,
        "Chris Whtibey": 0.029501525940996948,
        "Xin Qi": 0.05425567989148864,
        "Wenshing Wang": 0.052899287894201424,
        "Aida Ebrahimi": 0.03560528992878942
    },
    "participation_entropy": 6.393511451048365,
    "avg_nods_per_utterance": 0.029787234042553193,
    "avg_gestures_per_utterance": 0.0,
    "avg_eye_contact_per_utterance": 0.0,
    "avg_distraction_per_utterance": 0.0,
    "avg_confusion_per_utterance": 0.0,
    "avg_engagement_per_utterance": 0.0,
    "gesture_type_distribution": {
        "Pointing": 7,
        "Open Palms": 18,
        "Raising Hand": 3
    },
    "gesture_variety": {
        "Dr. Ali Keshavarziyan": 2,
        "Abhishek Shrivastava ASU": 2,
        "Wenjing Wang": 2,
        "Xin Qi-CWRU": 1,
        "Aida Ebrahimi- Penn State U": 1,
        "Dr. Ali Keshavarzian": 3,
        "Chris Whtibey": 1,
        "Xin Qi": 1,
        "Wenshing Wang": 1,
        "Lisa Ryne": 1,
        "Chris Whitbey": 1,
        "Carolina Tropini": 1,
        "Stavroula Hatzios": 1
    },
    "gesture_count_ratio": 0.11914893617021277,
    "num_interruptions": 0,
    "num_overlaps": 5,
    "interruption_rate_by_speaker": {},
    "interruption_received": {},
    "screenshare_count": 2,
    "screenshare_duration": 777.0,
    "avg_screenshare_segment_length": 388.5,
    "screenshare_content": [
        "The speaker shared the questions for the discussion in the chat.",
        "The screen shows a Google Docs presentation titled \"Scialog: MND Meeting Slides\". The slide displayed is titled \"Room 3.4 - Key points: Stress and stress response signals\" and contains bullet points defining stress and its stressors. The slide also lists participants and includes a section to add speaker notes.",
        "The screen shows a Google Docs presentation titled \"Scialog: MND Meeting Slides\". The slide displayed is titled \"Room 3.4 - Key points: Stress and stress response signals\" and contains bullet points defining stress and its stressors. The slide also lists participants and includes a section to add speaker notes.",
        "The screen shows a Google Docs presentation titled \"Scialog: MND Meeting Slides\". The slide displayed is titled \"Room 3.4 - Key points: Stress and stress response signals\" and contains bullet points defining stress and its stressors. The slide also lists participants and includes a section to add speaker notes. The font size of the text on the slide is being adjusted.",
        "The screen shows a Google Docs presentation titled \"Scialog: MND Meeting Slides\". The slide displayed is titled \"Room 3.4 - Key points: Stress and stress response signals\" and contains bullet points defining stress and its stressors. The slide also lists participants and includes a section to add speaker notes. The font size of the text on the slide is being adjusted.",
        "The screen shows a Google Docs presentation titled \"Scialog: MND Meeting Slides\". The slide displayed is titled \"Room 3.4 - Key points: Stress and stress response signals\" and contains bullet points defining stress and its stressors. The slide also lists participants and includes a section to add speaker notes. The font size of the text on the slide is being adjusted.",
        "The screen shows a Google Docs presentation titled \"Scialog: MND Meeting Slides\". The slide displayed is titled \"Room 3.4 - Key points: Stress and stress response signals\" and contains bullet points defining stress and its stressors. The slide also lists participants and includes a section to add speaker notes. The font size of the text on the slide is being adjusted.",
        "The screen shows a Google Docs presentation titled \"Scialog: MND Meeting Slides\". The slide displayed is titled \"Room 3.4 - Key points: Stress and stress response signals\" and contains bullet points defining stress and its stressors. The slide also lists participants and includes a section to add speaker notes. The font size of the text on the slide is being adjusted.",
        "The screen shows a Google Docs presentation titled \"Scialog: MND Meeting Slides\". The slide displayed is titled \"Room 3.4 - Key points: Stress and stress response signals\" and contains bullet points defining stress and its stressors. The slide also lists participants and includes a section to add speaker notes. The font size of the text on the slide is being adjusted.",
        "The screen shows a Google Docs presentation titled \"Scialog: MND Meeting Slides\". The slide displayed is titled \"Room 3.4 - Key points: Stress and stress response signals\" and contains bullet points defining stress and its stressors. The slide also lists participants and includes a section to add speaker notes. The font size of the text on the slide is being adjusted.",
        "The screen shows a Google Docs presentation titled \"Scialog: MND Meeting Slides\". The slide displayed is titled \"Room 3.4 - Key points: Stress and stress response signals\" and contains bullet points defining stress and its stressors. The slide also lists participants and includes a section to add speaker notes. The font size of the text on the slide is being adjusted.",
        "The screen shows a Google Docs presentation titled \"Scialog: MND Meeting Slides\". The slide displayed is titled \"Room 3.4 - Key points: Stress and stress response signals\" and contains bullet points defining stress and its stressors. The slide also lists participants and includes a section to add speaker notes. The font size of the text on the slide is being adjusted.",
        "The screen shows a Google Docs presentation titled \"Scialog: MND Meeting Slides\". The slide displayed is titled \"Room 3.4 - Key points: Stress and stress response signals\" and contains bullet points defining stress and its stressors. The slide also lists participants and includes a section to add speaker notes. The font size of the text on the slide is being adjusted.",
