{
  "num_present_new_idea": 11,
  "num_provide_supporting_evidence": 21,
  "num_explain_define_term": 31,
  "num_expand_on_existing_idea": 28,
  "num_express_alternative_decision": 3,
  "num_acknowledge_contribution": 7,
  "num_propose_decision": 6,
  "num_express_enthusiasm": 3,
  "num_offer_constructive_criticism": 2,
  "num_confirm_decision": 4,
  "num_encourage_participation": 3,
  "num_reject_idea": 2,
  "num_express_agreement": 2,
  "num_express_humor": 2,
  "num_assign_task": 2,
  "elaboration_to_idea_ratio": 2.5454545454545454,
  "decision_closure_ratio": 0.6666666666666666,
  "criticism_to_agreement_ratio": 1.0,
  "num_resolve_conflict": 0,
  "net_positive_conflict_score": -2,
  "leadership_action_count": 15,
  "num_express_frustration": 0,
  "engagement_positivity_score": 12,
  "avg_speaking_duration": 43.666666666666664,
  "speaking_variance": 47.73800023740696,
  "speaking_time_ratio": {
    "MN": 0.05916030534351145,
    "KK": 0.06170483460559797,
    "AH": 0.16475826972010177,
    "CM": 0.08524173027989822,
    "ChM": 0.08333333333333333,
    "SZ": 0.02385496183206107,
    "JC": 0.09891857506361323,
    "WS": 0.10782442748091603,
    "CL": 0.10368956743002544,
    "MH": 0.08524173027989822,
    "NB": 0.0003180661577608143,
    "DY": 0.11513994910941476,
    "CaM": 0.004134860050890585,
    "CMc": 0.006679389312977099
  },
  "participation_entropy": 5.376268529079008,
  "avg_nods_per_utterance": 0.3194444444444444,
  "avg_gestures_per_utterance": 0.0,
  "avg_eye_contact_per_utterance": 0.0,
  "avg_distraction_per_utterance": 0.041666666666666664,
  "avg_confusion_per_utterance": 0.0,
  "avg_engagement_per_utterance": 0.0,
  "gesture_type_distribution": {
    "Open Palms": 12,
    "Pointing": 6,
    "Crossed Arms": 2,
    "Raising Hand": 1
  },
  "gesture_variety": {
    "MN": 1,
    "CM": 2,
    "ChM": 2,
    "WS": 2,
    "MH": 2,
    "CL": 1,
    "DY": 2,
    "JC": 1
  },
  "gesture_count_ratio": 0.2916666666666667,
  "num_interruptions": 0,
  "num_overlaps": 3,
  "interruption_rate_by_speaker": {},
  "interruption_received": {},
  "ideas_first_half": 3,
  "ideas_second_half": 8,
  "decision_lag": 644.4,
  "burstiness_of_ideas": 1.0999438818457405
}