{
  "num_present_new_idea": 23,
  "num_expand_on_existing_idea": 30,
  "num_provide_supporting_evidence": 35,
  "num_explain_define_term": 61,
  "num_express_enthusiasm": 11,
  "num_acknowledge_contribution": 35,
  "num_resolve_conflict": 2,
  "num_express_agreement": 7,
  "num_propose_decision": 15,
  "num_offer_constructive_criticism": 8,
  "num_confirm_decision": 8,
  "num_express_humor": 5,
  "num_assign_task": 9,
  "num_encourage_participation": 3,
  "num_express_alternative_decision": 1,
  "num_reject_idea": 1,
  "elaboration_to_idea_ratio": 1.3043478260869565,
  "decision_closure_ratio": 0.5333333333333333,
  "criticism_to_agreement_ratio": 1.1428571428571428,
  "net_positive_conflict_score": 1,
  "leadership_action_count": 35,
  "num_express_frustration": 0,
  "engagement_positivity_score": 51,
  "avg_speaking_duration": 23.935714285714287,
  "speaking_variance": 37.626018868840845,
  "speaking_time_ratio": {
    "AP": 0.19934347955834078,
    "BG": 0.10444643390032826,
    "RL": 0.0008952551477170994,
    "RG": 0.030737093404953744,
    "RA": 0.045658012533572066,
    "PB": 0.13190092509698598,
    "CL": 0.3124440465532677,
    "FR": 0.03730229782154581,
    "DK": 0.07549985079080872,
    "FL": 0.050134288272157566,
    "LW": 0.005669949268874963,
    "KT": 0.005968367651447329
  },
  "participation_entropy": 5.919847897754559,
  "avg_nods_per_utterance": 0.2785714285714286,
  "avg_gestures_per_utterance": 0.0,
  "avg_eye_contact_per_utterance": 0.0,
  "avg_distraction_per_utterance": 0.02142857142857143,
  "avg_confusion_per_utterance": 0.0,
  "avg_engagement_per_utterance": 0.0,
  "gesture_type_distribution": {
    "Pointing": 6,
    "Open Palms": 15,
    "Raising Hand": 4
  },
  "gesture_variety": {
    "AP": 3,
    "BG": 1,
    "RG": 1,
    "RA": 1,
    "PB": 1,
    "FR": 1,
    "DK": 1,
    "KT": 1,
    "CL": 1
  },
  "gesture_count_ratio": 0.17857142857142858,
  "num_interruptions": 0,
  "num_overlaps": 5,
  "interruption_rate_by_speaker": {},
  "interruption_received": {},
  "ideas_first_half": 6,
  "ideas_second_half": 17,
  "decision_lag": 236.78947368421052,
  "burstiness_of_ideas": 2.1140330656044943
}