{
  "num_express_humor": 1,
  "num_assign_task": 4,
  "num_present_new_idea": 21,
  "num_explain_define_term": 14,
  "num_acknowledge_contribution": 16,
  "num_propose_decision": 10,
  "num_confirm_decision": 2,
  "num_express_agreement": 18,
  "num_expand_on_existing_idea": 34,
  "num_express_enthusiasm": 5,
  "num_provide_supporting_evidence": 18,
  "num_offer_constructive_criticism": 3,
  "num_reject_idea": 2,
  "elaboration_to_idea_ratio": 1.619047619047619,
  "decision_closure_ratio": 0.2,
  "criticism_to_agreement_ratio": 0.16666666666666666,
  "num_resolve_conflict": 0,
  "net_positive_conflict_score": -2,
  "num_encourage_participation": 0,
  "leadership_action_count": 16,
  "num_express_frustration": 0,
  "engagement_positivity_score": 22,
  "avg_speaking_duration": 19.695402298850574,
  "speaking_variance": 24.62323642343939,
  "speaking_time_ratio": {
    "Jin Zhang": 0.17187044061861687,
    "Matt Bogyo": 0.06477969069156697,
    "Kevin Cash": 0.0166326232856726,
    "Candace Fleischer": 0.1423985993580391,
    "Allison Dennis": 0.035891450248030345,
    "Molly Bright": 0.04172745841844178,
    "Seu Sim": 0.0426028596440035,
    "Alexandra Walsh": 0.035307849430989205,
    "Ping Wang": 0.1030055442077619,
    "Katharine White": 0.06011088415523782,
    "Katharine White-Andre Danino": 0.007295010213014298,
    "Lu Wei": 0.0498978698570178,
    "Lingyan Shi": 0.1330609862853808,
    "Kevin Cavallo": 0.00904581266413773,
    "Andrew Feig": 0.007295010213014298,
    "Matt Baggott": 0.011672016340822877,
    "Kevin Carlo O'Mines": 0.018675226145316602,
    "Katharine Miller": 0.011672016340822877,
    "Matt Scruggs": 0.02276043186460461,
    "Kevin Carlo": 0.014298220017508025
  },
  "participation_entropy": 6.563425489839172,
  "avg_nods_per_utterance": 0.08045977011494253,
  "avg_gestures_per_utterance": 0.0,
  "avg_eye_contact_per_utterance": 0.0,
  "avg_distraction_per_utterance": 0.0,
  "avg_confusion_per_utterance": 0.0,
  "avg_engagement_per_utterance": 0.0,
  "gesture_type_distribution": {
    "Open Palms": 24,
    "Pointing": 5
  },
  "gesture_variety": {
    "Matt Bogyo": 2,
    "Molly Bright": 1,
    "Allison Dennis": 1,
    "Katharine White": 2,
    "Lu Wei": 1,
    "Lingyan Shi": 2,
    "Ping Wang": 1,
    "Candace Fleischer": 1,
    "Seu Sim": 1,
    "Katharine Miller": 1,
    "Matt Scruggs": 1
  },
  "gesture_count_ratio": 0.16666666666666666,
  "num_interruptions": 0,
  "num_overlaps": 1,
  "interruption_rate_by_speaker": {},
  "interruption_received": {},
  "screenshare_count": 1,
  "screenshare_duration": 552.0,
  "avg_screenshare_segment_length": 552.0,
  "screenshare_content": [
    "A Google Docs document titled \"Ecology AIB - Breakout Group 3.1\" is shared. The document contains notes on imaging metabolites and metabolic processes, including a list of targets and challenges for different modalities.",
    "A Google Docs document titled \"Ecology AIB - Breakout Group 3.1\" is shared. The document contains notes on imaging metabolites and metabolic processes, including a list of targets and challenges for different modalities.",
    "A Google Docs document titled \"Ecology AIB - Breakout Group 3.1\" is shared. The document contains notes on imaging metabolites and metabolic processes, including a list of targets and challenges for different modalities.",
    "A Google Docs document titled \"Ecology AIB - Breakout Group 3.1\" is shared. The document contains notes on imaging metabolites and metabolic processes, including a list of targets and challenges for different modalities.",
    "A Google Docs document titled \"Ecology AIB - Breakout Group 3.1\" is shared. The document contains notes on imaging metabolites and metabolic processes, including a list of targets and challenges for different modalities.",
    "A Google Docs document titled \"Ecology AIB - Breakout Group 3.1\" is shared. The document contains notes on imaging metabolites and metabolic processes, including a list of targets and challenges for different modalities.",
    "A document with the title 'Self-Supervised Learning' is being shared.",
    "A document with the title 'Self-Supervised Learning' is being shared.",
    "A document with the title 'Self-Supervised Learning' is being shared.",
    "A document with the title 'Self-Supervised Learning' is being shared.",
    "A document with the title 'Self-Supervised Learning' is being shared.",
    "A document with the title 'Self-Supervised Learning' is being shared.",
    "A document with the title 'Self-Supervised Learning' is being shared.",
    "A document with the title 'Self-Supervised Learning' is being shared.",
    "A document with the title 'Self-Supervised Learning' is being shared.",
    "A document with the title 'Self-Supervised Learning' is being shared.",
    "A document with the title 'Self-Supervised Learning' is being shared.",
    "A document with the title 'Self-Supervised Learning' is being shared.",
    "A document with the title 'Self-Supervised Learning' is being shared.",
    "A document with the title 'Self-Supervised Learning' is being shared.",
    "A document with the title 'Self-Supervised Learning' is being shared.",
    "A document with the title 'Self-Supervised Learning' is being shared.",
    "A document with the title 'Self-Supervised Learning' is being shared.",
    "A document with the title 'Self-Supervised Learning' is being shared.",
    "A document with the title 'Self-Supervised Learning' is being shared.",
    "A document with the title 'Self-Supervised Learning' is being shared.",
    "A document with the title 'Self-Supervised Learning' is being shared.",
    "A document with the title 'Self-Supervised Learning' is being shared.",
    "A document with the title 'Self-Supervised Learning' is being shared.",
    "A document with the title 'Self-Supervised Learning' is being shared.",
    "A document with the title 'Self-Supervised Learning' is being shared.",
    "A document with the title 'Self-Supervised Learning' is being shared.",
    "A document with the title 'Self-Supervised Learning' is being shared."
  ],
  "screenshare_decision_overlap": 0.09090909090909091,
  "ideas_first_half": 10,
  "ideas_second_half": 11,
  "decision_lag": 338.89473684210526,
  "burstiness_of_ideas": 1.0954451150103321
}