{
  "num_present_new_idea": 10,
  "num_provide_supporting_evidence": 19,
  "num_express_enthusiasm": 4,
  "num_explain_define_term": 16,
  "num_acknowledge_contribution": 20,
  "num_expand_on_existing_idea": 25,
  "num_express_humor": 10,
  "num_assign_task": 2,
  "num_express_agreement": 22,
  "num_propose_decision": 5,
  "num_confirm_decision": 1,
  "num_express_frustration": 1,
  "num_express_alternative_decision": 2,
  "num_reject_idea": 1,
  "num_offer_constructive_criticism": 1,
  "elaboration_to_idea_ratio": 2.5,
  "decision_closure_ratio": 0.2,
  "criticism_to_agreement_ratio": 0.045454545454545456,
  "num_resolve_conflict": 0,
  "net_positive_conflict_score": -1,
  "num_encourage_participation": 0,
  "leadership_action_count": 8,
  "engagement_positivity_score": 33,
  "avg_speaking_duration": 12.16988416988417,
  "speaking_variance": 19.818532442436588,
  "speaking_time_ratio": {
    "Robert Bryan Jr.": 0.030774111675126902,
    "Laura Ellen Eisen": 0.02950507614213198,
    "Jinha Choi": 0.04187817258883249,
    "Pamela Chang": 0.03711928934010152,
    "Abigail Levy": 0.007296954314720812,
    "Irene Yang": 0.0809010152284264,
    "Timothy Sampson": 0.06123096446700508,
    "JP Yu": 0.05805837563451777,
    "Robert Bryan": 0.02315989847715736,
    "Michael Burton": 0.03236040609137056,
    "Elaine Hsiao": 0.01649746192893401,
    "Haike Qi": 0.008883248730964468,
    "J.P. Bryson": 0.005710659898477157,
    "Michael D. Coleman": 0.03711928934010152,
    "Laura Elias": 0.02728426395939086,
    "Xiao-Mei Qi": 0.046954314720812185,
    "Michael O'Bananu Coleman-Uzo": 0.0726522842639594,
    "Raffi Maya Levi": 0.017766497461928935,
    "Jia Li": 0.014593908629441625,
    "Robert Bryant Jr": 0.018083756345177664,
    "Jeff Stine": 0.03648477157360406,
    "Michael Coleman-Hicks": 0.04251269035532995,
    "Yael Kiselman-Lain": 0.007614213197969543,
    "Jeff Thompson": 0.05520304568527919,
    "Laura Eisen": 0.03489847715736041,
    "Wendy Bahr": 0.0225253807106599,
    "Robert Frymier Jr.": 0.012055837563451776,
    "Mayana Keynan": 0.0012690355329949238,
    "Will Thompson-Tachera": 0.01300761421319797,
    "Jeff Thomas-Yakin": 0.031091370558375634,
    "Silvia Rossbach": 0.014911167512690355,
    "Andrew": 0.0009517766497461929,
    "J.P. Yu": 0.01998730964467005,
    "Leslie Eisen": 0.021256345177664976,
    "Robert Isaacson Jr.": 0.004441624365482234,
    "Andrew Walker R.": 0.012690355329949238,
    "Tanisia Chung": 0.0012690355329949238,
    "Unknown speaker": 0.0
  },
  "participation_entropy": 6.7269525009463065,
  "avg_nods_per_utterance": 0.023166023166023165,
  "avg_gestures_per_utterance": 0.0,
  "avg_eye_contact_per_utterance": 0.0,
  "avg_distraction_per_utterance": 0.0,
  "avg_confusion_per_utterance": 0.0,
  "avg_engagement_per_utterance": 0.0,
  "gesture_type_distribution": {
    "Open Palms": 16,
    "Raising Hand": 5,
    "Pointing": 4
  },
  "gesture_variety": {
    "Laura Ellen Eisen": 1,
    "Jinha Choi": 1,
    "Irene Yang": 2,
    "Robert Bryan": 1,
    "JP Yu": 1,
    "Michael D. Coleman": 1,
    "Robert Bryan Jr.": 1,
    "Michael O'Bananu Coleman-Uzo": 1,
    "Robert Bryant Jr": 1,
    "Yael Kiselman-Lain": 1,
    "Jeff Thompson": 1,
    "Michael Coleman-Hicks": 1,
    "Will Thompson-Tachera": 1,
    "J.P. Yu": 1,
    "Pamela Chang": 1,
    "Jeff Thomas-Yakin": 1,
    "Leslie Eisen": 1
  },
  "gesture_count_ratio": 0.09652509652509653,
  "num_interruptions": 0,
  "num_overlaps": 5,
  "interruption_rate_by_speaker": {},
  "interruption_received": {},
  "screenshare_count": 1,
  "screenshare_duration": 31.0,
  "avg_screenshare_segment_length": 31.0,
  "screenshare_content": [
    "The screen shows a document titled 'Session 2.2 Necroinflammation'. The document lists identifying numbers involved in severe laceration, human neurons, and microglial-enriched immune patterns.",
    "The screen shows a document titled 'Session 2.2 Necroinflammation'. The document lists identifying numbers involved in severe laceration, human neurons, and microglial-enriched immune patterns.",
    "The screen shows a document titled 'Session 2.2 Necroinflammation'. The document lists identifying numbers involved in severe laceration, human neurons, and microglial-enriched immune patterns.",
    "The screen shows a document titled 'Session 2.2 Necroinflammation'. The document lists identifying numbers involved in severe laceration, human neurons, and microglial-enriched immune patterns.",
    "The screen shows a document titled 'Session 2.2 Necroinflammation'. The document lists identifying numbers involved in severe laceration, human neurons, and microglial-enriched immune patterns.",
    "The screen shows a document titled 'Session 2.2 Necroinflammation'. The document lists identifying numbers involved in severe laceration, human neurons, and microglial-enriched immune patterns."
  ],
  "screenshare_decision_overlap": 0.0,
  "ideas_first_half": 5,
  "ideas_second_half": 5,
  "decision_lag": 453.7,
  "burstiness_of_ideas": 0.9938079899999066
}