session,conf,label,edge_id,move_name,basis,links_to_extracted,links_to_name,from_idx,from_speaker,from_timestamp,from_chunk,to_idx,to_speaker,to_timestamp,to_chunk,is_self_link,is_cross_chunk,from_evidence,from_explanation,to_evidence
2020_11_05_NES_S3,2020NES,NES_S3,0,extends_existing_idea,named_speaker,True,Phil Milner,12,Jenny Yang,07:24-08:08,3_Sorbents_Zoom_Meeting_2020_11_05_12_12_32.json,10,Phil Milner,06:36-07:21,3_Sorbents_Zoom_Meeting_2020_11_05_12_12_32.json,False,False,part of it is trying to attach something that's has a reversible redox couple near your nucleophile,Jenny builds on Phil's idea by suggesting a specific chemical mechanism (reversible redox couples).,how can we generate for example nitrogen-based nucleophiles electrochemically
2020_11_05_NES_S3,2020NES,NES_S3,1,extends_existing_idea,on_table_idea,False,,13,Jenny Yang,00:00-00:08,3_Sorbents_Zoom_Meeting_2020_11_05_12_20_44_chunk1.json,10,Phil Milner,06:36-07:21,3_Sorbents_Zoom_Meeting_2020_11_05_12_12_32.json,False,True,"an unexplored space, right? There's tons of stuff that is out there that has not been tried um for redox active nucleophiles.","Jenny points out an unexplored area regarding redox active nucleophiles, extending the current topic of discussion.",how can we generate for example nitrogen-based nucleophiles electrochemically
2020_11_05_NES_S3,2020NES,NES_S3,2,raises_concern,on_table_idea,False,,18,Burcu Gurkan,03:31-04:47,3_Sorbents_Zoom_Meeting_2020_11_05_12_20_44_chunk1.json,15,David Kwabi,00:44-03:04,3_Sorbents_Zoom_Meeting_2020_11_05_12_20_44_chunk1.json,False,False,the main one of the main problems is um the ionic liquids are viscous... more viscous than your aqueous systems.,Identifies a specific technical challenge (viscosity) with the proposed ionic liquid system.,thinking about ways of building sort of multifunctional uh either interfaces or materials... start with uh like an ionic liquid... and then you sort of build on top of that some sort of functionality
2020_11_05_NES_S3,2020NES,NES_S3,3,extends_existing_idea,named_speaker,True,Jenny Yang,23,Phil Milner,08:37-09:02,3_Sorbents_Zoom_Meeting_2020_11_05_12_20_44_chunk1.json,22,Jenny Yang,07:38-08:37,3_Sorbents_Zoom_Meeting_2020_11_05_12_20_44_chunk1.json,False,False,"jumping off the line, I think it makes perfect sense to me that what that means is you got to switch the the nucleophile... to an amine or an N minus",Connects Jenny's concept of 'jumping off the line' directly to his proposed nitrogen-based solution.,basically we're trying to find ways to get off that line uh so to speak... trying to find ways to improve the nucleophilicity uh without um improving the potential.
2020_11_05_NES_S3,2020NES,NES_S3,4,synthesizes_contributions,nearest_prior,False,,24,David Kwabi,09:02-09:21,3_Sorbents_Zoom_Meeting_2020_11_05_12_20_44_chunk1.json,23,Phil Milner,08:37-09:02,3_Sorbents_Zoom_Meeting_2020_11_05_12_20_44_chunk1.json,False,False,"So the idea is to make to sort of electrochemically generate the amine and then um it sort of, you know, go back to the original state upon oxidation",Summarizes the proposed chemical mechanism to ensure shared understanding.,"jumping off the line, I think it makes perfect sense to me that what that means is you got to switch the the nucleophile... to an amine or an N minus"
2020_11_05_NES_S3,2020NES,NES_S3,5,raises_concern,nearest_prior,False,,32,Phil Milner,00:00-00:38,3_Sorbents_Zoom_Meeting_2020_11_05_12_20_44_chunk2.json,24,David Kwabi,09:02-09:21,3_Sorbents_Zoom_Meeting_2020_11_05_12_20_44_chunk1.json,False,True,reduce the imine and generate something that's like an N-minus and it would grab CO2 very efficiently The oxygen sensitivity is a good question... water could start to become a problem too,Identifies potential chemical vulnerabilities with the proposed imine system.,"So the idea is to make to sort of electrochemically generate the amine and then um it sort of, you know, go back to the original state upon oxidation"
2020_11_05_NES_S3,2020NES,NES_S3,6,redirects_idea,on_table_idea,False,,33,Jeffrey Long,00:38-01:26,3_Sorbents_Zoom_Meeting_2020_11_05_12_20_44_chunk2.json,3,Jeffrey Long,03:10-03:52,3_Sorbents_Zoom_Meeting_2020_11_05_12_12_32.json,True,True,a lot of it's about kinetics. It's an extraction from an unbelievably dilute mixture,Shifts the group's focus from thermodynamic properties to kinetic and transport limitations.,think about electrochemical possibilities for CO2 capture and separations
2020_11_05_NES_S3,2020NES,NES_S3,7,extends_existing_idea,named_speaker,True,Jeffrey Long,34,Fik Brushett,01:26-01:29,3_Sorbents_Zoom_Meeting_2020_11_05_12_20_44_chunk2.json,33,Jeffrey Long,00:38-01:26,3_Sorbents_Zoom_Meeting_2020_11_05_12_20_44_chunk2.json,False,False,"Not just kinetics, transport.",Builds immediately on Jeffrey's point by adding transport to the list of limitations.,a lot of it's about kinetics. It's an extraction from an unbelievably dilute mixture
2020_11_05_NES_S3,2020NES,NES_S3,8,extends_existing_idea,named_speaker,True,Xiao Su,37,Phil Milner,02:01-02:16,3_Sorbents_Zoom_Meeting_2020_11_05_12_20_44_chunk2.json,36,Xiao Su,01:30-02:01,3_Sorbents_Zoom_Meeting_2020_11_05_12_20_44_chunk2.json,False,False,That's how I was thinking in my brain because I'm a MOF person... solid gas interface instead of gas liquid.,Connects Xiao's solid matrix idea to his own expertise in Metal-Organic Frameworks (MOFs).,have these in some sort of absorbent matrix that is somehow ionically conductive so it doesn't need a liquid
2020_11_05_NES_S3,2020NES,NES_S3,9,connects_methods,on_table_idea,False,,40,Fik Brushett,02:26-03:04,3_Sorbents_Zoom_Meeting_2020_11_05_12_20_44_chunk2.json,3,Jeffrey Long,03:10-03:52,3_Sorbents_Zoom_Meeting_2020_11_05_12_12_32.json,False,True,you do these kind of things in hydrogen oxygen fuel cells,Explicitly bridges fuel cell engineering methods to the current CO2 capture challenge.,think about electrochemical possibilities for CO2 capture and separations
2020_11_05_NES_S3,2020NES,NES_S3,10,extends_existing_idea,on_table_idea,False,,41,Andrew Teixeira,03:04-03:30,3_Sorbents_Zoom_Meeting_2020_11_05_12_20_44_chunk2.json,3,Jeffrey Long,03:10-03:52,3_Sorbents_Zoom_Meeting_2020_11_05_12_12_32.json,False,True,integrated in with porous materials or hierarchical materials to enhance transport,Suggests adding hierarchical porosity to the MEA design to solve the transport issue.,think about electrochemical possibilities for CO2 capture and separations
2020_11_05_NES_S3,2020NES,NES_S3,11,connects_methods,on_table_idea,False,,43,Andrew Teixeira,04:32-05:09,3_Sorbents_Zoom_Meeting_2020_11_05_12_20_44_chunk2.json,41,Andrew Teixeira,03:04-03:30,3_Sorbents_Zoom_Meeting_2020_11_05_12_20_44_chunk2.json,True,False,in heterogeneous catalysis what we'll typically do is dope a surface with palladium... there's this spillover effect concentrating and then passing it through a membrane or whatever it might be. Kind of interesting to me.,Connects the concept of catalytic spillover from heterogeneous catalysis to the current transport problem.,integrated in with porous materials or hierarchical materials to enhance transport
2020_11_05_NES_S3,2020NES,NES_S3,12,extends_existing_idea,on_table_idea,False,,43,Andrew Teixeira,04:32-05:09,3_Sorbents_Zoom_Meeting_2020_11_05_12_20_44_chunk2.json,41,Andrew Teixeira,03:04-03:30,3_Sorbents_Zoom_Meeting_2020_11_05_12_20_44_chunk2.json,True,False,in heterogeneous catalysis what we'll typically do is dope a surface with palladium... there's this spillover effect concentrating and then passing it through a membrane or whatever it might be. Kind of interesting to me.,Applies the spillover concept to concentrate CO2 before passing it through the membrane.,integrated in with porous materials or hierarchical materials to enhance transport
2020_11_05_NES_S3,2020NES,NES_S3,13,synthesizes_contributions,named_speaker,True,Andrew Teixeira,44,Fik Brushett,05:09-05:49,3_Sorbents_Zoom_Meeting_2020_11_05_12_20_44_chunk2.json,43,Andrew Teixeira,04:32-05:09,3_Sorbents_Zoom_Meeting_2020_11_05_12_20_44_chunk2.json,False,False,one of the problems I think that Jenny was talking about and Phil as well was kind of this selectivity issue,Connects Andrew's transport idea back to the selectivity problem raised earlier by Jenny and Phil.,in heterogeneous catalysis what we'll typically do is dope a surface with palladium... there's this spillover effect concentrating and then passing it through a membrane or whatever it might be. Kind of interesting to me.
2020_11_05_NES_S3,2020NES,NES_S3,14,extends_existing_idea,on_table_idea,False,,50,Will Bowman,07:14-07:23,3_Sorbents_Zoom_Meeting_2020_11_05_12_20_44_chunk2.json,41,Andrew Teixeira,03:04-03:30,3_Sorbents_Zoom_Meeting_2020_11_05_12_20_44_chunk2.json,False,False,"something that CO2 absorbs, reacts, and then another molecule desorbs which would be more useful than CO2.",Clarifies the functional goal of his proposed material.,integrated in with porous materials or hierarchical materials to enhance transport
2020_11_05_NES_S3,2020NES,NES_S3,15,combines_ideas,named_speaker,True,Will Bowman,51,Andrew Teixeira,07:23-08:06,3_Sorbents_Zoom_Meeting_2020_11_05_12_20_44_chunk2.json,50,Will Bowman,07:14-07:23,3_Sorbents_Zoom_Meeting_2020_11_05_12_20_44_chunk2.json,False,False,impregnate a nanoparticle within a cage and then you could capitalize on the molecular sieving properties,Combines Will's nanoparticle idea with the earlier discussion of molecular sieves to control selectivity.,"something that CO2 absorbs, reacts, and then another molecule desorbs which would be more useful than CO2."
2020_11_05_NES_S3,2020NES,NES_S3,16,combines_ideas,on_table_idea,False,,54,Jimmy Jiang,08:12-10:00,3_Sorbents_Zoom_Meeting_2020_11_05_12_20_44_chunk2.json,48,Will Bowman,06:22-07:07,3_Sorbents_Zoom_Meeting_2020_11_05_12_20_44_chunk2.json,False,False,"is there a way we can directly convert CO2 to a chemical right after absorption... attach two sites in close distance, one for sorption, one for catalytic reduction Phil already proposed to replace carbonyl with imine... is there a way we can do some fine tuning on the quinone ring",Combines the capture and conversion steps into a dual-site molecular design.,integrating some sort of catalytic metal site... into the oxide sorbent and then doing the absorption and conversion to a fuel in a single step
2020_11_05_NES_S3,2020NES,NES_S3,17,synthesizes_contributions,named_speaker,True,Phil Milner,54,Jimmy Jiang,08:12-10:00,3_Sorbents_Zoom_Meeting_2020_11_05_12_20_44_chunk2.json,37,Phil Milner,02:01-02:16,3_Sorbents_Zoom_Meeting_2020_11_05_12_20_44_chunk2.json,False,False,"is there a way we can directly convert CO2 to a chemical right after absorption... attach two sites in close distance, one for sorption, one for catalytic reduction Phil already proposed to replace carbonyl with imine... is there a way we can do some fine tuning on the quinone ring",Builds directly on Phil's earlier proposal regarding quinones and imines.,That's how I was thinking in my brain because I'm a MOF person... solid gas interface instead of gas liquid.
2020_11_05_NES_S3,2020NES,NES_S3,18,synthesizes_contributions,named_speaker,True,Jimmy Jiang,56,Jeffrey Long,00:15-00:47,3_Sorbents_Zoom_Meeting_2020_11_05_12_20_44_chunk3.json,55,Jimmy Jiang,00:00-00:15,3_Sorbents_Zoom_Meeting_2020_11_05_12_20_44_chunk3.json,False,False,along the lines of what Fik was mentioning before and trying to have some material that would sort of concentrate CO2,Jeff connects Jimmy's idea back to a concept Fik raised earlier.,go through this relay process to accelerate the overall reaction kinetics
2020_11_05_NES_S3,2020NES,NES_S3,19,raises_concern,on_table_idea,False,,57,Phil Milner,00:47-01:18,3_Sorbents_Zoom_Meeting_2020_11_05_12_20_44_chunk3.json,54,Jimmy Jiang,08:12-10:00,3_Sorbents_Zoom_Meeting_2020_11_05_12_20_44_chunk2.json,False,True,is there anything that's good enough to do that for air? Or is this ridiculous?,He expresses doubt about the feasibility of the approach for direct air capture.,"is there a way we can directly convert CO2 to a chemical right after absorption... attach two sites in close distance, one for sorption, one for catalytic reduction Phil already proposed to replace carbonyl with imine... is there a way we can do some fine tuning on the quinone ring"
2020_11_05_NES_S3,2020NES,NES_S3,20,critiques_or_challenges,on_table_idea,False,,59,Jeffrey Long,01:58-02:52,3_Sorbents_Zoom_Meeting_2020_11_05_12_20_44_chunk3.json,54,Jimmy Jiang,08:12-10:00,3_Sorbents_Zoom_Meeting_2020_11_05_12_20_44_chunk2.json,False,True,it's really tough. It's traditionally why we use membranes for high pressure gas mixture separations,He challenges the feasibility of using membranes for direct air capture based on concentration gradients.,"is there a way we can directly convert CO2 to a chemical right after absorption... attach two sites in close distance, one for sorption, one for catalytic reduction Phil already proposed to replace carbonyl with imine... is there a way we can do some fine tuning on the quinone ring"
2020_11_05_NES_S3,2020NES,NES_S3,21,extends_existing_idea,on_table_idea,False,,60,Andrew Teixeira,02:53-03:21,3_Sorbents_Zoom_Meeting_2020_11_05_12_20_44_chunk3.json,21,Phil Milner,05:55-07:37,3_Sorbents_Zoom_Meeting_2020_11_05_12_20_44_chunk1.json,False,True,it works based on a dissociative separation inside the metal... it's a potential interesting area.,He builds on the membrane discussion by suggesting an alternative mechanism (metallic membranes).,"try to find nitrogen-based um redox active things that you could reduce and make, you know, N minus or neutral amines, which now we know have good CO2 capture."
2020_11_05_NES_S3,2020NES,NES_S3,22,extends_existing_idea,named_speaker,True,Jenny Yang,62,Xiao Su,04:51-05:35,3_Sorbents_Zoom_Meeting_2020_11_05_12_20_44_chunk3.json,61,Jenny Yang,03:21-04:50,3_Sorbents_Zoom_Meeting_2020_11_05_12_20_44_chunk3.json,False,False,is there any interest in selectively separating the carbonate rather than you know you're just doing a simple pH swing,Xiao builds on Jenny's idea by suggesting the selective separation of the carbonate before use.,"instead of reducing CO2, let's reduce the alkyl carbonate or carbamate... can we electrochemically generate the precursor to these minerals to then directly synthesize them"
2020_11_05_NES_S3,2020NES,NES_S3,23,extends_existing_idea,nearest_prior,False,,63,David Kwabi,05:35-06:54,3_Sorbents_Zoom_Meeting_2020_11_05_12_20_44_chunk3.json,62,Xiao Su,04:51-05:35,3_Sorbents_Zoom_Meeting_2020_11_05_12_20_44_chunk3.json,False,False,one thing you can do with the carbonate is precipitate it... maybe some sort of building material perhaps.,David extends the carbonate discussion by suggesting precipitation into a useful solid like building materials.,is there any interest in selectively separating the carbonate rather than you know you're just doing a simple pH swing
2020_11_05_NES_S3,2020NES,NES_S3,24,extends_existing_idea,nearest_prior,False,,65,David Kwabi,07:24-07:43,3_Sorbents_Zoom_Meeting_2020_11_05_12_20_44_chunk3.json,63,David Kwabi,05:35-06:54,3_Sorbents_Zoom_Meeting_2020_11_05_12_20_44_chunk3.json,True,False,"other materials that are you know useful for other application sets. cement is pretty ubiquitous and useful, but also probably really cheap.",David pushes the idea further by asking for materials beyond just cement.,one thing you can do with the carbonate is precipitate it... maybe some sort of building material perhaps.
2020_11_05_NES_S3,2020NES,NES_S3,25,critiques_or_challenges,nearest_prior,False,,65,David Kwabi,07:24-07:43,3_Sorbents_Zoom_Meeting_2020_11_05_12_20_44_chunk3.json,63,David Kwabi,05:35-06:54,3_Sorbents_Zoom_Meeting_2020_11_05_12_20_44_chunk3.json,True,False,"other materials that are you know useful for other application sets. cement is pretty ubiquitous and useful, but also probably really cheap.",He evaluates the economic viability of targeting cement.,one thing you can do with the carbonate is precipitate it... maybe some sort of building material perhaps.
2020_11_05_NES_S3,2020NES,NES_S3,26,extends_existing_idea,named_speaker,True,Burcu Gurkan,74,Jesus Velazquez,03:51-04:48,3_Sorbents_Zoom_Meeting_2020_11_05_12_20_44_chunk4.json,73,Burcu Gurkan,00:54-03:51,3_Sorbents_Zoom_Meeting_2020_11_05_12_20_44_chunk4.json,False,False,trying to to opt to to take advantage of potential confinement effects by doing you know uh doing heterostructured materials I think it it might be also analogous uh to you know to CO2 capture if we could get the CO2 you know to to to be in close proximity,Jesus builds on Burcu's encapsulation idea by suggesting heterostructured materials.,can we think about materials that would like have some induced entropic effects that would drive uh let's say the regeneration of CO2.
2020_11_05_NES_S3,2020NES,NES_S3,27,combines_ideas,on_table_idea,False,,74,Jesus Velazquez,03:51-04:48,3_Sorbents_Zoom_Meeting_2020_11_05_12_20_44_chunk4.json,54,Jimmy Jiang,08:12-10:00,3_Sorbents_Zoom_Meeting_2020_11_05_12_20_44_chunk2.json,False,True,trying to to opt to to take advantage of potential confinement effects by doing you know uh doing heterostructured materials I think it it might be also analogous uh to you know to CO2 capture if we could get the CO2 you know to to to be in close proximity,He connects his knowledge of conversion heterostructures to the group's goal of capture.,"is there a way we can directly convert CO2 to a chemical right after absorption... attach two sites in close distance, one for sorption, one for catalytic reduction Phil already proposed to replace carbonyl with imine... is there a way we can do some fine tuning on the quinone ring"
2020_11_05_NES_S3,2020NES,NES_S3,28,extends_existing_idea,on_table_idea,False,,75,Fik Brushett,04:48-05:45,3_Sorbents_Zoom_Meeting_2020_11_05_12_20_44_chunk4.json,21,Phil Milner,05:55-07:37,3_Sorbents_Zoom_Meeting_2020_11_05_12_20_44_chunk1.json,False,True,"When you started to talk about encapsulation, I started to think about emulsions. So think nanoemulsions",Fik explicitly builds on the encapsulation concept to propose nanoemulsions.,"try to find nitrogen-based um redox active things that you could reduce and make, you know, N minus or neutral amines, which now we know have good CO2 capture."
2020_11_05_NES_S3,2020NES,NES_S3,29,extends_existing_idea,nearest_prior,False,,77,Fik Brushett,05:57-06:23,3_Sorbents_Zoom_Meeting_2020_11_05_12_20_44_chunk4.json,75,Fik Brushett,04:48-05:45,3_Sorbents_Zoom_Meeting_2020_11_05_12_20_44_chunk4.json,True,False,you could imagine if this emulsion you could then hopefully like get gas fluxing through it,He further elaborates on how the mechanism would function.,"When you started to talk about encapsulation, I started to think about emulsions. So think nanoemulsions"
2020_11_05_NES_S3,2020NES,NES_S3,30,extends_existing_idea,named_speaker,True,Fik Brushett,93,Burcu Gurkan,01:03-02:28,3_Sorbents_Zoom_Meeting_2020_11_05_12_20_44_chunk5.json,92,Fik Brushett,00:00-01:03,3_Sorbents_Zoom_Meeting_2020_11_05_12_20_44_chunk5.json,False,False,in cabin you want something non-volatile kind of kind of benign solvent,Burcu builds on Fik's cabin capture idea by specifying the material requirements for that environment.,are there applications that you could think about where electrochemical technologies... are uniquely positioned... in cabin capture
2020_11_05_NES_S3,2020NES,NES_S3,31,redirects_idea,on_table_idea,False,,94,Fik Brushett,02:29-02:53,3_Sorbents_Zoom_Meeting_2020_11_05_12_20_44_chunk5.json,92,Fik Brushett,00:00-01:03,3_Sorbents_Zoom_Meeting_2020_11_05_12_20_44_chunk5.json,True,False,are we jumping the gun going directly to direct air capture... are there other opportunities along the way down the CO2 concentration curve,Fik reframes the discussion to consider intermediate CO2 concentrations rather than just the extremes of flue gas or direct air capture.,are there applications that you could think about where electrochemical technologies... are uniquely positioned... in cabin capture
2020_11_05_NES_S3,2020NES,NES_S3,32,synthesizes_contributions,on_table_idea,False,,101,Xiao Su,07:40-09:44,3_Sorbents_Zoom_Meeting_2020_11_05_12_20_44_chunk5.json,92,Fik Brushett,00:00-01:03,3_Sorbents_Zoom_Meeting_2020_11_05_12_20_44_chunk5.json,False,False,we started off with degradation pathways... reactor format... electrochemical sorbents the best solution... developing multifunctional materials,Xiao successfully integrates the various divergent ideas raised over the session into cohesive thematic categories.,are there applications that you could think about where electrochemical technologies... are uniquely positioned... in cabin capture
2020_11_05_NES_S3,2020NES,NES_S3,33,synthesizes_contributions,on_table_idea,False,,104,Andrew Teixeira,00:24-00:33,3_Sorbents_Zoom_Meeting_2020_11_05_12_20_44_chunk6.json,15,David Kwabi,00:44-03:04,3_Sorbents_Zoom_Meeting_2020_11_05_12_20_44_chunk1.json,False,True,discussion on improving the quinone chemistries or alternatives to quinone chemistries,Andrew summarizes a major theme from the earlier discussion.,thinking about ways of building sort of multifunctional uh either interfaces or materials... start with uh like an ionic liquid... and then you sort of build on top of that some sort of functionality
2020_11_05_NES_S3,2020NES,NES_S3,34,synthesizes_contributions,on_table_idea,False,,106,David Kwabi,00:48-00:59,3_Sorbents_Zoom_Meeting_2020_11_05_12_20_44_chunk6.json,60,Andrew Teixeira,02:53-03:21,3_Sorbents_Zoom_Meeting_2020_11_05_12_20_44_chunk3.json,False,True,the discussion of thermodynamics and taking advantage of entropy for separation,David synthesizes another major theme from the session.,it works based on a dissociative separation inside the metal... it's a potential interesting area.
2020_11_05_NES_S3,2020NES,NES_S3,35,combines_ideas,on_table_idea,False,,109,Fik Brushett,01:35-01:43,3_Sorbents_Zoom_Meeting_2020_11_05_12_20_44_chunk6.json,40,Fik Brushett,02:26-03:04,3_Sorbents_Zoom_Meeting_2020_11_05_12_20_44_chunk2.json,True,True,"reactor format, encapsulation, and capture of CO2 and conversion can really all be folded into one bullet",Fik proposes merging several distinct engineering ideas into a single category.,you do these kind of things in hydrogen oxygen fuel cells
2020_11_05_NES_S3,2020NES,NES_S3,36,synthesizes_contributions,on_table_idea,False,,113,Jeffrey Long,01:53-02:00,3_Sorbents_Zoom_Meeting_2020_11_05_12_20_44_chunk6.json,109,Fik Brushett,01:35-01:43,3_Sorbents_Zoom_Meeting_2020_11_05_12_20_44_chunk6.json,False,False,Reactor format for CO2 capture and conversion?,Jeff proposes a specific phrasing for the synthesized bullet.,"reactor format, encapsulation, and capture of CO2 and conversion can really all be folded into one bullet"
2020_11_05_NES_S3,2020NES,NES_S3,37,extends_existing_idea,on_table_idea,False,,114,Fik Brushett,02:00-02:11,3_Sorbents_Zoom_Meeting_2020_11_05_12_20_44_chunk6.json,109,Fik Brushett,01:35-01:43,3_Sorbents_Zoom_Meeting_2020_11_05_12_20_44_chunk6.json,True,False,Or reactors and electrolytes for CO2 capture and conversion.,Fik refines Jeff's phrasing to include electrolytes.,"reactor format, encapsulation, and capture of CO2 and conversion can really all be folded into one bullet"
2020_11_05_NES_S3,2020NES,NES_S3,38,extends_existing_idea,on_table_idea,False,,115,Jeffrey Long,02:11-02:13,3_Sorbents_Zoom_Meeting_2020_11_05_12_20_44_chunk6.json,109,Fik Brushett,01:35-01:43,3_Sorbents_Zoom_Meeting_2020_11_05_12_20_44_chunk6.json,False,False,Maybe an electrolyte engineering for CO2 capture and conversion?,Jeff offers another variation on the phrasing.,"reactor format, encapsulation, and capture of CO2 and conversion can really all be folded into one bullet"
2020_11_05_NES_S3,2020NES,NES_S3,39,synthesizes_contributions,nearest_prior,False,,117,Jeffrey Long,02:17-02:22,3_Sorbents_Zoom_Meeting_2020_11_05_12_20_44_chunk6.json,115,Jeffrey Long,02:11-02:13,3_Sorbents_Zoom_Meeting_2020_11_05_12_20_44_chunk6.json,True,False,that actually that encapsulates a lot of the discussion I heard.,Jeff confirms that the chosen phrasing effectively summarizes their prior ideation.,Maybe an electrolyte engineering for CO2 capture and conversion?
2020_11_05_NES_S3,2020NES,NES_S3,40,raises_concern,nearest_prior,False,,123,Jesus Velazquez,02:52-03:02,3_Sorbents_Zoom_Meeting_2020_11_05_12_20_44_chunk6.json,117,Jeffrey Long,02:17-02:22,3_Sorbents_Zoom_Meeting_2020_11_05_12_20_44_chunk6.json,False,False,"I'm not sure if this is something that as a group we wanna... it takes, you know, a priority. I feel passionately about multifunctional materials",Jesus expresses doubt about whether his topic fits the group's limited list.,that actually that encapsulates a lot of the discussion I heard.
2020_11_05_NES_S3,2020NES,NES_S3,41,returns_to_earlier_idea,on_table_idea,False,,123,Jesus Velazquez,02:52-03:02,3_Sorbents_Zoom_Meeting_2020_11_05_12_20_44_chunk6.json,104,Andrew Teixeira,00:24-00:33,3_Sorbents_Zoom_Meeting_2020_11_05_12_20_44_chunk6.json,False,False,"I'm not sure if this is something that as a group we wanna... it takes, you know, a priority. I feel passionately about multifunctional materials",Jesus brings back his earlier idea about multifunctional materials.,discussion on improving the quinone chemistries or alternatives to quinone chemistries
2020_11_05_NES_S3,2020NES,NES_S3,42,combines_ideas,named_speaker,True,Jesus Velazquez,125,Fik Brushett,03:11-03:22,3_Sorbents_Zoom_Meeting_2020_11_05_12_20_44_chunk6.json,123,Jesus Velazquez,02:52-03:02,3_Sorbents_Zoom_Meeting_2020_11_05_12_20_44_chunk6.json,False,False,"I think you could squeeze it into quinone chemistry, right? Say like, could we do multi-functional squeeze it into quinone chemistry",Fik creatively integrates Jesus's topic into an already accepted bullet point.,"I'm not sure if this is something that as a group we wanna... it takes, you know, a priority. I feel passionately about multifunctional materials"
2020_11_05_NES_S3,2020NES,NES_S3,43,resolves_contradiction,named_speaker,True,Jesus Velazquez,125,Fik Brushett,03:11-03:22,3_Sorbents_Zoom_Meeting_2020_11_05_12_20_44_chunk6.json,123,Jesus Velazquez,02:52-03:02,3_Sorbents_Zoom_Meeting_2020_11_05_12_20_44_chunk6.json,False,False,"I think you could squeeze it into quinone chemistry, right? Say like, could we do multi-functional squeeze it into quinone chemistry",Fik resolves the tension between keeping the list short and including Jesus's idea.,"I'm not sure if this is something that as a group we wanna... it takes, you know, a priority. I feel passionately about multifunctional materials"
2020_11_05_NES_S3,2020NES,NES_S3,44,synthesizes_contributions,on_table_idea,False,,126,Xiao Su,03:23-03:28,3_Sorbents_Zoom_Meeting_2020_11_05_12_20_44_chunk6.json,104,Andrew Teixeira,00:24-00:33,3_Sorbents_Zoom_Meeting_2020_11_05_12_20_44_chunk6.json,False,False,"this one is more the materials, this is more thermal, and this is more sort of engineering.",Xiao maps the three final bullets to distinct disciplinary domains.,discussion on improving the quinone chemistries or alternatives to quinone chemistries
2020_11_05_NES_S3,2020NES,NES_S3,45,extends_existing_idea,nearest_prior,False,,130,Burcu Gurkan,03:36-03:41,3_Sorbents_Zoom_Meeting_2020_11_05_12_20_44_chunk6.json,126,Xiao Su,03:23-03:28,3_Sorbents_Zoom_Meeting_2020_11_05_12_20_44_chunk6.json,False,False,"And I think the degradation was really, um, part of improvement.",Burcu ensures that degradation is explicitly included in the chemistry bullet.,"this one is more the materials, this is more thermal, and this is more sort of engineering."
2020_11_06_NES_S10,2020NES,NES_S10,0,extends_existing_idea,nearest_prior,False,,36,Wilson Smith,03:08-03:44,4_frontiers_in_echem_Zoom_Meeting_2020_11_06_12_23_32_chunk1.json,33,Venkat Viswanathan,00:45-02:51,4_frontiers_in_echem_Zoom_Meeting_2020_11_06_12_23_32_chunk1.json,False,False,this kind of screening of catalysts can also be used to screen feedstock,Wilson extends the ML/screening idea to include screening feedstocks.,how can their discovery and optimize be accelerated... robotic experimentation and machine learning I think is going to fundamentally alter this space
2020_11_06_NES_S10,2020NES,NES_S10,1,extends_existing_idea,on_table_idea,False,,37,Jenny Yang,03:46-05:23,4_frontiers_in_echem_Zoom_Meeting_2020_11_06_12_23_32_chunk1.json,33,Venkat Viswanathan,00:45-02:51,4_frontiers_in_echem_Zoom_Meeting_2020_11_06_12_23_32_chunk1.json,False,False,can we design architectures that can do cascades... optimize a sequence of them and then organize them,Jenny extends the discussion by proposing the use of ML to optimize cascade architectures.,how can their discovery and optimize be accelerated... robotic experimentation and machine learning I think is going to fundamentally alter this space
2020_11_06_NES_S10,2020NES,NES_S10,2,extends_existing_idea,on_table_idea,False,,38,Caleb Hill,05:34-06:25,4_frontiers_in_echem_Zoom_Meeting_2020_11_06_12_23_32_chunk1.json,37,Jenny Yang,03:46-05:23,4_frontiers_in_echem_Zoom_Meeting_2020_11_06_12_23_32_chunk1.json,False,False,looking beyond kind of the classic well-characterized electrode materials onto things that are you know kind of polyelemental,"Caleb builds on the cascade idea by suggesting the exploration of complex, polyelemental materials.",can we design architectures that can do cascades... optimize a sequence of them and then organize them
2020_11_06_NES_S10,2020NES,NES_S10,3,extends_existing_idea,nearest_prior,False,,39,Pratik Dholabhai,06:26-07:28,4_frontiers_in_echem_Zoom_Meeting_2020_11_06_12_23_32_chunk1.json,38,Caleb Hill,05:34-06:25,4_frontiers_in_echem_Zoom_Meeting_2020_11_06_12_23_32_chunk1.json,False,False,throughput computing combined with you know machine learning or trying to understand you know what targeted properties we are looking for,Pratik extends the ML idea by integrating throughput computing to find cost-effective materials.,looking beyond kind of the classic well-characterized electrode materials onto things that are you know kind of polyelemental
2020_11_06_NES_S10,2020NES,NES_S10,4,extends_existing_idea,on_table_idea,False,,41,Pratik Dholabhai,08:26-09:16,4_frontiers_in_echem_Zoom_Meeting_2020_11_06_12_23_32_chunk1.json,37,Jenny Yang,03:46-05:23,4_frontiers_in_echem_Zoom_Meeting_2020_11_06_12_23_32_chunk1.json,False,False,new materials are also a game... complex oxide heterostructures and nanoparticles,Pratik returns to add another point about exploring non-traditional materials like complex oxides.,can we design architectures that can do cascades... optimize a sequence of them and then organize them
2020_11_06_NES_S10,2020NES,NES_S10,5,extends_existing_idea,on_table_idea,False,,47,Jenny Yang,02:24-02:52,4_frontiers_in_echem_Zoom_Meeting_2020_11_06_12_23_32_chunk2.json,33,Venkat Viswanathan,00:45-02:51,4_frontiers_in_echem_Zoom_Meeting_2020_11_06_12_23_32_chunk1.json,False,True,"related to what she said, thinking about electrode architectures... using nanostructures can generate different local electric fields",Jenny builds on the previous discussion about local environments by suggesting nanostructures.,how can their discovery and optimize be accelerated... robotic experimentation and machine learning I think is going to fundamentally alter this space
2020_11_06_NES_S10,2020NES,NES_S10,6,extends_existing_idea,named_speaker,True,Jenny Yang,48,Shu Hu,02:52-04:19,4_frontiers_in_echem_Zoom_Meeting_2020_11_06_12_23_32_chunk2.json,47,Jenny Yang,02:24-02:52,4_frontiers_in_echem_Zoom_Meeting_2020_11_06_12_23_32_chunk2.json,False,False,Jenny brings a really interesting point to just build on that... introducing electrical field is what really electrochemistry what is dear and hard can do. many of these... are actually semiconductors... having a band gap... defects. But how do we understand the defect and electronic structures influence the catalytic process,Shu explicitly builds on Jenny's point about electric fields.,"related to what she said, thinking about electrode architectures... using nanostructures can generate different local electric fields"
2020_11_06_NES_S10,2020NES,NES_S10,7,combines_ideas,on_table_idea,False,,49,Kelsey Hatzell,04:19-05:29,4_frontiers_in_echem_Zoom_Meeting_2020_11_06_12_23_32_chunk2.json,42,Sen Zhang,09:17-09:55,4_frontiers_in_echem_Zoom_Meeting_2020_11_06_12_23_32_chunk1.json,False,True,"hybrid technologies and hybrid driving mechanisms. So thermo-electrochemistry... takes advantage of both driving mechanisms, heterogeneous catalysis as well as electrocatalysis.",She explicitly combines the concepts of heterogeneous catalysis and electrocatalysis.,unconventional reaction condition or reactors can also be taken into consideration
2020_11_06_NES_S10,2020NES,NES_S10,8,critiques_or_challenges,named_speaker,True,Venkat Viswanathan,52,Jordi Cabana,06:33-06:40,4_frontiers_in_echem_Zoom_Meeting_2020_11_06_12_23_32_chunk2.json,51,Venkat Viswanathan,05:34-06:33,4_frontiers_in_echem_Zoom_Meeting_2020_11_06_12_23_32_chunk2.json,False,False,"I get the wrong impression though, the battery community doesn't know how to do that",Jordi playfully challenges Venkat's premise about the battery community's understanding.,you can imagine SEI being... self-formed films on top of electrode surfaces as a way to allow the molecules that you want to transport inside
2020_11_06_NES_S10,2020NES,NES_S10,9,synthesizes_contributions,on_table_idea,False,,54,Jordi Cabana,07:02-07:33,4_frontiers_in_echem_Zoom_Meeting_2020_11_06_12_23_32_chunk2.json,49,Kelsey Hatzell,04:19-05:29,4_frontiers_in_echem_Zoom_Meeting_2020_11_06_12_23_32_chunk2.json,False,False,"I sense a nexus of complexity... you want complexity, right? You... cascade reactions, you're talking about hybrid driving forces",Jordi synthesizes the various ideas proposed into a central theme of 'complexity'.,"hybrid technologies and hybrid driving mechanisms. So thermo-electrochemistry... takes advantage of both driving mechanisms, heterogeneous catalysis as well as electrocatalysis."
2020_11_06_NES_S10,2020NES,NES_S10,10,extends_existing_idea,on_table_idea,False,,56,Kelsey Hatzell,08:23-08:55,4_frontiers_in_echem_Zoom_Meeting_2020_11_06_12_23_32_chunk2.json,33,Venkat Viswanathan,00:45-02:51,4_frontiers_in_echem_Zoom_Meeting_2020_11_06_12_23_32_chunk1.json,False,True,"historically the field of catalysis, heterogeneous catalysis and electrocatalysis are almost like disparate communities building bridges between these two working communities would be valuable for electrochemistry",She builds on the earlier discussion of learning from heterogeneous catalysis.,how can their discovery and optimize be accelerated... robotic experimentation and machine learning I think is going to fundamentally alter this space
2020_11_06_NES_S10,2020NES,NES_S10,11,critiques_or_challenges,nearest_prior,False,,58,Jordi Cabana,00:02-00:26,4_frontiers_in_echem_Zoom_Meeting_2020_11_06_12_23_32_chunk3.json,57,Shu Hu,08:55-10:00,4_frontiers_in_echem_Zoom_Meeting_2020_11_06_12_23_32_chunk2.json,False,True,It seems like you're saying that's not enough.,"He challenges the current state of conferences and programs, noting they are not bridging the gap.",what is the limitation of electrochemistry and how can we really leverage what is already out there and play the electrochemist's strengths?
2020_11_06_NES_S10,2020NES,NES_S10,12,critiques_or_challenges,nearest_prior,False,,59,Venkat Viswanathan,00:26-01:26,4_frontiers_in_echem_Zoom_Meeting_2020_11_06_12_23_32_chunk3.json,58,Jordi Cabana,00:02-00:26,4_frontiers_in_echem_Zoom_Meeting_2020_11_06_12_23_32_chunk3.json,False,False,"I think in terms of communities, they see it as competing.","He critiques the current dynamic between fields, noting they view each other as competitors rather than collaborators.",It seems like you're saying that's not enough.
2020_11_06_NES_S10,2020NES,NES_S10,13,redirects_idea,nearest_prior,False,,61,Jordi Cabana,02:25-03:06,4_frontiers_in_echem_Zoom_Meeting_2020_11_06_12_23_32_chunk3.json,59,Venkat Viswanathan,00:26-01:26,4_frontiers_in_echem_Zoom_Meeting_2020_11_06_12_23_32_chunk3.json,False,False,"So going back to the topic of complexity, let's take it in a different direction.",Jordi explicitly shifts the conversation back to a previous theme (complexity) to explore a new angle.,"I think in terms of communities, they see it as competing."
2020_11_06_NES_S10,2020NES,NES_S10,14,extends_existing_idea,named_speaker,True,Jordi Cabana,62,Jenny Yang,03:06-03:43,4_frontiers_in_echem_Zoom_Meeting_2020_11_06_12_23_32_chunk3.json,61,Jordi Cabana,02:25-03:06,4_frontiers_in_echem_Zoom_Meeting_2020_11_06_12_23_32_chunk3.json,False,False,that would be sort of the next step is can we take some of the things that we can make cleanly and use those as feedstocks for additional reduction reactions. we've had so much trouble getting selectivity for more complex products,Jenny builds on Jordi's prompt about cascade reactions by proposing a specific approach (using clean intermediates as feedstocks).,"So going back to the topic of complexity, let's take it in a different direction."
2020_11_06_NES_S10,2020NES,NES_S10,15,raises_concern,on_table_idea,False,,62,Jenny Yang,03:06-03:43,4_frontiers_in_echem_Zoom_Meeting_2020_11_06_12_23_32_chunk3.json,38,Caleb Hill,05:34-06:25,4_frontiers_in_echem_Zoom_Meeting_2020_11_06_12_23_32_chunk1.json,False,True,that would be sort of the next step is can we take some of the things that we can make cleanly and use those as feedstocks for additional reduction reactions. we've had so much trouble getting selectivity for more complex products,She highlights a significant technical barrier in the field.,looking beyond kind of the classic well-characterized electrode materials onto things that are you know kind of polyelemental
2020_11_06_NES_S10,2020NES,NES_S10,16,raises_concern,on_table_idea,False,,63,Shu Hu,03:46-04:06,4_frontiers_in_echem_Zoom_Meeting_2020_11_06_12_23_32_chunk3.json,42,Sen Zhang,09:17-09:55,4_frontiers_in_echem_Zoom_Meeting_2020_11_06_12_23_32_chunk1.json,False,True,"I think for the local probing it's difficult, it's time consuming and it's expensive.",Shu points out the practical limitations of local probing techniques.,unconventional reaction condition or reactors can also be taken into consideration
2020_11_06_NES_S10,2020NES,NES_S10,17,raises_concern,nearest_prior,False,,65,Shu Hu,04:11-04:15,4_frontiers_in_echem_Zoom_Meeting_2020_11_06_12_23_32_chunk3.json,63,Shu Hu,03:46-04:06,4_frontiers_in_echem_Zoom_Meeting_2020_11_06_12_23_32_chunk3.json,True,False,"Throw money at it, but we have to convince this is a big enough question.",Shu agrees with the joke but grounds it in the reality of needing to justify funding.,"I think for the local probing it's difficult, it's time consuming and it's expensive."
2020_11_06_NES_S10,2020NES,NES_S10,18,raises_concern,on_table_idea,False,,69,Wilson Smith,07:18-08:15,4_frontiers_in_echem_Zoom_Meeting_2020_11_06_12_23_32_chunk3.json,33,Venkat Viswanathan,00:45-02:51,4_frontiers_in_echem_Zoom_Meeting_2020_11_06_12_23_32_chunk1.json,False,True,the problem is the competition is so cheap and so large scale already,Wilson emphasizes that the primary barrier is economic competition from established industries.,how can their discovery and optimize be accelerated... robotic experimentation and machine learning I think is going to fundamentally alter this space
2020_11_06_NES_S10,2020NES,NES_S10,19,connects_methods,on_table_idea,False,,75,Wilson Smith,01:32-02:48,4_frontiers_in_echem_Zoom_Meeting_2020_11_06_12_52_00_chunk1.json,31,Jordi Cabana,04:30-07:59,4_frontiers_in_echem_Zoom_Meeting_2020_11_06_12_15_06.json,False,True,"I think we can learn, you know, like people have said from these other fields, how did they improve efficiency, reduce cost?",He explicitly connects the learning from battery cost reduction to the challenge of electrolyzers.,"can you think about CO2 or methane to plastics, which is a much more permanent way"
2020_11_06_NES_S10,2020NES,NES_S10,20,critiques_or_challenges,named_speaker,True,Wilson Smith,82,Jordi Cabana,05:01-06:07,4_frontiers_in_echem_Zoom_Meeting_2020_11_06_12_52_00_chunk1.json,75,Wilson Smith,01:32-02:48,4_frontiers_in_echem_Zoom_Meeting_2020_11_06_12_52_00_chunk1.json,False,False,in all these models there's the assumption that technology and performance stays constant in a sense. are these technologies that you evaluate based on cascade reactions like Jenny was proposing?,Jordi challenges a fundamental assumption in the TEA models Wilson is discussing.,"I think we can learn, you know, like people have said from these other fields, how did they improve efficiency, reduce cost?"
2020_11_06_NES_S10,2020NES,NES_S10,21,connects_methods,nearest_prior,False,,82,Jordi Cabana,05:01-06:07,4_frontiers_in_echem_Zoom_Meeting_2020_11_06_12_52_00_chunk1.json,75,Wilson Smith,01:32-02:48,4_frontiers_in_echem_Zoom_Meeting_2020_11_06_12_52_00_chunk1.json,False,False,in all these models there's the assumption that technology and performance stays constant in a sense. are these technologies that you evaluate based on cascade reactions like Jenny was proposing?,He connects his question to an idea proposed earlier by another participant.,"I think we can learn, you know, like people have said from these other fields, how did they improve efficiency, reduce cost?"
2020_11_06_NES_S10,2020NES,NES_S10,22,connects_methods,nearest_prior,False,,87,Jenny Yang,07:41-07:53,4_frontiers_in_echem_Zoom_Meeting_2020_11_06_12_52_00_chunk1.json,83,Wilson Smith,06:08-06:59,4_frontiers_in_echem_Zoom_Meeting_2020_11_06_12_52_00_chunk1.json,False,False,"like Haber-Bosch is like that too, right?",She connects the current problem to the Haber-Bosch process.,I don't think that that's going to be solved by a cascade reaction. I think that's going to be reactor engineering and process integration that's going to solve that
2020_11_06_NES_S10,2020NES,NES_S10,23,returns_to_earlier_idea,nearest_prior,False,,89,Adam Holewinski,08:05-08:28,4_frontiers_in_echem_Zoom_Meeting_2020_11_06_12_52_00_chunk1.json,87,Jenny Yang,07:41-07:53,4_frontiers_in_echem_Zoom_Meeting_2020_11_06_12_52_00_chunk1.json,False,False,in that context would any kind of a cascade architecture have any logic to it?,He brings the conversation back to the cascade architecture idea mentioned earlier.,"like Haber-Bosch is like that too, right?"
2020_11_06_NES_S10,2020NES,NES_S10,24,extends_existing_idea,named_speaker,True,Adam Holewinski,90,Wilson Smith,08:29-09:24,4_frontiers_in_echem_Zoom_Meeting_2020_11_06_12_52_00_chunk1.json,89,Adam Holewinski,08:05-08:28,4_frontiers_in_echem_Zoom_Meeting_2020_11_06_12_52_00_chunk1.json,False,False,the way to get around that is just to do CO electrolysis. Because CO2 to CO is industrial.,He builds on Adam's question by confirming that CO electrolysis is the viable workaround.,in that context would any kind of a cascade architecture have any logic to it?
2020_11_06_NES_S10,2020NES,NES_S10,25,synthesizes_contributions,nearest_prior,False,,93,Jenny Yang,09:43-09:47,4_frontiers_in_echem_Zoom_Meeting_2020_11_06_12_52_00_chunk1.json,90,Wilson Smith,08:29-09:24,4_frontiers_in_echem_Zoom_Meeting_2020_11_06_12_52_00_chunk1.json,False,False,"So just the way the technology is, they don't have to deal with the electrolyte problem or the solvent problem.",Jenny synthesizes the information to highlight the key advantage of the solid oxide process.,the way to get around that is just to do CO electrolysis. Because CO2 to CO is industrial.
2020_11_06_NES_S10,2020NES,NES_S10,26,extends_existing_idea,nearest_prior,False,,96,Venkat Viswanathan,00:16-01:00,4_frontiers_in_echem_Zoom_Meeting_2020_11_06_12_52_00_chunk2.json,93,Jenny Yang,09:43-09:47,4_frontiers_in_echem_Zoom_Meeting_2020_11_06_12_52_00_chunk1.json,False,True,I wonder if we just need a Haldor Topsoe on steroids,Builds on the discussion of commercialization by suggesting a modernized version of a legacy company.,"So just the way the technology is, they don't have to deal with the electrolyte problem or the solvent problem."
2020_11_06_NES_S10,2020NES,NES_S10,27,extends_existing_idea,nearest_prior,False,,98,Kelsey Hatzell,01:20-01:33,4_frontiers_in_echem_Zoom_Meeting_2020_11_06_12_52_00_chunk2.json,96,Venkat Viswanathan,00:16-01:00,4_frontiers_in_echem_Zoom_Meeting_2020_11_06_12_52_00_chunk2.json,False,False,"Like Blue Origin, the space company",Offers Blue Origin as an example of the modern Bell Labs model.,I wonder if we just need a Haldor Topsoe on steroids
2020_11_06_NES_S10,2020NES,NES_S10,28,returns_to_earlier_idea,on_table_idea,False,,118,Adam Holewinski,08:08-08:48,4_frontiers_in_echem_Zoom_Meeting_2020_11_06_12_52_00_chunk2.json,90,Wilson Smith,08:29-09:24,4_frontiers_in_echem_Zoom_Meeting_2020_11_06_12_52_00_chunk1.json,False,True,"on other targets or molecules, whether that would be new things to try to make from CO2",Brings back the topic of novel targets mentioned at the start of the session.,the way to get around that is just to do CO electrolysis. Because CO2 to CO is industrial.
2020_11_06_NES_S10,2020NES,NES_S10,29,synthesizes_contributions,named_speaker,True,Wilson Smith,119,Jenny Yang,08:49-09:13,4_frontiers_in_echem_Zoom_Meeting_2020_11_06_12_52_00_chunk2.json,90,Wilson Smith,08:29-09:24,4_frontiers_in_echem_Zoom_Meeting_2020_11_06_12_52_00_chunk1.json,False,True,Wilson's point... about CO2 to CO is already a very efficient process... you can think about CO as a feedstock for electrochemical Fischer-Tropsch basically you're just trying to do Fischer-Tropsch instead of thermally.,Synthesizes Wilson's engineering point into a new chemical framing.,the way to get around that is just to do CO electrolysis. Because CO2 to CO is industrial.
2020_11_06_NES_S10,2020NES,NES_S10,30,extends_existing_idea,on_table_idea,False,,119,Jenny Yang,08:49-09:13,4_frontiers_in_echem_Zoom_Meeting_2020_11_06_12_52_00_chunk2.json,83,Wilson Smith,06:08-06:59,4_frontiers_in_echem_Zoom_Meeting_2020_11_06_12_52_00_chunk1.json,False,True,Wilson's point... about CO2 to CO is already a very efficient process... you can think about CO as a feedstock for electrochemical Fischer-Tropsch basically you're just trying to do Fischer-Tropsch instead of thermally.,Extends the idea of CO electrolysis into a specific reaction pathway.,I don't think that that's going to be solved by a cascade reaction. I think that's going to be reactor engineering and process integration that's going to solve that
2020_11_06_NES_S10,2020NES,NES_S10,31,extends_existing_idea,on_table_idea,False,,124,Jenny Yang,09:32-09:33,4_frontiers_in_echem_Zoom_Meeting_2020_11_06_12_52_00_chunk2.json,119,Jenny Yang,08:49-09:13,4_frontiers_in_echem_Zoom_Meeting_2020_11_06_12_52_00_chunk2.json,True,False,"it's a cascade reactor effectively, right? Because you've done the CO2 to CO which is a two electron, then you do another",Frames the two-step process as a cascade reactor.,Wilson's point... about CO2 to CO is already a very efficient process... you can think about CO as a feedstock for electrochemical Fischer-Tropsch basically you're just trying to do Fischer-Tropsch instead of thermally.
2020_11_06_NES_S10,2020NES,NES_S10,32,returns_to_earlier_idea,named_speaker,True,Adam Holewinski,127,Jordi Cabana,09:43-10:00,4_frontiers_in_echem_Zoom_Meeting_2020_11_06_12_52_00_chunk2.json,118,Adam Holewinski,08:08-08:48,4_frontiers_in_echem_Zoom_Meeting_2020_11_06_12_52_00_chunk2.json,False,False,"How about the other, you know, novel targets? ... the issue of what to do about methane.","Brings the conversation back to Adam's prompt about novel targets, specifically mentioning methane.","on other targets or molecules, whether that would be new things to try to make from CO2"
2020_11_06_NES_S10,2020NES,NES_S10,33,critiques_or_challenges,on_table_idea,False,,129,Jenny Yang,00:23-00:48,4_frontiers_in_echem_Zoom_Meeting_2020_11_06_12_52_00_chunk3.json,31,Jordi Cabana,04:30-07:59,4_frontiers_in_echem_Zoom_Meeting_2020_11_06_12_15_06.json,False,True,it's very difficult to do it selectively to anything useful.,Jenny points out the fundamental difficulty in selectively converting methane to a useful product like methanol.,"can you think about CO2 or methane to plastics, which is a much more permanent way"
2020_11_06_NES_S10,2020NES,NES_S10,34,extends_existing_idea,named_speaker,True,Jenny Yang,130,Venkat Viswanathan,00:48-01:00,4_frontiers_in_echem_Zoom_Meeting_2020_11_06_12_52_00_chunk3.json,129,Jenny Yang,00:23-00:48,4_frontiers_in_echem_Zoom_Meeting_2020_11_06_12_52_00_chunk3.json,False,False,"I mean there are high temperature reactors where you can insert the oxygen, right?",Venkat builds on Jenny's point by suggesting high-temperature reactors as a potential workaround.,it's very difficult to do it selectively to anything useful.
2020_11_06_NES_S10,2020NES,NES_S10,35,synthesizes_contributions,on_table_idea,False,,132,Venkat Viswanathan,01:08-01:29,4_frontiers_in_echem_Zoom_Meeting_2020_11_06_12_52_00_chunk3.json,129,Jenny Yang,00:23-00:48,4_frontiers_in_echem_Zoom_Meeting_2020_11_06_12_52_00_chunk3.json,False,False,really you want to be in this sweet spot intermediate temperature where maybe you could selectively insert and stop it at methanol. if you go low temperature you can't do anything with methane. High temperature you go all the way to CO2.,Venkat synthesizes the previous points about low and high temperature limitations to justify his intermediate temperature idea.,it's very difficult to do it selectively to anything useful.
2020_11_06_NES_S10,2020NES,NES_S10,36,raises_concern,on_table_idea,False,,133,Jenny Yang,01:29-02:00,4_frontiers_in_echem_Zoom_Meeting_2020_11_06_12_52_00_chunk3.json,132,Venkat Viswanathan,01:08-01:29,4_frontiers_in_echem_Zoom_Meeting_2020_11_06_12_52_00_chunk3.json,False,False,"if you have something that's active enough to activate methane, it's easier to activate the products in almost all cases.",Jenny raises a fundamental chemical concern about over-oxidation.,really you want to be in this sweet spot intermediate temperature where maybe you could selectively insert and stop it at methanol. if you go low temperature you can't do anything with methane. High temperature you go all the way to CO2.
2020_11_06_NES_S10,2020NES,NES_S10,37,redirects_idea,on_table_idea,False,,141,Remi Bouteille,04:12-04:23,4_frontiers_in_echem_Zoom_Meeting_2020_11_06_12_52_00_chunk3.json,90,Wilson Smith,08:29-09:24,4_frontiers_in_echem_Zoom_Meeting_2020_11_06_12_52_00_chunk1.json,False,True,"No, no, just convert it to CO2.",Remi explicitly redirects the goal away from utilization (methanol) toward simple destruction (to CO2).,the way to get around that is just to do CO electrolysis. Because CO2 to CO is industrial.
2020_11_06_NES_S10,2020NES,NES_S10,38,redirects_idea,on_table_idea,False,,145,Adam Holewinski,04:37-05:07,4_frontiers_in_echem_Zoom_Meeting_2020_11_06_12_52_00_chunk3.json,31,Jordi Cabana,04:30-07:59,4_frontiers_in_echem_Zoom_Meeting_2020_11_06_12_15_06.json,False,True,"So it seems like the target would really be, can we just do conversion to CO2 on the ambient stuff? you either have to have really good heat recovery or find a way to do this very near ambient conditions considering the volumes of air you need to process.",Adam synthesizes the funder's input and redirects the group's target to ambient methane conversion to CO2.,"can you think about CO2 or methane to plastics, which is a much more permanent way"
2020_11_06_NES_S10,2020NES,NES_S10,39,raises_concern,on_table_idea,False,,145,Adam Holewinski,04:37-05:07,4_frontiers_in_echem_Zoom_Meeting_2020_11_06_12_52_00_chunk3.json,83,Wilson Smith,06:08-06:59,4_frontiers_in_echem_Zoom_Meeting_2020_11_06_12_52_00_chunk1.json,False,True,"So it seems like the target would really be, can we just do conversion to CO2 on the ambient stuff? you either have to have really good heat recovery or find a way to do this very near ambient conditions considering the volumes of air you need to process.",Adam points out the massive engineering challenge of processing ambient air volumes.,I don't think that that's going to be solved by a cascade reaction. I think that's going to be reactor engineering and process integration that's going to solve that
2020_11_05_NES_S4,2020NES,NES_S4,0,extends_existing_idea,named_speaker,True,Charles McCrory,33,Sen Zhang,02:27-03:28,4_Beyond_CO2_Zoom_Meeting_2020_11_05_11_59_04_chunk2.json,32,Charles McCrory,01:25-02:27,4_Beyond_CO2_Zoom_Meeting_2020_11_05_11_59_04_chunk2.json,False,False,"the next step, ammonia to nitrate, to other chemicals cannot be overlooked",Sen builds on Charles's nitrogen focus by suggesting downstream transformations.,doing that as low temperature ammonia synthesis... low temperature hydrogenation for distributed ammonia
2020_11_05_NES_S4,2020NES,NES_S4,1,extends_existing_idea,named_speaker,True,Charles McCrory,34,Marta Hatzell,03:28-04:57,4_Beyond_CO2_Zoom_Meeting_2020_11_05_11_59_04_chunk2.json,33,Sen Zhang,02:27-03:28,4_Beyond_CO2_Zoom_Meeting_2020_11_05_11_59_04_chunk2.json,False,False,"looking at like direct nitrogen oxidation, so you can skip the nitrogen to ammonia I'm hesitant to say that it's the end-all molecule for all applications.",Marta proposes an alternative pathway to the nitrogen transformations discussed by Charles and Sen.,"the next step, ammonia to nitrate, to other chemicals cannot be overlooked"
2020_11_05_NES_S4,2020NES,NES_S4,2,critiques_or_challenges,on_table_idea,False,,34,Marta Hatzell,03:28-04:57,4_Beyond_CO2_Zoom_Meeting_2020_11_05_11_59_04_chunk2.json,32,Charles McCrory,01:25-02:27,4_Beyond_CO2_Zoom_Meeting_2020_11_05_11_59_04_chunk2.json,False,False,"looking at like direct nitrogen oxidation, so you can skip the nitrogen to ammonia I'm hesitant to say that it's the end-all molecule for all applications.",Marta questions the assumption that ammonia should be the primary target for all uses.,doing that as low temperature ammonia synthesis... low temperature hydrogenation for distributed ammonia
2020_11_05_NES_S4,2020NES,NES_S4,3,extends_existing_idea,named_speaker,True,Chong Liu,39,Michael Nippe,06:27-07:18,4_Beyond_CO2_Zoom_Meeting_2020_11_05_11_59_04_chunk2.json,37,Chong Liu,05:04-06:22,4_Beyond_CO2_Zoom_Meeting_2020_11_05_11_59_04_chunk2.json,False,False,the electrocatalytic generation of food for enzymes... make efficient systems for NAD+ to NADH,Michael builds directly on Chong's idea of using electrochemistry with enzymes by specifying the generation of cofactors.,nature has enzymes to do methane to liquid... maybe they just need an energy source like electrochemistry
2020_11_05_NES_S4,2020NES,NES_S4,4,extends_existing_idea,on_table_idea,True,Speaker 1,41,Katie Knowles,01:41-02:36,4_Beyond_CO2_Zoom_Meeting_2020_11_05_12_17_00_chunk1.json,39,Michael Nippe,06:27-07:18,4_Beyond_CO2_Zoom_Meeting_2020_11_05_11_59_04_chunk2.json,False,True,build off an idea that Michael just said... using electrochemistry more broadly,Directly builds on the previous speaker's idea to expand its scope.,the electrocatalytic generation of food for enzymes... make efficient systems for NAD+ to NADH
2020_11_05_NES_S4,2020NES,NES_S4,5,extends_existing_idea,on_table_idea,False,,42,Adam Holewinski,02:37-04:25,4_Beyond_CO2_Zoom_Meeting_2020_11_05_12_17_00_chunk1.json,40,Michael Nippe,00:00-01:40,4_Beyond_CO2_Zoom_Meeting_2020_11_05_12_17_00_chunk1.json,False,False,I'd be interested in building on that one a little bit,Explicitly states his intention to build on the ongoing discussion.,we could be talking about electrochemical approaches to chiral synthesis
2020_11_05_NES_S4,2020NES,NES_S4,6,extends_existing_idea,nearest_prior,False,,43,Carlos Morales-Guio,04:26-05:04,4_Beyond_CO2_Zoom_Meeting_2020_11_05_12_17_00_chunk1.json,42,Adam Holewinski,02:37-04:25,4_Beyond_CO2_Zoom_Meeting_2020_11_05_12_17_00_chunk1.json,False,False,I would like to add that not only making the carbon-carbon bonds... but making carbon-chlorine,Adds specific chemical targets to the previously discussed idea.,I'd be interested in building on that one a little bit
2020_11_05_NES_S4,2020NES,NES_S4,7,extends_existing_idea,nearest_prior,False,,44,Charles McCrory,05:05-06:30,4_Beyond_CO2_Zoom_Meeting_2020_11_05_12_17_00_chunk1.json,43,Carlos Morales-Guio,04:26-05:04,4_Beyond_CO2_Zoom_Meeting_2020_11_05_12_17_00_chunk1.json,False,False,build a little bit on what was said... Adam and Carlos are right on,Validates and builds upon the points made by the previous two speakers.,I would like to add that not only making the carbon-carbon bonds... but making carbon-chlorine
2020_11_05_NES_S4,2020NES,NES_S4,8,synthesizes_contributions,nearest_prior,False,,45,Katie Knowles,06:31-06:53,4_Beyond_CO2_Zoom_Meeting_2020_11_05_12_17_00_chunk1.json,44,Charles McCrory,05:05-06:30,4_Beyond_CO2_Zoom_Meeting_2020_11_05_12_17_00_chunk1.json,False,False,"taking C1 to C2, C3, C4, like small things",Synthesizes the previous points into a concise summary of the target processes.,build a little bit on what was said... Adam and Carlos are right on
2020_11_05_NES_S4,2020NES,NES_S4,9,raises_concern,on_table_idea,False,,46,Adam Holewinski,06:54-08:30,4_Beyond_CO2_Zoom_Meeting_2020_11_05_12_17_00_chunk1.json,32,Charles McCrory,01:25-02:27,4_Beyond_CO2_Zoom_Meeting_2020_11_05_11_59_04_chunk2.json,False,True,since no single commodity chemical is gonna make a giant dent... the number was still small,Raises a concern about the overall impact of targeting single commodity chemicals.,doing that as low temperature ammonia synthesis... low temperature hydrogenation for distributed ammonia
2020_11_05_NES_S4,2020NES,NES_S4,10,extends_existing_idea,named_speaker,True,Adam Holewinski,47,Charles McCrory,08:31-08:55,4_Beyond_CO2_Zoom_Meeting_2020_11_05_12_17_00_chunk1.json,46,Adam Holewinski,06:54-08:30,4_Beyond_CO2_Zoom_Meeting_2020_11_05_12_17_00_chunk1.json,False,False,I think the one stat that I remember from there was the decarbonizing polymerization chemistry,Builds on Adam's point about stats and impact by introducing polymers.,since no single commodity chemical is gonna make a giant dent... the number was still small
2020_11_05_NES_S4,2020NES,NES_S4,11,extends_existing_idea,on_table_idea,False,,48,Adam Holewinski,08:56-09:50,4_Beyond_CO2_Zoom_Meeting_2020_11_05_12_17_00_chunk1.json,40,Michael Nippe,00:00-01:40,4_Beyond_CO2_Zoom_Meeting_2020_11_05_12_17_00_chunk1.json,False,False,"once you get some of the furans that you get from hydrolyzing biomass, you can turn those into monomer building blocks",Extends the polymer idea by suggesting a specific indirect route via biomass.,we could be talking about electrochemical approaches to chiral synthesis
2020_11_05_NES_S4,2020NES,NES_S4,12,extends_existing_idea,on_table_idea,False,,49,Charles McCrory,09:51-10:01,4_Beyond_CO2_Zoom_Meeting_2020_11_05_12_17_00_chunk1.json,47,Charles McCrory,08:31-08:55,4_Beyond_CO2_Zoom_Meeting_2020_11_05_12_17_00_chunk1.json,True,False,there's also the diol oxidation chemistry,Adds another specific chemical pathway to the ongoing list.,I think the one stat that I remember from there was the decarbonizing polymerization chemistry
2020_11_05_NES_S4,2020NES,NES_S4,13,extends_existing_idea,nearest_prior,False,,50,Charles McCrory,00:00-00:06,4_Beyond_CO2_Zoom_Meeting_2020_11_05_12_17_00_chunk2.json,49,Charles McCrory,09:51-10:01,4_Beyond_CO2_Zoom_Meeting_2020_11_05_12_17_00_chunk1.json,True,True,from some sort of oxalate CO2 CO2 coupling sort of intermediates.,Charles continues the previous discussion on specific chemical intermediates.,there's also the diol oxidation chemistry
2020_11_05_NES_S4,2020NES,NES_S4,14,extends_existing_idea,nearest_prior,False,,51,Sen Zhang,00:06-00:20,4_Beyond_CO2_Zoom_Meeting_2020_11_05_12_17_00_chunk2.json,50,Charles McCrory,00:00-00:06,4_Beyond_CO2_Zoom_Meeting_2020_11_05_12_17_00_chunk2.json,False,False,"Not just oxidation for fewer applications about the polymer building blocks, it can be also be reduced, right, and generate useful fuels directly",Sen expands the idea of polymer building blocks to include reduction for fuel generation.,from some sort of oxalate CO2 CO2 coupling sort of intermediates.
2020_11_05_NES_S4,2020NES,NES_S4,15,extends_existing_idea,on_table_idea,False,,54,Wilson Smith,00:56-02:39,4_Beyond_CO2_Zoom_Meeting_2020_11_05_12_17_00_chunk2.json,47,Charles McCrory,08:31-08:55,4_Beyond_CO2_Zoom_Meeting_2020_11_05_12_17_00_chunk1.json,False,True,"Beyond the chemistry, the mode of operation I think is really important in terms of flexibility and scale.",He builds on the life cycle discussion by introducing the mode of operation and scale as key factors.,I think the one stat that I remember from there was the decarbonizing polymerization chemistry
2020_11_05_NES_S4,2020NES,NES_S4,16,extends_existing_idea,named_speaker,True,Wilson Smith,55,Chong Liu,02:39-03:41,4_Beyond_CO2_Zoom_Meeting_2020_11_05_12_17_00_chunk2.json,54,Wilson Smith,00:56-02:39,4_Beyond_CO2_Zoom_Meeting_2020_11_05_12_17_00_chunk2.json,False,False,"The real question is when you want to using it, right? Do you want to use it right at the spot or you want to, and where you got those molecules?",Chong builds on Wilson's point about flexibility by adding the dimensions of time and location for chemical usage.,"Beyond the chemistry, the mode of operation I think is really important in terms of flexibility and scale."
2020_11_05_NES_S4,2020NES,NES_S4,17,extends_existing_idea,named_speaker,True,Marta Hatzell,57,Charles McCrory,04:42-05:51,4_Beyond_CO2_Zoom_Meeting_2020_11_05_12_17_00_chunk2.json,56,Marta Hatzell,03:41-04:41,4_Beyond_CO2_Zoom_Meeting_2020_11_05_12_17_00_chunk2.json,False,False,"I think figuring out how to do electrosynthetic transformations that are universal to wide varieties of synthetic processes is very useful because you're not targeting a specific molecule, but you're targeting methodology. even though the target molecule might be a small component, overall you're changing how an industry approaches that conversion. And so it's a big aggregate effect.",Charles builds on Marta's framing by suggesting a focus on universal methodology rather than specific molecules.,"there's two ways to think about what to make. One is the order of magnitude... But then there's the approach of we can do something, we know we can engineer something to do that task."
2020_11_05_NES_S4,2020NES,NES_S4,18,resolves_contradiction,nearest_prior,False,,57,Charles McCrory,04:42-05:51,4_Beyond_CO2_Zoom_Meeting_2020_11_05_12_17_00_chunk2.json,56,Marta Hatzell,03:41-04:41,4_Beyond_CO2_Zoom_Meeting_2020_11_05_12_17_00_chunk2.json,False,False,"I think figuring out how to do electrosynthetic transformations that are universal to wide varieties of synthetic processes is very useful because you're not targeting a specific molecule, but you're targeting methodology. even though the target molecule might be a small component, overall you're changing how an industry approaches that conversion. And so it's a big aggregate effect.","He resolves the tension between scale and feasibility by arguing that small, feasible changes can have a large aggregate impact.","there's two ways to think about what to make. One is the order of magnitude... But then there's the approach of we can do something, we know we can engineer something to do that task."
2020_11_05_NES_S4,2020NES,NES_S4,19,extends_existing_idea,named_speaker,True,Charles McCrory,58,Katie Knowles,05:51-06:57,4_Beyond_CO2_Zoom_Meeting_2020_11_05_12_17_00_chunk2.json,57,Charles McCrory,04:42-05:51,4_Beyond_CO2_Zoom_Meeting_2020_11_05_12_17_00_chunk2.json,False,False,"can we build electrodes or electrochemical systems that can do many different types of electrochemical transformations given the same electrochemical systems, given the same electrode basically.",Katie builds on Charles's idea of universal methodology by proposing the development of a universal electrode.,"I think figuring out how to do electrosynthetic transformations that are universal to wide varieties of synthetic processes is very useful because you're not targeting a specific molecule, but you're targeting methodology. even though the target molecule might be a small component, overall you're changing how an industry approaches that conversion. And so it's a big aggregate effect."
2020_11_05_NES_S4,2020NES,NES_S4,20,extends_existing_idea,on_table_idea,False,,59,Wilson Smith,06:58-08:26,4_Beyond_CO2_Zoom_Meeting_2020_11_05_12_17_00_chunk2.json,58,Katie Knowles,05:51-06:57,4_Beyond_CO2_Zoom_Meeting_2020_11_05_12_17_00_chunk2.json,False,False,"the integration is going to be where I think electrochemistry will win. Is if we can integrate with existing processes that are already very, very efficient",He extends the discussion on system design by emphasizing the importance of integrating with existing efficient processes.,"can we build electrodes or electrochemical systems that can do many different types of electrochemical transformations given the same electrochemical systems, given the same electrode basically."
2020_11_05_NES_S4,2020NES,NES_S4,21,combines_ideas,on_table_idea,False,,61,Charles McCrory,08:30-09:11,4_Beyond_CO2_Zoom_Meeting_2020_11_05_12_17_00_chunk2.json,58,Katie Knowles,05:51-06:57,4_Beyond_CO2_Zoom_Meeting_2020_11_05_12_17_00_chunk2.json,False,False,"integrating the electrochemical system with the biological system. Instead of doing direct bioelectrocatalysis, doing the sort of the feedstock synthesis and then using that biological feed synthesis Building off of what Katie and Wilson and earlier what Michael said... what's cool about that is it gets back to what Katie said, is that that could be used for basically any enzymatic system.",Charles combines the idea of electrochemical feedstock synthesis with biological enzymatic systems.,"can we build electrodes or electrochemical systems that can do many different types of electrochemical transformations given the same electrochemical systems, given the same electrode basically."
2020_11_05_NES_S4,2020NES,NES_S4,22,synthesizes_contributions,named_speaker,True,Katie Knowles,61,Charles McCrory,08:30-09:11,4_Beyond_CO2_Zoom_Meeting_2020_11_05_12_17_00_chunk2.json,59,Wilson Smith,06:58-08:26,4_Beyond_CO2_Zoom_Meeting_2020_11_05_12_17_00_chunk2.json,False,False,"integrating the electrochemical system with the biological system. Instead of doing direct bioelectrocatalysis, doing the sort of the feedstock synthesis and then using that biological feed synthesis Building off of what Katie and Wilson and earlier what Michael said... what's cool about that is it gets back to what Katie said, is that that could be used for basically any enzymatic system.","He explicitly synthesizes points made by Katie, Wilson, and Michael to propose a unified approach.","the integration is going to be where I think electrochemistry will win. Is if we can integrate with existing processes that are already very, very efficient"
2020_11_05_NES_S4,2020NES,NES_S4,23,extends_existing_idea,nearest_prior,False,,63,Marta Hatzell,09:24-10:00,4_Beyond_CO2_Zoom_Meeting_2020_11_05_12_17_00_chunk2.json,61,Charles McCrory,08:30-09:11,4_Beyond_CO2_Zoom_Meeting_2020_11_05_12_17_00_chunk2.json,False,False,"you can make hydrogen and, you know, hydrogen is a good electron donor that you can put into a lot of processes.",She extends the discussion on integration by suggesting hydrogen as a versatile electron donor for various processes.,"integrating the electrochemical system with the biological system. Instead of doing direct bioelectrocatalysis, doing the sort of the feedstock synthesis and then using that biological feed synthesis Building off of what Katie and Wilson and earlier what Michael said... what's cool about that is it gets back to what Katie said, is that that could be used for basically any enzymatic system."
2020_11_05_NES_S4,2020NES,NES_S4,24,critiques_or_challenges,on_table_idea,False,,67,Marta Hatzell,01:18-01:25,4_Beyond_CO2_Zoom_Meeting_2020_11_05_12_17_00_chunk3.json,57,Charles McCrory,04:42-05:51,4_Beyond_CO2_Zoom_Meeting_2020_11_05_12_17_00_chunk2.json,False,True,"you could do that as well, but I haven't seen strong universal results with that.",Marta mildly challenges the viability of the approach by noting a lack of strong results in the literature.,"I think figuring out how to do electrosynthetic transformations that are universal to wide varieties of synthetic processes is very useful because you're not targeting a specific molecule, but you're targeting methodology. even though the target molecule might be a small component, overall you're changing how an industry approaches that conversion. And so it's a big aggregate effect."
2020_11_05_NES_S4,2020NES,NES_S4,25,extends_existing_idea,on_table_idea,False,,71,Nanette Boyle,02:58-03:15,4_Beyond_CO2_Zoom_Meeting_2020_11_05_12_17_00_chunk3.json,61,Charles McCrory,08:30-09:11,4_Beyond_CO2_Zoom_Meeting_2020_11_05_12_17_00_chunk2.json,False,True,You don't have to be limited to organisms cause there's a lot of cell-free systems at the moment that could use the electron donors from an electrode.,Nanette expands the biological integration idea to include cell-free enzyme systems.,"integrating the electrochemical system with the biological system. Instead of doing direct bioelectrocatalysis, doing the sort of the feedstock synthesis and then using that biological feed synthesis Building off of what Katie and Wilson and earlier what Michael said... what's cool about that is it gets back to what Katie said, is that that could be used for basically any enzymatic system."
2020_11_05_NES_S4,2020NES,NES_S4,26,returns_to_earlier_idea,named_speaker,True,Michael Nippe,73,Nanette Boyle,03:18-03:24,4_Beyond_CO2_Zoom_Meeting_2020_11_05_12_17_00_chunk3.json,40,Michael Nippe,00:00-01:40,4_Beyond_CO2_Zoom_Meeting_2020_11_05_12_17_00_chunk1.json,False,True,Yeah. And I think that's what Michael said earlier about like just producing the NADH to recycle.,Nanette connects her point back to a specific mechanism Michael mentioned previously.,we could be talking about electrochemical approaches to chiral synthesis
2020_11_05_NES_S4,2020NES,NES_S4,27,redirects_idea,on_table_idea,False,,75,Michael Nippe,03:27-04:53,4_Beyond_CO2_Zoom_Meeting_2020_11_05_12_17_00_chunk3.json,34,Marta Hatzell,03:28-04:57,4_Beyond_CO2_Zoom_Meeting_2020_11_05_11_59_04_chunk2.json,False,True,"most of the reactions and I think that's just how like all of us in the field think are reduction reactions... Can we think about exciting oxidation reactions that could actually be, you know, at some sort of scale?",Michael explicitly pivots the group's brainstorming from reductive chemistry to oxidative chemistry.,"looking at like direct nitrogen oxidation, so you can skip the nitrogen to ammonia I'm hesitant to say that it's the end-all molecule for all applications."
2020_11_05_NES_S4,2020NES,NES_S4,28,extends_existing_idea,named_speaker,True,Michael Nippe,76,Wilson Smith,04:53-05:51,4_Beyond_CO2_Zoom_Meeting_2020_11_05_12_17_00_chunk3.json,75,Michael Nippe,03:27-04:53,4_Beyond_CO2_Zoom_Meeting_2020_11_05_12_17_00_chunk3.json,False,False,"I think to think of the reaction, I think even taking a step back from that, we should just think of what are the feedstocks.",Wilson builds on Michael's prompt by suggesting a framework (feedstocks) for finding the oxidation reactions.,"most of the reactions and I think that's just how like all of us in the field think are reduction reactions... Can we think about exciting oxidation reactions that could actually be, you know, at some sort of scale?"
2020_11_05_NES_S4,2020NES,NES_S4,29,extends_existing_idea,on_table_idea,False,,82,Wilson Smith,07:30-08:07,4_Beyond_CO2_Zoom_Meeting_2020_11_05_12_17_00_chunk3.json,75,Michael Nippe,03:27-04:53,4_Beyond_CO2_Zoom_Meeting_2020_11_05_12_17_00_chunk3.json,False,False,"we can actually expand some of the existing chemistries because water oxidation you're saying is very ubiquitous... but if you give it about an extra half volt to almost a full volt, you make water to peroxide.",Wilson builds on the oxidation theme by suggesting a modification to a standard reaction to produce a higher-value product.,"most of the reactions and I think that's just how like all of us in the field think are reduction reactions... Can we think about exciting oxidation reactions that could actually be, you know, at some sort of scale?"
2020_11_05_NES_S4,2020NES,NES_S4,30,returns_to_earlier_idea,on_table_idea,False,,83,Michael Nippe,08:08-08:51,4_Beyond_CO2_Zoom_Meeting_2020_11_05_12_17_00_chunk3.json,75,Michael Nippe,03:27-04:53,4_Beyond_CO2_Zoom_Meeting_2020_11_05_12_17_00_chunk3.json,True,False,"earlier we were talking CO2 to polymer... polycarbonates are huge, right? you do ethylene to epoxide, you can run that either aerobically or electrochemically... there is also an oxidation step in there.",Michael connects the current oxidation brainstorm back to the polymer discussion from a previous chunk.,"most of the reactions and I think that's just how like all of us in the field think are reduction reactions... Can we think about exciting oxidation reactions that could actually be, you know, at some sort of scale?"
2020_11_05_NES_S4,2020NES,NES_S4,31,combines_ideas,on_table_idea,False,,83,Michael Nippe,08:08-08:51,4_Beyond_CO2_Zoom_Meeting_2020_11_05_12_17_00_chunk3.json,46,Adam Holewinski,06:54-08:30,4_Beyond_CO2_Zoom_Meeting_2020_11_05_12_17_00_chunk1.json,False,True,"earlier we were talking CO2 to polymer... polycarbonates are huge, right? you do ethylene to epoxide, you can run that either aerobically or electrochemically... there is also an oxidation step in there.",He integrates the need for oxidation steps into the polymer synthesis pathway.,since no single commodity chemical is gonna make a giant dent... the number was still small
2020_11_05_NES_S4,2020NES,NES_S4,32,synthesizes_contributions,on_table_idea,False,,84,Jordi Cabana,08:51-09:47,4_Beyond_CO2_Zoom_Meeting_2020_11_05_12_17_00_chunk3.json,57,Charles McCrory,04:42-05:51,4_Beyond_CO2_Zoom_Meeting_2020_11_05_12_17_00_chunk2.json,False,True,I'm starting to hear kind of like two boxes where you're putting things... one is creative things beyond CO2... the other one is chemical transformations that prevent the use of fossil fuels,Jordi attempts to organize the divergent brainstorm into two distinct strategic categories.,"I think figuring out how to do electrosynthetic transformations that are universal to wide varieties of synthetic processes is very useful because you're not targeting a specific molecule, but you're targeting methodology. even though the target molecule might be a small component, overall you're changing how an industry approaches that conversion. And so it's a big aggregate effect."
2020_11_05_NES_S4,2020NES,NES_S4,33,extends_existing_idea,named_speaker,True,Jordi Cabana,85,Adam Holewinski,09:48-10:00,4_Beyond_CO2_Zoom_Meeting_2020_11_05_12_17_00_chunk3.json,84,Jordi Cabana,08:51-09:47,4_Beyond_CO2_Zoom_Meeting_2020_11_05_12_17_00_chunk3.json,False,False,"I mean I guess there's kind of the circuitous route of the sequestration, so like biomass came up a few times where we're still absorbing CO2 from the air","Adam adds a third 'box' to Jordi's synthesis, incorporating the biomass ideas discussed earlier.",I'm starting to hear kind of like two boxes where you're putting things... one is creative things beyond CO2... the other one is chemical transformations that prevent the use of fossil fuels
2020_11_05_NES_S4,2020NES,NES_S4,34,combines_ideas,on_table_idea,False,,95,Jordi Cabana,03:40-04:11,4_Beyond_CO2_Zoom_Meeting_2020_11_05_12_17_00_chunk4.json,57,Charles McCrory,04:42-05:51,4_Beyond_CO2_Zoom_Meeting_2020_11_05_12_17_00_chunk2.json,False,True,"methane is a greenhouse gas and it's a very difficult molecule to activate, but then you can activate it to do an organic transformation that then prevents you from having to use fossil fuels?",Jordi combines the goal of greenhouse gas mitigation with the idea of organic transformations.,"I think figuring out how to do electrosynthetic transformations that are universal to wide varieties of synthetic processes is very useful because you're not targeting a specific molecule, but you're targeting methodology. even though the target molecule might be a small component, overall you're changing how an industry approaches that conversion. And so it's a big aggregate effect."
2020_11_05_NES_S4,2020NES,NES_S4,35,extends_existing_idea,on_table_idea,False,,96,Katie Knowles,04:11-04:33,4_Beyond_CO2_Zoom_Meeting_2020_11_05_12_17_00_chunk4.json,32,Charles McCrory,01:25-02:27,4_Beyond_CO2_Zoom_Meeting_2020_11_05_11_59_04_chunk2.json,False,True,"you can use CO2 as your feedstock to, right, if you can activate CO2, go CO2 to some C2 product or something like that",Extends the logic of methane activation to CO2 activation for feedstock production.,doing that as low temperature ammonia synthesis... low temperature hydrogenation for distributed ammonia
2020_11_05_NES_S4,2020NES,NES_S4,36,raises_concern,on_table_idea,False,,98,Charles McCrory,04:41-04:43,4_Beyond_CO2_Zoom_Meeting_2020_11_05_12_17_00_chunk4.json,96,Katie Knowles,04:11-04:33,4_Beyond_CO2_Zoom_Meeting_2020_11_05_12_17_00_chunk4.json,False,False,Methane activation is really hard.,Charles bluntly states the fundamental difficulty of the proposed idea.,"you can use CO2 as your feedstock to, right, if you can activate CO2, go CO2 to some C2 product or something like that"
2020_11_05_NES_S4,2020NES,NES_S4,37,redirects_idea,on_table_idea,False,,106,Chong Liu,06:06-07:28,4_Beyond_CO2_Zoom_Meeting_2020_11_05_12_17_00_chunk4.json,96,Katie Knowles,04:11-04:33,4_Beyond_CO2_Zoom_Meeting_2020_11_05_12_17_00_chunk4.json,False,False,"it really depends on what scenario you're looking at. You want to mitigate excessive methane like flaring, or you want to use bulk methane as a chemical feedstock",Chong reframes the methane problem by splitting it into two distinct use cases with different constraints.,"you can use CO2 as your feedstock to, right, if you can activate CO2, go CO2 to some C2 product or something like that"
2020_11_05_NES_S4,2020NES,NES_S4,38,extends_existing_idea,on_table_idea,False,,107,Carlos Morales-Guio,07:28-08:07,4_Beyond_CO2_Zoom_Meeting_2020_11_05_12_17_00_chunk4.json,75,Michael Nippe,03:27-04:53,4_Beyond_CO2_Zoom_Meeting_2020_11_05_12_17_00_chunk3.json,False,True,"if you start from methane there is no really need to stop in the first step... you can always make hydrogen, take that carbon dioxide and then pipe that carbon dioxide into all these different technologies",Carlos suggests that complete oxidation to CO2 and H2 might be acceptable if coupled with downstream CO2 utilization.,"most of the reactions and I think that's just how like all of us in the field think are reduction reactions... Can we think about exciting oxidation reactions that could actually be, you know, at some sort of scale?"
2020_11_05_NES_S4,2020NES,NES_S4,39,extends_existing_idea,on_table_idea,False,,109,Chong Liu,08:20-09:17,4_Beyond_CO2_Zoom_Meeting_2020_11_05_12_17_00_chunk4.json,106,Chong Liu,06:06-07:28,4_Beyond_CO2_Zoom_Meeting_2020_11_05_12_17_00_chunk4.json,True,False,another thing I want to point out is where to get those methane. The flaring happens... because it's not economical enough to build gas pipeline,"Chong returns to his point about flaring, emphasizing the economic and infrastructure constraints.","it really depends on what scenario you're looking at. You want to mitigate excessive methane like flaring, or you want to use bulk methane as a chemical feedstock"
2020_11_05_NES_S4,2020NES,NES_S4,40,synthesizes_contributions,named_speaker,True,Chong Liu,110,Adam Holewinski,09:17-09:30,4_Beyond_CO2_Zoom_Meeting_2020_11_05_12_17_00_chunk4.json,109,Chong Liu,08:20-09:17,4_Beyond_CO2_Zoom_Meeting_2020_11_05_12_17_00_chunk4.json,False,False,So is the wish list chemistry methane to methanol at ambient conditions where you could do it at a distributed scale? Would that be fair to characterize that?,Adam synthesizes Chong's points into a concise 'wish list' target for the group.,another thing I want to point out is where to get those methane. The flaring happens... because it's not economical enough to build gas pipeline
2020_11_05_NES_S4,2020NES,NES_S4,41,critiques_or_challenges,named_speaker,True,Adam Holewinski,111,Chong Liu,09:30-09:37,4_Beyond_CO2_Zoom_Meeting_2020_11_05_12_17_00_chunk4.json,110,Adam Holewinski,09:17-09:30,4_Beyond_CO2_Zoom_Meeting_2020_11_05_12_17_00_chunk4.json,False,False,If you ask me I'm not sure methanol is the right chemical to make... but at least C1 chemistry is right.,"Chong slightly corrects Adam's summary, noting that methanol specifically might not be the best target, but C1 chemistry broadly is.",So is the wish list chemistry methane to methanol at ambient conditions where you could do it at a distributed scale? Would that be fair to characterize that?
2020_11_05_NES_S4,2020NES,NES_S4,42,returns_to_earlier_idea,named_speaker,True,Daniel Yawitz,114,Charles McCrory,09:47-10:00,4_Beyond_CO2_Zoom_Meeting_2020_11_05_12_17_00_chunk4.json,93,Daniel Yawitz,01:37-02:46,4_Beyond_CO2_Zoom_Meeting_2020_11_05_12_17_00_chunk4.json,False,False,"So I think others raised this before and I know this is the big question, but it is the idea that if it's not a direct taking a greenhouse gas from the atmosphere converting to something it's not interesting. I think that's short-sighted",Charles returns to Daniel's earlier question about direct vs. indirect emissions mitigation.,"tying it back to the negative emissions goal, I've been trying to kind of bucket what I'm hearing"
2020_11_05_NES_S4,2020NES,NES_S4,43,critiques_or_challenges,on_table_idea,False,,114,Charles McCrory,09:47-10:00,4_Beyond_CO2_Zoom_Meeting_2020_11_05_12_17_00_chunk4.json,75,Michael Nippe,03:27-04:53,4_Beyond_CO2_Zoom_Meeting_2020_11_05_12_17_00_chunk3.json,False,True,"So I think others raised this before and I know this is the big question, but it is the idea that if it's not a direct taking a greenhouse gas from the atmosphere converting to something it's not interesting. I think that's short-sighted",Critiques the perspective that only direct negative emissions are valuable.,"most of the reactions and I think that's just how like all of us in the field think are reduction reactions... Can we think about exciting oxidation reactions that could actually be, you know, at some sort of scale?"
2020_11_05_NES_S4,2020NES,NES_S4,44,synthesizes_contributions,named_speaker,True,Daniel Yawitz,118,Jordi Cabana,03:26-03:48,4_Beyond_CO2_Zoom_Meeting_2020_11_05_12_17_00_chunk5.json,93,Daniel Yawitz,01:37-02:46,4_Beyond_CO2_Zoom_Meeting_2020_11_05_12_17_00_chunk4.json,False,True,So the way that I hear this is that there's an opportunity gap that nobody seems to be filling. there seems to be an opportunity gap and they want to give you the motivation to jump on it basically.,Jordi summarizes Daniel's long explanation into a concise takeaway for the group.,"tying it back to the negative emissions goal, I've been trying to kind of bucket what I'm hearing"
2020_11_05_NES_S4,2020NES,NES_S4,45,raises_concern,on_table_idea,False,,119,Adam Holewinski,03:48-05:02,4_Beyond_CO2_Zoom_Meeting_2020_11_05_12_17_00_chunk5.json,93,Daniel Yawitz,01:37-02:46,4_Beyond_CO2_Zoom_Meeting_2020_11_05_12_17_00_chunk4.json,False,True,"if the question is we really need to, negative emission is the only answer, then the beyond CO2 conversation we're having here is kind of moot",He raises a concern that the group's focus on non-CO2 gases might be irrelevant if negative emissions of CO2 are the only viable path.,"tying it back to the negative emissions goal, I've been trying to kind of bucket what I'm hearing"
2020_11_05_NES_S4,2020NES,NES_S4,46,resolves_contradiction,named_speaker,True,Adam Holewinski,120,Daniel Yawitz,05:02-06:15,4_Beyond_CO2_Zoom_Meeting_2020_11_05_12_17_00_chunk5.json,119,Adam Holewinski,03:48-05:02,4_Beyond_CO2_Zoom_Meeting_2020_11_05_12_17_00_chunk5.json,False,False,"So CO2 is the biggest one, but methane's big and other ones are big too. So the direct air capture of methane is a pet topic of ours.",He resolves Adam's concern by confirming that non-CO2 gases are still highly relevant to the negative emissions goal.,"if the question is we really need to, negative emission is the only answer, then the beyond CO2 conversation we're having here is kind of moot"
2020_11_05_NES_S4,2020NES,NES_S4,47,extends_existing_idea,on_table_idea,False,,121,Charles McCrory,06:15-06:28,4_Beyond_CO2_Zoom_Meeting_2020_11_05_12_17_00_chunk5.json,93,Daniel Yawitz,01:37-02:46,4_Beyond_CO2_Zoom_Meeting_2020_11_05_12_17_00_chunk4.json,False,True,"stuff like sustainable ammonia, the only way that becomes negative emissions is if you're not doing N2, but you're doing something like NOx and doing NOx reduction to ammonia.",Charles applies the newly clarified concept of negative emissions to the previously discussed topic of ammonia synthesis.,"tying it back to the negative emissions goal, I've been trying to kind of bucket what I'm hearing"
2020_11_05_NES_S4,2020NES,NES_S4,48,synthesizes_contributions,on_table_idea,False,,126,Marta Hatzell,06:51-07:58,4_Beyond_CO2_Zoom_Meeting_2020_11_05_12_17_00_chunk5.json,120,Daniel Yawitz,05:02-06:15,4_Beyond_CO2_Zoom_Meeting_2020_11_05_12_17_00_chunk5.json,False,False,"most of our ideas ended up being now what we're bucketing as mitigation strategies... it seems like the methane activation, direct air capture of alternative greenhouse gases, those are maybe the only ones that I've really captured.",Marta summarizes the group's ideas and categorizes them based on the recent discussion.,"So CO2 is the biggest one, but methane's big and other ones are big too. So the direct air capture of methane is a pet topic of ours."
2020_11_05_NES_S4,2020NES,NES_S4,49,redirects_idea,nearest_prior,False,,128,Marta Hatzell,08:32-08:49,4_Beyond_CO2_Zoom_Meeting_2020_11_05_12_17_00_chunk5.json,127,Carlos Morales-Guio,07:58-08:32,4_Beyond_CO2_Zoom_Meeting_2020_11_05_12_17_00_chunk5.json,False,False,"but it's an interesting point to... in terms of like adsorbents, new adsorbents for other greenhouse gases maybe, I think that falls under.",She redirects the core concept (new adsorbents) to fit within their required scope of non-CO2 gases.,there are also ways where you can use electrochemistry to change the pH and then that way you can actually displace that equilibrium where CO2 is absorbed to the amines.
2020_11_05_NES_S4,2020NES,NES_S4,50,combines_ideas,on_table_idea,False,,130,Chong Liu,09:17-09:32,4_Beyond_CO2_Zoom_Meeting_2020_11_05_12_17_00_chunk5.json,120,Daniel Yawitz,05:02-06:15,4_Beyond_CO2_Zoom_Meeting_2020_11_05_12_17_00_chunk5.json,False,False,"if I grow bacteria in a solution and then they just capture ambient methane and power by that, does that count as direct air capture?",Chong combines the earlier idea of biological systems with the newly emphasized goal of direct air capture of methane.,"So CO2 is the biggest one, but methane's big and other ones are big too. So the direct air capture of methane is a pet topic of ours."
2020_11_05_NES_S4,2020NES,NES_S4,51,synthesizes_contributions,on_table_idea,False,,134,Jordi Cabana,00:00-00:15,4_Beyond_CO2_Zoom_Meeting_2020_11_05_12_17_00_chunk6.json,130,Chong Liu,09:17-09:32,4_Beyond_CO2_Zoom_Meeting_2020_11_05_12_17_00_chunk5.json,False,True,"you could potentially turn it into a useful chemical, then that that's more second bucket",Jordi synthesizes previous points about methane conversion into the established 'second bucket' category.,"if I grow bacteria in a solution and then they just capture ambient methane and power by that, does that count as direct air capture?"
2020_11_05_NES_S4,2020NES,NES_S4,52,extends_existing_idea,on_table_idea,False,,136,Charles McCrory,00:20-01:02,4_Beyond_CO2_Zoom_Meeting_2020_11_05_12_17_00_chunk6.json,96,Katie Knowles,04:11-04:33,4_Beyond_CO2_Zoom_Meeting_2020_11_05_12_17_00_chunk4.json,False,True,there are a couple of different pathways to bio chemical or bio electrocatalytic mitigation,"Charles expands on the biological approach, noting its versatility beyond just methane.","you can use CO2 as your feedstock to, right, if you can activate CO2, go CO2 to some C2 product or something like that"
2020_11_05_NES_S4,2020NES,NES_S4,53,extends_existing_idea,named_speaker,True,Adam Holewinski,139,Jordi Cabana,02:17-02:21,4_Beyond_CO2_Zoom_Meeting_2020_11_05_12_17_00_chunk6.json,138,Adam Holewinski,01:20-02:17,4_Beyond_CO2_Zoom_Meeting_2020_11_05_12_17_00_chunk6.json,False,False,Especially if methane is even more dilute than CO2,Jordi builds on Adam's point about dilute sources by applying it specifically to methane.,do we really want to be thinking about what's viable for you know taking the dilute dilute greenhouse gases out of the air
2020_11_05_NES_S4,2020NES,NES_S4,54,returns_to_earlier_idea,on_table_idea,False,,143,Katie Knowles,02:37-03:06,4_Beyond_CO2_Zoom_Meeting_2020_11_05_12_17_00_chunk6.json,130,Chong Liu,09:17-09:32,4_Beyond_CO2_Zoom_Meeting_2020_11_05_12_17_00_chunk5.json,False,True,thinking back to what someone said something about the amines that adsorb CO2,Katie brings back an earlier point about amine-based capture to connect it to the current discussion.,"if I grow bacteria in a solution and then they just capture ambient methane and power by that, does that count as direct air capture?"
2021_10_08_CMC_S11,2021CMC,CMC_S11,0,extends_existing_idea,named_speaker,True,Wenjing Wang,58,Stefano Di Talia,08:16-09:02,B3_2021_10_08_13_01_43_chunk2.json,52,Wenjing Wang,06:13-07:09,B3_2021_10_08_13_01_43_chunk2.json,False,False,this builds off a little bit what Wenjing was mentioning about embryos are there gonna be really principles or ways to think about how to link shape and size to what is the underlying self-organized mechanism,Stefano explicitly connects his idea to the topic Wenjing just raised.,how much room for mistakes is allowed in this process... is there a way that we can perturb this certain process... to see what would be required or necessary
2021_10_08_CMC_S11,2021CMC,CMC_S11,1,connects_methods,nearest_prior,False,,69,Davide Donadio,00:58-01:34,B3_2021_10_08_13_01_43_chunk3.json,63,Gulcin Pekkurnaz,00:00-00:30,B3_2021_10_08_13_01_43_chunk3.json,False,False,if we can think of ways of porting non-equilibrium molecular dynamics methods... to the mesoscale porting non-equilibrium molecular dynamics methods... to probe self-organization at the cellular relevant scales,He connects a physics/chemistry method to a biological scale.,what is self? then can we say one cell is self? But or one when we talk about multicellular unit that whole unit is a self
2021_10_08_CMC_S11,2021CMC,CMC_S11,2,synthesizes_contributions,on_table_idea,True,Kathryn Haas,78,Rigoberto Hernandez,05:32-06:09,B3_2021_10_08_13_01_43_chunk3.json,75,Taras Pogorelov,03:34-04:21,B3_2021_10_08_13_01_43_chunk3.json,False,False,"we're interested in how different parts are signaling each other. But the question is how do they, what is it that's a signal?",Rigoberto synthesizes Kathryn's question with the broader group interest in signaling.,"to see how the noisy environment, how basically signaling networks can function in noisy environment of the cell"
2021_10_08_CMC_S11,2021CMC,CMC_S11,3,extends_existing_idea,named_speaker,True,Wenjing Wang,82,Gulcin Pekkurnaz,07:25-07:43,B3_2021_10_08_13_01_43_chunk3.json,52,Wenjing Wang,06:13-07:09,B3_2021_10_08_13_01_43_chunk2.json,False,True,"But then that brings us to unknown unknowns. So we are, if we say signal is something that triggers response, so we're limited with what we can identify as response.",Gulcin builds on Wenjing's definition by pointing out the limitation of only defining signals by known responses.,how much room for mistakes is allowed in this process... is there a way that we can perturb this certain process... to see what would be required or necessary
2021_10_08_CMC_S11,2021CMC,CMC_S11,4,synthesizes_contributions,on_table_idea,False,,84,Rigoberto Hernandez,07:47-08:08,B3_2021_10_08_13_01_43_chunk3.json,82,Gulcin Pekkurnaz,07:25-07:43,B3_2021_10_08_13_01_43_chunk3.json,False,False,So I like this idea that signal has to be coupled with response.,Rigoberto synthesizes the emerging consensus that a signal is defined by its response.,"But then that brings us to unknown unknowns. So we are, if we say signal is something that triggers response, so we're limited with what we can identify as response."
2021_10_08_CMC_S11,2021CMC,CMC_S11,5,extends_existing_idea,on_table_idea,False,,85,Kathryn Haas,08:09-08:56,B3_2021_10_08_13_01_43_chunk3.json,82,Gulcin Pekkurnaz,07:25-07:43,B3_2021_10_08_13_01_43_chunk3.json,False,False,if a signal is not received... I could imagine a disease state where a signal is not being received appropriately and so therefore is it not a signal?,Kathryn extends the analogy to a biological context (disease states) to challenge the definition.,"But then that brings us to unknown unknowns. So we are, if we say signal is something that triggers response, so we're limited with what we can identify as response."
2021_10_08_CMC_S11,2021CMC,CMC_S11,6,synthesizes_contributions,on_table_idea,False,,92,Gulcin Pekkurnaz,02:14-03:13,B3_2021_10_08_13_01_43_chunk4.json,75,Taras Pogorelov,03:34-04:21,B3_2021_10_08_13_01_43_chunk3.json,False,True,"We talked about molecular crowding... bioelectrical signals, chemical gradients... mechanical, so it should be both if the cell shape is changing, that itself is going to have impact and it's going to create some kind of signal",Brings together multiple signaling modalities discussed by the group into a single framework.,"to see how the noisy environment, how basically signaling networks can function in noisy environment of the cell"
2021_10_08_CMC_S11,2021CMC,CMC_S11,7,extends_existing_idea,on_table_idea,False,,92,Gulcin Pekkurnaz,02:14-03:13,B3_2021_10_08_13_01_43_chunk4.json,75,Taras Pogorelov,03:34-04:21,B3_2021_10_08_13_01_43_chunk3.json,False,True,"We talked about molecular crowding... bioelectrical signals, chemical gradients... mechanical, so it should be both if the cell shape is changing, that itself is going to have impact and it's going to create some kind of signal",Extends the idea of mechanical signaling to include passive cell shape changes.,"to see how the noisy environment, how basically signaling networks can function in noisy environment of the cell"
2021_10_08_CMC_S11,2021CMC,CMC_S11,8,returns_to_earlier_idea,on_table_idea,False,,94,Wenjing Wang,03:29-04:50,B3_2021_10_08_13_01_43_chunk4.json,52,Wenjing Wang,06:13-07:09,B3_2021_10_08_13_01_43_chunk2.json,True,True,"my question is just how much space of the error, um, can be tolerated in the process",Returns to her earlier question about error tolerance during cell development.,how much room for mistakes is allowed in this process... is there a way that we can perturb this certain process... to see what would be required or necessary
2021_10_08_CMC_S11,2021CMC,CMC_S11,9,extends_existing_idea,on_table_idea,False,,98,Stefano Di Talia,05:12-06:57,B3_2021_10_08_13_01_43_chunk4.json,52,Wenjing Wang,06:13-07:09,B3_2021_10_08_13_01_43_chunk2.json,False,True,there's a great ability for the system to self-correct. There is also though a great precision that is already built in.,Extends the discussion on error tolerance by adding the concept of built-in precision.,how much room for mistakes is allowed in this process... is there a way that we can perturb this certain process... to see what would be required or necessary
2021_10_08_CMC_S11,2021CMC,CMC_S11,10,extends_existing_idea,on_table_idea,False,,99,Rigoberto Hernandez,06:58-07:25,B3_2021_10_08_13_01_43_chunk4.json,52,Wenjing Wang,06:13-07:09,B3_2021_10_08_13_01_43_chunk2.json,False,True,how faithful is growth to symmetry? And we know that most humans... are not perfectly symmetric.,Extends the idea of error correction to the concept of symmetry.,how much room for mistakes is allowed in this process... is there a way that we can perturb this certain process... to see what would be required or necessary
2021_10_08_CMC_S11,2021CMC,CMC_S11,11,synthesizes_contributions,on_table_idea,False,,103,Rigoberto Hernandez,08:58-09:58,B3_2021_10_08_13_01_43_chunk4.json,52,Wenjing Wang,06:13-07:09,B3_2021_10_08_13_01_43_chunk2.json,False,True,"if self-organization is important in biology, then when you see that it doesn't work or that it fails, then how important is it?",Synthesizes the discussion on failure rates back to the core question of self-organization's importance.,how much room for mistakes is allowed in this process... is there a way that we can perturb this certain process... to see what would be required or necessary
2021_10_08_CMC_S11,2021CMC,CMC_S11,12,extends_existing_idea,on_table_idea,False,,104,Stefano Di Talia,00:00-00:38,B3_2021_10_08_13_01_43_chunk5.json,73,Joshua Weinstein,02:23-03:31,B3_2021_10_08_13_01_43_chunk3.json,False,True,"the amount of control you need is too much, right? There must be some ability of the system to get to the right state without external instructions.",Stefano builds on the previous discussion about self-organization by arguing that biological systems must have internal mechanisms to reach the right state without external master regulators.,whether or not there's actually any sort of anything fundamental that one can connect between these two different types of phenomena
2021_10_08_CMC_S11,2021CMC,CMC_S11,13,critiques_or_challenges,on_table_idea,False,,106,Joshua Weinstein,00:51-02:04,B3_2021_10_08_13_01_43_chunk5.json,52,Wenjing Wang,06:13-07:09,B3_2021_10_08_13_01_43_chunk2.json,False,True,it's not obvious to me that one can simply supplant the attribute of robustness with the attribute of self-organization.,Joshua challenges the group's emerging consensus by questioning whether robustness and self-organization are truly interchangeable concepts.,how much room for mistakes is allowed in this process... is there a way that we can perturb this certain process... to see what would be required or necessary
2021_10_08_CMC_S11,2021CMC,CMC_S11,14,redirects_idea,on_table_idea,False,,109,Rigoberto Hernandez,04:02-04:18,B3_2021_10_08_13_01_43_chunk5.json,71,Yan Yu,01:39-02:19,B3_2021_10_08_13_01_43_chunk3.json,False,True,So maybe this leads to the question about how do we measure these spatial temporal processes.,Rigoberto actively shifts the conversation from conceptual definitions to the practical challenge of measurement.,how does a cell effectively regulate the crosstalk between multiple many signaling pathways
2021_10_08_CMC_S11,2021CMC,CMC_S11,15,synthesizes_contributions,named_speaker,True,Yan Yu,111,Rigoberto Hernandez,04:55-05:21,B3_2021_10_08_13_01_43_chunk5.json,71,Yan Yu,01:39-02:19,B3_2021_10_08_13_01_43_chunk3.json,False,True,"Yan, I think it was Yan who was trying to convince us all that the signals were changes... So if the signals are changes, then we really need a spatial temporal measurement",Rigoberto connects Yan's earlier conceptual point about signals being changes to the current discussion about measurement needs.,how does a cell effectively regulate the crosstalk between multiple many signaling pathways
2021_10_08_CMC_S11,2021CMC,CMC_S11,16,critiques_or_challenges,on_table_idea,False,,112,Yan Yu,05:22-07:03,B3_2021_10_08_13_01_43_chunk5.json,71,Yan Yu,01:39-02:19,B3_2021_10_08_13_01_43_chunk3.json,True,True,"The limitation also comes from the fact that you can look at the spatial and temporal changes of one molecule or two. But beyond that, you know, it's extremely hard to do",Yan points out a significant limitation of fluorescence imaging regarding its inability to track many molecules simultaneously.,how does a cell effectively regulate the crosstalk between multiple many signaling pathways
2021_10_08_CMC_S11,2021CMC,CMC_S11,17,extends_existing_idea,named_speaker,True,Yan Yu,113,Stefano Di Talia,07:04-07:34,B3_2021_10_08_13_01_43_chunk5.json,112,Yan Yu,05:22-07:03,B3_2021_10_08_13_01_43_chunk5.json,False,False,what might seem self-organized when you do an experiment looking at one signal might not be self-organized when you image many signals together So I guess it gets a bit to some of the questions that was raised before by Gulcin of how do you even call a signal self-organized.,"Stefano builds on Yan's point about the limitation of measuring single molecules, applying it back to the concept of self-organization.","The limitation also comes from the fact that you can look at the spatial and temporal changes of one molecule or two. But beyond that, you know, it's extremely hard to do"
2021_10_08_CMC_S11,2021CMC,CMC_S11,18,returns_to_earlier_idea,named_speaker,True,Gulcin Pekkurnaz,113,Stefano Di Talia,07:04-07:34,B3_2021_10_08_13_01_43_chunk5.json,92,Gulcin Pekkurnaz,02:14-03:13,B3_2021_10_08_13_01_43_chunk4.json,False,True,what might seem self-organized when you do an experiment looking at one signal might not be self-organized when you image many signals together So I guess it gets a bit to some of the questions that was raised before by Gulcin of how do you even call a signal self-organized.,Explicitly connects the current point back to a question raised earlier by Gulcin.,"We talked about molecular crowding... bioelectrical signals, chemical gradients... mechanical, so it should be both if the cell shape is changing, that itself is going to have impact and it's going to create some kind of signal"
2021_10_08_CMC_S11,2021CMC,CMC_S11,19,combines_ideas,named_speaker,True,Yan Yu,116,Wenjing Wang,07:55-08:44,B3_2021_10_08_13_01_43_chunk5.json,112,Yan Yu,05:22-07:03,B3_2021_10_08_13_01_43_chunk5.json,False,False,"look at these individual processes, look a lot of them across different cells and different time, and then use computational methods to kind of simulate them to find a way use computational methods to kind of simulate them... I guess that's what Taras... trying to do.",Wenjing proposes combining experimental imaging data with computational simulation to overcome the limitations Yan mentioned.,"The limitation also comes from the fact that you can look at the spatial and temporal changes of one molecule or two. But beyond that, you know, it's extremely hard to do"
2021_10_08_CMC_S11,2021CMC,CMC_S11,20,connects_methods,named_speaker,True,Taras Pogorelov,116,Wenjing Wang,07:55-08:44,B3_2021_10_08_13_01_43_chunk5.json,75,Taras Pogorelov,03:34-04:21,B3_2021_10_08_13_01_43_chunk3.json,False,True,"look at these individual processes, look a lot of them across different cells and different time, and then use computational methods to kind of simulate them to find a way use computational methods to kind of simulate them... I guess that's what Taras... trying to do.",Explicitly connects the experimental imaging challenge to the computational methods used by another participant (Taras).,"to see how the noisy environment, how basically signaling networks can function in noisy environment of the cell"
2021_10_08_CMC_S11,2021CMC,CMC_S11,21,extends_existing_idea,named_speaker,True,Wenjing Wang,118,Gulcin Pekkurnaz,08:48-10:00,B3_2021_10_08_13_01_43_chunk5.json,116,Wenjing Wang,07:55-08:44,B3_2021_10_08_13_01_43_chunk5.json,False,False,"going back to what Wenjing is saying, if we focus on these individual components and then maybe combining them is a way to start measuring some of these processes.",Gulcin builds directly on Wenjing's idea of combining individual components to measure complex processes.,"look at these individual processes, look a lot of them across different cells and different time, and then use computational methods to kind of simulate them to find a way use computational methods to kind of simulate them... I guess that's what Taras... trying to do."
2021_10_08_CMC_S11,2021CMC,CMC_S11,22,extends_existing_idea,nearest_prior,False,,119,Gulcin Pekkurnaz,00:00-00:27,B3_2021_10_08_13_01_43_chunk6.json,118,Gulcin Pekkurnaz,08:48-10:00,B3_2021_10_08_13_01_43_chunk5.json,True,True,"because one task has to be communicated between so many divisions, then it becomes a dysfunctional government.",Gulcin builds on her previous point about the complexity of cellular communication by using a 'dysfunctional government' analogy.,"going back to what Wenjing is saying, if we focus on these individual components and then maybe combining them is a way to start measuring some of these processes."
2021_10_08_CMC_S11,2021CMC,CMC_S11,23,redirects_idea,on_table_idea,False,,121,Davide Donadio,00:31-01:11,B3_2021_10_08_13_01_43_chunk6.json,69,Davide Donadio,00:58-01:34,B3_2021_10_08_13_01_43_chunk3.json,True,True,how would modeling support the research in this topic?,He shifts the conceptual focus from purely experimental biological questions to the role of theoretical modeling.,if we can think of ways of porting non-equilibrium molecular dynamics methods... to the mesoscale porting non-equilibrium molecular dynamics methods... to probe self-organization at the cellular relevant scales
2021_10_08_CMC_S11,2021CMC,CMC_S11,24,raises_concern,nearest_prior,False,,123,Davide Donadio,01:37-01:39,B3_2021_10_08_13_01_43_chunk6.json,121,Davide Donadio,00:31-01:11,B3_2021_10_08_13_01_43_chunk6.json,True,False,I don't know the problem well enough.,Davide expresses a limitation in his ability to answer due to a lack of domain knowledge.,how would modeling support the research in this topic?
2021_10_08_CMC_S11,2021CMC,CMC_S11,25,connects_methods,on_table_idea,False,,124,Stefano Di Talia,01:40-02:41,B3_2021_10_08_13_01_43_chunk6.json,62,Gulcin Pekkurnaz,09:40-10:00,B3_2021_10_08_13_01_43_chunk2.json,False,True,when you put together these sort of chemical models with mechanics... it becomes a mechanochemical model,He explicitly connects chemical modeling with mechanical properties to bridge theory and biology.,"when we talk about self-organization in biology, what is self? I mean self even for simple bacteria they behave as a group"
2021_10_08_CMC_S11,2021CMC,CMC_S11,26,synthesizes_contributions,on_table_idea,False,,130,Rigoberto Hernandez,03:18-04:53,B3_2021_10_08_13_01_43_chunk6.json,69,Davide Donadio,00:58-01:34,B3_2021_10_08_13_01_43_chunk3.json,False,True,"how big does a system have to be to have this sort of self-organization... to create signals based on its collective behavior rather than on individual agents for Gulcin's favorite question, what is self, you know, in order to know self, how big is it when there'll be enough signal to be able to recognize itself Does size matter? Simple question.","Rigoberto synthesizes the previous discussion on size scales, signaling, and collective behavior into a cohesive theoretical question.",if we can think of ways of porting non-equilibrium molecular dynamics methods... to the mesoscale porting non-equilibrium molecular dynamics methods... to probe self-organization at the cellular relevant scales
2021_10_08_CMC_S11,2021CMC,CMC_S11,27,extends_existing_idea,named_speaker,True,Rigoberto Hernandez,131,Joshua Weinstein,04:54-06:10,B3_2021_10_08_13_01_43_chunk6.json,130,Rigoberto Hernandez,03:18-04:53,B3_2021_10_08_13_01_43_chunk6.json,False,False,"you could define it across different time scales... any length scale or time scale on which determinism arises from what would otherwise be rare events, you should be able to have self-organization.",Joshua extends Rigoberto's question about size by adding the dimension of time and introducing the concept of determinism arising from rare events.,"how big does a system have to be to have this sort of self-organization... to create signals based on its collective behavior rather than on individual agents for Gulcin's favorite question, what is self, you know, in order to know self, how big is it when there'll be enough signal to be able to recognize itself Does size matter? Simple question."
2021_10_08_CMC_S11,2021CMC,CMC_S11,28,critiques_or_challenges,named_speaker,True,Joshua Weinstein,132,Davide Donadio,06:11-06:21,B3_2021_10_08_13_01_43_chunk6.json,131,Joshua Weinstein,04:54-06:10,B3_2021_10_08_13_01_43_chunk6.json,False,False,I'm surprised about the thought of anything deterministic. I'm always thinking that everything is stochastic. I don't believe in determinism.,Davide directly challenges Joshua's premise that self-organization relies on determinism.,"you could define it across different time scales... any length scale or time scale on which determinism arises from what would otherwise be rare events, you should be able to have self-organization."
2021_10_08_CMC_S11,2021CMC,CMC_S11,29,resolves_contradiction,named_speaker,True,Davide Donadio,134,Rigoberto Hernandez,06:46-07:18,B3_2021_10_08_13_01_43_chunk6.json,132,Davide Donadio,06:11-06:21,B3_2021_10_08_13_01_43_chunk6.json,False,False,"There was a deterministic driving force, but yet it's stochastic... there's a property you could predict was going to happen, which is kind of deterministic. So maybe it's not purely stochastic. The embryo is formed, the embryo becomes an animal... it's stochastic because it could be a different embryo. But there's a property you could predict",Rigoberto attempts to resolve the debate between Davide and Joshua by suggesting that biological systems exhibit both stochastic and deterministic properties simultaneously.,I'm surprised about the thought of anything deterministic. I'm always thinking that everything is stochastic. I don't believe in determinism.
2021_10_08_CMC_S11,2021CMC,CMC_S11,30,synthesizes_contributions,on_table_idea,False,,134,Rigoberto Hernandez,06:46-07:18,B3_2021_10_08_13_01_43_chunk6.json,132,Davide Donadio,06:11-06:21,B3_2021_10_08_13_01_43_chunk6.json,False,False,"There was a deterministic driving force, but yet it's stochastic... there's a property you could predict was going to happen, which is kind of deterministic. So maybe it's not purely stochastic. The embryo is formed, the embryo becomes an animal... it's stochastic because it could be a different embryo. But there's a property you could predict",Synthesizes the biological example of the embryo with the theoretical concepts of stochasticity and determinism.,I'm surprised about the thought of anything deterministic. I'm always thinking that everything is stochastic. I don't believe in determinism.
2021_10_08_CMC_S11,2021CMC,CMC_S11,31,critiques_or_challenges,named_speaker,True,Gulcin Pekkurnaz,136,Wenjing Wang,08:49-09:07,B3_2021_10_08_13_01_43_chunk6.json,135,Gulcin Pekkurnaz,07:19-08:48,B3_2021_10_08_13_01_43_chunk6.json,False,False,I want to argue against that the size of the neuron is so different.,Wenjing directly challenges Gulcin's premise that neurons are fundamentally different in size.,"if size matter that much, why neurons are the exception? ... maybe muscle cell is another example... if we look at their self-organization, then maybe we will really start understanding the principles"
2021_10_08_CMC_S11,2021CMC,CMC_S11,32,extends_existing_idea,on_table_idea,False,,138,Gulcin Pekkurnaz,00:00-00:31,B3_2021_10_08_13_01_43_chunk7.json,71,Yan Yu,01:39-02:19,B3_2021_10_08_13_01_43_chunk3.json,False,True,maybe this type of organization is bringing the efficiency maybe that's the next um uh thing for the cells,Builds on the previous discussion of cell size by suggesting efficiency as a driving factor.,how does a cell effectively regulate the crosstalk between multiple many signaling pathways
2021_10_08_CMC_S11,2021CMC,CMC_S11,33,synthesizes_contributions,on_table_idea,False,,140,Rigoberto Hernandez,00:45-01:08,B3_2021_10_08_13_01_43_chunk7.json,71,Yan Yu,01:39-02:19,B3_2021_10_08_13_01_43_chunk3.json,False,True,And is that a driver for size?,Connects the signaling limitation question back to the broader theme of cell size.,how does a cell effectively regulate the crosstalk between multiple many signaling pathways
2021_10_08_CMC_S11,2021CMC,CMC_S11,34,synthesizes_contributions,nearest_prior,False,,142,Rigoberto Hernandez,02:10-02:43,B3_2021_10_08_13_01_43_chunk7.json,140,Rigoberto Hernandez,00:45-01:08,B3_2021_10_08_13_01_43_chunk7.json,True,False,in the beginning we were sort of using um chemical or molecules as signals but now we're using electrons or electricity,Summarizes the two main types of signals the group has discussed.,And is that a driver for size?
2021_10_08_CMC_S11,2021CMC,CMC_S11,35,critiques_or_challenges,on_table_idea,False,,148,Stefano Di Talia,04:46-05:28,B3_2021_10_08_13_01_43_chunk7.json,135,Gulcin Pekkurnaz,07:19-08:48,B3_2021_10_08_13_01_43_chunk6.json,False,True,every time one talks about self organization everybody seems to have a slightly different understanding... I start to wonder if the concept is even useful anymore,Challenges the utility of the central term 'self-organization' due to its vagueness.,"if size matter that much, why neurons are the exception? ... maybe muscle cell is another example... if we look at their self-organization, then maybe we will really start understanding the principles"
2021_10_08_CMC_S11,2021CMC,CMC_S11,36,synthesizes_contributions,named_speaker,True,Stefano Di Talia,150,Rigoberto Hernandez,05:38-05:56,B3_2021_10_08_13_01_43_chunk7.json,148,Stefano Di Talia,04:46-05:28,B3_2021_10_08_13_01_43_chunk7.json,False,False,is the definition of self organization in the eye of the beholder at what scale does the cell need it and use it.,Translates Stefano's critique into a formal question for their presentation.,every time one talks about self organization everybody seems to have a slightly different understanding... I start to wonder if the concept is even useful anymore
2021_10_08_CMC_S11,2021CMC,CMC_S11,37,synthesizes_contributions,on_table_idea,False,,153,Rigoberto Hernandez,06:05-07:36,B3_2021_10_08_13_01_43_chunk7.json,140,Rigoberto Hernandez,00:45-01:08,B3_2021_10_08_13_01_43_chunk7.json,True,False,we had this idea of fluorescence... spatial temporal... measuring changes... what is the scaling law for the size of scales of size of cells and is it somehow connected to signaling,"Weaves together multiple threads from the session (measurement, spatiotemporal changes, cell size, scaling laws) into a cohesive summary.",And is that a driver for size?
2021_10_08_CMC_S11,2021CMC,CMC_S11,38,critiques_or_challenges,on_table_idea,False,,154,Davide Donadio,07:36-07:44,B3_2021_10_08_13_01_43_chunk7.json,153,Rigoberto Hernandez,06:05-07:36,B3_2021_10_08_13_01_43_chunk7.json,False,False,But then then you lose completely the chemical uh uh the chemical specificity right sometimes it matters.,Challenges the utility of a pure scaling law by pointing out it ignores chemical specificity.,we had this idea of fluorescence... spatial temporal... measuring changes... what is the scaling law for the size of scales of size of cells and is it somehow connected to signaling
2021_10_08_CMC_S11,2021CMC,CMC_S11,39,resolves_contradiction,on_table_idea,False,,155,Rigoberto Hernandez,07:44-07:49,B3_2021_10_08_13_01_43_chunk7.json,153,Rigoberto Hernandez,06:05-07:36,B3_2021_10_08_13_01_43_chunk7.json,True,False,The the specificity and the chemical comes in the prefactor,Attempts to reconcile the physics scaling law with the need for chemical specificity.,we had this idea of fluorescence... spatial temporal... measuring changes... what is the scaling law for the size of scales of size of cells and is it somehow connected to signaling
2021_10_08_CMC_S11,2021CMC,CMC_S11,40,critiques_or_challenges,named_speaker,True,Rigoberto Hernandez,156,Davide Donadio,07:49-08:08,B3_2021_10_08_13_01_43_chunk7.json,155,Rigoberto Hernandez,07:44-07:49,B3_2021_10_08_13_01_43_chunk7.json,False,False,I'm a physicist but I don't buy that.,Directly rejects Rigoberto's defense of the scaling law.,The the specificity and the chemical comes in the prefactor
2021_10_08_CMC_S11,2021CMC,CMC_S11,41,extends_existing_idea,nearest_prior,False,,164,Judith Su,00:00-00:35,B3_2021_10_08_13_01_43_chunk8.json,156,Davide Donadio,07:49-08:08,B3_2021_10_08_13_01_43_chunk7.json,False,True,you could probably do some modeling to get you know what is the diffusion over a particular length,She builds on the ongoing discussion about measurement limitations by proposing a specific combination of sensors and modeling.,I'm a physicist but I don't buy that.
2021_10_08_CMC_S11,2021CMC,CMC_S11,42,combines_ideas,on_table_idea,False,,165,Wenjing Wang,00:36-01:19,B3_2021_10_08_13_01_43_chunk8.json,118,Gulcin Pekkurnaz,08:48-10:00,B3_2021_10_08_13_01_43_chunk5.json,False,True,the different spectroscopy can capture different kind of resolution and then can integrate them together such as super resolution and just normal fluorescence,Wenjing proposes integrating different spectroscopic methods to capture varying levels of resolution.,"going back to what Wenjing is saying, if we focus on these individual components and then maybe combining them is a way to start measuring some of these processes."
2021_10_08_CMC_S11,2021CMC,CMC_S11,43,extends_existing_idea,on_table_idea,False,,165,Wenjing Wang,00:36-01:19,B3_2021_10_08_13_01_43_chunk8.json,118,Gulcin Pekkurnaz,08:48-10:00,B3_2021_10_08_13_01_43_chunk5.json,False,True,the different spectroscopy can capture different kind of resolution and then can integrate them together such as super resolution and just normal fluorescence,"She provides specific examples of the methods that could be integrated, building on the measurement discussion.","going back to what Wenjing is saying, if we focus on these individual components and then maybe combining them is a way to start measuring some of these processes."
2021_10_08_CMC_S11,2021CMC,CMC_S11,44,extends_existing_idea,on_table_idea,False,,166,Judith Su,01:20-01:43,B3_2021_10_08_13_01_43_chunk8.json,92,Gulcin Pekkurnaz,02:14-03:13,B3_2021_10_08_13_01_43_chunk4.json,False,True,or even chemosensitive probes that you might be able to get better resolution,She adds chemosensitive probes as another specific tool to address the resolution challenge.,"We talked about molecular crowding... bioelectrical signals, chemical gradients... mechanical, so it should be both if the cell shape is changing, that itself is going to have impact and it's going to create some kind of signal"
2021_10_08_CMC_S11,2021CMC,CMC_S11,45,extends_existing_idea,named_speaker,True,Judith Su,167,Rigoberto Hernandez,01:44-02:07,B3_2021_10_08_13_01_43_chunk8.json,166,Judith Su,01:20-01:43,B3_2021_10_08_13_01_43_chunk8.json,False,False,the chemosensitive probes is kind of interesting because that's like using a different mechanism for signaling,Rigoberto takes Judith's suggestion of chemosensitive probes and connects it back to their earlier discussion on signaling mechanisms.,or even chemosensitive probes that you might be able to get better resolution
2021_10_08_CMC_S11,2021CMC,CMC_S11,46,returns_to_earlier_idea,on_table_idea,False,,171,Wenjing Wang,03:21-03:28,B3_2021_10_08_13_01_43_chunk8.json,134,Rigoberto Hernandez,06:46-07:18,B3_2021_10_08_13_01_43_chunk6.json,False,True,So we talk about the deterministic and stochastic,Wenjing brings back the earlier discussion point about deterministic versus stochastic processes to ensure it's included.,"There was a deterministic driving force, but yet it's stochastic... there's a property you could predict was going to happen, which is kind of deterministic. So maybe it's not purely stochastic. The embryo is formed, the embryo becomes an animal... it's stochastic because it could be a different embryo. But there's a property you could predict"
2021_10_08_CMC_S11,2021CMC,CMC_S11,47,extends_existing_idea,on_table_idea,False,,173,Rigoberto Hernandez,03:35-03:51,B3_2021_10_08_13_01_43_chunk8.json,134,Rigoberto Hernandez,06:46-07:18,B3_2021_10_08_13_01_43_chunk6.json,True,True,"defining what's deterministic in this context would be kind of fun, right? To point out that you know that the organism is going to happen even though there are many parts that are stochastic, there is a part which is still deterministic.",He elaborates on the balance between stochastic and deterministic processes in organism development.,"There was a deterministic driving force, but yet it's stochastic... there's a property you could predict was going to happen, which is kind of deterministic. So maybe it's not purely stochastic. The embryo is formed, the embryo becomes an animal... it's stochastic because it could be a different embryo. But there's a property you could predict"
2021_09_30_MZT_S5,2021MZT,MZT_S5,0,extends_existing_idea,on_table_idea,False,,2,Ana Bento,00:51-01:12,B5_2021_09_30_12_57_07_chunk1.json,0,Ana Bento,00:00-00:48,B5_2021_09_30_12_57_07_chunk1.json,True,False,susceptibility is kind of like a necessary condition for a transmission chain to occur.,Ana elaborates on her previous point about susceptibility.,we cannot start talking about a transmission chain without thinking about the pathogen or the infectious agent first
2021_09_30_MZT_S5,2021MZT,MZT_S5,1,extends_existing_idea,nearest_prior,False,,3,Pilar Fernandez,01:12-01:55,B5_2021_09_30_12_57_07_chunk1.json,2,Ana Bento,00:51-01:12,B5_2021_09_30_12_57_07_chunk1.json,False,False,you're gonna have dead ends. Um and there you're gonna have some uh hosts that are not going to contribute to onward transmission.,Pilar builds on the susceptibility idea by introducing the concept of dead-end hosts.,susceptibility is kind of like a necessary condition for a transmission chain to occur.
2021_09_30_MZT_S5,2021MZT,MZT_S5,2,extends_existing_idea,on_table_idea,False,,5,Pilar Fernandez,02:00-02:26,B5_2021_09_30_12_57_07_chunk1.json,3,Pilar Fernandez,01:12-01:55,B5_2021_09_30_12_57_07_chunk1.json,True,False,"we can think about that also in a gradient. It can be uh it stops there, there's no onward transmission or there could be I don't know let's say it's less infectious",Pilar expands the dead-end concept to include a gradient of infectiousness.,you're gonna have dead ends. Um and there you're gonna have some uh hosts that are not going to contribute to onward transmission.
2021_09_30_MZT_S5,2021MZT,MZT_S5,3,extends_existing_idea,on_table_idea,False,,7,Ana Bento,02:44-03:09,B5_2021_09_30_12_57_07_chunk1.json,3,Pilar Fernandez,01:12-01:55,B5_2021_09_30_12_57_07_chunk1.json,False,False,when we think about spillovers because that happens every day. Spillovers happen into these dead end hosts,Ana connects the dead-end host concept to the broader topic of spillovers.,you're gonna have dead ends. Um and there you're gonna have some uh hosts that are not going to contribute to onward transmission.
2021_09_30_MZT_S5,2021MZT,MZT_S5,4,extends_existing_idea,on_table_idea,True,Matt Erdman,8,Matt Hopken,03:09-03:36,B5_2021_09_30_12_57_07_chunk1.json,0,Ana Bento,00:00-00:48,B5_2021_09_30_12_57_07_chunk1.json,False,False,"another component of a transmission chain is um opportunity which susceptibility plays into that, but also the overlapping of the pathogen, vector, and host in both space and time.",Matt introduces the concept of spatial and temporal overlap as a key component.,we cannot start talking about a transmission chain without thinking about the pathogen or the infectious agent first
2021_09_30_MZT_S5,2021MZT,MZT_S5,5,extends_existing_idea,on_table_idea,True,Matt Erdman,10,Ana Bento,04:15-05:10,B5_2021_09_30_12_57_07_chunk1.json,0,Ana Bento,00:00-00:48,B5_2021_09_30_12_57_07_chunk1.json,True,False,"So behavior is one, right? Behavior behavior allows for that opportunity that Matt uh kind of very well described.",Ana builds on Matt's idea of opportunity by suggesting behavior as a key driver and intervention point.,we cannot start talking about a transmission chain without thinking about the pathogen or the infectious agent first
2021_09_30_MZT_S5,2021MZT,MZT_S5,6,combines_ideas,nearest_prior,False,,11,Pilar Fernandez,05:10-06:33,B5_2021_09_30_12_57_07_chunk1.json,10,Ana Bento,04:15-05:10,B5_2021_09_30_12_57_07_chunk1.json,False,False,"if you think about uh just that component of human displacement and migration that it's happening more frequently with climate change for example, what is the relationship between where those events might happen with a higher probability but where we might actually have an outbreak.","Pilar combines spatial overlap, human density, migration, and climate change into a complex potential research question.","So behavior is one, right? Behavior behavior allows for that opportunity that Matt uh kind of very well described."
2021_09_30_MZT_S5,2021MZT,MZT_S5,7,extends_existing_idea,named_speaker,True,Pilar Fernandez,12,Troy Clavell Sutton,06:33-07:06,B5_2021_09_30_12_57_07_chunk1.json,11,Pilar Fernandez,05:10-06:33,B5_2021_09_30_12_57_07_chunk1.json,False,False,if you can sample where that net migration is where people are moving from rural environments into urban environments... That would be where you would want to target at least in my opinion an intervention strategy.,Troy builds on Pilar's migration idea by suggesting it as a specific target for sampling and intervention.,"if you think about uh just that component of human displacement and migration that it's happening more frequently with climate change for example, what is the relationship between where those events might happen with a higher probability but where we might actually have an outbreak."
2021_09_30_MZT_S5,2021MZT,MZT_S5,8,extends_existing_idea,on_table_idea,False,,13,Chuck Lewis,07:06-07:55,B5_2021_09_30_12_57_07_chunk1.json,10,Ana Bento,04:15-05:10,B5_2021_09_30_12_57_07_chunk1.json,False,False,I think with the behavior you also have to include the pathogen behavior as well and mode of transmission. it ties back to your your example with rabies and being a dead end in a horse.,Chuck adds pathogen behavior to the discussion of human/animal behavior.,"So behavior is one, right? Behavior behavior allows for that opportunity that Matt uh kind of very well described."
2021_09_30_MZT_S5,2021MZT,MZT_S5,9,returns_to_earlier_idea,on_table_idea,False,,13,Chuck Lewis,07:06-07:55,B5_2021_09_30_12_57_07_chunk1.json,3,Pilar Fernandez,01:12-01:55,B5_2021_09_30_12_57_07_chunk1.json,False,False,I think with the behavior you also have to include the pathogen behavior as well and mode of transmission. it ties back to your your example with rabies and being a dead end in a horse.,Chuck explicitly references the earlier example of rabies in horses to support his point.,you're gonna have dead ends. Um and there you're gonna have some uh hosts that are not going to contribute to onward transmission.
2021_09_30_MZT_S5,2021MZT,MZT_S5,10,synthesizes_contributions,on_table_idea,False,,15,Nicole Eikmeier,08:53-10:00,B5_2021_09_30_12_57_07_chunk1.json,8,Matt Hopken,03:09-03:36,B5_2021_09_30_12_57_07_chunk1.json,False,False,several people mentioned uh when we talk about the the opportunity for these to emerge and and how this is often happening in rural places... The other factor that I'm remembering from Christine's talk she highlighted um places where humans are severely interfering with the environment,"Nicole synthesizes previous points about rural areas, medical access, and environmental interference.","another component of a transmission chain is um opportunity which susceptibility plays into that, but also the overlapping of the pathogen, vector, and host in both space and time."
2021_09_30_MZT_S5,2021MZT,MZT_S5,11,extends_existing_idea,on_table_idea,False,,16,Nicole Eikmeier,00:00-00:16,B5_2021_09_30_12_57_07_chunk2.json,13,Chuck Lewis,07:06-07:55,B5_2021_09_30_12_57_07_chunk1.json,False,True,if an intervention could involve something on that scale of of human behavior.,Nicole builds on the previous discussion about human behavior as an intervention point.,I think with the behavior you also have to include the pathogen behavior as well and mode of transmission. it ties back to your your example with rabies and being a dead end in a horse.
2021_09_30_MZT_S5,2021MZT,MZT_S5,12,extends_existing_idea,on_table_idea,False,,17,Chuck Lewis,00:17-01:02,B5_2021_09_30_12_57_07_chunk2.json,13,Chuck Lewis,07:06-07:55,B5_2021_09_30_12_57_07_chunk1.json,True,True,I think that incorporation of behavior is critical to outbreak response.,He extends the idea of human behavior by specifically mentioning medical anthropologists and rural culture.,I think with the behavior you also have to include the pathogen behavior as well and mode of transmission. it ties back to your your example with rabies and being a dead end in a horse.
2021_09_30_MZT_S5,2021MZT,MZT_S5,13,extends_existing_idea,on_table_idea,False,,18,Pilar Fernandez,01:03-03:40,B5_2021_09_30_12_57_07_chunk2.json,13,Chuck Lewis,07:06-07:55,B5_2021_09_30_12_57_07_chunk1.json,False,True,"if we want to do an intervention and design an intervention strategy to spray the houses, we need to take into account that movement.",She extends the discussion on human behavior by providing a concrete example of how cultural movement impacts vector control interventions.,I think with the behavior you also have to include the pathogen behavior as well and mode of transmission. it ties back to your your example with rabies and being a dead end in a horse.
2021_09_30_MZT_S5,2021MZT,MZT_S5,14,redirects_idea,on_table_idea,False,,23,Matt Erdman,04:18-04:45,B5_2021_09_30_12_57_07_chunk2.json,0,Ana Bento,00:00-00:48,B5_2021_09_30_12_57_07_chunk1.json,False,True,"Let's circle back, some folks mentioned wildlife and insects and the environment. What potential interventions or strategies do people see maybe closer down or further down that transmission chain?",Matt explicitly redirects the conversation from the end of the transmission chain back to earlier stages.,we cannot start talking about a transmission chain without thinking about the pathogen or the infectious agent first
2021_09_30_MZT_S5,2021MZT,MZT_S5,15,redirects_idea,on_table_idea,False,,25,Matt Erdman,04:49-05:18,B5_2021_09_30_12_57_07_chunk2.json,13,Chuck Lewis,07:06-07:55,B5_2021_09_30_12_57_07_chunk1.json,False,True,what about the animals or the habitat of the pathogen prior to even a transmission occurring.,He clarifies his redirection to focus on the pre-transmission habitat stage.,I think with the behavior you also have to include the pathogen behavior as well and mode of transmission. it ties back to your your example with rabies and being a dead end in a horse.
2021_09_30_MZT_S5,2021MZT,MZT_S5,16,extends_existing_idea,named_speaker,True,Joyce Jose,28,Troy Clavell Sutton,08:18-08:43,B5_2021_09_30_12_57_07_chunk2.json,27,Joyce Jose,06:52-08:17,B5_2021_09_30_12_57_07_chunk2.json,False,False,To go one step further with that... how do you translate the sequencing data into enhanced transmission or enhanced growth,Troy builds on Joyce's point about sequencing by highlighting the challenge of translating sequence data into functional knowledge.,I think sequencing and knowing the sequences of viruses... detection of these viruses and their sequences... surveillance is very important
2021_09_30_MZT_S5,2021MZT,MZT_S5,17,extends_existing_idea,on_table_idea,False,,29,Pilar Fernandez,08:44-09:30,B5_2021_09_30_12_57_07_chunk2.json,8,Matt Hopken,03:09-03:36,B5_2021_09_30_12_57_07_chunk1.json,False,True,"And also I feel I'm always thinking about where do you do the sampling, right?",Pilar extends the discussion on surveillance by questioning the spatial strategy of where to sample.,"another component of a transmission chain is um opportunity which susceptibility plays into that, but also the overlapping of the pathogen, vector, and host in both space and time."
2021_09_30_MZT_S5,2021MZT,MZT_S5,18,extends_existing_idea,on_table_idea,False,,34,Hongfu Liu,00:00-01:21,B5_2021_09_30_12_57_07_chunk3.json,28,Troy Clavell Sutton,08:18-08:43,B5_2021_09_30_12_57_07_chunk2.json,False,True,for the transmission the cross species is quite quite important,Builds on previous discussions about cross-species transmission by introducing computational prediction models.,To go one step further with that... how do you translate the sequencing data into enhanced transmission or enhanced growth
2021_09_30_MZT_S5,2021MZT,MZT_S5,19,synthesizes_contributions,named_speaker,True,Pilar Fernandez,35,Matt Hopken,01:21-02:42,B5_2021_09_30_12_57_07_chunk3.json,29,Pilar Fernandez,08:44-09:30,B5_2021_09_30_12_57_07_chunk2.json,False,True,going back initially to what Pilar was talking about... this interface area where you have livestock wildlife humans coming into contact some type of early detection system right as the pathogens are moving into these habitats,Connects the current discussion back to Pilar's earlier point about the human-wildlife interface.,"And also I feel I'm always thinking about where do you do the sampling, right?"
2021_09_30_MZT_S5,2021MZT,MZT_S5,20,connects_methods,on_table_idea,False,,37,Matt Hopken,02:47-02:56,B5_2021_09_30_12_57_07_chunk3.json,35,Matt Hopken,01:21-02:42,B5_2021_09_30_12_57_07_chunk3.json,True,False,"computation ties in, virology ties in, ecology ties in to these systems",Explicitly links multiple disciplines to the proposed detection systems.,going back initially to what Pilar was talking about... this interface area where you have livestock wildlife humans coming into contact some type of early detection system right as the pathogens are moving into these habitats
2021_09_30_MZT_S5,2021MZT,MZT_S5,21,extends_existing_idea,on_table_idea,False,,39,Pilar Fernandez,04:41-06:24,B5_2021_09_30_12_57_07_chunk3.json,27,Joyce Jose,06:52-08:17,B5_2021_09_30_12_57_07_chunk2.json,False,True,how we achieve sustainability of the surveillance system guide more like actually empirically informed surveillance... use a lot of information from just endemic diseases,Builds on the surveillance discussion by suggesting the use of endemic disease data to guide spillover monitoring.,I think sequencing and knowing the sequences of viruses... detection of these viruses and their sequences... surveillance is very important
2021_09_30_MZT_S5,2021MZT,MZT_S5,22,redirects_idea,on_table_idea,False,,40,Matt Erdman,06:25-06:48,B5_2021_09_30_12_57_07_chunk3.json,39,Pilar Fernandez,04:41-06:24,B5_2021_09_30_12_57_07_chunk3.json,False,False,What's the actionable outcome of surveillance?,Shifts the conversation from how to do surveillance to what actions should follow it.,how we achieve sustainability of the surveillance system guide more like actually empirically informed surveillance... use a lot of information from just endemic diseases
2021_09_30_MZT_S5,2021MZT,MZT_S5,23,raises_concern,on_table_idea,False,,41,Pilar Fernandez,06:49-07:10,B5_2021_09_30_12_57_07_chunk3.json,39,Pilar Fernandez,04:41-06:24,B5_2021_09_30_12_57_07_chunk3.json,True,False,it really depends on local resources unless we have really effective partnerships,Highlights a significant barrier to taking action based on surveillance.,how we achieve sustainability of the surveillance system guide more like actually empirically informed surveillance... use a lot of information from just endemic diseases
2021_09_30_MZT_S5,2021MZT,MZT_S5,24,extends_existing_idea,on_table_idea,False,,42,Joyce Jose,07:11-08:10,B5_2021_09_30_12_57_07_chunk3.json,27,Joyce Jose,06:52-08:17,B5_2021_09_30_12_57_07_chunk2.json,True,True,surveillance should not end there we should always go for isolating pathogens and with their potential for creating pandemics,Builds on the surveillance discussion by arguing for the necessity of viral isolation and characterization.,I think sequencing and knowing the sequences of viruses... detection of these viruses and their sequences... surveillance is very important
2021_09_30_MZT_S5,2021MZT,MZT_S5,25,extends_existing_idea,named_speaker,True,Joyce Jose,43,Matt Hopken,08:11-08:58,B5_2021_09_30_12_57_07_chunk3.json,42,Joyce Jose,07:11-08:10,B5_2021_09_30_12_57_07_chunk3.json,False,False,is there a way economically that we can move from just PCR based detection to actually understanding this organism,Builds on Joyce's point by framing it as an economic and methodological challenge for the group to consider.,surveillance should not end there we should always go for isolating pathogens and with their potential for creating pandemics
2021_09_30_MZT_S5,2021MZT,MZT_S5,26,raises_concern,on_table_idea,False,,46,Troy Clavell Sutton,09:27-10:00,B5_2021_09_30_12_57_07_chunk3.json,39,Pilar Fernandez,04:41-06:24,B5_2021_09_30_12_57_07_chunk3.json,False,False,usually already pretty too late... we need to find a way to target that those interventions,"Highlights the ongoing problem that even with surveillance, interventions are often too slow.",how we achieve sustainability of the surveillance system guide more like actually empirically informed surveillance... use a lot of information from just endemic diseases
2021_09_30_MZT_S5,2021MZT,MZT_S5,27,critiques_or_challenges,nearest_prior,False,,47,Troy Clavell Sutton,00:00-01:08,B5_2021_09_30_12_57_07_chunk4.json,46,Troy Clavell Sutton,09:27-10:00,B5_2021_09_30_12_57_07_chunk3.json,True,True,"I think the problem is always, oh, it's infected a person, we better characterize it. I think computer modeling would be really great there. I think some of the new protein folding programs... trying to predict structures would be really valuable",Troy critiques the current reactive approach to characterizing viruses only after they infect humans.,usually already pretty too late... we need to find a way to target that those interventions
2021_09_30_MZT_S5,2021MZT,MZT_S5,28,critiques_or_challenges,on_table_idea,False,,48,Matt Hopken,01:09-01:41,B5_2021_09_30_12_57_07_chunk4.json,27,Joyce Jose,06:52-08:17,B5_2021_09_30_12_57_07_chunk2.json,False,True,they detect a high path virus and then they start just start killing chickens... it's this hammer type approach that we probably don't need,Critiques the current 'hammer type approach' of mass depopulation.,I think sequencing and knowing the sequences of viruses... detection of these viruses and their sequences... surveillance is very important
2021_09_30_MZT_S5,2021MZT,MZT_S5,29,extends_existing_idea,on_table_idea,False,,52,Troy Clavell Sutton,02:59-03:36,B5_2021_09_30_12_57_07_chunk4.json,51,Pilar Fernandez,01:48-02:58,B5_2021_09_30_12_57_07_chunk4.json,False,False,"I do think that it is really important to start doing surveillance, human surveillance in people that are interacting with animals",Builds on the discussion of interfaces by suggesting targeted human surveillance at those interfaces.,maybe we can think about how we limit the onward transmission if we cannot limit the population
2021_09_30_MZT_S5,2021MZT,MZT_S5,30,extends_existing_idea,named_speaker,True,Troy Clavell Sutton,53,Matt Hopken,03:37-03:43,B5_2021_09_30_12_57_07_chunk4.json,52,Troy Clavell Sutton,02:59-03:36,B5_2021_09_30_12_57_07_chunk4.json,False,False,you could also sample the livestock as well as they're somewhat sentinels.,Adds to Troy's idea by suggesting livestock be sampled as sentinels.,"I do think that it is really important to start doing surveillance, human surveillance in people that are interacting with animals"
2021_09_30_MZT_S5,2021MZT,MZT_S5,31,raises_concern,on_table_idea,False,,56,Chuck Lewis,04:04-04:30,B5_2021_09_30_12_57_07_chunk4.json,27,Joyce Jose,06:52-08:17,B5_2021_09_30_12_57_07_chunk2.json,False,True,"by the time you got sequencing back, those animals are probably off to slaughter. tie in collection of live virus and isolation of live virus for future studies? I mean, it's almost got to be done at the exact same time.",Points out a logistical flaw in relying solely on sequencing for production animals.,I think sequencing and knowing the sequences of viruses... detection of these viruses and their sequences... surveillance is very important
2021_09_30_MZT_S5,2021MZT,MZT_S5,32,raises_concern,on_table_idea,False,,59,Pilar Fernandez,05:59-07:11,B5_2021_09_30_12_57_07_chunk4.json,58,Ana Bento,04:32-05:58,B5_2021_09_30_12_57_07_chunk4.json,False,False,"I always think about potential bias and sampling effects, like if what we're seeing is actually an artifact of our sampling efforts we can use a lot of modeling techniques to find optimization algorithms to have a more robust sampling effort",Raises a methodological concern about sampling bias in surveillance.,employing for surveillance particularly kind of like satellite imagery and kind of state of the art engineering techniques... are actually the way forward for surveillance
2021_09_30_MZT_S5,2021MZT,MZT_S5,33,critiques_or_challenges,nearest_prior,False,,61,Pilar Fernandez,08:43-10:00,B5_2021_09_30_12_57_07_chunk4.json,60,Chuck Lewis,07:12-08:42,B5_2021_09_30_12_57_07_chunk4.json,False,False,"we're always focusing about human disease. But do we just want to care about that or do we really want to approach like more sustainable health in general going back to what Matt said originally about the things coming together, that you have to have the pathogen, the host in the same time and space","Challenges the anthropocentric focus of the conversation, suggesting a broader view of health.",they incorporated neural networks and AI into receptor binding estimates... I didn't know if there was a way to incorporate that into surveillance
2021_09_30_MZT_S5,2021MZT,MZT_S5,34,returns_to_earlier_idea,named_speaker,True,Matt Erdman,61,Pilar Fernandez,08:43-10:00,B5_2021_09_30_12_57_07_chunk4.json,40,Matt Erdman,06:25-06:48,B5_2021_09_30_12_57_07_chunk3.json,False,True,"we're always focusing about human disease. But do we just want to care about that or do we really want to approach like more sustainable health in general going back to what Matt said originally about the things coming together, that you have to have the pathogen, the host in the same time and space",Explicitly references and returns to Matt's earlier point about spatial overlap.,What's the actionable outcome of surveillance?
2021_09_30_MZT_S5,2021MZT,MZT_S5,35,extends_existing_idea,on_table_idea,False,,65,Troy Clavell Sutton,01:07-01:24,B5_2021_09_30_12_57_07_chunk5.json,63,Troy Clavell Sutton,00:13-01:01,B5_2021_09_30_12_57_07_chunk5.json,True,False,Just what is the similarity between these proteins on the surface of cells.,"He elaborates on his previous point, clarifying that the focus is on protein similarity.",Couldn't we start looking at homology protein structures on all of the proteins that are on cell surfaces and compare those across species?
2021_09_30_MZT_S5,2021MZT,MZT_S5,36,synthesizes_contributions,nearest_prior,False,,66,Pilar Fernandez,01:25-01:49,B5_2021_09_30_12_57_07_chunk5.json,65,Troy Clavell Sutton,01:07-01:24,B5_2021_09_30_12_57_07_chunk5.json,False,False,"not waiting for a pathogen to emerge. It's like understanding what it's, what interacting species have in common","She synthesizes the core value of the idea, framing it as a proactive rather than reactive approach.",Just what is the similarity between these proteins on the surface of cells.
2021_09_30_MZT_S5,2021MZT,MZT_S5,37,redirects_idea,on_table_idea,False,,67,Matt Erdman,01:50-02:21,B5_2021_09_30_12_57_07_chunk5.json,51,Pilar Fernandez,01:48-02:58,B5_2021_09_30_12_57_07_chunk4.json,False,True,"But if we go to maybe other indirect modes, um, foodborne disease, um, vector-borne",Matt shifts the conversation from direct transmission to indirect modes of transmission.,maybe we can think about how we limit the onward transmission if we cannot limit the population
2021_09_30_MZT_S5,2021MZT,MZT_S5,38,extends_existing_idea,named_speaker,True,Matt Erdman,68,Pilar Fernandez,02:21-02:48,B5_2021_09_30_12_57_07_chunk5.json,67,Matt Erdman,01:50-02:21,B5_2021_09_30_12_57_07_chunk5.json,False,False,"I guess there you can add the, the time variable, like lags.",Pilar builds on Matt's prompt by introducing time lags as a key variable for indirect transmission.,"But if we go to maybe other indirect modes, um, foodborne disease, um, vector-borne"
2021_09_30_MZT_S5,2021MZT,MZT_S5,39,extends_existing_idea,named_speaker,True,Pilar Fernandez,69,Ana Bento,02:49-04:44,B5_2021_09_30_12_57_07_chunk5.json,68,Pilar Fernandez,02:21-02:48,B5_2021_09_30_12_57_07_chunk5.json,False,False,"understanding perhaps more layers of, you know, seasonality for the host might not be the same as the seasonality for the vector. incorporating ecology, incorporating evolution, incorporating behavior. I think that's, that's where it all goes back to.",Ana expands on Pilar's point about time by introducing the complexity of differing seasonalities.,"I guess there you can add the, the time variable, like lags."
2021_09_30_MZT_S5,2021MZT,MZT_S5,40,synthesizes_contributions,on_table_idea,False,,69,Ana Bento,02:49-04:44,B5_2021_09_30_12_57_07_chunk5.json,60,Chuck Lewis,07:12-08:42,B5_2021_09_30_12_57_07_chunk4.json,False,True,"understanding perhaps more layers of, you know, seasonality for the host might not be the same as the seasonality for the vector. incorporating ecology, incorporating evolution, incorporating behavior. I think that's, that's where it all goes back to.",She synthesizes the various threads of the conversation into a unified need to understand the whole system.,they incorporated neural networks and AI into receptor binding estimates... I didn't know if there was a way to incorporate that into surveillance
2021_09_30_MZT_S5,2021MZT,MZT_S5,41,returns_to_earlier_idea,named_speaker,True,Matt Erdman,70,Matt Hopken,04:45-05:16,B5_2021_09_30_12_57_07_chunk5.json,67,Matt Erdman,01:50-02:21,B5_2021_09_30_12_57_07_chunk5.json,False,False,Some of this goes back to also bringing back in the socioeconomic side of things and the human behavior. is there a front-end intervention that's once again proactive that teaches farmers not to deforest in this way,Matt brings the conversation back to the human behavior element discussed in earlier chunks.,"But if we go to maybe other indirect modes, um, foodborne disease, um, vector-borne"
2021_09_30_MZT_S5,2021MZT,MZT_S5,42,synthesizes_contributions,on_table_idea,False,,71,Pilar Fernandez,05:17-06:20,B5_2021_09_30_12_57_07_chunk5.json,51,Pilar Fernandez,01:48-02:58,B5_2021_09_30_12_57_07_chunk4.json,True,True,"I would think about interventions in two ways. Uh, we want to anticipate... and the other one is once they have occurred, to interrupt",Pilar synthesizes the group's brainstorming into two distinct categories of interventions.,maybe we can think about how we limit the onward transmission if we cannot limit the population
2021_09_30_MZT_S5,2021MZT,MZT_S5,43,returns_to_earlier_idea,nearest_prior,False,,72,Matt Erdman,06:20-06:32,B5_2021_09_30_12_57_07_chunk5.json,71,Pilar Fernandez,05:17-06:20,B5_2021_09_30_12_57_07_chunk5.json,False,False,We talked about depopulation earlier.,"He references depopulation, an idea discussed in a previous chunk, as a baseline.","I would think about interventions in two ways. Uh, we want to anticipate... and the other one is once they have occurred, to interrupt"
2021_09_30_MZT_S5,2021MZT,MZT_S5,44,extends_existing_idea,on_table_idea,False,,73,Pilar Fernandez,06:33-07:40,B5_2021_09_30_12_57_07_chunk5.json,8,Matt Hopken,03:09-03:36,B5_2021_09_30_12_57_07_chunk1.json,False,True,"identify that, um, hotspot, that cluster, and you act upon it before it spreads",She elaborates on the concept of interruption by detailing how it works in practice.,"another component of a transmission chain is um opportunity which susceptibility plays into that, but also the overlapping of the pathogen, vector, and host in both space and time."
2021_09_30_MZT_S5,2021MZT,MZT_S5,45,connects_methods,nearest_prior,False,,75,Ana Bento,08:58-10:00,B5_2021_09_30_12_57_07_chunk5.json,74,Matt Hopken,07:41-08:57,B5_2021_09_30_12_57_07_chunk5.json,False,False,genomic surveillance is biased... epidemiological data is biased... how do they actually tell the same story from different angles?,"She explicitly connects genomic and epidemiological data, noting how their different biases can complement each other.",discussions about like gene drive systems and are genetically modified organisms part of what we consider our interruption
2021_09_30_MZT_S5,2021MZT,MZT_S5,46,synthesizes_contributions,on_table_idea,False,,76,Ana Bento,00:00-00:18,B5_2021_09_30_12_57_07_chunk6.json,7,Ana Bento,02:44-03:09,B5_2021_09_30_12_57_07_chunk1.json,True,True,trying to understand how you best incorporate these different data sets that seemingly disparate but really complementary,Ana summarizes a key theme from the discussion regarding the integration of disparate datasets.,when we think about spillovers because that happens every day. Spillovers happen into these dead end hosts
2021_09_30_MZT_S5,2021MZT,MZT_S5,47,synthesizes_contributions,on_table_idea,False,,97,Matt Erdman,01:55-02:20,B5_2021_09_30_12_57_07_chunk6.json,7,Ana Bento,02:44-03:09,B5_2021_09_30_12_57_07_chunk1.json,False,True,"There seems to be lots of examples of gaps in data sets. Um, whether that be host markers or whatever it may be",Matt synthesizes a recurring theme from the discussion regarding data gaps.,when we think about spillovers because that happens every day. Spillovers happen into these dead end hosts
2021_09_30_MZT_S5,2021MZT,MZT_S5,48,synthesizes_contributions,on_table_idea,False,,99,Nicole Eikmeier,02:26-02:56,B5_2021_09_30_12_57_07_chunk6.json,61,Pilar Fernandez,08:43-10:00,B5_2021_09_30_12_57_07_chunk4.json,False,True,"how can we develop cheap technology, whether it's tests for humans or animals or, um, on site where we think there's risk.","Nicole synthesizes the discussion around the need for accessible, on-site diagnostic technology.","we're always focusing about human disease. But do we just want to care about that or do we really want to approach like more sustainable health in general going back to what Matt said originally about the things coming together, that you have to have the pathogen, the host in the same time and space"
2021_09_30_MZT_S5,2021MZT,MZT_S5,49,synthesizes_contributions,on_table_idea,False,,101,Troy Clavell Sutton,03:19-03:29,B5_2021_09_30_12_57_07_chunk6.json,8,Matt Hopken,03:09-03:36,B5_2021_09_30_12_57_07_chunk1.json,False,True,identifying commonalities between vector species and humans as ways of assessing risk or targeting strategies.,Troy synthesizes his earlier point about comparing species to assess risk.,"another component of a transmission chain is um opportunity which susceptibility plays into that, but also the overlapping of the pathogen, vector, and host in both space and time."
2021_09_30_MZT_S5,2021MZT,MZT_S5,50,synthesizes_contributions,on_table_idea,False,,102,Pilar Fernandez,03:30-03:40,B5_2021_09_30_12_57_07_chunk6.json,33,Hongfu Liu,09:44-10:00,B5_2021_09_30_12_57_07_chunk2.json,False,True,how do we scale up from the different systems into something that we can actually generalize across pathogens.,Pilar synthesizes the discussion around scaling and generalizing models.,we are also interested to know what kind of other species...
2021_09_30_MZT_S5,2021MZT,MZT_S5,51,extends_existing_idea,named_speaker,True,Pilar Fernandez,104,Matt Erdman,03:46-03:55,B5_2021_09_30_12_57_07_chunk6.json,102,Pilar Fernandez,03:30-03:40,B5_2021_09_30_12_57_07_chunk6.json,False,False,"Further development of risk assessment in general? Risk assessment modeling, data analysis.",Matt helps clarify and extend Pilar's point into a concise bullet point.,how do we scale up from the different systems into something that we can actually generalize across pathogens.
2021_09_30_MZT_S5,2021MZT,MZT_S5,52,synthesizes_contributions,on_table_idea,False,,108,Matt Erdman,04:55-05:23,B5_2021_09_30_12_57_07_chunk6.json,61,Pilar Fernandez,08:43-10:00,B5_2021_09_30_12_57_07_chunk4.json,False,True,point of care sequencing I would say falls under the umbrella of continued evolutions of diagnostics.,Matt synthesizes the discussion on diagnostics into a clear summary point.,"we're always focusing about human disease. But do we just want to care about that or do we really want to approach like more sustainable health in general going back to what Matt said originally about the things coming together, that you have to have the pathogen, the host in the same time and space"
2021_09_30_MZT_S5,2021MZT,MZT_S5,53,extends_existing_idea,on_table_idea,False,,109,Pilar Fernandez,05:24-05:35,B5_2021_09_30_12_57_07_chunk6.json,108,Matt Erdman,04:55-05:23,B5_2021_09_30_12_57_07_chunk6.json,False,False,"that also goes with trying to make it accessible in terms of money, like how expensive these things might be.",Pilar adds the dimension of cost accessibility to the point about diagnostics.,point of care sequencing I would say falls under the umbrella of continued evolutions of diagnostics.
2022_04_07_MND_S5,2022MND,MND_S5,0,synthesizes_contributions,on_table_idea,False,,25,Rosa Krajmalnik-Brown,06:44-07:07,BotB4_2022_04_07_09_36_38_time_off_by_3hrs_(should_be_later)_chunk1.json,23,Rosa Krajmalnik-Brown,05:48-06:41,BotB4_2022_04_07_09_36_38_time_off_by_3hrs_(should_be_later)_chunk1.json,True,False,"we have people that are focused on the chemicals, organoids, the gut, the brain, immunology.",Summarizes the diverse expertise present in the group based on the introductions.,Barriers affecting the gut-brain axis. That's the topic... Are permeability changes linked or correlated?
2022_04_07_MND_S5,2022MND,MND_S5,1,extends_existing_idea,nearest_prior,False,,29,Iliyan Iliev,00:00-00:29,BotB4_2022_04_07_09_36_38_time_off_by_3hrs_(should_be_later)_chunk2.json,25,Rosa Krajmalnik-Brown,06:44-07:07,BotB4_2022_04_07_09_36_38_time_off_by_3hrs_(should_be_later)_chunk1.json,False,True,how big molecules can go depending on your genetic defect.,He extends the discussion of barrier leakiness by introducing genetic defects and molecule size as factors.,"we have people that are focused on the chemicals, organoids, the gut, the brain, immunology."
2022_04_07_MND_S5,2022MND,MND_S5,2,critiques_or_challenges,on_table_idea,False,,30,Erin Longbrake,00:29-00:49,BotB4_2022_04_07_09_36_38_time_off_by_3hrs_(should_be_later)_chunk2.json,29,Iliyan Iliev,00:00-00:29,BotB4_2022_04_07_09_36_38_time_off_by_3hrs_(should_be_later)_chunk2.json,False,False,"Would the molecule need to be appropriately sized though? I mean, in a sense, if you have inflammatory mediators... they could impact the endothelium and create leakiness","Erin challenges the assumption that molecule size is the primary constraint, suggesting inflammatory mediators can cause leakiness independently.",how big molecules can go depending on your genetic defect.
2022_04_07_MND_S5,2022MND,MND_S5,3,connects_methods,named_speaker,True,Iliyan Iliev,38,Andrew Feig,03:05-03:41,BotB4_2022_04_07_09_36_38_time_off_by_3hrs_(should_be_later)_chunk2.json,29,Iliyan Iliev,00:00-00:29,BotB4_2022_04_07_09_36_38_time_off_by_3hrs_(should_be_later)_chunk2.json,False,False,so that would allow you to at least isolate that barrier separate from the intestinal barrier.,Connects the ultrasound method to Iliyan's biological problem of isolating the two barriers.,how big molecules can go depending on your genetic defect.
2022_04_07_MND_S5,2022MND,MND_S5,4,redirects_idea,on_table_idea,False,,40,Rosa Krajmalnik-Brown,04:24-04:50,BotB4_2022_04_07_09_36_38_time_off_by_3hrs_(should_be_later)_chunk2.json,23,Rosa Krajmalnik-Brown,05:48-06:41,BotB4_2022_04_07_09_36_38_time_off_by_3hrs_(should_be_later)_chunk1.json,True,True,the brain barrier for me also it's distant... but I feel that the gut permeability is still a very important question that it's not completely resolved either.,"Rosa redirects the focus back to the gut barrier, suggesting it is still an important unresolved question.",Barriers affecting the gut-brain axis. That's the topic... Are permeability changes linked or correlated?
2022_04_07_MND_S5,2022MND,MND_S5,5,synthesizes_contributions,on_table_idea,False,,41,Iliyan Iliev,04:50-06:11,BotB4_2022_04_07_09_36_38_time_off_by_3hrs_(should_be_later)_chunk2.json,38,Andrew Feig,03:05-03:41,BotB4_2022_04_07_09_36_38_time_off_by_3hrs_(should_be_later)_chunk2.json,False,False,So how to put all those factors together and then come up with the trigger and model that in order to get to the right model finally.,"He synthesizes the various factors discussed (genetics, triggers, barriers) into a need for a comprehensive model.",so that would allow you to at least isolate that barrier separate from the intestinal barrier.
2022_04_07_MND_S5,2022MND,MND_S5,6,extends_existing_idea,on_table_idea,False,,45,Melanie Gareau,08:41-09:53,BotB4_2022_04_07_09_36_38_time_off_by_3hrs_(should_be_later)_chunk2.json,38,Andrew Feig,03:05-03:41,BotB4_2022_04_07_09_36_38_time_off_by_3hrs_(should_be_later)_chunk2.json,False,False,whether things get in through permeability and then a second hit like stress is the one that breaks the central barrier for example,She extends the idea of triggers by proposing a 'two-hit' model involving stress breaking the central barrier.,so that would allow you to at least isolate that barrier separate from the intestinal barrier.
2022_04_07_MND_S5,2022MND,MND_S5,7,extends_existing_idea,nearest_prior,False,,49,Faranak Fattahi,01:49-02:04,BotB4_2022_04_07_09_36_38_time_off_by_3hrs_(should_be_later)_chunk3.json,45,Melanie Gareau,08:41-09:53,BotB4_2022_04_07_09_36_38_time_off_by_3hrs_(should_be_later)_chunk2.json,False,True,like they could be directly secreted by them or expression of those proteins in the host could be altered by factors from the microbiome?,She builds on his idea by suggesting specific ways the microbiome might affect the components.,whether things get in through permeability and then a second hit like stress is the one that breaks the central barrier for example
2022_04_07_MND_S5,2022MND,MND_S5,8,redirects_idea,on_table_idea,False,,50,Tom Mansell,02:05-02:39,BotB4_2022_04_07_09_36_38_time_off_by_3hrs_(should_be_later)_chunk3.json,23,Rosa Krajmalnik-Brown,05:48-06:41,BotB4_2022_04_07_09_36_38_time_off_by_3hrs_(should_be_later)_chunk1.json,False,True,I'm really thinking more about the physical makeup of the barrier and is there a you know a nutrient-linked is there something there that's nutrient-linked where a bacterium is providing or taking away an essential building block of the barrier,Tom steers the conversation back to his specific focus on the physical makeup rather than just gene expression.,Barriers affecting the gut-brain axis. That's the topic... Are permeability changes linked or correlated?
2022_04_07_MND_S5,2022MND,MND_S5,9,extends_existing_idea,on_table_idea,False,,54,Erin Longbrake,03:41-03:52,BotB4_2022_04_07_09_36_38_time_off_by_3hrs_(should_be_later)_chunk3.json,45,Melanie Gareau,08:41-09:53,BotB4_2022_04_07_09_36_38_time_off_by_3hrs_(should_be_later)_chunk2.json,False,True,something that seems like could be a question that could be studied in an in vitro model system.,Erin builds on the screening idea by suggesting it is amenable to in vitro modeling.,whether things get in through permeability and then a second hit like stress is the one that breaks the central barrier for example
2022_04_07_MND_S5,2022MND,MND_S5,10,extends_existing_idea,named_speaker,True,Dave Durgan,60,Rosa Krajmalnik-Brown,04:47-04:54,BotB4_2022_04_07_09_36_38_time_off_by_3hrs_(should_be_later)_chunk3.json,59,Dave Durgan,04:20-04:46,BotB4_2022_04_07_09_36_38_time_off_by_3hrs_(should_be_later)_chunk3.json,False,False,proteases and fungi because that might be important also.,She connects Dave's point about proteases to Iliyan's work on fungi.,"active things like proteases, like gingipains and things that can... break down the epithelium as well as the endothelial barrier"
2022_04_07_MND_S5,2022MND,MND_S5,11,raises_concern,on_table_idea,False,,61,Iliyan Iliev,04:55-06:43,BotB4_2022_04_07_09_36_38_time_off_by_3hrs_(should_be_later)_chunk3.json,45,Melanie Gareau,08:41-09:53,BotB4_2022_04_07_09_36_38_time_off_by_3hrs_(should_be_later)_chunk2.json,False,True,those two different levels of complication a bit mess up the screening approaches because if you start looking at tight junctions you can set up an in vitro platform... With the caveat you don't have immune system then,He points out the methodological challenges of screening for these mechanisms in vitro.,whether things get in through permeability and then a second hit like stress is the one that breaks the central barrier for example
2022_04_07_MND_S5,2022MND,MND_S5,12,synthesizes_contributions,on_table_idea,False,,62,Erin Longbrake,06:44-07:33,BotB4_2022_04_07_09_36_38_time_off_by_3hrs_(should_be_later)_chunk3.json,40,Rosa Krajmalnik-Brown,04:24-04:50,BotB4_2022_04_07_09_36_38_time_off_by_3hrs_(should_be_later)_chunk2.json,False,True,it sounds plausible that certain microbes either make small metabolites that impact the barrier or make proteases... But certainly microbes also impact immune cells one question could be whether it's a direct effect of microbes and microbial products or whether the immune cells serve as a mediator.,"Erin summarizes the different mechanisms discussed so far (metabolites, proteases, immune cells).",the brain barrier for me also it's distant... but I feel that the gut permeability is still a very important question that it's not completely resolved either.
2022_04_07_MND_S5,2022MND,MND_S5,13,extends_existing_idea,named_speaker,True,Erin Longbrake,63,Iliyan Iliev,07:34-08:00,BotB4_2022_04_07_09_36_38_time_off_by_3hrs_(should_be_later)_chunk3.json,62,Erin Longbrake,06:44-07:33,BotB4_2022_04_07_09_36_38_time_off_by_3hrs_(should_be_later)_chunk3.json,False,False,"And there is one more component actually, toxins.",Iliyan adds another mechanism (toxins) to the list Erin just synthesized.,it sounds plausible that certain microbes either make small metabolites that impact the barrier or make proteases... But certainly microbes also impact immune cells one question could be whether it's a direct effect of microbes and microbial products or whether the immune cells serve as a mediator.
2022_04_07_MND_S5,2022MND,MND_S5,14,extends_existing_idea,named_speaker,True,Erin Longbrake,66,Dave Durgan,09:52-10:00,BotB4_2022_04_07_09_36_38_time_off_by_3hrs_(should_be_later)_chunk3.json,62,Erin Longbrake,06:44-07:33,BotB4_2022_04_07_09_36_38_time_off_by_3hrs_(should_be_later)_chunk3.json,False,False,Erin's comment on the link via the immune system kind of brought something to mind.,Dave explicitly builds on Erin's earlier point about the immune system.,it sounds plausible that certain microbes either make small metabolites that impact the barrier or make proteases... But certainly microbes also impact immune cells one question could be whether it's a direct effect of microbes and microbial products or whether the immune cells serve as a mediator.
2022_04_07_MND_S5,2022MND,MND_S5,15,extends_existing_idea,on_table_idea,False,,67,Dave Durgan,00:00-01:15,BotB4_2022_04_07_09_36_38_time_off_by_3hrs_(should_be_later)_chunk4.json,23,Rosa Krajmalnik-Brown,05:48-06:41,BotB4_2022_04_07_09_36_38_time_off_by_3hrs_(should_be_later)_chunk1.json,False,True,it's in the benefit of the organism to if something gets across the epithelial barrier to also be able to recognize that at the brain,He builds on the previous discussion of barrier permeability by introducing a co-evolutionary idea about immune recognition.,Barriers affecting the gut-brain axis. That's the topic... Are permeability changes linked or correlated?
2022_04_07_MND_S5,2022MND,MND_S5,16,extends_existing_idea,named_speaker,True,Faranak Fattahi,74,Tom Mansell,04:38-06:28,BotB4_2022_04_07_09_36_38_time_off_by_3hrs_(should_be_later)_chunk4.json,72,Faranak Fattahi,03:30-04:28,BotB4_2022_04_07_09_36_38_time_off_by_3hrs_(should_be_later)_chunk4.json,False,False,even lower than the sort of organic metabolite level is like what's the ion composition there and is that something that could provide as Faranak said a more mechanistic understanding,He connects his knowledge of ions to Faranak's call for mechanistic understanding of barrier permeability.,are we in the phase where we should be screening for a larger set of molecules or metabolites or factors that could be coming from the microbiome.
2022_04_07_MND_S5,2022MND,MND_S5,17,extends_existing_idea,on_table_idea,False,,82,Tom Mansell,07:38-08:10,BotB4_2022_04_07_09_36_38_time_off_by_3hrs_(should_be_later)_chunk4.json,23,Rosa Krajmalnik-Brown,05:48-06:41,BotB4_2022_04_07_09_36_38_time_off_by_3hrs_(should_be_later)_chunk1.json,False,True,studies that models that involved soluble or insoluble chelators like EDTA right is a thing that's in food right and it preserves food by chelating ions. Is that something that could be linked to changes in gut permeability,"Tom extends his idea by proposing a specific, testable link between dietary chelators (EDTA) and gut permeability.",Barriers affecting the gut-brain axis. That's the topic... Are permeability changes linked or correlated?
2022_04_07_MND_S5,2022MND,MND_S5,18,raises_concern,named_speaker,True,Tom Mansell,83,Iliyan Iliev,08:10-08:39,BotB4_2022_04_07_09_36_38_time_off_by_3hrs_(should_be_later)_chunk4.json,82,Tom Mansell,07:38-08:10,BotB4_2022_04_07_09_36_38_time_off_by_3hrs_(should_be_later)_chunk4.json,False,False,"there is a co-founder effect here, right? Because the bacteria and the fungi that have actually siderophores and are very well adapted to expand very quickly, they're the one also that produce the toxins.","Iliyan points out a confounding variable in Tom's idea, noting that organisms with siderophores also produce toxins.",studies that models that involved soluble or insoluble chelators like EDTA right is a thing that's in food right and it preserves food by chelating ions. Is that something that could be linked to changes in gut permeability
2022_04_07_MND_S5,2022MND,MND_S5,19,synthesizes_contributions,named_speaker,True,Faranak Fattahi,86,Erin Longbrake,08:46-09:39,BotB4_2022_04_07_09_36_38_time_off_by_3hrs_(should_be_later)_chunk4.json,72,Faranak Fattahi,03:30-04:28,BotB4_2022_04_07_09_36_38_time_off_by_3hrs_(should_be_later)_chunk4.json,False,False,"So to go back to Faranak's question, like what would be a model system to figure out if and how bacteria microbes impact let's just stick with the gut epithelial barrier this seems like an iterative screening process where you have a model system and you iteratively just screen","Erin brings the conversation back to Faranak's earlier question about models, synthesizing the recent discussion into a concrete proposal.",are we in the phase where we should be screening for a larger set of molecules or metabolites or factors that could be coming from the microbiome.
2022_04_07_MND_S5,2022MND,MND_S5,20,extends_existing_idea,named_speaker,True,Erin Longbrake,87,Faranak Fattahi,09:39-10:00,BotB4_2022_04_07_09_36_38_time_off_by_3hrs_(should_be_later)_chunk4.json,86,Erin Longbrake,08:46-09:39,BotB4_2022_04_07_09_36_38_time_off_by_3hrs_(should_be_later)_chunk4.json,False,False,focus on a just general phenotype of barrier permeability and integrity of the epithelial barrier and just look to just isolate any sort of supernatant or bacterial species that impact that barrier,"Faranak builds on Erin's synthesis, detailing how the screening model would focus on the general phenotype of barrier integrity.","So to go back to Faranak's question, like what would be a model system to figure out if and how bacteria microbes impact let's just stick with the gut epithelial barrier this seems like an iterative screening process where you have a model system and you iteratively just screen"
2022_04_07_MND_S5,2022MND,MND_S5,21,extends_existing_idea,on_table_idea,False,,88,Faranak Fattahi,00:00-00:28,BotB4_2022_04_07_09_36_38_time_off_by_3hrs_(should_be_later)_chunk5.json,86,Erin Longbrake,08:46-09:39,BotB4_2022_04_07_09_36_38_time_off_by_3hrs_(should_be_later)_chunk4.json,False,True,You can have a very simple model with just the epithelium or like more complex models of gut organoids.,She builds on the previous discussion of in vitro screening by detailing specific types of models.,"So to go back to Faranak's question, like what would be a model system to figure out if and how bacteria microbes impact let's just stick with the gut epithelial barrier this seems like an iterative screening process where you have a model system and you iteratively just screen"
2022_04_07_MND_S5,2022MND,MND_S5,22,extends_existing_idea,named_speaker,True,Rosa Krajmalnik-Brown,90,Faranak Fattahi,00:48-01:16,BotB4_2022_04_07_09_36_38_time_off_by_3hrs_(should_be_later)_chunk5.json,89,Rosa Krajmalnik-Brown,00:28-00:48,BotB4_2022_04_07_09_36_38_time_off_by_3hrs_(should_be_later)_chunk5.json,False,False,"are there ways that microbes could trigger higher production of mucus or is that like, you know, worse for their own survival?",She builds on Rosa's introduction of mucus by hypothesizing about microbial manipulation of mucus production.,"about mucus and the mucosal, you know, membrane because that's important too."
2022_04_07_MND_S5,2022MND,MND_S5,23,combines_ideas,on_table_idea,False,,98,Erin Longbrake,02:53-03:42,BotB4_2022_04_07_09_36_38_time_off_by_3hrs_(should_be_later)_chunk5.json,86,Erin Longbrake,08:46-09:39,BotB4_2022_04_07_09_36_38_time_off_by_3hrs_(should_be_later)_chunk4.json,True,True,have that kind of a technological probe that samples mucosal... that then you could do sequencing on and kind of target your in vitro screening models to the bugs that you now know are stuck to the mucosa.,Erin combines the idea of an ingestible engineering probe with their previously discussed in vitro screening model.,"So to go back to Faranak's question, like what would be a model system to figure out if and how bacteria microbes impact let's just stick with the gut epithelial barrier this seems like an iterative screening process where you have a model system and you iteratively just screen"
2022_04_07_MND_S5,2022MND,MND_S5,24,critiques_or_challenges,named_speaker,True,Erin Longbrake,99,Iliyan Iliev,03:42-04:57,BotB4_2022_04_07_09_36_38_time_off_by_3hrs_(should_be_later)_chunk5.json,98,Erin Longbrake,02:53-03:42,BotB4_2022_04_07_09_36_38_time_off_by_3hrs_(should_be_later)_chunk5.json,False,False,"If you go with a probe, it's not gonna go in the mucosa and sample clean because it will go goes after that in the fecal material.",Iliyan points out a practical limitation of Erin's proposed ingestible probe in human subjects.,have that kind of a technological probe that samples mucosal... that then you could do sequencing on and kind of target your in vitro screening models to the bugs that you now know are stuck to the mucosa.
2022_04_07_MND_S5,2022MND,MND_S5,25,extends_existing_idea,named_speaker,True,Tom Mansell,101,Iliyan Iliev,06:40-07:04,BotB4_2022_04_07_09_36_38_time_off_by_3hrs_(should_be_later)_chunk5.json,100,Tom Mansell,04:57-06:40,BotB4_2022_04_07_09_36_38_time_off_by_3hrs_(should_be_later)_chunk5.json,False,False,"it will be very cool if you can develop a click chemistry that actually the human cell is producing half of the azide, right? And then you add the probe.",Iliyan builds on Tom's click chemistry idea by suggesting it be engineered into the host cells rather than just fed to bacteria.,it's possible that you could synthesize an one of those moieties with a click um substrate on it... you could then click on a fluorescent probe
2022_04_07_MND_S5,2022MND,MND_S5,26,critiques_or_challenges,named_speaker,True,Iliyan Iliev,102,Tom Mansell,07:04-07:07,BotB4_2022_04_07_09_36_38_time_off_by_3hrs_(should_be_later)_chunk5.json,101,Iliyan Iliev,06:40-07:04,BotB4_2022_04_07_09_36_38_time_off_by_3hrs_(should_be_later)_chunk5.json,False,False,"Oh, that's that chemistry sounds pretty hard to do in vivo.",Tom points out the significant technical difficulty of Iliyan's proposed extension.,"it will be very cool if you can develop a click chemistry that actually the human cell is producing half of the azide, right? And then you add the probe."
2022_04_07_MND_S5,2022MND,MND_S5,27,extends_existing_idea,named_speaker,True,Tom Mansell,103,Iliyan Iliev,07:07-07:24,BotB4_2022_04_07_09_36_38_time_off_by_3hrs_(should_be_later)_chunk5.json,102,Tom Mansell,07:04-07:07,BotB4_2022_04_07_09_36_38_time_off_by_3hrs_(should_be_later)_chunk5.json,False,False,Or maybe you can if you go by feeding.,He pivots back to Tom's original idea of feeding the substrate as a more feasible alternative.,"Oh, that's that chemistry sounds pretty hard to do in vivo."
2022_04_07_MND_S5,2022MND,MND_S5,28,raises_concern,on_table_idea,False,,112,Melanie Gareau,00:00-01:09,BotB4_2022_04_07_09_36_38_time_off_by_3hrs_(should_be_later)_chunk6.json,86,Erin Longbrake,08:46-09:39,BotB4_2022_04_07_09_36_38_time_off_by_3hrs_(should_be_later)_chunk4.json,False,True,it's the throughput problem. So you really need to know what you're... you have to narrow it down before you set it up.,She highlights the low throughput of the method as a significant limitation for exploratory screening.,"So to go back to Faranak's question, like what would be a model system to figure out if and how bacteria microbes impact let's just stick with the gut epithelial barrier this seems like an iterative screening process where you have a model system and you iteratively just screen"
2022_04_07_MND_S5,2022MND,MND_S5,29,synthesizes_contributions,named_speaker,True,Melanie Gareau,120,Rosa Krajmalnik-Brown,03:43-04:18,BotB4_2022_04_07_09_36_38_time_off_by_3hrs_(should_be_later)_chunk6.json,112,Melanie Gareau,00:00-01:09,BotB4_2022_04_07_09_36_38_time_off_by_3hrs_(should_be_later)_chunk6.json,False,False,"what I'm hearing from you Melanie is that these are great to test specific hypotheses, which is what you do with a lower throughput system. people that think about higher throughput system is more to do stuff that I would say it's maybe more exploratory... to generate hypotheses",Rosa synthesizes Melanie's points about the utility of the Ussing chambers.,it's the throughput problem. So you really need to know what you're... you have to narrow it down before you set it up.
2022_04_07_MND_S5,2022MND,MND_S5,30,returns_to_earlier_idea,nearest_prior,False,,131,Rosa Krajmalnik-Brown,05:25-05:29,BotB4_2022_04_07_09_36_38_time_off_by_3hrs_(should_be_later)_chunk6.json,120,Rosa Krajmalnik-Brown,03:43-04:18,BotB4_2022_04_07_09_36_38_time_off_by_3hrs_(should_be_later)_chunk6.json,True,False,"We didn't talk about if they're linked or correlated, but that's fine.",Rosa notes a part of the prompt they didn't cover extensively.,"what I'm hearing from you Melanie is that these are great to test specific hypotheses, which is what you do with a lower throughput system. people that think about higher throughput system is more to do stuff that I would say it's maybe more exploratory... to generate hypotheses"
2022_04_07_MND_S5,2022MND,MND_S5,31,synthesizes_contributions,on_table_idea,False,,132,Erin Longbrake,05:29-07:09,BotB4_2022_04_07_09_36_38_time_off_by_3hrs_(should_be_later)_chunk6.json,62,Erin Longbrake,06:44-07:33,BotB4_2022_04_07_09_36_38_time_off_by_3hrs_(should_be_later)_chunk3.json,True,True,"there was a fair amount of discussion about the various pieces of things that could be impactful and direct versus indirect effects of gut microbes, soluble metabolites, proteases, effects on immune cells... two different barrier functions... multi-hit hypothesis",Erin provides a comprehensive synthesis of the group's divergent brainstorming into structured themes.,it sounds plausible that certain microbes either make small metabolites that impact the barrier or make proteases... But certainly microbes also impact immune cells one question could be whether it's a direct effect of microbes and microbial products or whether the immune cells serve as a mediator.
2022_04_07_MND_S5,2022MND,MND_S5,32,synthesizes_contributions,on_table_idea,False,,134,Erin Longbrake,07:15-08:24,BotB4_2022_04_07_09_36_38_time_off_by_3hrs_(should_be_later)_chunk6.json,86,Erin Longbrake,08:46-09:39,BotB4_2022_04_07_09_36_38_time_off_by_3hrs_(should_be_later)_chunk4.json,True,True,"discussion about model systems and we didn't have a good answer for a high throughput screening system, but it seemed like that was what would be needed to tease it out... and then iteratively more complicated methods","Erin continues synthesizing, capturing the group's consensus on the need for tiered methodological approaches.","So to go back to Faranak's question, like what would be a model system to figure out if and how bacteria microbes impact let's just stick with the gut epithelial barrier this seems like an iterative screening process where you have a model system and you iteratively just screen"
2022_04_07_MND_S5,2022MND,MND_S5,33,synthesizes_contributions,nearest_prior,False,,138,Erin Longbrake,08:40-09:10,BotB4_2022_04_07_09_36_38_time_off_by_3hrs_(should_be_later)_chunk6.json,134,Erin Longbrake,07:15-08:24,BotB4_2022_04_07_09_36_38_time_off_by_3hrs_(should_be_later)_chunk6.json,True,False,Then I just have to recapitulate it again. Hold on.,Erin prepares to re-state or re-format the notes into the correct slide.,"discussion about model systems and we didn't have a good answer for a high throughput screening system, but it seemed like that was what would be needed to tease it out... and then iteratively more complicated methods"
2022_04_07_MND_S5,2022MND,MND_S5,34,synthesizes_contributions,on_table_idea,False,,139,Rosa Krajmalnik-Brown,09:10-09:46,BotB4_2022_04_07_09_36_38_time_off_by_3hrs_(should_be_later)_chunk6.json,23,Rosa Krajmalnik-Brown,05:48-06:41,BotB4_2022_04_07_09_36_38_time_off_by_3hrs_(should_be_later)_chunk1.json,True,True,We spoke a little bit about the blood-brain barrier in the beginning. Not too much. We focused more on the gut.,Rosa adds a meta-commentary on the balance of their discussion to ensure the summary is accurate.,Barriers affecting the gut-brain axis. That's the topic... Are permeability changes linked or correlated?
2022_04_07_MND_S5,2022MND,MND_S5,35,returns_to_earlier_idea,nearest_prior,False,,141,Rosa Krajmalnik-Brown,09:56-10:00,BotB4_2022_04_07_09_36_38_time_off_by_3hrs_(should_be_later)_chunk6.json,139,Rosa Krajmalnik-Brown,09:10-09:46,BotB4_2022_04_07_09_36_38_time_off_by_3hrs_(should_be_later)_chunk6.json,True,False,The immune system also was mentioned as one of the...,Rosa ensures a key component (immune system) is included in the final summary.,We spoke a little bit about the blood-brain barrier in the beginning. Not too much. We focused more on the gut.
2022_04_07_MND_S5,2022MND,MND_S5,36,extends_existing_idea,on_table_idea,False,,146,Rosa Krajmalnik-Brown,01:00-01:30,BotB4_2022_04_07_09_36_38_time_off_by_3hrs_(should_be_later)_chunk7.json,86,Erin Longbrake,08:46-09:39,BotB4_2022_04_07_09_36_38_time_off_by_3hrs_(should_be_later)_chunk4.json,False,True,maybe we can also add a bullet point of there are some lower throughput screening methods,Rosa suggests adding a specific point to the slide about lower throughput methods.,"So to go back to Faranak's question, like what would be a model system to figure out if and how bacteria microbes impact let's just stick with the gut epithelial barrier this seems like an iterative screening process where you have a model system and you iteratively just screen"
2022_04_07_MND_S5,2022MND,MND_S5,37,critiques_or_challenges,named_speaker,True,Rosa Krajmalnik-Brown,167,Iliyan Iliev,07:45-07:48,BotB4_2022_04_07_09_36_38_time_off_by_3hrs_(should_be_later)_chunk7.json,146,Rosa Krajmalnik-Brown,01:00-01:30,BotB4_2022_04_07_09_36_38_time_off_by_3hrs_(should_be_later)_chunk7.json,False,False,"But because you had the results of the open label, right? That wouldn't have happened without the results","Iliyan challenges the generalizability of Rosa's example, noting it required prior data.",maybe we can also add a bullet point of there are some lower throughput screening methods
2022_04_07_MND_S5,2022MND,MND_S5,38,raises_concern,nearest_prior,False,,169,Iliyan Iliev,08:09-08:22,BotB4_2022_04_07_09_36_38_time_off_by_3hrs_(should_be_later)_chunk7.json,167,Iliyan Iliev,07:45-07:48,BotB4_2022_04_07_09_36_38_time_off_by_3hrs_(should_be_later)_chunk7.json,True,False,And also like the institution will not like that because there is no... anything that you bring to the institution,Iliyan raises a logistical concern about institutional overhead for crowdfunded money.,"But because you had the results of the open label, right? That wouldn't have happened without the results"
2022_04_07_MND_S5,2022MND,MND_S5,39,returns_to_earlier_idea,nearest_prior,False,,183,Rosa Krajmalnik-Brown,00:27-00:49,BotB4_2022_04_07_09_36_38_time_off_by_3hrs_(should_be_later)_chunk8.json,169,Iliyan Iliev,08:09-08:22,BotB4_2022_04_07_09_36_38_time_off_by_3hrs_(should_be_later)_chunk7.json,False,True,"I think, um, we mentioned fungi at some point, and I don't I don't see it anywhere.",Rosa reminds the group of a previously discussed topic that should be included.,And also like the institution will not like that because there is no... anything that you bring to the institution
2022_04_07_MND_S5,2022MND,MND_S5,40,critiques_or_challenges,nearest_prior,False,,190,Erin Longbrake,01:28-01:44,BotB4_2022_04_07_09_36_38_time_off_by_3hrs_(should_be_later)_chunk8.json,183,Rosa Krajmalnik-Brown,00:27-00:49,BotB4_2022_04_07_09_36_38_time_off_by_3hrs_(should_be_later)_chunk8.json,False,False,They don't like funding anything that's risky and there's a bias towards hypothesis... So who's going to fund the observations?,Erin critiques the NIH funding system's bias against observation-driven research.,"I think, um, we mentioned fungi at some point, and I don't I don't see it anywhere."
2022_04_07_MND_S5,2022MND,MND_S5,41,critiques_or_challenges,nearest_prior,False,,192,Erin Longbrake,01:48-02:09,BotB4_2022_04_07_09_36_38_time_off_by_3hrs_(should_be_later)_chunk8.json,190,Erin Longbrake,01:28-01:44,BotB4_2022_04_07_09_36_38_time_off_by_3hrs_(should_be_later)_chunk8.json,True,False,"there's a fair amount of, um, snobbery when it comes to being NIH funded versus not NIH funded.",Erin critiques the academic culture surrounding funding sources.,They don't like funding anything that's risky and there's a bias towards hypothesis... So who's going to fund the observations?
2021_05_21_ABI_S1,2021ABI,ABI_S1,0,synthesizes_contributions,on_table_idea,False,,27,Brian Pogue,08:50-09:03,Bot_4_Breakout_Session_2_2021_05_21_10_58_43_chunk1.json,26,Carolyn Bayer,08:27-08:47,Bot_4_Breakout_Session_2_2021_05_21_10_58_43_chunk1.json,False,False,"And can you have both? Can you have high spatial, high temporal?",Brian synthesizes the discussion and poses a question about the possibility of achieving both high spatial and temporal resolution.,"It strikes me that that's a common strategy, right? Sacrificing spatial resolution to improve temporal resolution."
2021_05_21_ABI_S1,2021ABI,ABI_S1,1,extends_existing_idea,on_table_idea,False,,34,Brian Pogue,01:08-01:25,Bot_4_Breakout_Session_2_2021_05_21_10_58_43_chunk2.json,27,Brian Pogue,08:50-09:03,Bot_4_Breakout_Session_2_2021_05_21_10_58_43_chunk1.json,True,True,"in the microscopy world, this is where it's done a lot",Brian connects the current discussion to established practices in microscopy.,"And can you have both? Can you have high spatial, high temporal?"
2021_05_21_ABI_S1,2021ABI,ABI_S1,2,raises_concern,nearest_prior,False,,37,Katharine White,03:17-04:15,Bot_4_Breakout_Session_2_2021_05_21_10_58_43_chunk2.json,34,Brian Pogue,01:08-01:25,Bot_4_Breakout_Session_2_2021_05_21_10_58_43_chunk2.json,False,False,I would have no idea in terms of that,Katharine honestly admits a gap in her knowledge regarding computational methods.,"in the microscopy world, this is where it's done a lot"
2021_05_21_ABI_S1,2021ABI,ABI_S1,3,critiques_or_challenges,nearest_prior,False,,41,Katharine White,04:39-05:37,Bot_4_Breakout_Session_2_2021_05_21_10_58_43_chunk2.json,37,Katharine White,03:17-04:15,Bot_4_Breakout_Session_2_2021_05_21_10_58_43_chunk2.json,True,False,how well those work off the shelf can vary quite significantly,Katharine critiques the reliability of off-the-shelf tools.,I would have no idea in terms of that
2021_05_21_ABI_S1,2021ABI,ABI_S1,4,synthesizes_contributions,on_table_idea,True,Andrew Fogg,45,Shannon Quine,07:13-07:27,Bot_4_Breakout_Session_2_2021_05_21_10_58_43_chunk2.json,27,Brian Pogue,08:50-09:03,Bot_4_Breakout_Session_2_2021_05_21_10_58_43_chunk1.json,False,True,how do we have a molecular dynamics situation for imaging data,Shannon synthesizes Andrew's explanation into a potential research question.,"And can you have both? Can you have high spatial, high temporal?"
2021_05_21_ABI_S1,2021ABI,ABI_S1,5,extends_existing_idea,named_speaker,True,Shannon Quine,46,Brian Pogue,07:28-07:58,Bot_4_Breakout_Session_2_2021_05_21_10_58_43_chunk2.json,45,Shannon Quine,07:13-07:27,Bot_4_Breakout_Session_2_2021_05_21_10_58_43_chunk2.json,False,False,like a multi-scale approach,Brian builds on Shannon's synthesis by suggesting a multi-scale framework.,how do we have a molecular dynamics situation for imaging data
2021_05_21_ABI_S1,2021ABI,ABI_S1,6,extends_existing_idea,on_table_idea,False,,50,Brian Pogue,09:16-09:24,Bot_4_Breakout_Session_2_2021_05_21_10_58_43_chunk2.json,27,Brian Pogue,08:50-09:03,Bot_4_Breakout_Session_2_2021_05_21_10_58_43_chunk1.json,True,True,you could just a priori sort of know the temporal regimes,Brian suggests an alternative approach to the computational problem.,"And can you have both? Can you have high spatial, high temporal?"
2021_05_21_ABI_S1,2021ABI,ABI_S1,7,connects_methods,on_table_idea,False,,52,Brian Pogue,09:29-09:49,Bot_4_Breakout_Session_2_2021_05_21_10_58_43_chunk2.json,27,Brian Pogue,08:50-09:03,Bot_4_Breakout_Session_2_2021_05_21_10_58_43_chunk1.json,True,True,reminds me of multi-grid modeling in finite element,Brian draws an analogy between the imaging problem and finite element modeling.,"And can you have both? Can you have high spatial, high temporal?"
2021_05_21_ABI_S1,2021ABI,ABI_S1,8,extends_existing_idea,on_table_idea,False,,53,Andrew Fogg,09:50-09:58,Bot_4_Breakout_Session_2_2021_05_21_10_58_43_chunk2.json,46,Brian Pogue,07:28-07:58,Bot_4_Breakout_Session_2_2021_05_21_10_58_43_chunk2.json,False,False,it might be easier in a multi-modal approach,Andrew suggests a multi-modal approach to the problem.,like a multi-scale approach
2021_05_21_ABI_S1,2021ABI,ABI_S1,9,synthesizes_contributions,on_table_idea,False,,62,Larry Cheng,04:07-04:19,Bot_4_Breakout_Session_2_2021_05_21_10_58_43_chunk3.json,55,Josh Brake,00:08-02:13,Bot_4_Breakout_Session_2_2021_05_21_10_58_43_chunk3.json,False,False,this photoacoustic is a balance between the functional MRI and the optical imaging,Larry synthesizes the previous points into a coherent argument for photoacoustics.,I wonder if there's a hybrid modality where you have a front end which is maximally performant in space and time.
2021_05_21_ABI_S1,2021ABI,ABI_S1,10,synthesizes_contributions,on_table_idea,False,,68,Brian Pogue,07:44-07:56,Bot_4_Breakout_Session_2_2021_05_21_10_58_43_chunk3.json,67,Katharine White,06:16-07:43,Bot_4_Breakout_Session_2_2021_05_21_10_58_43_chunk3.json,False,False,that's a great narrative of... we've got the parts list but we need the tools to sample in space and time.,Brian synthesizes the group's discussion into a compelling narrative.,we really do have like a complete parts list of what exists inside cells... but we don't know how they're interacting in time.
2021_05_21_ABI_S1,2021ABI,ABI_S1,11,critiques_or_challenges,on_table_idea,False,,72,Brian Pogue,00:00-00:21,Bot_4_Breakout_Session_2_2021_05_21_10_58_43_chunk4.json,45,Shannon Quine,07:13-07:27,Bot_4_Breakout_Session_2_2021_05_21_10_58_43_chunk2.json,False,True,"CT is useless, you know. It gives you great images, but it's really insensitive to molecules.",Brian critiques CT imaging for its lack of molecular sensitivity.,how do we have a molecular dynamics situation for imaging data
2021_05_21_ABI_S1,2021ABI,ABI_S1,12,extends_existing_idea,named_speaker,True,Brian Pogue,77,Bryan Spring,01:13-01:25,Bot_4_Breakout_Session_2_2021_05_21_10_58_43_chunk4.json,72,Brian Pogue,00:00-00:21,Bot_4_Breakout_Session_2_2021_05_21_10_58_43_chunk4.json,False,False,"I keep thinking of MRI or PET, something guiding a microscopic tool or photoacoustic tool.",Brian extends the idea of guided imaging to include specific modalities.,"CT is useless, you know. It gives you great images, but it's really insensitive to molecules."
2021_05_21_ABI_S1,2021ABI,ABI_S1,13,synthesizes_contributions,on_table_idea,False,,82,Carolyn Bayer,03:22-04:32,Bot_4_Breakout_Session_2_2021_05_21_10_58_43_chunk4.json,45,Shannon Quine,07:13-07:27,Bot_4_Breakout_Session_2_2021_05_21_10_58_43_chunk2.json,False,True,we were talking about the how to producing more data than you're actually using... I wonder if there would be a machine learning approach to identify what is data,Carolyn synthesizes the group's discussion on data volume and proposes a machine learning solution.,how do we have a molecular dynamics situation for imaging data
2021_05_21_ABI_S1,2021ABI,ABI_S1,14,extends_existing_idea,on_table_idea,False,,90,Brian Pogue,08:44-09:03,Bot_4_Breakout_Session_2_2021_05_21_10_58_43_chunk4.json,55,Josh Brake,00:08-02:13,Bot_4_Breakout_Session_2_2021_05_21_10_58_43_chunk3.json,False,True,"The thing that came to my mind was sort of palm and storm microscopy, right, where you've got probes that have you actually use the temporal nature of the probe to identify where it's coming from",Brian extends the discussion by introducing PALM/STORM microscopy.,I wonder if there's a hybrid modality where you have a front end which is maximally performant in space and time.
2021_05_21_ABI_S1,2021ABI,ABI_S1,15,raises_concern,nearest_prior,False,,91,Seo Sim,09:04-09:46,Bot_4_Breakout_Session_2_2021_05_21_10_58_43_chunk4.json,90,Brian Pogue,08:44-09:03,Bot_4_Breakout_Session_2_2021_05_21_10_58_43_chunk4.json,False,False,"I'm not really familiar with palm, but you need that reductive buffer to, you know, make sure that only the small subset of dye is blinking",Seo raises a technical concern about the buffer requirements for PALM/STORM.,"The thing that came to my mind was sort of palm and storm microscopy, right, where you've got probes that have you actually use the temporal nature of the probe to identify where it's coming from"
2021_05_21_ABI_S1,2021ABI,ABI_S1,16,extends_existing_idea,named_speaker,True,Brian Pogue,92,Bryan Spring,09:47-09:59,Bot_4_Breakout_Session_2_2021_05_21_10_58_43_chunk4.json,90,Brian Pogue,08:44-09:03,Bot_4_Breakout_Session_2_2021_05_21_10_58_43_chunk4.json,False,False,"Have you considered stimulated emission depletion, STED, super-resolution technique? I think that that can be used on live samples, I think.",Brian suggests STED as an alternative super-resolution technique.,"The thing that came to my mind was sort of palm and storm microscopy, right, where you've got probes that have you actually use the temporal nature of the probe to identify where it's coming from"
2021_05_21_ABI_S1,2021ABI,ABI_S1,17,synthesizes_contributions,nearest_prior,False,,107,Brian Pogue,05:48-06:05,Bot_4_Breakout_Session_2_2021_05_21_10_58_43_chunk5.json,96,Katharine White,00:58-01:41,Bot_4_Breakout_Session_2_2021_05_21_10_58_43_chunk5.json,False,False,"we could go by sort of size scale essentially like organ, you know, tissue layer microscopy",Synthesizes the group's discussion into a potential categorization scheme.,thinking about how you could do multi-modal imaging to identify a larger spatial or longer temporal scale
2021_05_21_ABI_S1,2021ABI,ABI_S1,18,extends_existing_idea,on_table_idea,False,,120,Josh Brake,05:32-06:56,Bot_4_Breakout_Session_2_2021_05_21_10_58_43_chunk6.json,55,Josh Brake,00:08-02:13,Bot_4_Breakout_Session_2_2021_05_21_10_58_43_chunk3.json,True,True,You can think about in microscopy that you have all these different one of the amazing things about optical microscopy is you have so many different contrast mechanisms... Can I reassign some fluorescence signal to the right part of the cell based on wavelength?,Josh extends the idea of multimodal imaging to optical microscopy.,I wonder if there's a hybrid modality where you have a front end which is maximally performant in space and time.
2021_05_21_ABI_S1,2021ABI,ABI_S1,19,extends_existing_idea,on_table_idea,False,,124,Josh Brake,08:46-09:34,Bot_4_Breakout_Session_2_2021_05_21_10_58_43_chunk6.json,82,Carolyn Bayer,03:22-04:32,Bot_4_Breakout_Session_2_2021_05_21_10_58_43_chunk4.json,False,True,It would be interesting to explore what it would look like to have a framework to try to maybe standardize some... I wonder if there's some value in establishing best practices.,Josh extends the idea of machine learning to the development of best practices.,we were talking about the how to producing more data than you're actually using... I wonder if there would be a machine learning approach to identify what is data
2021_05_21_ABI_S1,2021ABI,ABI_S1,20,extends_existing_idea,on_table_idea,False,,125,Katharine White,09:35-09:59,Bot_4_Breakout_Session_2_2021_05_21_10_58_43_chunk6.json,45,Shannon Quine,07:13-07:27,Bot_4_Breakout_Session_2_2021_05_21_10_58_43_chunk2.json,False,True,"Or benchmarking data sets, for example... I mean that's something that's really big in molecular dynamics as well.",Katharine extends the idea of best practices to benchmarking data sets.,how do we have a molecular dynamics situation for imaging data
2021_05_21_ABI_S1,2021ABI,ABI_S1,21,extends_existing_idea,nearest_prior,False,,130,Brian Pogue,00:23-00:46,Bot_4_Breakout_Session_2_2021_05_21_10_58_43_chunk7.json,127,Katharine White,00:04-00:09,Bot_4_Breakout_Session_2_2021_05_21_10_58_43_chunk7.json,False,False,what would really be impactful?,Refines the brainstorming process by focusing on impact.,that's something that I think would be an awesome resource
2021_05_21_ABI_S1,2021ABI,ABI_S1,22,synthesizes_contributions,named_speaker,True,Katharine White,134,Brian Pogue,01:56-02:01,Bot_4_Breakout_Session_2_2021_05_21_10_58_43_chunk7.json,133,Katharine White,01:00-01:56,Bot_4_Breakout_Session_2_2021_05_21_10_58_43_chunk7.json,False,False,So the approach is to reducing data volume and capturing data that's,Synthesizes Katharine's point into a concise summary.,how do you analyze your data with these kind of coarse versus finer analyses
2021_05_21_ABI_S1,2021ABI,ABI_S1,23,extends_existing_idea,on_table_idea,False,,135,Katharine White,02:01-02:39,Bot_4_Breakout_Session_2_2021_05_21_10_58_43_chunk7.json,55,Josh Brake,00:08-02:13,Bot_4_Breakout_Session_2_2021_05_21_10_58_43_chunk3.json,False,True,how to determine... by combining imaging modality analysis,Expands on the idea of combining modalities to solve the data density problem.,I wonder if there's a hybrid modality where you have a front end which is maximally performant in space and time.
2021_05_21_ABI_S1,2021ABI,ABI_S1,24,extends_existing_idea,on_table_idea,False,,146,Bryan Spring,07:32-07:43,Bot_4_Breakout_Session_2_2021_05_21_10_58_43_chunk7.json,45,Shannon Quine,07:13-07:27,Bot_4_Breakout_Session_2_2021_05_21_10_58_43_chunk2.json,False,True,making super resolution work for live cells... is a fascinating topic and direction,Builds on the idea of super-resolution imaging for live cells.,how do we have a molecular dynamics situation for imaging data
2021_05_21_ABI_S1,2021ABI,ABI_S1,25,extends_existing_idea,on_table_idea,False,,147,Bryan Spring,07:48-08:01,Bot_4_Breakout_Session_2_2021_05_21_10_58_43_chunk7.json,137,Carolyn Bayer,03:01-03:59,Bot_4_Breakout_Session_2_2021_05_21_10_58_43_chunk7.json,False,False,using FPGAs to do the data filtering and compression right during the acquisition,Proposes a specific technical solution for data reduction.,if we're thinking about multimodal integrations... it definitely becomes a question of being able to identify in real time
2021_05_21_ABI_S1,2021ABI,ABI_S1,26,synthesizes_contributions,on_table_idea,False,,149,Brian Pogue,08:31-09:26,Bot_4_Breakout_Session_2_2021_05_21_10_58_43_chunk7.json,108,Josh Brake,06:06-07:07,Bot_4_Breakout_Session_2_2021_05_21_10_58_43_chunk5.json,False,True,So at the top we've got... simulation and experimental systems... limited acquisition... experimental measurements,Synthesizes the group's brainstormed ideas into a structured list.,how can we think about techniques that are used in simulation and translate those into experimental measurements?
2021_05_21_ABI_S1,2021ABI,ABI_S1,27,redirects_idea,nearest_prior,False,,150,Brian Pogue,09:36-09:45,Bot_4_Breakout_Session_2_2021_05_21_10_58_43_chunk7.json,149,Brian Pogue,08:31-09:26,Bot_4_Breakout_Session_2_2021_05_21_10_58_43_chunk7.json,True,False,this one seems like it might belong up here,Reorganizes the list of ideas based on group discussion.,So at the top we've got... simulation and experimental systems... limited acquisition... experimental measurements
2021_05_21_ABI_S1,2021ABI,ABI_S1,28,extends_existing_idea,on_table_idea,False,,157,Katharine White,00:26-01:18,Bot_4_Breakout_Session_2_2021_05_21_10_58_43_chunk8.json,96,Katharine White,00:58-01:41,Bot_4_Breakout_Session_2_2021_05_21_10_58_43_chunk5.json,True,True,"we study pH dynamics at the single cell scale, but then that is communicated at a tissue scale",Katharine provides a specific research example to illustrate the multi-scale problem.,thinking about how you could do multi-modal imaging to identify a larger spatial or longer temporal scale
2021_05_21_ABI_S1,2021ABI,ABI_S1,29,extends_existing_idea,on_table_idea,False,,159,Katy Keenan,01:22-01:26,Bot_4_Breakout_Session_2_2021_05_21_10_58_43_chunk8.json,135,Katharine White,02:01-02:39,Bot_4_Breakout_Session_2_2021_05_21_10_58_43_chunk7.json,False,True,That feels like an opportunity for some of the orthogonal imaging approaches also.,Katy suggests a new methodological angle.,how to determine... by combining imaging modality analysis
2021_05_21_ABI_S1,2021ABI,ABI_S1,30,extends_existing_idea,nearest_prior,False,,162,Katharine White,01:48-02:57,Bot_4_Breakout_Session_2_2021_05_21_10_58_43_chunk8.json,159,Katy Keenan,01:22-01:26,Bot_4_Breakout_Session_2_2021_05_21_10_58_43_chunk8.json,False,False,I think we actually have problems and then solutions to potentially address it.,Katharine outlines a path forward by linking problems to solutions.,That feels like an opportunity for some of the orthogonal imaging approaches also.
2021_05_21_ABI_S1,2021ABI,ABI_S1,31,extends_existing_idea,on_table_idea,False,,164,Bryan Spring,03:13-03:32,Bot_4_Breakout_Session_2_2021_05_21_10_58_43_chunk8.json,135,Katharine White,02:01-02:39,Bot_4_Breakout_Session_2_2021_05_21_10_58_43_chunk7.json,False,True,talking about infrastructure needed to combine orthogonal imaging modalities,Bryan adds a technical requirement to the project idea.,how to determine... by combining imaging modality analysis
2021_05_21_ABI_S1,2021ABI,ABI_S1,32,extends_existing_idea,on_table_idea,False,,166,Carolyn Bayer,03:39-04:33,Bot_4_Breakout_Session_2_2021_05_21_10_58_43_chunk8.json,96,Katharine White,00:58-01:41,Bot_4_Breakout_Session_2_2021_05_21_10_58_43_chunk5.json,False,True,a way to approach this might be to identify the imaging modality that currently does the best job of scaling,Carolyn proposes a strategy for selecting the imaging modality.,thinking about how you could do multi-modal imaging to identify a larger spatial or longer temporal scale
2021_05_21_ABI_S1,2021ABI,ABI_S1,33,synthesizes_contributions,named_speaker,True,Carolyn Bayer,168,Katharine White,04:44-04:57,Bot_4_Breakout_Session_2_2021_05_21_10_58_43_chunk8.json,166,Carolyn Bayer,03:39-04:33,Bot_4_Breakout_Session_2_2021_05_21_10_58_43_chunk8.json,False,False,I think I captured what Carolyn was saying,Katharine confirms she has integrated Carolyn's input.,a way to approach this might be to identify the imaging modality that currently does the best job of scaling
2021_04_23_MND_S15,2021MND,MND_S15,0,extends_existing_idea,on_table_idea,False,,76,Carolina Tropini,08:05-08:22,Breakout_Room_4_Session_3_2021_04_23_13_13_06_chunk2.json,75,Ying-Hui Chou,08:01-08:04,Breakout_Room_4_Session_3_2021_04_23_13_13_06_chunk2.json,False,False,I was thinking more on the cellular stress... is it I feel stressed out today or is it heat stress,Carolina expands the definition to include cellular and physical stressors.,"Like traumatic brain injury, that could be a stress."
2021_04_23_MND_S15,2021MND,MND_S15,1,synthesizes_contributions,on_table_idea,False,,78,Wenjing Wang,08:44-08:57,Breakout_Room_4_Session_3_2021_04_23_13_13_06_chunk2.json,75,Ying-Hui Chou,08:01-08:04,Breakout_Room_4_Session_3_2021_04_23_13_13_06_chunk2.json,False,False,it seems that the first stress seems to be the stress from the host and then there's a microbial stress,Wenjing summarizes the two types of stress that have been discussed.,"Like traumatic brain injury, that could be a stress."
2021_04_23_MND_S15,2021MND,MND_S15,2,extends_existing_idea,on_table_idea,False,,79,Xin Qi,08:58-09:41,Breakout_Room_4_Session_3_2021_04_23_13_13_06_chunk2.json,75,Ying-Hui Chou,08:01-08:04,Breakout_Room_4_Session_3_2021_04_23_13_13_06_chunk2.json,False,False,I think the stress means probably in my opinion that it disturb the balance of the microbiome environment,Xin offers a definition of stress based on the disruption of microbial balance.,"Like traumatic brain injury, that could be a stress."
2021_04_23_MND_S15,2021MND,MND_S15,3,extends_existing_idea,on_table_idea,False,,80,Abhishek Shrivastava,09:42-09:57,Breakout_Room_4_Session_3_2021_04_23_13_13_06_chunk2.json,75,Ying-Hui Chou,08:01-08:04,Breakout_Room_4_Session_3_2021_04_23_13_13_06_chunk2.json,False,False,changes in oxygen are definitely one type of stress,Abhishek provides an example of a chemical stressor.,"Like traumatic brain injury, that could be a stress."
2021_04_23_MND_S15,2021MND,MND_S15,4,extends_existing_idea,on_table_idea,False,,83,Stavroula Hatzios,00:03-00:06,Breakout_Room_4_Session_3_2021_04_23_13_13_06_chunk3.json,75,Ying-Hui Chou,08:01-08:04,Breakout_Room_4_Session_3_2021_04_23_13_13_06_chunk2.json,False,True,"Yeah, pH.",Adds pH to the list of chemical stressors.,"Like traumatic brain injury, that could be a stress."
2021_04_23_MND_S15,2021MND,MND_S15,5,extends_existing_idea,on_table_idea,False,,84,Abhishek Shrivastava,00:06-00:09,Breakout_Room_4_Session_3_2021_04_23_13_13_06_chunk3.json,75,Ying-Hui Chou,08:01-08:04,Breakout_Room_4_Session_3_2021_04_23_13_13_06_chunk2.json,False,True,"So redox, pH and redox are, yeah.",Adds redox to the list of chemical stressors.,"Like traumatic brain injury, that could be a stress."
2021_04_23_MND_S15,2021MND,MND_S15,6,extends_existing_idea,nearest_prior,False,,87,Stavroula Hatzios,00:17-00:19,Breakout_Room_4_Session_3_2021_04_23_13_13_06_chunk3.json,85,Wenjing Wang,00:09-00:14,Breakout_Room_4_Session_3_2021_04_23_13_13_06_chunk3.json,False,False,And antibiotics too.,Adds antibiotics to the list of stressors.,Or like the spice or things the host eat.
2021_04_23_MND_S15,2021MND,MND_S15,7,extends_existing_idea,named_speaker,True,Aida Ebrahimi,89,Abhishek Shrivastava,01:32-02:01,Breakout_Room_4_Session_3_2021_04_23_13_13_06_chunk3.json,88,Aida Ebrahimi,00:19-01:32,Breakout_Room_4_Session_3_2021_04_23_13_13_06_chunk3.json,False,False,there's this type six secretion system... which helps in interbacterial warfare,Builds on Aida's idea of inter-species stress by providing a specific biological mechanism.,stress can come from one species... stressing another pathogen
2021_04_23_MND_S15,2021MND,MND_S15,8,extends_existing_idea,named_speaker,True,Ali Keshavarzian,93,Abhishek Shrivastava,05:04-05:38,Breakout_Room_4_Session_3_2021_04_23_13_13_06_chunk3.json,90,Ali Keshavarzian,02:01-04:20,Breakout_Room_4_Session_3_2021_04_23_13_13_06_chunk3.json,False,False,what does changes in the motility of the gut mean to the microbes? You're increasing the fluid flows,Builds on Ali's mention of gut motility by proposing fluid flow as a mechanical stressor for microbes.,"when we are discussing it, we have to just at least be clear in our mind what do we mean with stress."
2021_04_23_MND_S15,2021MND,MND_S15,9,extends_existing_idea,on_table_idea,False,,95,Abhishek Shrivastava,06:17-06:55,Breakout_Room_4_Session_3_2021_04_23_13_13_06_chunk3.json,93,Abhishek Shrivastava,05:04-05:38,Breakout_Room_4_Session_3_2021_04_23_13_13_06_chunk3.json,True,False,peristalsis of the gut... would lead to increased fluid flows... that can increase mechanical signals,Connects his knowledge of flagellar motors to the gut peristalsis idea.,what does changes in the motility of the gut mean to the microbes? You're increasing the fluid flows
2021_04_23_MND_S15,2021MND,MND_S15,10,critiques_or_challenges,on_table_idea,False,,96,Carolina Tropini,06:55-07:12,Breakout_Room_4_Session_3_2021_04_23_13_13_06_chunk3.json,93,Abhishek Shrivastava,05:04-05:38,Breakout_Room_4_Session_3_2021_04_23_13_13_06_chunk3.json,False,False,"interestingly, a lot of the microbiota is not motile... a lot of the fiber degraders just do not have flagella.",Challenges the broad applicability of the flagellar motor idea by pointing out that many gut microbes lack flagella.,what does changes in the motility of the gut mean to the microbes? You're increasing the fluid flows
2021_04_23_MND_S15,2021MND,MND_S15,11,extends_existing_idea,on_table_idea,False,,101,Abhishek Shrivastava,07:45-08:50,Breakout_Room_4_Session_3_2021_04_23_13_13_06_chunk3.json,93,Abhishek Shrivastava,05:04-05:38,Breakout_Room_4_Session_3_2021_04_23_13_13_06_chunk3.json,True,False,you don't need all of them to be motile... if you have one bacterium... driving fluid flows... that could lead to changes in at least the structure of the community,Extends the idea of motility by arguing that even a few motile bacteria can have a disproportionate impact on the community structure.,what does changes in the motility of the gut mean to the microbes? You're increasing the fluid flows
2021_04_23_MND_S15,2021MND,MND_S15,12,resolves_contradiction,on_table_idea,False,,102,Carolina Tropini,08:50-09:18,Breakout_Room_4_Session_3_2021_04_23_13_13_06_chunk3.json,75,Ying-Hui Chou,08:01-08:04,Breakout_Room_4_Session_3_2021_04_23_13_13_06_chunk2.json,False,True,there's definitely some members that are at very low abundance that have a huge impact... short-chain fatty acid that needs to be produced at high abundance... there's a space for both things.,Resolves the tension between low-abundance impact (motility) and high-abundance impact (metabolites) by stating both are important.,"Like traumatic brain injury, that could be a stress."
2021_04_23_MND_S15,2021MND,MND_S15,13,extends_existing_idea,on_table_idea,False,,105,Stavroula Hatzios,09:42-10:00,Breakout_Room_4_Session_3_2021_04_23_13_13_06_chunk3.json,102,Carolina Tropini,08:50-09:18,Breakout_Room_4_Session_3_2021_04_23_13_13_06_chunk3.json,False,False,short-chain fatty acid... the whole topic of fermentation and alternate metabolism.,Builds on the mention of short-chain fatty acids by connecting it to fermentation and alternate metabolism.,there's definitely some members that are at very low abundance that have a huge impact... short-chain fatty acid that needs to be produced at high abundance... there's a space for both things.
2021_04_23_MND_S15,2021MND,MND_S15,14,extends_existing_idea,on_table_idea,False,,106,Stavroula Hatzios,00:00-01:11,Breakout_Room_4_Session_3_2021_04_23_13_13_06_chunk4.json,78,Wenjing Wang,08:44-08:57,Breakout_Room_4_Session_3_2021_04_23_13_13_06_chunk2.json,False,True,fuel this chain of inflammation. So I think the point of metabolites... is one big response to stress,She builds on the previous discussion of stress by detailing the metabolic feedback loops between host and microbe.,it seems that the first stress seems to be the stress from the host and then there's a microbial stress
2021_04_23_MND_S15,2021MND,MND_S15,15,extends_existing_idea,on_table_idea,False,,107,Ali Keshavarzian,01:11-01:32,Breakout_Room_4_Session_3_2021_04_23_13_13_06_chunk4.json,75,Ying-Hui Chou,08:01-08:04,Breakout_Room_4_Session_3_2021_04_23_13_13_06_chunk2.json,False,True,vaginal environment is under tremendous amount of stress as well... continuous stress because of proximity,He expands the scope of the stress discussion to include the vaginal microbiome.,"Like traumatic brain injury, that could be a stress."
2021_04_23_MND_S15,2021MND,MND_S15,16,extends_existing_idea,named_speaker,True,Chris Whidbey,109,Xin Qi,02:58-04:20,Breakout_Room_4_Session_3_2021_04_23_13_13_06_chunk4.json,108,Chris Whidbey,01:32-02:58,Breakout_Room_4_Session_3_2021_04_23_13_13_06_chunk4.json,False,False,stress is really depends on the model we study... if we study neurodegenerative disease... what the stress will be,She builds on Chris's point about defining stressors by linking it to the choice of disease model.,"trying to think about what ways we can use to study in a more high throughput way what the impact of different conditions on these different taxa are we need to kind of start to define okay which ones do we want to look at, how do we look at them"
2021_04_23_MND_S15,2021MND,MND_S15,17,extends_existing_idea,named_speaker,True,Lisa Ryno,112,Wenjing Wang,06:24-07:49,Breakout_Room_4_Session_3_2021_04_23_13_13_06_chunk4.json,111,Lisa Ryno,05:44-06:24,Breakout_Room_4_Session_3_2021_04_23_13_13_06_chunk4.json,False,False,this actually can be studied in a really simple model case... once we understood which transcription factor is being activated... designing drugs to perturb the intracellular signaling pathways,She builds on Lisa's bioengineering idea by suggesting a reductive model to identify and drug specific transcription factors.,introducing probiotic microbes that make the things that you want to make... whether they're involved in quorum sensing or making short chain fatty acids
2021_04_23_MND_S15,2021MND,MND_S15,18,extends_existing_idea,on_table_idea,False,,117,Ali Keshavarzian,01:18-03:25,Breakout_Room_4_Session_3_2021_04_23_13_13_06_chunk5.json,112,Wenjing Wang,06:24-07:49,Breakout_Room_4_Session_3_2021_04_23_13_13_06_chunk4.json,False,True,"you are adding the another factor, the factors that increase or decrease resiliency to response to stress",He extends the discussion of stress models by introducing the concept of host resiliency factors like age and sleep.,this actually can be studied in a really simple model case... once we understood which transcription factor is being activated... designing drugs to perturb the intracellular signaling pathways
2021_04_23_MND_S15,2021MND,MND_S15,19,combines_ideas,on_table_idea,False,,118,Lisa Ryno,03:25-04:26,Breakout_Room_4_Session_3_2021_04_23_13_13_06_chunk5.json,80,Abhishek Shrivastava,09:42-09:57,Breakout_Room_4_Session_3_2021_04_23_13_13_06_chunk2.json,False,True,how would you interface that with one of these organoid models,She attempts to combine her knowledge of bacterial states with the previously discussed organoid models.,changes in oxygen are definitely one type of stress
2021_04_23_MND_S15,2021MND,MND_S15,20,extends_existing_idea,named_speaker,True,Lisa Ryno,119,Abhishek Shrivastava,04:26-05:41,Breakout_Room_4_Session_3_2021_04_23_13_13_06_chunk5.json,118,Lisa Ryno,03:25-04:26,Breakout_Room_4_Session_3_2021_04_23_13_13_06_chunk5.json,False,False,"what if the more prominent phyla was not Bacteroidetes, what if it was Proteobacteria... that could easily be genetically modified",He builds on Lisa's point by discussing the genetic tractability of different bacterial phyla in the gut.,how would you interface that with one of these organoid models
2021_04_23_MND_S15,2021MND,MND_S15,21,synthesizes_contributions,on_table_idea,False,,120,Chris Whidbey,05:41-07:06,Breakout_Room_4_Session_3_2021_04_23_13_13_06_chunk5.json,109,Xin Qi,02:58-04:20,Breakout_Room_4_Session_3_2021_04_23_13_13_06_chunk4.json,False,True,an organoid type model might be one good way to kind of balance the ability to get reductionist but still have some physiological relevance,Chris synthesizes the need for genetic tractability with the need for physiological relevance by endorsing the organoid model.,stress is really depends on the model we study... if we study neurodegenerative disease... what the stress will be
2021_04_23_MND_S15,2021MND,MND_S15,22,raises_concern,on_table_idea,False,,121,Ali Keshavarzian,07:06-07:56,Breakout_Room_4_Session_3_2021_04_23_13_13_06_chunk5.json,118,Lisa Ryno,03:25-04:26,Breakout_Room_4_Session_3_2021_04_23_13_13_06_chunk5.json,False,False,"you guys be careful when you are talking about the gut organoid, these are 3Ds and they are closed",Ali points out a physical limitation of the organoid models being discussed.,how would you interface that with one of these organoid models
2021_04_23_MND_S15,2021MND,MND_S15,23,raises_concern,on_table_idea,False,,124,Carolina Tropini,08:33-10:00,Breakout_Room_4_Session_3_2021_04_23_13_13_06_chunk5.json,118,Lisa Ryno,03:25-04:26,Breakout_Room_4_Session_3_2021_04_23_13_13_06_chunk5.json,False,False,"one of the challenges with like say having organoids is actually replicating the physical environment, for example the oxygen tension",She adds another caveat regarding the physical limitations of using organoid models.,how would you interface that with one of these organoid models
2021_04_23_MND_S15,2021MND,MND_S15,24,synthesizes_contributions,on_table_idea,False,,125,Carolina Tropini,00:00-00:14,Breakout_Room_4_Session_3_2021_04_23_13_13_06_chunk6.json,119,Abhishek Shrivastava,04:26-05:41,Breakout_Room_4_Session_3_2021_04_23_13_13_06_chunk5.json,False,True,I think it's key to find the right model for the question that is asked.,Carolina summarizes the prior discussion about model selection into a core guiding principle.,"what if the more prominent phyla was not Bacteroidetes, what if it was Proteobacteria... that could easily be genetically modified"
2021_04_23_MND_S15,2021MND,MND_S15,25,extends_existing_idea,on_table_idea,False,,126,Stavroula Hatzios,00:15-01:37,Breakout_Room_4_Session_3_2021_04_23_13_13_06_chunk6.json,119,Abhishek Shrivastava,04:26-05:41,Breakout_Room_4_Session_3_2021_04_23_13_13_06_chunk5.json,False,True,in the absence of those we might have to think about more global interventions with small molecules,Stavroula builds on the discussion of genetic tools by proposing an alternative approach using small molecules.,"what if the more prominent phyla was not Bacteroidetes, what if it was Proteobacteria... that could easily be genetically modified"
2021_04_23_MND_S15,2021MND,MND_S15,26,extends_existing_idea,on_table_idea,False,,136,Ali Keshavarzian,05:53-06:47,Breakout_Room_4_Session_3_2021_04_23_13_13_06_chunk6.json,110,Ali Keshavarzian,04:21-05:43,Breakout_Room_4_Session_3_2021_04_23_13_13_06_chunk4.json,True,True,"you highlighted diseases, but it could be non-disease stress. That could be behavioral stress, it could be biological stress such as sleep deprivation",Expands the definition of host stress in the notes to include non-disease factors.,can we disrupt the signal or intercept the signal... that we dissociate host associated stress from the microbe associated stress
2021_04_23_MND_S15,2021MND,MND_S15,27,synthesizes_contributions,named_speaker,True,Ali Keshavarzian,138,Ying-Hui Chou,06:52-07:35,Breakout_Room_4_Session_3_2021_04_23_13_13_06_chunk6.json,136,Ali Keshavarzian,05:53-06:47,Breakout_Room_4_Session_3_2021_04_23_13_13_06_chunk6.json,False,False,"I feel like we can still model that relationship between stress and response just based on Ali's idea about resilience. Maybe at a certain point of time it will go back to normal. But for some larger stress, it will just break down. So I think if we are able to model something like that, that would be important too.",Connects the current discussion of modeling to Ali's earlier point about resilience.,"you highlighted diseases, but it could be non-disease stress. That could be behavioral stress, it could be biological stress such as sleep deprivation"
2021_04_23_MND_S15,2021MND,MND_S15,28,extends_existing_idea,on_table_idea,False,,138,Ying-Hui Chou,06:52-07:35,Breakout_Room_4_Session_3_2021_04_23_13_13_06_chunk6.json,75,Ying-Hui Chou,08:01-08:04,Breakout_Room_4_Session_3_2021_04_23_13_13_06_chunk2.json,True,True,"I feel like we can still model that relationship between stress and response just based on Ali's idea about resilience. Maybe at a certain point of time it will go back to normal. But for some larger stress, it will just break down. So I think if we are able to model something like that, that would be important too.",Proposes adding the temporal dynamics of resilience and breakdown to their modeling approach.,"Like traumatic brain injury, that could be a stress."
2021_04_23_MND_S15,2021MND,MND_S15,29,synthesizes_contributions,on_table_idea,False,,141,Ali Keshavarzian,08:09-09:03,Breakout_Room_4_Session_3_2021_04_23_13_13_06_chunk6.json,110,Ali Keshavarzian,04:21-05:43,Breakout_Room_4_Session_3_2021_04_23_13_13_06_chunk4.json,True,True,the thing is that is crystallized in my mind that microbial associated stress and secretome or signaling can render itself much easier to reductionist approach... While the host associated stress needs a more higher level modeling distinguishing these two I think is very very important.,Synthesizes the group's discussion into a clear distinction between how to model microbial vs. host stress.,can we disrupt the signal or intercept the signal... that we dissociate host associated stress from the microbe associated stress
2021_04_23_MND_S15,2021MND,MND_S15,30,extends_existing_idea,on_table_idea,False,,142,Aida Ebrahimi,09:04-10:00,Breakout_Room_4_Session_3_2021_04_23_13_13_06_chunk6.json,75,Ying-Hui Chou,08:01-08:04,Breakout_Room_4_Session_3_2021_04_23_13_13_06_chunk2.json,False,True,"when the host is under stress, we know a lot of biochemicals in our saliva for example, it is changing and we can measure them. Like when our cortisol level is changing",Extends the discussion of host stress by proposing specific measurable biochemical markers like cortisol.,"Like traumatic brain injury, that could be a stress."
2021_04_23_MND_S15,2021MND,MND_S15,31,extends_existing_idea,on_table_idea,False,,144,Wenjing Wang,00:11-00:33,Breakout_Room_4_Session_3_2021_04_23_13_13_06_chunk7.json,138,Ying-Hui Chou,06:52-07:35,Breakout_Room_4_Session_3_2021_04_23_13_13_06_chunk6.json,False,True,It's more the host induced stress. That's much more complicated because it's a two-way interaction.,Wenjing elaborates on the complexity of the host-microbiome interaction.,"I feel like we can still model that relationship between stress and response just based on Ali's idea about resilience. Maybe at a certain point of time it will go back to normal. But for some larger stress, it will just break down. So I think if we are able to model something like that, that would be important too."
2021_04_23_MND_S15,2021MND,MND_S15,32,critiques_or_challenges,named_speaker,True,Aida Ebrahimi,149,Ali Keshavarzian,01:13-01:20,Breakout_Room_4_Session_3_2021_04_23_13_13_06_chunk7.json,142,Aida Ebrahimi,09:04-10:00,Breakout_Room_4_Session_3_2021_04_23_13_13_06_chunk6.json,False,True,"The first point, Aida, was the microbial associated, not host derived.",Ali corrects a misunderstanding in the notes Aida took.,"when the host is under stress, we know a lot of biochemicals in our saliva for example, it is changing and we can measure them. Like when our cortisol level is changing"
2021_04_23_MND_S15,2021MND,MND_S15,33,synthesizes_contributions,named_speaker,True,Aida Ebrahimi,151,Ali Keshavarzian,01:36-01:50,Breakout_Room_4_Session_3_2021_04_23_13_13_06_chunk7.json,142,Aida Ebrahimi,09:04-10:00,Breakout_Room_4_Session_3_2021_04_23_13_13_06_chunk6.json,False,True,"And your point, Aida, is that how does that host stress impact microbial? And you mentioned a few examples that stress hormones...",Ali summarizes Aida's earlier point to ensure it is captured correctly.,"when the host is under stress, we know a lot of biochemicals in our saliva for example, it is changing and we can measure them. Like when our cortisol level is changing"
2021_04_23_MND_S15,2021MND,MND_S15,34,synthesizes_contributions,on_table_idea,False,,152,Aida Ebrahimi,01:51-02:16,Breakout_Room_4_Session_3_2021_04_23_13_13_06_chunk7.json,118,Lisa Ryno,03:25-04:26,Breakout_Room_4_Session_3_2021_04_23_13_13_06_chunk5.json,False,True,"And we also talked about gut motility, I remember. And we talked about the flow. It changes mechanical signals.",Aida summarizes another key point from their earlier discussion.,how would you interface that with one of these organoid models
2021_04_23_MND_S15,2021MND,MND_S15,35,returns_to_earlier_idea,on_table_idea,False,,155,Wenjing Wang,02:28-02:53,Breakout_Room_4_Session_3_2021_04_23_13_13_06_chunk7.json,119,Abhishek Shrivastava,04:26-05:41,Breakout_Room_4_Session_3_2021_04_23_13_13_06_chunk5.json,False,True,"So we kind of talk about there's a lack of genetic approach for these microbiome. I think that's, that's very important.",Wenjing brings back a previously discussed point about the lack of genetic tools.,"what if the more prominent phyla was not Bacteroidetes, what if it was Proteobacteria... that could easily be genetically modified"
2021_04_23_MND_S15,2021MND,MND_S15,36,raises_concern,on_table_idea,False,,164,Chris Whidbey,04:24-05:19,Breakout_Room_4_Session_3_2021_04_23_13_13_06_chunk7.json,119,Abhishek Shrivastava,04:26-05:41,Breakout_Room_4_Session_3_2021_04_23_13_13_06_chunk5.json,False,True,But that would also require some phage biology that I'm not sure how well that's understood in the gut.,Chris points out a significant knowledge gap that makes this approach difficult.,"what if the more prominent phyla was not Bacteroidetes, what if it was Proteobacteria... that could easily be genetically modified"
2021_04_23_MND_S15,2021MND,MND_S15,37,raises_concern,on_table_idea,False,,165,Abhishek Shrivastava,05:20-05:55,Breakout_Room_4_Session_3_2021_04_23_13_13_06_chunk7.json,119,Abhishek Shrivastava,04:26-05:41,Breakout_Room_4_Session_3_2021_04_23_13_13_06_chunk5.json,True,True,So we just don't know what sort of antibiotic resistance profiles certain bacteria have once we have to grow them in the lab,Abhishek highlights specific methodological hurdles related to antibiotic selection.,"what if the more prominent phyla was not Bacteroidetes, what if it was Proteobacteria... that could easily be genetically modified"
2021_06_11_SLU_S5,2021SLU,SLU_S5,0,extends_existing_idea,named_speaker,True,Maggie Osburn,30,Morgan Raven,09:38-10:00,botB2_2021_06_11_10_58_55_chunk1.json,27,Maggie Osburn,08:09-09:34,botB2_2021_06_11_10_58_55_chunk1.json,False,False,I mean even the Martian sulfur isotopes right it really drives home that you can get these really large fractionations,Morgan extends Maggie's idea by bringing in the example of Martian sulfur isotopes.,one of the biggest battles we fight is sort of the abiotic system mimicking the biological system in terms of the isotopic fractionations
2021_06_11_SLU_S5,2021SLU,SLU_S5,1,extends_existing_idea,on_table_idea,False,,31,Morgan Raven,00:00-00:34,botB2_2021_06_11_10_58_55_chunk2.json,27,Maggie Osburn,08:09-09:34,botB2_2021_06_11_10_58_55_chunk1.json,False,True,thinking about like suites of isotope signatures rather than absolute values,Morgan builds on the isotopic signature idea by suggesting a focus on suites of signatures rather than single values.,one of the biggest battles we fight is sort of the abiotic system mimicking the biological system in terms of the isotopic fractionations
2021_06_11_SLU_S5,2021SLU,SLU_S5,2,extends_existing_idea,on_table_idea,False,,32,Amanda Stockton,00:34-01:28,botB2_2021_06_11_10_58_55_chunk2.json,27,Maggie Osburn,08:09-09:34,botB2_2021_06_11_10_58_55_chunk1.json,False,True,connectivity and patterns of connectivity that leads to molecules and then perhaps to spatial distributions,Amanda extends the idea by introducing spatial distributions and patterns of connectivity.,one of the biggest battles we fight is sort of the abiotic system mimicking the biological system in terms of the isotopic fractionations
2021_06_11_SLU_S5,2021SLU,SLU_S5,3,extends_existing_idea,on_table_idea,False,,33,Andro Rios,01:28-02:18,botB2_2021_06_11_10_58_55_chunk2.json,27,Maggie Osburn,08:09-09:34,botB2_2021_06_11_10_58_55_chunk1.json,False,True,a continuity of precursor molecules so that you see that same isotopic signature in the same precursor compound,Andro adds the concept of tracking isotopic signatures through precursor and daughter compounds in a pathway.,one of the biggest battles we fight is sort of the abiotic system mimicking the biological system in terms of the isotopic fractionations
2021_06_11_SLU_S5,2021SLU,SLU_S5,4,synthesizes_contributions,on_table_idea,False,,34,Tori Hoeler,02:19-03:28,botB2_2021_06_11_10_58_55_chunk2.json,27,Maggie Osburn,08:09-09:34,botB2_2021_06_11_10_58_55_chunk1.json,False,True,some of that to me just to try to carry this forward gets to is kind of emblematic of a bigger issue how do you distinguish what's alive and what's on a trajectory to be alive,Tori connects the previous points about isotopes and pathways to a broader overarching theme.,one of the biggest battles we fight is sort of the abiotic system mimicking the biological system in terms of the isotopic fractionations
2021_06_11_SLU_S5,2021SLU,SLU_S5,5,synthesizes_contributions,named_speaker,True,Andro Rios,35,Amanda Stockton,03:29-04:18,botB2_2021_06_11_10_58_55_chunk2.json,33,Andro Rios,01:28-02:18,botB2_2021_06_11_10_58_55_chunk2.json,False,False,to kind of come back to what Andro was saying... we would expect to see more enrichment of lighter isotopes,Amanda integrates Andro's point about pathways with the kinetic fractionation concept.,a continuity of precursor molecules so that you see that same isotopic signature in the same precursor compound
2021_06_11_SLU_S5,2021SLU,SLU_S5,6,extends_existing_idea,on_table_idea,False,,36,Andro Rios,04:18-05:04,botB2_2021_06_11_10_58_55_chunk2.json,27,Maggie Osburn,08:09-09:34,botB2_2021_06_11_10_58_55_chunk1.json,False,True,there's going to be one particular precursor and so you could target that,He builds on the synthesis by suggesting a specific targeting approach.,one of the biggest battles we fight is sort of the abiotic system mimicking the biological system in terms of the isotopic fractionations
2021_06_11_SLU_S5,2021SLU,SLU_S5,7,synthesizes_contributions,on_table_idea,False,,37,Amanda Stockton,05:04-05:32,botB2_2021_06_11_10_58_55_chunk2.json,27,Maggie Osburn,08:09-09:34,botB2_2021_06_11_10_58_55_chunk1.json,False,True,coming back to that general model that many people expound of we're looking at the patterns,Amanda connects the specific precursor idea back to the broader pattern-recognition model.,one of the biggest battles we fight is sort of the abiotic system mimicking the biological system in terms of the isotopic fractionations
2021_06_11_SLU_S5,2021SLU,SLU_S5,8,extends_existing_idea,on_table_idea,False,,38,Andro Rios,05:32-05:46,botB2_2021_06_11_10_58_55_chunk2.json,27,Maggie Osburn,08:09-09:34,botB2_2021_06_11_10_58_55_chunk1.json,False,True,not just the pattern of select amino acids... but also the unique pathways that are producing them,Andro refines the pattern idea to include the pathways themselves.,one of the biggest battles we fight is sort of the abiotic system mimicking the biological system in terms of the isotopic fractionations
2021_06_11_SLU_S5,2021SLU,SLU_S5,9,extends_existing_idea,on_table_idea,False,,39,Maggie Osburn,05:46-07:55,botB2_2021_06_11_10_58_55_chunk2.json,27,Maggie Osburn,08:09-09:34,botB2_2021_06_11_10_58_55_chunk1.json,True,True,think about the discrimination of an abiotic system compared to the discrimination of a biological system while polymerizing amino acids,She applies her domain knowledge to propose comparing abiotic and biotic discrimination.,one of the biggest battles we fight is sort of the abiotic system mimicking the biological system in terms of the isotopic fractionations
2021_06_11_SLU_S5,2021SLU,SLU_S5,10,extends_existing_idea,named_speaker,True,Amanda Stockton,45,Jay Forsythe,00:28-01:34,botB2_2021_06_11_10_58_55_chunk3.json,44,Amanda Stockton,00:00-00:28,botB2_2021_06_11_10_58_55_chunk3.json,False,False,I can almost imagine something similar but just on a chemical level where you dope in different organics that are isotopically enriched and then do model prebiotic reactions,Jay builds on Amanda's idea by suggesting an experimental chemical analog to her literature-based correlation approach.,get like a massive database of everything that everyone has done in the literature so far and then we could start to correlate different formation environments with different amino acid structures
2021_06_11_SLU_S5,2021SLU,SLU_S5,11,redirects_idea,on_table_idea,False,,46,Amanda Stockton,01:34-02:51,botB2_2021_06_11_10_58_55_chunk3.json,44,Amanda Stockton,00:00-00:28,botB2_2021_06_11_10_58_55_chunk3.json,True,False,I guess I'm kind of relating it back to a project that one of my students has been working on... basically mining the meteorite literature,Amanda clarifies and slightly redirects the discussion back to her original intent of literature mining rather than experimental doping.,get like a massive database of everything that everyone has done in the literature so far and then we could start to correlate different formation environments with different amino acid structures
2021_06_11_SLU_S5,2021SLU,SLU_S5,12,connects_methods,named_speaker,True,Amanda Stockton,47,Andro Rios,02:51-03:28,botB2_2021_06_11_10_58_55_chunk3.json,46,Amanda Stockton,01:34-02:51,botB2_2021_06_11_10_58_55_chunk3.json,False,False,analogous to what Glavin and them are doing with the extent of aqueous alteration of the meteorites compared to enantiomeric enrichment,Andro connects Amanda's proposed approach to an existing methodological framework used by other researchers in the field.,I guess I'm kind of relating it back to a project that one of my students has been working on... basically mining the meteorite literature
2021_06_11_SLU_S5,2021SLU,SLU_S5,13,extends_existing_idea,on_table_idea,False,,48,Morgan Raven,03:30-04:50,botB2_2021_06_11_10_58_55_chunk3.json,27,Maggie Osburn,08:09-09:34,botB2_2021_06_11_10_58_55_chunk1.json,False,True,the offset in sulfur isotopes between those two can tell you something... creative utilization and reutilization of amino acids,She extends the isotopic discussion by introducing sulfur isotopes as a specific marker for biological recycling pathways.,one of the biggest battles we fight is sort of the abiotic system mimicking the biological system in terms of the isotopic fractionations
2021_06_11_SLU_S5,2021SLU,SLU_S5,14,synthesizes_contributions,named_speaker,True,Morgan Raven,49,Tori Hoeler,04:51-06:07,botB2_2021_06_11_10_58_55_chunk3.json,48,Morgan Raven,03:30-04:50,botB2_2021_06_11_10_58_55_chunk3.json,False,False,the extent of recycling of resources is actually a characteristic of a biological system that doesn't exist in abiotic systems,Tori synthesizes Morgan's point about recycling into a generalized principle for distinguishing life from non-life.,the offset in sulfur isotopes between those two can tell you something... creative utilization and reutilization of amino acids
2021_06_11_SLU_S5,2021SLU,SLU_S5,15,extends_existing_idea,on_table_idea,False,,50,Eliza Kempton,06:08-08:03,botB2_2021_06_11_10_58_55_chunk3.json,27,Maggie Osburn,08:09-09:34,botB2_2021_06_11_10_58_55_chunk1.json,False,True,thinking about trends over many objects... what would be the smoking gun of life if you could see a particular trend in many planets,She extends the idea of patterns by suggesting that the biosignature might be a statistical trend across many planets rather than a single observation.,one of the biggest battles we fight is sort of the abiotic system mimicking the biological system in terms of the isotopic fractionations
2021_06_11_SLU_S5,2021SLU,SLU_S5,16,returns_to_earlier_idea,named_speaker,True,Liz McCormack,51,Hilke Schlichting,08:04-09:11,botB2_2021_06_11_10_58_55_chunk3.json,20,Liz McCormack,05:09-06:02,botB2_2021_06_11_10_58_55_chunk1.json,False,True,that takes us a little bit back maybe to energy and entropy and information... is there something really quantitative we can say,She brings the conversation back to Liz's earlier idea about using energy and entropy as quantitative metrics.,looking at energy and entropy and you know kind of global signatures of of um of the way life uh changes the uh entropic character of environments
2021_06_11_SLU_S5,2021SLU,SLU_S5,17,extends_existing_idea,on_table_idea,False,,52,Maggie Osburn,09:11-10:00,botB2_2021_06_11_10_58_55_chunk3.json,27,Maggie Osburn,08:09-09:34,botB2_2021_06_11_10_58_55_chunk1.json,True,True,if you could measure two things that you expect had a relationship functionally with life... that could be a place to start,She extends the discussion by suggesting that measuring functionally related pairs of molecules could provide the necessary isotopic context.,one of the biggest battles we fight is sort of the abiotic system mimicking the biological system in terms of the isotopic fractionations
2021_06_11_SLU_S5,2021SLU,SLU_S5,18,extends_existing_idea,on_table_idea,False,,55,Eliza Kempton,00:57-01:30,botB2_2021_06_11_10_58_55_chunk4.json,27,Maggie Osburn,08:09-09:34,botB2_2021_06_11_10_58_55_chunk1.json,False,True,simulate if there was an input we could simulate it and see what the expected observable signature is,Eliza proposes a specific approach (simulation) to address the gap in knowing expected signatures.,one of the biggest battles we fight is sort of the abiotic system mimicking the biological system in terms of the isotopic fractionations
2021_06_11_SLU_S5,2021SLU,SLU_S5,19,extends_existing_idea,named_speaker,True,Morgan Raven,64,Eliza Kempton,03:16-04:00,botB2_2021_06_11_10_58_55_chunk4.json,62,Morgan Raven,02:52-03:06,botB2_2021_06_11_10_58_55_chunk4.json,False,False,but if those hazes are linked to a biosignature for example that's interesting.,"Builds on Morgan's idea by noting that despite being a nuisance, hazes could be valuable biosignatures.","particulate like cloud condensation nuclei, hazes... is there a hope of detecting something like that"
2021_06_11_SLU_S5,2021SLU,SLU_S5,20,extends_existing_idea,on_table_idea,False,,66,Morgan Raven,04:24-04:45,botB2_2021_06_11_10_58_55_chunk4.json,62,Morgan Raven,02:52-03:06,botB2_2021_06_11_10_58_55_chunk4.json,True,False,some of them might be like cloud condensation nuclei or something like that. Sulfate aerosols,Develops her idea further by specifying the types of sulfur hazes she is interested in.,"particulate like cloud condensation nuclei, hazes... is there a hope of detecting something like that"
2021_06_11_SLU_S5,2021SLU,SLU_S5,21,extends_existing_idea,nearest_prior,False,,67,Natasha Batalha,04:45-05:48,botB2_2021_06_11_10_58_55_chunk4.json,66,Morgan Raven,04:24-04:45,botB2_2021_06_11_10_58_55_chunk4.json,False,False,with web we can get further into the infrared and so maybe in transmission you would be able to see some other kinds of condensation,Extends the discussion by introducing how the James Webb Space Telescope could provide new capabilities for this idea.,some of them might be like cloud condensation nuclei or something like that. Sulfate aerosols
2021_06_11_SLU_S5,2021SLU,SLU_S5,22,synthesizes_contributions,nearest_prior,False,,68,Tori Hoeler,05:48-06:46,botB2_2021_06_11_10_58_55_chunk4.json,67,Natasha Batalha,04:45-05:48,botB2_2021_06_11_10_58_55_chunk4.json,False,False,fun dynamic that I see emerging here right which is on the observational side kind of looking at what's feasible... and then on the more in situ side developing the rationale,Tori explicitly synthesizes the two different disciplinary perspectives that have been interacting.,with web we can get further into the infrared and so maybe in transmission you would be able to see some other kinds of condensation
2021_06_11_SLU_S5,2021SLU,SLU_S5,23,combines_ideas,named_speaker,True,Morgan Raven,75,Andro Rios,07:57-08:32,botB2_2021_06_11_10_58_55_chunk4.json,73,Eliza Kempton,07:01-07:55,botB2_2021_06_11_10_58_55_chunk4.json,False,False,sulfur based volatiles I mean if they if Eliza and Natasha were able to use their telescope and see these a diversity of them across many different planets,Andro explicitly combines Morgan's sulfur idea with Eliza's statistical multi-planet idea.,observing many planets... are there trends that one could look for if if one had the option of observing 100 exoplanets
2021_06_11_SLU_S5,2021SLU,SLU_S5,24,extends_existing_idea,on_table_idea,False,,76,Morgan Raven,08:32-09:20,botB2_2021_06_11_10_58_55_chunk4.json,73,Eliza Kempton,07:01-07:55,botB2_2021_06_11_10_58_55_chunk4.json,False,False,if our assumption is life is rare and we're looking for an outlier and we see one thing that looks very very different from all the others then maybe that would be an approach,Morgan extends the statistical idea by framing it as an anomaly detection problem based on the assumption that life is rare.,observing many planets... are there trends that one could look for if if one had the option of observing 100 exoplanets
2021_06_11_SLU_S5,2021SLU,SLU_S5,25,synthesizes_contributions,on_table_idea,False,,77,Tori Hoeler,09:20-10:00,botB2_2021_06_11_10_58_55_chunk4.json,73,Eliza Kempton,07:01-07:55,botB2_2021_06_11_10_58_55_chunk4.json,False,False,take a statistical view of things... and I see it evolving in the direction that you guys are describing which is from the perspective of life detection also thinking in those same kinds of statistical terms because the individual features that you might be observing have relatively low information content compared to the kinds of organics that we were talking about,"Tori synthesizes the group's discussion, highlighting the shift toward a statistical framework for life detection.",observing many planets... are there trends that one could look for if if one had the option of observing 100 exoplanets
2021_06_11_SLU_S5,2021SLU,SLU_S5,26,extends_existing_idea,on_table_idea,False,,77,Tori Hoeler,09:20-10:00,botB2_2021_06_11_10_58_55_chunk4.json,73,Eliza Kempton,07:01-07:55,botB2_2021_06_11_10_58_55_chunk4.json,False,False,take a statistical view of things... and I see it evolving in the direction that you guys are describing which is from the perspective of life detection also thinking in those same kinds of statistical terms because the individual features that you might be observing have relatively low information content compared to the kinds of organics that we were talking about,Connects the statistical approach back to the earlier discussion about the low information content of simple molecules.,observing many planets... are there trends that one could look for if if one had the option of observing 100 exoplanets
2021_06_11_SLU_S5,2021SLU,SLU_S5,27,synthesizes_contributions,on_table_idea,False,,78,Tori Hoeler,00:00-00:55,botB2_2021_06_11_10_58_55_chunk5.json,73,Eliza Kempton,07:01-07:55,botB2_2021_06_11_10_58_55_chunk4.json,False,True,"I think it pushes things necessarily in the direction of a more statistical perspective, right? Looking for patterns in patterns adopting some of the statistical perspective that has necessarily emerged in the exoplanet field... brought to bear in an in situ context",Tori synthesizes the previous discussion by suggesting the group adopt the statistical perspective used in exoplanet science for in situ missions.,observing many planets... are there trends that one could look for if if one had the option of observing 100 exoplanets
2021_06_11_SLU_S5,2021SLU,SLU_S5,28,connects_methods,on_table_idea,False,,78,Tori Hoeler,00:00-00:55,botB2_2021_06_11_10_58_55_chunk5.json,62,Morgan Raven,02:52-03:06,botB2_2021_06_11_10_58_55_chunk4.json,False,True,"I think it pushes things necessarily in the direction of a more statistical perspective, right? Looking for patterns in patterns adopting some of the statistical perspective that has necessarily emerged in the exoplanet field... brought to bear in an in situ context",He explicitly connects the methodological approach of one field (exoplanets) to the context of another (in situ).,"particulate like cloud condensation nuclei, hazes... is there a hope of detecting something like that"
2021_06_11_SLU_S5,2021SLU,SLU_S5,29,extends_existing_idea,named_speaker,True,Tori Hoeler,79,Hilke Schlichting,00:55-01:51,botB2_2021_06_11_10_58_55_chunk5.json,78,Tori Hoeler,00:00-00:55,botB2_2021_06_11_10_58_55_chunk5.json,False,False,"by putting that together as a large sample for different stellar ages, we can try to, you know, check or probe this evolution of life",Hilke builds on Tori's suggestion of using statistics by proposing stellar age as a specific variable to track the evolution of biosignatures.,"I think it pushes things necessarily in the direction of a more statistical perspective, right? Looking for patterns in patterns adopting some of the statistical perspective that has necessarily emerged in the exoplanet field... brought to bear in an in situ context"
2021_06_11_SLU_S5,2021SLU,SLU_S5,30,connects_methods,on_table_idea,False,,80,Eliza Kempton,01:51-03:11,botB2_2021_06_11_10_58_55_chunk5.json,73,Eliza Kempton,07:01-07:55,botB2_2021_06_11_10_58_55_chunk4.json,True,True,I thought that that was that would be just great to bring to this problem,She explicitly suggests applying this planet formation statistical framework to the group's current problem of detecting life.,observing many planets... are there trends that one could look for if if one had the option of observing 100 exoplanets
2021_06_11_SLU_S5,2021SLU,SLU_S5,31,extends_existing_idea,named_speaker,True,Hilke Schlichting,83,Natasha Batalha,04:17-05:09,botB2_2021_06_11_10_58_55_chunk5.json,82,Hilke Schlichting,03:41-04:17,botB2_2021_06_11_10_58_55_chunk5.json,False,False,"thinking like zeroth order, you know, think of like a very simple gas like methane... if you observe 10 systems, is it there or is it not",She fleshes out Hilke's idea by providing a concrete example of how the zeroth-order observation would work.,just as a default and then we can compare that with observations and see whether that's true or not true
2021_06_11_SLU_S5,2021SLU,SLU_S5,32,redirects_idea,nearest_prior,True,Ziming Yang,87,Tori Hoeler,07:29-08:11,botB2_2021_06_11_10_58_55_chunk5.json,83,Natasha Batalha,04:17-05:09,botB2_2021_06_11_10_58_55_chunk5.json,False,False,I'm curious how you perceive that chemical information content as representing living versus non-living,Tori steers Ziming away from the telescope question and back to the core conceptual question of the meeting.,"thinking like zeroth order, you know, think of like a very simple gas like methane... if you observe 10 systems, is it there or is it not"
2021_06_11_SLU_S5,2021SLU,SLU_S5,33,raises_concern,on_table_idea,False,,90,Jay Forsythe,00:00-03:32,botB2_2021_06_11_10_58_55_chunk6.json,32,Amanda Stockton,00:34-01:28,botB2_2021_06_11_10_58_55_chunk2.json,False,True,I think it'll be really difficult to assign... when you have these really complex mixtures,He highlights the analytical challenge of dealing with complex organic mixtures in situ.,connectivity and patterns of connectivity that leads to molecules and then perhaps to spatial distributions
2021_06_11_SLU_S5,2021SLU,SLU_S5,34,extends_existing_idea,named_speaker,True,Jay Forsythe,91,Andro Rios,03:33-04:55,botB2_2021_06_11_10_58_55_chunk6.json,90,Jay Forsythe,00:00-03:32,botB2_2021_06_11_10_58_55_chunk6.json,False,False,there are small reactive organic compounds in the absence of life would just degrade very quickly... that would be very exciting to expand with that to everybody else as well is that... there are other small organic molecules,He builds directly on Jay's point about small versus large organic molecules.,I think it'll be really difficult to assign... when you have these really complex mixtures
2021_06_11_SLU_S5,2021SLU,SLU_S5,35,raises_concern,nearest_prior,False,,94,Ziming Yang,05:46-06:12,botB2_2021_06_11_10_58_55_chunk6.json,91,Andro Rios,03:33-04:55,botB2_2021_06_11_10_58_55_chunk6.json,False,False,I think that's really challenging for remote sensing.,He points out the difficulty of structural identification from a distance.,there are small reactive organic compounds in the absence of life would just degrade very quickly... that would be very exciting to expand with that to everybody else as well is that... there are other small organic molecules
2021_06_11_SLU_S5,2021SLU,SLU_S5,36,connects_methods,on_table_idea,False,,95,Andro Rios,06:13-06:40,botB2_2021_06_11_10_58_55_chunk6.json,62,Morgan Raven,02:52-03:06,botB2_2021_06_11_10_58_55_chunk4.json,False,True,what are the limits... to an astronomer... with exoplanets,He explicitly connects his chemistry question to the astronomical observation methods.,"particulate like cloud condensation nuclei, hazes... is there a hope of detecting something like that"
2021_06_11_SLU_S5,2021SLU,SLU_S5,37,synthesizes_contributions,nearest_prior,False,,104,Amanda Stockton,08:56-09:06,botB2_2021_06_11_10_58_55_chunk6.json,95,Andro Rios,06:13-06:40,botB2_2021_06_11_10_58_55_chunk6.json,False,False,The signal is just not there. I guess that's the answer.,She synthesizes the information to conclude why the observation isn't possible.,what are the limits... to an astronomer... with exoplanets
2021_06_11_SLU_S5,2021SLU,SLU_S5,38,connects_methods,on_table_idea,False,,107,Eliza Kempton,09:27-09:45,botB2_2021_06_11_10_58_55_chunk6.json,27,Maggie Osburn,08:09-09:34,botB2_2021_06_11_10_58_55_chunk1.json,False,True,if there are interesting spectral features... we could add into our models,She connects the chemistry concept (spectral features of specific molecules) to the astronomy method (atmospheric modeling).,one of the biggest battles we fight is sort of the abiotic system mimicking the biological system in terms of the isotopic fractionations
2021_06_11_SLU_S5,2021SLU,SLU_S5,39,raises_concern,on_table_idea,False,,112,Eliza Kempton,00:47-02:18,botB2_2021_06_11_10_58_55_chunk7.json,42,Amanda Stockton,08:25-09:43,botB2_2021_06_11_10_58_55_chunk2.json,False,True,the signal like you don't you don't get this like exquisite beautiful spectrum where you can just see all the lines you get something that's like stuck in the noise,Eliza highlights the severe signal-to-noise limitations of current exoplanet spectroscopy compared to lab instruments.,apply some of these tools that we use in biology to understand how different groups are different from each other... piece apart what at least on Earth looks like living versus non-living
2021_06_11_SLU_S5,2021SLU,SLU_S5,40,extends_existing_idea,named_speaker,True,Maggie Osburn,115,Eliza Kempton,03:12-04:40,botB2_2021_06_11_10_58_55_chunk7.json,114,Maggie Osburn,02:27-03:11,botB2_2021_06_11_10_58_55_chunk7.json,False,False,let's get all that context from hotter planets from bigger planets and yeah no so again so if there is specific useful context that any of you can can think of,Eliza extends Maggie's idea by explicitly inviting the chemists to identify what specific context from hotter planets would be useful.,could you compare across you know places that have potential for habitability compared to those that don't essentially you're creating that abiotic baseline by looking at uninhabitable places to start with
2021_06_11_SLU_S5,2021SLU,SLU_S5,41,synthesizes_contributions,on_table_idea,False,,116,Tori Hoeler,04:40-04:49,botB2_2021_06_11_10_58_55_chunk7.json,62,Morgan Raven,02:52-03:06,botB2_2021_06_11_10_58_55_chunk4.json,False,True,So I actually see lots of really cool potential for convergence.,Tori explicitly notes that the group's ideas are converging toward a shared direction.,"particulate like cloud condensation nuclei, hazes... is there a hope of detecting something like that"
2021_06_11_SLU_S5,2021SLU,SLU_S5,42,synthesizes_contributions,named_speaker,True,Morgan Raven,122,Tori Hoeler,07:27-09:24,botB2_2021_06_11_10_58_55_chunk7.json,119,Morgan Raven,04:55-06:04,botB2_2021_06_11_10_58_55_chunk7.json,False,False,goes back to this discussion of pathways that Andro and a few other people have brought up earlier on is that one of the characteristics I think of life is that um it down selects from a very large set of possibilities,Tori synthesizes Morgan's point about complexity with earlier discussions about biological pathways and down-selection.,just the intrinsic complexity of molecules themselves... how big and how rare should these things be if they're truly randomly being produced
2021_06_11_SLU_S5,2021SLU,SLU_S5,43,synthesizes_contributions,on_table_idea,False,,138,Jay Forsythe,01:14-03:23,botB2_2021_06_11_10_58_55_chunk8.json,27,Maggie Osburn,08:09-09:34,botB2_2021_06_11_10_58_55_chunk1.json,False,True,we talked a lot about isotopes... looking at multiple isotopes... amount of processing... statistical distribution... amino acids... biological recycling,"Jay reads through the notes, synthesizing the various topics the group discussed into a cohesive summary.",one of the biggest battles we fight is sort of the abiotic system mimicking the biological system in terms of the isotopic fractionations
2021_06_11_SLU_S5,2021SLU,SLU_S5,44,synthesizes_contributions,on_table_idea,False,,142,Maggie Osburn,03:44-04:01,botB2_2021_06_11_10_58_55_chunk8.json,62,Morgan Raven,02:52-03:06,botB2_2021_06_11_10_58_55_chunk4.json,False,True,"we've got at least one that's sort of like, you know, splitting multi-isotope systems, um, sort of that whole amino acid discussion.",Maggie synthesizes a key theme from their discussion into a potential summary point.,"particulate like cloud condensation nuclei, hazes... is there a hope of detecting something like that"
2021_06_11_SLU_S5,2021SLU,SLU_S5,45,synthesizes_contributions,on_table_idea,False,,155,Maggie Osburn,05:27-05:46,botB2_2021_06_11_10_58_55_chunk8.json,27,Maggie Osburn,08:09-09:34,botB2_2021_06_11_10_58_55_chunk1.json,True,True,how can we better leverage isotopes as potential biosignatures by comparing multiple isotope systems within simple molecules between known abiotic systems versus biological systems versus something in between.,"Maggie dictates a highly synthesized, specific research question that captures the core of their previous discussion.",one of the biggest battles we fight is sort of the abiotic system mimicking the biological system in terms of the isotopic fractionations
2021_06_11_SLU_S5,2021SLU,SLU_S5,46,returns_to_earlier_idea,on_table_idea,False,,158,Andro Rios,06:44-06:55,botB2_2021_06_11_10_58_55_chunk8.json,27,Maggie Osburn,08:09-09:34,botB2_2021_06_11_10_58_55_chunk1.json,False,True,"I think the spectroscopically resolvable gases, isotope signatures, that one looks kind of interesting.",Andro highlights a specific idea from their earlier discussion to be included in the summary.,one of the biggest battles we fight is sort of the abiotic system mimicking the biological system in terms of the isotopic fractionations
2021_11_05_NES_S8,2021NES,NES_S8,0,extends_existing_idea,named_speaker,True,Linsey Seitz,68,Wilson Smith,05:24-06:31,B2_Zoom_Meeting_Room_2_2021_11_05_13_07_15_chunk2.json,64,Linsey Seitz,04:10-05:05,B2_Zoom_Meeting_Room_2_2021_11_05_13_07_15_chunk2.json,False,False,designing a cell for characterization that can give you nanoscale um information that also represents a large scale reactor,Wilson builds on Linsey's idea by adding the requirement that the characterization cell must represent large-scale reactor conditions.,pushing experimental techniques to be able to probe those relevant uh length scales is kind of interesting.
2021_11_05_NES_S8,2021NES,NES_S8,1,extends_existing_idea,on_table_idea,False,,70,Wilson Smith,07:06-08:43,B2_Zoom_Meeting_Room_2_2021_11_05_13_07_15_chunk2.json,68,Wilson Smith,05:24-06:31,B2_Zoom_Meeting_Room_2_2021_11_05_13_07_15_chunk2.json,True,False,we need to learn from them but then also define uh design criteria for CO2 electrolyzers.,Wilson extends the discussion by proposing the need to define new design criteria specific to CO2 electrolyzers.,designing a cell for characterization that can give you nanoscale um information that also represents a large scale reactor
2021_11_05_NES_S8,2021NES,NES_S8,2,extends_existing_idea,named_speaker,True,Wilson Smith,71,Emily Carter,08:44-09:26,B2_Zoom_Meeting_Room_2_2021_11_05_13_07_15_chunk2.json,70,Wilson Smith,07:06-08:43,B2_Zoom_Meeting_Room_2_2021_11_05_13_07_15_chunk2.json,False,False,when you think about feeding the outcome of an of an electrolyzer... to a a biological system... it brings up the issue of matching fluxes.,Emily builds on Wilson's point about downstream processes by introducing the specific challenge of matching fluxes between units.,we need to learn from them but then also define uh design criteria for CO2 electrolyzers.
2021_11_05_NES_S8,2021NES,NES_S8,3,extends_existing_idea,named_speaker,True,Emily Carter,72,Wilson Smith,09:26-10:00,B2_Zoom_Meeting_Room_2_2021_11_05_13_07_15_chunk2.json,71,Emily Carter,08:44-09:26,B2_Zoom_Meeting_Room_2_2021_11_05_13_07_15_chunk2.json,False,False,"if we want a CO2 electrolyzer that makes syngas or CO, and we want to feed that to a Fischer-Tropsch synthesis plant, which is operating at 50 bar, then the question is do we need to operate the electrolysis at 50 bar?",Wilson extends Emily's point about matching fluxes to matching operating conditions like pressure.,when you think about feeding the outcome of an of an electrolyzer... to a a biological system... it brings up the issue of matching fluxes.
2021_11_05_NES_S8,2021NES,NES_S8,4,extends_existing_idea,named_speaker,True,Linsey Seitz,73,Wilson Smith,00:00-00:17,B2_Zoom_Meeting_Room_2_2021_11_05_13_07_15_chunk3.json,64,Linsey Seitz,04:10-05:05,B2_Zoom_Meeting_Room_2_2021_11_05_13_07_15_chunk2.json,False,True,back to Linsey's point is you know having local identification under high pressures makes an even more challenge,Wilson builds on Linsey's earlier point about probing local environments by adding the context of high pressure.,pushing experimental techniques to be able to probe those relevant uh length scales is kind of interesting.
2021_11_05_NES_S8,2021NES,NES_S8,5,extends_existing_idea,on_table_idea,False,,75,Linsey Seitz,00:24-01:00,B2_Zoom_Meeting_Room_2_2021_11_05_13_07_15_chunk3.json,68,Wilson Smith,05:24-06:31,B2_Zoom_Meeting_Room_2_2021_11_05_13_07_15_chunk2.json,False,True,optimizing for that diagnostic is a completely different set of conditions constraints than what you're talking about optimizing for products,Linsey elaborates on the challenge of designing characterization cells by highlighting the trade-offs involved.,designing a cell for characterization that can give you nanoscale um information that also represents a large scale reactor
2021_11_05_NES_S8,2021NES,NES_S8,6,extends_existing_idea,named_speaker,True,Jose Mendoza,78,Emily Carter,03:46-04:31,B2_Zoom_Meeting_Room_2_2021_11_05_13_07_15_chunk3.json,77,Jose Mendoza,01:14-03:46,B2_Zoom_Meeting_Room_2_2021_11_05_13_07_15_chunk3.json,False,False,dynamics is also incredibly important the solvent dynamics and actually change many things can change the kinetics,Emily builds on Jose's point about thermodynamics by adding the importance of solvent dynamics.,I was thinking on phase diagrams right so all these diagrams that it's like the wave function of all these compounds
2021_11_05_NES_S8,2021NES,NES_S8,7,extends_existing_idea,on_table_idea,False,,80,Emily Carter,05:32-06:03,B2_Zoom_Meeting_Room_2_2021_11_05_13_07_15_chunk3.json,64,Linsey Seitz,04:10-05:05,B2_Zoom_Meeting_Room_2_2021_11_05_13_07_15_chunk2.json,False,True,using ionic liquids because CO2 can you can get higher concentrations of CO2 into ionic liquids... but ionic liquids are expensive how is that going to really scale up,She extends the solvent discussion by bringing up ionic liquids and the associated cost challenges for scale-up.,pushing experimental techniques to be able to probe those relevant uh length scales is kind of interesting.
2021_11_05_NES_S8,2021NES,NES_S8,8,extends_existing_idea,named_speaker,True,Eva Nichols,82,Emily Carter,07:01-07:34,B2_Zoom_Meeting_Room_2_2021_11_05_13_07_15_chunk3.json,81,Eva Nichols,06:03-07:01,B2_Zoom_Meeting_Room_2_2021_11_05_13_07_15_chunk3.json,False,False,how do you control the competition for adsorption and are there ways to do that both with the electrode material and the conditions,She extends Eva's idea by specifying the technical challenge of controlling competitive adsorption.,allowing us to do CO2 conversion from an impure CO2 stream or CO2 containing stream
2021_11_05_NES_S8,2021NES,NES_S8,9,extends_existing_idea,on_table_idea,False,,83,Jimmy Jiang,07:34-09:02,B2_Zoom_Meeting_Room_2_2021_11_05_13_07_15_chunk3.json,64,Linsey Seitz,04:10-05:05,B2_Zoom_Meeting_Room_2_2021_11_05_13_07_15_chunk2.json,False,True,talk a little bit more about you know the gap between basic research and the industrial application,Jimmy builds on the recurring theme of bridging fundamental research and industrial scale-up.,pushing experimental techniques to be able to probe those relevant uh length scales is kind of interesting.
2021_11_05_NES_S8,2021NES,NES_S8,10,extends_existing_idea,on_table_idea,False,,85,Shu Hu,09:05-10:00,B2_Zoom_Meeting_Room_2_2021_11_05_13_07_15_chunk3.json,64,Linsey Seitz,04:10-05:05,B2_Zoom_Meeting_Room_2_2021_11_05_13_07_15_chunk2.json,False,True,how does current models bridge a couple of scales from macroscopic scale all the way down to molecular scale,He extends the discussion on scale by focusing on how models can bridge macroscopic and molecular scales.,pushing experimental techniques to be able to probe those relevant uh length scales is kind of interesting.
2021_11_05_NES_S8,2021NES,NES_S8,11,extends_existing_idea,nearest_prior,False,,86,Shu Hu,00:00-01:13,B2_Zoom_Meeting_Room_2_2021_11_05_13_07_15_chunk4.json,85,Shu Hu,09:05-10:00,B2_Zoom_Meeting_Room_2_2021_11_05_13_07_15_chunk3.json,True,True,how does that actually play a role across multiple scales,Builds on the previous discussion of length scales.,how does current models bridge a couple of scales from macroscopic scale all the way down to molecular scale
2021_11_05_NES_S8,2021NES,NES_S8,12,synthesizes_contributions,nearest_prior,False,,87,Kelsey Hatzell,01:16-03:20,B2_Zoom_Meeting_Room_2_2021_11_05_13_07_15_chunk4.json,86,Shu Hu,00:00-01:13,B2_Zoom_Meeting_Room_2_2021_11_05_13_07_15_chunk4.json,False,False,some thread between a lot of different comments have been like how do we understand mechanisms,Connects multiple prior comments into a shared theme.,how does that actually play a role across multiple scales
2021_11_05_NES_S8,2021NES,NES_S8,13,critiques_or_challenges,nearest_prior,False,,92,Linsey Seitz,05:23-05:42,B2_Zoom_Meeting_Room_2_2021_11_05_13_07_15_chunk4.json,88,Eva Nichols,03:26-04:38,B2_Zoom_Meeting_Room_2_2021_11_05_13_07_15_chunk4.json,False,False,I do think to do it in situ you would still need a synchrotron source,Challenges the idea that it can be done easily in a standard lab.,I know that there's a technique for crystallographic determination of disorder... called PDF
2021_11_05_NES_S8,2021NES,NES_S8,14,raises_concern,on_table_idea,False,,95,Kelsey Hatzell,06:11-07:38,B2_Zoom_Meeting_Room_2_2021_11_05_13_07_15_chunk4.json,77,Jose Mendoza,01:14-03:46,B2_Zoom_Meeting_Room_2_2021_11_05_13_07_15_chunk3.json,False,True,I need a model to interpret my data... that's a whole another body of work,Highlights a significant bottleneck in using the technique.,I was thinking on phase diagrams right so all these diagrams that it's like the wave function of all these compounds
2021_11_05_NES_S8,2021NES,NES_S8,15,extends_existing_idea,on_table_idea,False,,97,Shu Hu,07:40-08:17,B2_Zoom_Meeting_Room_2_2021_11_05_13_07_15_chunk4.json,77,Jose Mendoza,01:14-03:46,B2_Zoom_Meeting_Room_2_2021_11_05_13_07_15_chunk3.json,False,True,maybe we also need to look at the time-resolved PDF you are going to see an average effect which actually wash out all the features,Adds a temporal dimension to the proposed technique.,I was thinking on phase diagrams right so all these diagrams that it's like the wave function of all these compounds
2021_11_05_NES_S8,2021NES,NES_S8,16,raises_concern,nearest_prior,False,,97,Shu Hu,07:40-08:17,B2_Zoom_Meeting_Room_2_2021_11_05_13_07_15_chunk4.json,95,Kelsey Hatzell,06:11-07:38,B2_Zoom_Meeting_Room_2_2021_11_05_13_07_15_chunk4.json,False,False,maybe we also need to look at the time-resolved PDF you are going to see an average effect which actually wash out all the features,Explains why time resolution is necessary.,I need a model to interpret my data... that's a whole another body of work
2021_11_05_NES_S8,2021NES,NES_S8,17,extends_existing_idea,nearest_prior,False,,98,Emily Carter,08:18-08:25,B2_Zoom_Meeting_Room_2_2021_11_05_13_07_15_chunk4.json,97,Shu Hu,07:40-08:17,B2_Zoom_Meeting_Room_2_2021_11_05_13_07_15_chunk4.json,False,False,it's going to require the FEL presumably,Adds a specific equipment requirement to the time-resolved idea.,maybe we also need to look at the time-resolved PDF you are going to see an average effect which actually wash out all the features
2021_11_05_NES_S8,2021NES,NES_S8,18,returns_to_earlier_idea,nearest_prior,False,,100,Linsey Seitz,08:30-09:33,B2_Zoom_Meeting_Room_2_2021_11_05_13_07_15_chunk4.json,98,Emily Carter,08:18-08:25,B2_Zoom_Meeting_Room_2_2021_11_05_13_07_15_chunk4.json,False,False,I had actually originally wanted to respond to Eva's first question what if we specifically co-evolved peroxide and CO2 reduction products,Explicitly pivots back to an earlier topic.,it's going to require the FEL presumably
2021_11_05_NES_S8,2021NES,NES_S8,19,extends_existing_idea,nearest_prior,False,,101,Emily Carter,09:34-10:00,B2_Zoom_Meeting_Room_2_2021_11_05_13_07_15_chunk4.json,100,Linsey Seitz,08:30-09:33,B2_Zoom_Meeting_Room_2_2021_11_05_13_07_15_chunk4.json,False,False,we often talk about selectivity as being the gold standard but in fact there are...,Builds on the idea by questioning the standard goal of selectivity.,I had actually originally wanted to respond to Eva's first question what if we specifically co-evolved peroxide and CO2 reduction products
2021_11_05_NES_S8,2021NES,NES_S8,20,connects_methods,on_table_idea,False,,103,Jose Mendoza,00:18-03:18,B2_Zoom_Meeting_Room_2_2021_11_05_13_07_15_chunk5.json,68,Wilson Smith,05:24-06:31,B2_Zoom_Meeting_Room_2_2021_11_05_13_07_15_chunk2.json,False,True,the life cycle and the decomposition mechanisms... what could be the ways to characterize the decomposition mechanisms at the theoretical level... you have to do different approximations... but from the experimental point of view... how would you still do RDF,Jose connects theoretical modeling approximations with experimental characterization techniques like RDF.,designing a cell for characterization that can give you nanoscale um information that also represents a large scale reactor
2021_11_05_NES_S8,2021NES,NES_S8,21,critiques_or_challenges,nearest_prior,False,,106,Emily Carter,04:04-04:05,B2_Zoom_Meeting_Room_2_2021_11_05_13_07_15_chunk5.json,105,Kelsey Hatzell,03:37-04:04,B2_Zoom_Meeting_Room_2_2021_11_05_13_07_15_chunk5.json,False,False,It's really tough.,Emily immediately evaluates the proposed idea of methane conversion as very difficult.,methane and methane conversion through electrochemical means
2021_11_05_NES_S8,2021NES,NES_S8,22,extends_existing_idea,named_speaker,True,Kelsey Hatzell,107,Wilson Smith,04:05-05:27,B2_Zoom_Meeting_Room_2_2021_11_05_13_07_15_chunk5.json,105,Kelsey Hatzell,03:37-04:04,B2_Zoom_Meeting_Room_2_2021_11_05_13_07_15_chunk5.json,False,False,"I like in general the idea of uh alternative oxidative chemistries... The issues with selecting what you want to oxidize, in this case methane there's integration issues of you know uh products or intermediates of one can cross over... making the system not stable.",Wilson builds on Kelsey's mention of methane by framing it within the broader context of alternative oxidative chemistries.,methane and methane conversion through electrochemical means
2021_11_05_NES_S8,2021NES,NES_S8,23,raises_concern,nearest_prior,False,,107,Wilson Smith,04:05-05:27,B2_Zoom_Meeting_Room_2_2021_11_05_13_07_15_chunk5.json,106,Emily Carter,04:04-04:05,B2_Zoom_Meeting_Room_2_2021_11_05_13_07_15_chunk5.json,False,False,"I like in general the idea of uh alternative oxidative chemistries... The issues with selecting what you want to oxidize, in this case methane there's integration issues of you know uh products or intermediates of one can cross over... making the system not stable.",Wilson highlights a specific technical concern regarding the stability of integrated systems.,It's really tough.
2021_11_05_NES_S8,2021NES,NES_S8,24,critiques_or_challenges,on_table_idea,False,,108,Emily Carter,05:27-08:24,B2_Zoom_Meeting_Room_2_2021_11_05_13_07_15_chunk5.json,107,Wilson Smith,04:05-05:27,B2_Zoom_Meeting_Room_2_2021_11_05_13_07_15_chunk5.json,False,False,I don't really see electrochemistry as the route to doing to taking care of methane,"Emily explicitly challenges the feasibility of using electrochemistry for methane conversion, suggesting alternative routes instead.","I like in general the idea of uh alternative oxidative chemistries... The issues with selecting what you want to oxidize, in this case methane there's integration issues of you know uh products or intermediates of one can cross over... making the system not stable."
2021_11_05_NES_S8,2021NES,NES_S8,25,synthesizes_contributions,on_table_idea,False,,111,Emily Carter,08:31-09:30,B2_Zoom_Meeting_Room_2_2021_11_05_13_07_15_chunk5.json,107,Wilson Smith,04:05-05:27,B2_Zoom_Meeting_Room_2_2021_11_05_13_07_15_chunk5.json,False,False,we spent a lot of time talking about fundamental questions arising from the transition... we talked about local chemical activity... Shu brought up the issue of coupling oxidative and reductive,Emily summarizes the key themes and ideas discussed during the session so far.,"I like in general the idea of uh alternative oxidative chemistries... The issues with selecting what you want to oxidize, in this case methane there's integration issues of you know uh products or intermediates of one can cross over... making the system not stable."
2021_11_05_NES_S8,2021NES,NES_S8,26,extends_existing_idea,on_table_idea,False,,112,Shu Hu,09:30-10:01,B2_Zoom_Meeting_Room_2_2021_11_05_13_07_15_chunk5.json,107,Wilson Smith,04:05-05:27,B2_Zoom_Meeting_Room_2_2021_11_05_13_07_15_chunk5.json,False,False,just to follow up Emily your points on the uh coupling oxidative to reductive... you can think about generating reactive oxygen species from water,Shu builds on the previously mentioned idea of coupling oxidative and reductive processes by suggesting a specific oxidative reaction.,"I like in general the idea of uh alternative oxidative chemistries... The issues with selecting what you want to oxidize, in this case methane there's integration issues of you know uh products or intermediates of one can cross over... making the system not stable."
2021_11_05_NES_S8,2021NES,NES_S8,27,extends_existing_idea,on_table_idea,False,,113,Shu Hu,00:00-00:45,B2_Zoom_Meeting_Room_2_2021_11_05_13_07_15_chunk6.json,107,Wilson Smith,04:05-05:27,B2_Zoom_Meeting_Room_2_2021_11_05_13_07_15_chunk5.json,False,True,how do you actually couple those electron driven organic synthesis with the CO2 reduction,Shu extends the ongoing discussion of coupling CO2 reduction with alternative oxidation reactions by suggesting organic synthesis.,"I like in general the idea of uh alternative oxidative chemistries... The issues with selecting what you want to oxidize, in this case methane there's integration issues of you know uh products or intermediates of one can cross over... making the system not stable."
2021_11_05_NES_S8,2021NES,NES_S8,28,raises_concern,on_table_idea,False,,118,Emily Carter,02:07-02:32,B2_Zoom_Meeting_Room_2_2021_11_05_13_07_15_chunk6.json,113,Shu Hu,00:00-00:45,B2_Zoom_Meeting_Room_2_2021_11_05_13_07_15_chunk6.json,False,False,I just always like to bring up if the biomass doesn't have another purpose already.,Emily raises a practical concern regarding the availability and alternative uses of biomass.,how do you actually couple those electron driven organic synthesis with the CO2 reduction
2021_11_05_NES_S8,2021NES,NES_S8,29,synthesizes_contributions,on_table_idea,False,,119,Jimmy Jiang,02:33-03:16,B2_Zoom_Meeting_Room_2_2021_11_05_13_07_15_chunk6.json,68,Wilson Smith,05:24-06:31,B2_Zoom_Meeting_Room_2_2021_11_05_13_07_15_chunk2.json,False,True,"One is about characterization challenges, and then the challenges about scalability, and then the possibility of oxidation reactions",Jimmy synthesizes the diverse ideas discussed during the session into three coherent themes.,designing a cell for characterization that can give you nanoscale um information that also represents a large scale reactor
2021_11_05_NES_S8,2021NES,NES_S8,30,returns_to_earlier_idea,named_speaker,True,Linsey Seitz,120,Emily Carter,03:17-03:32,B2_Zoom_Meeting_Room_2_2021_11_05_13_07_15_chunk6.json,115,Linsey Seitz,00:50-01:38,B2_Zoom_Meeting_Room_2_2021_11_05_13_07_15_chunk6.json,False,False,I like Linsey's point of complex feedstocks. I don't know if you've captured that somewhere.,Emily recalls Linsey's earlier point and ensures it is included in the notes.,think about something like NOx SCR... is there something we could play around with with NOx and ammonia
2021_11_05_NES_S8,2021NES,NES_S8,31,synthesizes_contributions,nearest_prior,False,,124,Emily Carter,04:02-04:31,B2_Zoom_Meeting_Room_2_2021_11_05_13_07_15_chunk6.json,120,Emily Carter,03:17-03:32,B2_Zoom_Meeting_Room_2_2021_11_05_13_07_15_chunk6.json,True,False,we should be interested in studying mixtures of reactants and perhaps exploiting those mixtures to make value-added chemicals.,"Emily synthesizes the discussion into a broad, shared research interest for the group.",I like Linsey's point of complex feedstocks. I don't know if you've captured that somewhere.
2021_11_05_NES_S8,2021NES,NES_S8,32,combines_ideas,named_speaker,True,Shu Hu,125,Linsey Seitz,04:32-05:16,B2_Zoom_Meeting_Room_2_2021_11_05_13_07_15_chunk6.json,113,Shu Hu,00:00-00:45,B2_Zoom_Meeting_Room_2_2021_11_05_13_07_15_chunk6.json,False,False,"Shu made a great point, you can make peroxide on the oxidative side, but I was actually thinking of it in the same compartment. ORR to peroxide with CO2R",Linsey combines Shu's idea of peroxide generation with her own idea of doing it in the same compartment.,how do you actually couple those electron driven organic synthesis with the CO2 reduction
2021_11_05_NES_S8,2021NES,NES_S8,33,raises_concern,nearest_prior,True,Jordi Cabana,163,Linsey Seitz,01:11-01:14,B2_Zoom_Meeting_Room_2_2021_11_05_13_07_15_chunk7.json,125,Linsey Seitz,04:32-05:16,B2_Zoom_Meeting_Room_2_2021_11_05_13_07_15_chunk6.json,True,True,Okay. Okay. You want to make sure you're okay with that.,Linsey voices a polite concern to ensure Jordi is genuinely comfortable with the arrangement.,"Shu made a great point, you can make peroxide on the oxidative side, but I was actually thinking of it in the same compartment. ORR to peroxide with CO2R"
