chunk_id,conference_id,session_key,session_group,chunk_index,n_chunks_in_session,chunk_position,num_teams,num_funded_teams,has_teams,has_funded_teams,outcome_has_funded_teams,_json_loaded,gini_coefficient,dominant_speaker_flag,is_convergent,is_divergent,is_procedural,collective_engagement_score,cross_disciplinary_bridging,commitment_signal,screenshare_active,artifact_interaction,problem_specificity_level,decision_crystallization_level,ambition_level_ordinal,is_novel_combination,explicit_complementarity,skill_gap_identified,shared_vision_present,pronoun_shift_occurred,personal_disclosure,laughter_appreciative,laughter_shared_humor,laughter_tension_release,any_laughter,dissent_response_quality,dissent_was_present,dissent_response_exploratory,risk_acknowledgment_enthusiasm,funding_awareness,prior_relationship,meeting_structure_quality,num_Idea_Management,num_Information_Seeking,num_Knowledge_Sharing,num_Evaluation_Practices,num_Relational_Climate,num_Participation_Dynamics,num_Coordination_Decision,num_Integration_Practices,num_Idea_Ownership_Attribution,num_Future_Oriented_Language,num_Epistemic_Bridging,num_Pronoun_Framing,num_Complementarity_Articulation,num_Role_Anticipation,num_Broader_Significance,num_Idea_Novelty_Signal,mean_idea_quality_Idea_Management,pct_high_quality_Idea_Management,mean_idea_quality_Integration_Practices,pct_high_quality_Integration_Practices,mean_idea_quality_Knowledge_Sharing,pct_high_quality_Knowledge_Sharing,building_count,blocking_count,building_blocking_ratio,pct_building,num_future_oriented,num_named_next_steps,num_epistemic_bridging,num_idea_attribution,num_complementarity,num_role_anticipation,num_broader_significance,num_novelty_signals,num_scope_calibration,num_setback_explores,num_setback_defends,explore_vs_defend_ratio,num_joint_framing,num_individual_framing,pct_joint_framing,total_quality_score,mean_quality_score,pct_high_quality,num_collaborative_completions,num_elaborative_jumps,num_competitive_interruptions,interruption_quality_ratio,pct_turns_distraction,mean_distracted_count,mean_nod_rate,pct_turns_shared_affect,pct_turns_any_smile,pct_turns_audible_backchannel,mean_vocal_enthusiasm,pct_high_enthusiasm,pct_hesitation,responsiveness_index
2020NES__2020_11_05_NES_S5/Zoom_Meeting_11_5_2020_12_17_50_PM__Zoom_Meeting_11_5_2020_12_17_50_PM.mp4,2020NES,2020_11_05_NES_S5/Zoom_Meeting_11_5_2020_12_17_50_PM,2020_11_05_NES_S5,0,1,whole,1.0,1.0,True,True,True,True,0.1829896907216495,0.0,0.0,1.0,0.0,3.0,0.0,0.0,1.0,1.0,2.0,1.0,0.0,0.0,0.0,0.0,1.0,1.0,0.0,0.0,0.0,0.0,0.0,,0.0,0.0,0.0,0.0,0.0,1.0,3.0,2.0,0.0,1.0,0.0,0.0,0.0,0.0,0.0,0.0,0.0,4.0,0.0,0.0,0.0,0.0,1.0,0.0,,,,,4.0,0.0,4000000.0,0.9999997500000625,0.0,0.0,0.0,0.0,0.0,0.0,0.0,0.0,0.0,0.0,0.0,0.0,3.0,0.0,0.9999996666667778,3.0,1.0,1.0,0.0,0.0,0.0,0.0,0.0,0.0,1.0,0.0,0.0,0.25,2.0,0.0,0.25,0.19566332234557252
2020NES__2020_11_05_NES_S5/Zoom_Meeting_11_5_2020_12_11_13_PM__Zoom_Meeting_11_5_2020_12_11_13_PM.mp4,2020NES,2020_11_05_NES_S5/Zoom_Meeting_11_5_2020_12_11_13_PM,2020_11_05_NES_S5,0,1,whole,1.0,1.0,True,True,True,True,0.1891025641025641,0.0,0.0,1.0,0.0,3.0,1.0,0.0,1.0,1.0,2.0,1.0,1.0,0.0,1.0,1.0,1.0,1.0,0.0,0.0,0.0,0.0,0.0,,0.0,0.0,0.0,0.0,1.0,1.0,6.0,0.0,1.0,0.0,0.0,3.0,5.0,3.0,0.0,0.0,0.0,9.0,2.0,0.0,1.0,0.0,1.1666666666666667,0.16666666666666666,1.6666666666666667,0.6666666666666666,1.0,0.0,10.0,0.0,10000000.0,0.99999990000001,0.0,0.0,0.0,0.0,2.0,0.0,1.0,0.0,0.0,0.0,0.0,0.0,6.0,3.0,0.6666665925926009,13.0,1.3,1.0,0.0,0.0,0.0,0.0,0.0,0.0,0.6666666666666666,0.0,0.06666666666666667,0.0,2.1333333333333333,0.13333333333333333,0.0,-0.5347823048436813
2020NES__2020_11_05_NES_S5/5_Decarbonizing_the_Economy_Zoom_Meeting_11_5_2020_11_58_06_AM__5_Decarbonizing_the_Economy_Zoom_Meeting_11_5_2020_11_58_06_AM_chunk1.mp4,2020NES,2020_11_05_NES_S5/5_Decarbonizing_the_Economy_Zoom_Meeting_11_5_2020_11_58_06_AM,2020_11_05_NES_S5,0,2,beginning,1.0,1.0,True,True,True,True,0.3987884906612822,0.0,0.0,0.0,1.0,3.0,0.0,0.0,0.0,0.0,,1.0,0.0,0.0,0.0,0.0,0.0,0.0,0.0,0.0,0.0,0.0,1.0,,0.0,0.0,0.0,0.0,1.0,2.0,0.0,0.0,9.0,0.0,0.0,5.0,3.0,0.0,0.0,0.0,0.0,6.0,0.0,0.0,0.0,0.0,,,,,0.6666666666666666,0.0,9.0,0.0,9000000.0,0.9999998888889013,0.0,0.0,0.0,0.0,0.0,0.0,0.0,0.0,0.0,0.0,0.0,0.0,0.0,6.0,0.0,6.0,0.6666666666666666,0.6666666666666666,0.0,1.0,0.0,1000000.0,0.0,0.0,0.6666666666666666,0.13333333333333333,0.4,0.06666666666666667,2.066666666666667,0.06666666666666667,0.06666666666666667,0.1452770489142666
2020NES__2020_11_05_NES_S5/5_Decarbonizing_the_Economy_Zoom_Meeting_11_5_2020_11_58_06_AM__5_Decarbonizing_the_Economy_Zoom_Meeting_11_5_2020_11_58_06_AM_chunk2.mp4,2020NES,2020_11_05_NES_S5/5_Decarbonizing_the_Economy_Zoom_Meeting_11_5_2020_11_58_06_AM,2020_11_05_NES_S5,1,2,end,1.0,1.0,True,True,True,True,0.16228571428571437,0.0,0.0,0.0,1.0,3.0,0.0,0.0,0.0,0.0,,1.0,0.0,0.0,0.0,0.0,0.0,0.0,0.0,0.0,1.0,0.0,1.0,,0.0,0.0,0.0,0.0,0.0,2.0,0.0,0.0,4.0,0.0,1.0,2.0,4.0,0.0,0.0,0.0,0.0,3.0,0.0,4.0,0.0,0.0,,,,,1.0,0.0,4.0,0.0,4000000.0,0.9999997500000625,0.0,0.0,0.0,0.0,0.0,4.0,0.0,0.0,1.0,0.0,0.0,0.0,0.0,3.0,0.0,4.0,1.0,1.0,0.0,0.0,0.0,0.0,0.0,0.0,1.0,0.1111111111111111,0.1111111111111111,0.0,2.0,0.0,0.0,0.06864083988768817
2020NES__2020_11_05_NES_S5/5_Decarbonizing_the_Economy_Zoom_Meeting_11_5_2020_12_19_34_PM__5_Decarbonizing_the_Economy_Zoom_Meeting_11_5_2020_12_19_34_PM_chunk1.mp4,2020NES,2020_11_05_NES_S5/5_Decarbonizing_the_Economy_Zoom_Meeting_11_5_2020_12_19_34_PM,2020_11_05_NES_S5,0,6,beginning,1.0,1.0,True,True,True,True,0.17142857142857149,0.0,0.0,1.0,0.0,3.0,1.0,0.0,1.0,0.0,2.0,1.0,0.0,0.0,1.0,1.0,1.0,0.0,0.0,0.0,0.0,0.0,0.0,3.0,1.0,1.0,0.0,0.0,0.0,1.0,8.0,1.0,3.0,4.0,0.0,2.0,1.0,2.0,0.0,0.0,0.0,12.0,1.0,0.0,0.0,0.0,1.25,0.25,1.0,0.0,1.6666666666666667,0.6666666666666666,12.0,4.0,2.9999992500001875,0.7499999531250029,0.0,0.0,0.0,0.0,1.0,0.0,0.0,0.0,1.0,0.0,0.0,0.0,10.0,2.0,0.8333332638888947,17.0,1.3076923076923077,1.0,0.0,0.0,0.0,0.0,0.0,0.0,0.9230769230769231,0.0,0.07142857142857142,0.0,2.0714285714285716,0.07142857142857142,0.0,-0.40951975912506416
2020NES__2020_11_05_NES_S5/5_Decarbonizing_the_Economy_Zoom_Meeting_11_5_2020_12_19_34_PM__5_Decarbonizing_the_Economy_Zoom_Meeting_11_5_2020_12_19_34_PM_chunk2.mp4,2020NES,2020_11_05_NES_S5/5_Decarbonizing_the_Economy_Zoom_Meeting_11_5_2020_12_19_34_PM,2020_11_05_NES_S5,1,6,middle,1.0,1.0,True,True,True,True,0.5284757118927972,1.0,0.0,1.0,0.0,2.0,1.0,0.0,1.0,0.0,2.0,1.0,0.0,0.0,0.0,0.0,0.0,0.0,1.0,0.0,0.0,0.0,1.0,3.0,1.0,1.0,0.0,0.0,0.0,1.0,3.0,2.0,8.0,1.0,1.0,1.0,3.0,1.0,0.0,0.0,0.0,12.0,0.0,0.0,0.0,0.0,1.0,0.0,1.0,0.0,1.0,0.0,11.0,1.0,10.999989000011,0.9166665902777842,0.0,0.0,0.0,0.0,0.0,0.0,0.0,0.0,2.0,0.0,0.0,0.0,2.0,5.0,0.285714244897965,12.0,1.0,1.0,0.0,0.0,0.0,0.0,0.0,0.0,,0.0,0.0,0.0,2.142857142857143,0.21428571428571427,0.07142857142857142,-0.6171441482000752
2020NES__2020_11_05_NES_S5/5_Decarbonizing_the_Economy_Zoom_Meeting_11_5_2020_12_19_34_PM__5_Decarbonizing_the_Economy_Zoom_Meeting_11_5_2020_12_19_34_PM_chunk3.mp4,2020NES,2020_11_05_NES_S5/5_Decarbonizing_the_Economy_Zoom_Meeting_11_5_2020_12_19_34_PM,2020_11_05_NES_S5,2,6,middle,1.0,1.0,True,True,True,True,0.35709459459459447,0.0,0.0,1.0,0.0,3.0,1.0,0.0,1.0,0.0,2.0,2.0,3.0,1.0,0.0,0.0,1.0,1.0,1.0,0.0,1.0,0.0,1.0,3.0,1.0,1.0,0.0,1.0,0.0,1.0,6.0,0.0,6.0,5.0,0.0,2.0,1.0,1.0,0.0,1.0,1.0,14.0,0.0,0.0,0.0,0.0,1.2,0.2,2.0,1.0,1.4,0.4,15.0,4.0,3.749999062500234,0.7894736426592819,1.0,0.0,1.0,0.0,0.0,0.0,0.0,0.0,1.0,0.0,1.0,0.0,4.0,4.0,0.4999999375000079,15.0,1.3636363636363635,1.0,0.0,3.0,2.0,1.499999250000375,0.0,0.0,1.4666666666666666,0.06666666666666667,0.4,0.06666666666666667,2.3333333333333335,0.3333333333333333,0.06666666666666667,0.2717470903780514
2020NES__2020_11_05_NES_S5/5_Decarbonizing_the_Economy_Zoom_Meeting_11_5_2020_12_19_34_PM__5_Decarbonizing_the_Economy_Zoom_Meeting_11_5_2020_12_19_34_PM_chunk4.mp4,2020NES,2020_11_05_NES_S5/5_Decarbonizing_the_Economy_Zoom_Meeting_11_5_2020_12_19_34_PM,2020_11_05_NES_S5,3,6,middle,1.0,1.0,True,True,True,True,0.28473075977378914,0.0,0.0,1.0,0.0,3.0,1.0,0.0,1.0,0.0,2.0,2.0,1.0,0.0,0.0,0.0,1.0,0.0,0.0,0.0,1.0,0.0,1.0,3.0,1.0,1.0,0.0,0.0,1.0,1.0,6.0,3.0,10.0,7.0,1.0,0.0,1.0,1.0,1.0,0.0,1.0,18.0,0.0,0.0,0.0,0.0,1.5,0.5,2.0,1.0,1.2,0.2,19.0,4.0,4.749998812500297,0.8260869206049165,0.0,0.0,1.0,1.0,0.0,0.0,0.0,0.0,1.0,1.0,0.0,1000000.0,5.0,9.0,0.3571428316326549,20.0,1.3333333333333333,1.0,0.0,0.0,0.0,0.0,0.0,0.0,0.36363636363636365,0.09090909090909091,0.09090909090909091,0.045454545454545456,2.0,0.0,0.0,-0.21914302676708242
2020NES__2020_11_05_NES_S5/5_Decarbonizing_the_Economy_Zoom_Meeting_11_5_2020_12_19_34_PM__5_Decarbonizing_the_Economy_Zoom_Meeting_11_5_2020_12_19_34_PM_chunk5.mp4,2020NES,2020_11_05_NES_S5/5_Decarbonizing_the_Economy_Zoom_Meeting_11_5_2020_12_19_34_PM,2020_11_05_NES_S5,4,6,middle,1.0,1.0,True,True,True,True,0.36183986371379895,0.0,1.0,0.0,0.0,2.0,1.0,0.0,1.0,0.0,2.0,2.0,1.0,0.0,0.0,0.0,1.0,0.0,0.0,0.0,0.0,0.0,0.0,,0.0,0.0,0.0,1.0,0.0,2.0,6.0,2.0,2.0,2.0,1.0,1.0,0.0,2.0,0.0,0.0,0.0,13.0,0.0,0.0,0.0,0.0,1.3333333333333333,0.3333333333333333,2.0,1.0,1.5,0.5,12.0,0.0,12000000.0,0.9999999166666736,0.0,0.0,0.0,0.0,0.0,0.0,0.0,0.0,0.0,0.0,0.0,0.0,5.0,3.0,0.6249999218750099,15.0,1.5,1.0,0.0,1.0,0.0,1000000.0,0.0,0.0,0.42857142857142855,0.0,0.07142857142857142,0.07142857142857142,2.0,0.0,0.14285714285714285,-0.48892486365238236
2020NES__2020_11_05_NES_S5/5_Decarbonizing_the_Economy_Zoom_Meeting_11_5_2020_12_19_34_PM__5_Decarbonizing_the_Economy_Zoom_Meeting_11_5_2020_12_19_34_PM_chunk6.mp4,2020NES,2020_11_05_NES_S5/5_Decarbonizing_the_Economy_Zoom_Meeting_11_5_2020_12_19_34_PM,2020_11_05_NES_S5,5,6,end,1.0,1.0,True,True,True,True,0.41309710697465807,0.0,0.0,0.0,1.0,3.0,0.0,0.0,1.0,0.0,,2.0,0.0,0.0,0.0,0.0,1.0,0.0,1.0,0.0,1.0,0.0,1.0,,0.0,0.0,0.0,1.0,1.0,2.0,1.0,2.0,6.0,4.0,23.0,9.0,8.0,2.0,0.0,4.0,0.0,4.0,0.0,0.0,0.0,0.0,1.0,0.0,1.0,0.0,0.16666666666666666,0.0,13.0,0.0,13000000.0,0.9999999230769291,4.0,0.0,0.0,0.0,0.0,0.0,0.0,0.0,0.0,0.0,0.0,0.0,2.0,2.0,0.49999987500003124,4.0,0.4444444444444444,0.4444444444444444,2.0,1.0,0.0,3000000.0,0.0,0.0,0.5365853658536586,0.2682926829268293,0.5853658536585366,0.07317073170731707,2.1219512195121952,0.12195121951219512,0.0,0.6316419038522444
2020NES__2020_11_05_NES_S1/1_DAC_Simulations_Zoom_Meeting_2020_11_05_12_24_10__1_DAC_Simulations_Zoom_Meeting_2020_11_05_12_24_10_chunk1.mp4,2020NES,2020_11_05_NES_S1/1_DAC_Simulations_Zoom_Meeting_2020_11_05_12_24_10,2020_11_05_NES_S1,0,6,beginning,1.0,0.0,True,False,False,True,0.3095057034220532,0.0,0.0,1.0,0.0,3.0,1.0,0.0,0.0,0.0,2.0,1.0,2.0,0.0,0.0,0.0,1.0,1.0,0.0,1.0,0.0,0.0,1.0,3.0,1.0,1.0,0.0,1.0,0.0,1.0,5.0,4.0,8.0,10.0,1.0,0.0,1.0,5.0,1.0,0.0,0.0,25.0,0.0,0.0,1.0,0.0,1.75,0.75,1.5,0.5,1.1428571428571428,0.14285714285714285,21.0,8.0,2.6249996718750412,0.7241379060642101,0.0,0.0,0.0,1.0,0.0,0.0,1.0,0.0,1.0,0.0,1.0,0.0,8.0,3.0,0.7272726611570308,21.0,1.4,1.0,0.0,1.0,2.0,0.499999750000125,0.0,0.0,0.8387096774193549,0.03225806451612903,0.06451612903225806,0.16129032258064516,2.032258064516129,0.03225806451612903,0.0967741935483871,0.04337201205060176
2020NES__2020_11_05_NES_S1/1_DAC_Simulations_Zoom_Meeting_2020_11_05_12_24_10__1_DAC_Simulations_Zoom_Meeting_2020_11_05_12_24_10_chunk2.mp4,2020NES,2020_11_05_NES_S1/1_DAC_Simulations_Zoom_Meeting_2020_11_05_12_24_10,2020_11_05_NES_S1,1,6,middle,1.0,0.0,True,False,False,True,0.4620632279534109,0.0,0.0,1.0,0.0,3.0,1.0,0.0,0.0,0.0,2.0,1.0,2.0,0.0,0.0,1.0,0.0,0.0,0.0,0.0,0.0,0.0,1.0,3.0,1.0,1.0,0.0,0.0,0.0,1.0,13.0,9.0,7.0,7.0,2.0,3.0,2.0,2.0,0.0,0.0,0.0,26.0,0.0,0.0,0.0,0.0,1.3076923076923077,0.3076923076923077,1.0,0.0,1.1428571428571428,0.14285714285714285,25.0,2.0,12.499993750003124,0.9259258916323744,0.0,0.0,0.0,0.0,0.0,0.0,0.0,0.0,0.0,1.0,0.0,1000000.0,9.0,7.0,0.5624999648437522,27.0,1.2272727272727273,1.0,0.0,0.0,0.0,0.0,0.0,0.0,0.9655172413793104,0.06896551724137931,0.10344827586206896,0.034482758620689655,1.9310344827586208,0.034482758620689655,0.1724137931034483,-0.03703180995890628
2020NES__2020_11_05_NES_S1/1_DAC_Simulations_Zoom_Meeting_2020_11_05_12_24_10__1_DAC_Simulations_Zoom_Meeting_2020_11_05_12_24_10_chunk3.mp4,2020NES,2020_11_05_NES_S1/1_DAC_Simulations_Zoom_Meeting_2020_11_05_12_24_10,2020_11_05_NES_S1,2,6,middle,1.0,0.0,True,False,False,True,0.593368237347295,0.0,0.0,1.0,0.0,3.0,1.0,0.0,0.0,0.0,2.0,1.0,2.0,0.0,0.0,1.0,1.0,0.0,1.0,1.0,0.0,0.0,1.0,,0.0,0.0,0.0,0.0,0.0,1.0,10.0,4.0,4.0,4.0,1.0,0.0,4.0,3.0,0.0,0.0,0.0,0.0,1.0,0.0,0.0,0.0,1.4,0.4,1.6666666666666667,0.6666666666666666,1.25,0.25,19.0,1.0,18.999981000019,0.9499999525000024,0.0,0.0,0.0,0.0,1.0,0.0,0.0,0.0,0.0,1.0,0.0,1000000.0,0.0,0.0,0.0,24.0,1.411764705882353,1.0,0.0,0.0,0.0,0.0,0.0,0.0,,0.0,0.0,0.0,2.3529411764705883,0.35294117647058826,0.17647058823529413,-0.6171441482000752
2020NES__2020_11_05_NES_S1/1_DAC_Simulations_Zoom_Meeting_2020_11_05_12_24_10__1_DAC_Simulations_Zoom_Meeting_2020_11_05_12_24_10_chunk4.mp4,2020NES,2020_11_05_NES_S1/1_DAC_Simulations_Zoom_Meeting_2020_11_05_12_24_10,2020_11_05_NES_S1,3,6,middle,1.0,0.0,True,False,False,True,0.42165492957746475,0.0,0.0,1.0,0.0,3.0,1.0,0.0,0.0,0.0,2.0,2.0,3.0,1.0,1.0,1.0,0.0,0.0,0.0,0.0,0.0,0.0,0.0,,0.0,0.0,1.0,1.0,1.0,1.0,4.0,3.0,5.0,5.0,1.0,4.0,3.0,1.0,1.0,0.0,0.0,6.0,1.0,0.0,1.0,0.0,1.5,0.5,1.0,0.0,1.2,0.2,12.0,3.0,3.999998666667111,0.7999999466666703,0.0,0.0,0.0,1.0,1.0,0.0,1.0,0.0,0.0,0.0,0.0,0.0,0.0,6.0,0.0,13.0,1.3,1.0,0.0,0.0,0.0,0.0,0.0,0.0,0.8947368421052632,0.0,0.0,0.05263157894736842,2.0,0.0,0.05263157894736842,-0.30386892096658474
2020NES__2020_11_05_NES_S1/1_DAC_Simulations_Zoom_Meeting_2020_11_05_12_24_10__1_DAC_Simulations_Zoom_Meeting_2020_11_05_12_24_10_chunk5.mp4,2020NES,2020_11_05_NES_S1/1_DAC_Simulations_Zoom_Meeting_2020_11_05_12_24_10,2020_11_05_NES_S1,4,6,middle,1.0,0.0,True,False,False,True,0.4963043478260869,0.0,1.0,0.0,0.0,3.0,1.0,0.0,0.0,1.0,3.0,3.0,3.0,1.0,0.0,0.0,1.0,0.0,0.0,0.0,1.0,0.0,1.0,,0.0,0.0,0.0,1.0,0.0,2.0,11.0,0.0,2.0,8.0,1.0,0.0,8.0,2.0,1.0,0.0,0.0,23.0,0.0,0.0,0.0,0.0,1.3,0.3,1.0,0.0,1.0,0.0,19.0,4.0,4.749998812500297,0.8260869206049165,0.0,0.0,0.0,1.0,0.0,0.0,0.0,0.0,1.0,0.0,0.0,0.0,16.0,1.0,0.9411764152249167,16.0,1.2307692307692308,1.0,1.0,0.0,0.0,1000000.0,0.0,0.0,0.8695652173913043,0.043478260869565216,0.08695652173913043,0.043478260869565216,2.0869565217391304,0.08695652173913043,0.13043478260869565,-0.1645461256796142
2020NES__2020_11_05_NES_S1/1_DAC_Simulations_Zoom_Meeting_2020_11_05_12_24_10__1_DAC_Simulations_Zoom_Meeting_2020_11_05_12_24_10_chunk6.mp4,2020NES,2020_11_05_NES_S1/1_DAC_Simulations_Zoom_Meeting_2020_11_05_12_24_10,2020_11_05_NES_S1,5,6,end,1.0,0.0,True,False,False,True,0.47058823529411775,1.0,1.0,0.0,0.0,3.0,1.0,0.0,0.0,0.0,3.0,3.0,3.0,1.0,0.0,0.0,0.0,0.0,0.0,0.0,0.0,0.0,0.0,,0.0,0.0,0.0,0.0,0.0,1.0,0.0,1.0,1.0,0.0,2.0,1.0,0.0,1.0,0.0,0.0,0.0,3.0,0.0,0.0,0.0,0.0,,,2.0,1.0,1.0,0.0,2.0,0.0,2000000.0,0.99999950000025,0.0,0.0,0.0,0.0,0.0,0.0,0.0,0.0,0.0,0.0,0.0,0.0,0.0,3.0,0.0,3.0,1.5,1.0,0.0,0.0,0.0,0.0,0.0,0.0,0.16666666666666666,0.16666666666666666,0.3333333333333333,0.0,2.0,0.0,0.0,-0.11817151604923355
2020NES__2020_11_05_NES_S1/1_DAC_Simulations_Zoom_Meeting_2020_11_05_12_09_10__1_DAC_Simulations_Zoom_Meeting_2020_11_05_12_09_10_chunk1.mp4,2020NES,2020_11_05_NES_S1/1_DAC_Simulations_Zoom_Meeting_2020_11_05_12_09_10,2020_11_05_NES_S1,0,2,beginning,1.0,0.0,True,False,False,True,0.6118763391490665,1.0,0.0,1.0,0.0,3.0,1.0,0.0,0.0,0.0,2.0,1.0,0.0,0.0,0.0,0.0,0.0,0.0,0.0,0.0,0.0,0.0,0.0,3.0,1.0,1.0,0.0,1.0,0.0,1.0,2.0,3.0,12.0,3.0,0.0,1.0,0.0,1.0,0.0,0.0,0.0,16.0,0.0,0.0,2.0,0.0,1.5,0.5,1.0,0.0,1.25,0.25,16.0,1.0,15.999984000016001,0.9411764152249167,0.0,0.0,0.0,0.0,0.0,0.0,2.0,0.0,0.0,1.0,0.0,1000000.0,0.0,7.0,0.0,19.0,1.2666666666666666,1.0,0.0,1.0,0.0,1000000.0,0.0,0.0,1.375,0.0,0.125,0.1875,2.1875,0.1875,0.0,0.23695871602028706
2020NES__2020_11_05_NES_S1/1_DAC_Simulations_Zoom_Meeting_2020_11_05_12_09_10__1_DAC_Simulations_Zoom_Meeting_2020_11_05_12_09_10_chunk2.mp4,2020NES,2020_11_05_NES_S1/1_DAC_Simulations_Zoom_Meeting_2020_11_05_12_09_10,2020_11_05_NES_S1,1,2,end,1.0,0.0,True,False,False,True,0.4253472222222223,1.0,0.0,1.0,0.0,3.0,0.0,0.0,0.0,0.0,2.0,1.0,2.0,0.0,0.0,0.0,0.0,0.0,0.0,0.0,1.0,0.0,1.0,3.0,1.0,1.0,0.0,0.0,0.0,1.0,4.0,2.0,4.0,1.0,2.0,3.0,0.0,0.0,0.0,0.0,0.0,9.0,0.0,0.0,0.0,0.0,1.25,0.25,,,0.75,0.0,8.0,1.0,7.9999920000080005,0.8888887901234679,0.0,0.0,0.0,0.0,0.0,0.0,0.0,0.0,0.0,0.0,0.0,0.0,0.0,1.0,0.0,8.0,1.0,0.875,0.0,0.0,0.0,0.0,0.0,0.0,1.8888888888888888,0.1111111111111111,0.1111111111111111,0.1111111111111111,2.0,0.0,0.0,0.755152917381139
2020NES__2020_11_06_NES_S11/Zoom_Meeting_2020_11_06_11_59_21__Zoom_Meeting_2020_11_06_11_59_21.mp4,2020NES,2020_11_06_NES_S11/Zoom_Meeting_2020_11_06_11_59_21,2020_11_06_NES_S11,0,1,whole,3.0,1.0,True,True,True,True,0.0,1.0,0.0,0.0,1.0,2.0,0.0,0.0,1.0,0.0,,1.0,0.0,0.0,0.0,0.0,0.0,0.0,0.0,0.0,0.0,0.0,0.0,,0.0,0.0,0.0,0.0,0.0,1.0,0.0,0.0,0.0,0.0,0.0,0.0,0.0,0.0,0.0,0.0,0.0,0.0,0.0,0.0,0.0,0.0,,,,,,,0.0,0.0,0.0,0.0,0.0,0.0,0.0,0.0,0.0,0.0,0.0,0.0,0.0,0.0,0.0,0.0,0.0,0.0,0.0,0.0,,,0.0,0.0,0.0,0.0,0.0,0.0,0.0,0.0,0.0,0.0,2.0,0.0,0.0,-0.8604649237120855
2020NES__2020_11_06_NES_S11/5_what_to_do_with_captured_carbon_Zoom_Meeting_2020_11_06_12_16_06__5_what_to_do_with_captured_carbon_Zoom_Meeting_2020_11_06_12_16_06.mp4,2020NES,2020_11_06_NES_S11/5_what_to_do_with_captured_carbon_Zoom_Meeting_2020_11_06_12_16_06,2020_11_06_NES_S11,0,1,whole,3.0,1.0,True,True,True,True,0.23809523809523814,1.0,0.0,0.0,0.0,2.0,0.0,0.0,0.0,0.0,2.0,1.0,0.0,0.0,0.0,0.0,0.0,0.0,0.0,0.0,0.0,0.0,1.0,,0.0,0.0,0.0,0.0,0.0,1.0,0.0,1.0,0.0,0.0,1.0,1.0,1.0,1.0,0.0,0.0,0.0,1.0,0.0,0.0,0.0,0.0,,,1.0,0.0,,,1.0,0.0,1000000.0,0.9999990000010001,0.0,0.0,0.0,0.0,0.0,0.0,0.0,0.0,0.0,0.0,0.0,0.0,0.0,0.0,0.0,1.0,1.0,1.0,0.0,0.0,0.0,0.0,0.0,0.0,0.0,0.2,0.4,0.0,2.2,0.2,0.2,-0.06741762017718445
2020NES__2020_11_06_NES_S11/Zoom_2020_11_06_12_12_38__Zoom_2020_11_06_12_12_38.mp4,2020NES,2020_11_06_NES_S11/Zoom_2020_11_06_12_12_38,2020_11_06_NES_S11,0,1,whole,3.0,1.0,True,True,True,True,,,0.0,0.0,0.0,1.0,0.0,0.0,0.0,0.0,,1.0,0.0,0.0,0.0,0.0,0.0,0.0,0.0,0.0,0.0,0.0,0.0,,0.0,0.0,0.0,0.0,0.0,0.0,0.0,0.0,0.0,0.0,0.0,0.0,0.0,0.0,0.0,0.0,0.0,0.0,0.0,0.0,0.0,0.0,,,,,,,0.0,0.0,0.0,0.0,0.0,0.0,0.0,0.0,0.0,0.0,0.0,0.0,0.0,0.0,0.0,0.0,0.0,0.0,0.0,0.0,,,0.0,0.0,0.0,0.0,0.0,,,0.0,0.0,0.0,,,0.0,-0.6171441482000752
2020NES__2020_11_06_NES_S11/5_what_to_do_with_captured_carbon_Zoom_Meeting_2020_11_06_12_16_53__5_what_to_do_with_captured_carbon_Zoom_Meeting_2020_11_06_12_16_53_chunk1.mp4,2020NES,2020_11_06_NES_S11/5_what_to_do_with_captured_carbon_Zoom_Meeting_2020_11_06_12_16_53,2020_11_06_NES_S11,0,7,beginning,3.0,1.0,True,True,True,True,0.3833752093802345,0.0,0.0,1.0,0.0,3.0,1.0,0.0,0.0,0.0,2.0,1.0,3.0,1.0,1.0,0.0,0.0,0.0,0.0,0.0,1.0,0.0,1.0,,0.0,0.0,0.0,0.0,1.0,1.0,7.0,2.0,5.0,5.0,2.0,5.0,0.0,2.0,1.0,0.0,1.0,17.0,0.0,0.0,0.0,0.0,1.5714285714285714,0.5714285714285714,1.0,0.0,1.0,0.0,16.0,1.0,15.999984000016001,0.9411764152249167,0.0,0.0,1.0,1.0,0.0,0.0,0.0,0.0,0.0,0.0,0.0,0.0,8.0,5.0,0.615384568047341,17.0,1.3076923076923077,1.0,0.0,0.0,0.0,0.0,0.0,0.0,,0.0,0.0,0.047619047619047616,2.0952380952380953,0.09523809523809523,0.0,-0.4549714859843462
2020NES__2020_11_06_NES_S11/5_what_to_do_with_captured_carbon_Zoom_Meeting_2020_11_06_12_16_53__5_what_to_do_with_captured_carbon_Zoom_Meeting_2020_11_06_12_16_53_chunk2.mp4,2020NES,2020_11_06_NES_S11/5_what_to_do_with_captured_carbon_Zoom_Meeting_2020_11_06_12_16_53,2020_11_06_NES_S11,1,7,middle,3.0,1.0,True,True,True,True,0.2435897435897436,0.0,0.0,1.0,0.0,3.0,0.0,0.0,0.0,0.0,2.0,1.0,1.0,0.0,0.0,0.0,0.0,0.0,0.0,0.0,1.0,0.0,1.0,3.0,1.0,1.0,0.0,1.0,1.0,0.0,7.0,5.0,7.0,12.0,3.0,0.0,0.0,2.0,0.0,0.0,0.0,21.0,0.0,0.0,2.0,0.0,1.2857142857142858,0.2857142857142857,1.5,0.5,1.3333333333333333,0.3333333333333333,18.0,6.0,2.9999995000000834,0.7499999687500013,0.0,0.0,0.0,0.0,0.0,0.0,2.0,0.0,0.0,1.0,2.0,0.499999750000125,0.0,21.0,0.0,20.0,1.3333333333333333,1.0,0.0,0.0,1.0,0.0,0.0,0.0,0.8571428571428571,0.07142857142857142,0.07142857142857142,0.0,2.142857142857143,0.10714285714285714,0.10714285714285714,-0.15849894819024393
2020NES__2020_11_06_NES_S11/5_what_to_do_with_captured_carbon_Zoom_Meeting_2020_11_06_12_16_53__5_what_to_do_with_captured_carbon_Zoom_Meeting_2020_11_06_12_16_53_chunk3.mp4,2020NES,2020_11_06_NES_S11/5_what_to_do_with_captured_carbon_Zoom_Meeting_2020_11_06_12_16_53,2020_11_06_NES_S11,2,7,middle,3.0,1.0,True,True,True,True,0.3119782971619365,0.0,0.0,1.0,0.0,3.0,1.0,0.0,1.0,1.0,2.0,1.0,2.0,0.0,0.0,1.0,1.0,1.0,0.0,0.0,0.0,0.0,1.0,3.0,1.0,1.0,0.0,1.0,0.0,1.0,9.0,5.0,5.0,8.0,1.0,0.0,1.0,4.0,0.0,0.0,0.0,19.0,0.0,1.0,0.0,0.0,1.375,0.375,1.25,0.25,1.6,0.6,19.0,2.0,9.499995250002375,0.9047618616780065,0.0,0.0,0.0,0.0,0.0,1.0,0.0,0.0,1.0,1.0,1.0,0.9999990000010001,11.0,4.0,0.7333332844444478,24.0,1.411764705882353,1.0,1.0,1.0,0.0,2000000.0,0.0,0.0,1.5263157894736843,0.05263157894736842,0.21052631578947367,0.05263157894736842,2.1052631578947367,0.10526315789473684,0.10526315789473684,0.21336916626003552
2020NES__2020_11_06_NES_S11/5_what_to_do_with_captured_carbon_Zoom_Meeting_2020_11_06_12_16_53__5_what_to_do_with_captured_carbon_Zoom_Meeting_2020_11_06_12_16_53_chunk4.mp4,2020NES,2020_11_06_NES_S11/5_what_to_do_with_captured_carbon_Zoom_Meeting_2020_11_06_12_16_53,2020_11_06_NES_S11,3,7,middle,3.0,1.0,True,True,True,True,0.5612608032536859,0.0,0.0,1.0,0.0,3.0,1.0,0.0,1.0,1.0,2.0,1.0,2.0,0.0,1.0,0.0,1.0,0.0,0.0,0.0,0.0,1.0,1.0,3.0,1.0,1.0,0.0,0.0,0.0,1.0,5.0,4.0,9.0,8.0,5.0,1.0,3.0,1.0,0.0,0.0,0.0,24.0,1.0,0.0,0.0,0.0,1.4,0.4,1.0,0.0,1.1111111111111112,0.1111111111111111,18.0,2.0,8.99999550000225,0.8999999550000022,0.0,0.0,0.0,0.0,1.0,0.0,0.0,0.0,0.0,1.0,0.0,1000000.0,4.0,6.0,0.39999996000000404,18.0,1.2,1.0,0.0,1.0,0.0,1000000.0,0.0,0.0,1.1612903225806452,0.0967741935483871,0.16129032258064516,0.1935483870967742,2.161290322580645,0.1935483870967742,0.06451612903225806,0.530021353643998
2020NES__2020_11_06_NES_S11/5_what_to_do_with_captured_carbon_Zoom_Meeting_2020_11_06_12_16_53__5_what_to_do_with_captured_carbon_Zoom_Meeting_2020_11_06_12_16_53_chunk5.mp4,2020NES,2020_11_06_NES_S11/5_what_to_do_with_captured_carbon_Zoom_Meeting_2020_11_06_12_16_53,2020_11_06_NES_S11,4,7,middle,3.0,1.0,True,True,True,True,0.4563743218806511,0.0,0.0,1.0,0.0,3.0,1.0,0.0,1.0,1.0,2.0,2.0,3.0,1.0,0.0,0.0,1.0,0.0,0.0,0.0,0.0,0.0,1.0,3.0,1.0,1.0,0.0,0.0,0.0,1.0,4.0,4.0,1.0,4.0,3.0,4.0,3.0,4.0,2.0,0.0,1.0,25.0,0.0,0.0,1.0,0.0,1.75,0.75,1.25,0.25,,,12.0,1.0,11.999988000012001,0.9230768520710114,0.0,0.0,1.0,2.0,0.0,0.0,1.0,0.0,0.0,0.0,0.0,0.0,7.0,7.0,0.49999996428571686,12.0,1.5,1.0,0.0,0.0,0.0,0.0,0.0,0.0,0.76,0.12,0.2,0.0,2.0,0.0,0.0,-0.01335835608116398
2020NES__2020_11_06_NES_S11/5_what_to_do_with_captured_carbon_Zoom_Meeting_2020_11_06_12_16_53__5_what_to_do_with_captured_carbon_Zoom_Meeting_2020_11_06_12_16_53_chunk6.mp4,2020NES,2020_11_06_NES_S11/5_what_to_do_with_captured_carbon_Zoom_Meeting_2020_11_06_12_16_53,2020_11_06_NES_S11,5,7,middle,3.0,1.0,True,True,True,True,0.4676767676767677,0.0,0.0,1.0,0.0,3.0,1.0,0.0,1.0,1.0,2.0,1.0,3.0,1.0,0.0,0.0,1.0,0.0,0.0,0.0,0.0,0.0,0.0,3.0,1.0,1.0,0.0,1.0,0.0,1.0,9.0,4.0,12.0,5.0,0.0,3.0,2.0,5.0,0.0,0.0,0.0,23.0,0.0,0.0,1.0,0.0,1.4444444444444444,0.4444444444444444,1.2,0.2,1.3333333333333333,0.3333333333333333,28.0,3.0,9.333330222223259,0.9032257773152975,0.0,0.0,0.0,0.0,0.0,0.0,1.0,0.0,0.0,0.0,0.0,0.0,10.0,7.0,0.588235259515573,35.0,1.3461538461538463,1.0,0.0,0.0,0.0,0.0,0.0,0.0,1.0,0.0,0.12,0.0,2.04,0.04,0.08,-0.37194099540947906
2020NES__2020_11_06_NES_S11/5_what_to_do_with_captured_carbon_Zoom_Meeting_2020_11_06_12_16_53__5_what_to_do_with_captured_carbon_Zoom_Meeting_2020_11_06_12_16_53_chunk7.mp4,2020NES,2020_11_06_NES_S11/5_what_to_do_with_captured_carbon_Zoom_Meeting_2020_11_06_12_16_53,2020_11_06_NES_S11,6,7,end,3.0,1.0,True,True,True,True,0.562841530054645,1.0,0.0,0.0,0.0,2.0,0.0,0.0,0.0,0.0,2.0,1.0,0.0,0.0,0.0,0.0,0.0,0.0,0.0,0.0,0.0,0.0,0.0,,0.0,0.0,0.0,0.0,0.0,1.0,0.0,1.0,1.0,1.0,1.0,0.0,1.0,0.0,0.0,0.0,0.0,0.0,0.0,0.0,0.0,0.0,,,,,1.0,0.0,1.0,1.0,0.9999990000010001,0.499999750000125,0.0,0.0,0.0,0.0,0.0,0.0,0.0,0.0,0.0,0.0,0.0,0.0,0.0,0.0,0.0,1.0,1.0,1.0,0.0,0.0,0.0,0.0,0.0,0.0,0.6,0.0,0.2,0.0,2.0,0.0,0.2,-0.5673505667305218
2020NES__2020_11_06_NES_S11/2_frontiers_for_echem_Zoom_Meeting_2020_11_06_12_12_54__2_frontiers_for_echem_Zoom_Meeting_2020_11_06_12_12_54.mp4,2020NES,2020_11_06_NES_S11/2_frontiers_for_echem_Zoom_Meeting_2020_11_06_12_12_54,2020_11_06_NES_S11,0,1,whole,3.0,1.0,True,True,True,True,0.4444444444444444,1.0,0.0,0.0,1.0,2.0,0.0,0.0,0.0,0.0,,1.0,0.0,0.0,0.0,0.0,0.0,0.0,0.0,0.0,0.0,0.0,1.0,,0.0,0.0,0.0,0.0,0.0,2.0,0.0,0.0,1.0,0.0,2.0,1.0,3.0,0.0,0.0,0.0,0.0,1.0,0.0,0.0,0.0,0.0,,,,,1.0,0.0,1.0,0.0,1000000.0,0.9999990000010001,0.0,0.0,0.0,0.0,0.0,0.0,0.0,0.0,0.0,0.0,0.0,0.0,0.0,1.0,0.0,1.0,1.0,1.0,0.0,0.0,0.0,0.0,0.0,0.0,0.2857142857142857,0.0,0.14285714285714285,0.0,2.0,0.0,0.2857142857142857,-0.7208866584827694
2020NES__2020_11_05_NES_S4/4_Beyond_CO2_Zoom_Meeting_2020_11_05_11_57_32__4_Beyond_CO2_Zoom_Meeting_2020_11_05_11_57_32.mp4,2020NES,2020_11_05_NES_S4/4_Beyond_CO2_Zoom_Meeting_2020_11_05_11_57_32,2020_11_05_NES_S4,0,1,whole,1.0,1.0,True,True,True,True,0.3999999999999999,1.0,0.0,0.0,1.0,2.0,0.0,0.0,1.0,0.0,,1.0,0.0,0.0,0.0,0.0,0.0,0.0,0.0,0.0,0.0,0.0,0.0,,0.0,0.0,0.0,0.0,0.0,2.0,0.0,1.0,1.0,0.0,1.0,1.0,3.0,0.0,0.0,0.0,0.0,0.0,0.0,1.0,0.0,0.0,,,,,0.0,0.0,1.0,0.0,1000000.0,0.9999990000010001,0.0,0.0,0.0,0.0,0.0,1.0,0.0,0.0,0.0,0.0,0.0,0.0,0.0,0.0,0.0,0.0,0.0,0.0,0.0,0.0,0.0,0.0,0.0,0.0,0.0,0.0,0.0,0.0,2.0,0.0,0.5714285714285714,-0.8604649237120855
2020NES__2020_11_05_NES_S4/4_Beyond_CO2_Zoom_Meeting_2020_11_05_12_17_00__4_Beyond_CO2_Zoom_Meeting_2020_11_05_12_17_00_chunk1.mp4,2020NES,2020_11_05_NES_S4/4_Beyond_CO2_Zoom_Meeting_2020_11_05_12_17_00,2020_11_05_NES_S4,0,6,beginning,1.0,1.0,True,True,True,True,0.3256756756756758,0.0,0.0,1.0,0.0,3.0,1.0,0.0,0.0,0.0,2.0,1.0,2.0,0.0,0.0,1.0,1.0,1.0,0.0,0.0,0.0,0.0,0.0,,0.0,0.0,0.0,0.0,0.0,1.0,8.0,1.0,7.0,2.0,0.0,0.0,0.0,1.0,0.0,0.0,0.0,10.0,0.0,1.0,0.0,0.0,1.25,0.25,1.0,0.0,1.0,0.0,17.0,1.0,16.999983000017,0.9444443919753115,0.0,0.0,0.0,0.0,0.0,1.0,0.0,0.0,0.0,0.0,0.0,0.0,5.0,2.0,0.7142856122449125,12.0,1.2,1.0,0.0,0.0,0.0,0.0,0.0,0.0,1.5,0.0,0.0,0.1,2.0,0.0,0.6,0.09936269584384481
2020NES__2020_11_05_NES_S4/4_Beyond_CO2_Zoom_Meeting_2020_11_05_12_17_00__4_Beyond_CO2_Zoom_Meeting_2020_11_05_12_17_00_chunk2.mp4,2020NES,2020_11_05_NES_S4/4_Beyond_CO2_Zoom_Meeting_2020_11_05_12_17_00,2020_11_05_NES_S4,1,6,middle,1.0,1.0,True,True,True,True,0.42121848739495804,0.0,0.0,1.0,0.0,3.0,1.0,0.0,0.0,0.0,2.0,1.0,3.0,1.0,0.0,0.0,1.0,0.0,0.0,0.0,0.0,0.0,0.0,,0.0,0.0,0.0,0.0,0.0,1.0,9.0,5.0,3.0,0.0,0.0,1.0,1.0,3.0,0.0,0.0,0.0,12.0,0.0,0.0,0.0,0.0,1.6666666666666667,0.6666666666666666,2.0,1.0,1.6666666666666667,0.6666666666666666,15.0,0.0,15000000.0,0.9999999333333378,0.0,0.0,0.0,0.0,0.0,0.0,0.0,0.0,0.0,0.0,0.0,0.0,5.0,7.0,0.41666663194444736,26.0,1.7333333333333334,1.0,0.0,0.0,0.0,0.0,0.0,0.0,1.4285714285714286,0.0,0.07142857142857142,0.07142857142857142,2.0,0.07142857142857142,0.0,-0.0004009353497758337
2020NES__2020_11_05_NES_S4/4_Beyond_CO2_Zoom_Meeting_2020_11_05_12_17_00__4_Beyond_CO2_Zoom_Meeting_2020_11_05_12_17_00_chunk3.mp4,2020NES,2020_11_05_NES_S4/4_Beyond_CO2_Zoom_Meeting_2020_11_05_12_17_00,2020_11_05_NES_S4,2,6,middle,1.0,1.0,True,True,True,True,0.403061224489796,0.0,0.0,1.0,0.0,3.0,1.0,0.0,0.0,0.0,2.0,1.0,3.0,1.0,0.0,0.0,1.0,0.0,1.0,1.0,0.0,0.0,1.0,3.0,1.0,1.0,0.0,0.0,0.0,1.0,11.0,4.0,11.0,4.0,0.0,1.0,1.0,1.0,1.0,0.0,0.0,21.0,0.0,0.0,0.0,0.0,1.3636363636363635,0.36363636363636365,2.0,1.0,1.0909090909090908,0.09090909090909091,24.0,1.0,23.999976000024002,0.9599999616000015,0.0,0.0,0.0,1.0,0.0,0.0,0.0,0.0,0.0,0.0,0.0,0.0,10.0,10.0,0.4999999750000012,29.0,1.2608695652173914,1.0,0.0,0.0,0.0,0.0,0.0,0.0,0.7727272727272727,0.045454545454545456,0.09090909090909091,0.09090909090909091,2.1818181818181817,0.18181818181818182,0.18181818181818182,-0.09632956730939335
2020NES__2020_11_05_NES_S4/4_Beyond_CO2_Zoom_Meeting_2020_11_05_12_17_00__4_Beyond_CO2_Zoom_Meeting_2020_11_05_12_17_00_chunk4.mp4,2020NES,2020_11_05_NES_S4/4_Beyond_CO2_Zoom_Meeting_2020_11_05_12_17_00,2020_11_05_NES_S4,3,6,middle,1.0,1.0,True,True,True,True,0.3337378640776698,0.0,0.0,1.0,0.0,3.0,0.0,0.0,0.0,0.0,3.0,2.0,4.0,1.0,0.0,0.0,1.0,0.0,0.0,1.0,0.0,0.0,1.0,3.0,1.0,1.0,1.0,1.0,0.0,1.0,7.0,8.0,5.0,9.0,6.0,0.0,1.0,3.0,0.0,0.0,0.0,22.0,0.0,0.0,1.0,0.0,1.5714285714285714,0.5714285714285714,1.6666666666666667,0.6666666666666666,1.6,0.6,18.0,4.0,4.499998875000281,0.8181817809917372,0.0,0.0,0.0,0.0,0.0,0.0,1.0,0.0,0.0,0.0,0.0,0.0,10.0,0.0,0.99999990000001,24.0,1.6,1.0,0.0,1.0,1.0,0.9999990000010001,0.034482758620689655,0.034482758620689655,1.0344827586206897,0.20689655172413793,0.3448275862068966,0.20689655172413793,2.206896551724138,0.1724137931034483,0.06896551724137931,0.935039923917103
2020NES__2020_11_05_NES_S4/4_Beyond_CO2_Zoom_Meeting_2020_11_05_12_17_00__4_Beyond_CO2_Zoom_Meeting_2020_11_05_12_17_00_chunk5.mp4,2020NES,2020_11_05_NES_S4/4_Beyond_CO2_Zoom_Meeting_2020_11_05_12_17_00,2020_11_05_NES_S4,4,6,middle,1.0,1.0,True,True,True,True,0.4161490683229814,0.0,1.0,0.0,0.0,3.0,1.0,0.0,0.0,1.0,2.0,2.0,2.0,0.0,0.0,0.0,1.0,0.0,0.0,0.0,0.0,0.0,1.0,3.0,1.0,1.0,0.0,1.0,0.0,1.0,4.0,3.0,5.0,4.0,1.0,1.0,5.0,4.0,0.0,1.0,0.0,19.0,0.0,0.0,1.0,1.0,1.0,0.0,1.0,0.0,1.5,0.5,14.0,1.0,13.999986000014001,0.9333332711111153,1.0,0.0,0.0,0.0,0.0,0.0,1.0,1.0,1.0,0.0,0.0,0.0,5.0,1.0,0.8333331944444675,14.0,1.1666666666666667,1.0,0.0,1.0,0.0,1000000.0,0.0,0.0,1.2105263157894737,0.05263157894736842,0.10526315789473684,0.15789473684210525,2.1052631578947367,0.10526315789473684,0.15789473684210525,0.2980897437455499
2020NES__2020_11_05_NES_S4/4_Beyond_CO2_Zoom_Meeting_2020_11_05_12_17_00__4_Beyond_CO2_Zoom_Meeting_2020_11_05_12_17_00_chunk6.mp4,2020NES,2020_11_05_NES_S4/4_Beyond_CO2_Zoom_Meeting_2020_11_05_12_17_00,2020_11_05_NES_S4,5,6,end,1.0,1.0,True,True,True,True,0.32437275985663083,0.0,1.0,0.0,0.0,3.0,0.0,0.0,1.0,1.0,2.0,3.0,1.0,0.0,0.0,0.0,1.0,0.0,0.0,0.0,0.0,0.0,1.0,,0.0,0.0,0.0,0.0,0.0,2.0,3.0,2.0,1.0,1.0,1.0,1.0,4.0,4.0,0.0,0.0,0.0,10.0,0.0,0.0,0.0,0.0,1.0,0.0,1.25,0.25,1.0,0.0,9.0,0.0,9000000.0,0.9999998888889013,0.0,0.0,0.0,0.0,0.0,0.0,0.0,0.0,1.0,0.0,0.0,0.0,3.0,1.0,0.7499998125000469,9.0,1.125,1.0,0.0,1.0,0.0,1000000.0,0.0,0.0,1.1,0.1,0.1,0.3,2.0,0.0,0.3,0.7545602304942941
2020NES__2020_11_05_NES_S4/4_Beyond_CO2_Zoom_Meeting_2020_11_05_11_59_04__4_Beyond_CO2_Zoom_Meeting_2020_11_05_11_59_04_chunk1.mp4,2020NES,2020_11_05_NES_S4/4_Beyond_CO2_Zoom_Meeting_2020_11_05_11_59_04,2020_11_05_NES_S4,0,2,beginning,1.0,1.0,True,True,True,True,0.44300000000000006,0.0,0.0,0.0,1.0,3.0,0.0,0.0,0.0,0.0,,1.0,0.0,0.0,0.0,0.0,0.0,0.0,0.0,0.0,0.0,0.0,1.0,,0.0,0.0,0.0,1.0,1.0,2.0,0.0,0.0,11.0,0.0,1.0,10.0,2.0,0.0,0.0,1.0,0.0,11.0,0.0,0.0,0.0,0.0,,,,,1.0,0.0,11.0,0.0,11000000.0,0.9999999090909174,1.0,0.0,0.0,0.0,0.0,0.0,0.0,0.0,0.0,0.0,0.0,0.0,0.0,11.0,0.0,11.0,1.0,1.0,0.0,0.0,0.0,0.0,0.0,0.0,0.6956521739130435,0.0,0.043478260869565216,0.0,2.0,0.0,0.0,-0.5206221909798376
2020NES__2020_11_05_NES_S4/4_Beyond_CO2_Zoom_Meeting_2020_11_05_11_59_04__4_Beyond_CO2_Zoom_Meeting_2020_11_05_11_59_04_chunk2.mp4,2020NES,2020_11_05_NES_S4/4_Beyond_CO2_Zoom_Meeting_2020_11_05_11_59_04,2020_11_05_NES_S4,1,2,end,1.0,1.0,True,True,True,True,0.11479786422578186,0.0,0.0,1.0,0.0,3.0,0.0,0.0,0.0,0.0,2.0,1.0,2.0,0.0,0.0,0.0,0.0,0.0,0.0,0.0,0.0,0.0,0.0,,0.0,0.0,0.0,0.0,0.0,1.0,5.0,0.0,4.0,1.0,1.0,1.0,1.0,0.0,0.0,0.0,0.0,5.0,0.0,0.0,0.0,0.0,1.4,0.4,,,1.0,0.0,9.0,1.0,8.999991000009,0.8999999100000091,0.0,0.0,0.0,0.0,0.0,0.0,0.0,0.0,0.0,0.0,0.0,0.0,0.0,1.0,0.0,11.0,1.2222222222222223,1.0,0.0,0.0,0.0,0.0,0.0,0.0,2.5555555555555554,0.0,0.0,0.0,2.0,0.0,0.0,0.3879851152834643
2020NES__2020_11_05_NES_S4/4_Beyond_CO2_Zoom_Meeting_2020_11_05_13_11_32__4_Beyond_CO2_Zoom_Meeting_2020_11_05_13_11_32.mp4,2020NES,2020_11_05_NES_S4/4_Beyond_CO2_Zoom_Meeting_2020_11_05_13_11_32,2020_11_05_NES_S4,0,1,whole,1.0,1.0,True,True,True,True,0.0,1.0,0.0,1.0,0.0,1.0,0.0,0.0,1.0,0.0,2.0,1.0,0.0,0.0,0.0,0.0,0.0,0.0,0.0,0.0,0.0,0.0,0.0,,0.0,0.0,0.0,1.0,0.0,1.0,0.0,1.0,0.0,0.0,0.0,0.0,0.0,0.0,0.0,0.0,0.0,1.0,0.0,0.0,1.0,0.0,,,,,,,0.0,0.0,0.0,0.0,0.0,0.0,0.0,0.0,0.0,0.0,1.0,0.0,0.0,0.0,0.0,0.0,0.0,0.0,0.0,0.0,,,0.0,0.0,0.0,0.0,0.0,0.0,0.0,0.0,0.0,0.0,2.0,0.0,1.0,-0.8604649237120855
2020NES__2020_11_05_NES_S4/4_Beyond_CO2_Zoom_Meeting_2020_11_05_11_58_47__4_Beyond_CO2_Zoom_Meeting_2020_11_05_11_58_47.mp4,2020NES,2020_11_05_NES_S4/4_Beyond_CO2_Zoom_Meeting_2020_11_05_11_58_47,2020_11_05_NES_S4,0,1,whole,1.0,1.0,True,True,True,True,0.0,1.0,0.0,0.0,1.0,1.0,0.0,0.0,1.0,1.0,,1.0,0.0,0.0,0.0,0.0,0.0,0.0,0.0,0.0,0.0,0.0,0.0,,0.0,0.0,0.0,0.0,0.0,2.0,0.0,0.0,0.0,0.0,0.0,0.0,1.0,0.0,0.0,0.0,0.0,0.0,0.0,1.0,0.0,0.0,,,,,,,0.0,0.0,0.0,0.0,0.0,0.0,0.0,0.0,0.0,1.0,0.0,0.0,0.0,0.0,0.0,0.0,0.0,0.0,0.0,0.0,,,0.0,0.0,0.0,0.0,0.0,0.0,,0.0,0.0,0.0,2.0,0.0,0.0,-0.6171441482000752
2020NES__2020_11_05_NES_S4/4_Beyond_CO2_Zoom_Meeting_2020_11_05_13_12_42__4_Beyond_CO2_Zoom_Meeting_2020_11_05_13_12_42.mp4,2020NES,2020_11_05_NES_S4/4_Beyond_CO2_Zoom_Meeting_2020_11_05_13_12_42,2020_11_05_NES_S4,0,1,whole,1.0,1.0,True,True,True,True,0.5561904761904763,0.0,0.0,0.0,1.0,3.0,0.0,0.0,1.0,1.0,,2.0,0.0,0.0,1.0,0.0,1.0,1.0,0.0,0.0,0.0,0.0,1.0,,0.0,0.0,0.0,0.0,0.0,2.0,0.0,0.0,0.0,0.0,7.0,2.0,4.0,1.0,0.0,0.0,0.0,2.0,1.0,0.0,0.0,0.0,,,1.0,0.0,,,1.0,0.0,1000000.0,0.9999990000010001,0.0,0.0,0.0,0.0,1.0,0.0,0.0,0.0,0.0,0.0,0.0,0.0,1.0,1.0,0.499999750000125,1.0,1.0,1.0,0.0,3.0,0.0,3000000.0,0.0,0.0,0.2,0.5454545454545454,0.6363636363636364,0.0,2.3636363636363638,0.36363636363636365,0.18181818181818182,1.4000961443163475
2020NES__2020_11_06_NES_S8/2020_11_06_12_09_28__2020_11_06_12_09_28_chunk1.mp4,2020NES,2020_11_06_NES_S8/2020_11_06_12_09_28,2020_11_06_NES_S8,0,8,beginning,2.0,0.0,True,False,False,True,0.4372955288985825,0.0,0.0,0.0,1.0,3.0,0.0,0.0,1.0,0.0,,1.0,0.0,0.0,0.0,0.0,0.0,0.0,0.0,0.0,0.0,0.0,1.0,,0.0,0.0,0.0,0.0,1.0,2.0,0.0,2.0,10.0,0.0,4.0,9.0,13.0,0.0,0.0,0.0,0.0,10.0,0.0,1.0,0.0,0.0,,,,,1.0,0.0,10.0,0.0,10000000.0,0.99999990000001,0.0,0.0,0.0,0.0,0.0,1.0,0.0,0.0,0.0,0.0,0.0,0.0,0.0,10.0,0.0,10.0,1.0,1.0,0.0,1.0,0.0,1000000.0,0.0,0.0,0.20833333333333334,0.08333333333333333,0.125,0.020833333333333332,2.0,0.0,0.0,-0.3809523690299128
2020NES__2020_11_06_NES_S8/2020_11_06_12_09_28__2020_11_06_12_09_28_chunk2.mp4,2020NES,2020_11_06_NES_S8/2020_11_06_12_09_28,2020_11_06_NES_S8,1,8,middle,2.0,0.0,True,False,False,True,0.5115468409586057,0.0,0.0,1.0,0.0,3.0,1.0,0.0,0.0,0.0,2.0,1.0,3.0,1.0,0.0,0.0,0.0,0.0,0.0,0.0,0.0,0.0,0.0,,0.0,0.0,0.0,1.0,0.0,2.0,7.0,4.0,5.0,1.0,1.0,2.0,2.0,2.0,0.0,0.0,0.0,15.0,0.0,0.0,0.0,0.0,1.5714285714285714,0.5714285714285714,1.0,0.0,1.2,0.2,14.0,1.0,13.999986000014001,0.9333332711111153,0.0,0.0,0.0,0.0,0.0,0.0,0.0,0.0,0.0,0.0,0.0,0.0,0.0,6.0,0.0,19.0,1.3571428571428572,1.0,0.0,0.0,0.0,0.0,0.0,0.0,1.2380952380952381,0.047619047619047616,0.047619047619047616,0.2857142857142857,2.142857142857143,0.14285714285714285,0.0,0.581885661033796
2020NES__2020_11_06_NES_S8/2020_11_06_12_09_28__2020_11_06_12_09_28_chunk3.mp4,2020NES,2020_11_06_NES_S8/2020_11_06_12_09_28,2020_11_06_NES_S8,2,8,middle,2.0,0.0,True,False,False,True,0.30952380952380953,0.0,0.0,1.0,0.0,3.0,1.0,0.0,1.0,1.0,2.0,1.0,3.0,1.0,1.0,1.0,1.0,1.0,0.0,0.0,0.0,0.0,0.0,3.0,1.0,1.0,0.0,0.0,0.0,1.0,7.0,4.0,6.0,4.0,0.0,3.0,1.0,1.0,1.0,0.0,0.0,17.0,0.0,0.0,0.0,0.0,1.6,0.6,2.0,1.0,1.5,0.5,15.0,3.0,4.999998333333888,0.8333332870370396,0.0,0.0,0.0,1.0,0.0,0.0,0.0,0.0,0.0,0.0,0.0,0.0,1.0,12.0,0.07692307100591762,16.0,1.6,1.0,0.0,0.0,0.0,0.0,0.0,0.0,1.2222222222222223,0.0,0.05555555555555555,0.2222222222222222,2.0,0.0,0.0,0.24115704888447934
2020NES__2020_11_06_NES_S8/2020_11_06_12_09_28__2020_11_06_12_09_28_chunk4.mp4,2020NES,2020_11_06_NES_S8/2020_11_06_12_09_28,2020_11_06_NES_S8,3,8,middle,2.0,0.0,True,False,False,True,0.2798742138364778,0.0,0.0,1.0,0.0,3.0,1.0,0.0,0.0,0.0,2.0,1.0,3.0,1.0,1.0,1.0,1.0,0.0,0.0,0.0,1.0,0.0,1.0,3.0,1.0,1.0,1.0,0.0,1.0,1.0,7.0,5.0,6.0,7.0,0.0,2.0,0.0,1.0,0.0,0.0,1.0,24.0,1.0,0.0,0.0,0.0,1.4285714285714286,0.42857142857142855,1.0,0.0,1.3333333333333333,0.3333333333333333,17.0,4.0,4.249998937500266,0.8095237709750585,0.0,0.0,1.0,0.0,1.0,0.0,0.0,0.0,0.0,0.0,0.0,0.0,5.0,5.0,0.499999950000005,19.0,1.3571428571428572,1.0,0.0,1.0,0.0,1000000.0,0.0,0.0,1.1111111111111112,0.1111111111111111,0.2222222222222222,0.18518518518518517,2.1481481481481484,0.14814814814814814,0.1111111111111111,0.5433689191472753
2020NES__2020_11_06_NES_S8/2020_11_06_12_09_28__2020_11_06_12_09_28_chunk5.mp4,2020NES,2020_11_06_NES_S8/2020_11_06_12_09_28,2020_11_06_NES_S8,4,8,middle,2.0,0.0,True,False,False,True,0.3939482106488217,0.0,0.0,0.0,0.0,3.0,0.0,0.0,1.0,1.0,2.0,2.0,3.0,1.0,0.0,0.0,1.0,0.0,1.0,0.0,0.0,1.0,1.0,3.0,1.0,1.0,0.0,0.0,1.0,1.0,12.0,4.0,9.0,9.0,12.0,2.0,9.0,4.0,0.0,0.0,0.0,28.0,0.0,0.0,0.0,0.0,1.5,0.5,1.0,0.0,1.5,0.5,29.0,5.0,5.799998840000232,0.8529411513840839,0.0,0.0,0.0,0.0,0.0,0.0,0.0,0.0,0.0,0.0,0.0,0.0,6.0,14.0,0.29999998500000075,28.0,1.4,1.0,2.0,1.0,1.0,2.9999970000030003,0.0,0.0,0.2857142857142857,0.08163265306122448,0.08163265306122448,0.08163265306122448,2.122448979591837,0.12244897959183673,0.14285714285714285,-0.211853696140344
2020NES__2020_11_06_NES_S8/2020_11_06_12_09_28__2020_11_06_12_09_28_chunk6.mp4,2020NES,2020_11_06_NES_S8/2020_11_06_12_09_28,2020_11_06_NES_S8,5,8,middle,2.0,0.0,True,False,False,True,0.41173641173641173,0.0,0.0,1.0,0.0,3.0,1.0,0.0,1.0,0.0,2.0,1.0,3.0,1.0,0.0,1.0,0.0,0.0,0.0,0.0,1.0,0.0,1.0,,0.0,0.0,0.0,1.0,1.0,1.0,4.0,1.0,6.0,10.0,3.0,2.0,4.0,1.0,1.0,0.0,1.0,18.0,0.0,0.0,3.0,0.0,1.5,0.5,1.0,0.0,1.1666666666666667,0.16666666666666666,15.0,5.0,2.99999940000012,0.7499999625000018,0.0,0.0,1.0,1.0,0.0,0.0,3.0,0.0,2.0,0.0,0.0,0.0,2.0,2.0,0.49999987500003124,14.0,1.2727272727272727,1.0,0.0,4.0,0.0,4000000.0,0.0,0.0,0.3684210526315789,0.05263157894736842,0.05263157894736842,0.05263157894736842,2.0526315789473686,0.05263157894736842,0.0,-0.3522901191429826
2020NES__2020_11_06_NES_S8/2020_11_06_12_09_28__2020_11_06_12_09_28_chunk7.mp4,2020NES,2020_11_06_NES_S8/2020_11_06_12_09_28,2020_11_06_NES_S8,6,8,middle,2.0,0.0,True,False,False,True,0.44688644688644685,0.0,1.0,0.0,0.0,3.0,1.0,0.0,1.0,1.0,2.0,2.0,3.0,1.0,0.0,0.0,1.0,0.0,0.0,0.0,1.0,0.0,1.0,3.0,1.0,1.0,0.0,0.0,0.0,2.0,5.0,4.0,6.0,8.0,15.0,2.0,8.0,2.0,0.0,1.0,2.0,14.0,0.0,0.0,1.0,0.0,1.4,0.4,1.0,0.0,1.0,0.0,17.0,3.0,5.666664777778407,0.8499999575000021,1.0,0.0,2.0,0.0,0.0,0.0,1.0,0.0,0.0,0.0,1.0,0.0,6.0,8.0,0.42857139795918586,15.0,1.1538461538461537,1.0,1.0,0.0,0.0,1000000.0,0.0,0.0,0.6046511627906976,0.3953488372093023,0.4186046511627907,0.09302325581395349,2.0697674418604652,0.06976744186046512,0.046511627906976744,1.2137748907161747
2020NES__2020_11_06_NES_S8/2020_11_06_12_09_28__2020_11_06_12_09_28_chunk8.mp4,2020NES,2020_11_06_NES_S8/2020_11_06_12_09_28,2020_11_06_NES_S8,7,8,end,2.0,0.0,True,False,False,True,0.0,1.0,0.0,0.0,1.0,1.0,0.0,0.0,0.0,0.0,,2.0,0.0,0.0,0.0,0.0,0.0,0.0,0.0,0.0,0.0,0.0,0.0,,0.0,0.0,0.0,0.0,0.0,2.0,0.0,0.0,0.0,0.0,1.0,0.0,0.0,0.0,0.0,0.0,0.0,0.0,0.0,0.0,0.0,0.0,,,,,,,0.0,0.0,0.0,0.0,0.0,0.0,0.0,0.0,0.0,0.0,0.0,0.0,0.0,0.0,0.0,0.0,0.0,0.0,0.0,0.0,,,0.0,0.0,0.0,0.0,0.0,0.0,0.0,0.0,0.0,0.0,2.0,0.0,0.0,-0.8604649237120855
2020NES__2020_11_06_NES_S10/4_frontiers_in_echem_Zoom_Meeting_2020_11_06_12_12_40__4_frontiers_in_echem_Zoom_Meeting_2020_11_06_12_12_40.mp4,2020NES,2020_11_06_NES_S10/4_frontiers_in_echem_Zoom_Meeting_2020_11_06_12_12_40,2020_11_06_NES_S10,0,1,whole,0.0,0.0,False,False,False,True,0.3181818181818181,1.0,0.0,0.0,1.0,2.0,0.0,0.0,0.0,0.0,,1.0,0.0,0.0,0.0,0.0,0.0,0.0,0.0,0.0,1.0,0.0,1.0,,0.0,0.0,0.0,0.0,0.0,1.0,0.0,0.0,0.0,0.0,1.0,0.0,1.0,0.0,0.0,0.0,0.0,0.0,0.0,0.0,0.0,0.0,,,,,,,0.0,0.0,0.0,0.0,0.0,0.0,0.0,0.0,0.0,0.0,0.0,0.0,0.0,0.0,0.0,0.0,0.0,0.0,0.0,0.0,,,0.0,0.0,0.0,0.0,0.0,0.0,0.0,0.0,0.25,0.0,2.0,0.0,0.25,-0.8604649237120855
2020NES__2020_11_06_NES_S10/4_frontiers_in_echem_Zoom_Meeting_2020_11_06_12_13_04__4_frontiers_in_echem_Zoom_Meeting_2020_11_06_12_13_04.mp4,2020NES,2020_11_06_NES_S10/4_frontiers_in_echem_Zoom_Meeting_2020_11_06_12_13_04,2020_11_06_NES_S10,0,1,whole,0.0,0.0,False,False,False,True,0.43243243243243246,1.0,0.0,0.0,1.0,1.0,0.0,0.0,0.0,0.0,,1.0,0.0,0.0,0.0,0.0,0.0,0.0,0.0,0.0,0.0,0.0,0.0,,0.0,0.0,0.0,1.0,1.0,2.0,0.0,0.0,3.0,0.0,0.0,2.0,3.0,0.0,1.0,0.0,0.0,3.0,0.0,0.0,0.0,0.0,,,,,1.0,0.0,3.0,0.0,3000000.0,0.9999996666667778,0.0,0.0,0.0,1.0,0.0,0.0,0.0,0.0,0.0,0.0,0.0,0.0,0.0,3.0,0.0,3.0,1.0,1.0,0.0,0.0,0.0,0.0,0.0,0.0,0.0,0.0,0.0,0.0,2.0,0.0,0.0,-0.8604649237120855
2020NES__2020_11_06_NES_S10/4_frontiers_in_echem_Zoom_Meeting_2020_11_06_12_23_32__4_frontiers_in_echem_Zoom_Meeting_2020_11_06_12_23_32_chunk1.mp4,2020NES,2020_11_06_NES_S10/4_frontiers_in_echem_Zoom_Meeting_2020_11_06_12_23_32,2020_11_06_NES_S10,0,3,beginning,0.0,0.0,False,False,False,True,0.3162593984962405,0.0,0.0,1.0,0.0,2.0,1.0,0.0,1.0,0.0,2.0,1.0,2.0,0.0,0.0,0.0,0.0,1.0,0.0,0.0,0.0,0.0,0.0,,0.0,0.0,0.0,0.0,0.0,1.0,8.0,1.0,0.0,3.0,0.0,1.0,0.0,0.0,0.0,0.0,0.0,9.0,0.0,0.0,0.0,0.0,1.375,0.375,,,,,11.0,1.0,10.999989000011,0.9166665902777842,0.0,0.0,0.0,0.0,0.0,0.0,0.0,0.0,0.0,0.0,0.0,0.0,3.0,5.0,0.3749999531250059,11.0,1.375,1.0,0.0,0.0,1.0,0.0,0.0,0.0,,0.0,0.0,0.0,2.0,0.0,0.0,-0.6171441482000752
2020NES__2020_11_06_NES_S10/4_frontiers_in_echem_Zoom_Meeting_2020_11_06_12_23_32__4_frontiers_in_echem_Zoom_Meeting_2020_11_06_12_23_32_chunk2.mp4,2020NES,2020_11_06_NES_S10/4_frontiers_in_echem_Zoom_Meeting_2020_11_06_12_23_32,2020_11_06_NES_S10,1,3,middle,0.0,0.0,False,False,False,True,0.38073394495412827,0.0,0.0,1.0,0.0,3.0,1.0,0.0,1.0,0.0,2.0,1.0,3.0,1.0,0.0,1.0,0.0,0.0,0.0,0.0,1.0,0.0,1.0,3.0,1.0,1.0,0.0,0.0,0.0,1.0,9.0,3.0,3.0,2.0,3.0,2.0,0.0,3.0,0.0,0.0,1.0,9.0,0.0,0.0,0.0,0.0,1.7777777777777777,0.7777777777777778,1.3333333333333333,0.3333333333333333,1.6666666666666667,0.6666666666666666,16.0,1.0,15.999984000016001,0.9411764152249167,0.0,0.0,1.0,0.0,0.0,0.0,0.0,0.0,0.0,0.0,0.0,0.0,0.0,7.0,0.0,25.0,1.6666666666666667,1.0,0.0,0.0,0.0,0.0,0.0,0.0,0.7142857142857143,0.14285714285714285,0.14285714285714285,0.07142857142857142,2.2142857142857144,0.21428571428571427,0.07142857142857142,0.2171157612447203
2020NES__2020_11_06_NES_S10/4_frontiers_in_echem_Zoom_Meeting_2020_11_06_12_23_32__4_frontiers_in_echem_Zoom_Meeting_2020_11_06_12_23_32_chunk3.mp4,2020NES,2020_11_06_NES_S10/4_frontiers_in_echem_Zoom_Meeting_2020_11_06_12_23_32,2020_11_06_NES_S10,2,3,end,0.0,0.0,False,False,False,True,0.38734030197444835,0.0,0.0,1.0,0.0,2.0,1.0,0.0,1.0,0.0,2.0,1.0,4.0,1.0,0.0,0.0,0.0,0.0,0.0,0.0,1.0,0.0,1.0,3.0,1.0,1.0,0.0,1.0,0.0,1.0,2.0,3.0,6.0,9.0,1.0,0.0,0.0,0.0,0.0,0.0,0.0,12.0,0.0,0.0,1.0,0.0,1.0,0.0,,,1.3333333333333333,0.3333333333333333,7.0,7.0,0.9999998571428775,0.49999996428571686,0.0,0.0,0.0,0.0,0.0,0.0,1.0,0.0,0.0,0.0,0.0,0.0,9.0,1.0,0.8999999100000091,10.0,1.25,1.0,0.0,1.0,0.0,1000000.0,0.0,0.0,0.38461538461538464,0.15384615384615385,0.15384615384615385,0.07692307692307693,2.4615384615384617,0.46153846153846156,0.23076923076923078,0.1121127645865491
2020NES__2020_11_06_NES_S10/4_frontiers_in_echem_Zoom_Meeting_2020_11_06_12_52_00__4_frontiers_in_echem_Zoom_Meeting_2020_11_06_12_52_00_chunk1.mp4,2020NES,2020_11_06_NES_S10/4_frontiers_in_echem_Zoom_Meeting_2020_11_06_12_52_00,2020_11_06_NES_S10,0,3,beginning,0.0,0.0,False,False,False,True,0.5197101449275361,1.0,0.0,1.0,0.0,3.0,1.0,0.0,1.0,0.0,2.0,1.0,0.0,0.0,0.0,0.0,0.0,0.0,0.0,0.0,0.0,0.0,0.0,3.0,1.0,1.0,0.0,1.0,0.0,1.0,3.0,10.0,13.0,1.0,0.0,1.0,0.0,2.0,0.0,0.0,5.0,23.0,0.0,0.0,0.0,0.0,2.0,1.0,1.0,0.0,1.2307692307692308,0.23076923076923078,18.0,1.0,17.999982000018,0.9473683711911383,0.0,0.0,5.0,0.0,0.0,0.0,0.0,0.0,0.0,0.0,0.0,0.0,0.0,3.0,0.0,22.0,1.2941176470588236,1.0,0.0,3.0,0.0,3000000.0,0.0,0.0,0.625,0.0,0.041666666666666664,0.041666666666666664,2.125,0.125,0.16666666666666666,-0.4605367488971146
2020NES__2020_11_06_NES_S10/4_frontiers_in_echem_Zoom_Meeting_2020_11_06_12_52_00__4_frontiers_in_echem_Zoom_Meeting_2020_11_06_12_52_00_chunk2.mp4,2020NES,2020_11_06_NES_S10/4_frontiers_in_echem_Zoom_Meeting_2020_11_06_12_52_00,2020_11_06_NES_S10,1,3,middle,0.0,0.0,False,False,False,True,0.4910714285714286,0.0,0.0,1.0,0.0,3.0,1.0,0.0,1.0,1.0,2.0,1.0,0.0,0.0,0.0,0.0,0.0,0.0,0.0,1.0,0.0,0.0,1.0,,0.0,0.0,0.0,1.0,1.0,1.0,6.0,10.0,8.0,9.0,1.0,2.0,2.0,1.0,0.0,0.0,2.0,25.0,0.0,0.0,0.0,0.0,1.1666666666666667,0.16666666666666666,2.0,1.0,1.1428571428571428,0.14285714285714285,18.0,0.0,18000000.0,0.9999999444444475,0.0,0.0,2.0,0.0,0.0,0.0,0.0,0.0,0.0,0.0,0.0,0.0,1.0,4.0,0.199999960000008,17.0,1.2142857142857142,1.0,2.0,0.0,0.0,2000000.0,0.0,0.0,0.5151515151515151,0.06060606060606061,0.12121212121212122,0.030303030303030304,2.242424242424242,0.24242424242424243,0.06060606060606061,-0.2996831937874332
2020NES__2020_11_06_NES_S10/4_frontiers_in_echem_Zoom_Meeting_2020_11_06_12_52_00__4_frontiers_in_echem_Zoom_Meeting_2020_11_06_12_52_00_chunk3.mp4,2020NES,2020_11_06_NES_S10/4_frontiers_in_echem_Zoom_Meeting_2020_11_06_12_52_00,2020_11_06_NES_S10,2,3,end,0.0,0.0,False,False,False,True,0.20707070707070696,0.0,0.0,1.0,0.0,3.0,0.0,0.0,1.0,0.0,2.0,2.0,2.0,0.0,0.0,0.0,1.0,1.0,0.0,0.0,1.0,0.0,1.0,3.0,1.0,1.0,1.0,1.0,1.0,1.0,5.0,5.0,6.0,7.0,10.0,3.0,4.0,1.0,0.0,1.0,0.0,33.0,0.0,0.0,3.0,0.0,1.6,0.6,1.0,0.0,1.3333333333333333,0.3333333333333333,12.0,4.0,2.9999992500001875,0.7499999531250029,1.0,0.0,0.0,0.0,0.0,0.0,3.0,0.0,0.0,1.0,0.0,1000000.0,4.0,5.0,0.44444439506173394,17.0,1.4166666666666667,1.0,0.0,2.0,1.0,1.9999980000020001,0.0,0.0,0.8823529411764706,0.14705882352941177,0.23529411764705882,0.058823529411764705,2.9411764705882355,0.7941176470588235,0.08823529411764706,0.2872625756847125
2020NES__2020_11_06_NES_S10/4_frontiers_in_echem_Zoom_Meeting_2020_11_06_12_15_06__4_frontiers_in_echem_Zoom_Meeting_2020_11_06_12_15_06.mp4,2020NES,2020_11_06_NES_S10/4_frontiers_in_echem_Zoom_Meeting_2020_11_06_12_15_06,2020_11_06_NES_S10,0,1,whole,0.0,0.0,False,False,False,True,0.48205889631279386,1.0,0.0,0.0,1.0,3.0,0.0,0.0,1.0,0.0,3.0,1.0,2.0,0.0,0.0,0.0,0.0,0.0,0.0,0.0,1.0,0.0,1.0,,0.0,0.0,0.0,1.0,1.0,2.0,1.0,0.0,8.0,0.0,3.0,8.0,1.0,1.0,0.0,0.0,0.0,9.0,0.0,0.0,0.0,0.0,2.0,1.0,1.0,0.0,1.0,0.0,10.0,0.0,10000000.0,0.99999990000001,0.0,0.0,0.0,0.0,0.0,0.0,0.0,0.0,0.0,0.0,0.0,0.0,1.0,8.0,0.11111109876543349,11.0,1.1,1.0,0.0,0.0,0.0,0.0,0.0,0.0,0.5238095238095238,0.19047619047619047,0.2857142857142857,0.47619047619047616,2.142857142857143,0.14285714285714285,0.0,1.2318627902035695
2020NES__2020_11_06_NES_S4/Zoom_Meeting_2020_11_06_10_09_38__Zoom_Meeting_2020_11_06_10_09_38_chunk1.mp4,2020NES,2020_11_06_NES_S4/Zoom_Meeting_2020_11_06_10_09_38,2020_11_06_NES_S4,0,4,beginning,2.0,0.0,True,False,False,True,0.18377253814147032,0.0,0.0,0.0,1.0,3.0,0.0,0.0,0.0,0.0,,1.0,0.0,0.0,1.0,0.0,0.0,0.0,1.0,0.0,1.0,0.0,1.0,,0.0,0.0,0.0,0.0,1.0,2.0,0.0,5.0,14.0,0.0,1.0,12.0,1.0,0.0,0.0,0.0,0.0,15.0,1.0,0.0,0.0,0.0,,,,,0.9285714285714286,0.0,14.0,6.0,2.3333329444445092,0.6999999650000017,0.0,0.0,0.0,0.0,1.0,0.0,0.0,0.0,0.0,0.0,0.0,0.0,0.0,15.0,0.0,13.0,0.9285714285714286,0.9285714285714286,0.0,0.0,6.0,0.0,0.0,0.0,0.4594594594594595,0.02702702702702703,0.08108108108108109,0.02702702702702703,1.837837837837838,0.02702702702702703,0.02702702702702703,-0.46747680020292276
2020NES__2020_11_06_NES_S4/Zoom_Meeting_2020_11_06_10_09_38__Zoom_Meeting_2020_11_06_10_09_38_chunk2.mp4,2020NES,2020_11_06_NES_S4/Zoom_Meeting_2020_11_06_10_09_38,2020_11_06_NES_S4,1,4,middle,2.0,0.0,True,False,False,True,0.21294261294261307,0.0,0.0,1.0,0.0,3.0,1.0,0.0,0.0,0.0,2.0,1.0,0.0,0.0,0.0,1.0,0.0,0.0,0.0,0.0,1.0,0.0,1.0,,0.0,0.0,0.0,0.0,0.0,1.0,7.0,1.0,7.0,2.0,2.0,3.0,2.0,1.0,0.0,0.0,1.0,12.0,0.0,0.0,1.0,0.0,1.1428571428571428,0.14285714285714285,1.0,0.0,1.1428571428571428,0.14285714285714285,17.0,0.0,17000000.0,0.999999941176474,0.0,0.0,1.0,0.0,0.0,0.0,1.0,0.0,0.0,0.0,0.0,0.0,0.0,10.0,0.0,17.0,1.1333333333333333,1.0,0.0,0.0,0.0,0.0,0.0,0.0,2.5,0.0625,0.5,0.1875,2.1875,0.1875,0.0625,1.034375417715376
2020NES__2020_11_06_NES_S4/Zoom_Meeting_2020_11_06_10_09_38__Zoom_Meeting_2020_11_06_10_09_38_chunk3.mp4,2020NES,2020_11_06_NES_S4/Zoom_Meeting_2020_11_06_10_09_38,2020_11_06_NES_S4,2,4,middle,2.0,0.0,True,False,False,True,0.3819084628670122,0.0,0.0,1.0,0.0,3.0,0.0,0.0,0.0,0.0,2.0,1.0,0.0,0.0,0.0,1.0,0.0,0.0,0.0,0.0,0.0,0.0,0.0,3.0,1.0,1.0,0.0,0.0,0.0,1.0,3.0,8.0,12.0,5.0,0.0,0.0,0.0,1.0,0.0,0.0,0.0,22.0,0.0,0.0,1.0,0.0,1.3333333333333333,0.3333333333333333,2.0,1.0,1.1666666666666667,0.16666666666666666,16.0,3.0,5.333331555556148,0.8421052188365674,0.0,0.0,0.0,0.0,0.0,0.0,1.0,0.0,0.0,0.0,0.0,0.0,0.0,0.0,0.0,20.0,1.25,1.0,0.0,0.0,0.0,0.0,0.0,0.0,1.0454545454545454,0.0,0.13636363636363635,0.0,2.0,0.0,0.045454545454545456,-0.34973536230481517
2020NES__2020_11_06_NES_S4/Zoom_Meeting_2020_11_06_10_09_38__Zoom_Meeting_2020_11_06_10_09_38_chunk4.mp4,2020NES,2020_11_06_NES_S4/Zoom_Meeting_2020_11_06_10_09_38,2020_11_06_NES_S4,3,4,end,2.0,0.0,True,False,False,True,0.4144542772861357,0.0,0.0,1.0,0.0,3.0,1.0,0.0,0.0,0.0,2.0,1.0,0.0,0.0,0.0,1.0,0.0,0.0,0.0,0.0,1.0,0.0,1.0,3.0,1.0,1.0,0.0,0.0,0.0,1.0,1.0,0.0,3.0,5.0,1.0,0.0,0.0,1.0,0.0,0.0,0.0,7.0,0.0,0.0,2.0,0.0,1.0,0.0,1.0,0.0,1.3333333333333333,0.3333333333333333,7.0,2.0,3.499998250000875,0.7777776913580343,0.0,0.0,0.0,0.0,0.0,0.0,2.0,0.0,0.0,0.0,0.0,0.0,3.0,1.0,0.7499998125000469,6.0,1.2,1.0,0.0,0.0,0.0,0.0,0.0,0.0,1.0,0.2857142857142857,0.2857142857142857,0.0,2.4285714285714284,0.42857142857142855,0.14285714285714285,0.760983723926094
2020NES__2020_11_06_NES_S4/Zoom_Meeting_2020_11_06_10_43_41__Zoom_Meeting_2020_11_06_10_43_41_chunk1.mp4,2020NES,2020_11_06_NES_S4/Zoom_Meeting_2020_11_06_10_43_41,2020_11_06_NES_S4,0,4,beginning,2.0,0.0,True,False,False,True,0.3257575757575757,0.0,0.0,1.0,0.0,3.0,1.0,0.0,0.0,0.0,2.0,1.0,2.0,0.0,0.0,1.0,0.0,0.0,0.0,1.0,0.0,0.0,1.0,3.0,1.0,1.0,0.0,1.0,0.0,1.0,7.0,2.0,11.0,5.0,3.0,2.0,0.0,1.0,0.0,0.0,0.0,16.0,0.0,0.0,0.0,0.0,1.2857142857142858,0.2857142857142857,1.0,0.0,1.1818181818181819,0.18181818181818182,20.0,2.0,9.9999950000025,0.9090908677685968,0.0,0.0,0.0,0.0,0.0,0.0,0.0,0.0,0.0,0.0,1.0,0.0,8.0,3.0,0.7272726611570308,23.0,1.2105263157894737,1.0,0.0,0.0,0.0,0.0,0.0,0.0,1.1764705882352942,0.058823529411764705,0.23529411764705882,0.0,2.2941176470588234,0.29411764705882354,0.11764705882352941,-0.05248168349287171
2020NES__2020_11_06_NES_S4/Zoom_Meeting_2020_11_06_10_43_41__Zoom_Meeting_2020_11_06_10_43_41_chunk2.mp4,2020NES,2020_11_06_NES_S4/Zoom_Meeting_2020_11_06_10_43_41,2020_11_06_NES_S4,1,4,middle,2.0,0.0,True,False,False,True,0.45130550790928137,0.0,0.0,1.0,0.0,3.0,1.0,1.0,0.0,0.0,2.0,1.0,0.0,0.0,1.0,1.0,0.0,0.0,1.0,0.0,0.0,0.0,1.0,3.0,1.0,1.0,0.0,0.0,0.0,0.0,1.0,6.0,12.0,1.0,0.0,2.0,0.0,0.0,1.0,1.0,2.0,0.0,1.0,1.0,0.0,0.0,1.0,0.0,,,1.4,0.4,13.0,0.0,13000000.0,0.9999999230769291,1.0,0.0,2.0,1.0,1.0,1.0,0.0,0.0,0.0,0.0,0.0,0.0,0.0,0.0,0.0,15.0,1.3636363636363635,1.0,0.0,2.0,0.0,2000000.0,0.0,0.0,0.75,0.1,0.2,0.1,2.1,0.15,0.25,0.12949340138434054
2020NES__2020_11_06_NES_S4/Zoom_Meeting_2020_11_06_10_43_41__Zoom_Meeting_2020_11_06_10_43_41_chunk3.mp4,2020NES,2020_11_06_NES_S4/Zoom_Meeting_2020_11_06_10_43_41,2020_11_06_NES_S4,2,4,middle,2.0,0.0,True,False,False,True,0.4517241379310344,0.0,0.0,1.0,0.0,3.0,1.0,0.0,1.0,1.0,2.0,1.0,0.0,0.0,1.0,1.0,0.0,1.0,1.0,0.0,0.0,1.0,1.0,3.0,1.0,1.0,0.0,1.0,0.0,1.0,2.0,6.0,11.0,6.0,3.0,0.0,1.0,2.0,0.0,0.0,0.0,16.0,1.0,0.0,1.0,0.0,1.0,0.0,1.5,0.5,0.9090909090909091,0.0,15.0,5.0,2.99999940000012,0.7499999625000018,0.0,0.0,0.0,0.0,1.0,0.0,1.0,0.0,0.0,0.0,0.0,0.0,4.0,11.0,0.2666666488888901,14.0,1.0,0.9285714285714286,0.0,0.0,1.0,0.0,0.0,0.0,1.0952380952380953,0.09523809523809523,0.19047619047619047,0.3333333333333333,2.142857142857143,0.14285714285714285,0.09523809523809523,0.8090324231188862
2020NES__2020_11_06_NES_S4/Zoom_Meeting_2020_11_06_10_43_41__Zoom_Meeting_2020_11_06_10_43_41_chunk4.mp4,2020NES,2020_11_06_NES_S4/Zoom_Meeting_2020_11_06_10_43_41,2020_11_06_NES_S4,3,4,end,2.0,0.0,True,False,False,True,0.38795779019242693,0.0,1.0,0.0,0.0,3.0,1.0,0.0,1.0,1.0,2.0,2.0,0.0,0.0,1.0,0.0,1.0,1.0,0.0,0.0,1.0,0.0,1.0,,0.0,0.0,0.0,0.0,0.0,2.0,3.0,1.0,4.0,5.0,1.0,7.0,3.0,3.0,1.0,0.0,0.0,9.0,1.0,0.0,0.0,0.0,1.0,0.0,1.0,0.0,1.0,0.0,13.0,2.0,6.499996750001625,0.8666666088888928,0.0,0.0,0.0,1.0,1.0,0.0,0.0,0.0,0.0,0.0,0.0,0.0,2.0,3.0,0.399999920000016,10.0,1.0,1.0,1.0,0.0,0.0,1000000.0,0.0,0.0,0.8260869565217391,0.08695652173913043,0.17391304347826086,0.043478260869565216,2.0,0.0,0.0,-0.0133847087504012
2020NES__2020_11_06_NES_S7/Zoom_Meeting_2020_11_06_12_11_46__Zoom_Meeting_2020_11_06_12_11_46.mp4,2020NES,2020_11_06_NES_S7/Zoom_Meeting_2020_11_06_12_11_46,2020_11_06_NES_S7,0,1,whole,2.0,0.0,True,False,False,True,0.0,0.0,0.0,0.0,1.0,2.0,0.0,0.0,0.0,0.0,,1.0,0.0,0.0,0.0,0.0,0.0,0.0,0.0,0.0,0.0,0.0,0.0,,0.0,0.0,0.0,0.0,0.0,0.0,0.0,0.0,0.0,0.0,0.0,0.0,0.0,0.0,0.0,0.0,0.0,0.0,0.0,0.0,0.0,0.0,,,,,,,0.0,0.0,0.0,0.0,0.0,0.0,0.0,0.0,0.0,0.0,0.0,0.0,0.0,0.0,0.0,0.0,0.0,0.0,0.0,0.0,,,0.0,0.0,0.0,0.0,0.0,0.0,,0.0,0.0,0.0,2.0,0.0,0.0,-0.6171441482000752
2020NES__2020_11_06_NES_S7/1_beyond_co2_Zoom_Meeting_2020_11_06_12_11_55__1_beyond_co2_Zoom_Meeting_2020_11_06_12_11_55_chunk1.mp4,2020NES,2020_11_06_NES_S7/1_beyond_co2_Zoom_Meeting_2020_11_06_12_11_55,2020_11_06_NES_S7,0,6,beginning,2.0,0.0,True,False,False,True,0.34079639368895576,0.0,0.0,0.0,1.0,2.0,0.0,0.0,0.0,0.0,2.0,1.0,0.0,0.0,0.0,0.0,0.0,1.0,0.0,0.0,0.0,0.0,0.0,3.0,1.0,1.0,0.0,0.0,0.0,2.0,1.0,3.0,12.0,2.0,0.0,10.0,6.0,1.0,0.0,0.0,0.0,16.0,0.0,0.0,0.0,0.0,1.0,0.0,1.0,0.0,1.0,0.0,15.0,1.0,14.999985000015002,0.9374999414062536,0.0,0.0,0.0,0.0,0.0,0.0,0.0,0.0,0.0,0.0,0.0,0.0,1.0,11.0,0.08333332638888948,14.0,1.0,1.0,0.0,0.0,0.0,0.0,0.0,0.0,,0.0,0.0,0.0,2.0,0.0,0.03125,-0.6171441482000752
2020NES__2020_11_06_NES_S7/1_beyond_co2_Zoom_Meeting_2020_11_06_12_11_55__1_beyond_co2_Zoom_Meeting_2020_11_06_12_11_55_chunk2.mp4,2020NES,2020_11_06_NES_S7/1_beyond_co2_Zoom_Meeting_2020_11_06_12_11_55,2020_11_06_NES_S7,1,6,middle,2.0,0.0,True,False,False,True,0.3340891912320483,0.0,0.0,1.0,0.0,2.0,1.0,0.0,0.0,0.0,2.0,1.0,1.0,0.0,0.0,0.0,0.0,0.0,0.0,0.0,0.0,0.0,0.0,3.0,1.0,1.0,0.0,0.0,1.0,1.0,0.0,2.0,0.0,0.0,0.0,0.0,1.0,0.0,0.0,0.0,1.0,12.0,0.0,0.0,0.0,0.0,,,,,,,0.0,0.0,0.0,0.0,0.0,0.0,1.0,0.0,0.0,0.0,0.0,0.0,0.0,0.0,0.0,0.0,0.0,12.0,0.0,0.0,,,0.0,0.0,0.0,0.0,0.0,0.0,,0.0,0.0,0.0,2.0,0.0,0.15384615384615385,-0.6171441482000752
2020NES__2020_11_06_NES_S7/1_beyond_co2_Zoom_Meeting_2020_11_06_12_11_55__1_beyond_co2_Zoom_Meeting_2020_11_06_12_11_55_chunk3.mp4,2020NES,2020_11_06_NES_S7/1_beyond_co2_Zoom_Meeting_2020_11_06_12_11_55,2020_11_06_NES_S7,2,6,middle,2.0,0.0,True,False,False,True,0.3575085324232081,0.0,0.0,1.0,0.0,3.0,1.0,0.0,0.0,0.0,2.0,1.0,3.0,1.0,0.0,0.0,0.0,0.0,0.0,0.0,0.0,0.0,0.0,3.0,1.0,1.0,0.0,0.0,0.0,1.0,4.0,2.0,7.0,7.0,0.0,1.0,1.0,2.0,1.0,1.0,2.0,17.0,0.0,0.0,0.0,0.0,1.75,0.75,1.0,0.0,1.1428571428571428,0.14285714285714285,18.0,2.0,8.99999550000225,0.8999999550000022,1.0,0.0,2.0,1.0,0.0,0.0,0.0,0.0,0.0,0.0,0.0,0.0,7.0,4.0,0.636363578512402,17.0,1.3076923076923077,1.0,0.0,0.0,0.0,0.0,0.0,0.0,1.2941176470588236,0.0,0.058823529411764705,0.0,2.1176470588235294,0.11764705882352941,0.058823529411764705,-0.22825748708518304
2020NES__2020_11_06_NES_S7/1_beyond_co2_Zoom_Meeting_2020_11_06_12_11_55__1_beyond_co2_Zoom_Meeting_2020_11_06_12_11_55_chunk4.mp4,2020NES,2020_11_06_NES_S7/1_beyond_co2_Zoom_Meeting_2020_11_06_12_11_55,2020_11_06_NES_S7,3,6,middle,2.0,0.0,True,False,False,True,0.4713064713064712,0.0,0.0,1.0,0.0,3.0,1.0,0.0,0.0,0.0,2.0,1.0,3.0,1.0,0.0,1.0,1.0,1.0,1.0,0.0,1.0,0.0,1.0,3.0,1.0,1.0,1.0,0.0,0.0,1.0,9.0,3.0,9.0,4.0,2.0,1.0,1.0,0.0,0.0,0.0,0.0,14.0,0.0,0.0,0.0,0.0,1.4444444444444444,0.4444444444444444,,,1.0,0.0,19.0,3.0,6.333331222222926,0.863636324380167,0.0,0.0,0.0,0.0,0.0,0.0,0.0,0.0,0.0,0.0,0.0,0.0,6.0,5.0,0.5454544958677732,22.0,1.2222222222222223,1.0,0.0,0.0,0.0,0.0,0.0,0.0,1.15,0.1,0.15,0.1,2.1,0.1,0.0,0.3249029727053831
2020NES__2020_11_06_NES_S7/1_beyond_co2_Zoom_Meeting_2020_11_06_12_11_55__1_beyond_co2_Zoom_Meeting_2020_11_06_12_11_55_chunk5.mp4,2020NES,2020_11_06_NES_S7/1_beyond_co2_Zoom_Meeting_2020_11_06_12_11_55,2020_11_06_NES_S7,4,6,middle,2.0,0.0,True,False,False,True,0.48793103448275854,0.0,0.0,1.0,0.0,3.0,1.0,0.0,0.0,0.0,2.0,1.0,3.0,1.0,0.0,0.0,0.0,0.0,1.0,0.0,0.0,0.0,1.0,3.0,1.0,1.0,0.0,0.0,0.0,1.0,3.0,4.0,12.0,9.0,0.0,1.0,0.0,2.0,0.0,0.0,0.0,18.0,0.0,0.0,0.0,0.0,1.3333333333333333,0.3333333333333333,1.5,0.5,1.0,0.0,20.0,4.0,4.999998750000312,0.8333332986111125,0.0,0.0,0.0,0.0,0.0,0.0,0.0,0.0,0.0,0.0,0.0,0.0,5.0,1.0,0.8333331944444675,19.0,1.1176470588235294,1.0,0.0,0.0,0.0,0.0,0.0,0.0,1.0,0.0,0.09523809523809523,0.0,2.0476190476190474,0.09523809523809523,0.0,-0.37194099540947906
2020NES__2020_11_06_NES_S7/1_beyond_co2_Zoom_Meeting_2020_11_06_12_11_55__1_beyond_co2_Zoom_Meeting_2020_11_06_12_11_55_chunk6.mp4,2020NES,2020_11_06_NES_S7/1_beyond_co2_Zoom_Meeting_2020_11_06_12_11_55,2020_11_06_NES_S7,5,6,end,2.0,0.0,True,False,False,True,0.549233252623083,1.0,0.0,0.0,0.0,3.0,1.0,0.0,0.0,0.0,2.0,1.0,1.0,0.0,0.0,0.0,0.0,0.0,0.0,0.0,1.0,0.0,1.0,,0.0,0.0,0.0,0.0,1.0,1.0,3.0,1.0,3.0,2.0,7.0,0.0,6.0,0.0,0.0,0.0,0.0,3.0,0.0,0.0,0.0,0.0,1.6666666666666667,0.6666666666666666,,,1.3333333333333333,0.6666666666666666,8.0,0.0,8000000.0,0.9999998750000157,0.0,0.0,0.0,0.0,0.0,0.0,0.0,0.0,0.0,0.0,0.0,0.0,3.0,0.0,0.9999996666667778,9.0,1.5,0.8333333333333334,0.0,0.0,0.0,0.0,0.0,0.0,0.6666666666666666,0.09523809523809523,0.14285714285714285,0.047619047619047616,2.0,0.0,0.09523809523809523,-0.04902562358800425
2020NES__2020_11_06_NES_S7/Zoom_Meeting_2020_11_06_12_11_40__Zoom_Meeting_2020_11_06_12_11_40.mp4,2020NES,2020_11_06_NES_S7/Zoom_Meeting_2020_11_06_12_11_40,2020_11_06_NES_S7,0,1,whole,2.0,0.0,True,False,False,True,0.0,1.0,0.0,0.0,1.0,2.0,0.0,0.0,0.0,0.0,,1.0,0.0,0.0,0.0,0.0,0.0,0.0,0.0,0.0,0.0,0.0,0.0,,0.0,0.0,0.0,0.0,0.0,0.0,0.0,0.0,0.0,0.0,0.0,0.0,0.0,0.0,0.0,0.0,0.0,0.0,0.0,0.0,0.0,0.0,,,,,,,0.0,0.0,0.0,0.0,0.0,0.0,0.0,0.0,0.0,0.0,0.0,0.0,0.0,0.0,0.0,0.0,0.0,0.0,0.0,0.0,,,0.0,0.0,0.0,0.0,0.0,0.0,0.0,0.0,0.0,0.0,2.0,0.0,0.0,-0.8604649237120855
2020NES__2020_11_06_NES_S2/2020_11_06_09_59_04__2020_11_06_09_59_04_chunk1.mp4,2020NES,2020_11_06_NES_S2/2020_11_06_09_59_04,2020_11_06_NES_S2,0,9,beginning,2.0,0.0,True,False,False,True,0.6867924528301887,1.0,0.0,0.0,1.0,2.0,0.0,0.0,1.0,0.0,,1.0,0.0,0.0,0.0,0.0,0.0,0.0,0.0,0.0,1.0,0.0,1.0,,0.0,0.0,0.0,1.0,0.0,2.0,0.0,0.0,2.0,0.0,4.0,6.0,5.0,0.0,0.0,0.0,0.0,0.0,0.0,1.0,2.0,0.0,,,,,0.0,0.0,2.0,0.0,2000000.0,0.99999950000025,0.0,0.0,0.0,0.0,0.0,1.0,2.0,0.0,0.0,0.0,0.0,0.0,0.0,0.0,0.0,0.0,0.0,0.0,0.0,0.0,0.0,0.0,0.0,0.0,0.1,0.2,0.25,0.0,2.15,0.15,0.0,-0.018565227346923785
2020NES__2020_11_06_NES_S2/2020_11_06_09_59_04__2020_11_06_09_59_04_chunk2.mp4,2020NES,2020_11_06_NES_S2/2020_11_06_09_59_04,2020_11_06_NES_S2,1,9,middle,2.0,0.0,True,False,False,True,0.5139372822299653,0.0,0.0,0.0,1.0,3.0,0.0,0.0,0.0,0.0,,1.0,0.0,0.0,0.0,0.0,0.0,0.0,0.0,0.0,0.0,0.0,0.0,,0.0,0.0,0.0,1.0,0.0,2.0,0.0,2.0,15.0,0.0,2.0,11.0,2.0,0.0,0.0,0.0,0.0,15.0,0.0,0.0,1.0,0.0,,,,,1.0,0.0,15.0,0.0,15000000.0,0.9999999333333378,0.0,0.0,0.0,0.0,0.0,0.0,1.0,0.0,0.0,0.0,0.0,0.0,0.0,13.0,0.0,15.0,1.0,1.0,0.0,0.0,0.0,0.0,0.0,0.0,1.2121212121212122,0.0,0.0,0.0,2.0,0.0,0.0,-0.2683147075877141
2020NES__2020_11_06_NES_S2/2020_11_06_09_59_04__2020_11_06_09_59_04_chunk3.mp4,2020NES,2020_11_06_NES_S2/2020_11_06_09_59_04,2020_11_06_NES_S2,2,9,middle,2.0,0.0,True,False,False,True,0.27470686767169195,0.0,0.0,1.0,0.0,3.0,1.0,0.0,0.0,0.0,2.0,1.0,0.0,0.0,0.0,0.0,0.0,0.0,0.0,0.0,0.0,0.0,0.0,,0.0,0.0,0.0,0.0,0.0,1.0,0.0,0.0,0.0,0.0,0.0,0.0,0.0,0.0,0.0,0.0,0.0,16.0,0.0,0.0,0.0,0.0,,,,,,,0.0,0.0,0.0,0.0,0.0,0.0,0.0,0.0,0.0,0.0,0.0,0.0,0.0,0.0,0.0,0.0,0.0,15.0,0.0,0.0,,,0.0,1.0,0.0,1000000.0,0.0,0.0,,0.0,0.0,0.0,2.0,0.0,0.0,-0.6171441482000752
2020NES__2020_11_06_NES_S2/2020_11_06_09_59_04__2020_11_06_09_59_04_chunk4.mp4,2020NES,2020_11_06_NES_S2/2020_11_06_09_59_04,2020_11_06_NES_S2,3,9,middle,2.0,0.0,True,False,False,True,0.3096034400382228,0.0,0.0,1.0,0.0,3.0,1.0,0.0,0.0,0.0,2.0,1.0,0.0,0.0,1.0,1.0,1.0,1.0,1.0,0.0,0.0,0.0,0.0,,0.0,0.0,0.0,1.0,1.0,1.0,8.0,0.0,6.0,0.0,0.0,2.0,2.0,10.0,0.0,0.0,0.0,15.0,0.0,0.0,1.0,0.0,1.5,0.5,1.2,0.2,1.5,0.5,24.0,0.0,24000000.0,0.999999958333335,0.0,0.0,0.0,0.0,0.0,0.0,1.0,0.0,0.0,0.0,0.0,0.0,5.0,4.0,0.5555554938271674,33.0,1.375,1.0,0.0,0.0,0.0,0.0,0.0,0.0,1.2,0.0,0.0,0.2,2.066666666666667,0.06666666666666667,0.2,0.17984724445508352
2020NES__2020_11_06_NES_S2/2020_11_06_09_59_04__2020_11_06_09_59_04_chunk5.mp4,2020NES,2020_11_06_NES_S2/2020_11_06_09_59_04,2020_11_06_NES_S2,4,9,middle,2.0,0.0,True,False,False,True,0.38710350584307185,0.0,0.0,1.0,0.0,3.0,1.0,0.0,0.0,0.0,2.0,2.0,3.0,1.0,1.0,1.0,1.0,0.0,0.0,0.0,0.0,0.0,0.0,3.0,1.0,1.0,0.0,1.0,0.0,1.0,1.0,2.0,6.0,3.0,0.0,1.0,0.0,0.0,0.0,0.0,1.0,13.0,0.0,0.0,0.0,0.0,2.0,1.0,,,1.5,0.5,7.0,3.0,2.3333325555558146,0.699999930000007,0.0,0.0,1.0,0.0,0.0,0.0,0.0,0.0,0.0,0.0,0.0,0.0,8.0,2.0,0.7999999200000081,8.0,1.6,1.0,0.0,0.0,0.0,0.0,0.0,0.0,0.7692307692307693,0.0,0.0,0.23076923076923078,2.0,0.0,0.15384615384615385,0.03926516060227477
2020NES__2020_11_06_NES_S2/2020_11_06_09_59_04__2020_11_06_09_59_04_chunk6.mp4,2020NES,2020_11_06_NES_S2/2020_11_06_09_59_04,2020_11_06_NES_S2,5,9,middle,2.0,0.0,True,False,False,True,0.3324414715719064,0.0,1.0,0.0,0.0,2.0,1.0,0.0,1.0,1.0,2.0,2.0,0.0,0.0,0.0,0.0,1.0,0.0,0.0,0.0,0.0,0.0,0.0,,0.0,0.0,0.0,1.0,0.0,2.0,4.0,2.0,6.0,3.0,0.0,0.0,4.0,1.0,0.0,0.0,1.0,0.0,0.0,0.0,2.0,0.0,1.0,0.0,2.0,1.0,0.8333333333333334,0.16666666666666666,13.0,1.0,12.999987000013,0.9285713622449028,0.0,0.0,1.0,0.0,0.0,0.0,2.0,0.0,2.0,0.0,0.0,0.0,0.0,0.0,0.0,11.0,1.0,0.8181818181818182,0.0,0.0,0.0,0.0,0.0,0.0,0.0,0.0,0.0,0.0,2.0,0.0,0.05,-0.8604649237120855
2020NES__2020_11_06_NES_S2/2020_11_06_09_59_04__2020_11_06_09_59_04_chunk7.mp4,2020NES,2020_11_06_NES_S2/2020_11_06_09_59_04,2020_11_06_NES_S2,6,9,middle,2.0,0.0,True,False,False,True,0.27882205513784464,0.0,1.0,0.0,0.0,3.0,1.0,0.0,1.0,1.0,2.0,2.0,3.0,1.0,1.0,1.0,1.0,0.0,1.0,0.0,1.0,0.0,1.0,3.0,1.0,1.0,0.0,1.0,0.0,1.0,7.0,2.0,5.0,9.0,1.0,0.0,4.0,3.0,0.0,0.0,0.0,19.0,0.0,0.0,0.0,0.0,1.5,0.5,2.0,1.0,1.0,0.0,20.0,4.0,4.999998750000312,0.8333332986111125,0.0,0.0,0.0,0.0,0.0,0.0,0.0,0.0,0.0,0.0,0.0,0.0,12.0,4.0,0.7499999531250029,20.0,1.4285714285714286,1.0,0.0,0.0,0.0,0.0,0.0,0.0,1.631578947368421,0.10526315789473684,0.15789473684210525,0.0,2.1052631578947367,0.10526315789473684,0.0,0.35399375064211513
2020NES__2020_11_06_NES_S2/2020_11_06_09_59_04__2020_11_06_09_59_04_chunk8.mp4,2020NES,2020_11_06_NES_S2/2020_11_06_09_59_04,2020_11_06_NES_S2,7,9,middle,2.0,0.0,True,False,False,True,0.4077876106194691,0.0,1.0,0.0,0.0,2.0,1.0,0.0,1.0,1.0,2.0,2.0,0.0,0.0,1.0,0.0,1.0,0.0,0.0,0.0,1.0,0.0,1.0,,0.0,0.0,0.0,1.0,1.0,2.0,7.0,4.0,3.0,7.0,5.0,1.0,4.0,2.0,1.0,0.0,0.0,14.0,1.0,0.0,1.0,0.0,1.2857142857142858,0.2857142857142857,1.5,0.5,0.3333333333333333,0.0,19.0,0.0,19000000.0,0.9999999473684238,0.0,0.0,0.0,1.0,1.0,0.0,1.0,0.0,0.0,0.0,0.0,0.0,5.0,4.0,0.5555554938271674,13.0,1.0833333333333333,0.8333333333333334,0.0,0.0,0.0,0.0,0.0,0.0,0.2222222222222222,0.1388888888888889,0.1388888888888889,0.05555555555555555,2.111111111111111,0.16666666666666666,0.05555555555555555,-0.07504246380003576
2020NES__2020_11_06_NES_S2/2020_11_06_09_59_04__2020_11_06_09_59_04_chunk9.mp4,2020NES,2020_11_06_NES_S2/2020_11_06_09_59_04,2020_11_06_NES_S2,8,9,end,2.0,0.0,True,False,False,True,0.484375,0.0,0.0,0.0,1.0,2.0,0.0,0.0,1.0,1.0,,2.0,0.0,0.0,0.0,0.0,0.0,0.0,0.0,0.0,0.0,0.0,0.0,,0.0,0.0,0.0,0.0,0.0,2.0,0.0,0.0,0.0,1.0,2.0,0.0,3.0,0.0,0.0,0.0,0.0,0.0,0.0,0.0,0.0,0.0,,,,,,,1.0,0.0,1000000.0,0.9999990000010001,0.0,0.0,0.0,0.0,0.0,0.0,0.0,0.0,0.0,0.0,0.0,0.0,0.0,0.0,0.0,0.0,,,0.0,0.0,0.0,0.0,0.0,0.0,0.0,0.5,0.7142857142857143,0.0,2.0,0.0,0.0,1.1221533351251671
2020NES__2020_11_05_NES_S3/3_Sorbents_Zoom_Meeting_2020_11_05_12_12_32__3_Sorbents_Zoom_Meeting_2020_11_05_12_12_32.mp4,2020NES,2020_11_05_NES_S3/3_Sorbents_Zoom_Meeting_2020_11_05_12_12_32,2020_11_05_NES_S3,0,1,whole,3.0,1.0,True,True,True,True,0.44822006472491904,0.0,0.0,1.0,0.0,3.0,0.0,0.0,1.0,1.0,3.0,1.0,2.0,0.0,0.0,0.0,0.0,0.0,0.0,0.0,0.0,0.0,1.0,,0.0,0.0,0.0,0.0,1.0,2.0,2.0,3.0,5.0,2.0,2.0,2.0,4.0,1.0,0.0,0.0,0.0,8.0,0.0,0.0,0.0,0.0,2.0,1.0,1.0,0.0,1.2,0.2,10.0,0.0,10000000.0,0.99999990000001,0.0,0.0,0.0,0.0,0.0,0.0,0.0,0.0,1.0,0.0,0.0,0.0,5.0,1.0,0.8333331944444675,11.0,1.375,1.0,0.0,0.0,0.0,0.0,0.0,0.0,0.5,0.0,0.07692307692307693,0.07692307692307693,2.0,0.0,0.07692307692307693,-0.44155547717461263
2020NES__2020_11_05_NES_S3/3_Sorbents_Zoom_Meeting_2020_11_05_12_20_44__3_Sorbents_Zoom_Meeting_2020_11_05_12_20_44_chunk1.mp4,2020NES,2020_11_05_NES_S3/3_Sorbents_Zoom_Meeting_2020_11_05_12_20_44,2020_11_05_NES_S3,0,6,beginning,3.0,1.0,True,True,True,True,0.2416666666666667,0.0,0.0,1.0,0.0,3.0,1.0,0.0,0.0,0.0,3.0,2.0,3.0,1.0,1.0,1.0,0.0,1.0,0.0,0.0,0.0,0.0,0.0,,0.0,0.0,0.0,0.0,1.0,1.0,4.0,4.0,4.0,3.0,0.0,7.0,1.0,3.0,0.0,0.0,0.0,13.0,2.0,0.0,0.0,0.0,1.75,0.75,1.6666666666666667,0.6666666666666666,2.0,1.0,13.0,2.0,6.499996750001625,0.8666666088888928,0.0,0.0,0.0,0.0,2.0,0.0,0.0,0.0,0.0,0.0,0.0,0.0,2.0,8.0,0.19999998000000202,20.0,1.8181818181818181,1.0,0.0,0.0,1.0,0.0,0.0,0.0,0.9473684210526315,0.0,0.10526315789473684,0.15789473684210525,2.0526315789473686,0.05263157894736842,0.21052631578947367,-0.03916584358011003
2020NES__2020_11_05_NES_S3/3_Sorbents_Zoom_Meeting_2020_11_05_12_20_44__3_Sorbents_Zoom_Meeting_2020_11_05_12_20_44_chunk2.mp4,2020NES,2020_11_05_NES_S3/3_Sorbents_Zoom_Meeting_2020_11_05_12_20_44,2020_11_05_NES_S3,1,6,middle,3.0,1.0,True,True,True,True,0.2408963585434174,0.0,0.0,1.0,0.0,3.0,1.0,0.0,0.0,0.0,3.0,1.0,3.0,1.0,0.0,0.0,1.0,1.0,0.0,0.0,0.0,0.0,0.0,3.0,1.0,1.0,0.0,1.0,0.0,1.0,12.0,3.0,2.0,3.0,0.0,2.0,0.0,2.0,0.0,0.0,2.0,21.0,0.0,0.0,1.0,0.0,1.6666666666666667,0.6666666666666666,2.0,1.0,1.5,0.5,17.0,1.0,16.999983000017,0.9444443919753115,0.0,0.0,2.0,0.0,0.0,0.0,1.0,0.0,0.0,0.0,0.0,0.0,1.0,6.0,0.1428571224489825,27.0,1.6875,1.0,0.0,2.0,0.0,2000000.0,0.0,0.0,0.43478260869565216,0.0,0.043478260869565216,0.08695652173913043,1.9565217391304348,0.043478260869565216,0.043478260869565216,-0.4506356269700648
2020NES__2020_11_05_NES_S3/3_Sorbents_Zoom_Meeting_2020_11_05_12_20_44__3_Sorbents_Zoom_Meeting_2020_11_05_12_20_44_chunk3.mp4,2020NES,2020_11_05_NES_S3/3_Sorbents_Zoom_Meeting_2020_11_05_12_20_44,2020_11_05_NES_S3,2,6,middle,3.0,1.0,True,True,True,True,0.27925270403146496,0.0,0.0,1.0,0.0,3.0,1.0,0.0,0.0,0.0,3.0,1.0,3.0,1.0,1.0,1.0,1.0,0.0,0.0,1.0,0.0,0.0,1.0,3.0,1.0,1.0,1.0,0.0,1.0,1.0,7.0,2.0,5.0,6.0,1.0,2.0,0.0,1.0,0.0,0.0,1.0,12.0,1.0,0.0,0.0,0.0,1.3333333333333333,0.3333333333333333,1.0,0.0,1.0,0.0,16.0,3.0,5.333331555556148,0.8421052188365674,0.0,0.0,1.0,0.0,1.0,0.0,0.0,0.0,0.0,0.0,0.0,0.0,2.0,2.0,0.49999987500003124,14.0,1.1666666666666667,1.0,0.0,0.0,0.0,0.0,0.0,0.0,1.9285714285714286,0.07142857142857142,0.14285714285714285,0.14285714285714285,2.142857142857143,0.14285714285714285,0.14285714285714285,0.6892648708511496
2020NES__2020_11_05_NES_S3/3_Sorbents_Zoom_Meeting_2020_11_05_12_20_44__3_Sorbents_Zoom_Meeting_2020_11_05_12_20_44_chunk4.mp4,2020NES,2020_11_05_NES_S3/3_Sorbents_Zoom_Meeting_2020_11_05_12_20_44,2020_11_05_NES_S3,3,6,middle,3.0,1.0,True,True,True,True,0.27933333333333343,0.0,0.0,1.0,0.0,4.0,1.0,1.0,1.0,0.0,3.0,2.0,3.0,1.0,1.0,0.0,1.0,0.0,0.0,0.0,1.0,0.0,1.0,,0.0,0.0,0.0,1.0,1.0,1.0,7.0,5.0,4.0,4.0,4.0,1.0,1.0,2.0,2.0,1.0,0.0,19.0,1.0,1.0,0.0,0.0,1.6,0.6,1.0,0.0,1.25,0.25,17.0,0.0,17000000.0,0.999999941176474,1.0,0.0,0.0,2.0,1.0,1.0,0.0,0.0,1.0,0.0,0.0,0.0,7.0,5.0,0.5833332847222263,15.0,1.3636363636363635,1.0,1.0,0.0,0.0,1000000.0,0.0,0.0,1.391304347826087,0.21739130434782608,0.6521739130434783,0.2608695652173913,2.217391304347826,0.2608695652173913,0.17391304347826086,1.2735112467304004
2020NES__2020_11_05_NES_S3/3_Sorbents_Zoom_Meeting_2020_11_05_12_20_44__3_Sorbents_Zoom_Meeting_2020_11_05_12_20_44_chunk5.mp4,2020NES,2020_11_05_NES_S3/3_Sorbents_Zoom_Meeting_2020_11_05_12_20_44,2020_11_05_NES_S3,4,6,middle,3.0,1.0,True,True,True,True,0.33698707138842043,0.0,0.0,0.0,0.0,3.0,0.0,0.0,1.0,1.0,3.0,2.0,1.0,0.0,0.0,0.0,1.0,0.0,0.0,0.0,0.0,0.0,1.0,,0.0,0.0,0.0,0.0,0.0,1.0,0.0,0.0,0.0,0.0,0.0,0.0,0.0,0.0,0.0,0.0,0.0,11.0,0.0,0.0,0.0,0.0,,,,,,,0.0,0.0,0.0,0.0,0.0,0.0,0.0,0.0,0.0,0.0,0.0,0.0,0.0,0.0,0.0,0.0,6.0,0.0,0.9999998333333611,0.0,,,0.0,0.0,0.0,0.0,0.0,0.0,1.2727272727272727,0.0,0.18181818181818182,0.0,2.0,0.0,0.0,-0.23870719678149552
2020NES__2020_11_05_NES_S3/3_Sorbents_Zoom_Meeting_2020_11_05_12_20_44__3_Sorbents_Zoom_Meeting_2020_11_05_12_20_44_chunk6.mp4,2020NES,2020_11_05_NES_S3/3_Sorbents_Zoom_Meeting_2020_11_05_12_20_44,2020_11_05_NES_S3,5,6,end,3.0,1.0,True,True,True,True,0.5,0.0,1.0,0.0,0.0,3.0,1.0,0.0,1.0,1.0,,2.0,0.0,0.0,0.0,0.0,1.0,0.0,0.0,0.0,1.0,0.0,1.0,3.0,1.0,1.0,0.0,0.0,0.0,2.0,6.0,1.0,0.0,8.0,7.0,4.0,6.0,6.0,0.0,2.0,0.0,22.0,0.0,0.0,0.0,0.0,1.3333333333333333,0.3333333333333333,1.2,0.2,,,19.0,2.0,9.499995250002375,0.9047618616780065,2.0,0.0,0.0,0.0,0.0,0.0,0.0,0.0,0.0,0.0,0.0,0.0,7.0,10.0,0.4117646816609011,14.0,1.2727272727272727,1.0,0.0,1.0,1.0,0.9999990000010001,0.0,0.0,0.6111111111111112,0.05555555555555555,0.08333333333333333,0.1111111111111111,2.0555555555555554,0.05555555555555555,0.05555555555555555,-0.08936301976521947
2020NES__2020_11_06_NES_S12/6_new_ideas_for_CO2_utilization_Zoom_Meeting_2020_11_06_10_12_03__6_new_ideas_for_CO2_utilization_Zoom_Meeting_2020_11_06_10_12_03_chunk1.mp4,2020NES,2020_11_06_NES_S12/6_new_ideas_for_CO2_utilization_Zoom_Meeting_2020_11_06_10_12_03,2020_11_06_NES_S12,0,2,beginning,2.0,1.0,True,True,True,True,0.35594560404807085,0.0,0.0,0.0,1.0,3.0,0.0,0.0,0.0,0.0,,1.0,0.0,0.0,0.0,0.0,0.0,0.0,0.0,0.0,0.0,0.0,1.0,,0.0,0.0,0.0,1.0,1.0,2.0,0.0,7.0,16.0,0.0,10.0,11.0,9.0,0.0,0.0,0.0,0.0,13.0,0.0,1.0,0.0,0.0,,,,,1.0,0.0,16.0,0.0,16000000.0,0.9999999375000038,0.0,0.0,0.0,0.0,0.0,1.0,0.0,0.0,0.0,0.0,0.0,0.0,0.0,13.0,0.0,13.0,1.0,1.0,1.0,0.0,0.0,1000000.0,0.0,0.0,0.47058823529411764,0.09803921568627451,0.21568627450980393,0.058823529411764705,2.019607843137255,0.0196078431372549,0.0,-0.10826867507099336
2020NES__2020_11_06_NES_S12/6_new_ideas_for_CO2_utilization_Zoom_Meeting_2020_11_06_10_12_03__6_new_ideas_for_CO2_utilization_Zoom_Meeting_2020_11_06_10_12_03_chunk2.mp4,2020NES,2020_11_06_NES_S12/6_new_ideas_for_CO2_utilization_Zoom_Meeting_2020_11_06_10_12_03,2020_11_06_NES_S12,1,2,end,2.0,1.0,True,True,True,True,0.30952380952380953,1.0,0.0,0.0,1.0,2.0,0.0,0.0,0.0,0.0,,1.0,0.0,0.0,0.0,0.0,0.0,0.0,0.0,0.0,1.0,0.0,1.0,,0.0,0.0,0.0,1.0,0.0,2.0,0.0,0.0,1.0,0.0,1.0,0.0,1.0,0.0,0.0,0.0,0.0,1.0,0.0,0.0,0.0,0.0,,,,,1.0,0.0,1.0,0.0,1000000.0,0.9999990000010001,0.0,0.0,0.0,0.0,0.0,0.0,0.0,0.0,0.0,0.0,0.0,0.0,0.0,1.0,0.0,1.0,1.0,1.0,0.0,0.0,0.0,0.0,0.0,0.0,,0.0,0.0,0.0,2.5,0.5,0.0,-0.6171441482000752
2020NES__2020_11_06_NES_S12/6_new_ideas_for_CO2_utilization_Zoom_Meeting_2020_11_06_10_22_34__6_new_ideas_for_CO2_utilization_Zoom_Meeting_2020_11_06_10_22_34_chunk1.mp4,2020NES,2020_11_06_NES_S12/6_new_ideas_for_CO2_utilization_Zoom_Meeting_2020_11_06_10_22_34,2020_11_06_NES_S12,0,3,beginning,2.0,1.0,True,True,True,True,0.37745098039215685,1.0,0.0,1.0,0.0,3.0,1.0,0.0,0.0,0.0,2.0,1.0,3.0,1.0,0.0,0.0,0.0,0.0,1.0,0.0,0.0,0.0,1.0,,0.0,0.0,0.0,1.0,1.0,1.0,2.0,2.0,3.0,5.0,1.0,3.0,2.0,3.0,0.0,0.0,0.0,15.0,0.0,0.0,1.0,0.0,1.0,0.0,1.0,0.0,1.0,0.0,10.0,2.0,4.99999750000125,0.8333332638888947,0.0,0.0,0.0,0.0,0.0,0.0,1.0,0.0,0.0,0.0,0.0,0.0,3.0,10.0,0.23076921301775286,8.0,1.0,1.0,1.0,0.0,0.0,1000000.0,0.0,0.0,1.3333333333333333,0.13333333333333333,0.5333333333333333,0.2,2.0,0.0,0.3333333333333333,0.7736819705853651
2020NES__2020_11_06_NES_S12/6_new_ideas_for_CO2_utilization_Zoom_Meeting_2020_11_06_10_22_34__6_new_ideas_for_CO2_utilization_Zoom_Meeting_2020_11_06_10_22_34_chunk2.mp4,2020NES,2020_11_06_NES_S12/6_new_ideas_for_CO2_utilization_Zoom_Meeting_2020_11_06_10_22_34,2020_11_06_NES_S12,1,3,middle,2.0,1.0,True,True,True,True,0.46599326599326596,1.0,0.0,1.0,0.0,3.0,1.0,0.0,0.0,0.0,2.0,1.0,3.0,1.0,0.0,0.0,0.0,0.0,1.0,0.0,1.0,0.0,1.0,3.0,1.0,1.0,0.0,1.0,1.0,1.0,2.0,3.0,9.0,2.0,1.0,2.0,0.0,0.0,1.0,1.0,1.0,16.0,0.0,0.0,2.0,0.0,1.5,0.5,,,1.5555555555555556,0.6666666666666666,11.0,1.0,10.999989000011,0.9166665902777842,1.0,0.0,1.0,1.0,0.0,0.0,2.0,0.0,0.0,1.0,0.0,1000000.0,0.0,9.0,0.0,17.0,1.5454545454545454,0.9090909090909091,0.0,1.0,0.0,1000000.0,0.0,0.0,1.5,0.1111111111111111,0.2222222222222222,0.0,2.2777777777777777,0.2777777777777778,0.16666666666666666,0.31290280403899146
2020NES__2020_11_06_NES_S12/6_new_ideas_for_CO2_utilization_Zoom_Meeting_2020_11_06_10_22_34__6_new_ideas_for_CO2_utilization_Zoom_Meeting_2020_11_06_10_22_34_chunk3.mp4,2020NES,2020_11_06_NES_S12/6_new_ideas_for_CO2_utilization_Zoom_Meeting_2020_11_06_10_22_34,2020_11_06_NES_S12,2,3,end,2.0,1.0,True,True,True,True,0.38888888888888906,0.0,0.0,1.0,0.0,3.0,0.0,0.0,0.0,0.0,2.0,1.0,3.0,1.0,0.0,0.0,0.0,1.0,1.0,0.0,1.0,0.0,1.0,,0.0,0.0,0.0,1.0,1.0,1.0,5.0,1.0,7.0,4.0,1.0,3.0,0.0,1.0,1.0,0.0,0.0,4.0,0.0,0.0,1.0,0.0,1.4,0.4,1.0,0.0,1.1666666666666667,0.16666666666666666,14.0,2.0,6.99999650000175,0.8749999453125034,0.0,0.0,0.0,1.0,0.0,0.0,1.0,0.0,0.0,0.0,0.0,0.0,4.0,0.0,0.9999997500000625,15.0,1.25,1.0,0.0,0.0,0.0,0.0,0.0,0.0,1.2857142857142858,0.07142857142857142,0.21428571428571427,0.07142857142857142,2.142857142857143,0.14285714285714285,0.14285714285714285,0.21304111186945937
2020NES__2020_11_06_NES_S12/6_new_ideas_for_CO2_utilization_Zoom_Meeting_2020_11_06_10_49_48__6_new_ideas_for_CO2_utilization_Zoom_Meeting_2020_11_06_10_49_48_chunk1.mp4,2020NES,2020_11_06_NES_S12/6_new_ideas_for_CO2_utilization_Zoom_Meeting_2020_11_06_10_49_48,2020_11_06_NES_S12,0,3,beginning,2.0,1.0,True,True,True,True,0.5136168179646441,1.0,0.0,1.0,0.0,3.0,1.0,0.0,0.0,0.0,2.0,1.0,0.0,0.0,0.0,0.0,0.0,0.0,0.0,0.0,0.0,0.0,1.0,3.0,1.0,1.0,0.0,0.0,1.0,1.0,1.0,4.0,9.0,3.0,1.0,1.0,0.0,4.0,0.0,0.0,0.0,15.0,0.0,0.0,0.0,0.0,0.0,0.0,1.0,0.0,1.1111111111111112,0.1111111111111111,16.0,1.0,15.999984000016001,0.9411764152249167,0.0,0.0,0.0,0.0,0.0,0.0,0.0,0.0,0.0,0.0,0.0,0.0,4.0,7.0,0.3636363305785154,14.0,1.0,0.9285714285714286,0.0,0.0,0.0,0.0,0.0,0.0,1.3529411764705883,0.058823529411764705,0.29411764705882354,0.11764705882352941,2.1176470588235294,0.11764705882352941,0.11764705882352941,0.3008363357393773
2020NES__2020_11_06_NES_S12/6_new_ideas_for_CO2_utilization_Zoom_Meeting_2020_11_06_10_49_48__6_new_ideas_for_CO2_utilization_Zoom_Meeting_2020_11_06_10_49_48_chunk2.mp4,2020NES,2020_11_06_NES_S12/6_new_ideas_for_CO2_utilization_Zoom_Meeting_2020_11_06_10_49_48,2020_11_06_NES_S12,1,3,middle,2.0,1.0,True,True,True,True,0.43339130434782613,0.0,0.0,1.0,0.0,3.0,1.0,0.0,0.0,0.0,2.0,1.0,3.0,1.0,0.0,1.0,0.0,0.0,0.0,0.0,0.0,0.0,0.0,3.0,1.0,1.0,0.0,0.0,0.0,1.0,5.0,6.0,5.0,6.0,1.0,0.0,0.0,4.0,0.0,0.0,2.0,0.0,0.0,0.0,0.0,0.0,1.4,0.4,1.0,0.0,1.4,0.4,13.0,3.0,4.33333188888937,0.8124999492187531,0.0,0.0,2.0,0.0,0.0,0.0,0.0,0.0,0.0,0.0,1.0,0.0,0.0,0.0,0.0,18.0,1.2857142857142858,1.0,0.0,2.0,0.0,2000000.0,0.0,0.0,1.736842105263158,0.05263157894736842,0.10526315789473684,0.05263157894736842,2.1052631578947367,0.10526315789473684,0.10526315789473684,0.3162163090605843
2020NES__2020_11_06_NES_S12/6_new_ideas_for_CO2_utilization_Zoom_Meeting_2020_11_06_10_49_48__6_new_ideas_for_CO2_utilization_Zoom_Meeting_2020_11_06_10_49_48_chunk3.mp4,2020NES,2020_11_06_NES_S12/6_new_ideas_for_CO2_utilization_Zoom_Meeting_2020_11_06_10_49_48,2020_11_06_NES_S12,2,3,end,2.0,1.0,True,True,True,True,0.3967948717948717,0.0,0.0,1.0,0.0,3.0,1.0,0.0,0.0,0.0,2.0,1.0,3.0,1.0,0.0,1.0,0.0,0.0,0.0,0.0,1.0,0.0,1.0,,0.0,0.0,0.0,1.0,1.0,1.0,6.0,3.0,2.0,1.0,6.0,1.0,2.0,1.0,0.0,1.0,0.0,12.0,0.0,0.0,1.0,0.0,1.5,0.5,1.0,0.0,2.0,1.0,8.0,0.0,8000000.0,0.9999998750000157,1.0,0.0,0.0,0.0,0.0,0.0,1.0,0.0,0.0,0.0,0.0,0.0,8.0,4.0,0.6666666111111158,14.0,1.5555555555555556,1.0,0.0,0.0,0.0,0.0,0.0,0.0,0.96,0.2,0.36,0.32,2.32,0.32,0.04,1.1280988777197838
2020NES__2020_11_06_NES_S1/1_CO2_DAC_2_Zoom_Meeting_2020_11_06_10_48_29__1_CO2_DAC_2_Zoom_Meeting_2020_11_06_10_48_29_chunk1.mp4,2020NES,2020_11_06_NES_S1/1_CO2_DAC_2_Zoom_Meeting_2020_11_06_10_48_29,2020_11_06_NES_S1,0,3,beginning,2.0,1.0,True,True,True,True,0.33968905837489016,0.0,0.0,1.0,0.0,4.0,1.0,0.0,0.0,0.0,3.0,2.0,3.0,1.0,1.0,1.0,1.0,1.0,1.0,0.0,0.0,0.0,0.0,3.0,1.0,1.0,1.0,1.0,1.0,1.0,8.0,2.0,5.0,7.0,0.0,0.0,0.0,3.0,2.0,1.0,0.0,16.0,0.0,0.0,1.0,0.0,2.0,1.0,2.0,1.0,1.2,0.2,20.0,2.0,9.9999950000025,0.9090908677685968,1.0,0.0,0.0,2.0,0.0,0.0,1.0,0.0,0.0,1.0,0.0,1000000.0,8.0,6.0,0.5714285306122479,28.0,1.75,1.0,0.0,0.0,0.0,0.0,0.0,0.0,0.7894736842105263,0.05263157894736842,0.05263157894736842,0.0,2.3684210526315788,0.3684210526315789,0.15789473684210525,-0.26609147938505384
2020NES__2020_11_06_NES_S1/1_CO2_DAC_2_Zoom_Meeting_2020_11_06_10_48_29__1_CO2_DAC_2_Zoom_Meeting_2020_11_06_10_48_29_chunk2.mp4,2020NES,2020_11_06_NES_S1/1_CO2_DAC_2_Zoom_Meeting_2020_11_06_10_48_29,2020_11_06_NES_S1,1,3,middle,2.0,1.0,True,True,True,True,0.2995001922337561,0.0,0.0,1.0,0.0,2.0,1.0,0.0,0.0,0.0,3.0,1.0,2.0,0.0,0.0,0.0,1.0,0.0,0.0,0.0,1.0,0.0,1.0,3.0,1.0,1.0,0.0,0.0,1.0,1.0,9.0,5.0,6.0,2.0,1.0,1.0,1.0,1.0,1.0,0.0,1.0,16.0,0.0,0.0,1.0,0.0,1.2222222222222223,0.2222222222222222,1.0,0.0,1.0,0.0,17.0,1.0,16.999983000017,0.9444443919753115,0.0,0.0,1.0,1.0,0.0,0.0,1.0,0.0,0.0,0.0,0.0,0.0,6.0,6.0,0.4999999583333368,18.0,1.125,1.0,0.0,0.0,0.0,0.0,0.0,0.0,0.058823529411764705,0.058823529411764705,0.29411764705882354,0.0,2.176470588235294,0.17647058823529413,0.29411764705882354,-0.5984790151251967
2020NES__2020_11_06_NES_S1/1_CO2_DAC_2_Zoom_Meeting_2020_11_06_10_48_29__1_CO2_DAC_2_Zoom_Meeting_2020_11_06_10_48_29_chunk3.mp4,2020NES,2020_11_06_NES_S1/1_CO2_DAC_2_Zoom_Meeting_2020_11_06_10_48_29,2020_11_06_NES_S1,2,3,end,2.0,1.0,True,True,True,True,0.23448275862068968,0.0,0.0,0.0,0.0,3.0,0.0,0.0,1.0,0.0,3.0,2.0,2.0,0.0,0.0,0.0,1.0,0.0,0.0,0.0,0.0,0.0,0.0,,0.0,0.0,0.0,0.0,0.0,1.0,0.0,0.0,0.0,0.0,0.0,0.0,0.0,0.0,0.0,0.0,0.0,0.0,0.0,0.0,0.0,0.0,,,,,,,0.0,0.0,0.0,0.0,0.0,0.0,0.0,0.0,0.0,0.0,0.0,0.0,0.0,0.0,0.0,0.0,0.0,0.0,0.0,0.0,,,0.0,0.0,0.0,0.0,0.0,0.0,0.7,0.0,0.0,0.0,2.0,0.0,0.0,-0.5184981739002611
2020NES__2020_11_06_NES_S1/1_CO2_DAC_2_Zoom_Meeting_2020_11_06_11_11_38__1_CO2_DAC_2_Zoom_Meeting_2020_11_06_11_11_38.mp4,2020NES,2020_11_06_NES_S1/1_CO2_DAC_2_Zoom_Meeting_2020_11_06_11_11_38,2020_11_06_NES_S1,0,1,whole,2.0,1.0,True,True,True,True,0.41460396039603964,0.0,0.0,1.0,0.0,3.0,1.0,0.0,1.0,0.0,2.0,1.0,3.0,1.0,0.0,0.0,1.0,1.0,0.0,0.0,1.0,0.0,1.0,,0.0,0.0,1.0,1.0,1.0,1.0,7.0,3.0,7.0,3.0,0.0,1.0,3.0,3.0,0.0,0.0,0.0,13.0,0.0,0.0,2.0,0.0,1.5714285714285714,0.5714285714285714,1.0,0.0,1.0,0.14285714285714285,20.0,0.0,20000000.0,0.9999999500000024,0.0,0.0,0.0,0.0,0.0,0.0,2.0,0.0,0.0,0.0,0.0,0.0,2.0,7.0,0.22222219753086697,21.0,1.2352941176470589,0.9411764705882353,0.0,1.0,0.0,1000000.0,0.0,0.0,0.5217391304347826,0.043478260869565216,0.043478260869565216,0.08695652173913043,2.0869565217391304,0.08695652173913043,0.13043478260869565,-0.23575369765355533
2020NES__2020_11_06_NES_S1/Zoom_Meeting_2020_11_06_11_11_15__Zoom_Meeting_2020_11_06_11_11_15.mp4,2020NES,2020_11_06_NES_S1/Zoom_Meeting_2020_11_06_11_11_15,2020_11_06_NES_S1,0,1,whole,2.0,1.0,True,True,True,True,,,0.0,0.0,0.0,1.0,0.0,0.0,1.0,0.0,,1.0,0.0,0.0,0.0,0.0,0.0,0.0,0.0,0.0,0.0,0.0,0.0,,0.0,0.0,0.0,0.0,0.0,0.0,0.0,0.0,0.0,0.0,0.0,0.0,0.0,0.0,0.0,0.0,0.0,0.0,0.0,0.0,0.0,0.0,,,,,,,0.0,0.0,0.0,0.0,0.0,0.0,0.0,0.0,0.0,0.0,0.0,0.0,0.0,0.0,0.0,0.0,0.0,0.0,0.0,0.0,,,0.0,0.0,0.0,0.0,0.0,,,0.0,0.0,0.0,,,0.0,-0.6171441482000752
2020NES__2020_11_06_NES_S1/Zoom_Meeting_2020_11_06_10_17_47__Zoom_Meeting_2020_11_06_10_17_47_chunk1.mp4,2020NES,2020_11_06_NES_S1/Zoom_Meeting_2020_11_06_10_17_47,2020_11_06_NES_S1,0,4,beginning,2.0,1.0,True,True,True,True,0.24476190476190474,0.0,0.0,1.0,0.0,2.0,1.0,0.0,0.0,0.0,3.0,1.0,3.0,1.0,0.0,0.0,1.0,1.0,0.0,0.0,0.0,0.0,0.0,,0.0,0.0,0.0,0.0,1.0,1.0,8.0,1.0,1.0,3.0,0.0,1.0,0.0,1.0,0.0,0.0,1.0,9.0,0.0,0.0,0.0,0.0,1.625,0.625,1.0,0.0,1.0,0.0,12.0,1.0,11.999988000012001,0.9230768520710114,0.0,0.0,1.0,0.0,0.0,0.0,0.0,0.0,0.0,0.0,0.0,0.0,5.0,3.0,0.6249999218750099,15.0,1.5,1.0,0.0,0.0,0.0,0.0,0.0,0.0,,0.0,0.0,0.0,2.0,0.0,0.0,-0.6171441482000752
2020NES__2020_11_06_NES_S1/Zoom_Meeting_2020_11_06_10_17_47__Zoom_Meeting_2020_11_06_10_17_47_chunk2.mp4,2020NES,2020_11_06_NES_S1/Zoom_Meeting_2020_11_06_10_17_47,2020_11_06_NES_S1,1,4,middle,2.0,1.0,True,True,True,True,0.28428571428571425,0.0,0.0,1.0,0.0,1.0,1.0,0.0,0.0,0.0,2.0,1.0,3.0,1.0,0.0,0.0,0.0,0.0,0.0,0.0,0.0,0.0,0.0,,0.0,0.0,0.0,0.0,0.0,0.0,9.0,3.0,4.0,5.0,0.0,0.0,0.0,0.0,1.0,0.0,1.0,13.0,0.0,0.0,0.0,0.0,1.6666666666666667,0.6666666666666666,,,1.5,0.5,14.0,2.0,6.99999650000175,0.8749999453125034,0.0,0.0,1.0,1.0,0.0,0.0,0.0,0.0,0.0,1.0,0.0,1000000.0,0.0,12.0,0.0,21.0,1.6153846153846154,1.0,0.0,0.0,0.0,0.0,0.0,0.0,,0.0,0.0,0.0,2.1538461538461537,0.15384615384615385,0.3076923076923077,-0.6171441482000752
2020NES__2020_11_06_NES_S1/Zoom_Meeting_2020_11_06_10_17_47__Zoom_Meeting_2020_11_06_10_17_47_chunk3.mp4,2020NES,2020_11_06_NES_S1/Zoom_Meeting_2020_11_06_10_17_47,2020_11_06_NES_S1,2,4,middle,2.0,1.0,True,True,True,True,0.26051282051282065,0.0,0.0,1.0,0.0,3.0,1.0,0.0,0.0,0.0,3.0,2.0,3.0,1.0,0.0,0.0,1.0,0.0,0.0,1.0,0.0,0.0,1.0,3.0,1.0,1.0,1.0,0.0,0.0,1.0,11.0,6.0,7.0,4.0,0.0,1.0,0.0,1.0,0.0,0.0,0.0,21.0,0.0,0.0,0.0,1.0,1.4545454545454546,0.45454545454545453,1.0,0.0,1.1666666666666667,0.16666666666666666,20.0,3.0,6.666664444445185,0.8695651795841226,0.0,0.0,0.0,0.0,0.0,0.0,0.0,1.0,0.0,0.0,0.0,0.0,6.0,11.0,0.35294115570934376,24.0,1.3333333333333333,1.0,0.0,1.0,0.0,1000000.0,0.0,0.0,0.6086956521739131,0.043478260869565216,0.13043478260869565,0.043478260869565216,2.0434782608695654,0.043478260869565216,0.13043478260869565,-0.29198715045420714
2020NES__2020_11_06_NES_S1/Zoom_Meeting_2020_11_06_10_17_47__Zoom_Meeting_2020_11_06_10_17_47_chunk4.mp4,2020NES,2020_11_06_NES_S1/Zoom_Meeting_2020_11_06_10_17_47,2020_11_06_NES_S1,3,4,end,2.0,1.0,True,True,True,True,0.2567567567567568,1.0,0.0,1.0,0.0,2.0,0.0,0.0,0.0,0.0,4.0,2.0,3.0,1.0,0.0,0.0,1.0,0.0,0.0,0.0,0.0,0.0,1.0,,0.0,0.0,0.0,0.0,0.0,1.0,1.0,1.0,1.0,0.0,1.0,0.0,0.0,0.0,0.0,0.0,0.0,2.0,0.0,0.0,0.0,0.0,2.0,1.0,,,0.0,0.0,2.0,0.0,2000000.0,0.99999950000025,0.0,0.0,0.0,0.0,0.0,0.0,0.0,0.0,0.0,0.0,0.0,0.0,1.0,1.0,0.499999750000125,2.0,1.0,0.5,0.0,0.0,0.0,0.0,0.0,0.0,0.0,0.0,0.5,0.0,2.0,0.0,0.5,-0.8604649237120855
2020NES__2020_11_05_NES_S6/6_Theory_and_Expt_Zoom_Meeting_2020_11_05_10_28_39__6_Theory_and_Expt_Zoom_Meeting_2020_11_05_10_28_39_chunk1.mp4,2020NES,2020_11_05_NES_S6/6_Theory_and_Expt_Zoom_Meeting_2020_11_05_10_28_39,2020_11_05_NES_S6,0,3,beginning,2.0,0.0,True,False,False,True,0.20987654320987637,0.0,0.0,1.0,0.0,3.0,1.0,1.0,1.0,0.0,3.0,2.0,3.0,1.0,1.0,1.0,1.0,1.0,0.0,0.0,0.0,0.0,0.0,,0.0,0.0,1.0,1.0,0.0,1.0,7.0,1.0,5.0,5.0,2.0,3.0,2.0,6.0,0.0,0.0,0.0,16.0,0.0,0.0,0.0,0.0,1.5,0.5,1.1666666666666667,0.16666666666666666,1.4,0.4,22.0,2.0,10.99999450000275,0.9166666284722238,0.0,0.0,0.0,0.0,0.0,0.0,0.0,0.0,0.0,0.0,0.0,0.0,5.0,1.0,0.8333331944444675,23.0,1.3529411764705883,1.0,0.0,0.0,1.0,0.0,0.0,0.0,0.9545454545454546,0.045454545454545456,0.09090909090909091,0.13636363636363635,2.1363636363636362,0.13636363636363635,0.0,0.0956937501556354
2020NES__2020_11_05_NES_S6/6_Theory_and_Expt_Zoom_Meeting_2020_11_05_10_28_39__6_Theory_and_Expt_Zoom_Meeting_2020_11_05_10_28_39_chunk2.mp4,2020NES,2020_11_05_NES_S6/6_Theory_and_Expt_Zoom_Meeting_2020_11_05_10_28_39,2020_11_05_NES_S6,1,3,middle,2.0,0.0,True,False,False,True,0.23791666666666678,0.0,0.0,1.0,0.0,3.0,1.0,0.0,1.0,0.0,2.0,2.0,3.0,1.0,1.0,1.0,1.0,0.0,0.0,1.0,0.0,0.0,1.0,,0.0,0.0,1.0,1.0,0.0,1.0,7.0,3.0,5.0,5.0,2.0,2.0,0.0,3.0,0.0,0.0,3.0,14.0,3.0,0.0,1.0,0.0,1.5714285714285714,0.5714285714285714,1.3333333333333333,0.3333333333333333,1.6,0.6,16.0,3.0,5.333331555556148,0.8421052188365674,0.0,0.0,3.0,0.0,3.0,0.0,1.0,0.0,0.0,0.0,0.0,0.0,10.0,4.0,0.7142856632653098,23.0,1.5333333333333334,1.0,1.0,0.0,0.0,1000000.0,0.0,0.0,0.3333333333333333,0.037037037037037035,0.07407407407407407,0.3333333333333333,2.259259259259259,0.2222222222222222,0.0,0.20604275449457435
2020NES__2020_11_05_NES_S6/6_Theory_and_Expt_Zoom_Meeting_2020_11_05_10_28_39__6_Theory_and_Expt_Zoom_Meeting_2020_11_05_10_28_39_chunk3.mp4,2020NES,2020_11_05_NES_S6/6_Theory_and_Expt_Zoom_Meeting_2020_11_05_10_28_39,2020_11_05_NES_S6,2,3,end,2.0,0.0,True,False,False,True,0.0,1.0,0.0,0.0,0.0,2.0,1.0,0.0,1.0,0.0,2.0,2.0,0.0,0.0,0.0,0.0,0.0,0.0,0.0,0.0,0.0,0.0,0.0,,0.0,0.0,0.0,0.0,0.0,1.0,0.0,0.0,0.0,0.0,0.0,0.0,0.0,1.0,0.0,0.0,1.0,1.0,0.0,0.0,0.0,0.0,,,0.0,0.0,,,1.0,0.0,1000000.0,0.9999990000010001,0.0,0.0,1.0,0.0,0.0,0.0,0.0,0.0,0.0,0.0,0.0,0.0,0.0,0.0,0.0,0.0,0.0,0.0,0.0,0.0,0.0,0.0,0.0,0.0,,0.0,0.0,0.0,2.0,0.0,0.0,-0.6171441482000752
2020NES__2020_11_05_NES_S6/6_Theory_and_Expt_Zoom_Meeting_2020_11_05_09_57_35__6_Theory_and_Expt_Zoom_Meeting_2020_11_05_09_57_35.mp4,2020NES,2020_11_05_NES_S6/6_Theory_and_Expt_Zoom_Meeting_2020_11_05_09_57_35,2020_11_05_NES_S6,0,1,whole,2.0,0.0,True,False,False,True,0.4649122807017543,1.0,0.0,0.0,1.0,1.0,0.0,0.0,1.0,0.0,,1.0,0.0,0.0,0.0,0.0,0.0,0.0,0.0,0.0,0.0,0.0,0.0,,0.0,0.0,0.0,0.0,0.0,2.0,0.0,0.0,0.0,0.0,0.0,1.0,2.0,1.0,0.0,0.0,0.0,1.0,0.0,0.0,0.0,0.0,,,1.0,0.0,,,1.0,0.0,1000000.0,0.9999990000010001,0.0,0.0,0.0,0.0,0.0,0.0,0.0,0.0,0.0,0.0,0.0,0.0,1.0,0.0,0.9999990000010001,1.0,1.0,1.0,0.0,0.0,0.0,0.0,0.0,0.0,,0.0,0.0,0.0,2.0,0.0,0.0,-0.6171441482000752
2020NES__2020_11_05_NES_S6/6_Theory_and_Expt_Zoom_Meeting_2020_11_05_10_48_43__6_Theory_and_Expt_Zoom_Meeting_2020_11_05_10_48_43_chunk1.mp4,2020NES,2020_11_05_NES_S6/6_Theory_and_Expt_Zoom_Meeting_2020_11_05_10_48_43,2020_11_05_NES_S6,0,3,beginning,2.0,0.0,True,False,False,True,0.2776055330312426,0.0,0.0,1.0,0.0,3.0,1.0,0.0,1.0,0.0,2.0,1.0,0.0,0.0,1.0,1.0,0.0,0.0,0.0,0.0,0.0,0.0,0.0,,0.0,0.0,0.0,1.0,0.0,1.0,1.0,2.0,6.0,4.0,0.0,3.0,0.0,2.0,0.0,0.0,1.0,11.0,1.0,0.0,1.0,0.0,1.0,0.0,1.0,0.0,1.3333333333333333,0.3333333333333333,10.0,3.0,3.3333322222225923,0.7692307100591762,0.0,0.0,1.0,0.0,1.0,0.0,1.0,0.0,0.0,0.0,0.0,0.0,0.0,5.0,0.0,11.0,1.2222222222222223,1.0,0.0,0.0,0.0,0.0,0.0,0.0,2.0,0.0,0.09090909090909091,0.18181818181818182,2.0,0.0,0.09090909090909091,0.5293860730786194
2020NES__2020_11_05_NES_S6/6_Theory_and_Expt_Zoom_Meeting_2020_11_05_10_48_43__6_Theory_and_Expt_Zoom_Meeting_2020_11_05_10_48_43_chunk2.mp4,2020NES,2020_11_05_NES_S6/6_Theory_and_Expt_Zoom_Meeting_2020_11_05_10_48_43,2020_11_05_NES_S6,1,3,middle,2.0,0.0,True,False,False,True,0.47369739478957906,0.0,0.0,1.0,0.0,3.0,1.0,1.0,1.0,1.0,2.0,2.0,3.0,1.0,0.0,0.0,1.0,1.0,0.0,0.0,1.0,0.0,1.0,,0.0,0.0,0.0,0.0,0.0,1.0,8.0,4.0,3.0,4.0,2.0,6.0,3.0,3.0,1.0,0.0,3.0,25.0,0.0,0.0,0.0,0.0,1.125,0.125,1.3333333333333333,0.3333333333333333,1.3333333333333333,0.3333333333333333,16.0,2.0,7.999996000002,0.8888888395061756,0.0,0.0,3.0,1.0,0.0,0.0,0.0,0.0,0.0,0.0,0.0,0.0,12.0,5.0,0.7058823114186875,17.0,1.2142857142857142,1.0,1.0,0.0,0.0,1000000.0,0.0,0.0,0.8461538461538461,0.11538461538461539,0.11538461538461539,0.07692307692307693,2.076923076923077,0.07692307692307693,0.07692307692307693,0.18507625004642494
2020NES__2020_11_05_NES_S6/6_Theory_and_Expt_Zoom_Meeting_2020_11_05_10_48_43__6_Theory_and_Expt_Zoom_Meeting_2020_11_05_10_48_43_chunk3.mp4,2020NES,2020_11_05_NES_S6/6_Theory_and_Expt_Zoom_Meeting_2020_11_05_10_48_43,2020_11_05_NES_S6,2,3,end,2.0,0.0,True,False,False,True,0.3633136094674556,0.0,0.0,1.0,0.0,3.0,1.0,0.0,1.0,0.0,2.0,2.0,2.0,0.0,0.0,1.0,1.0,0.0,0.0,0.0,0.0,0.0,1.0,,0.0,0.0,0.0,1.0,0.0,1.0,4.0,0.0,0.0,2.0,3.0,2.0,3.0,1.0,0.0,0.0,1.0,6.0,0.0,0.0,1.0,0.0,1.25,0.25,1.0,0.0,,,6.0,1.0,5.999994000006001,0.857142734693895,0.0,0.0,1.0,0.0,0.0,0.0,1.0,0.0,1.0,0.0,0.0,0.0,5.0,1.0,0.8333331944444675,6.0,1.2,1.0,1.0,0.0,0.0,1000000.0,0.0,0.0,1.3571428571428572,0.21428571428571427,0.35714285714285715,0.14285714285714285,2.142857142857143,0.14285714285714285,0.07142857142857142,0.976570700060304
2020NES__2020_11_05_NES_S6/6_Theory_and_Expt_Zoom_Meeting_2020_11_05_09_59_13__6_Theory_and_Expt_Zoom_Meeting_2020_11_05_09_59_13.mp4,2020NES,2020_11_05_NES_S6/6_Theory_and_Expt_Zoom_Meeting_2020_11_05_09_59_13,2020_11_05_NES_S6,0,1,whole,2.0,0.0,True,False,False,True,0.3309523809523811,0.0,0.0,0.0,1.0,3.0,0.0,0.0,1.0,0.0,,1.0,0.0,0.0,0.0,0.0,0.0,0.0,0.0,0.0,0.0,0.0,1.0,,0.0,0.0,0.0,1.0,1.0,2.0,0.0,0.0,11.0,0.0,2.0,12.0,3.0,0.0,0.0,0.0,0.0,11.0,0.0,0.0,0.0,0.0,,,,,1.0,0.0,11.0,0.0,11000000.0,0.9999999090909174,0.0,0.0,0.0,0.0,0.0,0.0,0.0,0.0,0.0,0.0,0.0,0.0,0.0,11.0,0.0,11.0,1.0,1.0,0.0,0.0,0.0,0.0,0.0,0.0,0.48,0.0,0.04,0.0,2.08,0.08,0.0,-0.6259734381268345
2020NES__2020_11_05_NES_S6/6_Theory_and_Expt_Zoom_Meeting_2020_11_05_10_21_36__6_Theory_and_Expt_Zoom_Meeting_2020_11_05_10_21_36.mp4,2020NES,2020_11_05_NES_S6/6_Theory_and_Expt_Zoom_Meeting_2020_11_05_10_21_36,2020_11_05_NES_S6,0,1,whole,2.0,0.0,True,False,False,True,0.16666666666666652,0.0,0.0,1.0,0.0,2.0,1.0,0.0,1.0,0.0,2.0,1.0,3.0,1.0,0.0,0.0,1.0,1.0,1.0,0.0,0.0,0.0,0.0,,0.0,0.0,0.0,0.0,1.0,1.0,4.0,0.0,5.0,1.0,0.0,3.0,0.0,2.0,0.0,0.0,1.0,8.0,0.0,0.0,0.0,0.0,1.5,0.5,1.0,0.0,1.2,0.4,11.0,1.0,10.999989000011,0.9166665902777842,0.0,0.0,1.0,0.0,0.0,0.0,0.0,0.0,0.0,0.0,0.0,0.0,3.0,4.0,0.4285713673469475,14.0,1.2727272727272727,0.9090909090909091,0.0,0.0,0.0,0.0,0.0,0.0,,0.0,0.0,0.1,2.1,0.1,0.2,-0.2765815575470442
2020NES__2020_11_05_NES_S6/6_Theory_and_Expt_Zoom_Meeting_2020_11_05_10_09_14__6_Theory_and_Expt_Zoom_Meeting_2020_11_05_10_09_14_chunk1.mp4,2020NES,2020_11_05_NES_S6/6_Theory_and_Expt_Zoom_Meeting_2020_11_05_10_09_14,2020_11_05_NES_S6,0,2,beginning,2.0,0.0,True,False,False,True,0.1627777777777777,0.0,0.0,1.0,0.0,3.0,1.0,0.0,1.0,1.0,2.0,1.0,0.0,0.0,1.0,1.0,0.0,0.0,0.0,0.0,0.0,0.0,0.0,,0.0,0.0,0.0,0.0,1.0,1.0,0.0,2.0,5.0,0.0,0.0,4.0,1.0,4.0,0.0,0.0,0.0,10.0,2.0,0.0,0.0,0.0,,,1.0,0.0,1.4,0.4,9.0,0.0,9000000.0,0.9999998888889013,0.0,0.0,0.0,0.0,2.0,0.0,0.0,0.0,0.0,0.0,0.0,0.0,0.0,5.0,0.0,11.0,1.2222222222222223,1.0,0.0,0.0,0.0,0.0,0.0,0.0,1.3636363636363635,0.0,0.09090909090909091,0.0,2.090909090909091,0.09090909090909091,0.18181818181818182,-0.19429593057216768
2020NES__2020_11_05_NES_S6/6_Theory_and_Expt_Zoom_Meeting_2020_11_05_10_09_14__6_Theory_and_Expt_Zoom_Meeting_2020_11_05_10_09_14_chunk2.mp4,2020NES,2020_11_05_NES_S6/6_Theory_and_Expt_Zoom_Meeting_2020_11_05_10_09_14,2020_11_05_NES_S6,1,2,end,2.0,0.0,True,False,False,True,0.26277372262773735,1.0,0.0,1.0,0.0,3.0,1.0,0.0,1.0,0.0,2.0,1.0,0.0,0.0,1.0,1.0,0.0,0.0,0.0,0.0,0.0,0.0,0.0,3.0,1.0,1.0,0.0,0.0,0.0,1.0,3.0,1.0,1.0,2.0,1.0,1.0,0.0,0.0,0.0,0.0,0.0,4.0,1.0,0.0,0.0,0.0,1.3333333333333333,0.3333333333333333,,,1.0,0.0,5.0,1.0,4.999995000005001,0.8333331944444675,0.0,0.0,0.0,0.0,1.0,0.0,0.0,0.0,0.0,0.0,0.0,0.0,0.0,2.0,0.0,5.0,1.25,1.0,0.0,0.0,0.0,0.0,0.0,0.0,0.4,0.16666666666666666,0.3333333333333333,0.0,2.1666666666666665,0.16666666666666666,0.3333333333333333,-0.004182599445292016
2020NES__2020_11_06_NES_S9/2020_11_06_12_09_40__2020_11_06_12_09_40_chunk1.mp4,2020NES,2020_11_06_NES_S9/2020_11_06_12_09_40,2020_11_06_NES_S9,0,8,beginning,2.0,2.0,True,True,True,True,0.4150588235294117,0.0,0.0,0.0,1.0,3.0,0.0,0.0,1.0,0.0,,1.0,0.0,0.0,0.0,0.0,0.0,1.0,0.0,0.0,0.0,0.0,1.0,,0.0,0.0,0.0,0.0,0.0,2.0,0.0,0.0,12.0,0.0,0.0,11.0,4.0,2.0,0.0,0.0,0.0,15.0,0.0,0.0,0.0,0.0,,,1.0,0.0,1.0,0.0,14.0,0.0,14000000.0,0.9999999285714337,0.0,0.0,0.0,0.0,0.0,0.0,0.0,0.0,0.0,0.0,0.0,0.0,3.0,11.0,0.21428569897959293,14.0,1.0,1.0,0.0,0.0,0.0,0.0,0.0,0.0,0.36363636363636365,0.045454545454545456,0.3409090909090909,0.0,2.022727272727273,0.022727272727272728,0.0,-0.5025818353441148
2020NES__2020_11_06_NES_S9/2020_11_06_12_09_40__2020_11_06_12_09_40_chunk2.mp4,2020NES,2020_11_06_NES_S9/2020_11_06_12_09_40,2020_11_06_NES_S9,1,8,middle,2.0,2.0,True,True,True,True,0.3966666666666667,0.0,0.0,1.0,0.0,3.0,1.0,0.0,1.0,0.0,2.0,1.0,3.0,1.0,0.0,0.0,0.0,0.0,0.0,0.0,0.0,0.0,0.0,,0.0,0.0,0.0,0.0,1.0,1.0,10.0,3.0,2.0,4.0,0.0,1.0,0.0,3.0,0.0,0.0,1.0,15.0,0.0,0.0,0.0,0.0,1.4,0.4,1.0,0.0,1.0,0.0,16.0,3.0,5.333331555556148,0.8421052188365674,0.0,0.0,1.0,0.0,0.0,0.0,0.0,0.0,0.0,0.0,0.0,0.0,7.0,2.0,0.7777776913580343,19.0,1.2666666666666666,1.0,2.0,0.0,0.0,2000000.0,0.0,0.0,1.0869565217391304,0.0,0.043478260869565216,0.08695652173913043,2.130434782608696,0.17391304347826086,0.08695652173913043,-0.13203306503358234
2020NES__2020_11_06_NES_S9/2020_11_06_12_09_40__2020_11_06_12_09_40_chunk3.mp4,2020NES,2020_11_06_NES_S9/2020_11_06_12_09_40,2020_11_06_NES_S9,2,8,middle,2.0,2.0,True,True,True,True,0.33666666666666667,0.0,0.0,1.0,0.0,3.0,1.0,0.0,0.0,0.0,2.0,1.0,3.0,1.0,1.0,1.0,1.0,0.0,0.0,0.0,0.0,0.0,0.0,3.0,1.0,1.0,0.0,0.0,0.0,1.0,0.0,0.0,0.0,0.0,0.0,0.0,0.0,0.0,0.0,0.0,0.0,16.0,0.0,0.0,0.0,0.0,,,,,,,0.0,0.0,0.0,0.0,0.0,0.0,0.0,0.0,0.0,0.0,0.0,0.0,0.0,0.0,0.0,0.0,3.0,1.0,0.7499998125000469,0.0,,,0.0,3.0,0.0,3000000.0,0.0,0.0,1.3529411764705883,0.058823529411764705,0.058823529411764705,0.23529411764705882,2.0588235294117645,0.058823529411764705,0.0,0.5679442499770486
2020NES__2020_11_06_NES_S9/2020_11_06_12_09_40__2020_11_06_12_09_40_chunk4.mp4,2020NES,2020_11_06_NES_S9/2020_11_06_12_09_40,2020_11_06_NES_S9,3,8,middle,2.0,2.0,True,True,True,True,0.5056509945750451,0.0,0.0,1.0,0.0,3.0,1.0,0.0,1.0,0.0,2.0,1.0,3.0,1.0,1.0,1.0,1.0,0.0,0.0,0.0,0.0,0.0,1.0,3.0,1.0,1.0,1.0,0.0,0.0,1.0,9.0,5.0,10.0,8.0,0.0,2.0,0.0,2.0,0.0,0.0,1.0,25.0,0.0,0.0,2.0,0.0,1.2857142857142858,0.2857142857142857,1.5,0.5,1.1,0.3,22.0,2.0,10.99999450000275,0.9166666284722238,0.0,0.0,1.0,0.0,0.0,0.0,2.0,0.0,0.0,1.0,0.0,1000000.0,8.0,4.0,0.6666666111111158,23.0,1.2105263157894737,0.8947368421052632,2.0,1.0,0.0,3000000.0,0.0,0.0,1.1785714285714286,0.07142857142857142,0.07142857142857142,0.07142857142857142,2.4285714285714284,0.42857142857142855,0.14285714285714285,0.1606992624084658
2020NES__2020_11_06_NES_S9/2020_11_06_12_09_40__2020_11_06_12_09_40_chunk5.mp4,2020NES,2020_11_06_NES_S9/2020_11_06_12_09_40,2020_11_06_NES_S9,4,8,middle,2.0,2.0,True,True,True,True,0.33127225032789953,0.0,0.0,1.0,0.0,4.0,1.0,0.0,1.0,0.0,2.0,1.0,3.0,1.0,1.0,1.0,1.0,0.0,0.0,1.0,0.0,0.0,1.0,3.0,1.0,1.0,0.0,0.0,0.0,1.0,10.0,3.0,10.0,10.0,0.0,0.0,0.0,3.0,0.0,0.0,1.0,24.0,1.0,0.0,1.0,0.0,1.3333333333333333,0.3333333333333333,1.0,0.0,1.1,0.1,26.0,7.0,3.714285183673545,0.7878787640036738,0.0,0.0,1.0,0.0,1.0,0.0,1.0,0.0,0.0,0.0,0.0,0.0,5.0,16.0,0.23809522675737013,26.0,1.1818181818181819,1.0,0.0,2.0,0.0,2000000.0,0.0,0.0,1.68,0.08,0.16,0.12,2.12,0.12,0.04,0.5499242697726786
2020NES__2020_11_06_NES_S9/2020_11_06_12_09_40__2020_11_06_12_09_40_chunk6.mp4,2020NES,2020_11_06_NES_S9/2020_11_06_12_09_40,2020_11_06_NES_S9,5,8,middle,2.0,2.0,True,True,True,True,0.35844155844155856,0.0,0.0,1.0,0.0,3.0,1.0,0.0,1.0,1.0,2.0,1.0,3.0,1.0,0.0,0.0,0.0,0.0,0.0,0.0,0.0,0.0,1.0,3.0,1.0,1.0,0.0,1.0,0.0,1.0,0.0,0.0,0.0,0.0,0.0,0.0,0.0,0.0,0.0,0.0,0.0,21.0,0.0,0.0,0.0,0.0,,,,,,,0.0,3.0,0.0,0.0,0.0,0.0,0.0,0.0,0.0,0.0,0.0,0.0,0.0,0.0,0.0,0.0,3.0,7.0,0.299999970000003,0.0,,,0.0,1.0,3.0,0.33333322222225925,0.0,0.0,0.8,0.06666666666666667,0.13333333333333333,0.16666666666666666,2.1333333333333333,0.13333333333333333,0.1,0.17310619861166776
2020NES__2020_11_06_NES_S9/2020_11_06_12_09_40__2020_11_06_12_09_40_chunk7.mp4,2020NES,2020_11_06_NES_S9/2020_11_06_12_09_40,2020_11_06_NES_S9,6,8,middle,2.0,2.0,True,True,True,True,0.23458646616541357,0.0,0.0,1.0,0.0,3.0,1.0,0.0,1.0,0.0,2.0,1.0,3.0,1.0,1.0,1.0,1.0,0.0,0.0,0.0,0.0,0.0,1.0,3.0,1.0,1.0,0.0,1.0,0.0,1.0,3.0,9.0,11.0,6.0,1.0,3.0,1.0,1.0,0.0,1.0,1.0,6.0,1.0,0.0,1.0,0.0,1.3333333333333333,0.3333333333333333,2.0,1.0,1.2727272727272727,0.2727272727272727,17.0,4.0,4.249998937500266,0.8095237709750585,1.0,0.0,1.0,0.0,1.0,0.0,1.0,0.0,0.0,0.0,0.0,0.0,2.0,4.0,0.33333327777778704,20.0,1.3333333333333333,1.0,0.0,2.0,0.0,2000000.0,0.0,0.0,1.2903225806451613,0.03225806451612903,0.06451612903225806,0.1935483870967742,2.032258064516129,0.03225806451612903,0.06451612903225806,0.33723498841372096
2020NES__2020_11_06_NES_S9/2020_11_06_12_09_40__2020_11_06_12_09_40_chunk8.mp4,2020NES,2020_11_06_NES_S9/2020_11_06_12_09_40,2020_11_06_NES_S9,7,8,end,2.0,2.0,True,True,True,True,0.0,1.0,0.0,0.0,1.0,1.0,0.0,0.0,0.0,0.0,,1.0,0.0,0.0,0.0,0.0,0.0,0.0,0.0,0.0,0.0,0.0,0.0,,0.0,0.0,0.0,0.0,0.0,2.0,0.0,0.0,0.0,0.0,0.0,0.0,1.0,0.0,0.0,0.0,0.0,0.0,0.0,0.0,0.0,0.0,,,,,,,0.0,0.0,0.0,0.0,0.0,0.0,0.0,0.0,0.0,0.0,0.0,0.0,0.0,0.0,0.0,0.0,0.0,0.0,0.0,0.0,,,0.0,0.0,0.0,0.0,0.0,0.0,,0.0,0.0,0.0,2.0,0.0,1.0,-0.6171441482000752
2020NES__2020_11_06_NES_S3/2020_11_06_10_47_07__2020_11_06_10_47_07_chunk1.mp4,2020NES,2020_11_06_NES_S3/2020_11_06_10_47_07,2020_11_06_NES_S3,0,4,beginning,3.0,2.0,True,True,True,True,0.46977547495682215,0.0,0.0,1.0,0.0,3.0,1.0,0.0,0.0,0.0,3.0,1.0,3.0,1.0,0.0,0.0,0.0,0.0,0.0,0.0,1.0,0.0,1.0,3.0,1.0,1.0,0.0,1.0,1.0,1.0,6.0,3.0,6.0,4.0,2.0,4.0,1.0,3.0,0.0,0.0,0.0,17.0,0.0,0.0,1.0,0.0,1.6666666666666667,0.6666666666666666,1.0,0.0,1.1666666666666667,0.16666666666666666,17.0,2.0,8.499995750002125,0.8947367950138528,0.0,0.0,0.0,0.0,0.0,0.0,1.0,0.0,0.0,0.0,0.0,0.0,6.0,8.0,0.42857139795918586,20.0,1.3333333333333333,1.0,0.0,0.0,0.0,0.0,0.0,0.0,1.0454545454545454,0.045454545454545456,0.09090909090909091,0.045454545454545456,1.9545454545454546,0.045454545454545456,0.0,-0.06629655372778279
2020NES__2020_11_06_NES_S3/2020_11_06_10_47_07__2020_11_06_10_47_07_chunk2.mp4,2020NES,2020_11_06_NES_S3/2020_11_06_10_47_07,2020_11_06_NES_S3,1,4,middle,3.0,2.0,True,True,True,True,0.30501089324618724,0.0,0.0,1.0,0.0,3.0,1.0,0.0,1.0,0.0,2.0,1.0,3.0,1.0,0.0,0.0,0.0,0.0,1.0,0.0,1.0,0.0,1.0,3.0,1.0,1.0,0.0,0.0,1.0,1.0,10.0,4.0,7.0,12.0,6.0,2.0,2.0,6.0,0.0,2.0,1.0,21.0,0.0,1.0,0.0,0.0,1.4,0.4,1.0,0.0,1.1428571428571428,0.2857142857142857,28.0,5.0,5.599998880000224,0.8484848227731873,2.0,0.0,1.0,0.0,0.0,1.0,0.0,0.0,0.0,0.0,1.0,0.0,8.0,12.0,0.399999980000001,27.0,1.2272727272727273,0.9545454545454546,1.0,0.0,0.0,1000000.0,0.0,0.0,1.064516129032258,0.06451612903225806,0.22580645161290322,0.12903225806451613,2.0,0.0,0.03225806451612903,0.20835545543036119
2020NES__2020_11_06_NES_S3/2020_11_06_10_47_07__2020_11_06_10_47_07_chunk3.mp4,2020NES,2020_11_06_NES_S3/2020_11_06_10_47_07,2020_11_06_NES_S3,2,4,middle,3.0,2.0,True,True,True,True,0.46666666666666656,0.0,1.0,0.0,0.0,3.0,1.0,0.0,1.0,1.0,2.0,2.0,3.0,1.0,0.0,0.0,1.0,0.0,0.0,0.0,1.0,0.0,1.0,3.0,1.0,1.0,0.0,0.0,0.0,2.0,7.0,3.0,5.0,16.0,2.0,3.0,6.0,9.0,1.0,0.0,1.0,21.0,0.0,0.0,1.0,0.0,1.7142857142857142,0.7142857142857143,1.2222222222222223,0.2222222222222222,1.2,0.2,28.0,5.0,5.599998880000224,0.8484848227731873,0.0,0.0,1.0,1.0,0.0,0.0,1.0,0.0,1.0,1.0,1.0,0.9999990000010001,16.0,5.0,0.7619047256235845,29.0,1.380952380952381,1.0,2.0,1.0,0.0,3000000.0,0.0,0.0,0.5,0.043478260869565216,0.08695652173913043,0.043478260869565216,2.0652173913043477,0.06521739130434782,0.021739130434782608,-0.3450875774436209
2020NES__2020_11_06_NES_S3/2020_11_06_10_47_07__2020_11_06_10_47_07_chunk4.mp4,2020NES,2020_11_06_NES_S3/2020_11_06_10_47_07,2020_11_06_NES_S3,3,4,end,3.0,2.0,True,True,True,True,0.49046679815910577,0.0,0.0,0.0,0.0,3.0,0.0,0.0,1.0,0.0,2.0,2.0,0.0,0.0,0.0,0.0,1.0,0.0,0.0,0.0,0.0,0.0,1.0,,0.0,0.0,0.0,0.0,0.0,1.0,0.0,3.0,8.0,6.0,0.0,0.0,3.0,2.0,0.0,0.0,1.0,21.0,0.0,0.0,0.0,0.0,,,1.0,0.0,1.25,0.25,16.0,0.0,16000000.0,0.9999999375000038,0.0,0.0,1.0,0.0,0.0,0.0,0.0,0.0,0.0,0.0,0.0,0.0,6.0,9.0,0.39999997333333515,12.0,1.2,1.0,0.0,0.0,0.0,0.0,0.0,0.0,0.16666666666666666,0.03333333333333333,0.1,0.0,2.0,0.0,0.0,-0.6468697184058344
2020NES__2020_11_06_NES_S6/6_CO2_Reduction_Zoom_Meeting_2020_11_06_08_34_58__6_CO2_Reduction_Zoom_Meeting_2020_11_06_08_34_58.mp4,2020NES,2020_11_06_NES_S6/6_CO2_Reduction_Zoom_Meeting_2020_11_06_08_34_58,2020_11_06_NES_S6,0,1,whole,,,,,,True,0.3381642512077294,0.0,0.0,1.0,0.0,3.0,1.0,0.0,1.0,0.0,3.0,2.0,3.0,1.0,0.0,1.0,1.0,1.0,1.0,0.0,1.0,0.0,1.0,3.0,1.0,1.0,1.0,1.0,1.0,1.0,11.0,5.0,10.0,6.0,2.0,1.0,0.0,2.0,0.0,0.0,1.0,21.0,0.0,0.0,0.0,0.0,1.4545454545454546,0.45454545454545453,2.0,1.0,1.2,0.2,26.0,3.0,8.66666377777874,0.8965516932223554,0.0,0.0,1.0,0.0,0.0,0.0,0.0,0.0,0.0,0.0,0.0,0.0,3.0,13.0,0.18749998828125072,32.0,1.391304347826087,1.0,2.0,3.0,0.0,5000000.0,0.0,0.0,1.5833333333333333,0.125,0.25,0.20833333333333334,2.2083333333333335,0.20833333333333334,0.16666666666666666,0.8816894589388976
2020NES__2020_11_06_NES_S6/6_CO2_Reduction_Zoom_Meeting_2020_11_06_08_09_56__6_CO2_Reduction_Zoom_Meeting_2020_11_06_08_09_56.mp4,2020NES,2020_11_06_NES_S6/6_CO2_Reduction_Zoom_Meeting_2020_11_06_08_09_56,2020_11_06_NES_S6,0,1,whole,,,,,,True,0.4348794063079777,0.0,0.0,1.0,0.0,3.0,1.0,0.0,1.0,0.0,2.0,1.0,3.0,1.0,0.0,1.0,0.0,0.0,0.0,0.0,0.0,0.0,1.0,3.0,1.0,1.0,0.0,0.0,0.0,1.0,5.0,8.0,9.0,4.0,0.0,0.0,2.0,2.0,0.0,0.0,1.0,23.0,0.0,0.0,0.0,0.0,1.4,0.4,1.0,0.0,1.1111111111111112,0.2222222222222222,17.0,1.0,16.999983000017,0.9444443919753115,0.0,0.0,1.0,0.0,0.0,0.0,0.0,0.0,0.0,0.0,0.0,0.0,11.0,12.0,0.4782608487712674,19.0,1.1875,0.9375,0.0,0.0,0.0,0.0,0.0,0.0,0.4166666666666667,0.027777777777777776,0.05555555555555555,0.1111111111111111,2.0555555555555554,0.05555555555555555,0.05555555555555555,-0.2944992424261292
2020NES__2020_11_06_NES_S6/6_CO2_Reduction_Zoom_Meeting_2020_11_06_08_45_55__6_CO2_Reduction_Zoom_Meeting_2020_11_06_08_45_55.mp4,2020NES,2020_11_06_NES_S6/6_CO2_Reduction_Zoom_Meeting_2020_11_06_08_45_55,2020_11_06_NES_S6,0,1,whole,,,,,,False,,,,,,,,,,,,,,,,,,,,,,,,,,,,,,,,,,,,,,,,,,,,,,,,,,,,,,,,,,,,,,,,,,,,,,,,,,,,,,,,,,,,,,,,
2020NES__2020_11_06_NES_S6/6_CO2_Reduction_Zoom_Meeting_2020_11_06_08_09_26__6_CO2_Reduction_Zoom_Meeting_2020_11_06_08_09_26.mp4,2020NES,2020_11_06_NES_S6/6_CO2_Reduction_Zoom_Meeting_2020_11_06_08_09_26,2020_11_06_NES_S6,0,1,whole,,,,,,True,0.0,1.0,0.0,0.0,1.0,1.0,0.0,0.0,1.0,0.0,,1.0,0.0,0.0,0.0,0.0,0.0,0.0,0.0,0.0,0.0,0.0,0.0,,0.0,0.0,0.0,0.0,0.0,1.0,0.0,0.0,0.0,0.0,0.0,0.0,1.0,0.0,0.0,0.0,0.0,0.0,0.0,0.0,0.0,0.0,,,,,,,0.0,0.0,0.0,0.0,0.0,0.0,0.0,0.0,0.0,0.0,0.0,0.0,0.0,0.0,0.0,0.0,0.0,0.0,0.0,0.0,,,0.0,0.0,0.0,0.0,0.0,0.0,,0.0,0.0,0.0,2.0,0.0,0.0,-0.6171441482000752
2020NES__2020_11_05_NES_S2/2020_11_05_11_57_33__2020_11_05_11_57_33_chunk1.mp4,2020NES,2020_11_05_NES_S2/2020_11_05_11_57_33,2020_11_05_NES_S2,0,8,beginning,3.0,0.0,True,False,False,True,0.2540106951871659,0.0,0.0,0.0,1.0,3.0,0.0,0.0,0.0,0.0,2.0,1.0,0.0,0.0,0.0,0.0,0.0,0.0,1.0,0.0,0.0,0.0,1.0,,0.0,0.0,0.0,0.0,1.0,2.0,2.0,1.0,12.0,0.0,0.0,18.0,6.0,1.0,0.0,0.0,0.0,13.0,0.0,2.0,0.0,0.0,1.0,0.0,1.0,0.0,0.9166666666666666,0.0,15.0,0.0,15000000.0,0.9999999333333378,0.0,0.0,0.0,0.0,0.0,2.0,0.0,0.0,0.0,0.0,0.0,0.0,0.0,13.0,0.0,14.0,0.9333333333333333,0.9333333333333333,0.0,0.0,0.0,0.0,0.0,0.0,0.6666666666666666,0.030303030303030304,0.06060606060606061,0.0,2.0303030303030303,0.030303030303030304,0.0,-0.4146236224899084
2020NES__2020_11_05_NES_S2/2020_11_05_11_57_33__2020_11_05_11_57_33_chunk2.mp4,2020NES,2020_11_05_NES_S2/2020_11_05_11_57_33,2020_11_05_NES_S2,1,8,middle,3.0,0.0,True,False,False,True,0.248109243697479,0.0,0.0,1.0,0.0,3.0,1.0,0.0,0.0,0.0,2.0,1.0,2.0,0.0,1.0,1.0,0.0,0.0,1.0,0.0,1.0,0.0,1.0,,0.0,0.0,0.0,0.0,0.0,1.0,11.0,3.0,5.0,4.0,2.0,1.0,3.0,4.0,0.0,0.0,1.0,14.0,0.0,0.0,0.0,0.0,1.2727272727272727,0.2727272727272727,1.25,0.25,1.2,0.4,22.0,2.0,10.99999450000275,0.9166666284722238,0.0,0.0,1.0,0.0,0.0,0.0,0.0,0.0,0.0,0.0,0.0,0.0,5.0,7.0,0.41666663194444736,25.0,1.25,0.95,1.0,0.0,1.0,0.9999990000010001,0.0,0.0,0.7916666666666666,0.0,0.0,0.08333333333333333,2.0,0.0,0.125,-0.2845153745541716
2020NES__2020_11_05_NES_S2/2020_11_05_11_57_33__2020_11_05_11_57_33_chunk3.mp4,2020NES,2020_11_05_NES_S2/2020_11_05_11_57_33,2020_11_05_NES_S2,2,8,middle,3.0,0.0,True,False,False,True,0.38383838383838387,0.0,0.0,1.0,0.0,3.0,1.0,0.0,0.0,0.0,2.0,1.0,2.0,0.0,0.0,0.0,0.0,0.0,0.0,0.0,1.0,0.0,1.0,,0.0,0.0,0.0,0.0,1.0,1.0,4.0,3.0,5.0,2.0,2.0,2.0,0.0,1.0,0.0,0.0,0.0,12.0,0.0,0.0,0.0,0.0,1.25,0.25,1.0,0.0,1.6,0.6,10.0,1.0,9.999990000010001,0.9090908264462886,0.0,0.0,0.0,0.0,0.0,0.0,0.0,0.0,0.0,0.0,0.0,0.0,4.0,5.0,0.44444439506173394,14.0,1.4,1.0,0.0,1.0,0.0,1000000.0,0.0,0.0,1.7142857142857142,0.14285714285714285,0.2857142857142857,0.21428571428571427,2.2142857142857144,0.21428571428571427,0.07142857142857142,1.0299850139787847
2020NES__2020_11_05_NES_S2/2020_11_05_11_57_33__2020_11_05_11_57_33_chunk4.mp4,2020NES,2020_11_05_NES_S2/2020_11_05_11_57_33,2020_11_05_NES_S2,3,8,middle,3.0,0.0,True,False,False,True,0.32760663507109,0.0,0.0,1.0,0.0,3.0,1.0,0.0,0.0,0.0,3.0,2.0,3.0,1.0,1.0,1.0,1.0,1.0,0.0,0.0,0.0,0.0,0.0,3.0,1.0,1.0,0.0,1.0,0.0,1.0,10.0,5.0,7.0,10.0,0.0,1.0,1.0,0.0,0.0,0.0,0.0,22.0,0.0,0.0,0.0,0.0,1.4,0.5,,,1.1666666666666667,0.16666666666666666,24.0,2.0,11.999994000003,0.9230768875739658,0.0,0.0,0.0,0.0,0.0,0.0,0.0,0.0,0.0,0.0,1.0,0.0,5.0,9.0,0.3571428316326549,21.0,1.3125,0.9375,0.0,0.0,0.0,0.0,0.0,0.0,0.8636363636363636,0.0,0.0,0.0,2.090909090909091,0.09090909090909091,0.045454545454545456,-0.4385578947234709
2020NES__2020_11_05_NES_S2/2020_11_05_11_57_33__2020_11_05_11_57_33_chunk5.mp4,2020NES,2020_11_05_NES_S2/2020_11_05_11_57_33,2020_11_05_NES_S2,4,8,middle,3.0,0.0,True,False,False,True,0.3205387205387207,0.0,0.0,1.0,0.0,3.0,1.0,0.0,0.0,0.0,2.0,2.0,3.0,1.0,0.0,0.0,1.0,0.0,0.0,0.0,0.0,0.0,0.0,,0.0,0.0,0.0,1.0,0.0,1.0,3.0,0.0,2.0,4.0,0.0,0.0,0.0,1.0,0.0,0.0,1.0,7.0,0.0,0.0,2.0,0.0,1.3333333333333333,0.3333333333333333,2.0,1.0,1.5,0.5,7.0,2.0,3.499998250000875,0.7777776913580343,0.0,0.0,1.0,0.0,0.0,0.0,2.0,0.0,0.0,0.0,0.0,0.0,4.0,2.0,0.6666665555555741,9.0,1.5,1.0,0.0,0.0,0.0,0.0,0.0,0.0,2.2857142857142856,0.0,0.14285714285714285,0.42857142857142855,2.142857142857143,0.14285714285714285,0.14285714285714285,1.2291971714168175
2020NES__2020_11_05_NES_S2/2020_11_05_11_57_33__2020_11_05_11_57_33_chunk6.mp4,2020NES,2020_11_05_NES_S2/2020_11_05_11_57_33,2020_11_05_NES_S2,5,8,middle,3.0,0.0,True,False,False,True,0.26412252071303044,0.0,0.0,1.0,0.0,3.0,1.0,0.0,0.0,0.0,2.0,1.0,3.0,1.0,0.0,0.0,1.0,0.0,0.0,0.0,1.0,0.0,1.0,,0.0,0.0,0.0,1.0,0.0,1.0,5.0,2.0,7.0,5.0,1.0,3.0,1.0,2.0,0.0,0.0,0.0,16.0,0.0,0.0,1.0,1.0,1.6666666666666667,0.6666666666666666,1.0,0.0,1.1428571428571428,0.14285714285714285,16.0,2.0,7.999996000002,0.8888888395061756,0.0,0.0,0.0,0.0,0.0,0.0,1.0,1.0,0.0,0.0,0.0,0.0,6.0,4.0,0.599999940000006,15.0,1.25,1.0,1.0,1.0,0.0,2000000.0,0.0,0.0,1.1764705882352942,0.11764705882352941,0.11764705882352941,0.23529411764705882,2.1176470588235294,0.11764705882352941,0.058823529411764705,0.7149833519045007
2020NES__2020_11_05_NES_S2/2020_11_05_11_57_33__2020_11_05_11_57_33_chunk7.mp4,2020NES,2020_11_05_NES_S2/2020_11_05_11_57_33,2020_11_05_NES_S2,6,8,middle,3.0,0.0,True,False,False,True,0.34160958904109595,0.0,0.0,1.0,0.0,3.0,0.0,0.0,0.0,0.0,2.0,2.0,3.0,1.0,0.0,0.0,1.0,0.0,0.0,0.0,0.0,0.0,0.0,,0.0,0.0,0.0,1.0,0.0,1.0,0.0,0.0,0.0,0.0,0.0,0.0,0.0,0.0,0.0,0.0,0.0,9.0,0.0,0.0,0.0,0.0,,,,,,,0.0,0.0,0.0,0.0,0.0,0.0,0.0,0.0,0.0,0.0,0.0,0.0,0.0,0.0,0.0,0.0,1.0,4.0,0.199999960000008,0.0,,,0.0,0.0,0.0,0.0,0.0,0.0,2.2222222222222223,0.0,0.2222222222222222,0.1111111111111111,2.111111111111111,0.1111111111111111,0.2222222222222222,0.47741239151817405
2020NES__2020_11_05_NES_S2/2020_11_05_11_57_33__2020_11_05_11_57_33_chunk8.mp4,2020NES,2020_11_05_NES_S2/2020_11_05_11_57_33,2020_11_05_NES_S2,7,8,end,3.0,0.0,True,False,False,True,0.26394849785407715,0.0,0.0,0.0,0.0,3.0,1.0,0.0,0.0,1.0,2.0,2.0,2.0,0.0,0.0,0.0,1.0,0.0,0.0,0.0,1.0,0.0,1.0,,0.0,0.0,0.0,1.0,0.0,1.0,6.0,0.0,3.0,1.0,2.0,2.0,4.0,0.0,0.0,0.0,1.0,8.0,0.0,2.0,2.0,0.0,1.1666666666666667,0.16666666666666666,,,1.0,0.0,9.0,1.0,8.999991000009,0.8999999100000091,0.0,0.0,1.0,0.0,0.0,2.0,2.0,0.0,0.0,0.0,0.0,0.0,4.0,2.0,0.6666665555555741,10.0,1.1111111111111112,1.0,0.0,0.0,0.0,0.0,0.0,0.0,1.0666666666666667,0.13333333333333333,0.4,0.4666666666666667,2.2,0.2,0.2,1.248853528643392
2021ABI__2021-05-20-ABI-S5__bot3p2 - Zoom Meeting 2021-05-20 12-40-54_chunk1.mp4,2021ABI,2021-05-20-ABI-S5,2021-05-20-ABI-S5,0,8,beginning,1.0,0.0,True,False,False,True,0.22612085769980506,0.0,0.0,0.0,1.0,3.0,1.0,0.0,0.0,0.0,1.0,1.0,0.0,0.0,1.0,1.0,1.0,1.0,1.0,0.0,1.0,0.0,1.0,,0.0,0.0,0.0,1.0,1.0,2.0,0.0,4.0,7.0,3.0,2.0,2.0,7.0,1.0,0.0,0.0,0.0,10.0,0.0,0.0,0.0,0.0,,,2.0,1.0,1.0,0.0,11.0,0.0,11000000.0,0.9999999090909174,0.0,0.0,0.0,0.0,0.0,0.0,0.0,0.0,0.0,0.0,0.0,0.0,7.0,3.0,0.699999930000007,9.0,1.125,1.0,0.0,0.0,0.0,0.0,0.0,0.0,0.875,0.0,1.0,0.041666666666666664,2.125,0.125,0.0,-0.338405766821463
2021ABI__2021-05-20-ABI-S5__bot3p2 - Zoom Meeting 2021-05-20 12-40-54_chunk2.mp4,2021ABI,2021-05-20-ABI-S5,2021-05-20-ABI-S5,1,8,middle,1.0,0.0,True,False,False,True,0.1768642447418738,0.0,0.0,1.0,0.0,3.0,1.0,0.0,0.0,0.0,2.0,1.0,3.0,1.0,1.0,0.0,1.0,1.0,0.0,0.0,0.0,0.0,0.0,,0.0,0.0,0.0,0.0,1.0,2.0,0.0,0.0,6.0,0.0,0.0,0.0,0.0,1.0,0.0,0.0,0.0,6.0,0.0,0.0,0.0,0.0,,,2.0,1.0,1.0,0.0,7.0,0.0,7000000.0,0.9999998571428775,0.0,0.0,0.0,0.0,0.0,0.0,0.0,0.0,0.0,0.0,0.0,0.0,3.0,3.0,0.49999991666668053,8.0,1.1428571428571428,1.0,0.0,0.0,0.0,0.0,0.0,0.0,1.0,0.0,0.8333333333333334,0.16666666666666666,2.3333333333333335,0.3333333333333333,0.0,0.006461883093888621
2021ABI__2021-05-20-ABI-S5__bot3p2 - Zoom Meeting 2021-05-20 12-40-54_chunk3.mp4,2021ABI,2021-05-20-ABI-S5,2021-05-20-ABI-S5,2,8,middle,1.0,0.0,True,False,False,True,0.37431693989071024,0.0,0.0,1.0,0.0,4.0,1.0,0.0,0.0,0.0,3.0,2.0,3.0,1.0,1.0,1.0,1.0,1.0,0.0,0.0,1.0,0.0,1.0,3.0,1.0,1.0,1.0,1.0,1.0,1.0,2.0,3.0,10.0,8.0,0.0,0.0,0.0,1.0,0.0,0.0,0.0,6.0,1.0,0.0,0.0,0.0,2.0,1.0,2.0,1.0,2.0,1.0,20.0,1.0,19.999980000020003,0.9523809070294805,0.0,0.0,0.0,0.0,1.0,0.0,0.0,0.0,0.0,0.0,0.0,0.0,5.0,1.0,0.8333331944444675,26.0,2.0,1.0,0.0,1.0,0.0,1000000.0,0.0,0.0,1.2272727272727273,0.0,0.13636363636363635,0.0,2.5454545454545454,0.5,0.0,-0.26091282988615944
2021ABI__2021-05-20-ABI-S5__bot3p2 - Zoom Meeting 2021-05-20 12-40-54_chunk4.mp4,2021ABI,2021-05-20-ABI-S5,2021-05-20-ABI-S5,3,8,middle,1.0,0.0,True,False,False,True,0.33114754098360666,0.0,0.0,1.0,0.0,4.0,1.0,0.0,0.0,0.0,3.0,2.0,3.0,1.0,1.0,1.0,1.0,1.0,0.0,0.0,1.0,0.0,1.0,,0.0,0.0,0.0,0.0,0.0,1.0,0.0,3.0,6.0,3.0,0.0,0.0,0.0,2.0,0.0,0.0,0.0,13.0,1.0,0.0,0.0,0.0,,,2.0,1.0,1.5,0.5,11.0,0.0,11000000.0,0.9999999090909174,0.0,0.0,0.0,0.0,1.0,0.0,0.0,0.0,0.0,0.0,0.0,0.0,4.0,7.0,0.3636363305785154,13.0,1.625,1.0,0.0,0.0,0.0,0.0,0.0,0.0,1.6923076923076923,0.0,0.23076923076923078,0.0,2.3076923076923075,0.3076923076923077,0.0,-0.03373212196921305
2021ABI__2021-05-20-ABI-S5__bot3p2 - Zoom Meeting 2021-05-20 12-40-54_chunk5.mp4,2021ABI,2021-05-20-ABI-S5,2021-05-20-ABI-S5,4,8,middle,1.0,0.0,True,False,False,True,0.551948051948052,1.0,1.0,0.0,0.0,4.0,1.0,0.0,0.0,0.0,4.0,3.0,3.0,1.0,1.0,0.0,1.0,0.0,0.0,0.0,0.0,0.0,0.0,,0.0,0.0,0.0,0.0,0.0,2.0,1.0,6.0,7.0,6.0,0.0,0.0,4.0,4.0,0.0,0.0,0.0,1.0,1.0,0.0,0.0,0.0,2.0,1.0,1.75,0.75,1.7142857142857142,0.7142857142857143,17.0,0.0,17000000.0,0.999999941176474,0.0,0.0,0.0,0.0,1.0,0.0,0.0,0.0,0.0,0.0,1.0,0.0,1.0,0.0,0.9999990000010001,21.0,1.75,1.0,0.0,0.0,0.0,0.0,0.0,0.0,0.7419354838709677,0.0,0.03225806451612903,0.03225806451612903,2.3548387096774195,0.3548387096774194,0.0,-0.42477241977724184
2021ABI__2021-05-20-ABI-S5__bot3p2 - Zoom Meeting 2021-05-20 12-40-54_chunk6.mp4,2021ABI,2021-05-20-ABI-S5,2021-05-20-ABI-S5,5,8,middle,1.0,0.0,True,False,False,True,0.34770889487870615,0.0,1.0,0.0,0.0,4.0,1.0,1.0,0.0,0.0,4.0,4.0,3.0,1.0,1.0,1.0,1.0,0.0,0.0,0.0,1.0,0.0,1.0,3.0,1.0,1.0,1.0,0.0,0.0,2.0,2.0,2.0,13.0,2.0,0.0,0.0,2.0,5.0,1.0,0.0,0.0,1.0,0.0,0.0,0.0,0.0,1.0,0.0,1.0,0.0,1.0,0.0,22.0,0.0,22000000.0,0.9999999545454565,0.0,0.0,0.0,1.0,0.0,0.0,0.0,0.0,0.0,0.0,0.0,0.0,0.0,1.0,0.0,20.0,1.0,1.0,0.0,0.0,0.0,0.0,0.0,0.0,1.037037037037037,0.0,1.0,0.0,3.0,1.0,0.0,-0.35384751658345664
2021ABI__2021-05-20-ABI-S5__bot3p2 - Zoom Meeting 2021-05-20 12-40-54_chunk7.mp4,2021ABI,2021-05-20-ABI-S5,2021-05-20-ABI-S5,6,8,middle,1.0,0.0,True,False,False,True,0.3948635634028894,0.0,1.0,0.0,0.0,4.0,1.0,1.0,1.0,1.0,4.0,4.0,3.0,1.0,1.0,1.0,1.0,0.0,1.0,0.0,1.0,0.0,1.0,,0.0,0.0,0.0,0.0,0.0,2.0,5.0,3.0,8.0,2.0,0.0,0.0,3.0,0.0,0.0,0.0,0.0,6.0,1.0,0.0,0.0,0.0,1.6,0.6,,,1.0,0.125,13.0,2.0,6.499996750001625,0.8666666088888928,0.0,0.0,0.0,0.0,1.0,0.0,0.0,0.0,0.0,0.0,0.0,0.0,6.0,0.0,0.9999998333333611,16.0,1.2307692307692308,0.9230769230769231,0.0,1.0,0.0,1000000.0,0.0,0.0,1.2727272727272727,0.0,1.0,0.0,2.0454545454545454,0.045454545454545456,0.0,-0.23870719678149552
2021ABI__2021-05-20-ABI-S5__bot3p1 - Zoom Meeting 2021-05-20 12-40-43.mp4,2021ABI,2021-05-20-ABI-S5,2021-05-20-ABI-S5,7,8,end,1.0,0.0,True,False,False,True,0.0,0.0,0.0,0.0,1.0,3.0,0.0,0.0,0.0,0.0,,4.0,0.0,0.0,0.0,0.0,1.0,0.0,0.0,0.0,0.0,0.0,0.0,,0.0,0.0,0.0,0.0,0.0,2.0,0.0,0.0,0.0,0.0,0.0,0.0,2.0,0.0,0.0,0.0,0.0,1.0,0.0,0.0,0.0,0.0,,,,,,,0.0,0.0,0.0,0.0,0.0,0.0,0.0,0.0,0.0,0.0,0.0,0.0,0.0,0.0,0.0,0.0,1.0,0.0,0.9999990000010001,0.0,,,0.0,0.0,0.0,0.0,0.0,0.0,0.0,0.0,0.0,0.0,2.0,0.0,0.0,-0.8604649237120855
2021ABI__2021-05-21-ABI-S11__bot3p2 - Room 3   Zoom Meeting 2021-05-21 13-10-16_chunk1.mp4,2021ABI,2021-05-21-ABI-S11,2021-05-21-ABI-S11,0,8,beginning,2.0,1.0,True,True,True,True,0.19565217391304346,0.0,0.0,1.0,0.0,4.0,1.0,0.0,0.0,0.0,2.0,1.0,0.0,0.0,0.0,0.0,1.0,1.0,1.0,0.0,1.0,0.0,1.0,,0.0,0.0,0.0,0.0,0.0,1.0,0.0,0.0,7.0,0.0,0.0,7.0,1.0,1.0,0.0,0.0,1.0,9.0,0.0,0.0,0.0,0.0,,,1.0,0.0,1.0,0.0,8.0,0.0,8000000.0,0.9999998750000157,0.0,0.0,1.0,0.0,0.0,0.0,0.0,0.0,1.0,0.0,0.0,0.0,7.0,2.0,0.7777776913580343,8.0,1.0,1.0,0.0,0.0,0.0,0.0,0.0,0.0,0.0,0.0,0.0,0.0,2.0,0.0,0.0,-0.8604649237120855
2021ABI__2021-05-21-ABI-S11__bot3p2 - Room 3   Zoom Meeting 2021-05-21 13-10-16_chunk2.mp4,2021ABI,2021-05-21-ABI-S11,2021-05-21-ABI-S11,1,8,middle,2.0,1.0,True,True,True,True,0.282258064516129,0.0,0.0,0.0,0.0,3.0,1.0,1.0,1.0,1.0,3.0,2.0,3.0,1.0,1.0,1.0,1.0,1.0,1.0,0.0,1.0,0.0,1.0,3.0,1.0,1.0,1.0,0.0,0.0,1.0,3.0,4.0,5.0,2.0,0.0,0.0,3.0,1.0,0.0,0.0,0.0,18.0,0.0,0.0,0.0,0.0,1.3333333333333333,0.6666666666666666,2.0,1.0,1.4,0.4,10.0,1.0,9.999990000010001,0.9090908264462886,0.0,0.0,0.0,0.0,0.0,0.0,0.0,0.0,0.0,0.0,0.0,0.0,12.0,6.0,0.6666666296296316,13.0,1.4444444444444444,0.8888888888888888,0.0,0.0,0.0,0.0,0.0,0.0,0.8947368421052632,0.0,0.05263157894736842,0.0,2.526315789473684,0.5263157894736842,0.0,-0.4233645668097535
2021ABI__2021-05-21-ABI-S11__bot3p2 - Room 3   Zoom Meeting 2021-05-21 13-10-16_chunk3.mp4,2021ABI,2021-05-21-ABI-S11,2021-05-21-ABI-S11,2,8,middle,2.0,1.0,True,True,True,True,0.3292307692307692,0.0,0.0,0.0,0.0,3.0,1.0,0.0,0.0,0.0,3.0,2.0,3.0,1.0,1.0,1.0,1.0,0.0,0.0,0.0,0.0,0.0,0.0,,0.0,0.0,0.0,0.0,1.0,1.0,1.0,6.0,7.0,3.0,0.0,1.0,0.0,1.0,0.0,0.0,0.0,10.0,0.0,0.0,0.0,0.0,1.0,0.0,2.0,1.0,1.2857142857142858,0.2857142857142857,12.0,0.0,12000000.0,0.9999999166666736,0.0,0.0,0.0,0.0,0.0,0.0,0.0,0.0,0.0,0.0,0.0,0.0,9.0,1.0,0.8999999100000091,12.0,1.3333333333333333,1.0,0.0,0.0,0.0,0.0,0.0,0.0,0.0,0.0,0.0,0.0,2.125,0.125,0.0,-0.8604649237120855
2021ABI__2021-05-21-ABI-S11__bot3p2 - Room 3   Zoom Meeting 2021-05-21 13-10-16_chunk4.mp4,2021ABI,2021-05-21-ABI-S11,2021-05-21-ABI-S11,3,8,middle,2.0,1.0,True,True,True,True,0.3252032520325203,0.0,1.0,0.0,0.0,4.0,1.0,0.0,0.0,0.0,4.0,3.0,3.0,1.0,1.0,1.0,1.0,1.0,1.0,1.0,0.0,0.0,1.0,,0.0,0.0,1.0,0.0,0.0,2.0,2.0,3.0,6.0,3.0,2.0,0.0,0.0,4.0,0.0,0.0,0.0,10.0,0.0,0.0,0.0,0.0,1.5,0.5,2.0,1.0,1.3333333333333333,0.3333333333333333,14.0,1.0,13.999986000014001,0.9333332711111153,0.0,0.0,0.0,0.0,0.0,0.0,0.0,0.0,0.0,0.0,0.0,0.0,4.0,6.0,0.39999996000000404,19.0,1.5833333333333333,1.0,0.0,1.0,0.0,1000000.0,0.0,0.0,1.2666666666666666,0.06666666666666667,0.7333333333333333,0.13333333333333333,2.6666666666666665,0.5333333333333333,0.0,0.3254034561188772
2021ABI__2021-05-21-ABI-S11__bot3p2 - Room 3   Zoom Meeting 2021-05-21 13-10-16_chunk5.mp4,2021ABI,2021-05-21-ABI-S11,2021-05-21-ABI-S11,4,8,middle,2.0,1.0,True,True,True,True,0.4017857142857142,0.0,0.0,0.0,0.0,4.0,1.0,0.0,0.0,0.0,3.0,3.0,3.0,1.0,1.0,1.0,1.0,0.0,0.0,0.0,1.0,0.0,1.0,3.0,1.0,1.0,1.0,0.0,1.0,1.0,3.0,3.0,8.0,4.0,2.0,0.0,3.0,0.0,0.0,0.0,0.0,6.0,1.0,0.0,0.0,0.0,1.6666666666666667,0.6666666666666666,,,1.5,0.5,14.0,1.0,13.999986000014001,0.9333332711111153,0.0,0.0,0.0,0.0,1.0,0.0,0.0,0.0,0.0,0.0,0.0,0.0,5.0,1.0,0.8333331944444675,17.0,1.5454545454545454,1.0,0.0,0.0,0.0,0.0,0.0,,,0.0,0.0,0.0,,,0.0,-0.6171441482000752
2021ABI__2021-05-21-ABI-S11__bot3p2 - Room 3   Zoom Meeting 2021-05-21 13-10-16_chunk6.mp4,2021ABI,2021-05-21-ABI-S11,2021-05-21-ABI-S11,5,8,middle,2.0,1.0,True,True,True,True,0.47138047138047123,0.0,0.0,0.0,1.0,3.0,1.0,0.0,1.0,1.0,3.0,3.0,0.0,0.0,0.0,1.0,1.0,0.0,0.0,0.0,1.0,0.0,1.0,,0.0,0.0,0.0,0.0,0.0,2.0,2.0,3.0,8.0,2.0,5.0,0.0,11.0,3.0,0.0,0.0,0.0,7.0,0.0,0.0,0.0,0.0,1.5,0.5,2.0,1.0,1.375,0.375,14.0,1.0,13.999986000014001,0.9333332711111153,0.0,0.0,0.0,0.0,0.0,0.0,0.0,0.0,0.0,0.0,0.0,0.0,5.0,2.0,0.7142856122449125,20.0,1.5384615384615385,1.0,0.0,0.0,0.0,0.0,0.0,0.0,0.0,0.10204081632653061,0.7959183673469388,0.0,2.142857142857143,0.14285714285714285,0.0,-0.45584895252080954
2021ABI__2021-05-21-ABI-S11__bot3p2 - Room 3   Zoom Meeting 2021-05-21 13-10-16_chunk7.mp4,2021ABI,2021-05-21-ABI-S11,2021-05-21-ABI-S11,6,8,middle,2.0,1.0,True,True,True,True,0.5307443365695794,1.0,1.0,0.0,0.0,3.0,1.0,0.0,0.0,0.0,4.0,4.0,3.0,1.0,1.0,0.0,1.0,0.0,0.0,0.0,1.0,0.0,1.0,,0.0,0.0,0.0,0.0,0.0,2.0,0.0,1.0,2.0,0.0,1.0,1.0,1.0,1.0,0.0,0.0,0.0,5.0,0.0,0.0,0.0,0.0,,,2.0,1.0,1.5,0.5,3.0,0.0,3000000.0,0.9999996666667778,0.0,0.0,0.0,0.0,0.0,0.0,0.0,0.0,0.0,0.0,0.0,0.0,3.0,2.0,0.599999880000024,5.0,1.6666666666666667,1.0,0.0,0.0,0.0,0.0,0.0,0.0,0.0,0.16666666666666666,0.16666666666666666,0.16666666666666666,2.1666666666666665,0.16666666666666666,0.0,0.1788107077370331
2021ABI__2021-05-21-ABI-S11__bot3p1 - Room 3   Zoom Meeting 2021-05-21 13-10-02.mp4,2021ABI,2021-05-21-ABI-S11,2021-05-21-ABI-S11,7,8,end,2.0,1.0,True,True,True,True,0.0,1.0,0.0,0.0,0.0,1.0,0.0,0.0,0.0,0.0,1.0,4.0,0.0,0.0,0.0,0.0,0.0,0.0,0.0,0.0,0.0,0.0,0.0,,0.0,0.0,0.0,0.0,0.0,1.0,0.0,0.0,1.0,0.0,0.0,0.0,0.0,0.0,0.0,0.0,0.0,1.0,0.0,0.0,0.0,0.0,,,,,0.0,0.0,1.0,0.0,1000000.0,0.9999990000010001,0.0,0.0,0.0,0.0,0.0,0.0,0.0,0.0,0.0,0.0,0.0,0.0,0.0,1.0,0.0,0.0,0.0,0.0,0.0,0.0,0.0,0.0,0.0,0.0,0.0,0.0,0.0,0.0,2.0,0.0,0.0,-0.8604649237120855
2021ABI__2021-05-20-ABI-S1__Bot 5 Zoom Meeting 5_20_2021 12_37_42 PM_chunk1.mp4,2021ABI,2021-05-20-ABI-S1,2021-05-20-ABI-S1,0,9,beginning,0.0,0.0,False,False,False,True,0.11674347158218135,0.0,0.0,1.0,0.0,3.0,0.0,0.0,1.0,0.0,2.0,1.0,0.0,0.0,0.0,0.0,0.0,0.0,0.0,0.0,0.0,0.0,0.0,,0.0,0.0,0.0,0.0,0.0,2.0,6.0,0.0,6.0,0.0,0.0,0.0,3.0,0.0,0.0,0.0,0.0,7.0,0.0,0.0,0.0,0.0,1.0,0.0,,,1.0,0.0,12.0,0.0,12000000.0,0.9999999166666736,0.0,0.0,0.0,0.0,0.0,0.0,0.0,0.0,0.0,0.0,0.0,0.0,1.0,6.0,0.1428571224489825,12.0,1.0,1.0,0.0,0.0,0.0,0.0,0.0,,,0.0,0.0,0.0,,,0.0,-0.6171441482000752
2021ABI__2021-05-20-ABI-S1__Bot 5 Zoom Meeting 5_20_2021 12_37_42 PM_chunk2.mp4,2021ABI,2021-05-20-ABI-S1,2021-05-20-ABI-S1,1,9,middle,0.0,0.0,False,False,False,True,0.27739251040221924,0.0,0.0,1.0,0.0,3.0,1.0,0.0,0.0,0.0,2.0,2.0,3.0,1.0,1.0,1.0,1.0,1.0,1.0,0.0,1.0,0.0,1.0,,0.0,0.0,0.0,0.0,0.0,1.0,2.0,0.0,3.0,0.0,0.0,0.0,1.0,1.0,0.0,0.0,1.0,7.0,1.0,0.0,0.0,0.0,1.5,0.5,2.0,1.0,1.0,0.0,6.0,0.0,6000000.0,0.9999998333333611,0.0,0.0,1.0,0.0,1.0,0.0,0.0,0.0,0.0,0.0,0.0,0.0,4.0,3.0,0.57142848979593,8.0,1.3333333333333333,1.0,0.0,0.0,0.0,0.0,0.0,0.0,1.375,0.0,0.5,0.0,2.25,0.25,0.0,-0.18874452229600167
2021ABI__2021-05-20-ABI-S1__Bot 5 Zoom Meeting 5_20_2021 12_37_42 PM_chunk3.mp4,2021ABI,2021-05-20-ABI-S1,2021-05-20-ABI-S1,2,9,middle,0.0,0.0,False,False,False,True,0.38888888888888884,0.0,1.0,0.0,0.0,3.0,1.0,0.0,1.0,1.0,3.0,2.0,3.0,1.0,0.0,0.0,1.0,0.0,0.0,0.0,1.0,0.0,1.0,,0.0,0.0,0.0,0.0,0.0,2.0,2.0,3.0,4.0,2.0,0.0,0.0,4.0,0.0,0.0,0.0,0.0,9.0,0.0,0.0,0.0,0.0,1.0,0.0,,,1.5,0.5,6.0,1.0,5.999994000006001,0.857142734693895,0.0,0.0,0.0,0.0,0.0,0.0,0.0,0.0,0.0,1.0,0.0,1000000.0,5.0,3.0,0.6249999218750099,8.0,1.3333333333333333,1.0,0.0,0.0,0.0,0.0,0.0,0.0,0.4117647058823529,0.0,0.0,0.0,2.176470588235294,0.17647058823529413,0.0,-0.6593080120580712
2021ABI__2021-05-20-ABI-S1__Bot 5 Zoom Meeting 5_20_2021 12_37_42 PM_chunk4.mp4,2021ABI,2021-05-20-ABI-S1,2021-05-20-ABI-S1,3,9,middle,0.0,0.0,False,False,False,True,0.2947936210131332,0.0,1.0,0.0,0.0,3.0,1.0,0.0,0.0,0.0,3.0,2.0,3.0,1.0,1.0,1.0,1.0,0.0,1.0,0.0,1.0,0.0,1.0,3.0,1.0,1.0,0.0,0.0,0.0,1.0,0.0,2.0,2.0,4.0,0.0,0.0,0.0,1.0,0.0,0.0,1.0,10.0,1.0,0.0,0.0,0.0,,,2.0,1.0,1.0,0.0,5.0,1.0,4.999995000005001,0.8333331944444675,0.0,0.0,1.0,0.0,1.0,0.0,0.0,0.0,0.0,0.0,0.0,0.0,4.0,6.0,0.39999996000000404,4.0,1.3333333333333333,1.0,0.0,0.0,0.0,0.0,0.0,0.0,0.0,0.08333333333333333,0.08333333333333333,0.08333333333333333,2.4166666666666665,0.3333333333333333,0.0,-0.3408271079875263
2021ABI__2021-05-20-ABI-S1__Bot 5 Zoom Meeting 5_20_2021 12_37_42 PM_chunk5.mp4,2021ABI,2021-05-20-ABI-S1,2021-05-20-ABI-S1,4,9,middle,0.0,0.0,False,False,False,True,0.2717633928571428,0.0,0.0,1.0,0.0,3.0,1.0,0.0,1.0,0.0,2.0,2.0,3.0,1.0,0.0,0.0,1.0,0.0,0.0,0.0,0.0,0.0,1.0,3.0,1.0,1.0,0.0,0.0,0.0,1.0,2.0,2.0,6.0,5.0,0.0,0.0,0.0,1.0,0.0,0.0,0.0,11.0,0.0,0.0,0.0,0.0,1.0,0.0,2.0,1.0,1.5,0.5,11.0,3.0,3.6666654444448517,0.7857142295918408,0.0,0.0,0.0,0.0,0.0,0.0,0.0,0.0,0.0,0.0,0.0,0.0,1.0,10.0,0.09090908264462885,13.0,1.4444444444444444,1.0,0.0,0.0,0.0,0.0,0.0,0.0,0.0,0.0,0.0,0.0,2.1818181818181817,0.18181818181818182,0.0,-0.8604649237120855
2021ABI__2021-05-20-ABI-S1__Bot 5 Zoom Meeting 5_20_2021 12_37_42 PM_chunk6.mp4,2021ABI,2021-05-20-ABI-S1,2021-05-20-ABI-S1,5,9,middle,0.0,0.0,False,False,False,True,0.3256410256410256,0.0,1.0,0.0,0.0,3.0,1.0,0.0,1.0,1.0,3.0,3.0,3.0,1.0,1.0,0.0,1.0,0.0,0.0,0.0,1.0,0.0,1.0,,0.0,0.0,0.0,0.0,0.0,2.0,6.0,0.0,1.0,4.0,1.0,0.0,8.0,2.0,0.0,0.0,0.0,15.0,1.0,0.0,0.0,0.0,2.0,1.0,2.0,1.0,1.0,0.0,13.0,0.0,13000000.0,0.9999999230769291,0.0,0.0,0.0,0.0,1.0,0.0,0.0,0.0,0.0,0.0,0.0,0.0,15.0,0.0,0.9999999333333378,17.0,1.8888888888888888,1.0,0.0,0.0,0.0,0.0,0.0,0.0,0.5862068965517241,0.0,0.0,0.0,1.9655172413793103,0.06896551724137931,0.0,-0.5740888278105576
2021ABI__2021-05-20-ABI-S1__Bot 5 Zoom Meeting 5_20_2021 12_37_42 PM_chunk7.mp4,2021ABI,2021-05-20-ABI-S1,2021-05-20-ABI-S1,6,9,middle,0.0,0.0,False,False,False,True,0.3305243445692885,0.0,1.0,0.0,0.0,3.0,1.0,0.0,0.0,1.0,3.0,3.0,3.0,1.0,0.0,0.0,1.0,0.0,1.0,0.0,1.0,0.0,1.0,,0.0,0.0,0.0,0.0,0.0,2.0,5.0,3.0,4.0,6.0,4.0,4.0,1.0,3.0,0.0,1.0,1.0,12.0,0.0,0.0,0.0,0.0,1.2,0.2,1.0,0.0,1.0,0.0,16.0,2.0,7.999996000002,0.8888888395061756,1.0,0.0,1.0,0.0,0.0,0.0,0.0,0.0,0.0,0.0,0.0,0.0,5.0,7.0,0.41666663194444736,13.0,1.0833333333333333,1.0,1.0,2.0,0.0,3000000.0,0.0,0.0,1.8,0.1,0.75,0.0,2.2,0.2,0.0,0.41540179900005675
2021ABI__2021-05-20-ABI-S1__Bot 5 Zoom Meeting 5_20_2021 12_37_09 PM.mp4,2021ABI,2021-05-20-ABI-S1,2021-05-20-ABI-S1,7,9,middle,0.0,0.0,False,False,False,True,0.3148148148148149,1.0,0.0,0.0,1.0,2.0,0.0,0.0,1.0,1.0,,3.0,0.0,0.0,0.0,0.0,0.0,0.0,0.0,0.0,0.0,0.0,0.0,,0.0,0.0,0.0,0.0,0.0,2.0,0.0,0.0,0.0,0.0,0.0,0.0,2.0,0.0,0.0,0.0,0.0,0.0,0.0,0.0,0.0,0.0,,,,,,,0.0,0.0,0.0,0.0,0.0,0.0,0.0,0.0,0.0,0.0,0.0,0.0,0.0,0.0,0.0,0.0,0.0,0.0,0.0,0.0,,,0.0,0.0,0.0,0.0,0.0,0.0,0.0,0.0,0.0,0.0,2.0,0.0,0.0,-0.8604649237120855
2021ABI__2021-05-20-ABI-S1__Bot 5 Room 5   Zoom Meeting 5_20_2021 12_34_08 PM.mp4,2021ABI,2021-05-20-ABI-S1,2021-05-20-ABI-S1,8,9,end,0.0,0.0,False,False,False,True,0.5828516377649324,1.0,0.0,0.0,1.0,3.0,0.0,0.0,1.0,1.0,,3.0,0.0,0.0,0.0,0.0,1.0,0.0,0.0,0.0,1.0,0.0,1.0,,0.0,0.0,0.0,0.0,0.0,2.0,0.0,3.0,0.0,4.0,3.0,1.0,9.0,0.0,0.0,0.0,0.0,2.0,0.0,0.0,0.0,0.0,,,,,,,3.0,1.0,2.9999970000030003,0.7499998125000469,0.0,0.0,0.0,0.0,0.0,0.0,0.0,0.0,0.0,0.0,0.0,0.0,2.0,0.0,0.99999950000025,0.0,,,0.0,0.0,0.0,0.0,0.0,0.0,0.0,0.0,0.0,0.0,2.142857142857143,0.14285714285714285,0.0,-0.8604649237120855
2021ABI__2021-05-21-ABI-S3__bot2p3 - Zoom Meeting - Room 2 2021-05-21 10-58-31_chunk1.mp4,2021ABI,2021-05-21-ABI-S3,2021-05-21-ABI-S3,0,10,beginning,1.0,0.0,True,False,False,True,0.0625,0.0,0.0,1.0,0.0,4.0,1.0,0.0,1.0,0.0,2.0,1.0,3.0,1.0,1.0,0.0,1.0,1.0,0.0,0.0,1.0,0.0,1.0,,0.0,0.0,0.0,0.0,0.0,2.0,0.0,6.0,8.0,2.0,4.0,4.0,6.0,0.0,0.0,0.0,0.0,12.0,1.0,0.0,0.0,0.0,,,,,1.0,0.0,10.0,0.0,10000000.0,0.99999990000001,0.0,0.0,0.0,0.0,1.0,0.0,0.0,0.0,0.0,0.0,0.0,0.0,9.0,3.0,0.7499999375000053,8.0,1.0,1.0,0.0,0.0,0.0,0.0,0.0,0.0,0.0,0.0,0.0,0.0,2.289473684210526,0.2894736842105263,0.0,-0.8604649237120855
2021ABI__2021-05-21-ABI-S3__bot2p3 - Zoom Meeting - Room 2 2021-05-21 10-58-31_chunk2.mp4,2021ABI,2021-05-21-ABI-S3,2021-05-21-ABI-S3,1,10,middle,1.0,0.0,True,False,False,True,0.30952380952380953,0.0,0.0,1.0,0.0,3.0,1.0,0.0,0.0,0.0,3.0,2.0,3.0,1.0,1.0,1.0,1.0,1.0,0.0,1.0,0.0,0.0,1.0,,0.0,0.0,0.0,0.0,1.0,2.0,1.0,1.0,6.0,1.0,0.0,0.0,0.0,0.0,0.0,0.0,0.0,8.0,0.0,0.0,0.0,0.0,2.0,1.0,,,1.0,0.0,8.0,0.0,8000000.0,0.9999998750000157,0.0,0.0,0.0,0.0,0.0,0.0,0.0,0.0,0.0,0.0,0.0,0.0,4.0,4.0,0.4999999375000079,8.0,1.1428571428571428,1.0,0.0,0.0,0.0,0.0,0.0,0.0,1.8,0.0,0.8,0.6,2.3,0.3,0.0,1.3811285098447301
2021ABI__2021-05-21-ABI-S3__bot2p3 - Zoom Meeting - Room 2 2021-05-21 10-58-31_chunk3.mp4,2021ABI,2021-05-21-ABI-S3,2021-05-21-ABI-S3,2,10,middle,1.0,0.0,True,False,False,True,0.2969072164948454,0.0,0.0,1.0,0.0,3.0,1.0,0.0,0.0,0.0,2.0,2.0,3.0,1.0,1.0,0.0,1.0,1.0,0.0,0.0,0.0,0.0,0.0,,0.0,0.0,0.0,0.0,0.0,2.0,0.0,2.0,6.0,2.0,0.0,2.0,0.0,0.0,0.0,0.0,0.0,5.0,0.0,0.0,0.0,0.0,,,,,1.1666666666666667,0.16666666666666666,8.0,0.0,8000000.0,0.9999998750000157,0.0,0.0,0.0,0.0,0.0,0.0,0.0,0.0,0.0,0.0,0.0,0.0,4.0,1.0,0.799999840000032,7.0,1.1666666666666667,1.0,0.0,0.0,0.0,0.0,0.0,0.0,0.75,0.0,0.0,0.0,2.25,0.25,0.0,-0.4940719774851307
2021ABI__2021-05-21-ABI-S3__bot2p3 - Zoom Meeting - Room 2 2021-05-21 10-58-31_chunk4.mp4,2021ABI,2021-05-21-ABI-S3,2021-05-21-ABI-S3,3,10,middle,1.0,0.0,True,False,False,True,0.1611111111111112,0.0,0.0,1.0,0.0,3.0,1.0,0.0,0.0,0.0,3.0,2.0,3.0,1.0,1.0,1.0,1.0,1.0,0.0,1.0,0.0,0.0,1.0,3.0,1.0,1.0,1.0,0.0,0.0,1.0,2.0,5.0,8.0,17.0,2.0,0.0,2.0,4.0,0.0,0.0,0.0,8.0,0.0,0.0,0.0,0.0,2.0,1.0,2.0,1.0,1.5,0.5,23.0,7.0,3.2857138163265978,0.7666666411111119,0.0,0.0,0.0,0.0,0.0,0.0,0.0,0.0,0.0,1.0,0.0,1000000.0,3.0,5.0,0.3749999531250059,24.0,1.7142857142857142,1.0,0.0,0.0,0.0,0.0,0.0,0.0,0.0,0.0,0.0,0.0,2.2051282051282053,0.20512820512820512,0.0,-0.8604649237120855
2021ABI__2021-05-21-ABI-S3__bot2p3 - Zoom Meeting - Room 2 2021-05-21 10-58-31_chunk5.mp4,2021ABI,2021-05-21-ABI-S3,2021-05-21-ABI-S3,4,10,middle,1.0,0.0,True,False,False,True,0.28181818181818197,0.0,0.0,1.0,0.0,3.0,1.0,0.0,0.0,0.0,2.0,2.0,2.0,0.0,1.0,0.0,1.0,0.0,0.0,1.0,0.0,0.0,1.0,3.0,1.0,1.0,0.0,1.0,0.0,1.0,0.0,4.0,4.0,5.0,0.0,1.0,1.0,3.0,0.0,0.0,0.0,7.0,0.0,0.0,0.0,0.0,,,1.6666666666666667,0.6666666666666666,1.25,0.25,9.0,3.0,2.9999990000003334,0.7499999375000053,0.0,0.0,0.0,0.0,0.0,0.0,0.0,0.0,0.0,0.0,0.0,0.0,7.0,0.0,0.9999998571428775,10.0,1.4285714285714286,1.0,0.0,0.0,0.0,0.0,0.0,0.0,0.8888888888888888,0.0,0.0,0.0,2.3333333333333335,0.3333333333333333,0.0,-0.4262214318875465
2021ABI__2021-05-21-ABI-S3__bot2p3 - Zoom Meeting - Room 2 2021-05-21 10-58-31_chunk6.mp4,2021ABI,2021-05-21-ABI-S3,2021-05-21-ABI-S3,5,10,middle,1.0,0.0,True,False,False,True,0.32307692307692304,0.0,1.0,0.0,0.0,3.0,1.0,0.0,0.0,0.0,3.0,2.0,3.0,1.0,1.0,1.0,1.0,0.0,0.0,0.0,1.0,0.0,1.0,3.0,1.0,1.0,0.0,1.0,0.0,2.0,1.0,2.0,2.0,2.0,0.0,0.0,0.0,1.0,0.0,0.0,0.0,8.0,0.0,0.0,0.0,0.0,1.0,0.0,2.0,1.0,1.5,0.5,6.0,0.0,6000000.0,0.9999998333333611,0.0,0.0,0.0,0.0,0.0,0.0,0.0,0.0,0.0,0.0,0.0,0.0,7.0,1.0,0.8749998906250137,6.0,1.5,1.0,0.0,0.0,0.0,0.0,0.0,0.0,2.125,0.0,0.875,0.875,2.625,0.625,0.0,2.164263536073634
2021ABI__2021-05-21-ABI-S3__bot2p3 - Zoom Meeting - Room 2 2021-05-21 10-58-31_chunk7.mp4,2021ABI,2021-05-21-ABI-S3,2021-05-21-ABI-S3,6,10,middle,1.0,0.0,True,False,False,True,0.41504679625629937,0.0,1.0,0.0,0.0,3.0,1.0,0.0,0.0,0.0,3.0,2.0,3.0,1.0,1.0,0.0,1.0,0.0,0.0,0.0,0.0,0.0,0.0,,0.0,0.0,0.0,0.0,0.0,2.0,1.0,4.0,5.0,2.0,0.0,0.0,3.0,0.0,0.0,0.0,0.0,5.0,1.0,0.0,0.0,0.0,1.0,0.0,,,1.2,0.2,8.0,0.0,8000000.0,0.9999998750000157,0.0,0.0,0.0,0.0,1.0,0.0,0.0,0.0,0.0,0.0,0.0,0.0,4.0,1.0,0.799999840000032,7.0,1.1666666666666667,1.0,0.0,0.0,0.0,0.0,0.0,,,0.0,0.0,0.0,,,0.0,-0.6171441482000752
2021ABI__2021-05-21-ABI-S3__bot2p3 - Zoom Meeting - Room 2 2021-05-21 10-58-31_chunk8.mp4,2021ABI,2021-05-21-ABI-S3,2021-05-21-ABI-S3,7,10,middle,1.0,0.0,True,False,False,True,0.5545977011494252,1.0,1.0,0.0,0.0,3.0,1.0,0.0,0.0,0.0,3.0,2.0,2.0,0.0,1.0,0.0,1.0,0.0,0.0,0.0,0.0,0.0,0.0,,0.0,0.0,0.0,0.0,0.0,2.0,0.0,1.0,2.0,2.0,3.0,0.0,2.0,0.0,0.0,0.0,0.0,3.0,0.0,0.0,0.0,0.0,,,,,1.0,0.0,3.0,0.0,3000000.0,0.9999996666667778,0.0,0.0,0.0,0.0,0.0,0.0,0.0,0.0,0.0,1.0,0.0,1000000.0,3.0,0.0,0.9999996666667778,2.0,1.0,1.0,0.0,0.0,0.0,0.0,0.0,0.0,0.4,0.0,0.0,0.0,2.0,0.0,0.0,-0.6650553523910429
2021ABI__2021-05-21-ABI-S3__bot2p1 - Zoom Meeting 2021-05-21 10-57-57.mp4,2021ABI,2021-05-21-ABI-S3,2021-05-21-ABI-S3,8,10,middle,1.0,0.0,True,False,False,True,0.0,0.0,0.0,0.0,1.0,2.0,0.0,0.0,0.0,0.0,,2.0,0.0,0.0,0.0,0.0,0.0,0.0,0.0,0.0,0.0,0.0,0.0,,0.0,0.0,0.0,0.0,0.0,2.0,0.0,0.0,0.0,0.0,0.0,0.0,0.0,0.0,0.0,0.0,0.0,0.0,0.0,0.0,0.0,0.0,,,,,,,0.0,0.0,0.0,0.0,0.0,0.0,0.0,0.0,0.0,0.0,0.0,0.0,0.0,0.0,0.0,0.0,0.0,0.0,0.0,0.0,,,0.0,0.0,0.0,0.0,0.0,0.0,0.0,0.0,0.0,0.0,2.0,0.0,0.0,-0.8604649237120855
2021ABI__2021-05-21-ABI-S3__bot2p2 - Zoom Meeting 2021-05-21 10-58-22.mp4,2021ABI,2021-05-21-ABI-S3,2021-05-21-ABI-S3,9,10,end,1.0,0.0,True,False,False,True,0.0,1.0,0.0,0.0,1.0,1.0,0.0,0.0,0.0,0.0,,2.0,0.0,0.0,0.0,0.0,0.0,0.0,0.0,0.0,0.0,0.0,0.0,,0.0,0.0,0.0,0.0,0.0,2.0,0.0,1.0,0.0,0.0,0.0,0.0,0.0,0.0,0.0,0.0,0.0,1.0,0.0,0.0,0.0,0.0,,,,,,,0.0,0.0,0.0,0.0,0.0,0.0,0.0,0.0,0.0,0.0,0.0,0.0,0.0,0.0,0.0,0.0,0.0,1.0,0.0,0.0,,,0.0,0.0,0.0,0.0,0.0,0.0,0.0,0.0,0.0,0.0,2.0,0.0,1.0,-0.8604649237120855
2021ABI__2021-05-21-ABI-S4__bot3p2 - Zoom Meeting 2021-05-21 10-58-18_chunk1.mp4,2021ABI,2021-05-21-ABI-S4,2021-05-21-ABI-S4,0,9,beginning,2.0,0.0,True,False,False,True,0.271969696969697,0.0,0.0,0.0,1.0,3.0,0.0,0.0,0.0,0.0,,1.0,0.0,0.0,0.0,0.0,0.0,0.0,0.0,0.0,0.0,0.0,0.0,,0.0,0.0,0.0,0.0,1.0,2.0,0.0,0.0,9.0,0.0,1.0,0.0,2.0,0.0,0.0,0.0,0.0,10.0,0.0,0.0,0.0,0.0,,,,,1.0,0.0,9.0,0.0,9000000.0,0.9999998888889013,0.0,0.0,0.0,0.0,0.0,0.0,0.0,0.0,0.0,0.0,0.0,0.0,1.0,9.0,0.09999999000000101,9.0,1.0,1.0,0.0,0.0,0.0,0.0,0.0,0.0,0.0,0.0,0.0,0.0,2.0,0.0,0.0,-0.8604649237120855
2021ABI__2021-05-21-ABI-S4__bot3p2 - Zoom Meeting 2021-05-21 10-58-18_chunk2.mp4,2021ABI,2021-05-21-ABI-S4,2021-05-21-ABI-S4,1,9,middle,2.0,0.0,True,False,False,True,0.30999999999999983,0.0,0.0,1.0,0.0,3.0,1.0,0.0,0.0,0.0,2.0,1.0,3.0,1.0,1.0,1.0,1.0,1.0,1.0,0.0,1.0,0.0,1.0,,0.0,0.0,0.0,0.0,0.0,2.0,1.0,1.0,5.0,1.0,1.0,3.0,5.0,2.0,0.0,0.0,0.0,9.0,0.0,0.0,0.0,0.0,2.0,1.0,2.0,1.0,1.2,0.2,8.0,0.0,8000000.0,0.9999998750000157,0.0,0.0,0.0,0.0,0.0,0.0,0.0,0.0,1.0,1.0,0.0,1000000.0,5.0,4.0,0.5555554938271674,12.0,1.5,1.0,0.0,0.0,0.0,0.0,0.0,0.0,0.0,0.0,0.0,0.0,2.2857142857142856,0.2857142857142857,0.0,-0.8604649237120855
2021ABI__2021-05-21-ABI-S4__bot3p2 - Zoom Meeting 2021-05-21 10-58-18_chunk3.mp4,2021ABI,2021-05-21-ABI-S4,2021-05-21-ABI-S4,2,9,middle,2.0,0.0,True,False,False,True,0.12411347517730498,0.0,0.0,1.0,0.0,3.0,1.0,0.0,0.0,0.0,3.0,2.0,3.0,1.0,1.0,1.0,1.0,1.0,1.0,0.0,1.0,0.0,1.0,3.0,1.0,1.0,0.0,1.0,0.0,1.0,0.0,3.0,5.0,2.0,0.0,0.0,1.0,1.0,0.0,0.0,1.0,11.0,0.0,0.0,0.0,0.0,,,2.0,1.0,1.6,0.6,7.0,1.0,6.9999930000070005,0.8749998906250137,0.0,0.0,1.0,0.0,0.0,0.0,0.0,0.0,0.0,0.0,0.0,0.0,10.0,1.0,0.9090908264462886,10.0,1.6666666666666667,1.0,1.0,0.0,0.0,1000000.0,0.0,0.0,1.1538461538461537,0.0,0.07692307692307693,0.07692307692307693,2.5384615384615383,0.5384615384615384,0.0,-0.12213598559213917
2021ABI__2021-05-21-ABI-S4__bot3p2 - Zoom Meeting 2021-05-21 10-58-18_chunk4.mp4,2021ABI,2021-05-21-ABI-S4,2021-05-21-ABI-S4,3,9,middle,2.0,0.0,True,False,False,True,0.24210526315789482,0.0,0.0,1.0,0.0,3.0,1.0,0.0,0.0,0.0,3.0,2.0,3.0,1.0,1.0,1.0,1.0,0.0,0.0,0.0,0.0,0.0,0.0,,0.0,0.0,1.0,0.0,0.0,1.0,3.0,1.0,5.0,1.0,0.0,0.0,1.0,2.0,0.0,0.0,1.0,4.0,0.0,0.0,0.0,0.0,1.6666666666666667,0.6666666666666666,1.5,0.5,1.6,0.6,11.0,0.0,11000000.0,0.9999999090909174,0.0,0.0,1.0,0.0,0.0,0.0,0.0,0.0,0.0,0.0,0.0,0.0,3.0,1.0,0.7499998125000469,16.0,1.6,1.0,0.0,0.0,0.0,0.0,0.0,,,0.0,0.0,0.0,,,0.0,-0.6171441482000752
2021ABI__2021-05-21-ABI-S4__bot3p2 - Zoom Meeting 2021-05-21 10-58-18_chunk5.mp4,2021ABI,2021-05-21-ABI-S4,2021-05-21-ABI-S4,4,9,middle,2.0,0.0,True,False,False,True,0.11940298507462699,0.0,0.0,1.0,0.0,3.0,1.0,0.0,0.0,0.0,3.0,2.0,3.0,1.0,1.0,1.0,1.0,0.0,1.0,0.0,1.0,0.0,1.0,,0.0,0.0,0.0,1.0,0.0,1.0,2.0,2.0,5.0,5.0,2.0,0.0,0.0,2.0,0.0,0.0,0.0,9.0,0.0,0.0,0.0,0.0,1.5,0.5,2.0,1.0,1.0,0.0,13.0,1.0,12.999987000013,0.9285713622449028,0.0,0.0,0.0,0.0,0.0,0.0,0.0,0.0,0.0,0.0,0.0,0.0,9.0,0.0,0.9999998888889013,12.0,1.3333333333333333,1.0,0.0,0.0,0.0,0.0,0.0,0.0,0.0,0.0,0.0,0.0,2.0,0.0,0.0,-0.8604649237120855
2021ABI__2021-05-21-ABI-S4__bot3p2 - Zoom Meeting 2021-05-21 10-58-18_chunk6.mp4,2021ABI,2021-05-21-ABI-S4,2021-05-21-ABI-S4,5,9,middle,2.0,0.0,True,False,False,True,0.39229024943310664,0.0,0.0,1.0,0.0,3.0,1.0,1.0,0.0,0.0,3.0,3.0,3.0,1.0,1.0,1.0,1.0,0.0,1.0,1.0,0.0,0.0,1.0,3.0,1.0,1.0,1.0,1.0,0.0,1.0,3.0,4.0,7.0,6.0,3.0,0.0,1.0,0.0,0.0,0.0,0.0,7.0,0.0,0.0,0.0,0.0,2.0,1.0,,,1.5714285714285714,0.5714285714285714,14.0,2.0,6.99999650000175,0.8749999453125034,0.0,0.0,0.0,0.0,0.0,0.0,0.0,0.0,0.0,0.0,0.0,0.0,7.0,0.0,0.9999998571428775,17.0,1.7,1.0,0.0,0.0,0.0,0.0,0.0,0.0,1.0416666666666667,0.0,0.125,0.0,2.5416666666666665,0.5,0.0,-0.3515858317302038
2021ABI__2021-05-21-ABI-S4__bot3p2 - Zoom Meeting 2021-05-21 10-58-18_chunk7.mp4,2021ABI,2021-05-21-ABI-S4,2021-05-21-ABI-S4,6,9,middle,2.0,0.0,True,False,False,True,0.24137931034482762,0.0,0.0,1.0,0.0,3.0,1.0,0.0,0.0,0.0,3.0,3.0,3.0,1.0,1.0,0.0,1.0,0.0,1.0,0.0,1.0,0.0,1.0,3.0,1.0,1.0,1.0,0.0,1.0,2.0,5.0,1.0,3.0,3.0,1.0,0.0,3.0,2.0,0.0,0.0,0.0,18.0,0.0,0.0,0.0,0.0,1.6,0.6,2.0,1.0,0.6666666666666666,0.0,11.0,1.0,10.999989000011,0.9166665902777842,0.0,0.0,0.0,0.0,0.0,0.0,0.0,0.0,0.0,1.0,0.0,1000000.0,15.0,2.0,0.8823528892733594,14.0,1.4,0.9,0.0,0.0,0.0,0.0,0.0,0.0,0.8571428571428571,0.0,0.047619047619047616,0.0,2.761904761904762,0.7142857142857143,0.0,-0.44173012802413725
2021ABI__2021-05-21-ABI-S4__bot3p2 - Zoom Meeting 2021-05-21 10-58-18_chunk8.mp4,2021ABI,2021-05-21-ABI-S4,2021-05-21-ABI-S4,7,9,middle,2.0,0.0,True,False,False,True,0.4204545454545454,0.0,1.0,0.0,0.0,4.0,1.0,1.0,1.0,1.0,3.0,3.0,3.0,1.0,1.0,0.0,1.0,0.0,1.0,0.0,1.0,0.0,1.0,,0.0,0.0,0.0,0.0,0.0,2.0,5.0,2.0,2.0,5.0,6.0,1.0,1.0,2.0,0.0,0.0,1.0,5.0,1.0,0.0,0.0,0.0,1.4,0.4,2.0,1.0,0.5,0.0,14.0,0.0,14000000.0,0.9999999285714337,0.0,0.0,1.0,0.0,1.0,0.0,0.0,0.0,0.0,0.0,0.0,0.0,5.0,0.0,0.99999980000004,12.0,1.3333333333333333,0.8888888888888888,0.0,0.0,0.0,0.0,0.0,0.0,1.2916666666666667,0.125,0.7083333333333334,0.08333333333333333,2.5833333333333335,0.5833333333333334,0.0,0.45540115430644484
2021ABI__2021-05-21-ABI-S4__bot3p1 - Room 3   Zoom Meeting 2021-05-21 10-58-10.mp4,2021ABI,2021-05-21-ABI-S4,2021-05-21-ABI-S4,8,9,end,2.0,0.0,True,False,False,True,0.0,1.0,0.0,0.0,1.0,3.0,0.0,0.0,0.0,0.0,,3.0,0.0,0.0,0.0,0.0,1.0,0.0,0.0,0.0,0.0,0.0,0.0,,0.0,0.0,0.0,0.0,0.0,2.0,0.0,0.0,0.0,0.0,0.0,0.0,0.0,0.0,0.0,0.0,0.0,0.0,0.0,0.0,0.0,0.0,,,,,,,0.0,0.0,0.0,0.0,0.0,0.0,0.0,0.0,0.0,0.0,0.0,0.0,0.0,0.0,0.0,0.0,0.0,0.0,0.0,0.0,,,0.0,0.0,0.0,0.0,0.0,0.0,0.0,0.0,1.0,0.0,2.0,0.0,0.0,-0.8604649237120855
2021ABI__2021-05-20-ABI-S2__Bot 6 Zoom Meeting - Room 6 2021-05-20 12-36-53_chunk1.mp4,2021ABI,2021-05-20-ABI-S2,2021-05-20-ABI-S2,0,11,beginning,1.0,0.0,True,False,False,True,0.26254959461790595,0.0,0.0,1.0,0.0,3.0,0.0,0.0,0.0,0.0,1.0,1.0,0.0,0.0,0.0,0.0,0.0,0.0,0.0,0.0,0.0,0.0,0.0,,0.0,0.0,0.0,1.0,0.0,1.0,0.0,1.0,11.0,0.0,0.0,8.0,2.0,0.0,0.0,0.0,0.0,11.0,0.0,0.0,0.0,0.0,,,,,1.0,0.0,11.0,0.0,11000000.0,0.9999999090909174,0.0,0.0,0.0,0.0,0.0,0.0,0.0,0.0,0.0,0.0,0.0,0.0,0.0,11.0,0.0,10.0,1.0,1.0,0.0,0.0,0.0,0.0,0.0,0.0,0.0,0.0,0.0,0.0,2.0,0.0,0.0,-0.8604649237120855
2021ABI__2021-05-20-ABI-S2__Bot 6 Zoom Meeting - Room 6 2021-05-20 13-24-44_chunk1.mp4,2021ABI,2021-05-20-ABI-S2,2021-05-20-ABI-S2,1,11,middle,1.0,0.0,True,False,False,True,0.36949152542372876,0.0,0.0,0.0,0.0,3.0,1.0,1.0,1.0,1.0,3.0,2.0,3.0,1.0,1.0,1.0,1.0,1.0,0.0,0.0,1.0,0.0,1.0,3.0,1.0,1.0,0.0,0.0,0.0,1.0,14.0,6.0,2.0,8.0,8.0,0.0,8.0,0.0,0.0,0.0,1.0,4.0,0.0,0.0,0.0,0.0,1.5384615384615385,0.5384615384615384,,,1.0,0.0,23.0,0.0,23000000.0,0.999999956521741,0.0,0.0,1.0,0.0,0.0,0.0,0.0,0.0,0.0,1.0,0.0,1000000.0,3.0,1.0,0.7499998125000469,22.0,1.4666666666666666,1.0,0.0,0.0,0.0,0.0,0.0,,,0.0,0.0,0.0,,,0.0,-0.6171441482000752
2021ABI__2021-05-20-ABI-S2__Bot 6 Zoom Meeting - Room 6 2021-05-20 12-36-53_chunk2.mp4,2021ABI,2021-05-20-ABI-S2,2021-05-20-ABI-S2,2,11,middle,1.0,0.0,True,False,False,True,0.3168934240362813,0.0,1.0,0.0,0.0,3.0,1.0,0.0,0.0,0.0,4.0,3.0,3.0,1.0,1.0,0.0,1.0,0.0,0.0,0.0,1.0,0.0,1.0,3.0,1.0,1.0,0.0,1.0,1.0,2.0,5.0,3.0,6.0,7.0,1.0,0.0,3.0,1.0,0.0,0.0,0.0,8.0,1.0,0.0,0.0,0.0,,,,,,,16.0,3.0,5.333331555556148,0.8421052188365674,0.0,0.0,0.0,0.0,1.0,0.0,0.0,0.0,0.0,0.0,0.0,0.0,8.0,0.0,0.9999998750000157,0.0,,,0.0,0.0,0.0,0.0,0.0,0.0,0.75,0.03571428571428571,0.03571428571428571,0.0,2.25,0.2857142857142857,0.0,-0.3524563875681841
2021ABI__2021-05-20-ABI-S2__Bot 6 Zoom Meeting - Room 6 2021-05-20 13-24-44_chunk2.mp4,2021ABI,2021-05-20-ABI-S2,2021-05-20-ABI-S2,3,11,middle,1.0,0.0,True,False,False,True,0.27428571428571424,0.0,0.0,0.0,0.0,3.0,1.0,0.0,1.0,1.0,3.0,3.0,3.0,1.0,1.0,0.0,1.0,0.0,0.0,0.0,1.0,0.0,1.0,3.0,1.0,1.0,0.0,0.0,0.0,2.0,5.0,2.0,7.0,9.0,3.0,0.0,6.0,1.0,0.0,0.0,1.0,7.0,0.0,0.0,0.0,0.0,1.8,0.8,2.0,1.0,1.2857142857142858,0.2857142857142857,16.0,5.0,3.199999360000128,0.7619047256235845,0.0,0.0,1.0,0.0,0.0,0.0,0.0,0.0,0.0,0.0,0.0,0.0,6.0,1.0,0.857142734693895,20.0,1.5384615384615385,1.0,0.0,0.0,0.0,0.0,0.0,,,0.0,0.0,0.0,,,0.0,-0.6171441482000752
2021ABI__2021-05-20-ABI-S2__Bot 6 Zoom Meeting - Room 6 2021-05-20 12-36-53_chunk3.mp4,2021ABI,2021-05-20-ABI-S2,2021-05-20-ABI-S2,4,11,middle,1.0,0.0,True,False,False,True,0.3506420993858179,0.0,0.0,0.0,0.0,3.0,1.0,0.0,0.0,0.0,3.0,3.0,3.0,1.0,1.0,1.0,1.0,0.0,1.0,0.0,0.0,0.0,0.0,3.0,1.0,1.0,0.0,0.0,0.0,1.0,1.0,2.0,7.0,4.0,0.0,0.0,2.0,0.0,0.0,0.0,1.0,11.0,1.0,0.0,0.0,0.0,2.0,1.0,,,1.5714285714285714,0.5714285714285714,10.0,1.0,9.999990000010001,0.9090908264462886,0.0,0.0,1.0,0.0,1.0,0.0,0.0,0.0,0.0,0.0,0.0,0.0,7.0,4.0,0.636363578512402,13.0,1.625,1.0,0.0,0.0,0.0,0.0,0.0,0.0,1.4666666666666666,0.0,0.0,0.5333333333333333,2.4,0.4,0.0,1.066926049009181
2021ABI__2021-05-20-ABI-S2__Bot 6 Zoom Meeting - Room 6 2021-05-20 13-24-44_chunk3.mp4,2021ABI,2021-05-20-ABI-S2,2021-05-20-ABI-S2,5,11,middle,1.0,0.0,True,False,False,True,0.4040404040404042,1.0,0.0,0.0,0.0,3.0,1.0,0.0,0.0,0.0,3.0,3.0,3.0,1.0,0.0,0.0,1.0,0.0,0.0,0.0,0.0,0.0,0.0,3.0,1.0,1.0,0.0,0.0,1.0,1.0,1.0,0.0,2.0,2.0,0.0,0.0,0.0,0.0,0.0,0.0,1.0,6.0,0.0,0.0,0.0,0.0,2.0,1.0,,,1.0,0.0,3.0,1.0,2.9999970000030003,0.7499998125000469,0.0,0.0,1.0,0.0,0.0,0.0,0.0,0.0,0.0,0.0,0.0,0.0,1.0,1.0,0.499999750000125,4.0,1.3333333333333333,1.0,0.0,0.0,0.0,0.0,0.0,0.0,1.1666666666666667,0.0,0.0,0.0,2.1666666666666665,0.16666666666666666,0.0,-0.290520340692378
2021ABI__2021-05-20-ABI-S2__Bot 6 Zoom Meeting - Room 6 2021-05-20 12-36-53_chunk4.mp4,2021ABI,2021-05-20-ABI-S2,2021-05-20-ABI-S2,6,11,middle,1.0,0.0,True,False,False,True,0.43189368770764114,0.0,0.0,0.0,0.0,3.0,1.0,0.0,0.0,0.0,3.0,3.0,2.0,0.0,0.0,0.0,1.0,0.0,1.0,0.0,0.0,0.0,0.0,3.0,1.0,1.0,0.0,0.0,1.0,1.0,1.0,2.0,4.0,0.0,0.0,0.0,0.0,2.0,0.0,0.0,0.0,10.0,0.0,0.0,0.0,0.0,2.0,1.0,1.5,0.5,1.25,0.25,7.0,0.0,7000000.0,0.9999998571428775,0.0,0.0,0.0,0.0,0.0,0.0,0.0,0.0,0.0,0.0,0.0,0.0,6.0,4.0,0.599999940000006,10.0,1.4285714285714286,1.0,0.0,0.0,0.0,0.0,0.0,0.0,0.0,0.0,0.0,0.0,2.1818181818181817,0.2727272727272727,0.0,-0.8604649237120855
2021ABI__2021-05-20-ABI-S2__Bot 6 Zoom Meeting - Room 6 2021-05-20 12-36-53_chunk5.mp4,2021ABI,2021-05-20-ABI-S2,2021-05-20-ABI-S2,7,11,middle,1.0,0.0,True,False,False,True,0.4696969696969697,0.0,1.0,0.0,0.0,3.0,1.0,1.0,0.0,0.0,3.0,3.0,3.0,1.0,1.0,1.0,1.0,0.0,0.0,0.0,1.0,0.0,1.0,3.0,1.0,1.0,1.0,0.0,0.0,2.0,2.0,1.0,3.0,2.0,1.0,0.0,1.0,1.0,0.0,0.0,0.0,6.0,0.0,0.0,0.0,0.0,1.5,0.5,2.0,1.0,1.0,0.0,7.0,1.0,6.9999930000070005,0.8749998906250137,0.0,0.0,0.0,0.0,0.0,0.0,0.0,0.0,0.0,0.0,0.0,0.0,4.0,2.0,0.6666665555555741,8.0,1.3333333333333333,1.0,0.0,0.0,0.0,0.0,0.0,0.0,0.0,0.0,0.0,0.0,2.411764705882353,0.4117647058823529,0.0,-0.8604649237120855
2021ABI__2021-05-20-ABI-S2__Bot 6 Zoom Meeting - Room 6 2021-05-20 12-33-55.mp4,2021ABI,2021-05-20-ABI-S2,2021-05-20-ABI-S2,8,11,middle,1.0,0.0,True,False,False,True,0.26923076923076916,1.0,0.0,0.0,1.0,2.0,0.0,0.0,1.0,1.0,,3.0,0.0,0.0,0.0,0.0,1.0,0.0,0.0,0.0,0.0,0.0,0.0,,0.0,0.0,0.0,0.0,0.0,2.0,0.0,0.0,0.0,1.0,0.0,0.0,1.0,0.0,0.0,0.0,0.0,1.0,0.0,0.0,0.0,0.0,,,,,,,1.0,0.0,1000000.0,0.9999990000010001,0.0,0.0,0.0,0.0,0.0,0.0,0.0,0.0,0.0,0.0,0.0,0.0,1.0,0.0,0.9999990000010001,0.0,,,0.0,0.0,0.0,0.0,0.0,0.0,0.0,0.0,0.0,0.0,2.0,0.0,0.0,-0.8604649237120855
2021ABI__2021-05-20-ABI-S2__Bot 6 Zoom Meeting - Room 6 2021-05-20 12-34-24.mp4,2021ABI,2021-05-20-ABI-S2,2021-05-20-ABI-S2,9,11,middle,1.0,0.0,True,False,False,True,0.34375,0.0,0.0,0.0,1.0,3.0,0.0,0.0,1.0,1.0,,3.0,0.0,0.0,0.0,0.0,1.0,0.0,0.0,0.0,0.0,0.0,0.0,,0.0,0.0,0.0,0.0,0.0,2.0,0.0,0.0,0.0,0.0,0.0,0.0,8.0,0.0,0.0,0.0,0.0,2.0,0.0,0.0,0.0,0.0,,,,,,,0.0,0.0,0.0,0.0,0.0,0.0,0.0,0.0,0.0,0.0,0.0,0.0,0.0,0.0,0.0,0.0,2.0,0.0,0.99999950000025,0.0,,,0.0,0.0,0.0,0.0,0.0,0.0,0.0,0.0,0.0,0.0,2.0,0.0,0.0,-0.8604649237120855
2021ABI__2021-05-20-ABI-S2__Bot 6 Zoom Meeting - Room 6 2021-05-20 12-36-18.mp4,2021ABI,2021-05-20-ABI-S2,2021-05-20-ABI-S2,10,11,end,1.0,0.0,True,False,False,True,0.25,0.0,0.0,0.0,1.0,3.0,0.0,0.0,0.0,0.0,,3.0,0.0,0.0,0.0,0.0,0.0,0.0,0.0,0.0,0.0,0.0,1.0,,0.0,0.0,0.0,0.0,0.0,2.0,0.0,0.0,1.0,0.0,0.0,1.0,2.0,0.0,0.0,0.0,0.0,1.0,0.0,0.0,0.0,0.0,,,,,1.0,0.0,1.0,0.0,1000000.0,0.9999990000010001,0.0,0.0,0.0,0.0,0.0,0.0,0.0,0.0,0.0,0.0,0.0,0.0,0.0,1.0,0.0,1.0,1.0,1.0,0.0,0.0,0.0,0.0,0.0,0.0,1.0,0.0,1.0,0.0,2.0,0.0,0.0,-0.37194099540947906
2021ABI__2021-05-21-ABI-S7__botB1 - 2021-05-21 10-58-58_chunk1.mp4,2021ABI,2021-05-21-ABI-S7,2021-05-21-ABI-S7,0,8,beginning,3.0,1.0,True,True,True,True,0.09666666666666668,0.0,0.0,1.0,0.0,3.0,1.0,0.0,0.0,0.0,2.0,1.0,3.0,1.0,1.0,1.0,0.0,0.0,0.0,0.0,0.0,0.0,0.0,,0.0,0.0,0.0,0.0,0.0,2.0,0.0,0.0,4.0,0.0,0.0,0.0,3.0,1.0,0.0,0.0,0.0,6.0,0.0,0.0,0.0,0.0,,,1.0,0.0,1.0,0.0,5.0,0.0,5000000.0,0.99999980000004,0.0,0.0,0.0,0.0,0.0,0.0,0.0,0.0,0.0,0.0,0.0,0.0,2.0,4.0,0.33333327777778704,5.0,1.0,1.0,0.0,0.0,0.0,0.0,0.0,0.0,1.5714285714285714,0.0,0.8571428571428571,0.0,2.142857142857143,0.14285714285714285,0.14285714285714285,-0.09278446495084684
2021ABI__2021-05-21-ABI-S7__botB1 - 2021-05-21 10-58-58_chunk2.mp4,2021ABI,2021-05-21-ABI-S7,2021-05-21-ABI-S7,1,8,middle,3.0,1.0,True,True,True,True,0.36414565826330536,0.0,0.0,1.0,0.0,3.0,1.0,0.0,0.0,0.0,2.0,1.0,3.0,1.0,1.0,1.0,1.0,1.0,1.0,0.0,0.0,0.0,0.0,,0.0,0.0,0.0,0.0,0.0,1.0,3.0,0.0,6.0,0.0,0.0,0.0,0.0,0.0,0.0,0.0,1.0,6.0,1.0,0.0,0.0,0.0,2.0,1.0,,,1.0,0.0,9.0,0.0,9000000.0,0.9999998888889013,0.0,0.0,1.0,0.0,1.0,0.0,0.0,0.0,0.0,0.0,0.0,0.0,5.0,1.0,0.8333331944444675,12.0,1.3333333333333333,1.0,0.0,0.0,0.0,0.0,0.0,0.0,1.0909090909090908,0.0,0.45454545454545453,0.0,2.4545454545454546,0.45454545454545453,0.0,-0.3275297292001513
2021ABI__2021-05-21-ABI-S7__botB1 - 2021-05-21 10-58-58_chunk3.mp4,2021ABI,2021-05-21-ABI-S7,2021-05-21-ABI-S7,2,8,middle,3.0,1.0,True,True,True,True,0.5165289256198347,1.0,0.0,1.0,0.0,3.0,1.0,0.0,1.0,1.0,4.0,2.0,3.0,1.0,1.0,1.0,1.0,1.0,0.0,0.0,0.0,0.0,0.0,,0.0,0.0,0.0,0.0,0.0,1.0,1.0,2.0,3.0,2.0,0.0,1.0,1.0,0.0,0.0,0.0,1.0,8.0,0.0,0.0,0.0,0.0,1.0,0.0,,,2.0,1.0,5.0,1.0,4.999995000005001,0.8333331944444675,0.0,0.0,1.0,0.0,0.0,0.0,0.0,0.0,0.0,0.0,0.0,0.0,6.0,1.0,0.857142734693895,7.0,1.75,1.0,0.0,0.0,0.0,0.0,0.0,0.0,1.0,0.0,0.6666666666666666,0.0,2.4444444444444446,0.4444444444444444,0.0,-0.37194099540947906
2021ABI__2021-05-21-ABI-S7__botB1 - 2021-05-21 10-58-58_chunk4.mp4,2021ABI,2021-05-21-ABI-S7,2021-05-21-ABI-S7,3,8,middle,3.0,1.0,True,True,True,True,0.3931017612524461,0.0,1.0,0.0,0.0,3.0,1.0,1.0,0.0,0.0,4.0,3.0,3.0,1.0,1.0,1.0,1.0,1.0,0.0,0.0,1.0,0.0,1.0,,0.0,0.0,0.0,0.0,0.0,2.0,2.0,4.0,9.0,3.0,0.0,0.0,0.0,2.0,0.0,0.0,0.0,3.0,0.0,0.0,0.0,0.0,2.0,1.0,2.0,1.0,1.4444444444444444,0.4444444444444444,14.0,0.0,14000000.0,0.9999999285714337,0.0,0.0,0.0,0.0,0.0,0.0,0.0,0.0,0.0,2.0,0.0,2000000.0,1.0,2.0,0.33333322222225925,21.0,1.6153846153846154,1.0,0.0,0.0,0.0,0.0,0.0,0.0,0.5882352941176471,0.0,0.058823529411764705,0.0,2.2941176470588234,0.29411764705882354,0.0,-0.5730979070634935
2021ABI__2021-05-21-ABI-S7__botB1 - 2021-05-21 10-58-58_chunk5.mp4,2021ABI,2021-05-21-ABI-S7,2021-05-21-ABI-S7,4,8,middle,3.0,1.0,True,True,True,True,0.24931129476584024,0.0,0.0,1.0,0.0,3.0,1.0,0.0,0.0,0.0,4.0,2.0,3.0,1.0,1.0,0.0,1.0,0.0,0.0,0.0,0.0,0.0,0.0,3.0,1.0,1.0,0.0,0.0,0.0,1.0,4.0,1.0,2.0,6.0,0.0,0.0,2.0,1.0,0.0,0.0,0.0,16.0,0.0,0.0,0.0,0.0,1.5,0.5,1.0,0.0,1.0,0.0,8.0,3.0,2.666665777778074,0.7272726611570308,0.0,0.0,0.0,0.0,0.0,0.0,0.0,0.0,0.0,2.0,0.0,2000000.0,5.0,10.0,0.3333333111111126,9.0,1.2857142857142858,1.0,0.0,0.0,0.0,0.0,0.0,0.0,1.1875,0.0,0.0625,0.0,2.0,0.0,0.0,-0.28034275885274035
2021ABI__2021-05-21-ABI-S7__botB1 - 2021-05-21 10-58-58_chunk6.mp4,2021ABI,2021-05-21-ABI-S7,2021-05-21-ABI-S7,5,8,middle,3.0,1.0,True,True,True,True,0.4421052631578948,1.0,0.0,1.0,0.0,3.0,1.0,0.0,1.0,1.0,4.0,2.0,3.0,1.0,1.0,0.0,1.0,0.0,0.0,0.0,0.0,0.0,0.0,,0.0,0.0,0.0,0.0,0.0,1.0,1.0,2.0,3.0,0.0,0.0,0.0,0.0,0.0,0.0,0.0,0.0,6.0,0.0,0.0,0.0,0.0,1.0,0.0,,,1.6666666666666667,0.6666666666666666,4.0,0.0,4000000.0,0.9999997500000625,0.0,0.0,0.0,0.0,0.0,0.0,0.0,0.0,0.0,0.0,0.0,0.0,5.0,1.0,0.8333331944444675,6.0,1.5,1.0,0.0,0.0,0.0,0.0,0.0,0.0,0.0,0.0,0.0,0.0,2.5,0.5,0.0,-0.8604649237120855
2021ABI__2021-05-21-ABI-S7__botB1 - 2021-05-21 10-58-58_chunk7.mp4,2021ABI,2021-05-21-ABI-S7,2021-05-21-ABI-S7,6,8,middle,3.0,1.0,True,True,True,True,0.21913580246913567,0.0,0.0,1.0,0.0,3.0,1.0,0.0,0.0,0.0,3.0,2.0,3.0,1.0,1.0,1.0,1.0,0.0,0.0,0.0,0.0,0.0,0.0,,0.0,0.0,0.0,0.0,0.0,1.0,1.0,2.0,3.0,4.0,2.0,0.0,15.0,1.0,0.0,0.0,0.0,12.0,0.0,0.0,0.0,0.0,2.0,1.0,1.0,0.0,1.3333333333333333,0.3333333333333333,9.0,0.0,9000000.0,0.9999998888889013,0.0,0.0,0.0,0.0,0.0,0.0,0.0,0.0,0.0,0.0,0.0,0.0,8.0,4.0,0.6666666111111158,7.0,1.4,1.0,0.0,0.0,0.0,0.0,0.0,0.0,0.0,0.0,0.0,0.0,2.4615384615384617,0.46153846153846156,0.03571428571428571,-0.8604649237120855
2021ABI__2021-05-21-ABI-S7__botB1 - 2021-05-21 10-58-58_chunk8.mp4,2021ABI,2021-05-21-ABI-S7,2021-05-21-ABI-S7,7,8,end,3.0,1.0,True,True,True,True,0.3378463476070528,0.0,0.0,1.0,0.0,3.0,1.0,0.0,0.0,0.0,2.0,2.0,3.0,1.0,1.0,1.0,1.0,0.0,0.0,0.0,1.0,0.0,1.0,,0.0,0.0,0.0,0.0,0.0,1.0,2.0,1.0,4.0,3.0,2.0,2.0,2.0,2.0,0.0,0.0,0.0,17.0,0.0,0.0,0.0,0.0,1.5,0.5,1.5,0.5,1.75,0.75,9.0,1.0,8.999991000009,0.8999999100000091,0.0,0.0,0.0,0.0,0.0,0.0,0.0,0.0,0.0,0.0,0.0,0.0,16.0,1.0,0.9411764152249167,13.0,1.625,1.0,0.0,0.0,0.0,0.0,0.0,0.0,0.7777777777777778,0.0,0.0,0.0,2.2222222222222223,0.2222222222222222,0.0,-0.4805018683656139
2021ABI__2021-05-20-ABI-S4__bot2p2 - Zoom Meeting 2021-05-20 12-37-07_chunk1.mp4,2021ABI,2021-05-20-ABI-S4,2021-05-20-ABI-S4,0,8,beginning,2.0,2.0,True,True,True,True,0.38961038961038974,0.0,0.0,1.0,0.0,3.0,0.0,0.0,0.0,0.0,1.0,1.0,0.0,0.0,0.0,0.0,0.0,0.0,0.0,0.0,0.0,0.0,0.0,,0.0,0.0,0.0,0.0,0.0,1.0,0.0,3.0,11.0,1.0,0.0,0.0,4.0,1.0,0.0,0.0,0.0,11.0,0.0,0.0,0.0,0.0,,,1.0,0.0,1.0,0.0,12.0,1.0,11.999988000012001,0.9230768520710114,0.0,0.0,0.0,0.0,0.0,0.0,0.0,0.0,0.0,0.0,0.0,0.0,1.0,10.0,0.09090908264462885,12.0,1.0,1.0,0.0,0.0,0.0,0.0,0.0,0.0,0.0,0.0,0.0,0.0,2.0,0.0,0.0,-0.8604649237120855
2021ABI__2021-05-20-ABI-S4__bot2p2 - Zoom Meeting 2021-05-20 12-37-07_chunk2.mp4,2021ABI,2021-05-20-ABI-S4,2021-05-20-ABI-S4,1,8,middle,2.0,2.0,True,True,True,True,0.31321839080459757,0.0,0.0,0.0,0.0,3.0,1.0,1.0,0.0,0.0,2.0,2.0,2.0,0.0,0.0,0.0,1.0,1.0,0.0,0.0,0.0,0.0,0.0,3.0,1.0,1.0,0.0,0.0,0.0,1.0,3.0,2.0,4.0,5.0,1.0,0.0,3.0,4.0,0.0,1.0,0.0,7.0,0.0,0.0,0.0,0.0,2.0,1.0,2.0,1.0,1.5,0.5,15.0,1.0,14.999985000015002,0.9374999414062536,1.0,1.0,0.0,0.0,0.0,0.0,0.0,0.0,0.0,0.0,0.0,0.0,6.0,1.0,0.857142734693895,20.0,1.8181818181818181,1.0,0.0,0.0,0.0,0.0,0.0,0.0,1.3,0.0,0.0,0.0,2.25,0.25,0.0,-0.22538381691869713
2021ABI__2021-05-20-ABI-S4__bot2p2 - Zoom Meeting 2021-05-20 12-37-07_chunk3.mp4,2021ABI,2021-05-20-ABI-S4,2021-05-20-ABI-S4,2,8,middle,2.0,2.0,True,True,True,True,0.4181818181818182,0.0,0.0,0.0,0.0,3.0,1.0,0.0,0.0,0.0,3.0,2.0,3.0,1.0,1.0,1.0,1.0,0.0,0.0,1.0,0.0,0.0,1.0,3.0,1.0,1.0,1.0,0.0,0.0,1.0,1.0,1.0,1.0,3.0,0.0,0.0,0.0,4.0,0.0,0.0,1.0,10.0,0.0,0.0,0.0,0.0,1.0,0.0,2.0,1.0,2.0,1.0,7.0,2.0,3.499998250000875,0.7777776913580343,0.0,0.0,1.0,0.0,0.0,0.0,0.0,0.0,0.0,0.0,0.0,0.0,9.0,1.0,0.8999999100000091,11.0,1.8333333333333333,1.0,0.0,0.0,0.0,0.0,0.0,0.0,1.9,0.1,0.9,0.0,2.4,0.4,0.0,0.46425419183031735
2021ABI__2021-05-20-ABI-S4__bot2p2 - Zoom Meeting 2021-05-20 12-37-07_chunk4.mp4,2021ABI,2021-05-20-ABI-S4,2021-05-20-ABI-S4,3,8,middle,2.0,2.0,True,True,True,True,0.2857142857142856,0.0,0.0,0.0,0.0,3.0,1.0,0.0,0.0,0.0,3.0,2.0,3.0,1.0,1.0,1.0,1.0,0.0,1.0,0.0,1.0,0.0,1.0,3.0,1.0,1.0,1.0,0.0,0.0,1.0,2.0,1.0,5.0,2.0,3.0,1.0,2.0,2.0,0.0,0.0,1.0,4.0,1.0,0.0,0.0,0.0,2.0,1.0,1.5,0.5,1.2,0.2,10.0,1.0,9.999990000010001,0.9090908264462886,0.0,0.0,1.0,0.0,1.0,0.0,0.0,0.0,1.0,0.0,0.0,0.0,4.0,0.0,0.9999997500000625,13.0,1.4444444444444444,1.0,0.0,0.0,0.0,0.0,0.0,0.0,0.0,0.058823529411764705,0.0,0.058823529411764705,2.411764705882353,0.4117647058823529,0.058823529411764705,-0.4936617596712202
2021ABI__2021-05-20-ABI-S4__bot2p2 - Zoom Meeting 2021-05-20 12-37-07_chunk5.mp4,2021ABI,2021-05-20-ABI-S4,2021-05-20-ABI-S4,4,8,middle,2.0,2.0,True,True,True,True,0.5661157024793388,1.0,1.0,0.0,0.0,3.0,1.0,0.0,0.0,0.0,3.0,3.0,3.0,1.0,1.0,1.0,1.0,0.0,1.0,0.0,1.0,0.0,1.0,3.0,1.0,1.0,0.0,1.0,0.0,2.0,2.0,2.0,6.0,4.0,0.0,1.0,1.0,4.0,0.0,0.0,0.0,20.0,0.0,0.0,0.0,0.0,1.0,0.0,2.0,1.0,1.0,0.0,13.0,3.0,4.33333188888937,0.8124999492187531,0.0,0.0,0.0,0.0,0.0,0.0,0.0,0.0,0.0,0.0,0.0,0.0,12.0,7.0,0.6315789141274255,16.0,1.3333333333333333,1.0,0.0,0.0,0.0,0.0,0.0,0.0,0.0,0.0,0.0,0.0,2.0,0.0,0.0,-0.8604649237120855
2021ABI__2021-05-20-ABI-S4__bot2p2 - Zoom Meeting 2021-05-20 12-37-07_chunk6.mp4,2021ABI,2021-05-20-ABI-S4,2021-05-20-ABI-S4,5,8,middle,2.0,2.0,True,True,True,True,0.47066666666666657,0.0,0.0,0.0,0.0,3.0,1.0,0.0,1.0,1.0,3.0,3.0,3.0,1.0,1.0,1.0,1.0,0.0,0.0,0.0,1.0,0.0,1.0,3.0,1.0,1.0,0.0,0.0,0.0,1.0,1.0,2.0,4.0,3.0,1.0,1.0,3.0,4.0,0.0,0.0,0.0,17.0,0.0,0.0,0.0,0.0,1.0,0.0,1.25,0.25,1.75,0.75,9.0,3.0,2.9999990000003334,0.7499999375000053,0.0,0.0,0.0,0.0,0.0,0.0,0.0,0.0,0.0,0.0,0.0,0.0,9.0,8.0,0.5294117335640156,13.0,1.4444444444444444,1.0,0.0,0.0,0.0,0.0,0.0,0.0,0.0,0.0,0.0,0.0,2.128205128205128,0.1282051282051282,0.05128205128205128,-0.8604649237120855
2021ABI__2021-05-20-ABI-S4__bot2p2 - Zoom Meeting 2021-05-20 12-37-07_chunk7.mp4,2021ABI,2021-05-20-ABI-S4,2021-05-20-ABI-S4,6,8,middle,2.0,2.0,True,True,True,True,0.4454545454545453,0.0,0.0,0.0,0.0,3.0,1.0,0.0,0.0,0.0,3.0,3.0,3.0,1.0,1.0,0.0,1.0,0.0,0.0,0.0,1.0,0.0,1.0,3.0,1.0,1.0,0.0,1.0,0.0,2.0,6.0,0.0,5.0,7.0,1.0,0.0,3.0,4.0,0.0,0.0,0.0,26.0,0.0,0.0,0.0,0.0,1.5,0.5,1.75,0.75,1.0,0.2,16.0,5.0,3.199999360000128,0.7619047256235845,0.0,0.0,0.0,0.0,0.0,0.0,0.0,0.0,2.0,1.0,0.0,1000000.0,8.0,18.0,0.30769229585798863,21.0,1.4,0.9333333333333333,0.0,0.0,0.0,0.0,0.0,0.0,0.0,0.0,0.0,0.0,2.0,0.0,0.0,-0.8604649237120855
2021ABI__2021-05-20-ABI-S4__bot2p1 - Zoom Meeting 2021-05-20 12-35-31.mp4,2021ABI,2021-05-20-ABI-S4,2021-05-20-ABI-S4,7,8,end,2.0,2.0,True,True,True,True,0.26666666666666683,1.0,0.0,0.0,1.0,3.0,0.0,0.0,0.0,0.0,,3.0,0.0,0.0,0.0,0.0,0.0,0.0,0.0,0.0,0.0,0.0,0.0,,0.0,0.0,0.0,0.0,0.0,2.0,0.0,0.0,2.0,0.0,1.0,0.0,1.0,0.0,0.0,0.0,0.0,2.0,0.0,0.0,0.0,0.0,,,,,1.0,0.0,2.0,0.0,2000000.0,0.99999950000025,0.0,0.0,0.0,0.0,0.0,0.0,0.0,0.0,0.0,0.0,0.0,0.0,0.0,2.0,0.0,2.0,1.0,1.0,0.0,0.0,0.0,0.0,0.0,0.0,0.0,0.0,0.0,0.0,2.0,0.0,0.0,-0.8604649237120855
2021ABI__2021-05-21-ABI-S10__bot2p2 - Zoom Meeting - Room 2 2021-05-21 13-10-25_chunk1.mp4,2021ABI,2021-05-21-ABI-S10,2021-05-21-ABI-S10,0,8,beginning,0.0,0.0,False,False,False,True,0.32614942528735624,0.0,0.0,0.0,1.0,3.0,0.0,0.0,0.0,0.0,,1.0,0.0,0.0,0.0,0.0,0.0,0.0,0.0,0.0,0.0,0.0,0.0,,0.0,0.0,0.0,0.0,0.0,2.0,0.0,0.0,10.0,0.0,0.0,0.0,3.0,0.0,0.0,0.0,0.0,10.0,0.0,0.0,0.0,0.0,,,,,1.0,0.0,10.0,0.0,10000000.0,0.99999990000001,0.0,0.0,0.0,0.0,0.0,0.0,0.0,0.0,0.0,0.0,0.0,0.0,0.0,10.0,0.0,10.0,1.0,1.0,0.0,0.0,0.0,0.0,0.0,0.0,0.0,0.0,0.0,0.0,2.076923076923077,0.07692307692307693,0.0,-0.8604649237120855
2021ABI__2021-05-21-ABI-S10__bot2p2 - Zoom Meeting - Room 2 2021-05-21 13-10-25_chunk2.mp4,2021ABI,2021-05-21-ABI-S10,2021-05-21-ABI-S10,1,8,middle,0.0,0.0,False,False,False,True,0.3666666666666667,0.0,0.0,1.0,0.0,3.0,1.0,0.0,0.0,0.0,2.0,2.0,3.0,1.0,0.0,0.0,1.0,1.0,1.0,0.0,1.0,0.0,1.0,3.0,1.0,1.0,0.0,0.0,0.0,2.0,1.0,2.0,5.0,2.0,1.0,0.0,4.0,2.0,0.0,0.0,1.0,4.0,0.0,0.0,0.0,0.0,,,2.0,1.0,1.6,0.6,8.0,0.0,8000000.0,0.9999998750000157,0.0,0.0,1.0,0.0,0.0,0.0,0.0,0.0,0.0,0.0,0.0,0.0,1.0,3.0,0.24999993750001562,10.0,1.6666666666666667,1.0,0.0,0.0,0.0,0.0,0.0,,,0.0,0.0,0.0,,,0.0,-0.6171441482000752
2021ABI__2021-05-21-ABI-S10__bot2p2 - Zoom Meeting - Room 2 2021-05-21 13-10-25_chunk3.mp4,2021ABI,2021-05-21-ABI-S10,2021-05-21-ABI-S10,2,8,middle,0.0,0.0,False,False,False,True,0.3928571428571428,1.0,0.0,1.0,0.0,3.0,1.0,0.0,0.0,0.0,2.0,2.0,3.0,1.0,0.0,0.0,1.0,1.0,0.0,0.0,0.0,0.0,0.0,3.0,1.0,1.0,0.0,0.0,0.0,1.0,1.0,4.0,5.0,3.0,1.0,2.0,0.0,3.0,0.0,0.0,0.0,3.0,0.0,0.0,0.0,0.0,2.0,1.0,2.0,1.0,1.6,0.6,10.0,0.0,10000000.0,0.99999990000001,0.0,0.0,0.0,0.0,0.0,0.0,0.0,0.0,0.0,2.0,0.0,2000000.0,1.0,2.0,0.33333322222225925,16.0,1.7777777777777777,1.0,0.0,0.0,0.0,0.0,0.0,0.0,0.0,0.0,0.0,0.0,2.1,0.1,0.0,-0.8604649237120855
2021ABI__2021-05-21-ABI-S10__bot2p2 - Zoom Meeting - Room 2 2021-05-21 13-10-25_chunk4.mp4,2021ABI,2021-05-21-ABI-S10,2021-05-21-ABI-S10,3,8,middle,0.0,0.0,False,False,False,True,0.22404371584699456,0.0,0.0,1.0,0.0,3.0,1.0,0.0,0.0,0.0,2.0,2.0,3.0,1.0,1.0,1.0,1.0,0.0,1.0,0.0,1.0,0.0,1.0,,0.0,0.0,0.0,1.0,0.0,1.0,2.0,1.0,5.0,3.0,0.0,0.0,1.0,3.0,0.0,0.0,0.0,8.0,0.0,0.0,0.0,0.0,1.5,0.5,1.3333333333333333,0.3333333333333333,1.4,0.4,12.0,1.0,11.999988000012001,0.9230768520710114,0.0,0.0,0.0,0.0,0.0,0.0,0.0,0.0,0.0,0.0,0.0,0.0,6.0,2.0,0.7499999062500118,14.0,1.4,1.0,0.0,0.0,0.0,0.0,0.0,0.0,0.0,0.0,0.0,0.0,2.4,0.4,0.0,-0.8604649237120855
2021ABI__2021-05-21-ABI-S10__bot2p2 - Zoom Meeting - Room 2 2021-05-21 13-10-25_chunk5.mp4,2021ABI,2021-05-21-ABI-S10,2021-05-21-ABI-S10,4,8,middle,0.0,0.0,False,False,False,True,0.31170483460559795,0.0,1.0,0.0,0.0,3.0,1.0,0.0,0.0,0.0,3.0,3.0,3.0,1.0,0.0,0.0,1.0,0.0,0.0,0.0,1.0,0.0,1.0,,0.0,0.0,0.0,0.0,0.0,2.0,1.0,1.0,2.0,0.0,0.0,2.0,3.0,1.0,0.0,0.0,0.0,8.0,0.0,0.0,0.0,0.0,2.0,1.0,2.0,1.0,1.0,0.0,4.0,0.0,4000000.0,0.9999997500000625,0.0,0.0,0.0,0.0,0.0,0.0,0.0,0.0,0.0,0.0,0.0,0.0,7.0,1.0,0.8749998906250137,6.0,1.5,1.0,0.0,0.0,0.0,0.0,0.0,0.0,0.0,0.0,0.0,0.0,2.3,0.3,0.0,-0.8604649237120855
2021ABI__2021-05-21-ABI-S10__bot2p2 - Zoom Meeting - Room 2 2021-05-21 13-10-25_chunk6.mp4,2021ABI,2021-05-21-ABI-S10,2021-05-21-ABI-S10,5,8,middle,0.0,0.0,False,False,False,True,0.34285714285714297,0.0,1.0,0.0,0.0,3.0,1.0,0.0,0.0,0.0,3.0,3.0,3.0,1.0,1.0,0.0,1.0,0.0,1.0,0.0,0.0,0.0,0.0,3.0,1.0,1.0,1.0,0.0,0.0,2.0,6.0,0.0,2.0,4.0,2.0,1.0,3.0,6.0,0.0,0.0,1.0,2.0,0.0,0.0,0.0,0.0,1.1666666666666667,0.16666666666666666,1.3333333333333333,0.3333333333333333,1.5,0.5,18.0,0.0,18000000.0,0.9999999444444475,0.0,0.0,1.0,0.0,0.0,0.0,0.0,0.0,0.0,0.0,0.0,0.0,2.0,0.0,0.99999950000025,18.0,1.2857142857142858,1.0,0.0,0.0,0.0,0.0,0.0,,,0.0,0.0,0.0,,,0.0,-0.6171441482000752
2021ABI__2021-05-21-ABI-S10__bot2p2 - Zoom Meeting - Room 2 2021-05-21 13-10-25_chunk7.mp4,2021ABI,2021-05-21-ABI-S10,2021-05-21-ABI-S10,6,8,middle,0.0,0.0,False,False,False,True,0.4698581560283688,1.0,0.0,0.0,1.0,3.0,0.0,0.0,0.0,0.0,,3.0,0.0,0.0,0.0,0.0,1.0,0.0,1.0,0.0,1.0,0.0,1.0,,0.0,0.0,0.0,0.0,0.0,2.0,0.0,2.0,5.0,3.0,7.0,1.0,4.0,1.0,0.0,0.0,0.0,2.0,0.0,0.0,0.0,0.0,,,2.0,1.0,0.8,0.2,9.0,0.0,9000000.0,0.9999998888889013,0.0,0.0,0.0,0.0,0.0,0.0,0.0,0.0,0.0,0.0,0.0,0.0,1.0,1.0,0.499999750000125,6.0,1.0,0.6666666666666666,0.0,0.0,0.0,0.0,0.0,0.0,0.0,0.0,0.0,0.0,2.1666666666666665,0.16666666666666666,0.0,-0.8604649237120855
2021ABI__2021-05-21-ABI-S10__bot2p1 - Zoom Meeting - Room 2 2021-05-21 13-10-10.mp4,2021ABI,2021-05-21-ABI-S10,2021-05-21-ABI-S10,7,8,end,0.0,0.0,False,False,False,True,0.0,1.0,0.0,0.0,1.0,2.0,0.0,0.0,0.0,0.0,,3.0,0.0,0.0,0.0,0.0,1.0,0.0,0.0,0.0,0.0,0.0,0.0,,0.0,0.0,0.0,0.0,0.0,2.0,0.0,0.0,0.0,0.0,0.0,0.0,1.0,0.0,0.0,0.0,0.0,1.0,0.0,0.0,0.0,0.0,,,,,,,0.0,0.0,0.0,0.0,0.0,0.0,0.0,0.0,0.0,0.0,0.0,0.0,0.0,0.0,0.0,0.0,1.0,0.0,0.9999990000010001,0.0,,,0.0,0.0,0.0,0.0,0.0,0.0,0.0,0.0,0.0,0.0,2.0,0.0,0.0,-0.8604649237120855
2021ABI__2021-05-20-ABI-S6__bot4 - Breakout Room 4 2021-05-20 12-33-49_chunk1.mp4,2021ABI,2021-05-20-ABI-S6,2021-05-20-ABI-S6,0,8,beginning,2.0,1.0,True,True,True,True,0.27171215880893307,0.0,0.0,0.0,1.0,3.0,0.0,0.0,0.0,0.0,1.0,1.0,0.0,0.0,0.0,0.0,0.0,0.0,0.0,0.0,0.0,0.0,1.0,,0.0,0.0,0.0,0.0,0.0,2.0,0.0,4.0,15.0,4.0,1.0,0.0,7.0,0.0,0.0,0.0,0.0,14.0,0.0,0.0,0.0,0.0,,,,,1.0,0.0,17.0,2.0,8.499995750002125,0.8947367950138528,0.0,0.0,0.0,0.0,0.0,0.0,0.0,0.0,0.0,0.0,0.0,0.0,7.0,7.0,0.49999996428571686,13.0,1.0,1.0,0.0,0.0,0.0,0.0,0.0,0.0,0.0,0.0,0.0,0.0,2.0,0.0,0.0,-0.8604649237120855
2021ABI__2021-05-20-ABI-S6__bot4 - Breakout Room 4 2021-05-20 12-33-49_chunk2.mp4,2021ABI,2021-05-20-ABI-S6,2021-05-20-ABI-S6,1,8,middle,2.0,1.0,True,True,True,True,0.4027777777777777,0.0,0.0,1.0,0.0,3.0,1.0,0.0,1.0,1.0,3.0,2.0,3.0,1.0,1.0,1.0,1.0,1.0,1.0,0.0,1.0,0.0,1.0,3.0,1.0,1.0,0.0,0.0,1.0,2.0,1.0,4.0,4.0,3.0,0.0,0.0,2.0,3.0,0.0,0.0,1.0,13.0,1.0,0.0,0.0,0.0,1.0,0.0,2.0,1.0,1.25,0.25,9.0,2.0,4.499997750001125,0.8181817438016598,0.0,0.0,1.0,0.0,1.0,0.0,0.0,0.0,0.0,0.0,0.0,0.0,13.0,0.0,0.9999999230769291,12.0,1.5,1.0,0.0,0.0,0.0,0.0,0.0,,,0.0,0.0,0.0,,,0.0,-0.6171441482000752
2021ABI__2021-05-20-ABI-S6__bot4 - Breakout Room 4 2021-05-20 12-33-49_chunk3.mp4,2021ABI,2021-05-20-ABI-S6,2021-05-20-ABI-S6,2,8,middle,2.0,1.0,True,True,True,True,0.14933333333333332,0.0,0.0,1.0,0.0,3.0,1.0,0.0,0.0,0.0,3.0,2.0,3.0,1.0,1.0,0.0,1.0,0.0,1.0,0.0,1.0,0.0,1.0,3.0,1.0,1.0,0.0,0.0,0.0,1.0,5.0,3.0,2.0,6.0,1.0,0.0,0.0,1.0,0.0,0.0,0.0,5.0,0.0,0.0,0.0,0.0,1.6,0.6,2.0,1.0,1.0,0.0,10.0,2.0,4.99999750000125,0.8333332638888947,0.0,0.0,0.0,0.0,0.0,0.0,0.0,0.0,0.0,2.0,0.0,2000000.0,4.0,1.0,0.799999840000032,12.0,1.5,1.0,0.0,0.0,0.0,0.0,0.0,0.0,0.0,0.0,0.0,0.0,2.1666666666666665,0.16666666666666666,0.0,-0.8604649237120855
2021ABI__2021-05-20-ABI-S6__bot4 - Breakout Room 4 2021-05-20 12-33-49_chunk4.mp4,2021ABI,2021-05-20-ABI-S6,2021-05-20-ABI-S6,3,8,middle,2.0,1.0,True,True,True,True,0.4813559322033898,1.0,0.0,1.0,0.0,3.0,1.0,0.0,0.0,0.0,3.0,2.0,3.0,1.0,1.0,1.0,1.0,0.0,1.0,0.0,0.0,0.0,0.0,3.0,1.0,1.0,0.0,1.0,1.0,1.0,1.0,1.0,4.0,2.0,0.0,0.0,0.0,1.0,0.0,0.0,0.0,7.0,0.0,0.0,0.0,0.0,1.0,0.0,2.0,1.0,1.0,0.0,7.0,1.0,6.9999930000070005,0.8749998906250137,0.0,0.0,0.0,0.0,0.0,0.0,0.0,0.0,0.0,0.0,0.0,0.0,2.0,5.0,0.285714244897965,7.0,1.1666666666666667,1.0,0.0,0.0,0.0,0.0,0.0,0.0,1.7142857142857142,0.0,0.14285714285714285,0.14285714285714285,2.142857142857143,0.14285714285714285,0.0,0.30134999209526925
2021ABI__2021-05-20-ABI-S6__bot4 - Breakout Room 4 2021-05-20 12-33-49_chunk5.mp4,2021ABI,2021-05-20-ABI-S6,2021-05-20-ABI-S6,4,8,middle,2.0,1.0,True,True,True,True,0.341880341880342,0.0,0.0,1.0,0.0,3.0,1.0,0.0,0.0,0.0,3.0,2.0,3.0,1.0,1.0,0.0,1.0,0.0,1.0,0.0,0.0,0.0,0.0,,0.0,0.0,0.0,0.0,1.0,1.0,3.0,1.0,2.0,0.0,0.0,0.0,0.0,4.0,0.0,0.0,0.0,10.0,0.0,0.0,0.0,0.0,1.6666666666666667,0.6666666666666666,1.75,0.75,1.0,0.0,9.0,0.0,9000000.0,0.9999998888889013,0.0,0.0,0.0,0.0,0.0,0.0,0.0,0.0,0.0,0.0,0.0,0.0,7.0,3.0,0.699999930000007,14.0,1.5555555555555556,1.0,0.0,0.0,0.0,0.0,0.0,0.0,1.1,0.0,0.0,0.0,2.5,0.5,0.0,-0.3230886025792184
2021ABI__2021-05-20-ABI-S6__bot4 - Breakout Room 4 2021-05-20 12-33-49_chunk6.mp4,2021ABI,2021-05-20-ABI-S6,2021-05-20-ABI-S6,5,8,middle,2.0,1.0,True,True,True,True,0.40729483282674783,0.0,0.0,1.0,0.0,3.0,1.0,0.0,0.0,0.0,3.0,2.0,3.0,1.0,0.0,0.0,1.0,0.0,1.0,0.0,1.0,0.0,1.0,3.0,1.0,1.0,0.0,0.0,1.0,1.0,1.0,2.0,2.0,6.0,1.0,0.0,1.0,2.0,0.0,0.0,1.0,14.0,0.0,0.0,0.0,0.0,1.0,0.0,1.5,0.5,1.0,0.0,7.0,4.0,1.7499995625001092,0.636363578512402,0.0,0.0,1.0,0.0,0.0,0.0,0.0,0.0,0.0,0.0,0.0,0.0,12.0,2.0,0.8571427959183717,6.0,1.2,1.0,0.0,0.0,0.0,0.0,0.0,0.0,1.0588235294117647,0.058823529411764705,0.058823529411764705,0.058823529411764705,2.176470588235294,0.17647058823529413,0.0,0.02359887029624554
2021ABI__2021-05-20-ABI-S6__bot4 - Breakout Room 4 2021-05-20 12-33-49_chunk7.mp4,2021ABI,2021-05-20-ABI-S6,2021-05-20-ABI-S6,6,8,middle,2.0,1.0,True,True,True,True,0.4388888888888889,0.0,0.0,1.0,0.0,3.0,1.0,0.0,1.0,0.0,3.0,2.0,3.0,1.0,1.0,1.0,1.0,0.0,0.0,0.0,1.0,0.0,1.0,3.0,1.0,1.0,0.0,0.0,0.0,1.0,1.0,2.0,7.0,1.0,0.0,0.0,1.0,1.0,0.0,0.0,1.0,9.0,0.0,0.0,0.0,0.0,2.0,1.0,2.0,1.0,1.2857142857142858,0.2857142857142857,10.0,0.0,10000000.0,0.99999990000001,0.0,0.0,1.0,0.0,0.0,0.0,0.0,0.0,0.0,0.0,0.0,0.0,8.0,1.0,0.8888887901234679,13.0,1.4444444444444444,1.0,0.0,0.0,0.0,0.0,0.0,0.0,1.411764705882353,0.0,0.0,0.11764705882352941,2.411764705882353,0.4117647058823529,0.0,0.09632383048220676
2021ABI__2021-05-20-ABI-S6__bot4 - Breakout Room 4 2021-05-20 12-33-49_chunk8.mp4,2021ABI,2021-05-20-ABI-S6,2021-05-20-ABI-S6,7,8,end,2.0,1.0,True,True,True,True,0.44512195121951215,1.0,0.0,0.0,1.0,3.0,0.0,0.0,0.0,0.0,,2.0,0.0,0.0,0.0,0.0,1.0,0.0,1.0,0.0,1.0,0.0,1.0,,0.0,0.0,0.0,0.0,0.0,2.0,3.0,2.0,1.0,2.0,2.0,0.0,1.0,2.0,0.0,0.0,0.0,5.0,0.0,0.0,0.0,0.0,1.0,0.0,2.0,1.0,1.0,0.0,8.0,0.0,8000000.0,0.9999998750000157,0.0,0.0,0.0,0.0,0.0,0.0,0.0,0.0,0.0,0.0,0.0,0.0,5.0,0.0,0.99999980000004,8.0,1.3333333333333333,1.0,0.0,0.0,0.0,0.0,0.0,0.0,0.7142857142857143,0.0,0.07142857142857142,0.07142857142857142,2.142857142857143,0.14285714285714285,0.0,-0.3493465984230662
2021ABI__2021-05-20-ABI-S3__bot1 - 2021-05-20 12-35-38_chunk1.mp4,2021ABI,2021-05-20-ABI-S3,2021-05-20-ABI-S3,0,8,beginning,1.0,1.0,True,True,True,True,0.22388059701492535,0.0,0.0,0.0,0.0,3.0,1.0,0.0,1.0,0.0,2.0,1.0,0.0,0.0,1.0,0.0,1.0,1.0,1.0,0.0,0.0,0.0,0.0,,0.0,0.0,0.0,0.0,0.0,2.0,4.0,3.0,13.0,6.0,0.0,0.0,9.0,1.0,0.0,0.0,0.0,10.0,0.0,0.0,0.0,0.0,1.75,0.75,1.0,0.0,1.0,0.0,24.0,0.0,24000000.0,0.999999958333335,0.0,0.0,0.0,0.0,0.0,0.0,0.0,0.0,0.0,0.0,0.0,0.0,10.0,0.0,0.99999990000001,9.0,1.5,1.0,0.0,0.0,0.0,0.0,0.0,0.0,0.0,0.0,0.0,0.0,2.25,0.25,0.0,-0.8604649237120855
2021ABI__2021-05-20-ABI-S3__bot1 - 2021-05-20 12-35-38_chunk2.mp4,2021ABI,2021-05-20-ABI-S3,2021-05-20-ABI-S3,1,8,middle,1.0,1.0,True,True,True,True,0.2797487065779749,0.0,0.0,1.0,0.0,3.0,1.0,0.0,0.0,0.0,2.0,2.0,3.0,1.0,1.0,0.0,1.0,1.0,1.0,0.0,0.0,0.0,0.0,,0.0,0.0,0.0,0.0,0.0,1.0,2.0,0.0,3.0,1.0,0.0,2.0,1.0,1.0,0.0,0.0,0.0,7.0,0.0,0.0,0.0,0.0,2.0,1.0,2.0,1.0,1.0,0.0,6.0,1.0,5.999994000006001,0.857142734693895,0.0,0.0,0.0,0.0,0.0,0.0,0.0,0.0,0.0,0.0,0.0,0.0,4.0,3.0,0.57142848979593,9.0,1.5,1.0,0.0,0.0,0.0,0.0,0.0,0.0,0.0,0.0,0.0,0.0,2.2222222222222223,0.2222222222222222,0.0,-0.8604649237120855
2021ABI__2021-05-20-ABI-S3__bot1 - 2021-05-20 12-35-38_chunk3.mp4,2021ABI,2021-05-20-ABI-S3,2021-05-20-ABI-S3,2,8,middle,1.0,1.0,True,True,True,True,0.19999999999999996,0.0,0.0,1.0,0.0,3.0,1.0,0.0,0.0,0.0,3.0,2.0,3.0,1.0,1.0,1.0,1.0,0.0,1.0,0.0,1.0,0.0,1.0,3.0,1.0,1.0,1.0,0.0,0.0,1.0,4.0,3.0,2.0,1.0,0.0,0.0,0.0,1.0,0.0,0.0,0.0,9.0,0.0,0.0,0.0,0.0,1.75,0.75,1.0,0.0,0.5,0.0,7.0,1.0,6.9999930000070005,0.8749998906250137,0.0,0.0,0.0,0.0,0.0,0.0,0.0,0.0,0.0,0.0,0.0,0.0,6.0,2.0,0.7499999062500118,9.0,1.2857142857142858,0.8571428571428571,0.0,0.0,0.0,0.0,0.0,0.0,2.2222222222222223,0.1111111111111111,1.0,0.6666666666666666,2.5555555555555554,0.5555555555555556,0.0,2.179337155159901
2021ABI__2021-05-20-ABI-S3__bot1 - 2021-05-20 12-35-38_chunk4.mp4,2021ABI,2021-05-20-ABI-S3,2021-05-20-ABI-S3,3,8,middle,1.0,1.0,True,True,True,True,0.29039812646370033,0.0,0.0,1.0,0.0,3.0,1.0,0.0,0.0,0.0,3.0,2.0,3.0,1.0,1.0,1.0,1.0,1.0,0.0,0.0,1.0,0.0,1.0,3.0,1.0,1.0,1.0,0.0,0.0,1.0,1.0,4.0,5.0,3.0,1.0,1.0,0.0,3.0,0.0,0.0,0.0,6.0,0.0,0.0,0.0,0.0,1.0,0.0,1.3333333333333333,0.3333333333333333,1.8,0.8,11.0,1.0,10.999989000011,0.9166665902777842,0.0,0.0,0.0,0.0,0.0,0.0,0.0,0.0,0.0,0.0,0.0,0.0,4.0,2.0,0.6666665555555741,14.0,1.5555555555555556,1.0,0.0,0.0,0.0,0.0,0.0,0.0,0.0,0.07142857142857142,0.07142857142857142,0.07142857142857142,2.2857142857142856,0.2857142857142857,0.0,-0.41506108166246336
2021ABI__2021-05-20-ABI-S3__bot1 - 2021-05-20 12-35-38_chunk5.mp4,2021ABI,2021-05-20-ABI-S3,2021-05-20-ABI-S3,4,8,middle,1.0,1.0,True,True,True,True,0.2597402597402598,0.0,0.0,0.0,0.0,3.0,1.0,0.0,0.0,0.0,3.0,2.0,3.0,1.0,1.0,1.0,1.0,0.0,0.0,0.0,0.0,0.0,0.0,3.0,1.0,1.0,0.0,0.0,1.0,1.0,1.0,0.0,2.0,3.0,0.0,1.0,0.0,1.0,0.0,0.0,1.0,7.0,1.0,0.0,0.0,0.0,1.0,0.0,2.0,1.0,2.0,1.0,4.0,2.0,1.9999990000005,0.6666665555555741,0.0,0.0,1.0,0.0,1.0,0.0,0.0,0.0,0.0,1.0,0.0,1000000.0,7.0,0.0,0.9999998571428775,5.0,1.6666666666666667,1.0,0.0,0.0,0.0,0.0,0.0,0.0,1.3333333333333333,0.0,0.8888888888888888,0.1111111111111111,2.5555555555555554,0.5555555555555556,0.0,0.043168899693634834
2021ABI__2021-05-20-ABI-S3__bot1 - 2021-05-20 12-35-38_chunk6.mp4,2021ABI,2021-05-20-ABI-S3,2021-05-20-ABI-S3,5,8,middle,1.0,1.0,True,True,True,True,0.25396825396825395,0.0,0.0,0.0,0.0,3.0,1.0,0.0,0.0,0.0,3.0,2.0,3.0,1.0,1.0,1.0,1.0,0.0,0.0,0.0,1.0,0.0,1.0,,0.0,0.0,1.0,0.0,0.0,2.0,5.0,1.0,3.0,1.0,0.0,0.0,4.0,1.0,0.0,0.0,0.0,12.0,0.0,0.0,0.0,0.0,2.0,1.0,1.0,0.0,1.3333333333333333,0.3333333333333333,10.0,0.0,10000000.0,0.99999990000001,0.0,0.0,0.0,0.0,0.0,0.0,0.0,0.0,1.0,0.0,0.0,0.0,11.0,1.0,0.9166665902777842,15.0,1.6666666666666667,1.0,0.0,0.0,0.0,0.0,0.0,0.0,0.0,0.0,0.0,0.0,2.6923076923076925,0.6923076923076923,0.0,-0.8604649237120855
2021ABI__2021-05-20-ABI-S3__bot1 - 2021-05-20 12-35-38_chunk7.mp4,2021ABI,2021-05-20-ABI-S3,2021-05-20-ABI-S3,6,8,middle,1.0,1.0,True,True,True,True,0.375,0.0,0.0,0.0,1.0,3.0,1.0,0.0,1.0,1.0,2.0,2.0,3.0,1.0,1.0,0.0,1.0,0.0,0.0,0.0,0.0,0.0,1.0,,0.0,0.0,0.0,0.0,0.0,2.0,2.0,1.0,2.0,1.0,2.0,0.0,4.0,1.0,0.0,0.0,1.0,13.0,0.0,0.0,0.0,0.0,1.5,0.5,2.0,1.0,2.0,1.0,6.0,0.0,6000000.0,0.9999998333333611,0.0,0.0,1.0,0.0,0.0,0.0,0.0,0.0,0.0,0.0,0.0,0.0,12.0,1.0,0.9230768520710114,9.0,1.8,1.0,0.0,0.0,0.0,0.0,0.0,0.0,1.9230769230769231,0.0,0.9230769230769231,0.0,2.5384615384615383,0.5384615384615384,0.0,0.07900416917754227
2021ABI__2021-05-20-ABI-S3__bot1 - 2021-05-20 12-35-38_chunk8.mp4,2021ABI,2021-05-20-ABI-S3,2021-05-20-ABI-S3,7,8,end,1.0,1.0,True,True,True,True,0.26666666666666683,1.0,0.0,0.0,1.0,3.0,0.0,0.0,0.0,0.0,,2.0,0.0,0.0,0.0,0.0,0.0,0.0,0.0,0.0,0.0,0.0,0.0,,0.0,0.0,0.0,0.0,0.0,2.0,0.0,0.0,0.0,0.0,2.0,0.0,1.0,0.0,0.0,0.0,0.0,0.0,0.0,0.0,0.0,0.0,,,,,,,0.0,0.0,0.0,0.0,0.0,0.0,0.0,0.0,0.0,0.0,0.0,0.0,0.0,0.0,0.0,0.0,0.0,0.0,0.0,0.0,,,0.0,0.0,0.0,0.0,0.0,0.0,0.0,0.0,1.0,0.0,2.0,0.0,0.0,-0.8604649237120855
2021ABI__2021-05-21-ABI-S15__botB3 - 2021-05-21 13-09-30_chunk1.mp4,2021ABI,2021-05-21-ABI-S15,2021-05-21-ABI-S15,0,7,beginning,2.0,1.0,True,True,True,True,0.19057377049180335,0.0,0.0,1.0,0.0,4.0,1.0,0.0,0.0,0.0,2.0,1.0,3.0,1.0,1.0,0.0,1.0,1.0,0.0,0.0,1.0,0.0,1.0,,0.0,0.0,0.0,1.0,0.0,1.0,3.0,0.0,8.0,0.0,0.0,0.0,2.0,2.0,0.0,0.0,0.0,11.0,0.0,0.0,0.0,0.0,2.0,1.0,1.5,0.5,1.0,0.0,13.0,0.0,13000000.0,0.9999999230769291,0.0,0.0,0.0,0.0,0.0,0.0,0.0,0.0,1.0,0.0,0.0,0.0,8.0,3.0,0.7272726611570308,17.0,1.3076923076923077,1.0,0.0,0.0,0.0,0.0,0.0,0.0,1.5384615384615385,0.0,0.8461538461538461,0.0,2.0,0.0,0.0,-0.10888964940038326
2021ABI__2021-05-21-ABI-S15__botB3 - 2021-05-21 13-09-30_chunk2.mp4,2021ABI,2021-05-21-ABI-S15,2021-05-21-ABI-S15,1,7,middle,2.0,1.0,True,True,True,True,0.4545454545454546,0.0,0.0,1.0,0.0,3.0,1.0,1.0,0.0,0.0,3.0,2.0,2.0,0.0,1.0,1.0,1.0,0.0,1.0,0.0,1.0,0.0,1.0,3.0,1.0,1.0,1.0,0.0,0.0,1.0,1.0,3.0,5.0,3.0,2.0,0.0,1.0,1.0,0.0,0.0,0.0,5.0,0.0,0.0,0.0,0.0,2.0,1.0,2.0,1.0,1.2,0.2,8.0,2.0,3.999998000001,0.7999999200000081,0.0,0.0,0.0,0.0,0.0,0.0,0.0,0.0,0.0,0.0,0.0,0.0,3.0,2.0,0.599999880000024,10.0,1.4285714285714286,1.0,0.0,0.0,0.0,0.0,0.0,0.0,0.0,0.06666666666666667,0.13333333333333333,0.0,2.4,0.4,0.0,-0.5961158225337853
2021ABI__2021-05-21-ABI-S15__botB3 - 2021-05-21 13-09-30_chunk3.mp4,2021ABI,2021-05-21-ABI-S15,2021-05-21-ABI-S15,2,7,middle,2.0,1.0,True,True,True,True,0.30833333333333335,0.0,0.0,1.0,0.0,3.0,1.0,0.0,0.0,0.0,3.0,2.0,3.0,1.0,1.0,1.0,1.0,0.0,0.0,0.0,0.0,0.0,0.0,,0.0,0.0,1.0,0.0,1.0,1.0,0.0,5.0,7.0,2.0,0.0,2.0,0.0,2.0,0.0,0.0,0.0,13.0,0.0,0.0,0.0,0.0,,,2.0,1.0,1.1666666666666667,0.16666666666666666,11.0,0.0,11000000.0,0.9999999090909174,0.0,0.0,0.0,0.0,0.0,0.0,0.0,0.0,0.0,0.0,0.0,0.0,8.0,5.0,0.615384568047341,11.0,1.375,1.0,0.0,0.0,0.0,0.0,0.0,0.0,0.0,0.0,0.0,0.0,2.3333333333333335,0.3333333333333333,0.0,-0.8604649237120855
2021ABI__2021-05-21-ABI-S15__botB3 - 2021-05-21 13-09-30_chunk4.mp4,2021ABI,2021-05-21-ABI-S15,2021-05-21-ABI-S15,3,7,middle,2.0,1.0,True,True,True,True,0.3448979591836736,0.0,0.0,1.0,0.0,3.0,1.0,0.0,0.0,0.0,3.0,2.0,3.0,1.0,1.0,1.0,1.0,0.0,1.0,1.0,0.0,0.0,1.0,,0.0,0.0,0.0,0.0,1.0,1.0,1.0,4.0,7.0,2.0,2.0,0.0,0.0,2.0,0.0,0.0,0.0,10.0,1.0,0.0,0.0,0.0,2.0,1.0,2.0,1.0,1.1428571428571428,0.14285714285714285,11.0,1.0,10.999989000011,0.9166665902777842,0.0,0.0,0.0,0.0,1.0,0.0,0.0,0.0,0.0,0.0,0.0,0.0,7.0,3.0,0.699999930000007,14.0,1.4,1.0,0.0,1.0,0.0,1000000.0,0.0,0.0,0.0,0.0,0.0,0.0,2.2666666666666666,0.26666666666666666,0.0,-0.8604649237120855
2021ABI__2021-05-21-ABI-S15__botB3 - 2021-05-21 13-09-30_chunk5.mp4,2021ABI,2021-05-21-ABI-S15,2021-05-21-ABI-S15,4,7,middle,2.0,1.0,True,True,True,True,0.3909090909090909,0.0,0.0,1.0,0.0,3.0,1.0,0.0,0.0,0.0,3.0,2.0,3.0,1.0,1.0,1.0,1.0,0.0,0.0,0.0,1.0,0.0,1.0,,0.0,0.0,0.0,0.0,1.0,1.0,4.0,4.0,7.0,3.0,3.0,0.0,3.0,1.0,0.0,0.0,0.0,8.0,1.0,0.0,0.0,0.0,1.0,0.0,1.0,0.0,1.8571428571428572,0.8571428571428571,14.0,1.0,13.999986000014001,0.9333332711111153,0.0,0.0,0.0,0.0,1.0,0.0,0.0,0.0,0.0,0.0,0.0,0.0,8.0,0.0,0.9999998750000157,18.0,1.5,1.0,0.0,0.0,0.0,0.0,0.0,0.0,0.0,0.15384615384615385,0.15384615384615385,0.0,2.3461538461538463,0.3076923076923077,0.0,-0.2504285363775462
2021ABI__2021-05-21-ABI-S15__botB3 - 2021-05-21 13-09-30_chunk6.mp4,2021ABI,2021-05-21-ABI-S15,2021-05-21-ABI-S15,5,7,middle,2.0,1.0,True,True,True,True,0.44126984126984126,0.0,0.0,0.0,1.0,3.0,1.0,1.0,1.0,1.0,3.0,3.0,3.0,1.0,1.0,1.0,1.0,0.0,0.0,0.0,1.0,0.0,1.0,,0.0,0.0,0.0,0.0,0.0,2.0,14.0,1.0,3.0,4.0,2.0,0.0,12.0,0.0,0.0,0.0,0.0,17.0,0.0,0.0,0.0,0.0,1.0,0.0,,,1.0,0.0,21.0,0.0,21000000.0,0.9999999523809546,0.0,0.0,0.0,0.0,0.0,0.0,0.0,0.0,0.0,0.0,0.0,0.0,13.0,4.0,0.7647058373702448,17.0,1.0,1.0,0.0,0.0,0.0,0.0,0.0,0.0,0.023255813953488372,0.06976744186046512,0.06976744186046512,0.0,2.0697674418604652,0.06976744186046512,0.0,-0.5724594939138036
2021ABI__2021-05-21-ABI-S15__botB3 - 2021-05-21 13-09-30_chunk7.mp4,2021ABI,2021-05-21-ABI-S15,2021-05-21-ABI-S15,6,7,end,2.0,1.0,True,True,True,True,0.4554054054054053,1.0,1.0,0.0,0.0,3.0,1.0,0.0,1.0,1.0,4.0,4.0,3.0,1.0,0.0,0.0,1.0,0.0,0.0,1.0,0.0,0.0,1.0,,0.0,0.0,0.0,0.0,0.0,2.0,1.0,1.0,2.0,1.0,5.0,1.0,3.0,1.0,0.0,0.0,0.0,2.0,0.0,0.0,0.0,0.0,1.0,0.0,2.0,1.0,1.5,0.5,5.0,0.0,5000000.0,0.99999980000004,0.0,0.0,0.0,0.0,0.0,0.0,0.0,0.0,0.0,0.0,0.0,0.0,1.0,1.0,0.499999750000125,6.0,1.5,1.0,1.0,0.0,0.0,1000000.0,0.0,0.0,2.3333333333333335,0.2222222222222222,0.6666666666666666,0.2222222222222222,2.3333333333333335,0.3333333333333333,0.0,1.6651250842594878
2021ABI__2021-05-21-ABI-S13__bot6p3 Zoom Meeting - Room 6 2021-05-21 13-12-29_chunk1.mp4,2021ABI,2021-05-21-ABI-S13,2021-05-21-ABI-S13,0,9,beginning,2.0,1.0,True,True,True,True,0.36049382716049383,0.0,0.0,1.0,0.0,3.0,1.0,1.0,0.0,0.0,2.0,2.0,3.0,1.0,1.0,1.0,1.0,1.0,0.0,0.0,1.0,0.0,1.0,,0.0,0.0,0.0,0.0,0.0,1.0,0.0,1.0,8.0,0.0,0.0,4.0,6.0,3.0,0.0,0.0,0.0,8.0,0.0,0.0,0.0,0.0,,,2.0,1.0,1.0,0.0,11.0,0.0,11000000.0,0.9999999090909174,0.0,0.0,0.0,0.0,0.0,0.0,0.0,0.0,0.0,0.0,0.0,0.0,4.0,4.0,0.4999999375000079,14.0,1.2727272727272727,1.0,0.0,0.0,0.0,0.0,0.0,0.0,0.0,0.0,0.0,0.0,2.057142857142857,0.05714285714285714,0.0,-0.8604649237120855
2021ABI__2021-05-21-ABI-S13__bot6p3 Zoom Meeting - Room 6 2021-05-21 13-12-29_chunk2.mp4,2021ABI,2021-05-21-ABI-S13,2021-05-21-ABI-S13,1,9,middle,2.0,1.0,True,True,True,True,0.19875776397515543,0.0,0.0,1.0,0.0,3.0,1.0,0.0,0.0,0.0,2.0,2.0,3.0,1.0,1.0,1.0,1.0,1.0,1.0,0.0,1.0,0.0,1.0,3.0,1.0,1.0,0.0,0.0,1.0,1.0,3.0,1.0,4.0,2.0,3.0,0.0,0.0,2.0,0.0,0.0,1.0,16.0,0.0,0.0,0.0,0.0,1.6666666666666667,0.6666666666666666,1.5,0.5,1.5,0.5,10.0,1.0,9.999990000010001,0.9090908264462886,0.0,0.0,1.0,0.0,0.0,0.0,0.0,0.0,0.0,0.0,0.0,0.0,12.0,4.0,0.7499999531250029,14.0,1.5555555555555556,1.0,0.0,0.0,0.0,0.0,0.0,0.0,1.1875,0.0,0.0625,0.0,2.3125,0.3125,0.0,-0.28034275885274035
2021ABI__2021-05-21-ABI-S13__bot6p3 Zoom Meeting - Room 6 2021-05-21 13-12-29_chunk3.mp4,2021ABI,2021-05-21-ABI-S13,2021-05-21-ABI-S13,2,9,middle,2.0,1.0,True,True,True,True,0.18367346938775508,0.0,0.0,1.0,0.0,3.0,1.0,0.0,0.0,0.0,2.0,2.0,3.0,1.0,1.0,0.0,1.0,0.0,1.0,0.0,1.0,0.0,1.0,3.0,1.0,1.0,0.0,1.0,0.0,1.0,1.0,2.0,6.0,4.0,0.0,0.0,0.0,1.0,0.0,0.0,0.0,14.0,0.0,0.0,0.0,0.0,1.0,0.0,2.0,1.0,1.6666666666666667,0.6666666666666666,10.0,2.0,4.99999750000125,0.8333332638888947,0.0,0.0,0.0,0.0,0.0,0.0,0.0,0.0,0.0,0.0,0.0,0.0,8.0,6.0,0.5714285306122479,13.0,1.625,1.0,0.0,0.0,0.0,0.0,0.0,0.0,0.0,0.0,0.0,0.0,2.642857142857143,0.6428571428571429,0.0,-0.8604649237120855
2021ABI__2021-05-21-ABI-S13__bot6p3 Zoom Meeting - Room 6 2021-05-21 13-12-29_chunk4.mp4,2021ABI,2021-05-21-ABI-S13,2021-05-21-ABI-S13,3,9,middle,2.0,1.0,True,True,True,True,0.4710424710424712,0.0,0.0,1.0,0.0,3.0,1.0,0.0,0.0,0.0,2.0,2.0,3.0,1.0,1.0,1.0,1.0,0.0,1.0,1.0,0.0,0.0,1.0,3.0,1.0,1.0,0.0,1.0,0.0,1.0,2.0,3.0,4.0,4.0,2.0,1.0,0.0,0.0,0.0,0.0,0.0,12.0,1.0,0.0,0.0,0.0,2.0,1.0,,,1.75,0.75,9.0,1.0,8.999991000009,0.8999999100000091,0.0,0.0,0.0,0.0,1.0,0.0,0.0,0.0,0.0,0.0,0.0,0.0,11.0,1.0,0.9166665902777842,11.0,1.8333333333333333,1.0,0.0,0.0,0.0,0.0,0.0,0.0,0.8333333333333334,0.1111111111111111,0.7777777777777778,0.1111111111111111,2.2777777777777777,0.2777777777777778,0.05555555555555555,0.23948877083949893
2021ABI__2021-05-21-ABI-S13__bot6p3 Zoom Meeting - Room 6 2021-05-21 13-12-29_chunk5.mp4,2021ABI,2021-05-21-ABI-S13,2021-05-21-ABI-S13,4,9,middle,2.0,1.0,True,True,True,True,0.1792207792207794,0.0,0.0,1.0,0.0,3.0,1.0,0.0,0.0,0.0,2.0,2.0,3.0,1.0,1.0,1.0,1.0,0.0,1.0,0.0,1.0,0.0,1.0,3.0,1.0,1.0,1.0,0.0,0.0,1.0,0.0,1.0,4.0,5.0,1.0,0.0,0.0,0.0,0.0,0.0,1.0,12.0,0.0,0.0,0.0,0.0,,,,,1.0,0.0,4.0,4.0,0.9999997500000625,0.4999999375000079,0.0,0.0,1.0,0.0,0.0,0.0,0.0,0.0,0.0,1.0,0.0,1000000.0,4.0,8.0,0.3333333055555579,4.0,1.0,1.0,0.0,0.0,0.0,0.0,0.0,0.0,0.0,0.0,0.0,0.0,2.25,0.25,0.0,-0.8604649237120855
2021ABI__2021-05-21-ABI-S13__bot6p3 Zoom Meeting - Room 6 2021-05-21 13-12-29_chunk6.mp4,2021ABI,2021-05-21-ABI-S13,2021-05-21-ABI-S13,5,9,middle,2.0,1.0,True,True,True,True,0.5132850241545894,0.0,0.0,0.0,0.0,3.0,1.0,0.0,1.0,1.0,3.0,2.0,3.0,1.0,1.0,1.0,1.0,0.0,0.0,0.0,1.0,0.0,1.0,3.0,1.0,1.0,0.0,0.0,0.0,2.0,3.0,0.0,3.0,3.0,2.0,0.0,2.0,3.0,0.0,0.0,0.0,16.0,0.0,0.0,0.0,0.0,1.6666666666666667,0.6666666666666666,1.6666666666666667,0.6666666666666666,1.3333333333333333,0.3333333333333333,10.0,1.0,9.999990000010001,0.9090908264462886,0.0,0.0,0.0,0.0,0.0,0.0,0.0,0.0,0.0,1.0,0.0,1000000.0,14.0,2.0,0.8749999453125034,14.0,1.5555555555555556,1.0,0.0,1.0,0.0,1000000.0,0.0,0.0,0.42105263157894735,0.05263157894736842,0.10526315789473684,0.0,2.3684210526315788,0.3684210526315789,0.0,-0.44607397928601417
2021ABI__2021-05-21-ABI-S13__bot6p3 Zoom Meeting - Room 6 2021-05-21 13-12-29_chunk7.mp4,2021ABI,2021-05-21-ABI-S13,2021-05-21-ABI-S13,6,9,middle,2.0,1.0,True,True,True,True,0.41025641025641035,1.0,1.0,0.0,0.0,3.0,1.0,0.0,1.0,1.0,3.0,3.0,2.0,0.0,0.0,0.0,1.0,0.0,0.0,0.0,0.0,0.0,0.0,,0.0,0.0,0.0,0.0,0.0,2.0,2.0,2.0,2.0,5.0,2.0,0.0,1.0,1.0,0.0,0.0,0.0,4.0,0.0,0.0,0.0,0.0,2.0,1.0,2.0,1.0,1.0,0.0,7.0,3.0,2.3333325555558146,0.699999930000007,0.0,0.0,0.0,0.0,0.0,0.0,0.0,0.0,0.0,0.0,0.0,0.0,3.0,1.0,0.7499998125000469,8.0,1.6,1.0,0.0,0.0,0.0,0.0,0.0,0.0,0.2222222222222222,0.0,0.0,0.05555555555555555,2.1666666666666665,0.16666666666666666,0.0,-0.6257697579214949
2021ABI__2021-05-21-ABI-S13__bot6p1 Zoom Meeting - Room 6 2021-05-21 13-09-02.mp4,2021ABI,2021-05-21-ABI-S13,2021-05-21-ABI-S13,7,9,middle,2.0,1.0,True,True,True,True,0.25,0.0,0.0,0.0,1.0,3.0,0.0,0.0,1.0,0.0,1.0,1.0,0.0,0.0,0.0,0.0,0.0,0.0,0.0,0.0,0.0,0.0,0.0,,0.0,0.0,0.0,0.0,0.0,2.0,0.0,0.0,4.0,0.0,0.0,2.0,1.0,0.0,0.0,0.0,0.0,5.0,0.0,0.0,0.0,0.0,,,,,1.0,0.0,4.0,0.0,4000000.0,0.9999997500000625,0.0,0.0,0.0,0.0,0.0,0.0,0.0,0.0,0.0,0.0,0.0,0.0,0.0,5.0,0.0,4.0,1.0,1.0,0.0,0.0,0.0,0.0,0.0,0.0,0.0,0.0,0.0,0.0,2.0,0.0,0.0,-0.8604649237120855
2021ABI__2021-05-21-ABI-S13__bot6p2 Zoom Meeting - Room 6 2021-05-21 13-12-04.mp4,2021ABI,2021-05-21-ABI-S13,2021-05-21-ABI-S13,8,9,end,2.0,1.0,True,True,True,True,0.0,1.0,0.0,1.0,0.0,2.0,0.0,0.0,0.0,0.0,2.0,1.0,1.0,0.0,0.0,0.0,0.0,0.0,0.0,0.0,0.0,0.0,0.0,,0.0,0.0,0.0,0.0,0.0,1.0,0.0,0.0,1.0,0.0,0.0,0.0,0.0,0.0,0.0,0.0,0.0,1.0,0.0,0.0,0.0,0.0,,,,,1.0,0.0,1.0,0.0,1000000.0,0.9999990000010001,0.0,0.0,0.0,0.0,0.0,0.0,0.0,0.0,0.0,0.0,0.0,0.0,0.0,1.0,0.0,1.0,1.0,1.0,0.0,0.0,0.0,0.0,0.0,0.0,0.0,0.0,0.0,0.0,2.0,0.0,0.0,-0.8604649237120855
2021ABI__2021-05-21-ABI-S2__bot1 - 2021-05-21 10-57-19_chunk1.mp4,2021ABI,2021-05-21-ABI-S2,2021-05-21-ABI-S2,0,8,beginning,3.0,1.0,True,True,True,True,0.32779009608277887,0.0,0.0,1.0,0.0,3.0,1.0,0.0,0.0,0.0,2.0,1.0,3.0,1.0,0.0,1.0,0.0,0.0,0.0,0.0,0.0,0.0,0.0,,0.0,0.0,0.0,0.0,0.0,2.0,0.0,0.0,7.0,1.0,0.0,2.0,6.0,0.0,0.0,0.0,1.0,9.0,0.0,0.0,0.0,0.0,,,,,1.0,0.0,8.0,0.0,8000000.0,0.9999998750000157,0.0,0.0,1.0,0.0,0.0,0.0,0.0,0.0,0.0,0.0,0.0,0.0,6.0,3.0,0.6666665925926009,7.0,1.0,1.0,0.0,0.0,0.0,0.0,0.0,0.0,0.0,0.0,0.0,0.0,2.0,0.0,0.0,-0.8604649237120855
2021ABI__2021-05-21-ABI-S2__bot1 - 2021-05-21 10-57-19_chunk2.mp4,2021ABI,2021-05-21-ABI-S2,2021-05-21-ABI-S2,1,8,middle,3.0,1.0,True,True,True,True,0.21944444444444433,0.0,0.0,1.0,0.0,3.0,1.0,0.0,0.0,0.0,2.0,1.0,2.0,0.0,0.0,0.0,0.0,0.0,0.0,0.0,0.0,0.0,0.0,,0.0,0.0,0.0,0.0,0.0,1.0,0.0,0.0,6.0,0.0,0.0,0.0,0.0,0.0,0.0,0.0,0.0,6.0,0.0,0.0,0.0,0.0,,,,,1.0,0.0,6.0,0.0,6000000.0,0.9999998333333611,0.0,0.0,0.0,0.0,0.0,0.0,0.0,0.0,0.0,0.0,0.0,0.0,0.0,6.0,0.0,6.0,1.0,1.0,0.0,0.0,0.0,0.0,0.0,0.0,1.5,0.0,0.0,0.0,2.0,0.0,0.0,-0.12767903125817584
2021ABI__2021-05-21-ABI-S2__bot1 - 2021-05-21 10-57-19_chunk3.mp4,2021ABI,2021-05-21-ABI-S2,2021-05-21-ABI-S2,2,8,middle,3.0,1.0,True,True,True,True,0.3836601307189542,0.0,0.0,1.0,0.0,3.0,1.0,0.0,0.0,0.0,3.0,2.0,3.0,1.0,1.0,1.0,1.0,1.0,0.0,0.0,0.0,0.0,0.0,,0.0,0.0,0.0,0.0,0.0,1.0,1.0,2.0,4.0,1.0,0.0,1.0,1.0,1.0,0.0,0.0,0.0,5.0,0.0,0.0,0.0,0.0,1.0,0.0,2.0,1.0,1.25,0.25,6.0,1.0,5.999994000006001,0.857142734693895,0.0,0.0,0.0,0.0,0.0,0.0,0.0,0.0,0.0,0.0,0.0,0.0,3.0,2.0,0.599999880000024,8.0,1.3333333333333333,1.0,0.0,0.0,0.0,0.0,0.0,0.0,1.5,0.0,0.25,0.0,2.125,0.125,0.0,-0.12767903125817584
2021ABI__2021-05-21-ABI-S2__bot1 - 2021-05-21 10-57-19_chunk4.mp4,2021ABI,2021-05-21-ABI-S2,2021-05-21-ABI-S2,3,8,middle,3.0,1.0,True,True,True,True,0.40384615384615397,0.0,0.0,1.0,0.0,3.0,1.0,0.0,1.0,1.0,3.0,2.0,3.0,1.0,1.0,1.0,1.0,0.0,1.0,0.0,1.0,0.0,1.0,,0.0,0.0,0.0,0.0,0.0,1.0,1.0,5.0,7.0,5.0,0.0,0.0,0.0,0.0,0.0,0.0,0.0,7.0,0.0,0.0,0.0,0.0,2.0,1.0,,,1.8571428571428572,0.8571428571428571,11.0,0.0,11000000.0,0.9999999090909174,0.0,0.0,0.0,0.0,0.0,0.0,0.0,0.0,0.0,2.0,0.0,2000000.0,5.0,2.0,0.7142856122449125,15.0,1.875,1.0,0.0,0.0,0.0,0.0,0.0,0.0,1.2941176470588236,0.0,0.058823529411764705,0.0,2.5294117647058822,0.5294117647058824,0.0,-0.22825748708518304
2021ABI__2021-05-21-ABI-S2__bot1 - 2021-05-21 10-57-19_chunk5.mp4,2021ABI,2021-05-21-ABI-S2,2021-05-21-ABI-S2,4,8,middle,3.0,1.0,True,True,True,True,0.2674258109040717,0.0,0.0,1.0,0.0,3.0,1.0,0.0,0.0,0.0,3.0,2.0,3.0,1.0,1.0,1.0,1.0,1.0,0.0,0.0,0.0,0.0,0.0,3.0,1.0,1.0,0.0,0.0,0.0,1.0,1.0,2.0,5.0,4.0,0.0,0.0,0.0,2.0,0.0,0.0,0.0,14.0,0.0,0.0,0.0,0.0,1.0,0.0,2.0,1.0,1.6,0.6,9.0,2.0,4.499997750001125,0.8181817438016598,0.0,0.0,0.0,0.0,0.0,0.0,0.0,0.0,0.0,1.0,0.0,1000000.0,8.0,6.0,0.5714285306122479,13.0,1.625,1.0,0.0,0.0,0.0,0.0,0.0,0.0,2.0,0.0,0.8571428571428571,0.0,2.2857142857142856,0.2857142857142857,0.0,0.11658293289312738
2021ABI__2021-05-21-ABI-S2__bot1 - 2021-05-21 10-57-19_chunk6.mp4,2021ABI,2021-05-21-ABI-S2,2021-05-21-ABI-S2,5,8,middle,3.0,1.0,True,True,True,True,0.3529411764705883,1.0,1.0,0.0,0.0,3.0,1.0,0.0,1.0,1.0,4.0,3.0,3.0,1.0,1.0,0.0,1.0,0.0,0.0,0.0,0.0,0.0,0.0,3.0,1.0,1.0,0.0,0.0,0.0,2.0,1.0,1.0,3.0,1.0,0.0,0.0,0.0,1.0,0.0,0.0,0.0,7.0,0.0,0.0,0.0,0.0,1.0,0.0,2.0,1.0,1.6666666666666667,0.6666666666666666,6.0,0.0,6000000.0,0.9999998333333611,0.0,0.0,0.0,0.0,0.0,0.0,0.0,0.0,0.0,0.0,0.0,0.0,3.0,4.0,0.4285713673469475,8.0,1.6,1.0,0.0,0.0,0.0,0.0,0.0,0.0,1.8571428571428572,0.0,0.42857142857142855,0.14285714285714285,2.4285714285714284,0.42857142857142855,0.0,0.37113912470992744
2021ABI__2021-05-21-ABI-S2__bot1 - 2021-05-21 10-57-19_chunk7.mp4,2021ABI,2021-05-21-ABI-S2,2021-05-21-ABI-S2,6,8,middle,3.0,1.0,True,True,True,True,0.2534722222222221,0.0,1.0,0.0,0.0,3.0,1.0,1.0,0.0,0.0,4.0,4.0,3.0,1.0,1.0,1.0,1.0,0.0,0.0,0.0,0.0,0.0,0.0,3.0,1.0,1.0,0.0,0.0,0.0,2.0,1.0,0.0,5.0,1.0,0.0,0.0,5.0,2.0,0.0,0.0,0.0,5.0,1.0,0.0,0.0,0.0,2.0,1.0,2.0,1.0,1.2,0.2,9.0,0.0,9000000.0,0.9999998888889013,0.0,0.0,0.0,0.0,1.0,0.0,0.0,0.0,0.0,0.0,0.0,0.0,4.0,1.0,0.799999840000032,12.0,1.5,1.0,0.0,0.0,0.0,0.0,0.0,0.0,1.3333333333333333,0.0,0.8,0.8,2.6,0.6,0.0,1.6072341308408884
2021ABI__2021-05-21-ABI-S2__bot1 - 2021-05-21 10-57-19_chunk8.mp4,2021ABI,2021-05-21-ABI-S2,2021-05-21-ABI-S2,7,8,end,3.0,1.0,True,True,True,True,0.3050274609209971,0.0,1.0,0.0,0.0,4.0,1.0,1.0,0.0,1.0,4.0,4.0,3.0,1.0,1.0,0.0,1.0,0.0,0.0,1.0,0.0,0.0,1.0,,0.0,0.0,0.0,0.0,0.0,2.0,2.0,1.0,4.0,3.0,2.0,5.0,5.0,2.0,0.0,1.0,2.0,11.0,0.0,0.0,0.0,0.0,2.0,1.0,1.5,0.5,1.25,0.25,10.0,1.0,9.999990000010001,0.9090908264462886,1.0,0.0,2.0,0.0,0.0,0.0,0.0,0.0,0.0,0.0,0.0,0.0,5.0,5.0,0.499999950000005,12.0,1.5,1.0,0.0,1.0,0.0,1000000.0,0.0,0.0,2.590909090909091,0.09090909090909091,0.45454545454545453,0.045454545454545456,2.409090909090909,0.36363636363636365,0.0,0.8689329953614502
2021ABI__2021-05-21-ABI-S14__botB1 - 2021-05-21 13-09-38_chunk1.mp4,2021ABI,2021-05-21-ABI-S14,2021-05-21-ABI-S14,0,7,beginning,3.0,0.0,True,False,False,True,0.326566637246249,0.0,0.0,1.0,0.0,3.0,0.0,0.0,0.0,0.0,1.0,1.0,0.0,0.0,0.0,0.0,0.0,0.0,0.0,0.0,0.0,0.0,1.0,,0.0,0.0,0.0,0.0,0.0,1.0,1.0,0.0,10.0,1.0,0.0,0.0,5.0,0.0,0.0,0.0,0.0,14.0,0.0,0.0,0.0,0.0,2.0,1.0,,,1.0,0.0,12.0,0.0,12000000.0,0.9999999166666736,0.0,0.0,0.0,0.0,0.0,0.0,0.0,0.0,0.0,0.0,0.0,0.0,4.0,10.0,0.2857142653061239,12.0,1.0909090909090908,1.0,0.0,1.0,0.0,1000000.0,0.0,0.0,0.9411764705882353,0.0,0.8235294117647058,0.0,2.0,0.0,0.0,-0.40067769707433837
2021ABI__2021-05-21-ABI-S14__botB1 - 2021-05-21 13-09-38_chunk2.mp4,2021ABI,2021-05-21-ABI-S14,2021-05-21-ABI-S14,1,7,middle,3.0,0.0,True,False,False,True,0.4065573770491804,0.0,0.0,1.0,0.0,3.0,1.0,0.0,0.0,0.0,2.0,1.0,3.0,1.0,0.0,0.0,1.0,1.0,0.0,0.0,0.0,0.0,0.0,,0.0,0.0,0.0,0.0,0.0,1.0,1.0,0.0,3.0,0.0,0.0,0.0,0.0,2.0,0.0,0.0,0.0,6.0,0.0,0.0,0.0,0.0,2.0,1.0,2.0,1.0,1.3333333333333333,0.3333333333333333,6.0,0.0,6000000.0,0.9999998333333611,0.0,0.0,0.0,0.0,0.0,0.0,0.0,0.0,0.0,0.0,0.0,0.0,4.0,2.0,0.6666665555555741,10.0,1.6666666666666667,1.0,0.0,0.0,0.0,0.0,0.0,0.0,0.0,0.0,0.0,0.0,2.625,0.625,0.0,-0.8604649237120855
2021ABI__2021-05-21-ABI-S14__botB1 - 2021-05-21 13-09-38_chunk3.mp4,2021ABI,2021-05-21-ABI-S14,2021-05-21-ABI-S14,2,7,middle,3.0,0.0,True,False,False,True,0.2716981132075471,0.0,0.0,1.0,0.0,3.0,1.0,0.0,0.0,0.0,3.0,2.0,2.0,0.0,1.0,1.0,1.0,0.0,0.0,0.0,1.0,0.0,1.0,,0.0,0.0,0.0,0.0,0.0,1.0,1.0,4.0,4.0,0.0,0.0,0.0,0.0,1.0,0.0,0.0,0.0,8.0,1.0,0.0,0.0,0.0,1.0,0.0,2.0,1.0,1.25,0.25,6.0,0.0,6000000.0,0.9999998333333611,0.0,0.0,0.0,0.0,1.0,0.0,0.0,0.0,0.0,0.0,0.0,0.0,6.0,2.0,0.7499999062500118,8.0,1.3333333333333333,1.0,0.0,0.0,0.0,0.0,0.0,0.0,1.25,0.0,0.875,0.0,2.25,0.25,0.0,-0.24981001333382746
2021ABI__2021-05-21-ABI-S14__botB1 - 2021-05-21 13-09-38_chunk4.mp4,2021ABI,2021-05-21-ABI-S14,2021-05-21-ABI-S14,3,7,middle,3.0,0.0,True,False,False,True,0.3708708708708708,0.0,0.0,1.0,0.0,3.0,1.0,0.0,1.0,0.0,3.0,2.0,3.0,1.0,1.0,1.0,1.0,0.0,0.0,0.0,1.0,0.0,1.0,3.0,1.0,1.0,0.0,0.0,0.0,1.0,1.0,4.0,5.0,2.0,1.0,0.0,0.0,0.0,0.0,0.0,0.0,9.0,0.0,0.0,0.0,0.0,1.0,0.0,,,1.2,0.2,6.0,2.0,2.99999850000075,0.7499999062500118,0.0,0.0,0.0,0.0,0.0,0.0,0.0,0.0,0.0,0.0,0.0,0.0,2.0,4.0,0.33333327777778704,7.0,1.1666666666666667,1.0,0.0,1.0,0.0,1000000.0,0.0,0.0,1.4615384615384615,0.07692307692307693,0.07692307692307693,0.0,2.1538461538461537,0.15384615384615385,0.0,0.15854978055130123
2021ABI__2021-05-21-ABI-S14__botB1 - 2021-05-21 13-09-38_chunk5.mp4,2021ABI,2021-05-21-ABI-S14,2021-05-21-ABI-S14,4,7,middle,3.0,0.0,True,False,False,True,0.2624113475177303,0.0,0.0,1.0,0.0,3.0,1.0,0.0,0.0,0.0,3.0,2.0,2.0,0.0,0.0,0.0,1.0,0.0,0.0,0.0,0.0,0.0,0.0,3.0,1.0,1.0,0.0,0.0,0.0,1.0,1.0,3.0,4.0,2.0,0.0,0.0,0.0,1.0,0.0,0.0,0.0,11.0,0.0,0.0,0.0,0.0,2.0,1.0,1.0,0.0,1.0,0.0,7.0,1.0,6.9999930000070005,0.8749998906250137,0.0,0.0,0.0,0.0,0.0,0.0,0.0,0.0,0.0,0.0,0.0,0.0,6.0,5.0,0.5454544958677732,7.0,1.1666666666666667,1.0,0.0,0.0,0.0,0.0,0.0,0.0,0.0,0.0,0.0,0.0,2.1818181818181817,0.18181818181818182,0.0,-0.8604649237120855
2021ABI__2021-05-21-ABI-S14__botB1 - 2021-05-21 13-09-38_chunk6.mp4,2021ABI,2021-05-21-ABI-S14,2021-05-21-ABI-S14,5,7,middle,3.0,0.0,True,False,False,True,0.23241590214067265,0.0,1.0,0.0,0.0,3.0,1.0,1.0,1.0,1.0,3.0,3.0,3.0,1.0,1.0,1.0,1.0,0.0,1.0,0.0,1.0,0.0,1.0,,0.0,0.0,0.0,0.0,0.0,2.0,1.0,1.0,2.0,2.0,1.0,1.0,3.0,3.0,0.0,0.0,1.0,12.0,0.0,0.0,0.0,0.0,2.0,1.0,2.0,1.0,1.0,0.0,7.0,0.0,7000000.0,0.9999998571428775,0.0,0.0,1.0,0.0,0.0,0.0,0.0,0.0,0.0,0.0,0.0,0.0,10.0,2.0,0.8333332638888947,10.0,1.6666666666666667,1.0,0.0,0.0,0.0,0.0,0.0,0.0,0.8571428571428571,0.07142857142857142,0.14285714285714285,0.0,2.0,0.0,0.0,-0.15849894819024393
2021ABI__2021-05-21-ABI-S14__botB1 - 2021-05-21 13-09-38_chunk7.mp4,2021ABI,2021-05-21-ABI-S14,2021-05-21-ABI-S14,6,7,end,3.0,0.0,True,False,False,True,0.17407407407407405,0.0,1.0,0.0,0.0,3.0,1.0,0.0,1.0,1.0,3.0,3.0,3.0,1.0,0.0,0.0,1.0,0.0,0.0,0.0,1.0,0.0,1.0,,0.0,0.0,0.0,0.0,0.0,2.0,2.0,2.0,2.0,3.0,3.0,0.0,4.0,0.0,0.0,0.0,0.0,13.0,0.0,0.0,0.0,0.0,2.0,1.0,,,1.0,0.0,6.0,0.0,6000000.0,0.9999998333333611,0.0,0.0,0.0,0.0,0.0,0.0,0.0,0.0,0.0,0.0,0.0,0.0,12.0,1.0,0.9230768520710114,6.0,1.5,1.0,0.0,0.0,0.0,0.0,0.0,0.0,2.1578947368421053,0.05263157894736842,1.0,1.0,2.210526315789474,0.21052631578947367,0.0,2.6728322198387193
2021ABI__2021-05-21-ABI-S12__bot5p4 Zoom Meeting 5_21_2021 1_12_46 PM_chunk1.mp4,2021ABI,2021-05-21-ABI-S12,2021-05-21-ABI-S12,0,10,beginning,3.0,1.0,True,True,True,True,0.2526315789473683,0.0,0.0,1.0,0.0,3.0,1.0,0.0,0.0,0.0,1.0,1.0,0.0,0.0,1.0,0.0,0.0,0.0,0.0,0.0,0.0,0.0,0.0,,0.0,0.0,0.0,0.0,0.0,2.0,0.0,0.0,9.0,1.0,0.0,0.0,1.0,1.0,0.0,0.0,0.0,12.0,1.0,0.0,0.0,0.0,,,1.0,0.0,1.0,0.0,11.0,0.0,11000000.0,0.9999999090909174,0.0,0.0,0.0,0.0,1.0,0.0,0.0,0.0,0.0,0.0,0.0,0.0,2.0,10.0,0.16666665277777895,10.0,1.0,1.0,0.0,0.0,0.0,0.0,0.0,0.0,0.0,0.0,0.0,0.0,2.1666666666666665,0.16666666666666666,0.0,-0.8604649237120855
2021ABI__2021-05-21-ABI-S12__bot5p4 Zoom Meeting 5_21_2021 1_12_46 PM_chunk2.mp4,2021ABI,2021-05-21-ABI-S12,2021-05-21-ABI-S12,1,10,middle,3.0,1.0,True,True,True,True,0.14930555555555558,0.0,0.0,1.0,0.0,3.0,1.0,0.0,0.0,0.0,3.0,2.0,3.0,1.0,1.0,1.0,1.0,1.0,0.0,0.0,0.0,0.0,0.0,3.0,1.0,1.0,0.0,0.0,1.0,1.0,2.0,5.0,5.0,4.0,0.0,0.0,0.0,2.0,1.0,0.0,0.0,7.0,1.0,0.0,0.0,0.0,1.5,0.5,2.0,1.0,1.0,0.0,11.0,2.0,5.499997250001375,0.8461537810650938,0.0,0.0,0.0,1.0,1.0,0.0,0.0,0.0,0.0,0.0,0.0,0.0,5.0,2.0,0.7142856122449125,12.0,1.3333333333333333,1.0,0.0,0.0,0.0,0.0,0.0,0.0,0.6111111111111112,0.0,0.05555555555555555,0.0,2.111111111111111,0.1111111111111111,0.0,-0.561922523082715
2021ABI__2021-05-21-ABI-S12__bot5p4 Zoom Meeting 5_21_2021 1_12_46 PM_chunk3.mp4,2021ABI,2021-05-21-ABI-S12,2021-05-21-ABI-S12,2,10,middle,3.0,1.0,True,True,True,True,0.24225352112676068,0.0,0.0,1.0,0.0,3.0,1.0,0.0,0.0,0.0,3.0,2.0,3.0,1.0,1.0,0.0,1.0,0.0,0.0,0.0,0.0,0.0,0.0,,0.0,0.0,0.0,0.0,0.0,1.0,3.0,4.0,11.0,5.0,0.0,0.0,0.0,2.0,0.0,0.0,0.0,25.0,0.0,0.0,0.0,0.0,2.0,1.0,2.0,1.0,1.2727272727272727,0.2727272727272727,19.0,2.0,9.499995250002375,0.9047618616780065,0.0,0.0,0.0,0.0,0.0,0.0,0.0,0.0,0.0,0.0,0.0,0.0,8.0,17.0,0.3199999872000005,24.0,1.5,1.0,0.0,0.0,0.0,0.0,0.0,0.0,0.0,0.0,0.0,0.0,2.357142857142857,0.35714285714285715,0.0,-0.8604649237120855
2021ABI__2021-05-21-ABI-S12__bot5p4 Zoom Meeting 5_21_2021 1_12_46 PM_chunk4.mp4,2021ABI,2021-05-21-ABI-S12,2021-05-21-ABI-S12,3,10,middle,3.0,1.0,True,True,True,True,0.3520327049738816,0.0,0.0,1.0,0.0,3.0,1.0,0.0,0.0,0.0,2.0,2.0,3.0,1.0,0.0,0.0,1.0,0.0,0.0,0.0,0.0,0.0,0.0,,0.0,0.0,0.0,0.0,0.0,1.0,0.0,6.0,12.0,1.0,0.0,0.0,0.0,0.0,0.0,0.0,0.0,20.0,0.0,0.0,0.0,0.0,,,,,1.5,0.5,13.0,0.0,13000000.0,0.9999999230769291,0.0,0.0,0.0,0.0,0.0,0.0,0.0,0.0,0.0,0.0,0.0,0.0,7.0,13.0,0.34999998250000086,18.0,1.5,1.0,0.0,0.0,0.0,0.0,0.0,0.0,0.0,0.0,0.0,0.0,2.380952380952381,0.38095238095238093,0.0,-0.8604649237120855
2021ABI__2021-05-21-ABI-S12__bot5p4 Zoom Meeting 5_21_2021 1_12_46 PM_chunk5.mp4,2021ABI,2021-05-21-ABI-S12,2021-05-21-ABI-S12,4,10,middle,3.0,1.0,True,True,True,True,0.2823529411764707,0.0,1.0,0.0,0.0,3.0,1.0,1.0,0.0,0.0,3.0,3.0,3.0,1.0,1.0,0.0,1.0,0.0,0.0,0.0,1.0,0.0,1.0,,0.0,0.0,1.0,0.0,0.0,2.0,2.0,4.0,10.0,4.0,2.0,0.0,5.0,0.0,0.0,0.0,1.0,5.0,1.0,0.0,0.0,0.0,1.5,0.5,,,1.0,0.0,15.0,1.0,14.999985000015002,0.9374999414062536,0.0,0.0,1.0,0.0,1.0,0.0,0.0,0.0,0.0,0.0,0.0,0.0,4.0,1.0,0.799999840000032,11.0,1.1,1.0,0.0,0.0,0.0,0.0,0.0,0.0,0.3333333333333333,0.02564102564102564,0.02564102564102564,0.02564102564102564,2.1538461538461537,0.15384615384615385,0.0,-0.5377350555934036
2021ABI__2021-05-21-ABI-S12__bot5p4 Zoom Meeting 5_21_2021 1_12_46 PM_chunk6.mp4,2021ABI,2021-05-21-ABI-S12,2021-05-21-ABI-S12,5,10,middle,3.0,1.0,True,True,True,True,0.256120527306968,0.0,1.0,0.0,0.0,4.0,1.0,0.0,1.0,1.0,3.0,2.0,3.0,1.0,1.0,1.0,1.0,0.0,1.0,0.0,1.0,0.0,1.0,3.0,1.0,1.0,0.0,1.0,0.0,2.0,8.0,2.0,4.0,5.0,4.0,0.0,7.0,0.0,0.0,0.0,0.0,7.0,0.0,0.0,0.0,0.0,2.0,1.0,,,2.0,1.0,15.0,2.0,7.499996250001875,0.8823528892733594,0.0,0.0,0.0,0.0,0.0,0.0,0.0,0.0,0.0,0.0,0.0,0.0,6.0,1.0,0.857142734693895,24.0,2.0,1.0,0.0,0.0,0.0,0.0,0.0,0.0,1.0,0.13513513513513514,0.7567567567567568,0.2702702702702703,2.4324324324324325,0.43243243243243246,0.0,0.7775280667141585
2021ABI__2021-05-21-ABI-S12__bot5p4 Zoom Meeting 5_21_2021 1_12_46 PM_chunk7.mp4,2021ABI,2021-05-21-ABI-S12,2021-05-21-ABI-S12,6,10,middle,3.0,1.0,True,True,True,True,0.42105263157894735,0.0,0.0,0.0,1.0,3.0,0.0,0.0,1.0,1.0,,3.0,0.0,0.0,0.0,0.0,1.0,0.0,0.0,0.0,1.0,0.0,1.0,,0.0,0.0,0.0,0.0,0.0,2.0,0.0,0.0,2.0,0.0,6.0,0.0,16.0,0.0,0.0,0.0,0.0,2.0,0.0,0.0,0.0,0.0,,,,,1.5,0.5,2.0,0.0,2000000.0,0.99999950000025,0.0,0.0,0.0,0.0,0.0,0.0,0.0,0.0,1.0,0.0,0.0,0.0,2.0,0.0,0.99999950000025,3.0,1.5,1.0,0.0,0.0,0.0,0.0,0.0,0.0,0.0,0.0,0.0,0.0,2.076923076923077,0.07692307692307693,0.0,-0.8604649237120855
2021ABI__2021-05-21-ABI-S12__bot5p1 Zoom Meeting 5_21_2021 1_08_57 PM.mp4,2021ABI,2021-05-21-ABI-S12,2021-05-21-ABI-S12,7,10,middle,3.0,1.0,True,True,True,True,0.5419354838709678,1.0,0.0,0.0,1.0,3.0,0.0,0.0,1.0,1.0,,2.0,0.0,0.0,0.0,0.0,1.0,0.0,0.0,0.0,0.0,0.0,0.0,,0.0,0.0,0.0,0.0,0.0,2.0,0.0,0.0,1.0,4.0,1.0,0.0,4.0,0.0,0.0,0.0,0.0,3.0,0.0,0.0,0.0,0.0,,,,,1.0,0.0,2.0,0.0,2000000.0,0.99999950000025,0.0,0.0,0.0,0.0,0.0,0.0,0.0,0.0,0.0,3.0,0.0,3000000.0,3.0,0.0,0.9999996666667778,1.0,1.0,1.0,0.0,0.0,0.0,0.0,0.0,0.0,0.0,0.0,0.0,0.0,2.1,0.1,0.0,-0.8604649237120855
2021ABI__2021-05-21-ABI-S12__bot5p2 Room 5   Zoom Meeting 5_21_2021 1_11_16 PM.mp4,2021ABI,2021-05-21-ABI-S12,2021-05-21-ABI-S12,8,10,middle,3.0,1.0,True,True,True,True,0.0,1.0,0.0,0.0,1.0,2.0,0.0,0.0,0.0,0.0,,2.0,0.0,0.0,0.0,0.0,1.0,0.0,0.0,0.0,0.0,0.0,0.0,,0.0,0.0,0.0,0.0,0.0,2.0,0.0,0.0,0.0,0.0,0.0,0.0,1.0,0.0,0.0,0.0,0.0,1.0,0.0,0.0,0.0,0.0,,,,,,,0.0,0.0,0.0,0.0,0.0,0.0,0.0,0.0,0.0,0.0,0.0,0.0,0.0,0.0,0.0,0.0,1.0,0.0,0.9999990000010001,0.0,,,0.0,0.0,0.0,0.0,0.0,0.0,0.0,0.0,0.0,0.0,2.0,0.0,0.0,-0.8604649237120855
2021ABI__2021-05-21-ABI-S12__bot5p3 Room 5   Zoom Meeting 5_21_2021 1_11_42 PM.mp4,2021ABI,2021-05-21-ABI-S12,2021-05-21-ABI-S12,9,10,end,3.0,1.0,True,True,True,True,0.39308176100628933,0.0,0.0,0.0,1.0,3.0,0.0,0.0,0.0,1.0,,2.0,0.0,0.0,0.0,0.0,0.0,0.0,0.0,0.0,1.0,0.0,1.0,,0.0,0.0,0.0,0.0,0.0,2.0,0.0,2.0,0.0,0.0,2.0,0.0,5.0,0.0,0.0,0.0,0.0,1.0,0.0,0.0,0.0,0.0,,,,,,,0.0,0.0,0.0,0.0,0.0,0.0,0.0,0.0,0.0,0.0,0.0,0.0,0.0,0.0,0.0,0.0,1.0,0.0,0.9999990000010001,0.0,,,0.0,0.0,0.0,0.0,0.0,0.0,0.0,0.2222222222222222,0.2222222222222222,0.0,2.0,0.0,0.0,0.02069874688224893
2021ABI__2021-05-21-ABI-S5__bot5p3 Room 5   Zoom Meeting 5_21_2021 10_59_19 AM_chunk1.mp4,2021ABI,2021-05-21-ABI-S5,2021-05-21-ABI-S5,0,10,beginning,0.0,0.0,False,False,False,True,0.3908045977011494,0.0,0.0,0.0,1.0,3.0,0.0,1.0,0.0,0.0,1.0,1.0,0.0,0.0,0.0,0.0,1.0,0.0,0.0,0.0,0.0,0.0,0.0,,0.0,0.0,0.0,0.0,0.0,2.0,0.0,0.0,9.0,0.0,0.0,0.0,4.0,2.0,0.0,1.0,0.0,11.0,0.0,0.0,0.0,0.0,,,2.0,1.0,1.0,0.0,11.0,0.0,11000000.0,0.9999999090909174,1.0,0.0,0.0,0.0,0.0,0.0,0.0,0.0,0.0,0.0,0.0,0.0,2.0,9.0,0.1818181652892577,13.0,1.1818181818181819,1.0,0.0,0.0,0.0,0.0,0.0,0.0,0.0,0.0,0.0,0.0,2.48,0.48,0.0,-0.8604649237120855
2021ABI__2021-05-21-ABI-S5__bot5p3 Room 5   Zoom Meeting 5_21_2021 10_59_19 AM_chunk2.mp4,2021ABI,2021-05-21-ABI-S5,2021-05-21-ABI-S5,1,10,middle,0.0,0.0,False,False,False,True,0.18971631205673756,0.0,0.0,1.0,0.0,3.0,1.0,0.0,1.0,1.0,2.0,2.0,3.0,1.0,1.0,1.0,1.0,1.0,1.0,0.0,1.0,0.0,1.0,3.0,1.0,1.0,0.0,1.0,1.0,1.0,2.0,0.0,2.0,3.0,2.0,1.0,2.0,2.0,0.0,0.0,1.0,6.0,1.0,0.0,0.0,0.0,1.5,0.5,1.5,0.5,1.0,0.0,7.0,2.0,3.499998250000875,0.7777776913580343,0.0,0.0,1.0,0.0,1.0,0.0,0.0,0.0,0.0,0.0,0.0,0.0,4.0,2.0,0.6666665555555741,8.0,1.3333333333333333,1.0,0.0,0.0,0.0,0.0,0.0,,,0.0,0.0,0.0,,,0.0,-0.6171441482000752
2021ABI__2021-05-21-ABI-S5__bot5p3 Room 5   Zoom Meeting 5_21_2021 10_59_19 AM_chunk3.mp4,2021ABI,2021-05-21-ABI-S5,2021-05-21-ABI-S5,2,10,middle,0.0,0.0,False,False,False,True,0.1472491909385112,0.0,0.0,1.0,0.0,4.0,1.0,0.0,0.0,0.0,3.0,2.0,3.0,1.0,1.0,1.0,1.0,0.0,1.0,0.0,0.0,0.0,0.0,,0.0,0.0,0.0,0.0,0.0,1.0,3.0,1.0,2.0,2.0,0.0,0.0,2.0,1.0,0.0,0.0,1.0,4.0,0.0,0.0,0.0,0.0,1.6666666666666667,0.6666666666666666,2.0,1.0,1.0,0.0,7.0,1.0,6.9999930000070005,0.8749998906250137,0.0,0.0,1.0,0.0,0.0,0.0,0.0,0.0,0.0,0.0,0.0,0.0,4.0,0.0,0.9999997500000625,9.0,1.5,1.0,0.0,0.0,0.0,0.0,0.0,0.0,1.8,0.0,0.9,0.0,2.4,0.4,0.0,0.01887814723260613
2021ABI__2021-05-21-ABI-S5__bot5p3 Room 5   Zoom Meeting 5_21_2021 10_59_19 AM_chunk4.mp4,2021ABI,2021-05-21-ABI-S5,2021-05-21-ABI-S5,3,10,middle,0.0,0.0,False,False,False,True,0.3035714285714286,0.0,1.0,0.0,0.0,3.0,1.0,0.0,0.0,0.0,4.0,3.0,3.0,1.0,1.0,0.0,1.0,0.0,0.0,1.0,0.0,0.0,1.0,3.0,1.0,1.0,0.0,0.0,0.0,2.0,4.0,0.0,1.0,3.0,0.0,0.0,0.0,3.0,0.0,0.0,0.0,11.0,0.0,0.0,0.0,0.0,1.75,0.75,2.0,1.0,1.0,0.0,11.0,0.0,11000000.0,0.9999999090909174,0.0,0.0,0.0,0.0,0.0,0.0,0.0,0.0,0.0,0.0,0.0,0.0,9.0,2.0,0.8181817438016598,14.0,1.75,1.0,0.0,0.0,0.0,0.0,0.0,0.0,1.2727272727272727,0.0,0.0,0.0,2.6363636363636362,0.6363636363636364,0.0,-0.23870719678149552
2021ABI__2021-05-21-ABI-S5__bot5p3 Room 5   Zoom Meeting 5_21_2021 10_59_19 AM_chunk5.mp4,2021ABI,2021-05-21-ABI-S5,2021-05-21-ABI-S5,4,10,middle,0.0,0.0,False,False,False,True,0.5638888888888889,0.0,0.0,0.0,0.0,3.0,1.0,0.0,0.0,0.0,3.0,2.0,3.0,1.0,1.0,1.0,1.0,0.0,1.0,0.0,0.0,0.0,0.0,3.0,1.0,1.0,0.0,1.0,0.0,1.0,2.0,2.0,4.0,5.0,0.0,0.0,4.0,1.0,0.0,0.0,1.0,12.0,0.0,0.0,0.0,0.0,1.5,0.5,2.0,1.0,1.5,0.5,10.0,2.0,4.99999750000125,0.8333332638888947,0.0,0.0,1.0,0.0,0.0,0.0,0.0,0.0,1.0,0.0,0.0,0.0,10.0,2.0,0.8333332638888947,11.0,1.5714285714285714,1.0,0.0,0.0,0.0,0.0,0.0,0.0,0.7222222222222222,0.0,0.0,0.6111111111111112,2.1666666666666665,0.16666666666666666,0.0,0.8798351345743679
2021ABI__2021-05-21-ABI-S5__bot5p3 Room 5   Zoom Meeting 5_21_2021 10_59_19 AM_chunk6.mp4,2021ABI,2021-05-21-ABI-S5,2021-05-21-ABI-S5,5,10,middle,0.0,0.0,False,False,False,True,0.37023809523809526,0.0,0.0,0.0,0.0,3.0,1.0,0.0,0.0,0.0,3.0,2.0,3.0,1.0,1.0,0.0,1.0,0.0,0.0,0.0,0.0,0.0,0.0,3.0,1.0,1.0,0.0,0.0,0.0,1.0,11.0,2.0,3.0,7.0,2.0,1.0,1.0,3.0,0.0,0.0,0.0,20.0,1.0,0.0,0.0,0.0,1.6363636363636365,0.6363636363636364,1.6666666666666667,0.6666666666666666,1.3333333333333333,0.3333333333333333,19.0,3.0,6.333331222222926,0.863636324380167,0.0,0.0,0.0,0.0,1.0,0.0,0.0,0.0,0.0,2.0,0.0,2000000.0,20.0,0.0,0.9999999500000024,27.0,1.588235294117647,1.0,1.0,1.0,0.0,2000000.0,0.0,0.0,0.59375,0.0,0.0,0.0,2.0625,0.0625,0.0,-0.570403841282413
2021ABI__2021-05-21-ABI-S5__bot5p3 Room 5   Zoom Meeting 5_21_2021 10_59_19 AM_chunk7.mp4,2021ABI,2021-05-21-ABI-S5,2021-05-21-ABI-S5,6,10,middle,0.0,0.0,False,False,False,True,0.3225806451612905,0.0,1.0,0.0,0.0,3.0,1.0,0.0,0.0,0.0,4.0,4.0,3.0,1.0,1.0,0.0,1.0,0.0,0.0,1.0,0.0,0.0,1.0,3.0,1.0,1.0,0.0,0.0,0.0,2.0,5.0,0.0,3.0,7.0,3.0,1.0,4.0,6.0,0.0,0.0,0.0,25.0,0.0,0.0,0.0,0.0,1.6,0.6,1.6666666666666667,0.6666666666666666,1.3333333333333333,0.3333333333333333,18.0,2.0,8.99999550000225,0.8999999550000022,0.0,0.0,0.0,0.0,0.0,0.0,0.0,0.0,0.0,1.0,0.0,1000000.0,20.0,5.0,0.7999999680000013,22.0,1.5714285714285714,1.0,0.0,0.0,0.0,0.0,0.0,,,0.0,0.0,0.0,,,0.0,-0.6171441482000752
2021ABI__2021-05-21-ABI-S5__bot5p3 Room 5   Zoom Meeting 5_21_2021 10_59_19 AM_chunk8.mp4,2021ABI,2021-05-21-ABI-S5,2021-05-21-ABI-S5,7,10,middle,0.0,0.0,False,False,False,True,0.5,0.0,0.0,0.0,1.0,3.0,1.0,0.0,1.0,1.0,4.0,4.0,3.0,1.0,1.0,0.0,1.0,0.0,0.0,0.0,0.0,0.0,1.0,,0.0,0.0,0.0,1.0,0.0,2.0,1.0,2.0,1.0,5.0,1.0,1.0,8.0,0.0,0.0,0.0,0.0,2.0,1.0,0.0,0.0,0.0,2.0,1.0,,,1.0,0.0,6.0,1.0,5.999994000006001,0.857142734693895,0.0,0.0,0.0,0.0,1.0,0.0,0.0,0.0,0.0,0.0,0.0,0.0,2.0,0.0,0.99999950000025,3.0,1.5,1.0,0.0,0.0,0.0,0.0,0.0,0.0,0.3870967741935484,0.0,0.03225806451612903,0.0,2.193548387096774,0.1935483870967742,0.0,-0.6713588869497863
2021ABI__2021-05-21-ABI-S5__bot5p1 Zoom Meeting 5_21_2021 10_58_04 AM.mp4,2021ABI,2021-05-21-ABI-S5,2021-05-21-ABI-S5,8,10,middle,0.0,0.0,False,False,False,True,0.09459459459459452,1.0,0.0,0.0,1.0,3.0,0.0,0.0,0.0,0.0,,1.0,0.0,0.0,0.0,0.0,0.0,0.0,0.0,0.0,0.0,0.0,0.0,,0.0,0.0,0.0,0.0,0.0,2.0,0.0,0.0,2.0,0.0,0.0,0.0,0.0,0.0,0.0,0.0,0.0,2.0,0.0,0.0,0.0,0.0,,,,,0.0,0.0,2.0,0.0,2000000.0,0.99999950000025,0.0,0.0,0.0,0.0,0.0,0.0,0.0,0.0,0.0,0.0,0.0,0.0,0.0,2.0,0.0,0.0,0.0,0.0,0.0,0.0,0.0,0.0,0.0,0.0,0.0,0.0,0.0,0.0,2.0,0.0,0.0,-0.8604649237120855
2021ABI__2021-05-21-ABI-S5__bot5p2 Zoom Meeting 5_21_2021 10_58_51 AM.mp4,2021ABI,2021-05-21-ABI-S5,2021-05-21-ABI-S5,9,10,end,0.0,0.0,False,False,False,True,0.0,1.0,0.0,0.0,1.0,2.0,0.0,0.0,0.0,0.0,2.0,1.0,0.0,0.0,0.0,0.0,1.0,0.0,0.0,0.0,0.0,0.0,0.0,,0.0,0.0,0.0,0.0,0.0,2.0,1.0,0.0,0.0,0.0,0.0,0.0,1.0,0.0,0.0,0.0,0.0,1.0,0.0,0.0,0.0,0.0,1.0,0.0,,,,,1.0,0.0,1000000.0,0.9999990000010001,0.0,0.0,0.0,0.0,0.0,0.0,0.0,0.0,0.0,0.0,0.0,0.0,1.0,0.0,0.9999990000010001,1.0,1.0,1.0,0.0,0.0,0.0,0.0,0.0,0.0,0.0,0.0,0.0,0.0,2.0,0.0,0.0,-0.8604649237120855
2021ABI__2021-05-21-ABI-S16__Breakout Room 4 Session 3 2021-04-23 13-13-06_chunk1.mp4,2021ABI,2021-05-21-ABI-S16,2021-05-21-ABI-S16,0,7,beginning,0.0,0.0,False,False,False,True,0.153209109730849,0.0,0.0,1.0,0.0,3.0,1.0,0.0,0.0,0.0,1.0,1.0,0.0,0.0,1.0,0.0,1.0,0.0,0.0,0.0,0.0,0.0,1.0,,0.0,0.0,0.0,0.0,0.0,1.0,0.0,5.0,8.0,0.0,1.0,0.0,5.0,0.0,0.0,0.0,0.0,6.0,1.0,0.0,0.0,0.0,,,,,1.0,0.0,8.0,0.0,8000000.0,0.9999998750000157,0.0,0.0,0.0,0.0,1.0,0.0,0.0,0.0,0.0,0.0,0.0,0.0,0.0,6.0,0.0,8.0,1.0,1.0,0.0,0.0,0.0,0.0,0.0,0.0,0.0,0.0,0.0,0.0,2.0416666666666665,0.041666666666666664,0.0,-0.8604649237120855
2021ABI__2021-05-21-ABI-S16__Breakout Room 4 Session 3 2021-04-23 13-13-06_chunk2.mp4,2021ABI,2021-05-21-ABI-S16,2021-05-21-ABI-S16,1,7,middle,0.0,0.0,False,False,False,True,0.1607142857142858,0.0,0.0,1.0,0.0,3.0,1.0,0.0,0.0,0.0,2.0,2.0,3.0,1.0,0.0,0.0,1.0,1.0,0.0,0.0,1.0,0.0,1.0,3.0,1.0,1.0,0.0,0.0,0.0,1.0,1.0,1.0,8.0,2.0,0.0,0.0,1.0,2.0,0.0,0.0,1.0,11.0,0.0,0.0,0.0,0.0,2.0,1.0,2.0,1.0,1.125,0.125,12.0,1.0,11.999988000012001,0.9230768520710114,0.0,0.0,1.0,0.0,0.0,0.0,0.0,0.0,0.0,0.0,0.0,0.0,5.0,6.0,0.4545454132231443,15.0,1.3636363636363635,1.0,0.0,0.0,0.0,0.0,0.0,0.0,1.1428571428571428,0.0,0.5,0.5,2.0714285714285716,0.07142857142857142,0.0,0.8330567727152823
2021ABI__2021-05-21-ABI-S16__Breakout Room 4 Session 3 2021-04-23 13-13-06_chunk3.mp4,2021ABI,2021-05-21-ABI-S16,2021-05-21-ABI-S16,2,7,middle,0.0,0.0,False,False,False,True,0.3902439024390245,0.0,0.0,1.0,0.0,3.0,1.0,0.0,0.0,0.0,3.0,2.0,3.0,1.0,1.0,0.0,1.0,0.0,0.0,0.0,1.0,0.0,1.0,,0.0,0.0,0.0,0.0,0.0,1.0,3.0,3.0,9.0,2.0,1.0,1.0,0.0,1.0,0.0,0.0,0.0,16.0,1.0,0.0,0.0,0.0,2.0,1.0,2.0,1.0,1.4444444444444444,0.4444444444444444,15.0,0.0,15000000.0,0.9999999333333378,0.0,0.0,0.0,0.0,1.0,0.0,0.0,0.0,0.0,0.0,0.0,0.0,16.0,0.0,0.9999999375000038,21.0,1.6153846153846154,1.0,0.0,0.0,0.0,0.0,0.0,0.0,0.0,0.0,0.0,0.0,2.375,0.375,0.0,-0.8604649237120855
2021ABI__2021-05-21-ABI-S16__Breakout Room 4 Session 3 2021-04-23 13-13-06_chunk4.mp4,2021ABI,2021-05-21-ABI-S16,2021-05-21-ABI-S16,3,7,middle,0.0,0.0,False,False,False,True,0.27941176470588225,0.0,1.0,0.0,0.0,3.0,1.0,0.0,0.0,0.0,4.0,3.0,3.0,1.0,1.0,1.0,1.0,0.0,0.0,0.0,0.0,0.0,0.0,,0.0,0.0,0.0,0.0,0.0,2.0,1.0,1.0,2.0,0.0,0.0,0.0,1.0,1.0,0.0,0.0,0.0,6.0,0.0,0.0,0.0,0.0,2.0,1.0,2.0,1.0,1.0,0.0,4.0,0.0,4000000.0,0.9999997500000625,0.0,0.0,0.0,0.0,0.0,0.0,0.0,0.0,0.0,0.0,0.0,0.0,5.0,1.0,0.8333331944444675,6.0,1.5,1.0,0.0,0.0,0.0,0.0,0.0,0.0,1.8333333333333333,0.0,0.0,0.0,2.3333333333333335,0.3333333333333333,0.0,0.035162278176026275
2021ABI__2021-05-21-ABI-S16__Breakout Room 4 Session 3 2021-04-23 13-13-06_chunk5.mp4,2021ABI,2021-05-21-ABI-S16,2021-05-21-ABI-S16,4,7,middle,0.0,0.0,False,False,False,True,0.23692152917505038,0.0,1.0,0.0,0.0,3.0,1.0,0.0,0.0,0.0,4.0,3.0,3.0,1.0,1.0,1.0,1.0,0.0,0.0,0.0,0.0,0.0,0.0,3.0,1.0,1.0,0.0,0.0,0.0,2.0,1.0,0.0,3.0,2.0,0.0,0.0,1.0,1.0,0.0,0.0,0.0,8.0,0.0,0.0,0.0,0.0,2.0,1.0,2.0,1.0,1.0,0.0,6.0,1.0,5.999994000006001,0.857142734693895,0.0,0.0,0.0,0.0,0.0,0.0,0.0,0.0,0.0,0.0,0.0,0.0,6.0,2.0,0.7499999062500118,7.0,1.4,1.0,0.0,0.0,0.0,0.0,0.0,0.0,1.875,0.0,0.0,0.0,2.5,0.5,0.0,0.05551744185530157
2021ABI__2021-05-21-ABI-S16__Breakout Room 4 Session 3 2021-04-23 13-13-06_chunk6.mp4,2021ABI,2021-05-21-ABI-S16,2021-05-21-ABI-S16,5,7,middle,0.0,0.0,False,False,False,True,0.41823899371069184,0.0,1.0,0.0,0.0,3.0,1.0,1.0,1.0,1.0,4.0,4.0,3.0,1.0,1.0,1.0,1.0,0.0,0.0,0.0,0.0,0.0,0.0,,0.0,0.0,0.0,0.0,0.0,2.0,0.0,0.0,4.0,2.0,0.0,1.0,5.0,3.0,0.0,0.0,0.0,11.0,0.0,0.0,0.0,0.0,,,1.3333333333333333,0.3333333333333333,1.5,0.5,8.0,1.0,7.9999920000080005,0.8888887901234679,0.0,0.0,0.0,0.0,0.0,0.0,0.0,0.0,0.0,0.0,0.0,0.0,11.0,0.0,0.9999999090909174,10.0,1.4285714285714286,1.0,1.0,0.0,0.0,1000000.0,0.0,0.0,1.2,0.0,0.0,0.0,2.2,0.2,0.0,-0.27423620974895785
2021ABI__2021-05-21-ABI-S16__Breakout Room 4 Session 3 2021-04-23 13-13-06_chunk7.mp4,2021ABI,2021-05-21-ABI-S16,2021-05-21-ABI-S16,6,7,end,0.0,0.0,False,False,False,True,0.21777777777777785,0.0,1.0,0.0,0.0,4.0,1.0,0.0,0.0,1.0,4.0,4.0,2.0,0.0,0.0,1.0,1.0,0.0,0.0,1.0,0.0,0.0,1.0,3.0,1.0,1.0,0.0,0.0,0.0,2.0,4.0,1.0,4.0,6.0,2.0,1.0,2.0,0.0,0.0,0.0,0.0,14.0,0.0,0.0,0.0,0.0,1.5,0.5,,,2.0,1.0,13.0,0.0,13000000.0,0.9999999230769291,0.0,0.0,0.0,0.0,0.0,0.0,0.0,0.0,0.0,1.0,0.0,1000000.0,14.0,0.0,0.9999999285714337,14.0,1.75,1.0,0.0,0.0,0.0,0.0,0.0,0.0,0.7916666666666666,0.08333333333333333,0.375,0.0,2.5833333333333335,0.5416666666666666,0.0,-0.14328043733298
2021ABI__2021-05-21-ABI-S1__Bot 4 Breakout Session 2  2021-05-21 10-58-43_chunk1.mp4,2021ABI,2021-05-21-ABI-S1,2021-05-21-ABI-S1,0,9,beginning,0.0,0.0,False,False,False,True,0.23203883495145616,0.0,0.0,1.0,0.0,3.0,1.0,0.0,0.0,0.0,2.0,1.0,3.0,1.0,1.0,1.0,1.0,1.0,0.0,0.0,0.0,0.0,1.0,,0.0,0.0,0.0,1.0,1.0,1.0,0.0,5.0,13.0,0.0,1.0,0.0,0.0,2.0,0.0,0.0,0.0,18.0,0.0,0.0,0.0,0.0,,,2.0,1.0,1.0,0.0,15.0,0.0,15000000.0,0.9999999333333378,0.0,0.0,0.0,0.0,0.0,0.0,0.0,0.0,0.0,0.0,0.0,0.0,10.0,8.0,0.5555555246913597,17.0,1.1333333333333333,1.0,0.0,0.0,0.0,0.0,0.0,0.0,0.0,0.0,0.0,0.0,2.0,0.0,0.0,-0.8604649237120855
2021ABI__2021-05-21-ABI-S1__Bot 4 Breakout Session 2  2021-05-21 10-58-43_chunk2.mp4,2021ABI,2021-05-21-ABI-S1,2021-05-21-ABI-S1,1,9,middle,0.0,0.0,False,False,False,True,0.43333333333333335,0.0,0.0,1.0,0.0,3.0,1.0,0.0,0.0,0.0,3.0,2.0,3.0,1.0,1.0,1.0,1.0,0.0,1.0,1.0,0.0,0.0,1.0,,0.0,0.0,0.0,0.0,0.0,1.0,4.0,5.0,6.0,3.0,1.0,0.0,2.0,2.0,0.0,0.0,3.0,5.0,1.0,0.0,0.0,0.0,1.5,0.5,2.0,1.0,1.0,0.0,13.0,2.0,6.499996750001625,0.8666666088888928,0.0,0.0,3.0,0.0,1.0,0.0,0.0,0.0,0.0,0.0,0.0,0.0,5.0,0.0,0.99999980000004,12.0,1.5,1.0,0.0,0.0,0.0,0.0,0.0,0.0,1.12,0.0,0.08,0.04,2.24,0.24,0.0,-0.22250143317235804
2021ABI__2021-05-21-ABI-S1__Bot 4 Breakout Session 2  2021-05-21 10-58-43_chunk3.mp4,2021ABI,2021-05-21-ABI-S1,2021-05-21-ABI-S1,2,9,middle,0.0,0.0,False,False,False,True,0.23391812865497075,0.0,0.0,1.0,0.0,3.0,1.0,0.0,0.0,0.0,3.0,2.0,3.0,1.0,1.0,1.0,1.0,0.0,0.0,0.0,1.0,0.0,1.0,,0.0,0.0,0.0,0.0,0.0,1.0,1.0,4.0,7.0,2.0,0.0,0.0,1.0,3.0,0.0,0.0,1.0,5.0,0.0,0.0,0.0,0.0,2.0,1.0,2.0,1.0,1.5714285714285714,0.5714285714285714,13.0,0.0,13000000.0,0.9999999230769291,0.0,0.0,1.0,0.0,0.0,0.0,0.0,0.0,1.0,0.0,0.0,0.0,3.0,2.0,0.599999880000024,19.0,1.7272727272727273,1.0,0.0,0.0,0.0,0.0,0.0,0.0,0.3333333333333333,0.0,0.0,0.0,2.3333333333333335,0.3333333333333333,0.0,-0.6976236142778834
2021ABI__2021-05-21-ABI-S1__Bot 4 Breakout Session 2  2021-05-21 10-58-43_chunk4.mp4,2021ABI,2021-05-21-ABI-S1,2021-05-21-ABI-S1,3,9,middle,0.0,0.0,False,False,False,True,0.2993827160493827,0.0,0.0,1.0,0.0,3.0,1.0,0.0,0.0,0.0,3.0,2.0,3.0,1.0,1.0,1.0,1.0,0.0,0.0,1.0,0.0,0.0,1.0,,0.0,0.0,0.0,0.0,0.0,1.0,4.0,4.0,6.0,4.0,0.0,1.0,0.0,1.0,0.0,0.0,1.0,7.0,1.0,0.0,0.0,0.0,1.75,0.75,2.0,1.0,1.4,0.4,13.0,2.0,6.499996750001625,0.8666666088888928,0.0,0.0,1.0,0.0,1.0,0.0,0.0,0.0,0.0,0.0,0.0,0.0,6.0,1.0,0.857142734693895,16.0,1.6,1.0,0.0,0.0,0.0,0.0,0.0,0.0,0.0,0.0,0.0,0.0,2.3333333333333335,0.3333333333333333,0.0,-0.8604649237120855
2021ABI__2021-05-21-ABI-S1__Bot 4 Breakout Session 2  2021-05-21 10-58-43_chunk5.mp4,2021ABI,2021-05-21-ABI-S1,2021-05-21-ABI-S1,4,9,middle,0.0,0.0,False,False,False,True,0.28936170212765955,0.0,0.0,1.0,0.0,3.0,1.0,0.0,0.0,0.0,3.0,2.0,3.0,1.0,0.0,0.0,1.0,0.0,0.0,0.0,0.0,0.0,0.0,,0.0,0.0,0.0,0.0,0.0,1.0,0.0,5.0,3.0,3.0,0.0,0.0,3.0,4.0,0.0,0.0,0.0,15.0,0.0,0.0,0.0,0.0,,,2.0,1.0,1.0,0.0,10.0,0.0,10000000.0,0.99999990000001,0.0,0.0,0.0,0.0,0.0,0.0,0.0,0.0,0.0,0.0,0.0,0.0,11.0,4.0,0.7333332844444478,11.0,1.5714285714285714,1.0,0.0,0.0,0.0,0.0,0.0,,,0.0,0.0,0.0,,,0.0,-0.6171441482000752
2021ABI__2021-05-21-ABI-S1__Bot 4 Breakout Session 2  2021-05-21 10-58-43_chunk6.mp4,2021ABI,2021-05-21-ABI-S1,2021-05-21-ABI-S1,5,9,middle,0.0,0.0,False,False,False,True,0.3600000000000001,0.0,0.0,1.0,0.0,3.0,1.0,0.0,0.0,0.0,3.0,2.0,3.0,1.0,1.0,1.0,1.0,0.0,0.0,0.0,0.0,0.0,0.0,,0.0,0.0,0.0,0.0,0.0,1.0,6.0,1.0,3.0,2.0,0.0,0.0,2.0,0.0,0.0,0.0,1.0,13.0,1.0,0.0,0.0,0.0,2.0,1.0,,,1.3333333333333333,0.3333333333333333,11.0,0.0,11000000.0,0.9999999090909174,0.0,0.0,1.0,0.0,1.0,0.0,0.0,0.0,0.0,0.0,0.0,0.0,13.0,0.0,0.9999999230769291,16.0,1.7777777777777777,1.0,0.0,0.0,0.0,0.0,0.0,0.0,1.0666666666666667,0.0,0.0,0.13333333333333333,2.2,0.2,0.0,-0.03665043071994447
2021ABI__2021-05-21-ABI-S1__Bot 4 Breakout Session 2  2021-05-21 10-58-43_chunk7.mp4,2021ABI,2021-05-21-ABI-S1,2021-05-21-ABI-S1,6,9,middle,0.0,0.0,False,False,False,True,0.35529715762273884,0.0,0.0,1.0,0.0,3.0,1.0,0.0,1.0,1.0,2.0,2.0,3.0,1.0,0.0,0.0,1.0,0.0,0.0,0.0,1.0,0.0,1.0,,0.0,0.0,0.0,0.0,0.0,2.0,6.0,1.0,4.0,3.0,1.0,3.0,5.0,5.0,0.0,0.0,1.0,22.0,0.0,0.0,0.0,0.0,1.5,0.5,1.8,0.8,1.75,0.75,16.0,0.0,16000000.0,0.9999999375000038,0.0,0.0,1.0,0.0,0.0,0.0,0.0,0.0,0.0,0.0,0.0,0.0,19.0,3.0,0.863636324380167,25.0,1.6666666666666667,1.0,0.0,0.0,0.0,0.0,0.0,0.0,0.0,0.0,0.0,0.0,2.3461538461538463,0.34615384615384615,0.0,-0.8604649237120855
2021ABI__2021-05-21-ABI-S1__Bot 4 Breakout Session 2  2021-05-21 10-58-43_chunk8.mp4,2021ABI,2021-05-21-ABI-S1,2021-05-21-ABI-S1,7,9,middle,0.0,0.0,False,False,False,True,0.5652173913043479,1.0,1.0,0.0,0.0,4.0,1.0,0.0,0.0,0.0,4.0,3.0,3.0,1.0,1.0,0.0,1.0,0.0,0.0,0.0,1.0,0.0,1.0,,0.0,0.0,0.0,0.0,0.0,2.0,5.0,5.0,1.0,6.0,1.0,0.0,3.0,2.0,0.0,0.0,0.0,4.0,0.0,0.0,0.0,0.0,2.0,1.0,2.0,1.0,,,14.0,0.0,14000000.0,0.9999999285714337,0.0,0.0,0.0,0.0,0.0,0.0,0.0,0.0,0.0,0.0,0.0,0.0,4.0,0.0,0.9999997500000625,14.0,2.0,1.0,0.0,0.0,0.0,0.0,0.0,,,0.0,0.0,0.0,,,0.0,-0.6171441482000752
2021ABI__2021-05-21-ABI-S1__Bot 4 Breakout Session 2 2021-05-21 10-57-08.mp4,2021ABI,2021-05-21-ABI-S1,2021-05-21-ABI-S1,8,9,end,0.0,0.0,False,False,False,True,0.34615384615384626,1.0,0.0,0.0,1.0,3.0,0.0,0.0,0.0,0.0,,3.0,0.0,0.0,0.0,0.0,1.0,0.0,0.0,0.0,0.0,0.0,0.0,,0.0,0.0,0.0,0.0,0.0,2.0,0.0,1.0,1.0,1.0,0.0,0.0,1.0,0.0,0.0,0.0,0.0,2.0,0.0,0.0,0.0,0.0,,,,,1.0,0.0,2.0,0.0,2000000.0,0.99999950000025,0.0,0.0,0.0,0.0,0.0,0.0,0.0,0.0,0.0,0.0,0.0,0.0,2.0,0.0,0.99999950000025,1.0,1.0,1.0,0.0,0.0,0.0,0.0,0.0,0.0,0.0,0.0,0.0,0.0,2.0,0.0,0.0,-0.8604649237120855
2021ABI__2021-05-21-ABI-S9__bot1 - 2021-05-21 13-08-36_chunk1.mp4,2021ABI,2021-05-21-ABI-S9,2021-05-21-ABI-S9,0,7,beginning,3.0,0.0,True,False,False,True,0.3642857142857141,0.0,0.0,0.0,1.0,3.0,0.0,0.0,0.0,0.0,,1.0,0.0,0.0,0.0,0.0,0.0,0.0,0.0,0.0,0.0,0.0,1.0,,0.0,0.0,0.0,0.0,1.0,2.0,0.0,0.0,9.0,0.0,1.0,1.0,19.0,0.0,0.0,0.0,0.0,9.0,0.0,0.0,0.0,0.0,,,,,1.0,0.0,9.0,0.0,9000000.0,0.9999998888889013,0.0,0.0,0.0,0.0,0.0,0.0,0.0,0.0,0.0,0.0,0.0,0.0,0.0,9.0,0.0,9.0,1.0,1.0,0.0,0.0,0.0,0.0,0.0,0.0,0.0,0.0,0.0,0.0,2.0285714285714285,0.02857142857142857,0.0,-0.8604649237120855
2021ABI__2021-05-21-ABI-S9__bot1 - 2021-05-21 13-08-36_chunk2.mp4,2021ABI,2021-05-21-ABI-S9,2021-05-21-ABI-S9,1,7,middle,3.0,0.0,True,False,False,True,0.4686971235194586,0.0,0.0,1.0,0.0,3.0,1.0,0.0,0.0,0.0,2.0,2.0,3.0,1.0,0.0,0.0,1.0,1.0,0.0,0.0,0.0,0.0,0.0,,0.0,0.0,0.0,0.0,0.0,1.0,1.0,0.0,4.0,0.0,0.0,0.0,0.0,2.0,0.0,0.0,0.0,7.0,0.0,0.0,0.0,0.0,2.0,1.0,1.5,0.5,1.5,0.5,7.0,0.0,7000000.0,0.9999998571428775,0.0,0.0,0.0,0.0,0.0,0.0,0.0,0.0,0.0,0.0,0.0,0.0,7.0,0.0,0.9999998571428775,11.0,1.5714285714285714,1.0,0.0,0.0,0.0,0.0,0.0,0.0,0.0,0.0,0.0,0.0,2.2857142857142856,0.2857142857142857,0.0,-0.8604649237120855
2021ABI__2021-05-21-ABI-S9__bot1 - 2021-05-21 13-08-36_chunk3.mp4,2021ABI,2021-05-21-ABI-S9,2021-05-21-ABI-S9,2,7,middle,3.0,0.0,True,False,False,True,0.3142857142857143,0.0,0.0,1.0,0.0,3.0,1.0,0.0,0.0,0.0,3.0,2.0,3.0,1.0,1.0,1.0,1.0,0.0,0.0,1.0,0.0,0.0,1.0,,0.0,0.0,0.0,0.0,1.0,1.0,0.0,3.0,3.0,0.0,0.0,0.0,0.0,1.0,0.0,0.0,0.0,7.0,0.0,0.0,0.0,0.0,,,2.0,1.0,1.6666666666666667,0.6666666666666666,4.0,0.0,4000000.0,0.9999997500000625,0.0,0.0,0.0,0.0,0.0,0.0,0.0,0.0,0.0,0.0,0.0,0.0,5.0,2.0,0.7142856122449125,7.0,1.75,1.0,0.0,0.0,0.0,0.0,0.0,0.0,2.0,0.0,1.0,0.42857142857142855,2.2857142857142856,0.2857142857142857,0.0,1.0896189061875015
2021ABI__2021-05-21-ABI-S9__bot1 - 2021-05-21 13-08-36_chunk4.mp4,2021ABI,2021-05-21-ABI-S9,2021-05-21-ABI-S9,3,7,middle,3.0,0.0,True,False,False,True,0.28181818181818197,0.0,0.0,1.0,0.0,3.0,1.0,0.0,0.0,0.0,3.0,2.0,3.0,1.0,1.0,1.0,1.0,0.0,0.0,0.0,1.0,0.0,1.0,3.0,1.0,1.0,0.0,0.0,0.0,1.0,1.0,2.0,4.0,1.0,0.0,1.0,0.0,0.0,0.0,0.0,0.0,8.0,0.0,0.0,0.0,0.0,1.0,0.0,,,1.0,0.0,5.0,1.0,4.999995000005001,0.8333331944444675,0.0,0.0,0.0,0.0,0.0,0.0,0.0,0.0,0.0,0.0,0.0,0.0,4.0,4.0,0.4999999375000079,5.0,1.0,1.0,0.0,0.0,0.0,0.0,0.0,0.0,0.0,0.0,0.0,0.0,2.0,0.0,0.1111111111111111,-0.8604649237120855
2021ABI__2021-05-21-ABI-S9__bot1 - 2021-05-21 13-08-36_chunk5.mp4,2021ABI,2021-05-21-ABI-S9,2021-05-21-ABI-S9,4,7,middle,3.0,0.0,True,False,False,True,0.3107438016528925,0.0,0.0,1.0,0.0,3.0,1.0,0.0,0.0,0.0,3.0,2.0,3.0,1.0,0.0,0.0,1.0,0.0,0.0,0.0,1.0,0.0,1.0,3.0,1.0,1.0,0.0,0.0,0.0,1.0,4.0,3.0,4.0,1.0,0.0,0.0,0.0,0.0,0.0,0.0,0.0,12.0,0.0,0.0,0.0,0.0,1.5,0.5,,,2.0,1.0,9.0,0.0,9000000.0,0.9999998888889013,0.0,0.0,0.0,0.0,0.0,0.0,0.0,0.0,0.0,0.0,0.0,0.0,8.0,4.0,0.6666666111111158,14.0,1.75,1.0,0.0,0.0,0.0,0.0,0.0,0.0,1.0769230769230769,0.0,0.0,0.0,2.3076923076923075,0.3076923076923077,0.0,-0.33436223169389406
2021ABI__2021-05-21-ABI-S9__bot1 - 2021-05-21 13-08-36_chunk6.mp4,2021ABI,2021-05-21-ABI-S9,2021-05-21-ABI-S9,5,7,middle,3.0,0.0,True,False,False,True,0.35106382978723394,0.0,0.0,1.0,0.0,3.0,1.0,0.0,1.0,1.0,3.0,2.0,3.0,1.0,0.0,0.0,1.0,0.0,1.0,0.0,1.0,0.0,1.0,3.0,1.0,1.0,0.0,0.0,0.0,2.0,3.0,2.0,3.0,2.0,0.0,1.0,3.0,3.0,0.0,0.0,0.0,9.0,0.0,0.0,0.0,0.0,1.6666666666666667,0.6666666666666666,2.0,1.0,1.3333333333333333,0.3333333333333333,9.0,1.0,8.999991000009,0.8999999100000091,0.0,0.0,0.0,0.0,0.0,0.0,0.0,0.0,0.0,0.0,0.0,0.0,8.0,1.0,0.8888887901234679,15.0,1.6666666666666667,1.0,0.0,0.0,0.0,0.0,0.0,0.0,0.0,0.0,0.0,0.0,2.1875,0.1875,0.0,-0.8604649237120855
2021ABI__2021-05-21-ABI-S9__bot1 - 2021-05-21 13-08-36_chunk7.mp4,2021ABI,2021-05-21-ABI-S9,2021-05-21-ABI-S9,6,7,end,3.0,0.0,True,False,False,True,0.4312499999999999,1.0,1.0,0.0,0.0,3.0,0.0,0.0,0.0,0.0,2.0,3.0,1.0,0.0,0.0,0.0,1.0,0.0,0.0,0.0,1.0,0.0,1.0,,0.0,0.0,0.0,0.0,0.0,2.0,3.0,1.0,3.0,4.0,2.0,0.0,3.0,0.0,0.0,0.0,0.0,16.0,0.0,0.0,0.0,0.0,1.3333333333333333,0.3333333333333333,,,1.0,0.0,10.0,0.0,10000000.0,0.99999990000001,0.0,0.0,0.0,0.0,0.0,0.0,0.0,0.0,0.0,0.0,0.0,0.0,16.0,0.0,0.9999999375000038,7.0,1.1666666666666667,1.0,0.0,0.0,0.0,0.0,0.0,0.0,0.0,0.0,0.0,0.0,2.25,0.25,0.0,-0.8604649237120855
2021ABI__2021-05-20-ABI-S8__botB2 - 2021-05-20 12-34-37_chunk1.mp4,2021ABI,2021-05-20-ABI-S8,2021-05-20-ABI-S8,0,8,beginning,1.0,0.0,True,False,False,True,0.346774193548387,0.0,0.0,0.0,1.0,3.0,0.0,0.0,1.0,1.0,1.0,1.0,0.0,0.0,0.0,0.0,1.0,0.0,0.0,0.0,0.0,0.0,0.0,,0.0,0.0,0.0,0.0,1.0,2.0,0.0,0.0,1.0,0.0,0.0,0.0,39.0,0.0,0.0,0.0,0.0,1.0,0.0,0.0,0.0,0.0,,,,,0.0,0.0,1.0,0.0,1000000.0,0.9999990000010001,0.0,0.0,0.0,0.0,0.0,0.0,0.0,0.0,0.0,0.0,0.0,0.0,1.0,0.0,0.9999990000010001,0.0,0.0,0.0,0.0,0.0,0.0,0.0,0.0,0.0,0.0,0.0,0.0,0.0,2.0,0.0,0.0,-0.8604649237120855
2021ABI__2021-05-20-ABI-S8__botB2 - 2021-05-20 12-34-37_chunk2.mp4,2021ABI,2021-05-20-ABI-S8,2021-05-20-ABI-S8,1,8,middle,1.0,0.0,True,False,False,True,0.2885338345864663,0.0,0.0,1.0,0.0,3.0,1.0,0.0,0.0,0.0,1.0,1.0,0.0,0.0,1.0,0.0,0.0,0.0,1.0,0.0,1.0,0.0,1.0,,0.0,0.0,0.0,1.0,1.0,2.0,0.0,3.0,8.0,0.0,0.0,0.0,6.0,0.0,0.0,0.0,0.0,7.0,0.0,0.0,0.0,0.0,,,,,1.0,0.0,8.0,0.0,8000000.0,0.9999998750000157,0.0,0.0,0.0,0.0,0.0,0.0,0.0,0.0,0.0,0.0,0.0,0.0,3.0,4.0,0.4285713673469475,8.0,1.0,1.0,0.0,0.0,0.0,0.0,0.0,0.0,1.6666666666666667,0.0,0.6,0.0,2.4,0.4,0.0,-0.04625837654107475
2021ABI__2021-05-20-ABI-S8__botB2 - 2021-05-20 12-34-37_chunk3.mp4,2021ABI,2021-05-20-ABI-S8,2021-05-20-ABI-S8,2,8,middle,1.0,0.0,True,False,False,True,0.18902439024390238,0.0,0.0,1.0,0.0,3.0,1.0,0.0,0.0,0.0,2.0,2.0,3.0,1.0,1.0,0.0,1.0,1.0,0.0,0.0,1.0,0.0,1.0,,0.0,0.0,1.0,0.0,0.0,1.0,2.0,1.0,3.0,4.0,0.0,0.0,0.0,1.0,0.0,0.0,0.0,10.0,0.0,0.0,0.0,0.0,2.0,1.0,2.0,1.0,1.0,0.0,9.0,1.0,8.999991000009,0.8999999100000091,0.0,0.0,0.0,0.0,0.0,0.0,0.0,0.0,0.0,0.0,0.0,0.0,7.0,3.0,0.699999930000007,9.0,1.5,1.0,0.0,0.0,0.0,0.0,0.0,0.0,1.7272727272727273,0.0,0.7272727272727273,0.36363636363636365,2.909090909090909,0.7272727272727273,0.0,0.8089554146361282
2021ABI__2021-05-20-ABI-S8__botB2 - 2021-05-20 12-34-37_chunk4.mp4,2021ABI,2021-05-20-ABI-S8,2021-05-20-ABI-S8,3,8,middle,1.0,0.0,True,False,False,True,0.18421052631578938,0.0,0.0,1.0,0.0,3.0,1.0,0.0,0.0,0.0,3.0,2.0,3.0,1.0,1.0,0.0,1.0,0.0,0.0,0.0,1.0,0.0,1.0,3.0,1.0,1.0,0.0,1.0,0.0,1.0,2.0,3.0,10.0,3.0,0.0,0.0,0.0,0.0,0.0,0.0,0.0,8.0,0.0,0.0,0.0,0.0,2.0,1.0,,,1.2,0.2,15.0,0.0,15000000.0,0.9999999333333378,0.0,0.0,0.0,0.0,0.0,0.0,0.0,0.0,0.0,0.0,0.0,0.0,5.0,3.0,0.6249999218750099,16.0,1.3333333333333333,1.0,0.0,0.0,0.0,0.0,0.0,0.0,0.0,0.0,0.058823529411764705,0.0,2.1176470588235294,0.11764705882352941,0.0,-0.8604649237120855
2021ABI__2021-05-20-ABI-S8__botB2 - 2021-05-20 12-34-37_chunk5.mp4,2021ABI,2021-05-20-ABI-S8,2021-05-20-ABI-S8,4,8,middle,1.0,0.0,True,False,False,True,0.37765957446808507,1.0,0.0,1.0,0.0,3.0,1.0,0.0,0.0,0.0,3.0,2.0,3.0,1.0,1.0,1.0,1.0,0.0,0.0,1.0,0.0,0.0,1.0,,0.0,0.0,1.0,0.0,0.0,1.0,1.0,3.0,4.0,1.0,1.0,0.0,0.0,2.0,0.0,0.0,0.0,2.0,0.0,0.0,0.0,0.0,2.0,1.0,2.0,1.0,1.25,0.25,8.0,0.0,8000000.0,0.9999998750000157,0.0,0.0,0.0,0.0,0.0,0.0,0.0,0.0,0.0,0.0,0.0,0.0,2.0,0.0,0.99999950000025,11.0,1.5714285714285714,1.0,0.0,0.0,0.0,0.0,0.0,0.0,1.0,0.0,0.2,0.3,2.6,0.6,0.0,0.30918418589658286
2021ABI__2021-05-20-ABI-S8__botB2 - 2021-05-20 12-34-37_chunk6.mp4,2021ABI,2021-05-20-ABI-S8,2021-05-20-ABI-S8,5,8,middle,1.0,0.0,True,False,False,True,0.32692307692307687,1.0,1.0,0.0,0.0,3.0,1.0,1.0,1.0,1.0,4.0,4.0,3.0,1.0,1.0,0.0,1.0,0.0,0.0,1.0,0.0,0.0,1.0,,0.0,0.0,0.0,0.0,1.0,2.0,3.0,4.0,10.0,7.0,0.0,0.0,7.0,0.0,0.0,0.0,0.0,8.0,0.0,0.0,0.0,0.0,1.6666666666666667,0.6666666666666666,,,1.9,0.9,19.0,0.0,19000000.0,0.9999999473684238,0.0,0.0,0.0,0.0,0.0,0.0,0.0,0.0,0.0,0.0,1.0,0.0,8.0,0.0,0.9999998750000157,24.0,1.8461538461538463,1.0,0.0,0.0,0.0,0.0,0.0,0.0,0.6428571428571429,0.0,0.5238095238095238,0.0,2.2142857142857144,0.21428571428571427,0.0,-0.5464138269461243
2021ABI__2021-05-20-ABI-S8__botB2 - 2021-05-20 12-34-37_chunk7.mp4,2021ABI,2021-05-20-ABI-S8,2021-05-20-ABI-S8,6,8,middle,1.0,0.0,True,False,False,True,0.36458333333333326,1.0,1.0,0.0,0.0,4.0,1.0,1.0,1.0,1.0,4.0,4.0,3.0,1.0,1.0,1.0,1.0,0.0,1.0,0.0,1.0,0.0,1.0,3.0,1.0,1.0,1.0,1.0,0.0,2.0,5.0,6.0,11.0,5.0,1.0,1.0,4.0,3.0,0.0,0.0,0.0,5.0,0.0,0.0,0.0,0.0,1.6,0.6,2.0,1.0,1.7272727272727273,0.7272727272727273,22.0,2.0,10.99999450000275,0.9166666284722238,0.0,0.0,0.0,0.0,0.0,0.0,0.0,0.0,0.0,0.0,0.0,0.0,5.0,0.0,0.99999980000004,33.0,1.736842105263158,1.0,0.0,0.0,0.0,0.0,0.0,0.0,0.22448979591836735,0.0,0.0,0.0,2.326530612244898,0.32653061224489793,0.0,-0.7507962867461943
2021ABI__2021-05-20-ABI-S8__botB2 - 2021-05-20 12-34-37_chunk8.mp4,2021ABI,2021-05-20-ABI-S8,2021-05-20-ABI-S8,7,8,end,1.0,0.0,True,False,False,True,0.3246753246753247,0.0,1.0,0.0,0.0,4.0,1.0,1.0,1.0,1.0,4.0,4.0,3.0,1.0,1.0,1.0,1.0,0.0,0.0,1.0,0.0,0.0,1.0,,0.0,0.0,0.0,0.0,0.0,2.0,2.0,2.0,4.0,4.0,1.0,0.0,2.0,0.0,0.0,0.0,0.0,4.0,0.0,0.0,0.0,0.0,1.0,0.0,,,1.25,0.25,7.0,2.0,3.499998250000875,0.7777776913580343,0.0,0.0,0.0,0.0,0.0,0.0,0.0,0.0,0.0,1.0,0.0,1000000.0,2.0,2.0,0.49999987500003124,7.0,1.1666666666666667,1.0,0.0,0.0,0.0,0.0,0.0,0.0,0.0,0.0,0.05555555555555555,0.0,2.0,0.0,0.0,-0.8604649237120855
2021ABI__2021-05-20-ABI-S7__botB1 - 2021-05-20 12-34-57_chunk1.mp4,2021ABI,2021-05-20-ABI-S7,2021-05-20-ABI-S7,0,8,beginning,1.0,1.0,True,True,True,True,0.34156378600823034,0.0,0.0,0.0,1.0,3.0,1.0,0.0,1.0,1.0,2.0,1.0,0.0,0.0,0.0,0.0,1.0,1.0,0.0,0.0,0.0,0.0,0.0,,0.0,0.0,0.0,0.0,0.0,2.0,0.0,2.0,7.0,1.0,0.0,0.0,8.0,0.0,0.0,0.0,1.0,4.0,0.0,0.0,0.0,0.0,,,,,1.1428571428571428,0.14285714285714285,8.0,0.0,8000000.0,0.9999998750000157,0.0,0.0,1.0,0.0,0.0,0.0,0.0,0.0,0.0,0.0,0.0,0.0,4.0,0.0,0.9999997500000625,8.0,1.1428571428571428,1.0,0.0,0.0,0.0,0.0,0.0,0.0,0.0,0.0,0.0,0.0,2.238095238095238,0.23809523809523808,0.0,-0.8604649237120855
2021ABI__2021-05-20-ABI-S7__botB1 - 2021-05-20 12-34-57_chunk2.mp4,2021ABI,2021-05-20-ABI-S7,2021-05-20-ABI-S7,1,8,middle,1.0,1.0,True,True,True,True,0.449685534591195,0.0,0.0,1.0,0.0,3.0,1.0,0.0,0.0,0.0,3.0,2.0,3.0,1.0,1.0,0.0,1.0,1.0,1.0,0.0,0.0,0.0,0.0,3.0,1.0,1.0,0.0,0.0,0.0,1.0,2.0,0.0,4.0,0.0,0.0,0.0,1.0,0.0,0.0,0.0,1.0,7.0,1.0,0.0,0.0,0.0,2.0,1.0,,,1.0,0.0,6.0,0.0,6000000.0,0.9999998333333611,0.0,0.0,1.0,0.0,1.0,0.0,0.0,0.0,0.0,0.0,0.0,0.0,3.0,4.0,0.4285713673469475,8.0,1.3333333333333333,1.0,0.0,0.0,0.0,0.0,0.0,0.0,0.0,0.0,0.0,0.0,2.2,0.2,0.0,-0.8604649237120855
2021ABI__2021-05-20-ABI-S7__botB1 - 2021-05-20 12-34-57_chunk3.mp4,2021ABI,2021-05-20-ABI-S7,2021-05-20-ABI-S7,2,8,middle,1.0,1.0,True,True,True,True,0.34571428571428586,0.0,0.0,1.0,0.0,3.0,1.0,0.0,0.0,0.0,3.0,2.0,3.0,1.0,1.0,1.0,1.0,1.0,1.0,0.0,1.0,0.0,1.0,3.0,1.0,1.0,1.0,0.0,0.0,1.0,3.0,2.0,2.0,1.0,0.0,0.0,0.0,1.0,0.0,0.0,0.0,5.0,0.0,0.0,0.0,0.0,2.0,1.0,1.0,0.0,1.0,0.0,7.0,0.0,7000000.0,0.9999998571428775,0.0,0.0,0.0,0.0,0.0,0.0,0.0,0.0,0.0,0.0,0.0,0.0,3.0,2.0,0.599999880000024,9.0,1.5,1.0,0.0,0.0,0.0,0.0,0.0,0.0,1.8571428571428572,0.14285714285714285,0.7142857142857143,0.14285714285714285,2.4285714285714284,0.42857142857142855,0.0,0.9376014843777138
2021ABI__2021-05-20-ABI-S7__botB1 - 2021-05-20 12-34-57_chunk4.mp4,2021ABI,2021-05-20-ABI-S7,2021-05-20-ABI-S7,3,8,middle,1.0,1.0,True,True,True,True,0.24285714285714288,0.0,0.0,1.0,0.0,3.0,1.0,0.0,0.0,0.0,3.0,2.0,3.0,1.0,0.0,0.0,1.0,0.0,0.0,0.0,1.0,0.0,1.0,3.0,1.0,1.0,0.0,0.0,0.0,1.0,1.0,5.0,5.0,5.0,0.0,1.0,0.0,0.0,0.0,0.0,0.0,17.0,0.0,0.0,0.0,0.0,2.0,1.0,,,1.8,0.8,9.0,2.0,4.499997750001125,0.8181817438016598,0.0,0.0,0.0,0.0,0.0,0.0,0.0,0.0,0.0,0.0,0.0,0.0,8.0,9.0,0.47058820761245834,11.0,1.8333333333333333,1.0,0.0,0.0,0.0,0.0,0.0,0.0,0.0,0.0,0.0,0.0,2.3529411764705883,0.35294117647058826,0.0,-0.8604649237120855
2021ABI__2021-05-20-ABI-S7__botB1 - 2021-05-20 12-34-57_chunk5.mp4,2021ABI,2021-05-20-ABI-S7,2021-05-20-ABI-S7,4,8,middle,1.0,1.0,True,True,True,True,0.07894736842105265,0.0,0.0,1.0,0.0,3.0,1.0,0.0,0.0,0.0,3.0,2.0,3.0,1.0,1.0,1.0,1.0,0.0,0.0,0.0,0.0,0.0,0.0,3.0,1.0,1.0,0.0,0.0,1.0,1.0,2.0,1.0,3.0,2.0,0.0,1.0,0.0,0.0,0.0,0.0,1.0,7.0,1.0,0.0,0.0,0.0,2.0,1.0,,,1.0,0.0,7.0,0.0,7000000.0,0.9999998571428775,0.0,0.0,1.0,0.0,1.0,0.0,0.0,0.0,0.0,0.0,0.0,0.0,6.0,1.0,0.857142734693895,7.0,1.4,1.0,0.0,0.0,0.0,0.0,0.0,0.0,1.625,0.0,0.875,0.75,2.625,0.625,0.0,1.636199413044805
2021ABI__2021-05-20-ABI-S7__botB1 - 2021-05-20 12-34-57_chunk6.mp4,2021ABI,2021-05-20-ABI-S7,2021-05-20-ABI-S7,5,8,middle,1.0,1.0,True,True,True,True,0.20995145631067968,0.0,0.0,1.0,0.0,3.0,1.0,0.0,1.0,0.0,3.0,2.0,3.0,1.0,1.0,1.0,1.0,0.0,1.0,0.0,1.0,0.0,1.0,,0.0,0.0,1.0,0.0,0.0,2.0,5.0,1.0,3.0,0.0,0.0,1.0,3.0,1.0,0.0,0.0,1.0,12.0,0.0,0.0,0.0,0.0,2.0,1.0,2.0,1.0,1.0,0.0,9.0,0.0,9000000.0,0.9999998888889013,0.0,0.0,1.0,0.0,0.0,0.0,0.0,0.0,1.0,0.0,0.0,0.0,10.0,2.0,0.8333332638888947,15.0,1.6666666666666667,1.0,0.0,1.0,0.0,1000000.0,0.0,0.0,1.5,0.07142857142857142,0.7857142857142857,0.07142857142857142,2.5714285714285716,0.5714285714285714,0.0,0.3177248107914464
2021ABI__2021-05-20-ABI-S7__botB1 - 2021-05-20 12-34-57_chunk7.mp4,2021ABI,2021-05-20-ABI-S7,2021-05-20-ABI-S7,6,8,middle,1.0,1.0,True,True,True,True,0.5156599552572707,1.0,0.0,0.0,1.0,3.0,1.0,0.0,1.0,1.0,2.0,2.0,0.0,0.0,0.0,0.0,1.0,0.0,0.0,0.0,0.0,0.0,0.0,,0.0,0.0,0.0,0.0,0.0,2.0,2.0,0.0,1.0,1.0,1.0,1.0,4.0,2.0,0.0,0.0,0.0,12.0,0.0,0.0,0.0,0.0,1.5,0.5,1.5,0.5,1.0,0.0,6.0,0.0,6000000.0,0.9999998333333611,0.0,0.0,0.0,0.0,0.0,0.0,0.0,0.0,0.0,0.0,0.0,0.0,9.0,3.0,0.7499999375000053,7.0,1.4,1.0,0.0,0.0,0.0,0.0,0.0,0.0,0.0,0.0,0.0,0.0,2.0833333333333335,0.08333333333333333,0.0,-0.8604649237120855
2021ABI__2021-05-20-ABI-S7__botB1 - 2021-05-20 12-34-57_chunk8.mp4,2021ABI,2021-05-20-ABI-S7,2021-05-20-ABI-S7,7,8,end,1.0,1.0,True,True,True,True,0.51,1.0,0.0,0.0,1.0,3.0,0.0,0.0,0.0,0.0,,2.0,0.0,0.0,0.0,0.0,0.0,0.0,1.0,0.0,1.0,0.0,1.0,,0.0,0.0,0.0,0.0,0.0,2.0,0.0,0.0,0.0,0.0,3.0,0.0,3.0,0.0,0.0,0.0,0.0,2.0,0.0,0.0,0.0,0.0,,,,,,,0.0,0.0,0.0,0.0,0.0,0.0,0.0,0.0,0.0,0.0,0.0,0.0,0.0,0.0,0.0,0.0,2.0,0.0,0.99999950000025,0.0,,,0.0,0.0,0.0,0.0,0.0,0.0,0.6666666666666666,0.0,0.6666666666666666,0.0,2.3333333333333335,0.3333333333333333,0.0,-0.5347823048436813
2021ABI__2021-05-21-ABI-S6__bot6p3 Zoom Meeting - Room 6 2021-05-21 10-59-51_chunk1.mp4,2021ABI,2021-05-21-ABI-S6,2021-05-21-ABI-S6,0,10,beginning,0.0,0.0,False,False,False,True,0.28955696202531644,0.0,0.0,1.0,0.0,3.0,1.0,0.0,1.0,1.0,1.0,1.0,0.0,0.0,0.0,0.0,0.0,0.0,0.0,0.0,0.0,0.0,1.0,,0.0,0.0,0.0,1.0,0.0,1.0,0.0,1.0,10.0,2.0,0.0,0.0,11.0,0.0,0.0,0.0,0.0,13.0,0.0,0.0,0.0,0.0,,,,,1.9,0.9,12.0,0.0,12000000.0,0.9999999166666736,0.0,0.0,0.0,0.0,0.0,0.0,0.0,0.0,0.0,0.0,0.0,0.0,8.0,5.0,0.615384568047341,19.0,1.9,1.0,0.0,0.0,0.0,0.0,0.0,0.0,0.0,0.0,0.0,0.0,2.0,0.0,0.0,-0.8604649237120855
2021ABI__2021-05-21-ABI-S6__bot6p3 Zoom Meeting - Room 6 2021-05-21 10-59-51_chunk2.mp4,2021ABI,2021-05-21-ABI-S6,2021-05-21-ABI-S6,1,10,middle,0.0,0.0,False,False,False,True,0.39655172413793105,0.0,0.0,1.0,0.0,3.0,1.0,1.0,0.0,0.0,2.0,2.0,3.0,1.0,1.0,1.0,1.0,1.0,0.0,0.0,0.0,0.0,0.0,3.0,1.0,1.0,1.0,1.0,1.0,1.0,2.0,2.0,4.0,2.0,0.0,0.0,1.0,0.0,0.0,0.0,0.0,9.0,0.0,0.0,0.0,0.0,1.0,0.0,,,1.0,0.0,7.0,0.0,7000000.0,0.9999998571428775,0.0,0.0,0.0,0.0,0.0,0.0,0.0,0.0,0.0,1.0,0.0,1000000.0,8.0,1.0,0.8888887901234679,6.0,1.0,1.0,0.0,0.0,0.0,0.0,0.0,0.0,1.3636363636363635,0.0,0.09090909090909091,0.0,2.5454545454545454,0.5454545454545454,0.0,-0.19429593057216768
2021ABI__2021-05-21-ABI-S6__bot6p3 Zoom Meeting - Room 6 2021-05-21 10-59-51_chunk3.mp4,2021ABI,2021-05-21-ABI-S6,2021-05-21-ABI-S6,2,10,middle,0.0,0.0,False,False,False,True,0.13055555555555554,0.0,0.0,1.0,0.0,3.0,1.0,0.0,0.0,0.0,2.0,2.0,3.0,1.0,1.0,1.0,1.0,0.0,0.0,0.0,1.0,0.0,1.0,3.0,1.0,1.0,0.0,0.0,0.0,1.0,2.0,0.0,4.0,4.0,0.0,0.0,0.0,2.0,0.0,0.0,0.0,12.0,0.0,0.0,0.0,0.0,2.0,1.0,1.5,0.5,1.5,0.5,9.0,3.0,2.9999990000003334,0.7499999375000053,0.0,0.0,0.0,0.0,0.0,0.0,0.0,0.0,0.0,0.0,0.0,0.0,10.0,2.0,0.8333332638888947,13.0,1.625,1.0,0.0,0.0,0.0,0.0,0.0,0.0,2.5384615384615383,0.0,0.9230769230769231,0.9230769230769231,2.3076923076923075,0.38461538461538464,0.0,2.4754040675362603
2021ABI__2021-05-21-ABI-S6__bot6p3 Zoom Meeting - Room 6 2021-05-21 10-59-51_chunk4.mp4,2021ABI,2021-05-21-ABI-S6,2021-05-21-ABI-S6,3,10,middle,0.0,0.0,False,False,False,True,0.19066666666666654,0.0,0.0,1.0,0.0,3.0,1.0,0.0,0.0,0.0,2.0,2.0,3.0,1.0,1.0,1.0,1.0,0.0,0.0,0.0,0.0,0.0,0.0,3.0,1.0,1.0,0.0,0.0,1.0,1.0,1.0,1.0,2.0,4.0,0.0,0.0,0.0,2.0,0.0,0.0,0.0,10.0,0.0,0.0,0.0,0.0,1.0,0.0,2.0,1.0,1.0,0.0,8.0,1.0,7.9999920000080005,0.8888887901234679,0.0,0.0,0.0,0.0,0.0,0.0,0.0,0.0,0.0,0.0,0.0,0.0,8.0,2.0,0.7999999200000081,7.0,1.4,1.0,0.0,0.0,0.0,0.0,0.0,0.0,2.6,0.0,0.9,0.0,2.4,0.4,0.0,0.40969728987469134
2021ABI__2021-05-21-ABI-S6__bot6p3 Zoom Meeting - Room 6 2021-05-21 10-59-51_chunk5.mp4,2021ABI,2021-05-21-ABI-S6,2021-05-21-ABI-S6,4,10,middle,0.0,0.0,False,False,False,True,0.12745098039215685,0.0,0.0,1.0,0.0,3.0,1.0,0.0,0.0,0.0,3.0,2.0,3.0,1.0,1.0,1.0,1.0,0.0,0.0,0.0,0.0,0.0,0.0,,0.0,0.0,0.0,0.0,0.0,1.0,2.0,3.0,5.0,5.0,0.0,1.0,0.0,1.0,0.0,0.0,0.0,16.0,0.0,0.0,0.0,0.0,2.0,1.0,2.0,1.0,1.8,0.8,13.0,0.0,13000000.0,0.9999999230769291,0.0,0.0,0.0,0.0,0.0,0.0,0.0,0.0,0.0,0.0,0.0,0.0,14.0,2.0,0.8749999453125034,15.0,1.875,1.0,0.0,0.0,0.0,0.0,0.0,0.0,1.25,0.0,0.0,0.0,2.625,0.625,0.0,-0.24981001333382746
2021ABI__2021-05-21-ABI-S6__bot6p3 Zoom Meeting - Room 6 2021-05-21 10-59-51_chunk6.mp4,2021ABI,2021-05-21-ABI-S6,2021-05-21-ABI-S6,5,10,middle,0.0,0.0,False,False,False,True,0.342911877394636,0.0,1.0,0.0,0.0,4.0,1.0,1.0,1.0,1.0,4.0,4.0,3.0,1.0,1.0,1.0,1.0,0.0,1.0,0.0,1.0,0.0,1.0,,0.0,0.0,1.0,0.0,0.0,2.0,6.0,2.0,3.0,5.0,3.0,1.0,2.0,4.0,0.0,0.0,1.0,4.0,0.0,0.0,0.0,0.0,1.6666666666666667,0.6666666666666666,2.0,1.0,1.0,0.0,16.0,1.0,15.999984000016001,0.9411764152249167,0.0,0.0,1.0,0.0,0.0,0.0,0.0,0.0,0.0,1.0,0.0,1000000.0,2.0,2.0,0.49999987500003124,21.0,1.6153846153846154,1.0,0.0,0.0,0.0,0.0,0.0,0.0,0.0,0.0,0.0,0.0,2.2,0.2,0.0,-0.8604649237120855
2021ABI__2021-05-21-ABI-S6__bot6p3 Zoom Meeting - Room 6 2021-05-21 10-59-51_chunk7.mp4,2021ABI,2021-05-21-ABI-S6,2021-05-21-ABI-S6,6,10,middle,0.0,0.0,False,False,False,True,0.349537037037037,0.0,1.0,0.0,0.0,4.0,1.0,0.0,1.0,1.0,4.0,3.0,3.0,1.0,1.0,1.0,1.0,0.0,0.0,1.0,0.0,0.0,1.0,3.0,1.0,1.0,1.0,0.0,0.0,2.0,3.0,5.0,11.0,2.0,0.0,1.0,0.0,1.0,0.0,0.0,0.0,23.0,0.0,0.0,0.0,0.0,1.0,0.0,2.0,1.0,1.0,0.0,17.0,0.0,17000000.0,0.999999941176474,0.0,0.0,0.0,0.0,0.0,0.0,0.0,0.0,0.0,0.0,0.0,0.0,23.0,0.0,0.999999956521741,16.0,1.0666666666666667,1.0,0.0,0.0,0.0,0.0,0.0,0.0,0.0,0.0,0.0,0.0,2.1923076923076925,0.19230769230769232,0.0,-0.8604649237120855
2021ABI__2021-05-21-ABI-S6__bot6p3 Zoom Meeting - Room 6 2021-05-21 10-59-51_chunk8.mp4,2021ABI,2021-05-21-ABI-S6,2021-05-21-ABI-S6,7,10,middle,0.0,0.0,False,False,False,True,0.30512820512820515,0.0,1.0,0.0,0.0,3.0,1.0,0.0,1.0,0.0,4.0,4.0,2.0,0.0,1.0,1.0,1.0,0.0,0.0,0.0,1.0,0.0,1.0,3.0,1.0,1.0,0.0,1.0,0.0,2.0,2.0,2.0,6.0,5.0,2.0,0.0,1.0,0.0,0.0,0.0,0.0,6.0,0.0,0.0,0.0,0.0,1.5,0.5,,,1.1666666666666667,0.16666666666666666,13.0,0.0,13000000.0,0.9999999230769291,0.0,0.0,0.0,0.0,0.0,0.0,0.0,0.0,0.0,0.0,0.0,0.0,6.0,0.0,0.9999998333333611,10.0,1.25,1.0,0.0,0.0,0.0,0.0,0.0,,,0.0,0.0,0.0,,,0.0,-0.6171441482000752
2021ABI__2021-05-21-ABI-S6__bot6p1 Zoom Meeting - Room 6 2021-05-21 10-58-23.mp4,2021ABI,2021-05-21-ABI-S6,2021-05-21-ABI-S6,8,10,middle,0.0,0.0,False,False,False,True,0.30263157894736836,0.0,0.0,0.0,1.0,3.0,0.0,0.0,0.0,1.0,,4.0,0.0,0.0,0.0,0.0,1.0,0.0,0.0,0.0,1.0,0.0,1.0,,0.0,0.0,0.0,0.0,0.0,2.0,0.0,1.0,0.0,3.0,1.0,0.0,5.0,0.0,0.0,0.0,0.0,2.0,0.0,0.0,0.0,0.0,,,,,,,3.0,0.0,3000000.0,0.9999996666667778,0.0,0.0,0.0,0.0,0.0,0.0,0.0,0.0,0.0,0.0,0.0,0.0,2.0,0.0,0.99999950000025,0.0,,,0.0,0.0,0.0,0.0,0.0,0.0,0.3333333333333333,0.08333333333333333,0.25,0.0,2.0833333333333335,0.08333333333333333,0.0,-0.36718723780500806
2021ABI__2021-05-21-ABI-S6__bot6p2 Zoom Meeting - Room 6 2021-05-21 10-59-29.mp4,2021ABI,2021-05-21-ABI-S6,2021-05-21-ABI-S6,9,10,end,0.0,0.0,False,False,False,True,0.3030303030303032,1.0,0.0,0.0,1.0,3.0,0.0,0.0,0.0,0.0,,4.0,0.0,0.0,0.0,0.0,1.0,0.0,0.0,0.0,0.0,0.0,0.0,,0.0,0.0,0.0,0.0,0.0,2.0,0.0,0.0,0.0,0.0,0.0,0.0,4.0,0.0,0.0,0.0,0.0,1.0,0.0,0.0,0.0,0.0,,,,,,,0.0,0.0,0.0,0.0,0.0,0.0,0.0,0.0,0.0,0.0,0.0,0.0,0.0,0.0,0.0,0.0,1.0,0.0,0.9999990000010001,0.0,,,0.0,0.0,0.0,0.0,0.0,0.0,0.6,0.0,0.0,0.0,2.0,0.0,0.0,-0.5673505667305218
2021ABI__2021-05-21-ABI-S8__botB3 - 2021-05-21 10-58-38_chunk1.mp4,2021ABI,2021-05-21-ABI-S8,2021-05-21-ABI-S8,0,8,beginning,2.0,0.0,True,False,False,True,0.1373887854334781,0.0,0.0,1.0,0.0,3.0,0.0,0.0,0.0,0.0,1.0,1.0,0.0,0.0,0.0,0.0,0.0,0.0,0.0,0.0,0.0,0.0,0.0,,0.0,0.0,0.0,0.0,1.0,1.0,0.0,0.0,9.0,0.0,1.0,0.0,0.0,0.0,0.0,0.0,0.0,9.0,0.0,0.0,0.0,0.0,,,,,1.0,0.0,9.0,0.0,9000000.0,0.9999998888889013,0.0,0.0,0.0,0.0,0.0,0.0,0.0,0.0,0.0,0.0,0.0,0.0,0.0,9.0,0.0,9.0,1.0,1.0,0.0,0.0,0.0,0.0,0.0,0.0,0.0,0.0,0.0,0.0,2.0,0.0,0.0,-0.8604649237120855
2021ABI__2021-05-21-ABI-S8__botB3 - 2021-05-21 10-58-38_chunk2.mp4,2021ABI,2021-05-21-ABI-S8,2021-05-21-ABI-S8,1,8,middle,2.0,0.0,True,False,False,True,0.47754137115839246,0.0,0.0,1.0,0.0,3.0,1.0,0.0,0.0,0.0,2.0,1.0,3.0,1.0,0.0,0.0,1.0,1.0,1.0,0.0,1.0,0.0,1.0,,0.0,0.0,0.0,0.0,1.0,2.0,3.0,0.0,4.0,0.0,1.0,4.0,14.0,0.0,0.0,0.0,0.0,7.0,0.0,0.0,0.0,0.0,1.3333333333333333,0.3333333333333333,,,0.5,0.0,7.0,0.0,7000000.0,0.9999998571428775,0.0,0.0,0.0,0.0,0.0,0.0,0.0,0.0,0.0,0.0,0.0,0.0,3.0,4.0,0.4285713673469475,6.0,0.8571428571428571,0.7142857142857143,0.0,0.0,0.0,0.0,0.0,0.0,0.0,0.0,0.0,0.0,2.269230769230769,0.2692307692307692,0.0,-0.8604649237120855
2021ABI__2021-05-21-ABI-S8__botB3 - 2021-05-21 10-58-38_chunk3.mp4,2021ABI,2021-05-21-ABI-S8,2021-05-21-ABI-S8,2,8,middle,2.0,0.0,True,False,False,True,0.20285714285714285,0.0,0.0,1.0,0.0,3.0,1.0,0.0,0.0,0.0,2.0,1.0,3.0,1.0,1.0,1.0,1.0,0.0,1.0,0.0,1.0,0.0,1.0,3.0,1.0,1.0,1.0,1.0,0.0,1.0,1.0,3.0,6.0,2.0,0.0,0.0,0.0,1.0,0.0,0.0,0.0,10.0,0.0,0.0,0.0,0.0,2.0,1.0,2.0,1.0,1.3333333333333333,0.3333333333333333,9.0,1.0,8.999991000009,0.8999999100000091,0.0,0.0,0.0,0.0,0.0,0.0,0.0,0.0,0.0,0.0,0.0,0.0,7.0,3.0,0.699999930000007,12.0,1.5,1.0,0.0,0.0,0.0,0.0,0.0,0.0,1.6666666666666667,0.08333333333333333,0.9166666666666666,0.75,2.75,0.6666666666666666,0.0,1.9869909531969558
2021ABI__2021-05-21-ABI-S8__botB3 - 2021-05-21 10-58-38_chunk4.mp4,2021ABI,2021-05-21-ABI-S8,2021-05-21-ABI-S8,3,8,middle,2.0,0.0,True,False,False,True,0.2857142857142856,0.0,0.0,1.0,0.0,3.0,1.0,0.0,0.0,0.0,2.0,2.0,3.0,1.0,1.0,1.0,1.0,0.0,0.0,0.0,0.0,0.0,0.0,,0.0,0.0,0.0,0.0,0.0,1.0,3.0,2.0,4.0,1.0,0.0,0.0,1.0,2.0,0.0,0.0,0.0,11.0,1.0,0.0,0.0,0.0,1.3333333333333333,0.3333333333333333,2.0,1.0,1.25,0.25,8.0,1.0,7.9999920000080005,0.8888887901234679,0.0,0.0,0.0,0.0,1.0,0.0,0.0,0.0,0.0,0.0,0.0,0.0,6.0,5.0,0.5454544958677732,13.0,1.4444444444444444,1.0,0.0,0.0,0.0,0.0,0.0,,,0.0,0.0,0.0,,,0.0,-0.6171441482000752
2021ABI__2021-05-21-ABI-S8__botB3 - 2021-05-21 10-58-38_chunk5.mp4,2021ABI,2021-05-21-ABI-S8,2021-05-21-ABI-S8,4,8,middle,2.0,0.0,True,False,False,True,0.15588235294117658,0.0,0.0,1.0,0.0,4.0,1.0,0.0,0.0,0.0,2.0,2.0,3.0,1.0,1.0,1.0,1.0,0.0,1.0,0.0,1.0,0.0,1.0,3.0,1.0,1.0,0.0,1.0,0.0,1.0,2.0,2.0,7.0,5.0,5.0,0.0,0.0,3.0,0.0,0.0,0.0,2.0,0.0,0.0,0.0,0.0,2.0,1.0,2.0,1.0,1.0,0.0,14.0,3.0,4.666665111111629,0.8235293633218022,0.0,0.0,0.0,0.0,0.0,0.0,0.0,0.0,0.0,0.0,0.0,0.0,1.0,1.0,0.499999750000125,17.0,1.4166666666666667,1.0,0.0,1.0,0.0,1000000.0,0.0,0.0,0.65625,0.0,0.90625,0.0,2.1875,0.1875,0.0,-0.5398710957635
2021ABI__2021-05-21-ABI-S8__botB3 - 2021-05-21 10-58-38_chunk6.mp4,2021ABI,2021-05-21-ABI-S8,2021-05-21-ABI-S8,5,8,middle,2.0,0.0,True,False,False,True,0.3802197802197802,0.0,0.0,1.0,0.0,3.0,1.0,0.0,0.0,0.0,2.0,2.0,3.0,1.0,0.0,0.0,1.0,0.0,1.0,0.0,1.0,0.0,1.0,3.0,1.0,1.0,1.0,1.0,1.0,1.0,4.0,6.0,7.0,7.0,1.0,0.0,0.0,1.0,0.0,0.0,0.0,16.0,0.0,0.0,0.0,0.0,1.75,0.75,2.0,1.0,1.1428571428571428,0.14285714285714285,14.0,5.0,2.799999440000112,0.7368420664819965,0.0,0.0,0.0,0.0,0.0,0.0,0.0,0.0,0.0,0.0,0.0,0.0,11.0,5.0,0.6874999570312527,17.0,1.4166666666666667,1.0,0.0,0.0,0.0,0.0,0.0,0.0,0.8846153846153846,0.0,0.0,0.0,2.269230769230769,0.23076923076923078,0.0,-0.4283091409828568
2021ABI__2021-05-21-ABI-S8__botB3 - 2021-05-21 10-58-38_chunk7.mp4,2021ABI,2021-05-21-ABI-S8,2021-05-21-ABI-S8,6,8,middle,2.0,0.0,True,False,False,True,0.2333333333333334,0.0,0.0,1.0,0.0,3.0,1.0,0.0,0.0,0.0,2.0,2.0,3.0,1.0,1.0,0.0,1.0,0.0,1.0,0.0,1.0,0.0,1.0,3.0,1.0,1.0,1.0,0.0,0.0,1.0,6.0,1.0,2.0,6.0,1.0,0.0,2.0,2.0,0.0,0.0,0.0,19.0,0.0,0.0,0.0,0.0,1.6666666666666667,0.6666666666666666,1.5,0.5,1.5,0.5,13.0,3.0,4.33333188888937,0.8124999492187531,0.0,0.0,0.0,0.0,0.0,0.0,0.0,0.0,0.0,0.0,0.0,0.0,14.0,5.0,0.7368420664819965,16.0,1.6,1.0,0.0,0.0,0.0,0.0,0.0,0.0,0.25,0.0,0.0,0.0,2.4,0.4,0.0,-0.738333941636434
2021ABI__2021-05-21-ABI-S8__botB3 - 2021-05-21 10-58-38_chunk8.mp4,2021ABI,2021-05-21-ABI-S8,2021-05-21-ABI-S8,7,8,end,2.0,0.0,True,False,False,True,0.446969696969697,0.0,0.0,1.0,0.0,4.0,1.0,0.0,1.0,1.0,2.0,2.0,3.0,1.0,1.0,0.0,0.0,0.0,1.0,1.0,0.0,0.0,1.0,,0.0,0.0,0.0,0.0,0.0,1.0,5.0,2.0,2.0,5.0,6.0,1.0,3.0,2.0,0.0,0.0,2.0,4.0,1.0,0.0,0.0,0.0,1.6,0.6,1.5,0.5,,,14.0,0.0,14000000.0,0.9999999285714337,0.0,0.0,2.0,0.0,1.0,0.0,0.0,0.0,1.0,0.0,0.0,0.0,3.0,1.0,0.7499998125000469,11.0,1.5714285714285714,1.0,0.0,0.0,0.0,0.0,0.0,,,0.0,0.0,0.0,,,0.0,-0.6171441482000752
2021CMC__2021-10-07-CMC-S2__B1 - Zoom Meeting - Room 1 2021-10-07 12-36-41_chunk1.mp4,2021CMC,2021-10-07-CMC-S2,2021-10-07-CMC-S2,0,8,beginning,1.0,1.0,True,True,True,True,0.22456140350877196,0.0,0.0,1.0,0.0,3.0,0.0,0.0,0.0,0.0,2.0,1.0,0.0,0.0,0.0,0.0,0.0,0.0,1.0,0.0,0.0,0.0,1.0,,0.0,0.0,0.0,0.0,0.0,2.0,6.0,1.0,6.0,0.0,1.0,6.0,5.0,0.0,0.0,0.0,0.0,6.0,0.0,0.0,0.0,0.0,1.0,0.0,,,1.0,0.0,12.0,0.0,12000000.0,0.9999999166666736,0.0,0.0,0.0,0.0,0.0,0.0,0.0,0.0,0.0,0.0,0.0,0.0,0.0,6.0,0.0,12.0,1.0,1.0,0.0,0.0,0.0,0.0,0.0,0.0,2.0714285714285716,0.07142857142857142,0.2857142857142857,0.0,2.0,0.0,0.0,0.43470867903434973
2021CMC__2021-10-07-CMC-S2__B1 - Zoom Meeting - Room 1 2021-10-07 12-36-41_chunk2.mp4,2021CMC,2021-10-07-CMC-S2,2021-10-07-CMC-S2,1,8,middle,1.0,1.0,True,True,True,True,0.2889072847682119,0.0,0.0,1.0,0.0,3.0,1.0,0.0,0.0,0.0,2.0,1.0,0.0,0.0,0.0,0.0,0.0,1.0,0.0,0.0,0.0,0.0,1.0,,0.0,0.0,0.0,0.0,0.0,2.0,6.0,0.0,5.0,0.0,7.0,4.0,0.0,3.0,0.0,0.0,0.0,7.0,0.0,0.0,0.0,0.0,1.3333333333333333,0.3333333333333333,2.0,1.0,1.0,0.0,14.0,0.0,14000000.0,0.9999999285714337,0.0,0.0,0.0,0.0,0.0,0.0,0.0,0.0,0.0,0.0,0.0,0.0,2.0,5.0,0.285714244897965,15.0,1.5,1.0,0.0,1.0,0.0,1000000.0,0.0,0.0,1.3846153846153846,0.15384615384615385,0.5384615384615384,0.07692307692307693,2.1538461538461537,0.15384615384615385,0.38461538461538464,0.6006366928891556
2021CMC__2021-10-07-CMC-S2__B1 - Zoom Meeting - Room 1 2021-10-07 12-36-41_chunk3.mp4,2021CMC,2021-10-07-CMC-S2,2021-10-07-CMC-S2,2,8,middle,1.0,1.0,True,True,True,True,0.28903654485049834,0.0,0.0,1.0,0.0,3.0,1.0,0.0,0.0,0.0,2.0,1.0,3.0,1.0,0.0,1.0,0.0,0.0,0.0,0.0,0.0,0.0,1.0,,0.0,0.0,0.0,0.0,1.0,1.0,5.0,9.0,6.0,5.0,1.0,2.0,1.0,3.0,0.0,0.0,1.0,18.0,0.0,0.0,0.0,0.0,2.0,1.0,1.0,0.0,1.5,0.5,18.0,1.0,17.999982000018,0.9473683711911383,0.0,0.0,1.0,0.0,0.0,0.0,0.0,0.0,0.0,0.0,0.0,0.0,5.0,2.0,0.7142856122449125,16.0,1.4545454545454546,1.0,1.0,1.0,0.0,2000000.0,0.0,0.0,1.3157894736842106,0.05263157894736842,0.10526315789473684,0.0,2.0,0.0,0.21052631578947367,-0.00897362238368197
2021CMC__2021-10-07-CMC-S2__B1 - Zoom Meeting - Room 1 2021-10-07 12-36-41_chunk4.mp4,2021CMC,2021-10-07-CMC-S2,2021-10-07-CMC-S2,3,8,middle,1.0,1.0,True,True,True,True,0.33694581280788194,0.0,0.0,1.0,0.0,3.0,1.0,0.0,0.0,0.0,2.0,2.0,2.0,0.0,0.0,1.0,0.0,0.0,0.0,1.0,0.0,0.0,1.0,,0.0,0.0,0.0,0.0,0.0,1.0,4.0,3.0,8.0,4.0,1.0,4.0,1.0,2.0,0.0,0.0,0.0,16.0,0.0,0.0,0.0,0.0,1.5,0.5,1.0,0.0,1.0,0.0,16.0,2.0,7.999996000002,0.8888888395061756,0.0,0.0,0.0,0.0,0.0,0.0,0.0,0.0,0.0,0.0,0.0,0.0,1.0,6.0,0.1428571224489825,16.0,1.1428571428571428,1.0,0.0,3.0,0.0,3000000.0,0.0,0.0,1.2857142857142858,0.09523809523809523,0.38095238095238093,0.14285714285714285,2.1904761904761907,0.19047619047619047,0.14285714285714285,0.4696241673631529
2021CMC__2021-10-07-CMC-S2__B1 - Zoom Meeting - Room 1 2021-10-07 12-36-41_chunk5.mp4,2021CMC,2021-10-07-CMC-S2,2021-10-07-CMC-S2,4,8,middle,1.0,1.0,True,True,True,True,0.4599332220367278,0.0,0.0,1.0,0.0,3.0,1.0,0.0,0.0,0.0,2.0,2.0,3.0,1.0,0.0,1.0,0.0,0.0,1.0,0.0,1.0,0.0,1.0,,0.0,0.0,0.0,0.0,0.0,1.0,5.0,1.0,3.0,5.0,1.0,0.0,1.0,0.0,0.0,0.0,2.0,0.0,0.0,0.0,0.0,0.0,2.0,1.0,,,1.3333333333333333,0.3333333333333333,10.0,3.0,3.3333322222225923,0.7692307100591762,0.0,0.0,2.0,0.0,0.0,0.0,0.0,0.0,0.0,0.0,0.0,0.0,0.0,0.0,0.0,14.0,1.75,1.0,0.0,1.0,0.0,1000000.0,0.0,0.0,2.375,0.125,0.5,0.0,2.25,0.25,0.0,0.795433970715918
2021CMC__2021-10-07-CMC-S2__B1 - Zoom Meeting - Room 1 2021-10-07 12-36-41_chunk6.mp4,2021CMC,2021-10-07-CMC-S2,2021-10-07-CMC-S2,5,8,middle,1.0,1.0,True,True,True,True,0.20192307692307687,0.0,1.0,0.0,0.0,3.0,1.0,0.0,1.0,1.0,2.0,2.0,0.0,0.0,0.0,1.0,1.0,0.0,1.0,0.0,1.0,0.0,1.0,3.0,1.0,1.0,0.0,0.0,0.0,2.0,3.0,4.0,6.0,4.0,3.0,2.0,5.0,1.0,0.0,0.0,0.0,12.0,0.0,0.0,0.0,0.0,1.5,0.5,2.0,1.0,1.1666666666666667,0.3333333333333333,13.0,1.0,12.999987000013,0.9285713622449028,0.0,0.0,0.0,0.0,0.0,0.0,0.0,0.0,0.0,0.0,0.0,0.0,5.0,5.0,0.499999950000005,12.0,1.3333333333333333,0.8888888888888888,0.0,0.0,0.0,0.0,0.0,0.0,0.5833333333333334,0.16666666666666666,0.3333333333333333,0.08333333333333333,2.0416666666666665,0.041666666666666664,0.08333333333333333,0.274581559995203
2021CMC__2021-10-07-CMC-S2__B1 - Zoom Meeting - Room 1 2021-10-07 12-36-41_chunk7.mp4,2021CMC,2021-10-07-CMC-S2,2021-10-07-CMC-S2,6,8,middle,1.0,1.0,True,True,True,True,0.3340122199592668,0.0,1.0,0.0,0.0,3.0,0.0,0.0,1.0,1.0,2.0,2.0,1.0,0.0,0.0,0.0,1.0,0.0,0.0,0.0,0.0,0.0,1.0,,0.0,0.0,0.0,0.0,0.0,2.0,1.0,7.0,5.0,8.0,4.0,6.0,11.0,9.0,3.0,0.0,0.0,17.0,0.0,0.0,0.0,0.0,1.0,0.0,1.3333333333333333,0.3333333333333333,1.2,0.2,21.0,2.0,10.499994750002624,0.9130434385633287,0.0,0.0,0.0,3.0,0.0,0.0,0.0,0.0,0.0,0.0,0.0,0.0,6.0,2.0,0.7499999062500118,19.0,1.2666666666666666,1.0,1.0,4.0,0.0,5000000.0,0.0,0.0,1.391304347826087,0.06521739130434782,0.30434782608695654,0.1956521739130435,2.0217391304347827,0.021739130434782608,0.06521739130434782,0.5220349981047012
2021CMC__2021-10-07-CMC-S2__B1 - Zoom Meeting - Room 1 2021-10-07 12-36-41_chunk8.mp4,2021CMC,2021-10-07-CMC-S2,2021-10-07-CMC-S2,7,8,end,1.0,1.0,True,True,True,True,0.0,1.0,0.0,0.0,1.0,1.0,0.0,0.0,1.0,0.0,,2.0,0.0,0.0,0.0,0.0,0.0,0.0,0.0,0.0,0.0,0.0,0.0,,0.0,0.0,0.0,0.0,0.0,2.0,0.0,0.0,0.0,0.0,0.0,0.0,0.0,0.0,0.0,0.0,0.0,0.0,0.0,0.0,0.0,0.0,,,,,,,0.0,0.0,0.0,0.0,0.0,0.0,0.0,0.0,0.0,0.0,0.0,0.0,0.0,0.0,0.0,0.0,0.0,0.0,0.0,0.0,,,0.0,0.0,0.0,0.0,0.0,0.0,,0.0,0.0,0.0,1.0,0.0,1.0,-0.6171441482000752
2021CMC__2021-10-08-CMC-S1__2021-10-08_09-59-21_chunk1.mp4,2021CMC,2021-10-08-CMC-S1,2021-10-08-CMC-S1,0,8,beginning,3.0,2.0,True,True,True,True,0.5196130400212033,1.0,0.0,0.0,1.0,3.0,0.0,0.0,0.0,0.0,,1.0,0.0,0.0,1.0,0.0,0.0,0.0,0.0,0.0,0.0,0.0,1.0,,0.0,0.0,0.0,1.0,1.0,2.0,0.0,0.0,13.0,1.0,4.0,13.0,7.0,0.0,0.0,0.0,0.0,12.0,1.0,3.0,1.0,0.0,,,,,1.0,0.0,14.0,0.0,14000000.0,0.9999999285714337,0.0,0.0,0.0,0.0,1.0,3.0,1.0,0.0,0.0,0.0,0.0,0.0,0.0,12.0,0.0,13.0,1.0,1.0,0.0,0.0,0.0,0.0,0.0,0.0,0.5365853658536586,0.024390243902439025,0.21951219512195122,0.024390243902439025,2.0,0.0,0.0,-0.446241016118133
2021CMC__2021-10-08-CMC-S1__2021-10-08_09-59-21_chunk2.mp4,2021CMC,2021-10-08-CMC-S1,2021-10-08-CMC-S1,1,8,middle,3.0,2.0,True,True,True,True,0.3129117259552041,0.0,0.0,1.0,0.0,3.0,1.0,0.0,0.0,0.0,2.0,1.0,3.0,1.0,1.0,1.0,0.0,0.0,0.0,0.0,0.0,0.0,0.0,,0.0,0.0,0.0,0.0,0.0,1.0,0.0,3.0,5.0,1.0,1.0,2.0,0.0,0.0,0.0,0.0,1.0,6.0,1.0,0.0,0.0,0.0,,,,,1.0,0.0,6.0,0.0,6000000.0,0.9999998333333611,0.0,0.0,1.0,0.0,1.0,0.0,0.0,0.0,0.0,0.0,0.0,0.0,0.0,6.0,0.0,5.0,1.0,1.0,0.0,0.0,0.0,0.0,0.0,0.0,,0.0,0.0,0.3333333333333333,2.0,0.0,0.6666666666666666,0.518064487310028
2021CMC__2021-10-08-CMC-S1__2021-10-08_09-59-21_chunk3.mp4,2021CMC,2021-10-08-CMC-S1,2021-10-08-CMC-S1,2,8,middle,3.0,2.0,True,True,True,True,0.30024213075060535,0.0,0.0,1.0,0.0,3.0,1.0,0.0,0.0,0.0,2.0,1.0,2.0,0.0,1.0,1.0,0.0,0.0,1.0,0.0,1.0,0.0,1.0,3.0,1.0,1.0,0.0,1.0,1.0,1.0,0.0,0.0,0.0,0.0,0.0,0.0,0.0,0.0,0.0,0.0,0.0,7.0,0.0,0.0,0.0,0.0,,,,,,,0.0,1.0,0.0,0.0,0.0,0.0,0.0,0.0,0.0,0.0,0.0,0.0,0.0,0.0,0.0,0.0,0.0,6.0,0.0,0.0,,,0.0,0.0,1.0,0.0,0.0,0.0,0.7777777777777778,0.1111111111111111,0.1111111111111111,0.1111111111111111,2.2222222222222223,0.2222222222222222,0.1111111111111111,0.21234855260046523
2021CMC__2021-10-08-CMC-S1__2021-10-08_09-59-21_chunk4.mp4,2021CMC,2021-10-08-CMC-S1,2021-10-08-CMC-S1,3,8,middle,3.0,2.0,True,True,True,True,0.40254237288135597,1.0,0.0,1.0,0.0,3.0,1.0,0.0,0.0,0.0,3.0,1.0,3.0,1.0,1.0,1.0,0.0,0.0,0.0,0.0,1.0,0.0,1.0,,0.0,0.0,0.0,1.0,1.0,1.0,2.0,0.0,3.0,3.0,2.0,1.0,2.0,1.0,0.0,0.0,0.0,6.0,1.0,0.0,0.0,0.0,2.0,1.0,2.0,1.0,0.3333333333333333,0.0,9.0,0.0,9000000.0,0.9999998888889013,0.0,0.0,0.0,0.0,1.0,0.0,0.0,0.0,0.0,0.0,0.0,0.0,2.0,3.0,0.399999920000016,7.0,1.1666666666666667,0.6666666666666666,0.0,4.0,0.0,4000000.0,0.0,0.0,0.46153846153846156,0.07692307692307693,0.8461538461538461,0.07692307692307693,2.5384615384615383,0.5384615384615384,0.15384615384615385,-0.15532666536513545
2021CMC__2021-10-08-CMC-S1__2021-10-08_09-59-21_chunk5.mp4,2021CMC,2021-10-08-CMC-S1,2021-10-08-CMC-S1,4,8,middle,3.0,2.0,True,True,True,True,0.37693050193050204,0.0,0.0,1.0,0.0,2.0,1.0,0.0,0.0,0.0,2.0,1.0,2.0,0.0,0.0,1.0,0.0,0.0,0.0,0.0,1.0,0.0,1.0,,0.0,0.0,0.0,0.0,0.0,1.0,10.0,2.0,2.0,4.0,2.0,3.0,2.0,4.0,0.0,0.0,0.0,15.0,0.0,0.0,0.0,0.0,1.6,0.6,1.0,0.0,2.0,1.0,20.0,0.0,20000000.0,0.9999999500000024,0.0,0.0,0.0,0.0,0.0,0.0,0.0,0.0,0.0,0.0,0.0,0.0,0.0,15.0,0.0,22.0,1.5714285714285714,1.0,1.0,2.0,0.0,3000000.0,0.0,0.0,0.3,0.05,0.1,0.0,2.35,0.35,0.0,-0.5156459193375783
2021CMC__2021-10-08-CMC-S1__2021-10-08_09-59-21_chunk6.mp4,2021CMC,2021-10-08-CMC-S1,2021-10-08-CMC-S1,5,8,middle,3.0,2.0,True,True,True,True,0.6429118773946361,0.0,0.0,0.0,0.0,3.0,1.0,0.0,0.0,0.0,2.0,1.0,3.0,1.0,1.0,1.0,0.0,0.0,1.0,0.0,0.0,0.0,1.0,,0.0,0.0,0.0,0.0,1.0,1.0,0.0,0.0,0.0,0.0,0.0,0.0,0.0,0.0,0.0,0.0,0.0,7.0,0.0,0.0,0.0,0.0,,,,,,,0.0,1.0,0.0,0.0,0.0,0.0,0.0,0.0,0.0,0.0,0.0,0.0,0.0,0.0,0.0,0.0,0.0,5.0,0.0,0.0,,,0.0,0.0,1.0,0.0,0.0,0.0,0.9473684210526315,0.10526315789473684,0.2631578947368421,0.05263157894736842,2.1578947368421053,0.15789473684210525,0.15789473684210525,0.13923618238350038
2021CMC__2021-10-08-CMC-S1__2021-10-08_09-59-21_chunk7.mp4,2021CMC,2021-10-08-CMC-S1,2021-10-08-CMC-S1,6,8,middle,3.0,2.0,True,True,True,True,0.4419642857142858,0.0,0.0,0.0,1.0,2.0,0.0,0.0,1.0,1.0,,1.0,0.0,0.0,0.0,0.0,0.0,1.0,0.0,0.0,0.0,0.0,1.0,,0.0,0.0,0.0,0.0,0.0,2.0,3.0,10.0,0.0,8.0,2.0,3.0,9.0,3.0,0.0,0.0,0.0,7.0,0.0,0.0,0.0,0.0,1.0,0.0,1.3333333333333333,0.3333333333333333,,,13.0,1.0,12.999987000013,0.9285713622449028,0.0,0.0,0.0,0.0,0.0,0.0,0.0,0.0,0.0,0.0,0.0,0.0,3.0,0.0,0.9999996666667778,7.0,1.1666666666666667,1.0,2.0,1.0,0.0,3000000.0,0.0,0.0,0.017241379310344827,0.06896551724137931,0.1206896551724138,0.017241379310344827,2.0172413793103448,0.017241379310344827,0.1206896551724138,-0.5394323845737953
2021CMC__2021-10-08-CMC-S1__2021-10-08_09-59-21_chunk8.mp4,2021CMC,2021-10-08-CMC-S1,2021-10-08-CMC-S1,7,8,end,3.0,2.0,True,True,True,True,0.5195427728613569,0.0,1.0,0.0,0.0,3.0,0.0,0.0,1.0,1.0,,2.0,0.0,0.0,0.0,0.0,1.0,0.0,1.0,0.0,1.0,0.0,1.0,,0.0,0.0,0.0,0.0,0.0,2.0,1.0,0.0,1.0,1.0,8.0,1.0,10.0,9.0,0.0,1.0,0.0,25.0,0.0,0.0,0.0,0.0,1.0,0.0,1.0,0.0,1.0,0.0,12.0,0.0,12000000.0,0.9999999166666736,1.0,0.0,0.0,0.0,0.0,0.0,0.0,0.0,0.0,0.0,0.0,0.0,4.0,4.0,0.4999999375000079,11.0,1.0,1.0,0.0,2.0,0.0,2000000.0,0.0,0.0,0.4857142857142857,0.17142857142857143,0.37142857142857144,0.08571428571428572,2.0285714285714285,0.17142857142857143,0.02857142857142857,0.25118015343797057
2021CMC__2021-10-08-CMC-S5__B4 - 2021-10-08 10-59-30_chunk1.mp4,2021CMC,2021-10-08-CMC-S5,2021-10-08-CMC-S5,0,8,beginning,3.0,2.0,True,True,True,True,0.465302249932231,0.0,0.0,0.0,1.0,3.0,0.0,0.0,0.0,0.0,,1.0,0.0,0.0,1.0,0.0,0.0,0.0,0.0,0.0,1.0,0.0,1.0,,0.0,0.0,0.0,1.0,1.0,2.0,0.0,0.0,14.0,0.0,7.0,15.0,12.0,0.0,0.0,0.0,0.0,14.0,1.0,0.0,0.0,0.0,,,,,1.0,0.0,14.0,0.0,14000000.0,0.9999999285714337,0.0,0.0,0.0,0.0,1.0,0.0,0.0,0.0,0.0,0.0,0.0,0.0,0.0,14.0,0.0,14.0,1.0,1.0,0.0,1.0,0.0,1000000.0,0.0,0.0,0.9387755102040817,0.08163265306122448,0.30612244897959184,0.0,2.0,0.0,0.0,-0.07815784671988311
2021CMC__2021-10-08-CMC-S5__B4 - 2021-10-08 10-59-30_chunk2.mp4,2021CMC,2021-10-08-CMC-S5,2021-10-08-CMC-S5,1,8,middle,3.0,2.0,True,True,True,True,0.3163265306122449,0.0,0.0,1.0,0.0,3.0,1.0,0.0,0.0,0.0,2.0,1.0,3.0,1.0,1.0,1.0,0.0,0.0,1.0,0.0,0.0,0.0,0.0,,0.0,0.0,0.0,0.0,0.0,1.0,3.0,4.0,3.0,0.0,0.0,2.0,1.0,0.0,0.0,0.0,0.0,6.0,2.0,0.0,0.0,0.0,1.3333333333333333,0.3333333333333333,,,1.0,0.0,6.0,0.0,6000000.0,0.9999998333333611,0.0,0.0,0.0,0.0,2.0,0.0,0.0,0.0,0.0,0.0,0.0,0.0,0.0,6.0,0.0,7.0,1.1666666666666667,1.0,0.0,0.0,0.0,0.0,0.0,0.0,1.6,0.0,0.1,0.0,2.1,0.1,0.1,-0.07882663842791515
2021CMC__2021-10-08-CMC-S5__B4 - 2021-10-08 10-59-30_chunk3.mp4,2021CMC,2021-10-08-CMC-S5,2021-10-08-CMC-S5,2,8,middle,3.0,2.0,True,True,True,True,0.29062980030721963,0.0,0.0,1.0,0.0,2.0,1.0,0.0,0.0,0.0,2.0,1.0,3.0,1.0,0.0,0.0,0.0,0.0,1.0,0.0,1.0,0.0,1.0,,0.0,0.0,0.0,1.0,0.0,2.0,6.0,2.0,2.0,3.0,1.0,2.0,2.0,1.0,0.0,0.0,0.0,7.0,0.0,0.0,0.0,0.0,1.3333333333333333,0.3333333333333333,1.0,0.0,0.5,0.0,11.0,2.0,5.499997250001375,0.8461537810650938,0.0,0.0,0.0,0.0,0.0,0.0,0.0,0.0,0.0,0.0,0.0,0.0,0.0,6.0,0.0,10.0,1.1111111111111112,0.8888888888888888,0.0,0.0,1.0,0.0,0.0,0.0,,0.0,0.0,0.0,2.1666666666666665,0.16666666666666666,0.08333333333333333,-0.6171441482000752
2021CMC__2021-10-08-CMC-S5__B4 - 2021-10-08 10-59-30_chunk4.mp4,2021CMC,2021-10-08-CMC-S5,2021-10-08-CMC-S5,3,8,middle,3.0,2.0,True,True,True,True,0.4101694915254237,1.0,0.0,1.0,0.0,3.0,1.0,0.0,0.0,0.0,3.0,2.0,2.0,0.0,1.0,0.0,1.0,1.0,1.0,0.0,1.0,0.0,1.0,,0.0,0.0,0.0,1.0,1.0,1.0,2.0,0.0,4.0,1.0,1.0,1.0,1.0,1.0,0.0,0.0,2.0,0.0,0.0,0.0,0.0,0.0,2.0,1.0,2.0,1.0,0.75,0.0,8.0,0.0,8000000.0,0.9999998750000157,0.0,0.0,2.0,0.0,0.0,0.0,0.0,0.0,0.0,0.0,0.0,0.0,0.0,0.0,0.0,9.0,1.2857142857142858,0.8571428571428571,0.0,1.0,0.0,1000000.0,0.0,0.0,4.285714285714286,0.2857142857142857,0.8571428571428571,0.2857142857142857,2.857142857142857,0.8571428571428571,0.2857142857142857,3.014824422926145
2021CMC__2021-10-08-CMC-S5__B4 - 2021-10-08 10-59-30_chunk5.mp4,2021CMC,2021-10-08-CMC-S5,2021-10-08-CMC-S5,4,8,middle,3.0,2.0,True,True,True,True,0.3398496240601505,0.0,0.0,1.0,0.0,3.0,1.0,0.0,0.0,0.0,2.0,1.0,2.0,0.0,1.0,1.0,0.0,0.0,0.0,0.0,1.0,0.0,1.0,,0.0,0.0,0.0,0.0,1.0,1.0,9.0,1.0,3.0,4.0,3.0,4.0,0.0,1.0,0.0,0.0,0.0,10.0,1.0,0.0,0.0,0.0,1.3333333333333333,0.3333333333333333,1.0,0.0,1.6666666666666667,0.6666666666666666,17.0,0.0,17000000.0,0.999999941176474,0.0,0.0,0.0,0.0,1.0,0.0,0.0,0.0,0.0,0.0,0.0,0.0,0.0,10.0,0.0,18.0,1.3846153846153846,1.0,0.0,1.0,0.0,1000000.0,0.0,0.0,1.2777777777777777,0.16666666666666666,0.16666666666666666,0.16666666666666666,2.3333333333333335,0.3333333333333333,0.1111111111111111,0.803035727234808
2021CMC__2021-10-08-CMC-S5__B4 - 2021-10-08 10-59-30_chunk6.mp4,2021CMC,2021-10-08-CMC-S5,2021-10-08-CMC-S5,5,8,middle,3.0,2.0,True,True,True,True,0.6282828282828283,0.0,0.0,0.0,0.0,3.0,1.0,0.0,0.0,0.0,2.0,2.0,3.0,1.0,1.0,1.0,1.0,0.0,1.0,0.0,0.0,0.0,1.0,,0.0,0.0,0.0,0.0,1.0,1.0,4.0,4.0,4.0,2.0,0.0,5.0,3.0,2.0,0.0,1.0,0.0,8.0,1.0,0.0,0.0,0.0,1.25,0.25,1.5,0.5,1.3333333333333333,0.3333333333333333,11.0,1.0,10.999989000011,0.9166665902777842,1.0,0.0,0.0,0.0,1.0,0.0,0.0,0.0,0.0,0.0,0.0,0.0,3.0,5.0,0.3749999531250059,12.0,1.3333333333333333,1.0,0.0,0.0,0.0,0.0,0.0,0.0,1.3333333333333333,0.1111111111111111,0.3333333333333333,0.1111111111111111,2.1666666666666665,0.16666666666666666,0.2777777777777778,0.4837507349908021
2021CMC__2021-10-08-CMC-S5__B4 - 2021-10-08 10-59-30_chunk7.mp4,2021CMC,2021-10-08-CMC-S5,2021-10-08-CMC-S5,6,8,middle,3.0,2.0,True,True,True,True,0.5704225352112675,1.0,0.0,0.0,0.0,3.0,0.0,0.0,1.0,1.0,2.0,2.0,0.0,0.0,0.0,0.0,1.0,0.0,0.0,0.0,0.0,0.0,1.0,,0.0,0.0,0.0,0.0,0.0,2.0,5.0,9.0,1.0,7.0,3.0,4.0,9.0,3.0,0.0,0.0,0.0,8.0,0.0,1.0,0.0,0.0,1.0,0.0,1.3333333333333333,0.3333333333333333,0.0,0.0,14.0,2.0,6.99999650000175,0.8749999453125034,0.0,0.0,0.0,0.0,0.0,1.0,0.0,0.0,0.0,0.0,0.0,0.0,8.0,0.0,0.9999998750000157,9.0,1.0,0.8888888888888888,1.0,0.0,0.0,1000000.0,0.0,0.0,0.39655172413793105,0.017241379310344827,0.06896551724137931,0.017241379310344827,2.0172413793103448,0.017241379310344827,0.10344827586206896,-0.5592286454421777
2021CMC__2021-10-08-CMC-S5__B4 - 2021-10-08 10-59-30_chunk8.mp4,2021CMC,2021-10-08-CMC-S5,2021-10-08-CMC-S5,7,8,end,3.0,2.0,True,True,True,True,0.608675799086758,1.0,1.0,0.0,0.0,3.0,1.0,0.0,1.0,1.0,2.0,2.0,0.0,0.0,0.0,0.0,1.0,0.0,1.0,0.0,1.0,0.0,1.0,,0.0,0.0,0.0,0.0,0.0,2.0,4.0,2.0,1.0,4.0,9.0,1.0,9.0,4.0,1.0,0.0,0.0,11.0,0.0,0.0,0.0,0.0,1.0,0.0,1.25,0.25,1.0,0.0,13.0,0.0,13000000.0,0.9999999230769291,0.0,0.0,0.0,1.0,0.0,0.0,0.0,0.0,0.0,0.0,0.0,0.0,3.0,2.0,0.599999880000024,10.0,1.1111111111111112,1.0,2.0,2.0,0.0,4000000.0,0.0,0.0,0.35714285714285715,0.11904761904761904,0.35714285714285715,0.09523809523809523,2.142857142857143,0.23809523809523808,0.09523809523809523,0.002290090502020397
2021CMC__2021-10-08-CMC-S10__B2 - Zoom Meeting - Room 2 2021-10-08 13-02-10_chunk1.mp4,2021CMC,2021-10-08-CMC-S10,2021-10-08-CMC-S10,0,8,beginning,0.0,0.0,False,False,False,True,0.48776758409785925,0.0,0.0,0.0,0.0,3.0,1.0,0.0,0.0,0.0,2.0,1.0,0.0,0.0,0.0,0.0,0.0,0.0,0.0,0.0,0.0,0.0,1.0,,0.0,0.0,0.0,1.0,0.0,2.0,2.0,2.0,16.0,2.0,3.0,15.0,13.0,0.0,0.0,0.0,0.0,7.0,0.0,0.0,2.0,0.0,1.5,0.5,,,0.125,0.0,19.0,0.0,19000000.0,0.9999999473684238,0.0,0.0,0.0,0.0,0.0,0.0,2.0,0.0,0.0,0.0,0.0,0.0,1.0,0.0,0.9999990000010001,5.0,0.2777777777777778,0.2222222222222222,0.0,0.0,0.0,0.0,0.0,0.0,0.1,0.02,0.08,0.02,2.04,0.04,0.02,-0.6868994551079307
2021CMC__2021-10-08-CMC-S10__B2 - Zoom Meeting - Room 2 2021-10-08 13-02-10_chunk2.mp4,2021CMC,2021-10-08-CMC-S10,2021-10-08-CMC-S10,1,8,middle,0.0,0.0,False,False,False,True,0.4206053067993367,0.0,0.0,1.0,0.0,3.0,1.0,0.0,0.0,0.0,1.0,1.0,0.0,0.0,0.0,0.0,0.0,0.0,1.0,0.0,0.0,0.0,1.0,3.0,1.0,1.0,0.0,1.0,0.0,1.0,4.0,2.0,9.0,13.0,1.0,2.0,0.0,0.0,0.0,0.0,1.0,21.0,0.0,0.0,0.0,0.0,1.0,0.0,,,1.1111111111111112,0.1111111111111111,18.0,8.0,2.2499997187500353,0.6923076656804744,0.0,0.0,1.0,0.0,0.0,0.0,0.0,0.0,0.0,0.0,0.0,0.0,4.0,5.0,0.44444439506173394,14.0,1.0769230769230769,1.0,1.0,1.0,0.0,2000000.0,0.0,0.0,0.9629629629629629,0.0,0.18518518518518517,0.07407407407407407,1.8148148148148149,0.0,0.1111111111111111,-0.22185541712289372
2021CMC__2021-10-08-CMC-S10__B2 - Zoom Meeting - Room 2 2021-10-08 13-02-10_chunk3.mp4,2021CMC,2021-10-08-CMC-S10,2021-10-08-CMC-S10,2,8,middle,0.0,0.0,False,False,False,True,0.07728745948641236,0.0,0.0,1.0,0.0,3.0,0.0,0.0,0.0,0.0,1.0,1.0,0.0,0.0,0.0,0.0,0.0,0.0,1.0,0.0,0.0,0.0,1.0,,0.0,0.0,0.0,1.0,1.0,1.0,9.0,0.0,5.0,9.0,0.0,2.0,2.0,0.0,0.0,0.0,0.0,11.0,0.0,0.0,0.0,0.0,1.1111111111111112,0.1111111111111111,,,1.2,0.2,16.0,8.0,1.9999997500000315,0.66666663888889,0.0,0.0,0.0,0.0,0.0,0.0,0.0,0.0,0.0,0.0,0.0,0.0,4.0,2.0,0.6666665555555741,16.0,1.1428571428571428,1.0,0.0,0.0,1.0,0.0,0.0,0.0,0.7647058823529411,0.058823529411764705,0.058823529411764705,0.0,2.1176470588235294,0.11764705882352941,0.058823529411764705,-0.2536385951468862
2021CMC__2021-10-08-CMC-S10__B2 - Zoom Meeting - Room 2 2021-10-08 13-02-10_chunk4.mp4,2021CMC,2021-10-08-CMC-S10,2021-10-08-CMC-S10,3,8,middle,0.0,0.0,False,False,False,True,0.3291734860883797,0.0,0.0,1.0,0.0,3.0,0.0,0.0,0.0,0.0,1.0,1.0,0.0,0.0,0.0,0.0,0.0,0.0,1.0,0.0,1.0,0.0,1.0,,0.0,0.0,0.0,1.0,0.0,0.0,4.0,0.0,11.0,10.0,2.0,3.0,0.0,1.0,0.0,0.0,0.0,14.0,0.0,0.0,2.0,0.0,1.0,0.0,1.0,0.0,1.0909090909090908,0.09090909090909091,21.0,9.0,2.333333074074103,0.6999999766666675,0.0,0.0,0.0,0.0,0.0,0.0,2.0,0.0,0.0,0.0,0.0,0.0,0.0,5.0,0.0,17.0,1.0625,1.0,0.0,2.0,4.0,0.49999987500003124,0.0,0.0,1.125,0.041666666666666664,0.16666666666666666,0.125,2.125,0.16666666666666666,0.041666666666666664,0.1381448427423103
2021CMC__2021-10-08-CMC-S10__B2 - Zoom Meeting - Room 2 2021-10-08 13-02-10_chunk5.mp4,2021CMC,2021-10-08-CMC-S10,2021-10-08-CMC-S10,4,8,middle,0.0,0.0,False,False,False,True,0.3648739495798319,0.0,0.0,1.0,0.0,3.0,0.0,0.0,0.0,0.0,2.0,1.0,0.0,0.0,0.0,0.0,0.0,0.0,1.0,0.0,0.0,0.0,1.0,,0.0,0.0,0.0,1.0,0.0,1.0,10.0,2.0,8.0,2.0,1.0,2.0,0.0,1.0,0.0,0.0,0.0,15.0,0.0,0.0,1.0,0.0,1.3,0.3,1.0,0.0,1.0,0.0,20.0,1.0,19.999980000020003,0.9523809070294805,0.0,0.0,0.0,0.0,0.0,0.0,1.0,0.0,0.0,0.0,0.0,0.0,0.0,7.0,0.0,15.0,1.25,1.0,0.0,1.0,0.0,1000000.0,0.0,0.0,1.3333333333333333,0.05555555555555555,0.2777777777777778,0.1111111111111111,2.0555555555555554,0.05555555555555555,0.05555555555555555,0.2634598173422185
2021CMC__2021-10-08-CMC-S10__B2 - Zoom Meeting - Room 2 2021-10-08 13-02-10_chunk6.mp4,2021CMC,2021-10-08-CMC-S10,2021-10-08-CMC-S10,5,8,middle,0.0,0.0,False,False,False,True,0.40234113712374575,0.0,0.0,1.0,0.0,3.0,0.0,0.0,0.0,0.0,2.0,2.0,0.0,0.0,0.0,0.0,0.0,0.0,1.0,0.0,0.0,0.0,0.0,3.0,1.0,1.0,0.0,1.0,1.0,1.0,5.0,3.0,4.0,6.0,0.0,2.0,2.0,1.0,1.0,1.0,0.0,18.0,0.0,0.0,0.0,0.0,1.4,0.4,2.0,1.0,1.3333333333333333,0.3333333333333333,11.0,5.0,2.199999560000088,0.6874999570312527,1.0,0.0,0.0,1.0,0.0,0.0,0.0,0.0,0.0,1.0,0.0,1000000.0,0.0,3.0,0.0,13.0,1.4444444444444444,1.0,0.0,2.0,1.0,1.9999980000020001,0.0,0.0,1.0555555555555556,0.0,0.05555555555555555,0.0,2.0555555555555554,0.05555555555555555,0.16666666666666666,-0.3448007771704454
2021CMC__2021-10-08-CMC-S10__B2 - Zoom Meeting - Room 2 2021-10-08 13-02-10_chunk7.mp4,2021CMC,2021-10-08-CMC-S10,2021-10-08-CMC-S10,6,8,middle,0.0,0.0,False,False,False,True,0.47120029728725377,0.0,1.0,0.0,0.0,3.0,0.0,0.0,1.0,1.0,,3.0,0.0,0.0,0.0,0.0,1.0,1.0,1.0,0.0,1.0,0.0,1.0,3.0,1.0,1.0,0.0,1.0,0.0,2.0,14.0,6.0,4.0,17.0,0.0,0.0,10.0,2.0,0.0,0.0,0.0,46.0,0.0,0.0,0.0,0.0,1.0714285714285714,0.07142857142857142,1.0,0.0,1.0,0.0,29.0,10.0,2.899999710000029,0.7435897245233405,0.0,0.0,0.0,0.0,0.0,0.0,0.0,0.0,1.0,0.0,3.0,0.0,14.0,19.0,0.42424241138659363,21.0,1.05,1.0,2.0,3.0,5.0,0.99999980000004,0.0,0.0,1.6122448979591837,0.04081632653061224,0.16326530612244897,0.2653061224489796,2.2653061224489797,0.24489795918367346,0.12244897959183673,0.6913572782168452
2021CMC__2021-10-08-CMC-S10__B2 - Zoom Meeting - Room 2 2021-10-08 13-02-10_chunk8.mp4,2021CMC,2021-10-08-CMC-S10,2021-10-08-CMC-S10,7,8,end,0.0,0.0,False,False,False,True,0.4555102040816328,0.0,1.0,0.0,0.0,3.0,0.0,0.0,0.0,0.0,,3.0,0.0,0.0,0.0,0.0,1.0,0.0,1.0,0.0,1.0,0.0,1.0,3.0,1.0,1.0,0.0,1.0,0.0,2.0,5.0,1.0,5.0,11.0,2.0,0.0,4.0,2.0,0.0,0.0,0.0,16.0,0.0,0.0,0.0,0.0,1.4,0.4,1.0,0.0,1.4,0.4,17.0,4.0,4.249998937500266,0.8095237709750585,0.0,0.0,0.0,0.0,0.0,0.0,0.0,0.0,0.0,0.0,0.0,0.0,5.0,6.0,0.4545454132231443,16.0,1.3333333333333333,1.0,2.0,0.0,0.0,2000000.0,0.0,0.0,1.0416666666666667,0.25,0.3333333333333333,0.08333333333333333,2.1666666666666665,0.25,0.041666666666666664,0.8289247369401064
2021CMC__2021-10-07-CMC-S1__2021-10-07_11-31-22_chunk1.mp4,2021CMC,2021-10-07-CMC-S1,2021-10-07-CMC-S1,0,8,beginning,2.0,1.0,True,True,True,True,0.385,0.0,0.0,0.0,1.0,3.0,0.0,0.0,0.0,0.0,,1.0,0.0,0.0,1.0,0.0,0.0,0.0,0.0,0.0,1.0,0.0,1.0,,0.0,0.0,0.0,0.0,1.0,2.0,0.0,1.0,12.0,0.0,5.0,14.0,5.0,0.0,0.0,0.0,0.0,12.0,1.0,0.0,0.0,0.0,,,,,1.0,0.0,12.0,0.0,12000000.0,0.9999999166666736,0.0,0.0,0.0,0.0,1.0,0.0,0.0,0.0,0.0,0.0,0.0,0.0,0.0,12.0,0.0,12.0,1.0,1.0,0.0,2.0,0.0,2000000.0,0.0,0.0,0.02857142857142857,0.08571428571428572,0.14285714285714285,0.0,2.085714285714286,0.08571428571428572,0.11428571428571428,-0.506629681388482
2021CMC__2021-10-07-CMC-S1__2021-10-07_11-31-22_chunk2.mp4,2021CMC,2021-10-07-CMC-S1,2021-10-07-CMC-S1,1,8,middle,2.0,1.0,True,True,True,True,0.4557344064386317,1.0,0.0,1.0,0.0,2.0,1.0,0.0,0.0,1.0,3.0,1.0,3.0,1.0,0.0,0.0,0.0,0.0,0.0,0.0,0.0,0.0,1.0,,0.0,0.0,0.0,0.0,0.0,2.0,5.0,6.0,2.0,1.0,4.0,4.0,6.0,2.0,0.0,0.0,1.0,6.0,0.0,0.0,0.0,0.0,1.6,0.6,1.0,0.0,1.0,0.0,10.0,0.0,10000000.0,0.99999990000001,0.0,0.0,1.0,0.0,0.0,0.0,0.0,0.0,0.0,0.0,0.0,0.0,0.0,3.0,0.0,11.0,1.375,1.0,0.0,0.0,0.0,0.0,0.0,0.0,,0.0,0.0,0.0,2.0416666666666665,0.041666666666666664,0.0,-0.6171441482000752
2021CMC__2021-10-07-CMC-S1__2021-10-07_11-31-22_chunk3.mp4,2021CMC,2021-10-07-CMC-S1,2021-10-07-CMC-S1,2,8,middle,2.0,1.0,True,True,True,True,0.37061769616026696,0.0,0.0,1.0,0.0,3.0,1.0,0.0,0.0,0.0,3.0,1.0,3.0,1.0,0.0,0.0,0.0,0.0,1.0,0.0,1.0,0.0,1.0,,0.0,0.0,0.0,0.0,0.0,1.0,0.0,0.0,0.0,0.0,0.0,0.0,0.0,0.0,0.0,0.0,0.0,14.0,0.0,0.0,0.0,0.0,,,,,,,0.0,0.0,0.0,0.0,0.0,0.0,0.0,0.0,0.0,0.0,0.0,0.0,0.0,0.0,0.0,0.0,0.0,4.0,0.0,0.0,,,2.0,0.0,0.0,2000000.0,0.0,0.0,1.0588235294117647,0.058823529411764705,0.058823529411764705,0.11764705882352941,2.1176470588235294,0.11764705882352941,0.058823529411764705,0.15715282741508121
2021CMC__2021-10-07-CMC-S1__2021-10-07_11-31-22_chunk4.mp4,2021CMC,2021-10-07-CMC-S1,2021-10-07-CMC-S1,3,8,middle,2.0,1.0,True,True,True,True,0.46956264775413703,0.0,0.0,1.0,0.0,3.0,1.0,0.0,0.0,0.0,3.0,2.0,3.0,1.0,1.0,1.0,0.0,0.0,0.0,1.0,0.0,0.0,1.0,,0.0,0.0,0.0,0.0,1.0,1.0,6.0,7.0,8.0,1.0,2.0,0.0,2.0,1.0,0.0,0.0,0.0,18.0,0.0,2.0,0.0,0.0,1.5,0.5,2.0,1.0,1.125,0.125,15.0,1.0,14.999985000015002,0.9374999414062536,0.0,0.0,0.0,0.0,0.0,2.0,0.0,0.0,0.0,0.0,0.0,0.0,0.0,18.0,0.0,20.0,1.3333333333333333,1.0,1.0,0.0,0.0,1000000.0,0.0,0.0,0.9130434782608695,0.08695652173913043,0.30434782608695654,0.21739130434782608,2.0434782608695654,0.043478260869565216,0.13043478260869565,0.4239508104098613
2021CMC__2021-10-07-CMC-S1__2021-10-07_11-31-22_chunk5.mp4,2021CMC,2021-10-07-CMC-S1,2021-10-07-CMC-S1,4,8,middle,2.0,1.0,True,True,True,True,0.4436768374592208,0.0,0.0,1.0,0.0,4.0,1.0,0.0,0.0,0.0,3.0,2.0,3.0,1.0,0.0,0.0,0.0,0.0,1.0,0.0,1.0,0.0,1.0,3.0,1.0,1.0,0.0,0.0,0.0,1.0,4.0,10.0,9.0,4.0,2.0,3.0,0.0,1.0,0.0,0.0,0.0,13.0,0.0,0.0,0.0,0.0,1.75,0.75,1.0,0.0,1.2857142857142858,0.2857142857142857,17.0,1.0,16.999983000017,0.9444443919753115,0.0,0.0,0.0,0.0,0.0,0.0,0.0,0.0,0.0,0.0,0.0,0.0,0.0,10.0,0.0,17.0,1.4166666666666667,1.0,0.0,3.0,0.0,3000000.0,0.0,0.0,1.0344827586206897,0.10344827586206896,0.2413793103448276,0.10344827586206896,2.1724137931034484,0.20689655172413793,0.034482758620689655,0.28997229060385693
2021CMC__2021-10-07-CMC-S1__2021-10-07_11-31-22_chunk6.mp4,2021CMC,2021-10-07-CMC-S1,2021-10-07-CMC-S1,5,8,middle,2.0,1.0,True,True,True,True,0.4418841761827079,0.0,0.0,1.0,0.0,3.0,0.0,0.0,0.0,0.0,3.0,1.0,0.0,0.0,0.0,0.0,0.0,0.0,0.0,0.0,1.0,0.0,1.0,3.0,1.0,1.0,0.0,0.0,0.0,1.0,6.0,7.0,9.0,4.0,3.0,0.0,0.0,2.0,0.0,1.0,0.0,15.0,0.0,0.0,0.0,0.0,1.6666666666666667,0.6666666666666666,1.5,0.5,1.1111111111111112,0.1111111111111111,17.0,4.0,4.249998937500266,0.8095237709750585,1.0,0.0,0.0,0.0,0.0,0.0,0.0,0.0,0.0,0.0,0.0,0.0,0.0,7.0,0.0,23.0,1.3529411764705883,1.0,0.0,1.0,1.0,0.9999990000010001,0.0,0.0,1.0869565217391304,0.08695652173913043,0.17391304347826086,0.30434782608695654,2.130434782608696,0.13043478260869565,0.13043478260869565,0.7063390823772893
2021CMC__2021-10-07-CMC-S1__2021-10-07_11-31-22_chunk7.mp4,2021CMC,2021-10-07-CMC-S1,2021-10-07-CMC-S1,6,8,middle,2.0,1.0,True,True,True,True,0.32432432432432434,0.0,1.0,0.0,0.0,3.0,0.0,0.0,1.0,1.0,2.0,2.0,0.0,0.0,0.0,0.0,1.0,1.0,0.0,0.0,0.0,0.0,1.0,,0.0,0.0,0.0,0.0,0.0,2.0,4.0,6.0,2.0,1.0,1.0,6.0,13.0,7.0,1.0,0.0,0.0,35.0,0.0,1.0,0.0,0.0,1.0,0.0,1.0,0.0,1.0,0.0,14.0,0.0,14000000.0,0.9999999285714337,0.0,0.0,0.0,1.0,0.0,1.0,0.0,0.0,0.0,0.0,0.0,0.0,17.0,18.0,0.4857142718367351,13.0,1.0,1.0,1.0,1.0,0.0,2000000.0,0.0,0.0,0.4418604651162791,0.046511627906976744,0.13953488372093023,0.046511627906976744,2.046511627906977,0.046511627906976744,0.11627906976744186,-0.35457510475536586
2021CMC__2021-10-07-CMC-S1__2021-10-07_11-31-22_chunk8.mp4,2021CMC,2021-10-07-CMC-S1,2021-10-07-CMC-S1,7,8,end,2.0,1.0,True,True,True,True,0.41545307443365687,0.0,0.0,0.0,1.0,3.0,0.0,0.0,1.0,1.0,,2.0,0.0,0.0,0.0,0.0,0.0,0.0,0.0,0.0,1.0,0.0,1.0,,0.0,0.0,0.0,1.0,0.0,2.0,3.0,2.0,0.0,6.0,13.0,1.0,9.0,1.0,0.0,1.0,0.0,4.0,0.0,2.0,1.0,0.0,1.0,0.0,1.0,0.0,,,8.0,2.0,3.999998000001,0.7999999200000081,1.0,1.0,0.0,0.0,0.0,2.0,1.0,0.0,0.0,0.0,0.0,0.0,1.0,1.0,0.499999750000125,4.0,1.0,1.0,1.0,0.0,0.0,1000000.0,0.0,0.0,0.3333333333333333,0.15555555555555556,0.2222222222222222,0.06666666666666667,2.022222222222222,0.022222222222222223,0.044444444444444446,0.07055210653949788
2021CMC__2021-10-08-CMC-S11__B3 - 2021-10-08 13-01-43_chunk1.mp4,2021CMC,2021-10-08-CMC-S11,2021-10-08-CMC-S11,0,8,beginning,1.0,0.0,True,False,False,True,0.6516492357200323,1.0,0.0,0.0,1.0,3.0,0.0,0.0,0.0,0.0,,1.0,0.0,0.0,0.0,0.0,0.0,0.0,1.0,0.0,0.0,0.0,1.0,,0.0,0.0,0.0,0.0,1.0,2.0,0.0,2.0,11.0,0.0,5.0,9.0,5.0,0.0,0.0,0.0,0.0,0.0,0.0,0.0,0.0,0.0,,,,,0.0,0.0,11.0,0.0,11000000.0,0.9999999090909174,0.0,0.0,0.0,0.0,0.0,0.0,0.0,0.0,0.0,0.0,0.0,0.0,0.0,0.0,0.0,0.0,0.0,0.0,0.0,4.0,0.0,4000000.0,0.0,0.0,0.43902439024390244,0.1951219512195122,0.975609756097561,0.07317073170731707,2.1219512195121952,0.12195121951219512,0.0,0.29384177540751394
2021CMC__2021-10-08-CMC-S11__B3 - 2021-10-08 13-01-43_chunk2.mp4,2021CMC,2021-10-08-CMC-S11,2021-10-08-CMC-S11,1,8,middle,1.0,0.0,True,False,False,True,0.5284837861524978,0.0,0.0,1.0,0.0,3.0,0.0,0.0,0.0,1.0,3.0,1.0,1.0,0.0,0.0,0.0,0.0,0.0,0.0,0.0,1.0,0.0,1.0,,0.0,0.0,0.0,0.0,0.0,2.0,5.0,5.0,1.0,2.0,2.0,5.0,5.0,0.0,0.0,0.0,0.0,4.0,0.0,3.0,0.0,0.0,1.4,0.4,,,1.0,0.0,8.0,0.0,8000000.0,0.9999998750000157,0.0,0.0,0.0,0.0,0.0,3.0,0.0,0.0,0.0,0.0,0.0,0.0,0.0,4.0,0.0,8.0,1.3333333333333333,1.0,0.0,1.0,0.0,1000000.0,0.0,0.0,0.7727272727272727,0.13636363636363635,0.13636363636363635,0.045454545454545456,2.0,0.0,0.0,0.16094569470555228
2021CMC__2021-10-08-CMC-S11__B3 - 2021-10-08 13-01-43_chunk3.mp4,2021CMC,2021-10-08-CMC-S11,2021-10-08-CMC-S11,2,8,middle,1.0,0.0,True,False,False,True,0.2852852852852852,0.0,0.0,1.0,0.0,3.0,1.0,0.0,0.0,0.0,3.0,1.0,4.0,1.0,0.0,0.0,0.0,0.0,0.0,0.0,1.0,0.0,1.0,3.0,1.0,1.0,0.0,1.0,0.0,1.0,7.0,6.0,8.0,1.0,10.0,6.0,0.0,2.0,0.0,0.0,2.0,11.0,0.0,0.0,0.0,0.0,1.1428571428571428,0.14285714285714285,1.0,0.0,1.0,0.125,18.0,0.0,18000000.0,0.9999999444444475,0.0,0.0,2.0,0.0,0.0,0.0,0.0,0.0,0.0,0.0,0.0,0.0,0.0,11.0,0.0,18.0,1.0588235294117647,0.9411764705882353,0.0,2.0,0.0,2000000.0,0.0,0.0,1.12,0.16,0.44,0.0,2.2,0.2,0.32,0.3211197188147546
2021CMC__2021-10-08-CMC-S11__B3 - 2021-10-08 13-01-43_chunk4.mp4,2021CMC,2021-10-08-CMC-S11,2021-10-08-CMC-S11,3,8,middle,1.0,0.0,True,False,False,True,0.3329768270944742,0.0,0.0,1.0,0.0,3.0,0.0,0.0,0.0,0.0,2.0,1.0,0.0,0.0,0.0,0.0,0.0,0.0,0.0,0.0,0.0,0.0,0.0,,0.0,0.0,0.0,0.0,0.0,1.0,4.0,6.0,7.0,2.0,0.0,3.0,1.0,2.0,0.0,0.0,0.0,13.0,0.0,0.0,0.0,0.0,1.5,0.5,1.5,0.5,1.1428571428571428,0.14285714285714285,15.0,0.0,15000000.0,0.9999999333333378,0.0,0.0,0.0,0.0,0.0,0.0,0.0,0.0,0.0,0.0,0.0,0.0,0.0,3.0,0.0,17.0,1.3076923076923077,1.0,0.0,0.0,0.0,0.0,0.0,0.0,1.0,0.0,0.1875,0.125,2.0625,0.0625,0.0625,-0.0881388365319533
2021CMC__2021-10-08-CMC-S11__B3 - 2021-10-08 13-01-43_chunk5.mp4,2021CMC,2021-10-08-CMC-S11,2021-10-08-CMC-S11,4,8,middle,1.0,0.0,True,False,False,True,0.3110677718186252,0.0,0.0,1.0,0.0,3.0,1.0,0.0,0.0,0.0,2.0,1.0,3.0,1.0,0.0,1.0,0.0,0.0,0.0,0.0,0.0,0.0,0.0,3.0,1.0,1.0,0.0,0.0,0.0,1.0,6.0,1.0,4.0,3.0,0.0,4.0,1.0,1.0,0.0,0.0,1.0,9.0,0.0,0.0,0.0,0.0,1.2,0.2,1.0,0.0,1.25,0.25,11.0,2.0,5.499997250001375,0.8461537810650938,0.0,0.0,1.0,0.0,0.0,0.0,0.0,0.0,0.0,0.0,0.0,0.0,0.0,6.0,0.0,12.0,1.2,1.0,0.0,0.0,0.0,0.0,0.0,0.0,1.5333333333333334,0.0,0.13333333333333333,0.2,2.0,0.0,0.3333333333333333,0.3426885538892857
2021CMC__2021-10-08-CMC-S11__B3 - 2021-10-08 13-01-43_chunk6.mp4,2021CMC,2021-10-08-CMC-S11,2021-10-08-CMC-S11,5,8,middle,1.0,0.0,True,False,False,True,0.2928858290304073,0.0,0.0,1.0,0.0,4.0,1.0,0.0,0.0,0.0,3.0,1.0,3.0,1.0,0.0,1.0,0.0,0.0,1.0,0.0,1.0,0.0,1.0,3.0,1.0,1.0,0.0,0.0,0.0,1.0,4.0,2.0,10.0,5.0,3.0,3.0,0.0,4.0,0.0,0.0,2.0,16.0,0.0,0.0,0.0,0.0,1.75,0.75,2.0,1.0,1.5,0.5,17.0,3.0,5.666664777778407,0.8499999575000021,0.0,0.0,2.0,0.0,0.0,0.0,0.0,0.0,0.0,0.0,2.0,0.0,0.0,9.0,0.0,30.0,1.6666666666666667,1.0,0.0,0.0,0.0,0.0,0.0,0.0,1.5263157894736843,0.05263157894736842,0.631578947368421,0.15789473684210525,2.263157894736842,0.21052631578947367,0.10526315789473684,0.4523604579463731
2021CMC__2021-10-08-CMC-S11__B3 - 2021-10-08 13-01-43_chunk7.mp4,2021CMC,2021-10-08-CMC-S11,2021-10-08-CMC-S11,6,8,middle,1.0,0.0,True,False,False,True,0.4439036261864202,0.0,1.0,0.0,0.0,3.0,1.0,0.0,0.0,1.0,3.0,2.0,3.0,1.0,0.0,0.0,1.0,1.0,1.0,0.0,1.0,0.0,1.0,3.0,1.0,1.0,0.0,0.0,0.0,2.0,1.0,4.0,6.0,7.0,5.0,3.0,8.0,5.0,0.0,0.0,0.0,26.0,0.0,0.0,0.0,0.0,1.0,0.0,1.2,0.2,1.1666666666666667,0.16666666666666666,14.0,3.0,4.666665111111629,0.8235293633218022,0.0,0.0,0.0,0.0,0.0,0.0,0.0,0.0,0.0,0.0,1.0,0.0,7.0,4.0,0.636363578512402,14.0,1.1666666666666667,1.0,0.0,0.0,0.0,0.0,0.0,0.0,0.9615384615384616,0.038461538461538464,0.23076923076923078,0.038461538461538464,2.0384615384615383,0.038461538461538464,0.23076923076923078,-0.1508975392405519
2021CMC__2021-10-08-CMC-S11__B3 - 2021-10-08 13-01-43_chunk8.mp4,2021CMC,2021-10-08-CMC-S11,2021-10-08-CMC-S11,7,8,end,1.0,0.0,True,False,False,True,0.26845637583892623,0.0,1.0,0.0,0.0,3.0,1.0,0.0,1.0,1.0,3.0,3.0,3.0,1.0,1.0,0.0,1.0,0.0,0.0,0.0,0.0,0.0,1.0,,0.0,0.0,0.0,1.0,0.0,2.0,0.0,0.0,0.0,0.0,0.0,0.0,0.0,0.0,0.0,0.0,0.0,0.0,0.0,0.0,0.0,0.0,,,,,,,0.0,0.0,0.0,0.0,0.0,0.0,0.0,0.0,0.0,0.0,0.0,0.0,0.0,0.0,0.0,0.0,0.0,0.0,0.0,0.0,,,1.0,0.0,0.0,1000000.0,0.0,0.0,0.7058823529411765,0.29411764705882354,0.29411764705882354,0.0,2.1176470588235294,0.11764705882352941,0.11764705882352941,0.6506215308763736
2021CMC__2021-10-08-CMC-S3__B2 - Zoom Meeting - Room 2 2021-10-08 10-59-57_chunk1.mp4,2021CMC,2021-10-08-CMC-S3,2021-10-08-CMC-S3,0,8,beginning,1.0,1.0,True,True,True,True,0.5027085590465872,1.0,0.0,0.0,1.0,3.0,0.0,0.0,0.0,0.0,,1.0,0.0,0.0,0.0,0.0,0.0,0.0,0.0,0.0,1.0,0.0,1.0,,0.0,0.0,0.0,1.0,1.0,2.0,0.0,3.0,14.0,0.0,2.0,12.0,8.0,0.0,0.0,0.0,0.0,14.0,0.0,1.0,0.0,0.0,,,,,1.0,0.0,14.0,0.0,14000000.0,0.9999999285714337,0.0,0.0,0.0,0.0,0.0,1.0,0.0,0.0,0.0,0.0,0.0,0.0,0.0,13.0,0.0,14.0,1.0,1.0,0.0,0.0,0.0,0.0,0.0,0.0,0.3953488372093023,0.023255813953488372,0.11627906976744186,0.023255813953488372,2.0232558139534884,0.023255813953488372,0.0,-0.5223123523204803
2021CMC__2021-10-08-CMC-S3__B2 - Zoom Meeting - Room 2 2021-10-08 10-59-57_chunk2.mp4,2021CMC,2021-10-08-CMC-S3,2021-10-08-CMC-S3,1,8,middle,1.0,1.0,True,True,True,True,0.2037521815008727,0.0,0.0,1.0,0.0,3.0,1.0,0.0,0.0,0.0,2.0,1.0,3.0,1.0,0.0,0.0,0.0,0.0,0.0,0.0,0.0,0.0,1.0,3.0,1.0,1.0,0.0,1.0,1.0,1.0,4.0,4.0,6.0,4.0,2.0,5.0,2.0,1.0,0.0,0.0,1.0,9.0,0.0,0.0,2.0,0.0,1.75,0.75,1.0,0.0,1.0,0.0,14.0,1.0,13.999986000014001,0.9333332711111153,0.0,0.0,1.0,0.0,0.0,0.0,2.0,0.0,0.0,0.0,0.0,0.0,0.0,5.0,0.0,14.0,1.2727272727272727,1.0,0.0,3.0,0.0,3000000.0,0.0,0.0,1.35,0.2,0.25,0.15,2.05,0.05,0.1,0.9326522736843653
2021CMC__2021-10-08-CMC-S3__B2 - Zoom Meeting - Room 2 2021-10-08 10-59-57_chunk3.mp4,2021CMC,2021-10-08-CMC-S3,2021-10-08-CMC-S3,2,8,middle,1.0,1.0,True,True,True,True,0.4438888888888888,0.0,0.0,1.0,0.0,3.0,1.0,0.0,0.0,0.0,2.0,1.0,3.0,1.0,0.0,0.0,1.0,1.0,0.0,0.0,0.0,0.0,1.0,3.0,1.0,1.0,0.0,1.0,0.0,1.0,3.0,4.0,8.0,6.0,1.0,3.0,0.0,1.0,0.0,0.0,1.0,16.0,0.0,0.0,1.0,0.0,1.0,0.0,1.0,0.0,1.0,0.125,16.0,2.0,7.999996000002,0.8888888395061756,0.0,0.0,1.0,0.0,0.0,0.0,1.0,0.0,0.0,0.0,0.0,0.0,3.0,4.0,0.4285713673469475,12.0,1.0,0.9166666666666666,0.0,0.0,0.0,0.0,0.0,0.0,1.1875,0.0,0.5625,0.0,2.4375,0.4375,0.0,-0.28034275885274035
2021CMC__2021-10-08-CMC-S3__B2 - Zoom Meeting - Room 2 2021-10-08 10-59-57_chunk4.mp4,2021CMC,2021-10-08-CMC-S3,2021-10-08-CMC-S3,3,8,middle,1.0,1.0,True,True,True,True,0.36400201106083463,0.0,0.0,1.0,0.0,3.0,1.0,0.0,0.0,0.0,2.0,1.0,2.0,0.0,0.0,1.0,1.0,0.0,1.0,0.0,1.0,0.0,1.0,,0.0,0.0,0.0,0.0,0.0,1.0,7.0,5.0,9.0,9.0,1.0,5.0,3.0,3.0,0.0,0.0,1.0,30.0,0.0,0.0,1.0,0.0,1.3333333333333333,0.3333333333333333,1.6666666666666667,0.6666666666666666,0.8888888888888888,0.0,27.0,1.0,26.999973000027,0.96428567984694,0.0,0.0,1.0,0.0,0.0,0.0,1.0,0.0,0.0,0.0,0.0,0.0,7.0,12.0,0.36842103324099823,21.0,1.1666666666666667,0.9444444444444444,0.0,2.0,0.0,2000000.0,0.0,0.0,1.09375,0.0625,0.1875,0.0,2.0,0.0625,0.0,-0.07831459477645313
2021CMC__2021-10-08-CMC-S3__B2 - Zoom Meeting - Room 2 2021-10-08 10-59-57_chunk5.mp4,2021CMC,2021-10-08-CMC-S3,2021-10-08-CMC-S3,4,8,middle,1.0,1.0,True,True,True,True,0.30665315771698753,0.0,0.0,1.0,0.0,3.0,1.0,0.0,0.0,0.0,2.0,1.0,2.0,0.0,0.0,0.0,0.0,0.0,0.0,0.0,1.0,0.0,1.0,,0.0,0.0,0.0,0.0,1.0,1.0,5.0,9.0,14.0,6.0,3.0,2.0,1.0,1.0,2.0,0.0,1.0,29.0,0.0,0.0,0.0,0.0,1.4,0.4,1.0,0.0,1.1428571428571428,0.14285714285714285,23.0,2.0,11.499994250002874,0.9199999632000014,0.0,0.0,1.0,2.0,0.0,0.0,0.0,0.0,0.0,0.0,0.0,0.0,2.0,11.0,0.15384614201183525,24.0,1.2,1.0,0.0,1.0,0.0,1000000.0,0.0,0.0,1.5806451612903225,0.03225806451612903,0.3548387096774194,0.22580645161290322,2.064516129032258,0.06451612903225806,0.16129032258064516,0.5523037827925489
2021CMC__2021-10-08-CMC-S3__B2 - Zoom Meeting - Room 2 2021-10-08 10-59-57_chunk6.mp4,2021CMC,2021-10-08-CMC-S3,2021-10-08-CMC-S3,5,8,middle,1.0,1.0,True,True,True,True,0.3261648745519714,0.0,0.0,1.0,0.0,3.0,1.0,0.0,0.0,0.0,2.0,2.0,2.0,0.0,0.0,0.0,1.0,0.0,0.0,1.0,0.0,0.0,1.0,3.0,1.0,1.0,0.0,1.0,1.0,1.0,11.0,6.0,8.0,6.0,2.0,1.0,0.0,2.0,1.0,0.0,1.0,21.0,0.0,0.0,1.0,0.0,1.2727272727272727,0.2727272727272727,1.0,0.0,1.6,0.6,23.0,2.0,11.499994250002874,0.9199999632000014,0.0,0.0,1.0,1.0,0.0,0.0,1.0,0.0,0.0,0.0,0.0,0.0,9.0,5.0,0.6428570969387788,24.0,1.3333333333333333,1.0,0.0,0.0,0.0,0.0,0.0,0.0,1.826086956521739,0.08695652173913043,0.43478260869565216,0.0,2.130434782608696,0.13043478260869565,0.043478260869565216,0.37642542516002236
2021CMC__2021-10-08-CMC-S3__B2 - Zoom Meeting - Room 2 2021-10-08 10-59-57_chunk7.mp4,2021CMC,2021-10-08-CMC-S3,2021-10-08-CMC-S3,6,8,middle,1.0,1.0,True,True,True,True,0.4125475285171103,0.0,1.0,0.0,0.0,3.0,1.0,0.0,1.0,1.0,2.0,2.0,0.0,0.0,0.0,0.0,1.0,0.0,0.0,0.0,1.0,0.0,1.0,3.0,1.0,1.0,0.0,0.0,0.0,2.0,3.0,4.0,2.0,8.0,7.0,3.0,16.0,17.0,4.0,0.0,2.0,0.0,0.0,1.0,1.0,0.0,1.3333333333333333,0.3333333333333333,1.1764705882352942,0.17647058823529413,1.0,0.0,28.0,1.0,27.999972000028002,0.9655172080856135,0.0,0.0,2.0,4.0,0.0,1.0,1.0,0.0,1.0,0.0,0.0,0.0,0.0,0.0,0.0,26.0,1.1818181818181819,1.0,0.0,2.0,0.0,2000000.0,0.0,0.0,0.7903225806451613,0.04838709677419355,0.1774193548387097,0.06451612903225806,2.032258064516129,0.03225806451612903,0.04838709677419355,-0.13602861526156848
2021CMC__2021-10-08-CMC-S3__B2 - Zoom Meeting - Room 2 2021-10-08 10-59-57_chunk8.mp4,2021CMC,2021-10-08-CMC-S3,2021-10-08-CMC-S3,7,8,end,1.0,1.0,True,True,True,True,0.38915094339622636,0.0,1.0,0.0,0.0,4.0,1.0,0.0,1.0,1.0,3.0,3.0,3.0,1.0,0.0,0.0,1.0,0.0,1.0,0.0,1.0,0.0,1.0,3.0,1.0,1.0,0.0,1.0,0.0,2.0,3.0,3.0,5.0,9.0,10.0,1.0,3.0,3.0,1.0,0.0,0.0,10.0,0.0,0.0,0.0,0.0,1.0,0.0,1.0,0.0,1.4,0.4,18.0,1.0,17.999982000018,0.9473683711911383,0.0,0.0,0.0,1.0,0.0,0.0,0.0,0.0,0.0,0.0,1.0,0.0,10.0,0.0,0.99999990000001,13.0,1.1818181818181819,1.0,0.0,1.0,0.0,1000000.0,0.0,0.0,1.511111111111111,0.08888888888888889,0.8222222222222222,0.08888888888888889,2.2222222222222223,0.2222222222222222,0.0,0.43202934916249425
2021CMC__2021-10-07-CMC-S4__B3 - 2021-10-07 12-41-16_chunk1.mp4,2021CMC,2021-10-07-CMC-S4,2021-10-07-CMC-S4,0,7,beginning,1.0,1.0,True,True,True,True,0.32513661202185795,0.0,0.0,1.0,0.0,4.0,1.0,0.0,1.0,1.0,3.0,2.0,3.0,1.0,1.0,0.0,1.0,1.0,0.0,0.0,1.0,0.0,1.0,3.0,1.0,1.0,0.0,0.0,1.0,1.0,7.0,2.0,5.0,8.0,0.0,0.0,5.0,2.0,0.0,0.0,1.0,16.0,1.0,0.0,0.0,0.0,1.8571428571428572,0.8571428571428571,1.5,0.5,1.6666666666666667,0.6666666666666666,22.0,0.0,22000000.0,0.9999999545454565,0.0,0.0,1.0,0.0,1.0,0.0,0.0,0.0,0.0,0.0,0.0,0.0,16.0,0.0,0.9999999375000038,21.0,1.75,1.0,0.0,0.0,0.0,0.0,0.0,0.0,0.0,0.0,0.0,0.0,2.3870967741935485,0.3870967741935484,0.0,-0.8604649237120855
2021CMC__2021-10-07-CMC-S4__B3 - 2021-10-07 12-41-16_chunk2.mp4,2021CMC,2021-10-07-CMC-S4,2021-10-07-CMC-S4,1,7,middle,1.0,1.0,True,True,True,True,0.250871080139373,0.0,0.0,1.0,0.0,3.0,1.0,0.0,0.0,0.0,3.0,2.0,3.0,1.0,0.0,0.0,1.0,0.0,0.0,0.0,0.0,0.0,0.0,,0.0,0.0,0.0,0.0,0.0,1.0,10.0,1.0,4.0,2.0,0.0,1.0,1.0,2.0,0.0,0.0,1.0,18.0,0.0,0.0,0.0,0.0,1.5,0.5,1.5,0.5,1.0,0.0,18.0,0.0,18000000.0,0.9999999444444475,0.0,0.0,1.0,0.0,0.0,0.0,0.0,0.0,0.0,0.0,0.0,0.0,6.0,12.0,0.3333333148148158,22.0,1.375,1.0,1.0,0.0,0.0,1000000.0,0.0,,,0.0,0.0,0.0,,,0.0,-0.6171441482000752
2021CMC__2021-10-07-CMC-S4__B3 - 2021-10-07 12-41-16_chunk3.mp4,2021CMC,2021-10-07-CMC-S4,2021-10-07-CMC-S4,2,7,middle,1.0,1.0,True,True,True,True,0.27755102040816326,0.0,0.0,1.0,0.0,3.0,1.0,0.0,0.0,0.0,3.0,2.0,3.0,1.0,0.0,0.0,1.0,0.0,0.0,0.0,1.0,0.0,1.0,3.0,1.0,1.0,0.0,0.0,0.0,1.0,4.0,3.0,2.0,2.0,1.0,2.0,0.0,0.0,0.0,0.0,0.0,7.0,0.0,0.0,0.0,0.0,1.6666666666666667,0.6666666666666666,,,1.0,0.0,8.0,0.0,8000000.0,0.9999998750000157,0.0,0.0,0.0,0.0,0.0,0.0,0.0,0.0,0.0,0.0,0.0,0.0,7.0,0.0,0.9999998571428775,7.0,1.4,1.0,0.0,0.0,0.0,0.0,0.0,0.0,1.9285714285714286,0.0,1.0,0.0,2.2857142857142856,0.2857142857142857,0.0,0.08168836658579837
2021CMC__2021-10-07-CMC-S4__B3 - 2021-10-07 12-41-16_chunk4.mp4,2021CMC,2021-10-07-CMC-S4,2021-10-07-CMC-S4,3,7,middle,1.0,1.0,True,True,True,True,0.24489795918367352,0.0,0.0,1.0,0.0,4.0,1.0,0.0,0.0,0.0,3.0,2.0,3.0,1.0,1.0,1.0,1.0,0.0,1.0,1.0,0.0,0.0,1.0,,0.0,0.0,1.0,1.0,0.0,1.0,5.0,1.0,5.0,5.0,0.0,0.0,0.0,2.0,0.0,0.0,0.0,11.0,0.0,0.0,0.0,0.0,2.0,1.0,2.0,1.0,1.2,0.2,16.0,1.0,15.999984000016001,0.9411764152249167,0.0,0.0,0.0,0.0,0.0,0.0,0.0,0.0,0.0,0.0,0.0,0.0,8.0,3.0,0.7272726611570308,20.0,1.6666666666666667,1.0,0.0,0.0,0.0,0.0,0.0,0.0,1.6666666666666667,0.05555555555555555,0.8888888888888888,0.0,2.888888888888889,0.7777777777777778,0.0,0.17403254110750888
2021CMC__2021-10-07-CMC-S4__B3 - 2021-10-07 12-41-16_chunk5.mp4,2021CMC,2021-10-07-CMC-S4,2021-10-07-CMC-S4,4,7,middle,1.0,1.0,True,True,True,True,0.42937853107344637,0.0,0.0,1.0,0.0,4.0,1.0,0.0,0.0,0.0,3.0,2.0,3.0,1.0,1.0,1.0,1.0,0.0,0.0,0.0,1.0,0.0,1.0,3.0,1.0,1.0,1.0,0.0,0.0,1.0,5.0,3.0,8.0,5.0,0.0,3.0,3.0,1.0,0.0,0.0,0.0,28.0,0.0,0.0,0.0,0.0,2.0,1.0,2.0,1.0,1.125,0.125,18.0,1.0,17.999982000018,0.9473683711911383,0.0,0.0,0.0,0.0,0.0,0.0,0.0,0.0,0.0,0.0,0.0,0.0,23.0,3.0,0.8846153505917173,21.0,1.5,1.0,0.0,0.0,0.0,0.0,0.0,0.0,2.3125,0.03125,0.875,0.0,2.3125,0.40625,0.0,0.3931603016650203
2021CMC__2021-10-07-CMC-S4__B3 - 2021-10-07 12-41-16_chunk6.mp4,2021CMC,2021-10-07-CMC-S4,2021-10-07-CMC-S4,5,7,middle,1.0,1.0,True,True,True,True,0.3660714285714286,0.0,1.0,0.0,0.0,4.0,1.0,0.0,1.0,1.0,3.0,3.0,3.0,1.0,1.0,0.0,1.0,0.0,0.0,0.0,1.0,0.0,1.0,,0.0,0.0,0.0,0.0,0.0,2.0,5.0,2.0,2.0,1.0,5.0,0.0,5.0,1.0,0.0,0.0,1.0,5.0,1.0,0.0,0.0,0.0,2.0,1.0,2.0,1.0,1.0,0.0,9.0,0.0,9000000.0,0.9999998888889013,0.0,0.0,1.0,0.0,1.0,0.0,0.0,0.0,0.0,0.0,0.0,0.0,5.0,0.0,0.99999980000004,14.0,1.75,1.0,0.0,0.0,0.0,0.0,0.0,0.0,0.0,0.0,0.0,0.0,2.0357142857142856,0.03571428571428571,0.0,-0.8604649237120855
2021CMC__2021-10-07-CMC-S4__B3 - 2021-10-07 12-41-16_chunk7.mp4,2021CMC,2021-10-07-CMC-S4,2021-10-07-CMC-S4,6,7,end,1.0,1.0,True,True,True,True,0.46616541353383467,0.0,1.0,0.0,0.0,4.0,1.0,0.0,1.0,1.0,3.0,4.0,3.0,1.0,1.0,0.0,1.0,0.0,0.0,1.0,0.0,0.0,1.0,,0.0,0.0,0.0,0.0,0.0,2.0,3.0,4.0,2.0,0.0,14.0,0.0,2.0,2.0,0.0,0.0,0.0,19.0,0.0,0.0,0.0,0.0,2.0,1.0,2.0,1.0,1.5,0.5,7.0,0.0,7000000.0,0.9999998571428775,0.0,0.0,0.0,0.0,0.0,0.0,0.0,0.0,0.0,0.0,0.0,0.0,19.0,0.0,0.9999999473684238,13.0,1.8571428571428572,1.0,0.0,0.0,0.0,0.0,0.0,0.0,0.5,0.21428571428571427,0.21428571428571427,0.0,2.2857142857142856,0.2857142857142857,0.0,0.2334905799408974
2021CMC__2021-10-08-CMC-S14__Room5_Session2_chunk1.mp4,2021CMC,2021-10-08-CMC-S14,2021-10-08-CMC-S14,0,8,beginning,2.0,1.0,True,True,True,True,0.3909090909090909,0.0,0.0,0.0,1.0,3.0,0.0,0.0,0.0,0.0,,1.0,0.0,0.0,0.0,0.0,0.0,0.0,0.0,0.0,0.0,0.0,1.0,,0.0,0.0,0.0,0.0,1.0,2.0,0.0,0.0,10.0,3.0,0.0,0.0,9.0,0.0,0.0,0.0,0.0,10.0,0.0,0.0,0.0,0.0,,,,,1.0,0.0,13.0,0.0,13000000.0,0.9999999230769291,0.0,0.0,0.0,0.0,0.0,0.0,0.0,0.0,0.0,0.0,0.0,0.0,0.0,10.0,0.0,10.0,1.0,1.0,0.0,0.0,0.0,0.0,0.0,0.0,0.0,0.0,0.0,0.0,2.0,0.0,0.0,-0.8604649237120855
2021CMC__2021-10-08-CMC-S14__Room5_Session2_chunk2.mp4,2021CMC,2021-10-08-CMC-S14,2021-10-08-CMC-S14,1,8,middle,2.0,1.0,True,True,True,True,0.26578073089700993,0.0,0.0,0.0,0.0,4.0,1.0,0.0,0.0,0.0,2.0,2.0,3.0,1.0,1.0,1.0,1.0,1.0,1.0,0.0,1.0,0.0,1.0,3.0,1.0,1.0,0.0,0.0,1.0,1.0,2.0,4.0,11.0,1.0,0.0,1.0,1.0,3.0,0.0,0.0,0.0,22.0,0.0,0.0,0.0,0.0,1.5,0.5,2.0,1.0,1.4545454545454546,0.45454545454545453,16.0,1.0,15.999984000016001,0.9411764152249167,0.0,0.0,0.0,0.0,0.0,0.0,0.0,0.0,0.0,0.0,0.0,0.0,9.0,5.0,0.6428570969387788,25.0,1.5625,1.0,0.0,0.0,0.0,0.0,0.0,0.0,1.8333333333333333,0.0,0.875,0.25,2.5,0.4583333333333333,0.0,0.6027665959310778
2021CMC__2021-10-08-CMC-S14__Room5_Session2_chunk3.mp4,2021CMC,2021-10-08-CMC-S14,2021-10-08-CMC-S14,2,8,middle,2.0,1.0,True,True,True,True,0.334016393442623,0.0,0.0,0.0,0.0,3.0,1.0,0.0,0.0,0.0,2.0,2.0,3.0,1.0,0.0,0.0,1.0,0.0,0.0,1.0,0.0,0.0,1.0,3.0,1.0,1.0,0.0,0.0,0.0,1.0,2.0,1.0,2.0,4.0,0.0,0.0,0.0,2.0,0.0,0.0,1.0,12.0,0.0,0.0,0.0,0.0,1.0,0.0,1.5,0.5,1.5,0.5,9.0,1.0,8.999991000009,0.8999999100000091,0.0,0.0,1.0,0.0,0.0,0.0,0.0,0.0,0.0,0.0,0.0,0.0,9.0,2.0,0.8181817438016598,8.0,1.3333333333333333,1.0,0.0,0.0,0.0,0.0,0.0,0.0,1.8333333333333333,0.0,0.0,0.08333333333333333,2.25,0.25,0.0,0.22436371742771014
2021CMC__2021-10-08-CMC-S14__Room5_Session2_chunk4.mp4,2021CMC,2021-10-08-CMC-S14,2021-10-08-CMC-S14,3,8,middle,2.0,1.0,True,True,True,True,0.3524590163934427,0.0,0.0,0.0,0.0,3.0,1.0,0.0,1.0,1.0,3.0,2.0,3.0,1.0,0.0,0.0,1.0,0.0,0.0,1.0,0.0,0.0,1.0,3.0,1.0,1.0,0.0,0.0,0.0,2.0,2.0,4.0,7.0,3.0,0.0,0.0,0.0,1.0,0.0,0.0,0.0,14.0,0.0,0.0,0.0,0.0,2.0,1.0,2.0,1.0,1.8571428571428572,0.8571428571428571,12.0,1.0,11.999988000012001,0.9230768520710114,0.0,0.0,0.0,0.0,0.0,0.0,0.0,0.0,0.0,0.0,0.0,0.0,5.0,9.0,0.3571428316326549,19.0,1.9,1.0,0.0,0.0,0.0,0.0,0.0,,,0.0,0.0,0.0,,,0.0,-0.6171441482000752
2021CMC__2021-10-08-CMC-S14__Room5_Session2_chunk5.mp4,2021CMC,2021-10-08-CMC-S14,2021-10-08-CMC-S14,4,8,middle,2.0,1.0,True,True,True,True,0.3584551931008624,0.0,0.0,0.0,0.0,3.0,1.0,0.0,0.0,0.0,3.0,2.0,3.0,1.0,1.0,1.0,1.0,0.0,1.0,0.0,1.0,0.0,1.0,3.0,1.0,1.0,0.0,0.0,0.0,1.0,2.0,2.0,5.0,4.0,1.0,0.0,1.0,2.0,0.0,0.0,0.0,15.0,0.0,0.0,0.0,0.0,1.5,0.5,1.5,0.5,1.6,0.6,9.0,3.0,2.9999990000003334,0.7499999375000053,0.0,0.0,0.0,0.0,0.0,0.0,0.0,0.0,0.0,1.0,0.0,1000000.0,14.0,1.0,0.9333332711111153,14.0,1.5555555555555556,1.0,0.0,0.0,0.0,0.0,0.0,0.0,1.0,0.058823529411764705,0.058823529411764705,0.058823529411764705,2.2941176470588234,0.29411764705882354,0.0,-0.005137831368613667
2021CMC__2021-10-08-CMC-S14__Room5_Session2_chunk6.mp4,2021CMC,2021-10-08-CMC-S14,2021-10-08-CMC-S14,5,8,middle,2.0,1.0,True,True,True,True,0.3133903133903133,0.0,0.0,0.0,0.0,3.0,1.0,0.0,1.0,1.0,3.0,2.0,3.0,1.0,0.0,0.0,1.0,0.0,0.0,0.0,1.0,0.0,1.0,,0.0,0.0,0.0,1.0,0.0,2.0,6.0,2.0,9.0,6.0,1.0,0.0,5.0,0.0,0.0,0.0,0.0,29.0,0.0,0.0,0.0,0.0,2.0,1.0,,,1.7777777777777777,0.7777777777777778,19.0,2.0,9.499995250002375,0.9047618616780065,0.0,0.0,0.0,0.0,0.0,0.0,0.0,0.0,0.0,0.0,0.0,0.0,17.0,10.0,0.6296296063100145,28.0,1.8666666666666667,1.0,0.0,0.0,0.0,0.0,0.0,0.0,0.9655172413793104,0.0,0.0,0.0,2.2758620689655173,0.27586206896551724,0.0,-0.3887866481095689
2021CMC__2021-10-08-CMC-S14__Room5_Session2_chunk7.mp4,2021CMC,2021-10-08-CMC-S14,2021-10-08-CMC-S14,6,8,middle,2.0,1.0,True,True,True,True,0.5148514851485149,1.0,0.0,0.0,0.0,3.0,1.0,0.0,1.0,1.0,3.0,2.0,3.0,1.0,1.0,1.0,1.0,0.0,0.0,1.0,0.0,0.0,1.0,,0.0,0.0,0.0,0.0,0.0,2.0,0.0,3.0,9.0,2.0,3.0,1.0,4.0,13.0,0.0,0.0,0.0,15.0,1.0,0.0,0.0,0.0,,,1.2307692307692308,0.23076923076923078,1.1111111111111112,0.1111111111111111,22.0,1.0,21.999978000022,0.9565216975425348,0.0,0.0,0.0,0.0,1.0,0.0,0.0,0.0,0.0,1.0,0.0,1000000.0,15.0,0.0,0.9999999333333378,26.0,1.1818181818181819,1.0,0.0,0.0,0.0,0.0,0.0,0.0,0.0,0.0,0.0,0.0,2.027027027027027,0.02702702702702703,0.0,-0.8604649237120855
2021CMC__2021-10-08-CMC-S14__Room5_Session2_chunk8.mp4,2021CMC,2021-10-08-CMC-S14,2021-10-08-CMC-S14,7,8,end,2.0,1.0,True,True,True,True,0.6716926070038911,1.0,0.0,0.0,1.0,4.0,1.0,0.0,1.0,0.0,2.0,2.0,0.0,0.0,0.0,0.0,1.0,0.0,1.0,0.0,1.0,0.0,1.0,,0.0,0.0,0.0,0.0,0.0,2.0,1.0,1.0,5.0,1.0,6.0,0.0,3.0,1.0,0.0,0.0,0.0,9.0,0.0,0.0,0.0,0.0,1.0,0.0,1.0,0.0,1.2,0.2,8.0,0.0,8000000.0,0.9999998750000157,0.0,0.0,0.0,0.0,0.0,0.0,0.0,0.0,0.0,0.0,0.0,0.0,7.0,2.0,0.7777776913580343,8.0,1.1428571428571428,1.0,0.0,1.0,0.0,1000000.0,0.0,0.0,1.3157894736842106,0.21052631578947367,0.8947368421052632,0.3157894736842105,2.210526315789474,0.21052631578947367,0.0,1.3340902291502523
2021CMC__2021-10-08-CMC-S13__B5 - 2021-10-08 13-01-46_chunk1.mp4,2021CMC,2021-10-08-CMC-S13,2021-10-08-CMC-S13,0,8,beginning,3.0,1.0,True,True,True,True,0.4220183486238531,0.0,0.0,0.0,1.0,3.0,1.0,0.0,0.0,0.0,1.0,1.0,0.0,0.0,0.0,0.0,0.0,0.0,0.0,0.0,0.0,0.0,1.0,,0.0,0.0,0.0,0.0,1.0,2.0,0.0,1.0,11.0,0.0,3.0,0.0,14.0,0.0,0.0,0.0,0.0,10.0,0.0,0.0,0.0,0.0,,,,,,,11.0,0.0,11000000.0,0.9999999090909174,0.0,0.0,0.0,0.0,0.0,0.0,0.0,0.0,2.0,0.0,0.0,0.0,0.0,10.0,0.0,0.0,,,0.0,0.0,0.0,0.0,0.0,,,0.0,0.0,0.0,,,0.0,-0.6171441482000752
2021CMC__2021-10-08-CMC-S13__B5 - 2021-10-08 13-01-46_chunk2.mp4,2021CMC,2021-10-08-CMC-S13,2021-10-08-CMC-S13,1,8,middle,3.0,1.0,True,True,True,True,0.3033472803347279,0.0,0.0,1.0,0.0,4.0,1.0,0.0,0.0,0.0,2.0,1.0,3.0,1.0,0.0,0.0,1.0,1.0,0.0,0.0,1.0,0.0,1.0,3.0,1.0,1.0,0.0,0.0,1.0,1.0,5.0,5.0,5.0,4.0,0.0,0.0,1.0,2.0,0.0,0.0,0.0,7.0,0.0,0.0,0.0,0.0,1.2,0.2,2.0,1.0,1.4,0.4,13.0,2.0,6.499996750001625,0.8666666088888928,0.0,0.0,0.0,0.0,0.0,0.0,0.0,0.0,0.0,1.0,0.0,1000000.0,5.0,2.0,0.7142856122449125,17.0,1.4166666666666667,1.0,0.0,1.0,0.0,1000000.0,0.0,0.0,1.1666666666666667,0.041666666666666664,0.041666666666666664,0.041666666666666664,2.375,0.3333333333333333,0.0,-0.030701432830098296
2021CMC__2021-10-08-CMC-S13__B5 - 2021-10-08 13-01-46_chunk3.mp4,2021CMC,2021-10-08-CMC-S13,2021-10-08-CMC-S13,2,8,middle,3.0,1.0,True,True,True,True,0.3851851851851851,0.0,0.0,1.0,0.0,4.0,1.0,0.0,0.0,0.0,3.0,2.0,3.0,1.0,1.0,0.0,1.0,1.0,0.0,1.0,0.0,0.0,1.0,,0.0,0.0,0.0,0.0,0.0,1.0,4.0,0.0,4.0,4.0,0.0,0.0,0.0,3.0,0.0,0.0,0.0,15.0,0.0,0.0,0.0,0.0,2.0,1.0,2.0,1.0,1.5,0.5,15.0,0.0,15000000.0,0.9999999333333378,0.0,0.0,0.0,0.0,0.0,0.0,0.0,0.0,0.0,0.0,0.0,0.0,10.0,5.0,0.6666666222222252,20.0,1.8181818181818181,1.0,0.0,0.0,0.0,0.0,0.0,0.0,1.4375,0.0,0.0,0.0,2.75,0.5625,0.0,-0.15821177677708875
2021CMC__2021-10-08-CMC-S13__B5 - 2021-10-08 13-01-46_chunk4.mp4,2021CMC,2021-10-08-CMC-S13,2021-10-08-CMC-S13,3,8,middle,3.0,1.0,True,True,True,True,0.48706739526411647,0.0,0.0,1.0,0.0,4.0,1.0,0.0,0.0,0.0,3.0,2.0,3.0,1.0,0.0,0.0,1.0,0.0,0.0,1.0,0.0,0.0,1.0,,0.0,0.0,0.0,0.0,0.0,1.0,5.0,5.0,4.0,6.0,4.0,1.0,10.0,4.0,0.0,0.0,1.0,17.0,0.0,0.0,0.0,0.0,1.4,0.4,1.25,0.25,1.0,0.0,19.0,0.0,19000000.0,0.9999999473684238,0.0,0.0,1.0,0.0,0.0,0.0,0.0,0.0,1.0,0.0,0.0,0.0,5.0,12.0,0.2941176297577865,15.0,1.25,1.0,0.0,2.0,0.0,2000000.0,0.0,0.0,1.45,0.075,0.25,0.025,2.1,0.1,0.0,0.20204794292778686
2021CMC__2021-10-08-CMC-S13__B5 - 2021-10-08 13-01-46_chunk5.mp4,2021CMC,2021-10-08-CMC-S13,2021-10-08-CMC-S13,4,8,middle,3.0,1.0,True,True,True,True,0.26012793176972293,0.0,0.0,1.0,0.0,3.0,1.0,0.0,0.0,0.0,3.0,2.0,3.0,1.0,1.0,1.0,1.0,0.0,1.0,0.0,1.0,0.0,1.0,3.0,1.0,1.0,0.0,0.0,0.0,1.0,3.0,3.0,5.0,8.0,1.0,1.0,0.0,3.0,0.0,0.0,0.0,16.0,0.0,0.0,0.0,0.0,1.6666666666666667,0.6666666666666666,1.6666666666666667,0.6666666666666666,1.6,0.6,13.0,5.0,2.599999480000104,0.7222221820987677,0.0,0.0,0.0,0.0,0.0,0.0,0.0,0.0,0.0,1.0,0.0,1000000.0,15.0,1.0,0.9374999414062536,18.0,1.6363636363636365,1.0,0.0,1.0,0.0,1000000.0,0.0,0.0,0.875,0.0,0.041666666666666664,0.0,2.2916666666666665,0.2916666666666667,0.0,-0.4330064864473049
2021CMC__2021-10-08-CMC-S13__B5 - 2021-10-08 13-01-46_chunk6.mp4,2021CMC,2021-10-08-CMC-S13,2021-10-08-CMC-S13,5,8,middle,3.0,1.0,True,True,True,True,0.28011204481792706,0.0,0.0,1.0,0.0,4.0,1.0,0.0,0.0,0.0,3.0,2.0,3.0,1.0,0.0,0.0,1.0,0.0,0.0,1.0,0.0,0.0,1.0,,0.0,0.0,0.0,1.0,0.0,2.0,6.0,2.0,7.0,3.0,1.0,0.0,5.0,0.0,0.0,0.0,0.0,24.0,0.0,0.0,0.0,0.0,1.8333333333333333,0.8333333333333334,,,1.7142857142857142,0.7142857142857143,16.0,0.0,16000000.0,0.9999999375000038,0.0,0.0,0.0,0.0,0.0,0.0,0.0,0.0,0.0,0.0,0.0,0.0,13.0,2.0,0.8666666088888928,23.0,1.7692307692307692,1.0,0.0,0.0,0.0,0.0,0.0,0.0,0.9583333333333334,0.0,0.9583333333333334,0.0,2.3333333333333335,0.3333333333333333,0.0,-0.3922961590887543
2021CMC__2021-10-08-CMC-S13__B5 - 2021-10-08 13-01-46_chunk7.mp4,2021CMC,2021-10-08-CMC-S13,2021-10-08-CMC-S13,6,8,middle,3.0,1.0,True,True,True,True,0.4656862745098038,0.0,1.0,0.0,0.0,3.0,1.0,0.0,1.0,1.0,3.0,3.0,3.0,1.0,1.0,1.0,1.0,0.0,0.0,0.0,1.0,0.0,1.0,,0.0,0.0,0.0,0.0,0.0,2.0,2.0,2.0,2.0,2.0,2.0,1.0,1.0,6.0,0.0,0.0,0.0,10.0,1.0,0.0,0.0,0.0,2.0,1.0,1.6666666666666667,0.6666666666666666,1.0,0.0,11.0,1.0,10.999989000011,0.9166665902777842,0.0,0.0,0.0,0.0,1.0,0.0,0.0,0.0,0.0,0.0,0.0,0.0,10.0,0.0,0.99999990000001,13.0,1.625,1.0,0.0,0.0,0.0,0.0,0.0,0.0,0.0,0.0,0.0,0.0,2.05,0.05,0.0,-0.8604649237120855
2021CMC__2021-10-08-CMC-S13__B5 - 2021-10-08 13-01-46_chunk8.mp4,2021CMC,2021-10-08-CMC-S13,2021-10-08-CMC-S13,7,8,end,3.0,1.0,True,True,True,True,0.5841269841269843,1.0,1.0,0.0,0.0,3.0,1.0,0.0,1.0,1.0,3.0,4.0,3.0,1.0,1.0,0.0,1.0,0.0,1.0,1.0,0.0,0.0,1.0,,0.0,0.0,0.0,0.0,0.0,2.0,1.0,1.0,6.0,1.0,4.0,0.0,3.0,3.0,0.0,0.0,0.0,4.0,1.0,0.0,0.0,0.0,2.0,1.0,1.6666666666666667,0.6666666666666666,1.1666666666666667,0.16666666666666666,11.0,0.0,11000000.0,0.9999999090909174,0.0,0.0,0.0,0.0,1.0,0.0,0.0,0.0,0.0,0.0,0.0,0.0,4.0,0.0,0.9999997500000625,14.0,1.4,1.0,0.0,1.0,0.0,1000000.0,0.0,0.0,0.0,0.0,0.0,0.0,2.0,0.0,0.0,-0.8604649237120855
2021CMC__2021-10-08-CMC-S12__B4 - 2021-10-08 13-01-38_chunk1.mp4,2021CMC,2021-10-08-CMC-S12,2021-10-08-CMC-S12,0,8,beginning,1.0,0.0,True,False,False,True,0.375,0.0,0.0,0.0,1.0,3.0,1.0,1.0,0.0,0.0,1.0,2.0,0.0,0.0,1.0,0.0,0.0,1.0,1.0,0.0,1.0,0.0,1.0,,0.0,0.0,0.0,0.0,1.0,2.0,1.0,3.0,9.0,4.0,2.0,0.0,6.0,0.0,0.0,0.0,0.0,10.0,1.0,0.0,0.0,0.0,1.0,0.0,,,0.8888888888888888,0.0,11.0,2.0,5.499997250001375,0.8461537810650938,0.0,0.0,0.0,0.0,1.0,0.0,0.0,0.0,0.0,1.0,0.0,1000000.0,2.0,8.0,0.19999998000000202,9.0,0.9,0.9,0.0,0.0,0.0,0.0,0.0,0.0,0.0,0.0,0.0,0.0,2.0625,0.0625,0.0,-0.8604649237120855
2021CMC__2021-10-08-CMC-S12__B4 - 2021-10-08 13-01-38_chunk2.mp4,2021CMC,2021-10-08-CMC-S12,2021-10-08-CMC-S12,1,8,middle,1.0,0.0,True,False,False,True,0.06369183829138048,0.0,0.0,1.0,0.0,3.0,1.0,0.0,0.0,0.0,2.0,2.0,3.0,1.0,1.0,1.0,1.0,1.0,1.0,0.0,0.0,0.0,0.0,,0.0,0.0,0.0,0.0,0.0,1.0,2.0,1.0,3.0,0.0,0.0,1.0,0.0,1.0,0.0,0.0,0.0,7.0,0.0,0.0,0.0,0.0,1.5,0.5,2.0,1.0,1.3333333333333333,0.3333333333333333,6.0,0.0,6000000.0,0.9999998333333611,0.0,0.0,0.0,0.0,0.0,0.0,0.0,0.0,0.0,0.0,0.0,0.0,5.0,2.0,0.7142856122449125,9.0,1.5,1.0,0.0,0.0,0.0,0.0,0.0,0.0,1.8888888888888888,0.0,0.4444444444444444,0.2222222222222222,2.2222222222222223,0.2222222222222222,0.1111111111111111,0.5668396677528836
2021CMC__2021-10-08-CMC-S12__B4 - 2021-10-08 13-01-38_chunk3.mp4,2021CMC,2021-10-08-CMC-S12,2021-10-08-CMC-S12,2,8,middle,1.0,0.0,True,False,False,True,0.17997750281214864,0.0,0.0,1.0,0.0,3.0,1.0,0.0,0.0,0.0,3.0,2.0,3.0,1.0,1.0,1.0,1.0,0.0,0.0,0.0,0.0,0.0,0.0,3.0,1.0,1.0,0.0,0.0,0.0,1.0,4.0,2.0,4.0,2.0,0.0,0.0,0.0,1.0,0.0,0.0,0.0,13.0,0.0,0.0,0.0,0.0,1.75,0.75,2.0,1.0,1.0,0.0,10.0,1.0,9.999990000010001,0.9090908264462886,0.0,0.0,0.0,0.0,0.0,0.0,0.0,0.0,0.0,0.0,0.0,0.0,12.0,1.0,0.9230768520710114,13.0,1.4444444444444444,1.0,0.0,0.0,0.0,0.0,0.0,0.0,1.2307692307692308,0.0,0.0,0.3076923076923077,2.6153846153846154,0.6153846153846154,0.0,0.4393852252819552
2021CMC__2021-10-08-CMC-S12__B4 - 2021-10-08 13-01-38_chunk4.mp4,2021CMC,2021-10-08-CMC-S12,2021-10-08-CMC-S12,3,8,middle,1.0,0.0,True,False,False,True,0.3912483912483913,0.0,0.0,1.0,0.0,3.0,1.0,0.0,0.0,0.0,3.0,2.0,3.0,1.0,1.0,1.0,1.0,0.0,1.0,0.0,1.0,0.0,1.0,3.0,1.0,1.0,1.0,1.0,1.0,1.0,3.0,1.0,7.0,5.0,1.0,0.0,0.0,1.0,0.0,0.0,1.0,15.0,0.0,0.0,0.0,0.0,2.0,1.0,2.0,1.0,1.5714285714285714,0.5714285714285714,13.0,3.0,4.33333188888937,0.8124999492187531,0.0,0.0,1.0,0.0,0.0,0.0,0.0,0.0,0.0,0.0,0.0,0.0,12.0,3.0,0.7999999466666703,19.0,1.7272727272727273,1.0,0.0,0.0,0.0,0.0,0.0,0.0,1.0,0.0,0.0,0.0,2.3,0.3,0.0,-0.37194099540947906
2021CMC__2021-10-08-CMC-S12__B4 - 2021-10-08 13-01-38_chunk5.mp4,2021CMC,2021-10-08-CMC-S12,2021-10-08-CMC-S12,4,8,middle,1.0,0.0,True,False,False,True,0.34505494505494516,0.0,0.0,1.0,0.0,3.0,1.0,0.0,0.0,0.0,3.0,2.0,3.0,1.0,1.0,0.0,1.0,0.0,0.0,1.0,0.0,0.0,1.0,3.0,1.0,1.0,1.0,1.0,0.0,1.0,6.0,5.0,6.0,4.0,2.0,0.0,0.0,1.0,0.0,0.0,1.0,3.0,1.0,0.0,0.0,0.0,1.6666666666666667,0.6666666666666666,2.0,1.0,1.3333333333333333,0.3333333333333333,15.0,2.0,7.499996250001875,0.8823528892733594,0.0,0.0,1.0,0.0,1.0,0.0,0.0,0.0,0.0,0.0,0.0,0.0,3.0,0.0,0.9999996666667778,20.0,1.5384615384615385,1.0,1.0,0.0,0.0,1000000.0,0.0,0.0,0.7037037037037037,0.0,0.0,0.0,2.4444444444444446,0.4444444444444444,0.0,-0.5166888260176589
2021CMC__2021-10-08-CMC-S12__B4 - 2021-10-08 13-01-38_chunk6.mp4,2021CMC,2021-10-08-CMC-S12,2021-10-08-CMC-S12,5,8,middle,1.0,0.0,True,False,False,True,0.3691860465116279,0.0,1.0,0.0,0.0,3.0,1.0,1.0,0.0,0.0,3.0,3.0,3.0,1.0,1.0,0.0,1.0,0.0,0.0,1.0,0.0,0.0,1.0,3.0,1.0,1.0,1.0,1.0,1.0,2.0,7.0,3.0,6.0,11.0,1.0,2.0,5.0,0.0,0.0,0.0,0.0,6.0,1.0,0.0,0.0,0.0,1.8571428571428572,0.8571428571428571,,,1.0,0.0,20.0,2.0,9.9999950000025,0.9090908677685968,0.0,0.0,0.0,0.0,1.0,0.0,0.0,0.0,0.0,2.0,0.0,2000000.0,4.0,2.0,0.6666665555555741,19.0,1.4615384615384615,1.0,0.0,1.0,0.0,1000000.0,0.0,0.0,0.8333333333333334,0.03333333333333333,0.03333333333333333,0.0,2.3333333333333335,0.3333333333333333,0.0,-0.32118709953742997
2021CMC__2021-10-08-CMC-S12__B4 - 2021-10-08 13-01-38_chunk7.mp4,2021CMC,2021-10-08-CMC-S12,2021-10-08-CMC-S12,6,8,middle,1.0,0.0,True,False,False,True,0.0714285714285714,0.0,1.0,0.0,0.0,3.0,1.0,0.0,1.0,1.0,4.0,4.0,3.0,1.0,1.0,1.0,1.0,0.0,1.0,0.0,1.0,0.0,1.0,,0.0,0.0,0.0,0.0,0.0,2.0,4.0,3.0,3.0,5.0,1.0,0.0,2.0,3.0,0.0,0.0,0.0,6.0,1.0,0.0,0.0,0.0,1.5,0.5,2.0,1.0,1.0,0.0,14.0,0.0,14000000.0,0.9999999285714337,0.0,0.0,0.0,0.0,1.0,0.0,0.0,0.0,0.0,1.0,0.0,1000000.0,5.0,1.0,0.8333331944444675,15.0,1.5,1.0,0.0,0.0,0.0,0.0,0.0,0.0,0.64,0.0,0.0,0.0,2.08,0.08,0.0,-0.5478096095984174
2021CMC__2021-10-08-CMC-S12__B4 - 2021-10-08 13-01-38_chunk8.mp4,2021CMC,2021-10-08-CMC-S12,2021-10-08-CMC-S12,7,8,end,1.0,0.0,True,False,False,True,0.3139534883720929,0.0,1.0,0.0,0.0,3.0,1.0,0.0,0.0,0.0,4.0,4.0,3.0,1.0,1.0,1.0,1.0,0.0,0.0,1.0,0.0,0.0,1.0,3.0,1.0,1.0,1.0,0.0,0.0,2.0,3.0,3.0,5.0,0.0,1.0,0.0,1.0,1.0,0.0,0.0,1.0,8.0,1.0,0.0,0.0,0.0,2.0,1.0,1.0,0.0,1.2,0.2,9.0,0.0,9000000.0,0.9999998888889013,0.0,0.0,1.0,0.0,1.0,0.0,0.0,0.0,0.0,0.0,0.0,0.0,8.0,0.0,0.9999998750000157,13.0,1.4444444444444444,1.0,0.0,1.0,0.0,1000000.0,0.0,0.0,0.0,0.0,0.0,0.0,2.7222222222222223,0.6666666666666666,0.0,-0.8604649237120855
2021CMC__2021-10-08-CMC-S7__Room5_Session1_chunk1.mp4,2021CMC,2021-10-08-CMC-S7,2021-10-08-CMC-S7,0,8,beginning,2.0,0.0,True,False,False,True,0.17045454545454564,0.0,0.0,0.0,1.0,4.0,0.0,0.0,0.0,0.0,,1.0,0.0,0.0,0.0,0.0,0.0,0.0,1.0,0.0,1.0,0.0,1.0,,0.0,0.0,0.0,0.0,1.0,2.0,0.0,1.0,12.0,1.0,1.0,0.0,3.0,0.0,0.0,0.0,0.0,11.0,0.0,0.0,0.0,0.0,,,,,,,13.0,0.0,13000000.0,0.9999999230769291,0.0,0.0,0.0,0.0,0.0,0.0,0.0,0.0,0.0,0.0,0.0,0.0,0.0,11.0,0.0,0.0,,,0.0,0.0,0.0,0.0,0.0,0.0,0.0,0.0,0.0,0.0,2.0555555555555554,0.05555555555555555,0.0,-0.8604649237120855
2021CMC__2021-10-08-CMC-S7__Room5_Session1_chunk2.mp4,2021CMC,2021-10-08-CMC-S7,2021-10-08-CMC-S7,1,8,middle,2.0,0.0,True,False,False,True,0.5097402597402598,1.0,0.0,0.0,1.0,3.0,0.0,0.0,1.0,1.0,,1.0,0.0,0.0,0.0,0.0,0.0,0.0,0.0,0.0,1.0,0.0,1.0,,0.0,0.0,0.0,0.0,0.0,2.0,0.0,4.0,1.0,12.0,5.0,0.0,12.0,0.0,0.0,0.0,0.0,2.0,0.0,0.0,0.0,0.0,,,,,0.0,0.0,12.0,0.0,12000000.0,0.9999999166666736,0.0,0.0,0.0,0.0,0.0,0.0,0.0,0.0,0.0,1.0,0.0,1000000.0,2.0,0.0,0.99999950000025,0.0,0.0,0.0,0.0,0.0,0.0,0.0,0.0,0.0,0.0,0.05714285714285714,0.08571428571428572,0.0,2.085714285714286,0.08571428571428572,0.0,-0.6338799798449709
2021CMC__2021-10-08-CMC-S7__Room5_Session1_chunk3.mp4,2021CMC,2021-10-08-CMC-S7,2021-10-08-CMC-S7,2,8,middle,2.0,0.0,True,False,False,True,0.33976833976833976,0.0,0.0,1.0,0.0,3.0,1.0,0.0,1.0,0.0,2.0,1.0,2.0,0.0,1.0,0.0,1.0,1.0,1.0,0.0,1.0,0.0,1.0,,0.0,0.0,0.0,0.0,0.0,2.0,0.0,2.0,4.0,4.0,0.0,2.0,6.0,1.0,0.0,0.0,1.0,10.0,0.0,0.0,0.0,0.0,,,2.0,1.0,1.0,0.0,9.0,0.0,9000000.0,0.9999998888889013,0.0,0.0,1.0,0.0,0.0,0.0,0.0,0.0,1.0,0.0,0.0,0.0,7.0,3.0,0.699999930000007,6.0,1.2,1.0,0.0,0.0,0.0,0.0,0.0,0.0,2.25,0.0,1.0,0.0,2.3125,0.3125,0.0625,0.23871391496877895
2021CMC__2021-10-08-CMC-S7__Room5_Session1_chunk4.mp4,2021CMC,2021-10-08-CMC-S7,2021-10-08-CMC-S7,3,8,middle,2.0,0.0,True,False,False,True,0.19318181818181812,0.0,0.0,1.0,0.0,4.0,1.0,0.0,0.0,0.0,2.0,2.0,3.0,1.0,1.0,1.0,1.0,1.0,1.0,0.0,1.0,0.0,1.0,3.0,1.0,1.0,1.0,0.0,0.0,1.0,2.0,1.0,2.0,1.0,0.0,2.0,0.0,2.0,0.0,0.0,0.0,10.0,0.0,0.0,0.0,0.0,1.5,0.5,2.0,1.0,1.5,0.5,7.0,0.0,7000000.0,0.9999998571428775,0.0,0.0,0.0,0.0,0.0,0.0,0.0,0.0,0.0,0.0,0.0,0.0,8.0,2.0,0.7999999200000081,10.0,1.6666666666666667,1.0,0.0,0.0,0.0,0.0,0.0,0.0,2.727272727272727,0.18181818181818182,1.0,0.5454545454545454,2.5454545454545454,0.5454545454545454,0.0,2.431234577246864
2021CMC__2021-10-08-CMC-S7__Room5_Session1_chunk5.mp4,2021CMC,2021-10-08-CMC-S7,2021-10-08-CMC-S7,4,8,middle,2.0,0.0,True,False,False,True,0.29761904761904745,0.0,0.0,1.0,0.0,3.0,1.0,0.0,0.0,0.0,2.0,2.0,3.0,1.0,0.0,0.0,1.0,1.0,1.0,0.0,1.0,0.0,1.0,3.0,1.0,1.0,1.0,0.0,1.0,1.0,4.0,1.0,2.0,0.0,0.0,0.0,0.0,0.0,0.0,0.0,0.0,7.0,0.0,0.0,0.0,0.0,1.5,0.5,,,1.0,0.0,5.0,0.0,5000000.0,0.99999980000004,0.0,0.0,0.0,0.0,0.0,0.0,0.0,0.0,0.0,0.0,0.0,0.0,5.0,2.0,0.7142856122449125,8.0,1.3333333333333333,1.0,0.0,0.0,0.0,0.0,0.0,0.0,0.0,0.0,0.0,0.0,2.5,0.5,0.0,-0.8604649237120855
2021CMC__2021-10-08-CMC-S7__Room5_Session1_chunk6.mp4,2021CMC,2021-10-08-CMC-S7,2021-10-08-CMC-S7,5,8,middle,2.0,0.0,True,False,False,True,0.23725981620718462,0.0,0.0,1.0,0.0,4.0,1.0,0.0,0.0,0.0,2.0,2.0,3.0,1.0,1.0,1.0,1.0,0.0,1.0,0.0,1.0,0.0,1.0,3.0,1.0,1.0,0.0,0.0,0.0,1.0,0.0,7.0,7.0,5.0,3.0,2.0,3.0,1.0,0.0,0.0,0.0,4.0,0.0,0.0,0.0,0.0,,,2.0,1.0,1.5,0.5,12.0,0.0,12000000.0,0.9999999166666736,0.0,0.0,0.0,0.0,0.0,0.0,0.0,0.0,0.0,0.0,0.0,0.0,4.0,0.0,0.9999997500000625,11.0,1.5714285714285714,1.0,0.0,0.0,0.0,0.0,0.0,0.0,0.5384615384615384,0.0,0.15384615384615385,0.11538461538461539,2.1538461538461537,0.15384615384615385,0.0,-0.3354423541237351
2021CMC__2021-10-08-CMC-S7__Room5_Session1_chunk7.mp4,2021CMC,2021-10-08-CMC-S7,2021-10-08-CMC-S7,6,8,middle,2.0,0.0,True,False,False,True,0.2657004830917873,0.0,1.0,0.0,0.0,3.0,1.0,0.0,1.0,1.0,3.0,2.0,3.0,1.0,1.0,0.0,1.0,0.0,1.0,0.0,1.0,0.0,1.0,3.0,1.0,1.0,0.0,0.0,0.0,2.0,1.0,1.0,6.0,3.0,0.0,0.0,4.0,2.0,0.0,0.0,0.0,6.0,0.0,0.0,0.0,0.0,2.0,1.0,1.5,0.5,1.1666666666666667,0.16666666666666666,9.0,2.0,4.499997750001125,0.8181817438016598,0.0,0.0,0.0,0.0,0.0,0.0,0.0,0.0,1.0,1.0,0.0,1000000.0,6.0,0.0,0.9999998333333611,12.0,1.3333333333333333,1.0,1.0,0.0,0.0,1000000.0,0.0,0.0,1.3529411764705883,0.0,0.0,0.0,2.176470588235294,0.17647058823529413,0.0,-0.19952078542032384
2021CMC__2021-10-08-CMC-S7__Room5_Session1_chunk8.mp4,2021CMC,2021-10-08-CMC-S7,2021-10-08-CMC-S7,7,8,end,2.0,0.0,True,False,False,True,0.5049019607843137,0.0,1.0,0.0,0.0,4.0,1.0,0.0,1.0,1.0,3.0,2.0,3.0,1.0,1.0,0.0,1.0,0.0,0.0,0.0,1.0,0.0,1.0,,0.0,0.0,0.0,0.0,1.0,2.0,0.0,3.0,2.0,4.0,10.0,0.0,4.0,3.0,0.0,0.0,0.0,6.0,0.0,0.0,0.0,0.0,,,1.3333333333333333,0.3333333333333333,1.5,0.5,9.0,0.0,9000000.0,0.9999998888889013,0.0,0.0,0.0,0.0,0.0,0.0,0.0,0.0,0.0,0.0,0.0,0.0,5.0,1.0,0.8333331944444675,7.0,1.4,1.0,0.0,0.0,0.0,0.0,0.0,0.0,0.5675675675675675,0.24324324324324326,1.0,0.10810810810810811,2.5135135135135136,0.5135135135135135,0.0,0.6267729205448365
2021CMC__2021-10-07-CMC-S5__B4 - 2021-10-07 12-37-15_chunk1.mp4,2021CMC,2021-10-07-CMC-S5,2021-10-07-CMC-S5,0,8,beginning,2.0,1.0,True,True,True,True,0.5436507936507935,1.0,0.0,1.0,0.0,3.0,0.0,1.0,1.0,1.0,2.0,1.0,0.0,0.0,0.0,0.0,1.0,1.0,0.0,0.0,0.0,0.0,0.0,,0.0,0.0,0.0,0.0,0.0,2.0,0.0,1.0,4.0,0.0,0.0,0.0,11.0,0.0,0.0,0.0,0.0,8.0,0.0,0.0,0.0,0.0,,,,,1.25,0.25,4.0,0.0,4000000.0,0.9999997500000625,0.0,0.0,0.0,0.0,0.0,0.0,0.0,0.0,0.0,0.0,0.0,0.0,4.0,4.0,0.4999999375000079,5.0,1.25,1.0,0.0,0.0,0.0,0.0,0.0,0.0,1.391304347826087,0.0,0.6521739130434783,0.0,2.1739130434782608,0.17391304347826086,0.0,-0.18077945824758965
2021CMC__2021-10-07-CMC-S5__B4 - 2021-10-07 12-37-15_chunk2.mp4,2021CMC,2021-10-07-CMC-S5,2021-10-07-CMC-S5,1,8,middle,2.0,1.0,True,True,True,True,0.17021276595744683,0.0,0.0,1.0,0.0,4.0,1.0,0.0,0.0,0.0,2.0,1.0,3.0,1.0,1.0,0.0,1.0,1.0,0.0,0.0,0.0,0.0,0.0,,0.0,0.0,0.0,0.0,0.0,1.0,4.0,2.0,3.0,2.0,0.0,2.0,0.0,5.0,0.0,0.0,0.0,11.0,0.0,0.0,0.0,0.0,2.0,1.0,2.0,1.0,2.0,1.0,13.0,1.0,12.999987000013,0.9285713622449028,0.0,0.0,0.0,0.0,0.0,0.0,0.0,0.0,0.0,0.0,0.0,0.0,10.0,1.0,0.9090908264462886,24.0,2.0,1.0,1.0,0.0,0.0,1000000.0,0.0,0.0,1.8571428571428572,0.0,0.7142857142857143,0.0,2.642857142857143,0.5714285714285714,0.0,0.046793800278469355
2021CMC__2021-10-07-CMC-S5__B4 - 2021-10-07 12-37-15_chunk3.mp4,2021CMC,2021-10-07-CMC-S5,2021-10-07-CMC-S5,2,8,middle,2.0,1.0,True,True,True,True,0.42343836373687105,0.0,0.0,1.0,0.0,3.0,1.0,0.0,0.0,0.0,2.0,1.0,3.0,1.0,1.0,1.0,1.0,0.0,1.0,0.0,1.0,0.0,1.0,,0.0,0.0,0.0,0.0,0.0,1.0,1.0,8.0,8.0,3.0,1.0,2.0,1.0,1.0,0.0,0.0,0.0,4.0,1.0,0.0,0.0,0.0,1.0,0.0,2.0,1.0,2.0,1.0,13.0,0.0,13000000.0,0.9999999230769291,0.0,0.0,0.0,0.0,1.0,0.0,0.0,0.0,0.0,0.0,0.0,0.0,4.0,0.0,0.9999997500000625,19.0,1.9,1.0,0.0,0.0,0.0,0.0,0.0,0.0,0.4482758620689655,0.034482758620689655,0.034482758620689655,0.0,2.206896551724138,0.2413793103448276,0.0,-0.5047391448980032
2021CMC__2021-10-07-CMC-S5__B4 - 2021-10-07 12-37-15_chunk4.mp4,2021CMC,2021-10-07-CMC-S5,2021-10-07-CMC-S5,3,8,middle,2.0,1.0,True,True,True,True,0.4308176100628931,0.0,0.0,1.0,0.0,4.0,1.0,0.0,0.0,0.0,3.0,2.0,3.0,1.0,1.0,1.0,1.0,0.0,0.0,1.0,0.0,0.0,1.0,,0.0,0.0,0.0,0.0,0.0,1.0,2.0,7.0,6.0,5.0,0.0,1.0,0.0,0.0,0.0,0.0,0.0,5.0,1.0,0.0,0.0,0.0,1.5,0.5,,,1.8333333333333333,0.8333333333333334,11.0,1.0,10.999989000011,0.9166665902777842,0.0,0.0,0.0,0.0,1.0,0.0,0.0,0.0,0.0,1.0,0.0,1000000.0,3.0,2.0,0.599999880000024,14.0,1.75,1.0,0.0,0.0,0.0,0.0,0.0,0.0,0.5714285714285714,0.047619047619047616,0.47619047619047616,0.0,2.4761904761904763,0.47619047619047616,0.0,-0.39248760669752447
2021CMC__2021-10-07-CMC-S5__B4 - 2021-10-07 12-37-15_chunk5.mp4,2021CMC,2021-10-07-CMC-S5,2021-10-07-CMC-S5,4,8,middle,2.0,1.0,True,True,True,True,0.46318607764390896,0.0,0.0,1.0,0.0,4.0,1.0,0.0,0.0,0.0,2.0,2.0,3.0,1.0,0.0,0.0,1.0,0.0,0.0,0.0,1.0,0.0,1.0,3.0,1.0,1.0,0.0,0.0,1.0,1.0,1.0,5.0,5.0,5.0,2.0,1.0,0.0,0.0,0.0,0.0,1.0,6.0,0.0,0.0,0.0,0.0,1.0,0.0,,,1.4,0.4,7.0,2.0,3.499998250000875,0.7777776913580343,0.0,0.0,1.0,0.0,0.0,0.0,0.0,0.0,0.0,2.0,0.0,2000000.0,6.0,0.0,0.9999998333333611,8.0,1.3333333333333333,1.0,0.0,0.0,0.0,0.0,0.0,0.0,0.9523809523809523,0.09523809523809523,0.09523809523809523,0.0,2.380952380952381,0.38095238095238093,0.0,-0.01756246650250748
2021CMC__2021-10-07-CMC-S5__B4 - 2021-10-07 12-37-15_chunk6.mp4,2021CMC,2021-10-07-CMC-S5,2021-10-07-CMC-S5,5,8,middle,2.0,1.0,True,True,True,True,0.20627062706270616,0.0,0.0,0.0,1.0,3.0,1.0,1.0,1.0,1.0,2.0,3.0,0.0,0.0,0.0,0.0,1.0,0.0,0.0,0.0,1.0,0.0,1.0,,0.0,0.0,0.0,0.0,0.0,2.0,3.0,2.0,4.0,1.0,2.0,0.0,9.0,0.0,0.0,0.0,0.0,12.0,0.0,0.0,0.0,0.0,1.6666666666666667,0.6666666666666666,,,1.25,0.25,6.0,1.0,5.999994000006001,0.857142734693895,0.0,0.0,0.0,0.0,0.0,0.0,0.0,0.0,0.0,0.0,0.0,0.0,7.0,5.0,0.5833332847222263,10.0,1.4285714285714286,1.0,0.0,1.0,0.0,1000000.0,0.0,0.0,0.6538461538461539,0.038461538461538464,0.8846153846153846,0.07692307692307693,2.1923076923076925,0.19230769230769232,0.0,-0.2138888529098075
2021CMC__2021-10-07-CMC-S5__B4 - 2021-10-07 12-37-15_chunk7.mp4,2021CMC,2021-10-07-CMC-S5,2021-10-07-CMC-S5,6,8,middle,2.0,1.0,True,True,True,True,0.35504469987228604,0.0,0.0,0.0,1.0,3.0,1.0,0.0,1.0,1.0,2.0,3.0,0.0,0.0,0.0,0.0,1.0,0.0,1.0,0.0,1.0,0.0,1.0,,0.0,0.0,0.0,1.0,0.0,2.0,3.0,5.0,4.0,4.0,5.0,0.0,12.0,3.0,0.0,0.0,1.0,8.0,0.0,0.0,0.0,0.0,1.3333333333333333,0.3333333333333333,1.6666666666666667,0.6666666666666666,1.0,0.0,13.0,1.0,12.999987000013,0.9285713622449028,0.0,0.0,1.0,0.0,0.0,0.0,0.0,0.0,0.0,0.0,0.0,0.0,8.0,0.0,0.9999998750000157,12.0,1.3333333333333333,1.0,0.0,0.0,0.0,0.0,0.0,0.0,0.2692307692307692,0.0,0.019230769230769232,0.0,2.076923076923077,0.07692307692307693,0.0,-0.7289392507075377
2021CMC__2021-10-07-CMC-S5__B4 - 2021-10-07 12-37-15_chunk8.mp4,2021CMC,2021-10-07-CMC-S5,2021-10-07-CMC-S5,7,8,end,2.0,1.0,True,True,True,True,0.15384615384615397,0.0,0.0,0.0,1.0,2.0,0.0,0.0,0.0,0.0,,3.0,0.0,0.0,0.0,0.0,0.0,0.0,0.0,0.0,0.0,0.0,0.0,,0.0,0.0,0.0,0.0,0.0,2.0,0.0,0.0,0.0,0.0,0.0,0.0,1.0,0.0,0.0,0.0,0.0,0.0,0.0,0.0,0.0,0.0,,,,,,,0.0,0.0,0.0,0.0,0.0,0.0,0.0,0.0,0.0,0.0,0.0,0.0,0.0,0.0,0.0,0.0,0.0,0.0,0.0,0.0,,,0.0,0.0,0.0,0.0,0.0,0.0,0.0,0.0,0.0,0.0,2.0,0.0,0.0,-0.8604649237120855
2021CMC__2021-10-08-CMC-S9__B1 - Zoom Meeting - Room 1 2021-10-08 13-01-59_chunk1.mp4,2021CMC,2021-10-08-CMC-S9,2021-10-08-CMC-S9,0,8,beginning,2.0,0.0,True,False,False,True,0.41291291291291277,0.0,0.0,1.0,0.0,4.0,1.0,0.0,0.0,0.0,3.0,2.0,3.0,1.0,1.0,0.0,1.0,1.0,1.0,1.0,0.0,0.0,1.0,3.0,1.0,1.0,0.0,0.0,1.0,1.0,3.0,1.0,2.0,2.0,2.0,3.0,2.0,2.0,0.0,0.0,1.0,6.0,0.0,0.0,0.0,0.0,1.6666666666666667,0.6666666666666666,1.5,0.5,1.5,0.5,9.0,0.0,9000000.0,0.9999998888889013,0.0,0.0,1.0,0.0,0.0,0.0,0.0,0.0,0.0,0.0,0.0,0.0,3.0,3.0,0.49999991666668053,11.0,1.5714285714285714,1.0,0.0,0.0,0.0,0.0,0.0,0.0,0.37777777777777777,0.022222222222222223,0.044444444444444446,0.022222222222222223,2.066666666666667,0.06666666666666667,0.0,-0.5373413554934406
2021CMC__2021-10-08-CMC-S9__B1 - Zoom Meeting - Room 1 2021-10-08 13-01-59_chunk2.mp4,2021CMC,2021-10-08-CMC-S9,2021-10-08-CMC-S9,1,8,middle,2.0,0.0,True,False,False,True,0.2857142857142858,0.0,0.0,1.0,0.0,3.0,1.0,0.0,0.0,0.0,2.0,2.0,3.0,1.0,0.0,0.0,1.0,1.0,0.0,0.0,1.0,0.0,1.0,,0.0,0.0,0.0,0.0,0.0,1.0,8.0,4.0,5.0,3.0,3.0,0.0,0.0,2.0,0.0,0.0,0.0,8.0,0.0,0.0,0.0,0.0,2.0,1.0,1.5,0.5,1.8,0.8,18.0,0.0,18000000.0,0.9999999444444475,0.0,0.0,0.0,0.0,0.0,0.0,0.0,0.0,0.0,0.0,0.0,0.0,6.0,1.0,0.857142734693895,28.0,1.8666666666666667,1.0,0.0,0.0,0.0,0.0,0.0,0.0,0.2,0.05714285714285714,0.08571428571428572,0.0,2.2857142857142856,0.2857142857142857,0.0,-0.5361751941844496
2021CMC__2021-10-08-CMC-S9__B1 - Zoom Meeting - Room 1 2021-10-08 13-01-59_chunk3.mp4,2021CMC,2021-10-08-CMC-S9,2021-10-08-CMC-S9,2,8,middle,2.0,0.0,True,False,False,True,0.457725947521866,0.0,0.0,1.0,0.0,3.0,1.0,0.0,0.0,0.0,2.0,2.0,3.0,1.0,0.0,0.0,1.0,0.0,0.0,0.0,0.0,0.0,0.0,,0.0,0.0,0.0,0.0,0.0,1.0,5.0,4.0,14.0,1.0,0.0,1.0,2.0,0.0,0.0,0.0,0.0,13.0,0.0,0.0,0.0,0.0,1.6,0.6,,,0.7857142857142857,0.21428571428571427,20.0,0.0,20000000.0,0.9999999500000024,0.0,0.0,0.0,0.0,0.0,0.0,0.0,0.0,0.0,0.0,0.0,0.0,3.0,10.0,0.23076921301775286,19.0,1.0,0.6842105263157895,0.0,0.0,0.0,0.0,0.0,,,0.0,0.0,0.0,,,0.0,-0.6171441482000752
2021CMC__2021-10-08-CMC-S9__B1 - Zoom Meeting - Room 1 2021-10-08 13-01-59_chunk4.mp4,2021CMC,2021-10-08-CMC-S9,2021-10-08-CMC-S9,3,8,middle,2.0,0.0,True,False,False,True,0.3377192982456141,0.0,0.0,1.0,0.0,3.0,1.0,1.0,0.0,0.0,2.0,2.0,3.0,1.0,1.0,0.0,1.0,0.0,0.0,0.0,1.0,0.0,1.0,3.0,1.0,1.0,0.0,0.0,0.0,1.0,2.0,0.0,9.0,7.0,1.0,0.0,4.0,7.0,0.0,0.0,0.0,30.0,0.0,0.0,0.0,0.0,1.0,0.0,2.0,1.0,1.1111111111111112,0.2222222222222222,24.0,1.0,23.999976000024002,0.9599999616000015,0.0,0.0,0.0,0.0,0.0,0.0,0.0,0.0,0.0,0.0,0.0,0.0,17.0,11.0,0.6071428354591845,26.0,1.4444444444444444,0.9444444444444444,1.0,0.0,0.0,1000000.0,0.0,0.0,1.121212121212121,0.030303030303030304,0.8787878787878788,0.030303030303030304,2.090909090909091,0.18181818181818182,0.0,-0.12376676807902039
2021CMC__2021-10-08-CMC-S9__B1 - Zoom Meeting - Room 1 2021-10-08 13-01-59_chunk5.mp4,2021CMC,2021-10-08-CMC-S9,2021-10-08-CMC-S9,4,8,middle,2.0,0.0,True,False,False,True,0.3044871794871795,0.0,0.0,1.0,0.0,3.0,1.0,0.0,0.0,0.0,2.0,2.0,3.0,1.0,0.0,0.0,1.0,0.0,0.0,0.0,1.0,0.0,1.0,3.0,1.0,1.0,0.0,1.0,0.0,1.0,5.0,2.0,5.0,5.0,2.0,2.0,1.0,2.0,0.0,0.0,0.0,19.0,0.0,0.0,0.0,0.0,1.6,0.6,2.0,1.0,1.8,0.8,16.0,1.0,15.999984000016001,0.9411764152249167,0.0,0.0,0.0,0.0,0.0,0.0,0.0,0.0,0.0,0.0,0.0,0.0,8.0,11.0,0.4210526094182837,21.0,1.75,1.0,0.0,0.0,0.0,0.0,0.0,0.0,0.64,0.08,0.08,0.04,2.16,0.16,0.0,-0.1397739973436487
2021CMC__2021-10-08-CMC-S9__B1 - Zoom Meeting - Room 1 2021-10-08 13-01-59_chunk6.mp4,2021CMC,2021-10-08-CMC-S9,2021-10-08-CMC-S9,5,8,middle,2.0,0.0,True,False,False,True,0.2678571428571428,0.0,0.0,1.0,0.0,3.0,1.0,0.0,0.0,0.0,2.0,2.0,3.0,1.0,0.0,0.0,1.0,0.0,1.0,0.0,1.0,0.0,1.0,3.0,1.0,1.0,1.0,0.0,0.0,1.0,6.0,2.0,3.0,4.0,4.0,0.0,4.0,2.0,0.0,0.0,0.0,8.0,0.0,0.0,0.0,0.0,1.8333333333333333,0.8333333333333334,2.0,1.0,1.6666666666666667,0.6666666666666666,15.0,0.0,15000000.0,0.9999999333333378,0.0,0.0,0.0,0.0,0.0,0.0,0.0,0.0,0.0,0.0,0.0,0.0,4.0,4.0,0.4999999375000079,20.0,1.8181818181818181,1.0,0.0,0.0,0.0,0.0,0.0,0.0,0.9,0.1,0.1,0.06666666666666667,2.3,0.26666666666666666,0.0,0.12709141492905796
2021CMC__2021-10-08-CMC-S9__B1 - Zoom Meeting - Room 1 2021-10-08 13-01-59_chunk7.mp4,2021CMC,2021-10-08-CMC-S9,2021-10-08-CMC-S9,6,8,middle,2.0,0.0,True,False,False,True,0.1858864027538727,0.0,0.0,0.0,0.0,3.0,1.0,0.0,1.0,1.0,3.0,2.0,3.0,1.0,0.0,0.0,1.0,0.0,0.0,0.0,1.0,0.0,1.0,,0.0,0.0,0.0,0.0,0.0,2.0,4.0,4.0,7.0,3.0,5.0,0.0,17.0,2.0,0.0,0.0,1.0,7.0,0.0,0.0,0.0,0.0,1.75,0.75,2.0,1.0,1.2857142857142858,0.42857142857142855,16.0,0.0,16000000.0,0.9999999375000038,0.0,0.0,1.0,0.0,0.0,0.0,0.0,0.0,0.0,0.0,0.0,0.0,3.0,4.0,0.4285713673469475,20.0,1.5384615384615385,0.9230769230769231,0.0,0.0,0.0,0.0,0.0,0.0,0.0,0.0,0.0,0.0,2.2790697674418605,0.27906976744186046,0.0,-0.8604649237120855
2021CMC__2021-10-08-CMC-S9__B1 - Zoom Meeting - Room 1 2021-10-08 13-01-59_chunk8.mp4,2021CMC,2021-10-08-CMC-S9,2021-10-08-CMC-S9,7,8,end,2.0,0.0,True,False,False,True,0.2676767676767675,0.0,0.0,0.0,1.0,3.0,0.0,0.0,1.0,1.0,,2.0,0.0,0.0,0.0,0.0,0.0,0.0,0.0,0.0,1.0,0.0,1.0,,0.0,0.0,0.0,0.0,0.0,2.0,4.0,2.0,2.0,6.0,5.0,0.0,4.0,0.0,0.0,0.0,0.0,1.0,0.0,0.0,0.0,0.0,1.0,0.0,,,1.0,0.0,12.0,0.0,12000000.0,0.9999999166666736,0.0,0.0,0.0,0.0,0.0,0.0,0.0,0.0,1.0,0.0,0.0,0.0,0.0,1.0,0.0,5.0,1.0,1.0,0.0,0.0,0.0,0.0,0.0,0.0,0.0,0.0,0.0,0.0,2.0869565217391304,0.08695652173913043,0.0,-0.8604649237120855
2021CMC__2021-10-08-CMC-S2__B1 - Zoom Meeting - Room 1 2021-10-08 10-59-46_chunk1.mp4,2021CMC,2021-10-08-CMC-S2,2021-10-08-CMC-S2,0,8,beginning,1.0,0.0,True,False,False,True,0.05308219178082196,0.0,0.0,1.0,0.0,3.0,0.0,0.0,0.0,0.0,1.0,1.0,0.0,0.0,0.0,0.0,0.0,0.0,1.0,0.0,0.0,0.0,1.0,,0.0,0.0,0.0,0.0,1.0,1.0,0.0,0.0,8.0,0.0,5.0,0.0,2.0,0.0,0.0,0.0,0.0,9.0,0.0,0.0,0.0,0.0,,,,,1.0,0.0,8.0,0.0,8000000.0,0.9999998750000157,0.0,0.0,0.0,0.0,0.0,0.0,0.0,0.0,0.0,0.0,0.0,0.0,6.0,3.0,0.6666665925926009,8.0,1.0,1.0,0.0,0.0,0.0,0.0,0.0,0.0,1.411764705882353,0.0,0.5882352941176471,0.0,2.176470588235294,0.17647058823529413,0.0,-0.1707840837554646
2021CMC__2021-10-08-CMC-S2__B1 - Zoom Meeting - Room 1 2021-10-08 10-59-46_chunk2.mp4,2021CMC,2021-10-08-CMC-S2,2021-10-08-CMC-S2,1,8,middle,1.0,0.0,True,False,False,True,0.34623893805309724,0.0,0.0,1.0,0.0,4.0,1.0,1.0,0.0,0.0,2.0,2.0,3.0,1.0,1.0,1.0,1.0,1.0,1.0,0.0,1.0,0.0,1.0,3.0,1.0,1.0,0.0,0.0,1.0,2.0,3.0,3.0,2.0,2.0,2.0,2.0,2.0,1.0,0.0,0.0,0.0,7.0,0.0,0.0,0.0,0.0,2.0,1.0,1.0,0.0,1.0,0.0,7.0,0.0,7000000.0,0.9999998571428775,0.0,0.0,0.0,0.0,0.0,0.0,0.0,0.0,0.0,1.0,0.0,1000000.0,6.0,1.0,0.857142734693895,9.0,1.5,1.0,0.0,0.0,0.0,0.0,0.0,,,0.0,0.0,0.0,,,0.0,-0.6171441482000752
2021CMC__2021-10-08-CMC-S2__B1 - Zoom Meeting - Room 1 2021-10-08 10-59-46_chunk3.mp4,2021CMC,2021-10-08-CMC-S2,2021-10-08-CMC-S2,2,8,middle,1.0,0.0,True,False,False,True,0.24182242990654212,0.0,0.0,1.0,0.0,3.0,1.0,0.0,0.0,0.0,3.0,2.0,3.0,1.0,0.0,0.0,1.0,0.0,0.0,0.0,1.0,0.0,1.0,3.0,1.0,1.0,0.0,0.0,1.0,1.0,3.0,4.0,7.0,8.0,0.0,1.0,0.0,3.0,0.0,0.0,0.0,25.0,0.0,0.0,0.0,0.0,2.0,1.0,2.0,1.0,1.7142857142857142,0.7142857142857143,17.0,4.0,4.249998937500266,0.8095237709750585,0.0,0.0,0.0,0.0,0.0,0.0,0.0,0.0,0.0,0.0,0.0,0.0,4.0,20.0,0.1666666597222225,24.0,1.8461538461538463,1.0,0.0,0.0,0.0,0.0,0.0,0.0,0.75,0.0,0.05555555555555555,0.0,2.3333333333333335,0.3333333333333333,0.0,-0.4940719774851307
2021CMC__2021-10-08-CMC-S2__B1 - Zoom Meeting - Room 1 2021-10-08 10-59-46_chunk4.mp4,2021CMC,2021-10-08-CMC-S2,2021-10-08-CMC-S2,3,8,middle,1.0,0.0,True,False,False,True,0.367,0.0,0.0,1.0,0.0,3.0,1.0,0.0,0.0,0.0,3.0,2.0,3.0,1.0,0.0,0.0,1.0,1.0,0.0,1.0,0.0,0.0,1.0,3.0,1.0,1.0,0.0,0.0,0.0,1.0,5.0,1.0,5.0,2.0,1.0,0.0,0.0,2.0,0.0,0.0,0.0,15.0,0.0,0.0,0.0,0.0,1.6,0.6,2.0,1.0,1.4,0.4,12.0,2.0,5.9999970000015,0.8571427959183717,0.0,0.0,0.0,0.0,0.0,0.0,0.0,0.0,0.0,0.0,0.0,0.0,5.0,6.0,0.4545454132231443,19.0,1.5833333333333333,1.0,0.0,0.0,0.0,0.0,0.0,0.0,0.0,0.0,0.0,0.0,2.5294117647058822,0.5294117647058824,0.0,-0.8604649237120855
2021CMC__2021-10-08-CMC-S2__B1 - Zoom Meeting - Room 1 2021-10-08 10-59-46_chunk5.mp4,2021CMC,2021-10-08-CMC-S2,2021-10-08-CMC-S2,4,8,middle,1.0,0.0,True,False,False,True,0.2639225181598064,0.0,0.0,1.0,0.0,3.0,1.0,0.0,0.0,0.0,3.0,2.0,3.0,1.0,0.0,0.0,1.0,0.0,0.0,0.0,0.0,0.0,0.0,3.0,1.0,1.0,0.0,0.0,1.0,1.0,4.0,5.0,9.0,8.0,0.0,0.0,0.0,0.0,0.0,0.0,0.0,17.0,0.0,0.0,0.0,0.0,2.0,1.0,,,1.2222222222222223,0.2222222222222222,18.0,3.0,5.999998000000667,0.8571428163265326,0.0,0.0,0.0,0.0,0.0,0.0,0.0,0.0,0.0,0.0,0.0,0.0,2.0,15.0,0.11764705190311459,19.0,1.4615384615384615,1.0,0.0,0.0,0.0,0.0,0.0,0.0,0.9117647058823529,0.0,1.0,0.0,2.1470588235294117,0.14705882352941177,0.0,-0.4150460479067679
2021CMC__2021-10-08-CMC-S2__B1 - Zoom Meeting - Room 1 2021-10-08 10-59-46_chunk6.mp4,2021CMC,2021-10-08-CMC-S2,2021-10-08-CMC-S2,5,8,middle,1.0,0.0,True,False,False,True,0.2138888888888888,0.0,1.0,0.0,0.0,3.0,1.0,0.0,1.0,1.0,4.0,3.0,3.0,1.0,1.0,1.0,1.0,0.0,0.0,1.0,0.0,0.0,1.0,3.0,1.0,1.0,0.0,0.0,0.0,2.0,1.0,4.0,9.0,6.0,1.0,0.0,5.0,1.0,0.0,0.0,0.0,20.0,0.0,0.0,0.0,0.0,1.0,0.0,2.0,1.0,1.4444444444444444,0.4444444444444444,14.0,3.0,4.666665111111629,0.8235293633218022,0.0,0.0,0.0,0.0,0.0,0.0,0.0,0.0,0.0,0.0,0.0,0.0,9.0,10.0,0.47368418559556913,16.0,1.4545454545454546,1.0,0.0,0.0,0.0,0.0,0.0,0.0,0.0,0.0,0.0,0.0,2.225806451612903,0.22580645161290322,0.0,-0.8604649237120855
2021CMC__2021-10-08-CMC-S2__B1 - Zoom Meeting - Room 1 2021-10-08 10-59-46_chunk7.mp4,2021CMC,2021-10-08-CMC-S2,2021-10-08-CMC-S2,6,8,middle,1.0,0.0,True,False,False,True,0.3061023622047243,0.0,1.0,0.0,0.0,4.0,1.0,0.0,1.0,1.0,4.0,3.0,3.0,1.0,1.0,1.0,1.0,0.0,0.0,1.0,0.0,0.0,1.0,3.0,1.0,1.0,1.0,0.0,1.0,2.0,9.0,4.0,11.0,10.0,3.0,0.0,3.0,5.0,0.0,0.0,0.0,12.0,0.0,0.0,0.0,0.0,1.6666666666666667,0.6666666666666666,1.4,0.4,1.4545454545454546,0.45454545454545453,29.0,5.0,5.799998840000232,0.8529411513840839,0.0,0.0,0.0,0.0,0.0,0.0,0.0,0.0,0.0,1.0,0.0,1000000.0,12.0,0.0,0.9999999166666736,38.0,1.52,1.0,0.0,0.0,0.0,0.0,0.0,0.0,0.0,0.0,0.0,0.0,2.0757575757575757,0.07575757575757576,0.0,-0.8604649237120855
2021CMC__2021-10-08-CMC-S2__B1 - Zoom Meeting - Room 1 2021-10-08 10-59-46_chunk8.mp4,2021CMC,2021-10-08-CMC-S2,2021-10-08-CMC-S2,7,8,end,1.0,0.0,True,False,False,True,0.39326765188834156,0.0,1.0,0.0,0.0,4.0,1.0,0.0,0.0,0.0,4.0,4.0,3.0,1.0,0.0,0.0,1.0,0.0,0.0,1.0,0.0,0.0,1.0,3.0,1.0,1.0,0.0,0.0,0.0,2.0,5.0,0.0,7.0,10.0,2.0,0.0,1.0,1.0,0.0,0.0,1.0,7.0,0.0,0.0,0.0,0.0,1.8,0.8,2.0,1.0,1.4285714285714286,0.42857142857142855,19.0,3.0,6.333331222222926,0.863636324380167,0.0,0.0,1.0,0.0,0.0,0.0,0.0,0.0,0.0,1.0,0.0,1000000.0,7.0,0.0,0.9999998571428775,21.0,1.6153846153846154,1.0,0.0,0.0,0.0,0.0,0.0,0.0,2.0,0.09375,0.09375,0.0625,2.40625,0.40625,0.0,0.6302249358638752
2021CMC__2021-10-08-CMC-S6__B5 - 2021-10-08 10-59-38_chunk1.mp4,2021CMC,2021-10-08-CMC-S6,2021-10-08-CMC-S6,0,8,beginning,2.0,0.0,True,False,False,True,0.2267605633802816,0.0,0.0,0.0,1.0,4.0,0.0,0.0,0.0,0.0,,1.0,0.0,0.0,0.0,0.0,0.0,0.0,1.0,0.0,1.0,0.0,1.0,,0.0,0.0,0.0,0.0,1.0,2.0,0.0,0.0,11.0,0.0,0.0,0.0,3.0,0.0,0.0,0.0,0.0,10.0,0.0,0.0,0.0,0.0,,,,,0.9090909090909091,0.0,11.0,0.0,11000000.0,0.9999999090909174,0.0,0.0,0.0,0.0,0.0,0.0,0.0,0.0,0.0,0.0,0.0,0.0,0.0,10.0,0.0,10.0,0.9090909090909091,0.9090909090909091,0.0,0.0,0.0,0.0,0.0,0.0,0.0,0.0,0.0,0.0,2.125,0.125,0.0,-0.8604649237120855
2021CMC__2021-10-08-CMC-S6__B5 - 2021-10-08 10-59-38_chunk2.mp4,2021CMC,2021-10-08-CMC-S6,2021-10-08-CMC-S6,1,8,middle,2.0,0.0,True,False,False,True,0.44565217391304346,1.0,0.0,0.0,1.0,3.0,0.0,1.0,1.0,1.0,,2.0,0.0,0.0,0.0,0.0,1.0,1.0,1.0,0.0,1.0,0.0,1.0,,0.0,0.0,0.0,0.0,1.0,2.0,0.0,5.0,4.0,9.0,4.0,0.0,12.0,0.0,0.0,0.0,0.0,1.0,0.0,0.0,0.0,0.0,,,,,1.0,0.0,11.0,0.0,11000000.0,0.9999999090909174,0.0,0.0,0.0,0.0,0.0,0.0,0.0,0.0,0.0,2.0,0.0,2000000.0,1.0,0.0,0.9999990000010001,3.0,1.0,1.0,0.0,0.0,0.0,0.0,0.0,0.0,0.0,0.0,1.0,0.0,2.0555555555555554,0.05555555555555555,0.0,-0.8604649237120855
2021CMC__2021-10-08-CMC-S6__B5 - 2021-10-08 10-59-38_chunk3.mp4,2021CMC,2021-10-08-CMC-S6,2021-10-08-CMC-S6,2,8,middle,2.0,0.0,True,False,False,True,0.25185185185185177,0.0,0.0,1.0,0.0,3.0,1.0,0.0,1.0,0.0,2.0,2.0,3.0,1.0,1.0,0.0,1.0,1.0,1.0,0.0,1.0,0.0,1.0,,0.0,0.0,0.0,0.0,0.0,2.0,2.0,0.0,3.0,1.0,1.0,0.0,4.0,1.0,0.0,0.0,1.0,8.0,0.0,0.0,0.0,0.0,1.0,0.0,2.0,1.0,1.3333333333333333,0.3333333333333333,7.0,0.0,7000000.0,0.9999998571428775,0.0,0.0,1.0,0.0,0.0,0.0,0.0,0.0,0.0,0.0,0.0,0.0,5.0,3.0,0.6249999218750099,8.0,1.3333333333333333,1.0,0.0,0.0,0.0,0.0,0.0,0.0,1.1111111111111112,0.0,0.6666666666666666,0.0,2.2222222222222223,0.2222222222222222,0.0,-0.3176605589314117
2021CMC__2021-10-08-CMC-S6__B5 - 2021-10-08 10-59-38_chunk4.mp4,2021CMC,2021-10-08-CMC-S6,2021-10-08-CMC-S6,3,8,middle,2.0,0.0,True,False,False,True,0.21153846153846145,0.0,0.0,1.0,0.0,3.0,1.0,0.0,0.0,0.0,2.0,2.0,3.0,1.0,1.0,1.0,1.0,0.0,1.0,0.0,1.0,0.0,1.0,3.0,1.0,1.0,0.0,0.0,0.0,1.0,3.0,2.0,2.0,3.0,0.0,2.0,0.0,3.0,0.0,0.0,0.0,13.0,0.0,0.0,0.0,0.0,1.3333333333333333,0.3333333333333333,2.0,1.0,1.0,0.0,9.0,2.0,4.499997750001125,0.8181817438016598,0.0,0.0,0.0,0.0,0.0,0.0,0.0,0.0,0.0,0.0,0.0,0.0,10.0,3.0,0.7692307100591762,12.0,1.5,1.0,0.0,0.0,0.0,0.0,0.0,0.0,0.0,0.0,0.0,0.0,2.380952380952381,0.38095238095238093,0.0,-0.8604649237120855
2021CMC__2021-10-08-CMC-S6__B5 - 2021-10-08 10-59-38_chunk5.mp4,2021CMC,2021-10-08-CMC-S6,2021-10-08-CMC-S6,4,8,middle,2.0,0.0,True,False,False,True,0.25,0.0,0.0,1.0,0.0,3.0,1.0,0.0,0.0,0.0,2.0,2.0,3.0,1.0,0.0,0.0,1.0,0.0,1.0,0.0,1.0,0.0,1.0,3.0,1.0,1.0,0.0,0.0,0.0,1.0,2.0,1.0,4.0,0.0,2.0,0.0,1.0,1.0,0.0,0.0,0.0,4.0,0.0,0.0,0.0,0.0,2.0,1.0,2.0,1.0,1.25,0.25,7.0,0.0,7000000.0,0.9999998571428775,0.0,0.0,0.0,0.0,0.0,0.0,0.0,0.0,0.0,0.0,0.0,0.0,3.0,1.0,0.7499998125000469,11.0,1.5714285714285714,1.0,0.0,0.0,0.0,0.0,0.0,0.0,1.5,0.0,0.5833333333333334,0.5833333333333334,2.5833333333333335,0.5833333333333334,0.0,1.1967310435036114
2021CMC__2021-10-08-CMC-S6__B5 - 2021-10-08 10-59-38_chunk6.mp4,2021CMC,2021-10-08-CMC-S6,2021-10-08-CMC-S6,5,8,middle,2.0,0.0,True,False,False,True,0.2148148148148148,0.0,0.0,1.0,0.0,4.0,1.0,0.0,0.0,0.0,2.0,2.0,3.0,1.0,1.0,1.0,1.0,0.0,1.0,0.0,1.0,0.0,1.0,,0.0,0.0,0.0,0.0,0.0,1.0,2.0,5.0,6.0,1.0,1.0,2.0,0.0,0.0,0.0,0.0,0.0,16.0,0.0,0.0,0.0,0.0,1.5,0.5,,,1.1666666666666667,0.16666666666666666,9.0,0.0,9000000.0,0.9999998888889013,0.0,0.0,0.0,0.0,0.0,0.0,0.0,0.0,0.0,0.0,0.0,0.0,8.0,8.0,0.4999999687500019,10.0,1.25,1.0,0.0,0.0,0.0,0.0,0.0,0.0,1.6666666666666667,0.047619047619047616,0.8095238095238095,0.2857142857142857,2.0952380952380953,0.09523809523809523,0.0,0.7912530588777701
2021CMC__2021-10-08-CMC-S6__B5 - 2021-10-08 10-59-38_chunk7.mp4,2021CMC,2021-10-08-CMC-S6,2021-10-08-CMC-S6,6,8,middle,2.0,0.0,True,False,False,True,0.2763157894736843,0.0,0.0,0.0,0.0,3.0,1.0,0.0,0.0,0.0,2.0,2.0,3.0,1.0,1.0,1.0,1.0,0.0,1.0,0.0,1.0,0.0,1.0,3.0,1.0,1.0,0.0,0.0,1.0,1.0,1.0,1.0,5.0,5.0,1.0,0.0,3.0,3.0,0.0,0.0,0.0,15.0,0.0,0.0,0.0,0.0,2.0,1.0,1.3333333333333333,0.3333333333333333,1.4,0.4,12.0,1.0,11.999988000012001,0.9230768520710114,0.0,0.0,0.0,0.0,0.0,0.0,0.0,0.0,1.0,1.0,0.0,1000000.0,10.0,5.0,0.6666666222222252,13.0,1.4444444444444444,1.0,2.0,0.0,0.0,2000000.0,0.0,0.0,1.0,0.047619047619047616,0.047619047619047616,0.047619047619047616,2.2857142857142856,0.2857142857142857,0.0,-0.0750051007097309
2021CMC__2021-10-08-CMC-S6__B5 - 2021-10-08 10-59-38_chunk8.mp4,2021CMC,2021-10-08-CMC-S6,2021-10-08-CMC-S6,7,8,end,2.0,0.0,True,False,False,True,0.359375,0.0,1.0,0.0,0.0,4.0,1.0,0.0,1.0,1.0,3.0,3.0,3.0,1.0,1.0,0.0,1.0,0.0,1.0,0.0,1.0,0.0,1.0,,0.0,0.0,0.0,0.0,1.0,2.0,0.0,3.0,2.0,4.0,8.0,0.0,4.0,5.0,0.0,0.0,0.0,6.0,0.0,0.0,0.0,0.0,,,1.8,0.8,1.5,0.5,11.0,0.0,11000000.0,0.9999999090909174,0.0,0.0,0.0,0.0,0.0,0.0,0.0,0.0,0.0,0.0,0.0,0.0,4.0,2.0,0.6666665555555741,12.0,1.7142857142857142,1.0,0.0,0.0,0.0,0.0,0.0,0.0,0.42857142857142855,0.32142857142857145,0.9642857142857143,0.10714285714285714,2.642857142857143,0.6428571428571429,0.0,0.8667017767080022
2021CMC__2021-10-07-CMC-S6__B5 - 2021-10-07 12-37-23_chunk1.mp4,2021CMC,2021-10-07-CMC-S6,2021-10-07-CMC-S6,0,8,beginning,0.0,0.0,False,False,False,True,0.2911111111111111,0.0,0.0,1.0,0.0,4.0,1.0,0.0,0.0,0.0,2.0,1.0,3.0,1.0,1.0,1.0,1.0,1.0,1.0,0.0,1.0,0.0,1.0,,0.0,0.0,0.0,0.0,0.0,2.0,4.0,2.0,13.0,2.0,1.0,0.0,4.0,2.0,0.0,0.0,0.0,10.0,0.0,0.0,0.0,0.0,2.0,1.0,2.0,1.0,0.3076923076923077,0.0,19.0,1.0,18.999981000019,0.9499999525000024,0.0,0.0,0.0,0.0,0.0,0.0,0.0,0.0,0.0,1.0,0.0,1000000.0,8.0,2.0,0.7999999200000081,16.0,0.8421052631578947,0.5263157894736842,0.0,0.0,0.0,0.0,0.0,0.0,1.0,0.038461538461538464,1.0,0.038461538461538464,2.269230769230769,0.2692307692307692,0.038461538461538464,-0.13210815738275936
2021CMC__2021-10-07-CMC-S6__B5 - 2021-10-07 12-37-23_chunk2.mp4,2021CMC,2021-10-07-CMC-S6,2021-10-07-CMC-S6,1,8,middle,0.0,0.0,False,False,False,True,0.3076923076923077,0.0,0.0,1.0,0.0,3.0,1.0,0.0,0.0,0.0,3.0,2.0,3.0,1.0,1.0,0.0,1.0,1.0,1.0,1.0,0.0,0.0,1.0,3.0,1.0,1.0,1.0,0.0,0.0,1.0,1.0,2.0,12.0,2.0,1.0,1.0,0.0,1.0,0.0,0.0,0.0,10.0,0.0,0.0,0.0,0.0,1.0,0.0,2.0,1.0,1.1666666666666667,0.16666666666666666,15.0,1.0,14.999985000015002,0.9374999414062536,0.0,0.0,0.0,0.0,0.0,0.0,0.0,0.0,0.0,0.0,0.0,0.0,6.0,3.0,0.6666665925926009,17.0,1.2142857142857142,1.0,0.0,2.0,0.0,2000000.0,0.0,0.0,1.0,0.0,0.11764705882352941,0.058823529411764705,2.2941176470588234,0.29411764705882354,0.0,-0.23838703829064345
2021CMC__2021-10-07-CMC-S6__B5 - 2021-10-07 12-37-23_chunk3.mp4,2021CMC,2021-10-07-CMC-S6,2021-10-07-CMC-S6,2,8,middle,0.0,0.0,False,False,False,True,0.26736111111111094,0.0,0.0,1.0,0.0,3.0,1.0,0.0,0.0,0.0,3.0,2.0,3.0,1.0,1.0,1.0,1.0,0.0,0.0,0.0,1.0,0.0,1.0,3.0,1.0,1.0,1.0,1.0,0.0,1.0,2.0,1.0,6.0,2.0,0.0,2.0,0.0,1.0,0.0,0.0,0.0,8.0,1.0,0.0,0.0,0.0,1.5,0.5,1.0,0.0,1.3333333333333333,0.3333333333333333,11.0,0.0,11000000.0,0.9999999090909174,0.0,0.0,0.0,0.0,1.0,0.0,0.0,0.0,0.0,0.0,0.0,0.0,8.0,0.0,0.9999998750000157,12.0,1.3333333333333333,1.0,0.0,0.0,0.0,0.0,0.0,0.0,1.2,0.1,0.7,0.7,2.7,0.6,0.0,1.7115795317326372
2021CMC__2021-10-07-CMC-S6__B5 - 2021-10-07 12-37-23_chunk4.mp4,2021CMC,2021-10-07-CMC-S6,2021-10-07-CMC-S6,3,8,middle,0.0,0.0,False,False,False,True,0.3628640776699028,0.0,0.0,1.0,0.0,3.0,1.0,0.0,0.0,0.0,3.0,2.0,3.0,1.0,1.0,1.0,1.0,1.0,0.0,1.0,0.0,0.0,1.0,3.0,1.0,1.0,1.0,0.0,1.0,1.0,7.0,1.0,4.0,4.0,0.0,1.0,1.0,2.0,0.0,0.0,0.0,5.0,1.0,0.0,0.0,0.0,2.0,1.0,2.0,1.0,1.0,0.0,15.0,2.0,7.499996250001875,0.8823528892733594,0.0,0.0,0.0,0.0,1.0,0.0,0.0,0.0,0.0,0.0,0.0,0.0,4.0,1.0,0.799999840000032,22.0,1.6923076923076923,1.0,0.0,0.0,0.0,0.0,0.0,,,0.0,0.0,0.0,,,0.0,-0.6171441482000752
2021CMC__2021-10-07-CMC-S6__B5 - 2021-10-07 12-37-23_chunk5.mp4,2021CMC,2021-10-07-CMC-S6,2021-10-07-CMC-S6,4,8,middle,0.0,0.0,False,False,False,True,0.18999999999999995,0.0,0.0,1.0,0.0,3.0,1.0,0.0,0.0,0.0,3.0,2.0,2.0,0.0,1.0,0.0,1.0,0.0,0.0,0.0,0.0,0.0,0.0,3.0,1.0,1.0,0.0,0.0,0.0,1.0,1.0,4.0,12.0,8.0,2.0,0.0,2.0,2.0,0.0,0.0,0.0,25.0,0.0,0.0,0.0,0.0,1.0,0.0,2.0,1.0,1.2727272727272727,0.2727272727272727,18.0,5.0,3.599999280000144,0.7826086616257103,0.0,0.0,0.0,0.0,0.0,0.0,0.0,0.0,0.0,0.0,0.0,0.0,11.0,9.0,0.5499999725000013,19.0,1.3571428571428572,1.0,2.0,1.0,0.0,3000000.0,0.0,0.0,0.0,0.0,0.0,0.0,2.27027027027027,0.2702702702702703,0.0,-0.8604649237120855
2021CMC__2021-10-07-CMC-S6__B5 - 2021-10-07 12-37-23_chunk6.mp4,2021CMC,2021-10-07-CMC-S6,2021-10-07-CMC-S6,5,8,middle,0.0,0.0,False,False,False,True,0.3500000000000001,0.0,0.0,1.0,0.0,3.0,1.0,0.0,0.0,0.0,3.0,2.0,3.0,1.0,1.0,1.0,1.0,0.0,0.0,0.0,1.0,0.0,1.0,,0.0,0.0,0.0,0.0,0.0,1.0,1.0,1.0,2.0,2.0,0.0,0.0,0.0,0.0,0.0,0.0,0.0,6.0,0.0,0.0,0.0,0.0,2.0,1.0,,,2.0,1.0,5.0,0.0,5000000.0,0.99999980000004,0.0,0.0,0.0,0.0,0.0,0.0,0.0,0.0,0.0,0.0,0.0,0.0,6.0,0.0,0.9999998333333611,6.0,2.0,1.0,0.0,0.0,0.0,0.0,0.0,0.0,2.3333333333333335,0.0,0.3333333333333333,0.3333333333333333,2.8333333333333335,0.6666666666666666,0.0,1.036229999334065
2021CMC__2021-10-07-CMC-S6__B5 - 2021-10-07 12-37-23_chunk7.mp4,2021CMC,2021-10-07-CMC-S6,2021-10-07-CMC-S6,6,8,middle,0.0,0.0,False,False,False,True,0.320754716981132,0.0,1.0,0.0,0.0,4.0,1.0,0.0,1.0,1.0,3.0,3.0,2.0,0.0,1.0,0.0,1.0,0.0,0.0,0.0,1.0,0.0,1.0,3.0,1.0,1.0,0.0,0.0,0.0,2.0,5.0,1.0,3.0,3.0,2.0,0.0,3.0,2.0,0.0,0.0,0.0,13.0,0.0,0.0,0.0,0.0,1.4,0.4,2.0,1.0,1.6666666666666667,0.6666666666666666,10.0,2.0,4.99999750000125,0.8333332638888947,0.0,0.0,0.0,0.0,0.0,0.0,0.0,0.0,0.0,0.0,1.0,0.0,13.0,0.0,0.9999999230769291,16.0,1.6,1.0,0.0,0.0,0.0,0.0,0.0,0.0,1.8888888888888888,0.1111111111111111,0.8333333333333334,0.7777777777777778,2.5,0.5,0.0,2.2687644313946103
2021CMC__2021-10-07-CMC-S6__B5 - 2021-10-07 12-37-23_chunk8.mp4,2021CMC,2021-10-07-CMC-S6,2021-10-07-CMC-S6,7,8,end,0.0,0.0,False,False,False,True,0.0,1.0,0.0,0.0,1.0,1.0,0.0,0.0,0.0,0.0,,3.0,0.0,0.0,0.0,0.0,0.0,0.0,0.0,0.0,0.0,0.0,0.0,,0.0,0.0,0.0,0.0,0.0,2.0,0.0,0.0,0.0,0.0,0.0,0.0,1.0,0.0,0.0,0.0,0.0,0.0,0.0,0.0,0.0,0.0,,,,,,,0.0,0.0,0.0,0.0,0.0,0.0,0.0,0.0,0.0,0.0,0.0,0.0,0.0,0.0,0.0,0.0,0.0,0.0,0.0,0.0,,,0.0,0.0,0.0,0.0,0.0,0.0,0.0,0.0,0.0,0.0,2.0,0.0,0.0,-0.8604649237120855
2021CMC__2021-10-07-CMC-S7__CMC_1-5_chunk1.mp4,2021CMC,2021-10-07-CMC-S7,2021-10-07-CMC-S7,0,8,beginning,0.0,0.0,False,False,False,True,0.672579453067258,1.0,0.0,1.0,0.0,4.0,1.0,0.0,0.0,0.0,2.0,1.0,3.0,1.0,0.0,0.0,1.0,1.0,1.0,0.0,1.0,0.0,1.0,,0.0,0.0,0.0,0.0,0.0,2.0,2.0,2.0,12.0,2.0,3.0,2.0,10.0,1.0,0.0,0.0,0.0,4.0,0.0,0.0,0.0,0.0,2.0,1.0,2.0,1.0,,,16.0,0.0,16000000.0,0.9999999375000038,0.0,0.0,0.0,0.0,0.0,0.0,0.0,0.0,0.0,1.0,0.0,1000000.0,2.0,2.0,0.49999987500003124,6.0,2.0,1.0,0.0,1.0,0.0,1000000.0,0.0,,,0.0,0.0,0.0,,,0.0,-0.6171441482000752
2021CMC__2021-10-07-CMC-S7__CMC_1-5_chunk2.mp4,2021CMC,2021-10-07-CMC-S7,2021-10-07-CMC-S7,1,8,middle,0.0,0.0,False,False,False,True,0.19318181818181812,0.0,0.0,1.0,0.0,4.0,1.0,0.0,0.0,0.0,2.0,1.0,3.0,1.0,1.0,1.0,1.0,1.0,1.0,0.0,1.0,0.0,1.0,,0.0,0.0,0.0,0.0,0.0,1.0,3.0,1.0,11.0,4.0,3.0,6.0,0.0,0.0,0.0,0.0,1.0,11.0,0.0,0.0,0.0,0.0,2.0,1.0,,,1.0,0.0,17.0,1.0,16.999983000017,0.9444443919753115,0.0,0.0,1.0,0.0,0.0,0.0,0.0,0.0,0.0,0.0,0.0,0.0,7.0,3.0,0.699999930000007,17.0,1.2142857142857142,1.0,1.0,2.0,0.0,3000000.0,0.0,0.0,1.8461538461538463,0.11538461538461539,0.8846153846153846,0.11538461538461539,2.1923076923076925,0.19230769230769232,0.0,0.7609239195421164
2021CMC__2021-10-07-CMC-S7__CMC_1-5_chunk3.mp4,2021CMC,2021-10-07-CMC-S7,2021-10-07-CMC-S7,2,8,middle,0.0,0.0,False,False,False,True,0.3441080196399344,0.0,0.0,1.0,0.0,4.0,1.0,0.0,0.0,0.0,3.0,2.0,3.0,1.0,1.0,1.0,1.0,0.0,0.0,0.0,1.0,0.0,1.0,3.0,1.0,1.0,1.0,1.0,1.0,1.0,1.0,1.0,2.0,1.0,0.0,1.0,0.0,0.0,0.0,0.0,0.0,5.0,0.0,0.0,0.0,0.0,2.0,1.0,,,1.5,0.5,4.0,0.0,4000000.0,0.9999997500000625,0.0,0.0,0.0,0.0,0.0,0.0,0.0,0.0,0.0,0.0,0.0,0.0,4.0,1.0,0.799999840000032,5.0,1.6666666666666667,1.0,0.0,0.0,0.0,0.0,0.0,0.0,2.0,0.16666666666666666,1.0,1.0,2.8333333333333335,0.6666666666666666,0.0,3.0478729568590848
2021CMC__2021-10-07-CMC-S7__CMC_1-5_chunk4.mp4,2021CMC,2021-10-07-CMC-S7,2021-10-07-CMC-S7,3,8,middle,0.0,0.0,False,False,False,True,0.11224489795918369,0.0,0.0,1.0,0.0,4.0,1.0,0.0,0.0,0.0,3.0,2.0,3.0,1.0,1.0,1.0,1.0,0.0,0.0,0.0,1.0,0.0,1.0,,0.0,0.0,0.0,1.0,1.0,1.0,5.0,1.0,5.0,1.0,0.0,2.0,0.0,1.0,0.0,0.0,0.0,6.0,1.0,0.0,0.0,0.0,1.8,0.8,2.0,1.0,1.8,0.8,11.0,0.0,11000000.0,0.9999999090909174,0.0,0.0,0.0,0.0,1.0,0.0,0.0,0.0,0.0,0.0,0.0,0.0,6.0,0.0,0.9999998333333611,20.0,1.8181818181818181,1.0,0.0,0.0,0.0,0.0,0.0,0.0,0.0,0.0,0.0,0.0,2.625,0.625,0.0,-0.8604649237120855
2021CMC__2021-10-07-CMC-S7__CMC_1-5_chunk5.mp4,2021CMC,2021-10-07-CMC-S7,2021-10-07-CMC-S7,4,8,middle,0.0,0.0,False,False,False,True,0.2752525252525251,0.0,0.0,1.0,0.0,4.0,1.0,0.0,0.0,0.0,3.0,2.0,3.0,1.0,1.0,1.0,1.0,0.0,1.0,1.0,0.0,0.0,1.0,3.0,1.0,1.0,0.0,0.0,1.0,1.0,3.0,4.0,15.0,7.0,2.0,0.0,0.0,4.0,0.0,0.0,0.0,30.0,0.0,0.0,0.0,0.0,1.6666666666666667,0.6666666666666666,2.0,1.0,1.1333333333333333,0.13333333333333333,26.0,2.0,12.99999350000325,0.9285713954081645,0.0,0.0,0.0,0.0,0.0,0.0,0.0,0.0,0.0,1.0,0.0,1000000.0,5.0,25.0,0.16666666111111128,30.0,1.3636363636363635,1.0,0.0,0.0,0.0,0.0,0.0,0.0,1.7619047619047619,0.07142857142857142,0.7857142857142857,0.0,2.238095238095238,0.23809523809523808,0.0,0.2834988917025905
2021CMC__2021-10-07-CMC-S7__CMC_1-5_chunk6.mp4,2021CMC,2021-10-07-CMC-S7,2021-10-07-CMC-S7,5,8,middle,0.0,0.0,False,False,False,True,0.48232323232323226,1.0,0.0,1.0,0.0,4.0,1.0,0.0,0.0,0.0,3.0,2.0,3.0,1.0,1.0,1.0,1.0,0.0,0.0,0.0,1.0,0.0,1.0,3.0,1.0,1.0,0.0,0.0,1.0,1.0,7.0,0.0,7.0,6.0,0.0,0.0,0.0,0.0,0.0,0.0,0.0,20.0,0.0,0.0,0.0,0.0,2.0,1.0,,,1.2857142857142858,0.2857142857142857,19.0,1.0,18.999981000019,0.9499999525000024,0.0,0.0,0.0,0.0,0.0,0.0,0.0,0.0,0.0,0.0,0.0,0.0,11.0,9.0,0.5499999725000013,23.0,1.6428571428571428,1.0,0.0,0.0,0.0,0.0,0.0,0.0,1.5,0.0,0.95,0.0,2.5,0.5,0.0,-0.12767903125817584
2021CMC__2021-10-07-CMC-S7__CMC_1-5_chunk7.mp4,2021CMC,2021-10-07-CMC-S7,2021-10-07-CMC-S7,6,8,middle,0.0,0.0,False,False,False,True,0.51,1.0,0.0,1.0,0.0,4.0,1.0,0.0,1.0,1.0,3.0,2.0,3.0,1.0,1.0,1.0,1.0,0.0,0.0,0.0,1.0,0.0,1.0,,0.0,0.0,0.0,0.0,0.0,1.0,4.0,3.0,7.0,2.0,1.0,0.0,2.0,1.0,0.0,0.0,0.0,19.0,0.0,0.0,0.0,0.0,1.75,0.75,2.0,1.0,1.4285714285714286,0.42857142857142855,13.0,1.0,12.999987000013,0.9285713622449028,0.0,0.0,0.0,0.0,0.0,0.0,0.0,0.0,0.0,0.0,0.0,0.0,13.0,6.0,0.684210490304711,19.0,1.5833333333333333,1.0,0.0,0.0,0.0,0.0,0.0,0.0,1.7619047619047619,0.09523809523809523,0.9047619047619048,0.8095238095238095,2.5238095238095237,0.5238095238095238,0.0,2.215866123425484
2021CMC__2021-10-07-CMC-S7__CMC_1-5_chunk8.mp4,2021CMC,2021-10-07-CMC-S7,2021-10-07-CMC-S7,7,8,end,0.0,0.0,False,False,False,True,0.38181818181818183,1.0,0.0,1.0,0.0,4.0,1.0,0.0,0.0,0.0,3.0,2.0,3.0,1.0,0.0,0.0,1.0,0.0,0.0,0.0,1.0,0.0,1.0,3.0,1.0,1.0,0.0,0.0,0.0,1.0,3.0,1.0,2.0,4.0,9.0,1.0,1.0,1.0,0.0,0.0,0.0,9.0,0.0,0.0,0.0,0.0,1.6666666666666667,0.6666666666666666,2.0,1.0,1.5,0.5,10.0,0.0,10000000.0,0.99999990000001,0.0,0.0,0.0,0.0,0.0,0.0,0.0,0.0,0.0,0.0,0.0,0.0,7.0,2.0,0.7777776913580343,10.0,1.6666666666666667,1.0,1.0,0.0,0.0,1000000.0,0.0,0.0,0.45454545454545453,0.09090909090909091,0.4090909090909091,0.09090909090909091,2.0,0.0,0.0,-0.07153097551138153
2021CMC__2021-10-07-CMC-S3__B2.2 - Zoom Meeting - Room 2 2021-10-07 12-41-55_chunk1.mp4,2021CMC,2021-10-07-CMC-S3,2021-10-07-CMC-S3,0,8,beginning,3.0,2.0,True,True,True,True,0.3936507936507936,0.0,0.0,1.0,0.0,4.0,1.0,0.0,0.0,0.0,3.0,2.0,3.0,1.0,1.0,1.0,1.0,1.0,0.0,1.0,0.0,0.0,1.0,3.0,1.0,1.0,1.0,1.0,0.0,1.0,3.0,1.0,5.0,2.0,0.0,0.0,1.0,3.0,0.0,0.0,0.0,15.0,0.0,0.0,0.0,0.0,1.6666666666666667,0.6666666666666666,2.0,1.0,1.4,0.4,13.0,0.0,13000000.0,0.9999999230769291,0.0,0.0,0.0,0.0,0.0,0.0,0.0,0.0,0.0,0.0,0.0,0.0,15.0,0.0,0.9999999333333378,18.0,1.6363636363636365,1.0,0.0,0.0,0.0,0.0,0.0,,,0.0,0.0,0.0,,,0.0,-0.6171441482000752
2021CMC__2021-10-07-CMC-S3__B2.2 - Zoom Meeting - Room 2 2021-10-07 12-41-55_chunk2.mp4,2021CMC,2021-10-07-CMC-S3,2021-10-07-CMC-S3,1,8,middle,3.0,2.0,True,True,True,True,0.33333333333333326,0.0,0.0,1.0,0.0,3.0,1.0,0.0,0.0,0.0,3.0,2.0,3.0,1.0,1.0,1.0,1.0,1.0,1.0,0.0,1.0,0.0,1.0,3.0,1.0,1.0,0.0,0.0,0.0,1.0,3.0,3.0,4.0,4.0,1.0,1.0,0.0,2.0,0.0,0.0,0.0,17.0,0.0,0.0,0.0,0.0,1.6666666666666667,0.6666666666666666,2.0,1.0,1.75,0.75,11.0,1.0,10.999989000011,0.9166665902777842,0.0,0.0,0.0,0.0,0.0,0.0,0.0,0.0,0.0,0.0,0.0,0.0,7.0,10.0,0.4117646816609011,16.0,1.7777777777777777,1.0,1.0,0.0,0.0,1000000.0,0.0,0.0,0.0,0.0,0.05,0.0,2.7,0.65,0.0,-0.8604649237120855
2021CMC__2021-10-07-CMC-S3__B2.2 - Zoom Meeting - Room 2 2021-10-07 12-41-55_chunk3.mp4,2021CMC,2021-10-07-CMC-S3,2021-10-07-CMC-S3,2,8,middle,3.0,2.0,True,True,True,True,0.21794871794871784,0.0,1.0,0.0,0.0,3.0,1.0,1.0,0.0,0.0,4.0,3.0,3.0,1.0,1.0,1.0,1.0,1.0,1.0,1.0,0.0,0.0,1.0,,0.0,0.0,1.0,1.0,1.0,1.0,3.0,0.0,3.0,3.0,0.0,1.0,1.0,2.0,0.0,0.0,0.0,12.0,0.0,0.0,0.0,0.0,2.0,1.0,2.0,1.0,1.0,0.0,10.0,1.0,9.999990000010001,0.9090908264462886,0.0,0.0,0.0,0.0,0.0,0.0,0.0,0.0,1.0,0.0,0.0,0.0,5.0,6.0,0.4545454132231443,13.0,1.625,1.0,0.0,0.0,0.0,0.0,0.0,0.0,1.0769230769230769,0.0,0.23076923076923078,0.0,2.6153846153846154,0.5384615384615384,0.0,-0.33436223169389406
2021CMC__2021-10-07-CMC-S3__B2.2 - Zoom Meeting - Room 2 2021-10-07 12-41-55_chunk4.mp4,2021CMC,2021-10-07-CMC-S3,2021-10-07-CMC-S3,3,8,middle,3.0,2.0,True,True,True,True,0.20905172413793105,0.0,1.0,0.0,0.0,4.0,1.0,1.0,0.0,0.0,3.0,4.0,3.0,1.0,1.0,1.0,1.0,0.0,1.0,1.0,0.0,0.0,1.0,,0.0,0.0,1.0,0.0,1.0,2.0,1.0,3.0,5.0,4.0,0.0,1.0,2.0,2.0,0.0,0.0,0.0,18.0,1.0,0.0,0.0,0.0,2.0,1.0,1.5,0.5,1.4,0.4,12.0,0.0,12000000.0,0.9999999166666736,0.0,0.0,0.0,0.0,1.0,0.0,0.0,0.0,0.0,0.0,0.0,0.0,13.0,4.0,0.7647058373702448,12.0,1.5,1.0,0.0,0.0,0.0,0.0,0.0,0.0,0.7727272727272727,0.0,0.0,0.0,2.4545454545454546,0.4090909090909091,0.0,-0.4829691609327988
2021CMC__2021-10-07-CMC-S3__B2.2 - Zoom Meeting - Room 2 2021-10-07 12-41-55_chunk5.mp4,2021CMC,2021-10-07-CMC-S3,2021-10-07-CMC-S3,4,8,middle,3.0,2.0,True,True,True,True,0.2333333333333334,0.0,1.0,0.0,0.0,4.0,1.0,1.0,0.0,0.0,4.0,4.0,3.0,1.0,1.0,1.0,1.0,0.0,0.0,1.0,0.0,0.0,1.0,3.0,1.0,1.0,1.0,0.0,1.0,2.0,4.0,0.0,1.0,3.0,2.0,1.0,1.0,1.0,0.0,0.0,0.0,12.0,0.0,0.0,0.0,0.0,1.75,0.75,2.0,1.0,2.0,1.0,8.0,1.0,7.9999920000080005,0.8888887901234679,0.0,0.0,0.0,0.0,0.0,0.0,0.0,0.0,0.0,0.0,0.0,0.0,11.0,1.0,0.9166665902777842,11.0,1.8333333333333333,1.0,0.0,0.0,0.0,0.0,0.0,0.0,1.2857142857142858,0.07142857142857142,0.7857142857142857,0.14285714285714285,3.142857142857143,0.8571428571428571,0.0,0.3752137740851884
2021CMC__2021-10-07-CMC-S3__B2.2 - Zoom Meeting - Room 2 2021-10-07 12-41-55_chunk6.mp4,2021CMC,2021-10-07-CMC-S3,2021-10-07-CMC-S3,5,8,middle,3.0,2.0,True,True,True,True,0.31901041666666674,0.0,1.0,0.0,0.0,4.0,1.0,1.0,1.0,1.0,4.0,4.0,3.0,1.0,1.0,1.0,1.0,0.0,0.0,1.0,0.0,0.0,1.0,3.0,1.0,1.0,0.0,0.0,0.0,2.0,3.0,0.0,8.0,12.0,2.0,0.0,6.0,3.0,0.0,0.0,0.0,1.0,1.0,0.0,0.0,0.0,2.0,1.0,2.0,1.0,1.5,0.5,24.0,2.0,11.999994000003,0.9230768875739658,0.0,0.0,0.0,0.0,1.0,0.0,0.0,0.0,0.0,0.0,0.0,0.0,1.0,0.0,0.9999990000010001,24.0,1.7142857142857142,1.0,0.0,0.0,0.0,0.0,0.0,0.0,0.0,0.0,0.0,0.0,2.051282051282051,0.05128205128205128,0.0,-0.8604649237120855
2021CMC__2021-10-07-CMC-S3__B2.2 - Zoom Meeting - Room 2 2021-10-07 12-41-55_chunk7.mp4,2021CMC,2021-10-07-CMC-S3,2021-10-07-CMC-S3,6,8,middle,3.0,2.0,True,True,True,True,0.16507936507936516,0.0,1.0,0.0,0.0,4.0,1.0,0.0,1.0,1.0,4.0,4.0,3.0,1.0,1.0,0.0,1.0,0.0,0.0,1.0,0.0,0.0,1.0,,0.0,0.0,0.0,0.0,0.0,2.0,7.0,1.0,1.0,3.0,6.0,0.0,2.0,3.0,0.0,0.0,1.0,3.0,0.0,0.0,0.0,0.0,1.4285714285714286,0.42857142857142855,2.0,1.0,1.0,0.0,12.0,1.0,11.999988000012001,0.9230768520710114,0.0,0.0,1.0,0.0,0.0,0.0,0.0,0.0,0.0,0.0,0.0,0.0,3.0,0.0,0.9999996666667778,17.0,1.5454545454545454,1.0,0.0,0.0,0.0,0.0,0.0,0.0,0.0,0.0,0.0,0.0,2.3333333333333335,0.3055555555555556,0.0,-0.8604649237120855
2021CMC__2021-10-07-CMC-S3__B2.1 - Zoom Meeting - Room 2 2021-10-07 12-36-56.mp4,2021CMC,2021-10-07-CMC-S3,2021-10-07-CMC-S3,7,8,end,3.0,2.0,True,True,True,True,0.32592592592592595,0.0,0.0,0.0,1.0,3.0,0.0,0.0,0.0,0.0,,1.0,0.0,0.0,0.0,0.0,0.0,0.0,0.0,0.0,0.0,0.0,1.0,,0.0,0.0,0.0,0.0,0.0,2.0,0.0,0.0,6.0,0.0,0.0,0.0,4.0,0.0,0.0,0.0,0.0,5.0,0.0,0.0,0.0,0.0,,,,,1.0,0.0,6.0,0.0,6000000.0,0.9999998333333611,0.0,0.0,0.0,0.0,0.0,0.0,0.0,0.0,0.0,0.0,0.0,0.0,0.0,5.0,0.0,6.0,1.0,1.0,0.0,0.0,0.0,0.0,0.0,0.0,0.0,0.0,0.0,0.0,2.0,0.0,0.0,-0.8604649237120855
2021CMC__2021-10-08-CMC-S8__2021-10-08_12-01-45_chunk1.mp4,2021CMC,2021-10-08-CMC-S8,2021-10-08-CMC-S8,0,8,beginning,1.0,0.0,True,False,False,True,0.3466494845360826,0.0,0.0,0.0,1.0,3.0,1.0,1.0,0.0,0.0,1.0,2.0,0.0,0.0,0.0,0.0,1.0,1.0,0.0,0.0,0.0,0.0,0.0,,0.0,0.0,0.0,0.0,1.0,2.0,1.0,0.0,9.0,3.0,6.0,1.0,11.0,0.0,0.0,0.0,0.0,1.0,0.0,0.0,0.0,0.0,1.0,0.0,,,0.8888888888888888,0.0,10.0,2.0,4.99999750000125,0.8333332638888947,0.0,0.0,0.0,0.0,0.0,0.0,0.0,0.0,0.0,1.0,0.0,1000000.0,1.0,0.0,0.9999990000010001,9.0,0.9,0.9,0.0,0.0,0.0,0.0,0.0,0.0,0.0,0.0,0.0,0.0,2.090909090909091,0.09090909090909091,0.0,-0.8604649237120855
2021CMC__2021-10-08-CMC-S8__2021-10-08_12-01-45_chunk2.mp4,2021CMC,2021-10-08-CMC-S8,2021-10-08-CMC-S8,1,8,middle,1.0,0.0,True,False,False,True,0.1191607284243863,0.0,0.0,1.0,0.0,3.0,1.0,0.0,0.0,0.0,3.0,2.0,3.0,1.0,0.0,0.0,1.0,1.0,1.0,0.0,0.0,0.0,0.0,3.0,1.0,1.0,0.0,0.0,0.0,1.0,1.0,0.0,3.0,1.0,0.0,1.0,1.0,1.0,0.0,0.0,0.0,6.0,0.0,0.0,0.0,0.0,2.0,1.0,2.0,1.0,1.3333333333333333,0.3333333333333333,5.0,1.0,4.999995000005001,0.8333331944444675,0.0,0.0,0.0,0.0,0.0,0.0,0.0,0.0,0.0,0.0,0.0,0.0,4.0,2.0,0.6666665555555741,8.0,1.6,1.0,0.0,0.0,0.0,0.0,0.0,0.0,0.0,0.0,0.0,0.0,2.125,0.125,0.0,-0.8604649237120855
2021CMC__2021-10-08-CMC-S8__2021-10-08_12-01-45_chunk3.mp4,2021CMC,2021-10-08-CMC-S8,2021-10-08-CMC-S8,2,8,middle,1.0,0.0,True,False,False,True,0.12142857142857144,0.0,0.0,1.0,0.0,3.0,1.0,0.0,0.0,0.0,3.0,2.0,3.0,1.0,1.0,1.0,1.0,0.0,0.0,0.0,1.0,0.0,1.0,3.0,1.0,1.0,0.0,0.0,0.0,1.0,4.0,2.0,4.0,2.0,0.0,0.0,0.0,1.0,0.0,0.0,1.0,14.0,0.0,0.0,0.0,0.0,1.75,0.75,2.0,1.0,1.25,0.25,9.0,2.0,4.499997750001125,0.8181817438016598,0.0,0.0,1.0,0.0,0.0,0.0,0.0,0.0,0.0,0.0,0.0,0.0,11.0,2.0,0.8461537810650938,14.0,1.5555555555555556,1.0,0.0,0.0,0.0,0.0,0.0,0.0,0.9333333333333333,0.0,0.2,0.2,2.2666666666666666,0.26666666666666666,0.0,0.049574196907721836
2021CMC__2021-10-08-CMC-S8__2021-10-08_12-01-45_chunk4.mp4,2021CMC,2021-10-08-CMC-S8,2021-10-08-CMC-S8,3,8,middle,1.0,0.0,True,False,False,True,0.3412698412698414,0.0,0.0,1.0,0.0,3.0,1.0,0.0,0.0,0.0,3.0,2.0,3.0,1.0,1.0,1.0,1.0,0.0,0.0,0.0,0.0,0.0,0.0,3.0,1.0,1.0,1.0,1.0,1.0,1.0,3.0,1.0,7.0,3.0,0.0,0.0,0.0,0.0,0.0,0.0,0.0,15.0,1.0,0.0,0.0,0.0,2.0,1.0,,,1.1428571428571428,0.14285714285714285,12.0,1.0,11.999988000012001,0.9230768520710114,0.0,0.0,0.0,0.0,1.0,0.0,0.0,0.0,0.0,0.0,0.0,0.0,10.0,3.0,0.7692307100591762,14.0,1.4,1.0,0.0,1.0,0.0,1000000.0,0.0,0.0,1.2666666666666666,0.0,0.0,0.0,2.2666666666666666,0.26666666666666666,0.0,-0.2416679478621174
2021CMC__2021-10-08-CMC-S8__2021-10-08_12-01-45_chunk5.mp4,2021CMC,2021-10-08-CMC-S8,2021-10-08-CMC-S8,4,8,middle,1.0,0.0,True,False,False,True,0.3185550082101807,0.0,0.0,1.0,0.0,3.0,1.0,0.0,0.0,0.0,3.0,2.0,3.0,1.0,1.0,0.0,1.0,0.0,0.0,1.0,0.0,0.0,1.0,3.0,1.0,1.0,0.0,1.0,0.0,1.0,4.0,5.0,7.0,3.0,1.0,0.0,0.0,3.0,0.0,0.0,1.0,3.0,0.0,0.0,0.0,0.0,1.5,0.5,2.0,1.0,1.4285714285714286,0.42857142857142855,16.0,1.0,15.999984000016001,0.9411764152249167,0.0,0.0,1.0,0.0,0.0,0.0,0.0,0.0,0.0,0.0,0.0,0.0,3.0,0.0,0.9999996666667778,22.0,1.5714285714285714,1.0,0.0,0.0,0.0,0.0,0.0,0.0,0.45454545454545453,0.0,0.0,0.0,2.1818181818181817,0.18181818181818182,0.0,-0.6384085926654463
2021CMC__2021-10-08-CMC-S8__2021-10-08_12-01-45_chunk6.mp4,2021CMC,2021-10-08-CMC-S8,2021-10-08-CMC-S8,5,8,middle,1.0,0.0,True,False,False,True,0.3915745856353592,0.0,0.0,1.0,0.0,3.0,1.0,0.0,0.0,0.0,3.0,2.0,3.0,1.0,0.0,0.0,1.0,0.0,0.0,0.0,0.0,0.0,0.0,3.0,1.0,1.0,0.0,1.0,0.0,1.0,4.0,1.0,8.0,3.0,1.0,1.0,4.0,0.0,0.0,0.0,1.0,23.0,0.0,0.0,0.0,0.0,2.0,1.0,,,1.375,0.375,14.0,1.0,13.999986000014001,0.9333332711111153,0.0,0.0,1.0,0.0,0.0,0.0,0.0,0.0,0.0,0.0,0.0,0.0,12.0,11.0,0.5217391077504736,19.0,1.5833333333333333,1.0,0.0,0.0,0.0,0.0,0.0,0.0,0.0,0.0,0.0,0.0,2.1333333333333333,0.13333333333333333,0.0,-0.8604649237120855
2021CMC__2021-10-08-CMC-S8__2021-10-08_12-01-45_chunk7.mp4,2021CMC,2021-10-08-CMC-S8,2021-10-08-CMC-S8,6,8,middle,1.0,0.0,True,False,False,True,0.18666666666666676,0.0,0.0,1.0,0.0,3.0,1.0,0.0,0.0,0.0,3.0,2.0,3.0,1.0,1.0,1.0,1.0,0.0,0.0,0.0,0.0,0.0,0.0,,0.0,0.0,0.0,0.0,0.0,1.0,3.0,2.0,4.0,3.0,1.0,0.0,3.0,1.0,0.0,0.0,1.0,10.0,1.0,0.0,0.0,0.0,1.6666666666666667,0.6666666666666666,2.0,1.0,1.0,0.0,10.0,0.0,10000000.0,0.99999990000001,0.0,0.0,1.0,0.0,1.0,0.0,0.0,0.0,0.0,1.0,0.0,1000000.0,7.0,3.0,0.699999930000007,11.0,1.375,1.0,0.0,0.0,0.0,0.0,0.0,0.0,0.0,0.0,0.0,0.0,2.066666666666667,0.06666666666666667,0.0,-0.8604649237120855
2021CMC__2021-10-08-CMC-S8__2021-10-08_12-01-45_chunk8.mp4,2021CMC,2021-10-08-CMC-S8,2021-10-08-CMC-S8,7,8,end,1.0,0.0,True,False,False,True,0.0,0.0,0.0,0.0,1.0,2.0,0.0,0.0,0.0,0.0,,2.0,0.0,0.0,0.0,0.0,0.0,0.0,0.0,0.0,0.0,0.0,0.0,,0.0,0.0,0.0,0.0,0.0,2.0,0.0,3.0,4.0,1.0,1.0,0.0,1.0,0.0,0.0,0.0,0.0,8.0,0.0,0.0,0.0,0.0,,,,,1.0,0.0,5.0,0.0,5000000.0,0.99999980000004,0.0,0.0,0.0,0.0,0.0,0.0,0.0,0.0,0.0,0.0,0.0,0.0,8.0,0.0,0.9999998750000157,4.0,1.0,1.0,0.0,2.0,0.0,2000000.0,0.0,0.0,0.0,0.0,0.0,0.0,2.130434782608696,0.13043478260869565,0.0,-0.8604649237120855
2021CMC__2021-10-08-CMC-S4__B3 - 2021-10-08 10-59-57_chunk1.mp4,2021CMC,2021-10-08-CMC-S4,2021-10-08-CMC-S4,0,8,beginning,1.0,1.0,True,True,True,True,0.5008818342151675,0.0,0.0,0.0,1.0,3.0,0.0,0.0,0.0,0.0,,1.0,0.0,0.0,0.0,0.0,0.0,0.0,1.0,0.0,1.0,0.0,1.0,,0.0,0.0,0.0,0.0,0.0,2.0,0.0,1.0,11.0,2.0,0.0,0.0,7.0,0.0,0.0,0.0,0.0,12.0,0.0,0.0,0.0,0.0,,,,,0.9090909090909091,0.0,12.0,0.0,12000000.0,0.9999999166666736,0.0,0.0,0.0,0.0,0.0,0.0,0.0,0.0,0.0,1.0,0.0,1000000.0,3.0,9.0,0.2499999791666684,10.0,0.9090909090909091,0.9090909090909091,0.0,0.0,0.0,0.0,0.0,0.0,1.7,0.0,0.95,0.0,2.05,0.05,0.0,-0.029974245597654603
2021CMC__2021-10-08-CMC-S4__B3 - 2021-10-08 10-59-57_chunk2.mp4,2021CMC,2021-10-08-CMC-S4,2021-10-08-CMC-S4,1,8,middle,1.0,1.0,True,True,True,True,0.23041474654377891,0.0,0.0,1.0,0.0,3.0,1.0,0.0,0.0,0.0,2.0,1.0,3.0,1.0,0.0,0.0,1.0,1.0,0.0,0.0,0.0,0.0,0.0,,0.0,0.0,0.0,0.0,0.0,2.0,6.0,2.0,4.0,2.0,0.0,4.0,1.0,0.0,0.0,0.0,1.0,5.0,0.0,0.0,0.0,0.0,1.5,0.5,,,1.25,0.25,12.0,0.0,12000000.0,0.9999999166666736,0.0,0.0,1.0,0.0,0.0,0.0,0.0,0.0,0.0,0.0,0.0,0.0,5.0,0.0,0.99999980000004,14.0,1.4,1.0,0.0,0.0,0.0,0.0,0.0,,,0.0,0.0,0.0,,,0.0,-0.6171441482000752
2021CMC__2021-10-08-CMC-S4__B3 - 2021-10-08 10-59-57_chunk3.mp4,2021CMC,2021-10-08-CMC-S4,2021-10-08-CMC-S4,2,8,middle,1.0,1.0,True,True,True,True,0.2726769911504425,0.0,0.0,1.0,0.0,3.0,1.0,0.0,0.0,0.0,2.0,2.0,3.0,1.0,0.0,0.0,1.0,1.0,0.0,0.0,0.0,0.0,0.0,,0.0,0.0,0.0,0.0,0.0,1.0,4.0,1.0,2.0,5.0,0.0,1.0,0.0,2.0,0.0,0.0,0.0,12.0,0.0,0.0,0.0,0.0,2.0,1.0,2.0,1.0,1.5,0.5,11.0,2.0,5.499997250001375,0.8461537810650938,0.0,0.0,0.0,0.0,0.0,0.0,0.0,0.0,0.0,0.0,0.0,0.0,9.0,3.0,0.7499999375000053,15.0,1.875,1.0,0.0,0.0,0.0,0.0,0.0,0.0,1.8461538461538463,0.0,0.9230769230769231,0.0,2.923076923076923,0.9230769230769231,0.0,0.04142540546195724
2021CMC__2021-10-08-CMC-S4__B3 - 2021-10-08 10-59-57_chunk4.mp4,2021CMC,2021-10-08-CMC-S4,2021-10-08-CMC-S4,3,8,middle,1.0,1.0,True,True,True,True,0.3160919540229885,0.0,0.0,1.0,0.0,3.0,1.0,0.0,0.0,0.0,2.0,2.0,3.0,1.0,0.0,1.0,1.0,0.0,0.0,0.0,0.0,0.0,0.0,,0.0,0.0,0.0,0.0,0.0,2.0,3.0,3.0,3.0,1.0,0.0,0.0,2.0,1.0,0.0,0.0,0.0,9.0,0.0,0.0,0.0,0.0,2.0,1.0,2.0,1.0,1.3333333333333333,0.3333333333333333,7.0,1.0,6.9999930000070005,0.8749998906250137,0.0,0.0,0.0,0.0,0.0,0.0,0.0,0.0,0.0,0.0,0.0,0.0,9.0,0.0,0.9999998888889013,12.0,1.7142857142857142,1.0,0.0,0.0,0.0,0.0,0.0,0.0,2.1666666666666665,0.0,0.16666666666666666,0.0,2.3333333333333335,0.3333333333333333,0.0,0.19800358761022838
2021CMC__2021-10-08-CMC-S4__B3 - 2021-10-08 10-59-57_chunk5.mp4,2021CMC,2021-10-08-CMC-S4,2021-10-08-CMC-S4,4,8,middle,1.0,1.0,True,True,True,True,0.24085365853658547,0.0,0.0,1.0,0.0,3.0,1.0,0.0,0.0,0.0,2.0,2.0,3.0,1.0,0.0,0.0,1.0,0.0,0.0,0.0,1.0,0.0,1.0,3.0,1.0,1.0,0.0,0.0,0.0,1.0,5.0,4.0,6.0,1.0,0.0,0.0,0.0,1.0,0.0,0.0,1.0,16.0,0.0,0.0,0.0,0.0,1.8,0.8,2.0,1.0,1.6666666666666667,0.6666666666666666,13.0,0.0,13000000.0,0.9999999230769291,0.0,0.0,1.0,0.0,0.0,0.0,0.0,0.0,0.0,0.0,0.0,0.0,16.0,0.0,0.9999999375000038,21.0,1.75,1.0,0.0,0.0,0.0,0.0,0.0,0.0,0.8947368421052632,0.05263157894736842,0.10526315789473684,0.05263157894736842,2.263157894736842,0.2631578947368421,0.0,-0.09517226214161072
2021CMC__2021-10-08-CMC-S4__B3 - 2021-10-08 10-59-57_chunk6.mp4,2021CMC,2021-10-08-CMC-S4,2021-10-08-CMC-S4,5,8,middle,1.0,1.0,True,True,True,True,0.35882352941176476,1.0,1.0,0.0,0.0,4.0,1.0,0.0,1.0,1.0,3.0,3.0,3.0,1.0,0.0,0.0,1.0,0.0,0.0,1.0,0.0,0.0,1.0,,0.0,0.0,0.0,0.0,0.0,2.0,5.0,4.0,1.0,3.0,1.0,1.0,6.0,3.0,0.0,0.0,0.0,9.0,0.0,0.0,0.0,0.0,1.6,0.6,2.0,1.0,1.0,0.0,11.0,1.0,10.999989000011,0.9166665902777842,0.0,0.0,0.0,0.0,0.0,0.0,0.0,0.0,1.0,0.0,0.0,0.0,8.0,1.0,0.8888887901234679,15.0,1.6666666666666667,1.0,0.0,0.0,0.0,0.0,0.0,,,0.0,0.0,0.0,,,0.0,-0.6171441482000752
2021CMC__2021-10-08-CMC-S4__B3 - 2021-10-08 10-59-57_chunk7.mp4,2021CMC,2021-10-08-CMC-S4,2021-10-08-CMC-S4,6,8,middle,1.0,1.0,True,True,True,True,0.2776859504132232,0.0,1.0,0.0,0.0,3.0,1.0,0.0,0.0,0.0,3.0,3.0,3.0,1.0,0.0,0.0,1.0,0.0,0.0,0.0,0.0,0.0,0.0,3.0,1.0,1.0,0.0,0.0,0.0,2.0,3.0,1.0,4.0,4.0,0.0,2.0,6.0,3.0,0.0,0.0,0.0,22.0,0.0,0.0,0.0,0.0,1.3333333333333333,0.3333333333333333,1.0,0.0,1.0,0.0,12.0,2.0,5.9999970000015,0.8571427959183717,0.0,0.0,0.0,0.0,0.0,0.0,0.0,0.0,0.0,0.0,0.0,0.0,16.0,6.0,0.7272726942148775,11.0,1.1,1.0,0.0,0.0,0.0,0.0,0.0,0.0,0.0,0.0,0.0,0.0,2.0434782608695654,0.043478260869565216,0.0,-0.8604649237120855
2021CMC__2021-10-08-CMC-S4__B3 - 2021-10-08 10-59-57_chunk8.mp4,2021CMC,2021-10-08-CMC-S4,2021-10-08-CMC-S4,7,8,end,1.0,1.0,True,True,True,True,0.3353909465020575,0.0,1.0,0.0,0.0,4.0,1.0,0.0,1.0,1.0,4.0,3.0,3.0,1.0,0.0,0.0,1.0,0.0,0.0,0.0,1.0,0.0,1.0,,0.0,0.0,0.0,0.0,0.0,2.0,2.0,2.0,4.0,4.0,2.0,1.0,3.0,1.0,0.0,0.0,0.0,10.0,0.0,0.0,0.0,0.0,2.0,1.0,1.0,0.0,1.25,0.25,11.0,0.0,11000000.0,0.9999999090909174,0.0,0.0,0.0,0.0,0.0,0.0,0.0,0.0,0.0,0.0,0.0,0.0,9.0,1.0,0.8999999100000091,10.0,1.4285714285714286,1.0,0.0,0.0,0.0,0.0,0.0,0.0,0.5238095238095238,0.09523809523809523,0.09523809523809523,0.0,2.761904761904762,0.6666666666666666,0.0,-0.22692986434648166
2021MND__2021_04_23_MND_S16__Zoom_Meeting_Room_6_2021_04_23_13_20_22_chunk1.mp4,2021MND,2021_04_23_MND_S16,2021_04_23_MND_S16,0,7,beginning,3.0,0.0,True,False,False,True,0.24927536231884062,0.0,0.0,1.0,0.0,3.0,1.0,0.0,0.0,0.0,2.0,1.0,3.0,1.0,0.0,0.0,1.0,1.0,0.0,0.0,0.0,0.0,0.0,3.0,1.0,1.0,0.0,1.0,0.0,1.0,2.0,2.0,8.0,3.0,0.0,2.0,0.0,2.0,0.0,0.0,0.0,13.0,0.0,0.0,0.0,0.0,2.0,1.0,2.0,1.0,1.0,0.0,14.0,1.0,13.999986000014001,0.9333332711111153,0.0,0.0,0.0,0.0,0.0,0.0,0.0,0.0,0.0,0.0,0.0,0.0,11.0,2.0,0.8461537810650938,16.0,1.3333333333333333,1.0,0.0,0.0,0.0,0.0,0.0,0.0,0.9230769230769231,0.0,0.0,0.0,2.5384615384615383,0.5384615384615384,0.0,-0.40951975912506416
2021MND__2021_04_23_MND_S16__Zoom_Meeting_Room_6_2021_04_23_13_20_22_chunk2.mp4,2021MND,2021_04_23_MND_S16,2021_04_23_MND_S16,1,7,middle,3.0,0.0,True,False,False,True,,,1.0,0.0,0.0,3.0,1.0,0.0,0.0,0.0,3.0,2.0,3.0,1.0,1.0,1.0,1.0,1.0,0.0,0.0,0.0,0.0,0.0,,0.0,0.0,0.0,0.0,0.0,1.0,3.0,2.0,3.0,2.0,0.0,0.0,0.0,1.0,0.0,0.0,1.0,9.0,1.0,0.0,0.0,0.0,1.6666666666666667,0.6666666666666666,2.0,1.0,2.0,1.0,9.0,0.0,9000000.0,0.9999998888889013,0.0,0.0,1.0,0.0,1.0,0.0,0.0,0.0,0.0,0.0,0.0,0.0,9.0,0.0,0.9999998888889013,13.0,1.8571428571428572,1.0,0.0,0.0,0.0,0.0,0.0,0.0,0.0,0.0,0.0,0.0,2.6153846153846154,0.6153846153846154,0.0,-0.8604649237120855
2021MND__2021_04_23_MND_S16__Zoom_Meeting_Room_6_2021_04_23_13_20_22_chunk3.mp4,2021MND,2021_04_23_MND_S16,2021_04_23_MND_S16,2,7,middle,3.0,0.0,True,False,False,True,0.34999999999999987,0.0,1.0,0.0,0.0,3.0,1.0,0.0,0.0,0.0,3.0,3.0,3.0,1.0,0.0,0.0,1.0,0.0,0.0,0.0,1.0,0.0,1.0,3.0,1.0,1.0,0.0,0.0,0.0,2.0,2.0,2.0,3.0,1.0,0.0,0.0,0.0,1.0,0.0,0.0,0.0,6.0,0.0,0.0,0.0,0.0,2.0,1.0,2.0,1.0,1.6666666666666667,0.6666666666666666,6.0,1.0,5.999994000006001,0.857142734693895,0.0,0.0,0.0,0.0,0.0,0.0,0.0,0.0,0.0,0.0,0.0,0.0,6.0,0.0,0.9999998333333611,11.0,1.8333333333333333,1.0,0.0,0.0,0.0,0.0,0.0,0.0,1.4444444444444444,0.0,0.5555555555555556,0.0,2.5555555555555554,0.5555555555555556,0.0,-0.15481924949720957
2021MND__2021_04_23_MND_S16__Zoom_Meeting_Room_6_2021_04_23_13_20_22_chunk4.mp4,2021MND,2021_04_23_MND_S16,2021_04_23_MND_S16,3,7,middle,3.0,0.0,True,False,False,True,0.3116883116883118,0.0,1.0,0.0,0.0,3.0,1.0,0.0,0.0,0.0,4.0,3.0,3.0,1.0,1.0,0.0,1.0,0.0,0.0,0.0,1.0,0.0,1.0,3.0,1.0,1.0,0.0,0.0,0.0,1.0,1.0,5.0,16.0,7.0,0.0,0.0,0.0,1.0,0.0,0.0,0.0,19.0,1.0,0.0,0.0,0.0,2.0,1.0,1.0,0.0,1.75,0.75,25.0,0.0,25000000.0,0.9999999600000016,0.0,0.0,0.0,0.0,1.0,0.0,0.0,0.0,0.0,0.0,0.0,0.0,14.0,4.0,0.7777777345679036,31.0,1.7222222222222223,1.0,0.0,0.0,0.0,0.0,0.0,0.0,1.0,0.0,0.037037037037037035,0.0,2.3703703703703702,0.37037037037037035,0.0,-0.37194099540947906
2021MND__2021_04_23_MND_S16__Zoom_Meeting_Room_6_2021_04_23_13_20_22_chunk5.mp4,2021MND,2021_04_23_MND_S16,2021_04_23_MND_S16,4,7,middle,3.0,0.0,True,False,False,True,0.550314465408805,0.0,1.0,0.0,0.0,3.0,1.0,0.0,1.0,1.0,4.0,4.0,3.0,1.0,0.0,0.0,1.0,0.0,0.0,0.0,0.0,0.0,0.0,,0.0,0.0,0.0,0.0,0.0,2.0,2.0,1.0,2.0,1.0,0.0,0.0,5.0,3.0,0.0,0.0,1.0,5.0,0.0,0.0,0.0,0.0,1.5,0.5,1.6666666666666667,0.6666666666666666,2.0,1.0,8.0,0.0,8000000.0,0.9999998750000157,0.0,0.0,1.0,0.0,0.0,0.0,0.0,0.0,0.0,0.0,0.0,0.0,5.0,0.0,0.99999980000004,12.0,1.7142857142857142,1.0,0.0,0.0,0.0,0.0,0.0,0.0,0.42857142857142855,0.0,0.0,0.0,2.0714285714285716,0.07142857142857142,0.0,-0.6510975258681113
2021MND__2021_04_23_MND_S16__Zoom_Meeting_Room_6_2021_04_23_13_20_22_chunk6.mp4,2021MND,2021_04_23_MND_S16,2021_04_23_MND_S16,5,7,middle,3.0,0.0,True,False,False,True,0.3017356475300401,0.0,0.0,0.0,1.0,4.0,1.0,0.0,0.0,0.0,3.0,4.0,3.0,1.0,1.0,1.0,1.0,0.0,1.0,0.0,1.0,0.0,1.0,,0.0,0.0,1.0,0.0,0.0,2.0,2.0,0.0,1.0,2.0,2.0,0.0,0.0,2.0,0.0,0.0,0.0,7.0,1.0,0.0,0.0,0.0,2.0,1.0,1.0,0.0,1.0,0.0,7.0,0.0,7000000.0,0.9999998571428775,0.0,0.0,0.0,0.0,1.0,0.0,0.0,0.0,0.0,0.0,0.0,0.0,7.0,0.0,0.9999998571428775,7.0,1.4,1.0,0.0,0.0,0.0,0.0,0.0,0.0,0.6153846153846154,0.0,0.15384615384615385,0.0,2.3846153846153846,0.38461538461538464,0.0,-0.5598348139874046
2021MND__2021_04_23_MND_S16__Zoom_Meeting_Room_6_2021_04_23_13_13_06.mp4,2021MND,2021_04_23_MND_S16,2021_04_23_MND_S16,6,7,end,3.0,0.0,True,False,False,True,0.39967239967239965,0.0,0.0,1.0,0.0,3.0,1.0,0.0,0.0,0.0,2.0,1.0,0.0,0.0,0.0,0.0,1.0,1.0,0.0,0.0,1.0,0.0,1.0,,0.0,0.0,0.0,0.0,1.0,2.0,0.0,1.0,11.0,0.0,5.0,0.0,4.0,1.0,0.0,0.0,0.0,15.0,0.0,0.0,0.0,0.0,,,1.0,0.0,1.0,0.0,12.0,0.0,12000000.0,0.9999999166666736,0.0,0.0,0.0,0.0,0.0,0.0,0.0,0.0,0.0,0.0,0.0,0.0,4.0,11.0,0.2666666488888901,12.0,1.0,1.0,0.0,0.0,0.0,0.0,0.0,0.0,0.0,0.0,0.0,0.0,2.0,0.0,0.0,-0.8604649237120855
2021MND__2021_04_22_MND_S4__botB1_2021_04_22_13_01_59_chunk1.mp4,2021MND,2021_04_22_MND_S4,2021_04_22_MND_S4,0,8,beginning,1.0,1.0,True,True,True,True,0.36869747899159666,0.0,0.0,1.0,0.0,4.0,1.0,1.0,1.0,1.0,2.0,2.0,3.0,1.0,1.0,1.0,1.0,1.0,1.0,1.0,0.0,0.0,1.0,3.0,1.0,1.0,1.0,0.0,0.0,2.0,1.0,0.0,7.0,0.0,0.0,0.0,3.0,0.0,0.0,0.0,0.0,10.0,0.0,0.0,0.0,0.0,1.0,0.0,,,1.0,0.0,8.0,0.0,8000000.0,0.9999998750000157,0.0,0.0,0.0,0.0,0.0,0.0,0.0,0.0,0.0,0.0,0.0,0.0,5.0,5.0,0.499999950000005,8.0,1.0,1.0,0.0,0.0,0.0,0.0,0.0,0.0,1.4444444444444444,0.0,0.6111111111111112,0.0,2.1666666666666665,0.16666666666666666,0.0,-0.15481924949720957
2021MND__2021_04_22_MND_S4__botB1_2021_04_22_13_01_59_chunk2.mp4,2021MND,2021_04_22_MND_S4,2021_04_22_MND_S4,1,8,middle,1.0,1.0,True,True,True,True,0.348936170212766,0.0,0.0,1.0,0.0,3.0,1.0,0.0,1.0,1.0,2.0,2.0,3.0,1.0,1.0,1.0,1.0,1.0,1.0,0.0,1.0,0.0,1.0,,0.0,0.0,0.0,0.0,0.0,1.0,1.0,1.0,7.0,0.0,0.0,0.0,1.0,0.0,0.0,0.0,1.0,1.0,1.0,0.0,0.0,0.0,1.0,0.0,,,1.7142857142857142,0.7142857142857143,8.0,0.0,8000000.0,0.9999998750000157,0.0,0.0,1.0,0.0,1.0,0.0,0.0,0.0,0.0,0.0,0.0,0.0,1.0,0.0,0.9999990000010001,13.0,1.625,1.0,0.0,0.0,0.0,0.0,0.0,0.0,1.6363636363636365,0.09090909090909091,0.09090909090909091,0.2727272727272727,2.3636363636363638,0.36363636363636365,0.0,0.9186186253953729
2021MND__2021_04_22_MND_S4__botB1_2021_04_22_13_01_59_chunk3.mp4,2021MND,2021_04_22_MND_S4,2021_04_22_MND_S4,2,8,middle,1.0,1.0,True,True,True,True,0.22389306599832914,0.0,0.0,1.0,0.0,3.0,1.0,1.0,0.0,0.0,2.0,2.0,3.0,1.0,1.0,1.0,1.0,0.0,1.0,0.0,1.0,0.0,1.0,3.0,1.0,1.0,0.0,0.0,0.0,1.0,2.0,3.0,6.0,3.0,0.0,0.0,1.0,0.0,0.0,0.0,0.0,15.0,0.0,0.0,0.0,0.0,2.0,1.0,,,1.3333333333333333,0.5,10.0,1.0,9.999990000010001,0.9090908264462886,0.0,0.0,0.0,0.0,0.0,0.0,0.0,0.0,0.0,0.0,0.0,0.0,9.0,6.0,0.5999999600000027,12.0,1.5,0.875,0.0,0.0,0.0,0.0,0.0,0.0,1.8,0.0,0.8666666666666667,0.0,2.466666666666667,0.4666666666666667,0.0,0.01887814723260613
2021MND__2021_04_22_MND_S4__botB1_2021_04_22_13_01_59_chunk4.mp4,2021MND,2021_04_22_MND_S4,2021_04_22_MND_S4,3,8,middle,1.0,1.0,True,True,True,True,0.3666666666666667,0.0,0.0,1.0,0.0,3.0,1.0,0.0,0.0,0.0,3.0,2.0,3.0,1.0,1.0,1.0,1.0,0.0,0.0,0.0,0.0,0.0,0.0,,0.0,0.0,0.0,0.0,0.0,1.0,5.0,1.0,3.0,2.0,0.0,0.0,0.0,1.0,0.0,0.0,0.0,12.0,0.0,0.0,0.0,0.0,1.8,0.8,1.0,0.0,1.6666666666666667,0.6666666666666666,11.0,0.0,11000000.0,0.9999999090909174,0.0,0.0,0.0,0.0,0.0,0.0,0.0,0.0,0.0,0.0,0.0,0.0,11.0,1.0,0.9166665902777842,15.0,1.6666666666666667,1.0,0.0,0.0,0.0,0.0,0.0,0.0,1.75,0.0,0.0,0.0,2.5,0.5,0.0,-0.0055480491825242355
2021MND__2021_04_22_MND_S4__botB1_2021_04_22_13_01_59_chunk5.mp4,2021MND,2021_04_22_MND_S4,2021_04_22_MND_S4,4,8,middle,1.0,1.0,True,True,True,True,0.217741935483871,0.0,0.0,1.0,0.0,3.0,1.0,0.0,0.0,0.0,3.0,2.0,3.0,1.0,1.0,1.0,1.0,0.0,0.0,1.0,0.0,0.0,1.0,3.0,1.0,1.0,0.0,0.0,0.0,1.0,1.0,1.0,5.0,3.0,0.0,0.0,1.0,2.0,0.0,0.0,0.0,13.0,0.0,0.0,0.0,0.0,2.0,1.0,2.0,1.0,1.4,0.4,9.0,2.0,4.499997750001125,0.8181817438016598,0.0,0.0,0.0,0.0,0.0,0.0,0.0,0.0,1.0,0.0,0.0,0.0,12.0,1.0,0.9230768520710114,13.0,1.625,1.0,0.0,0.0,0.0,0.0,0.0,0.0,2.2857142857142856,0.0,0.9285714285714286,0.9285714285714286,2.0714285714285716,0.14285714285714285,0.0,2.364405806926921
2021MND__2021_04_22_MND_S4__botB1_2021_04_22_13_01_59_chunk6.mp4,2021MND,2021_04_22_MND_S4,2021_04_22_MND_S4,5,8,middle,1.0,1.0,True,True,True,True,0.3571428571428572,0.0,1.0,0.0,0.0,3.0,1.0,1.0,1.0,1.0,3.0,4.0,3.0,1.0,1.0,1.0,1.0,0.0,0.0,0.0,1.0,0.0,1.0,3.0,1.0,1.0,0.0,1.0,0.0,2.0,3.0,1.0,4.0,2.0,0.0,0.0,6.0,1.0,0.0,0.0,0.0,17.0,0.0,0.0,0.0,0.0,1.6666666666666667,0.6666666666666666,2.0,1.0,1.75,0.75,9.0,1.0,8.999991000009,0.8999999100000091,0.0,0.0,0.0,0.0,0.0,0.0,0.0,0.0,0.0,0.0,0.0,0.0,13.0,4.0,0.7647058373702448,14.0,1.75,1.0,0.0,0.0,0.0,0.0,0.0,0.0,0.7407407407407407,0.0,0.5925925925925926,0.037037037037037035,2.5925925925925926,0.5925925925925926,0.037037037037037035,-0.41450581863533237
2021MND__2021_04_22_MND_S4__botB1_2021_04_22_13_01_59_chunk7.mp4,2021MND,2021_04_22_MND_S4,2021_04_22_MND_S4,6,8,middle,1.0,1.0,True,True,True,True,0.619298245614035,1.0,1.0,0.0,0.0,3.0,1.0,0.0,1.0,1.0,4.0,4.0,3.0,1.0,1.0,1.0,1.0,0.0,0.0,0.0,0.0,0.0,0.0,,0.0,0.0,0.0,0.0,0.0,2.0,5.0,0.0,6.0,5.0,1.0,0.0,5.0,1.0,0.0,0.0,0.0,18.0,0.0,0.0,0.0,0.0,1.8,0.8,2.0,1.0,1.6666666666666667,0.6666666666666666,16.0,1.0,15.999984000016001,0.9411764152249167,0.0,0.0,0.0,0.0,0.0,0.0,0.0,0.0,1.0,0.0,0.0,0.0,18.0,0.0,0.9999999444444475,21.0,1.75,1.0,0.0,0.0,0.0,0.0,0.0,0.0,0.0,0.0,0.0,0.0,2.423076923076923,0.38461538461538464,0.0,-0.8604649237120855
2021MND__2021_04_22_MND_S4__botB1_2021_04_22_13_01_59_chunk8.mp4,2021MND,2021_04_22_MND_S4,2021_04_22_MND_S4,7,8,end,1.0,1.0,True,True,True,True,0.2857142857142858,0.0,0.0,0.0,1.0,3.0,1.0,1.0,1.0,1.0,2.0,3.0,3.0,1.0,1.0,1.0,1.0,0.0,0.0,0.0,1.0,0.0,1.0,,0.0,0.0,0.0,1.0,0.0,2.0,5.0,1.0,8.0,6.0,0.0,0.0,2.0,0.0,0.0,0.0,0.0,1.0,0.0,0.0,0.0,0.0,1.6,0.6,,,1.0,0.125,17.0,2.0,8.499995750002125,0.8947367950138528,0.0,0.0,0.0,0.0,0.0,0.0,0.0,0.0,0.0,0.0,0.0,0.0,1.0,0.0,0.9999990000010001,16.0,1.2307692307692308,0.9230769230769231,0.0,0.0,0.0,0.0,0.0,0.0,0.9615384615384616,0.0,0.9615384615384616,0.0,2.076923076923077,0.07692307692307693,0.0,-0.39073037726727167
2021MND__2021_04_22_MND_S2__Bot_2_Room_2_Zoom_Meeting_2021_04_22_13_06_43.mp4,2021MND,2021_04_22_MND_S2,2021_04_22_MND_S2,0,1,whole,0.0,0.0,False,False,False,True,0.0,1.0,0.0,1.0,0.0,1.0,0.0,0.0,0.0,0.0,1.0,1.0,0.0,0.0,0.0,0.0,0.0,0.0,0.0,0.0,0.0,0.0,0.0,,0.0,0.0,0.0,0.0,0.0,0.0,0.0,0.0,1.0,0.0,0.0,0.0,0.0,0.0,0.0,0.0,0.0,1.0,0.0,0.0,0.0,0.0,,,,,1.0,0.0,1.0,0.0,1000000.0,0.9999990000010001,0.0,0.0,0.0,0.0,0.0,0.0,0.0,0.0,0.0,0.0,0.0,0.0,0.0,1.0,0.0,1.0,1.0,1.0,0.0,0.0,0.0,0.0,0.0,0.0,0.0,0.0,0.0,0.0,2.0,0.0,0.0,-0.8604649237120855
2021MND__2021_04_23_MND_S10__bot1_2021_04_23_13_12_57_chunk1.mp4,2021MND,2021_04_23_MND_S10,2021_04_23_MND_S10,0,7,beginning,0.0,0.0,False,False,False,True,0.33492822966507174,0.0,0.0,0.0,1.0,3.0,0.0,0.0,0.0,0.0,,1.0,0.0,0.0,0.0,0.0,0.0,0.0,0.0,0.0,0.0,0.0,1.0,,0.0,0.0,0.0,0.0,1.0,2.0,0.0,0.0,13.0,2.0,0.0,12.0,3.0,0.0,0.0,0.0,0.0,10.0,0.0,0.0,0.0,0.0,,,,,1.0,0.0,15.0,0.0,15000000.0,0.9999999333333378,0.0,0.0,0.0,0.0,0.0,0.0,0.0,0.0,0.0,0.0,0.0,0.0,0.0,10.0,0.0,13.0,1.0,1.0,0.0,0.0,0.0,0.0,0.0,0.0,0.0,0.0,0.0,0.0,2.0,0.0,0.0,-0.8604649237120855
2021MND__2021_04_23_MND_S10__bot1_2021_04_23_13_12_57_chunk2.mp4,2021MND,2021_04_23_MND_S10,2021_04_23_MND_S10,1,7,middle,0.0,0.0,False,False,False,True,0.4642857142857144,0.0,0.0,1.0,0.0,3.0,1.0,0.0,0.0,0.0,2.0,2.0,3.0,1.0,0.0,0.0,1.0,1.0,1.0,0.0,1.0,0.0,1.0,,0.0,0.0,0.0,0.0,1.0,1.0,1.0,3.0,5.0,2.0,0.0,0.0,0.0,0.0,0.0,0.0,1.0,7.0,0.0,0.0,0.0,0.0,1.0,0.0,,,1.2,0.2,6.0,2.0,2.99999850000075,0.7499999062500118,0.0,0.0,1.0,0.0,0.0,0.0,0.0,0.0,0.0,0.0,0.0,0.0,1.0,6.0,0.1428571224489825,7.0,1.1666666666666667,1.0,0.0,0.0,0.0,0.0,0.0,0.0,0.6923076923076923,0.0,0.07692307692307693,0.0,2.3846153846153846,0.38461538461538464,0.0,-0.5222560502718195
2021MND__2021_04_23_MND_S10__bot1_2021_04_23_13_12_57_chunk3.mp4,2021MND,2021_04_23_MND_S10,2021_04_23_MND_S10,2,7,middle,0.0,0.0,False,False,False,True,0.2832929782082325,0.0,0.0,1.0,0.0,3.0,1.0,0.0,0.0,0.0,2.0,2.0,3.0,1.0,1.0,1.0,1.0,0.0,1.0,0.0,1.0,0.0,1.0,,0.0,0.0,1.0,1.0,1.0,1.0,4.0,3.0,7.0,3.0,2.0,1.0,1.0,0.0,0.0,0.0,0.0,15.0,1.0,0.0,0.0,0.0,1.25,0.25,,,1.3333333333333333,0.3333333333333333,14.0,0.0,14000000.0,0.9999999285714337,0.0,0.0,0.0,0.0,1.0,0.0,0.0,0.0,0.0,0.0,0.0,0.0,15.0,0.0,0.9999999333333378,13.0,1.3,1.0,0.0,0.0,0.0,0.0,0.0,0.0,1.411764705882353,0.17647058823529413,0.8823529411764706,0.058823529411764705,2.2941176470588234,0.29411764705882354,0.0,0.6625174941294603
2021MND__2021_04_23_MND_S10__bot1_2021_04_23_13_12_57_chunk4.mp4,2021MND,2021_04_23_MND_S10,2021_04_23_MND_S10,3,7,middle,0.0,0.0,False,False,False,True,0.48578811369509034,0.0,0.0,1.0,0.0,3.0,1.0,0.0,0.0,0.0,2.0,2.0,3.0,1.0,0.0,1.0,1.0,0.0,0.0,0.0,1.0,0.0,1.0,3.0,1.0,1.0,1.0,0.0,0.0,1.0,5.0,4.0,5.0,2.0,3.0,1.0,0.0,2.0,0.0,0.0,0.0,3.0,0.0,0.0,0.0,0.0,1.8,0.8,1.0,0.0,1.4,0.4,14.0,0.0,14000000.0,0.9999999285714337,0.0,0.0,0.0,0.0,0.0,0.0,0.0,0.0,0.0,0.0,0.0,0.0,3.0,0.0,0.9999996666667778,18.0,1.5,1.0,0.0,0.0,0.0,0.0,0.0,0.0,1.0,0.06666666666666667,0.13333333333333333,0.0,2.466666666666667,0.3333333333333333,0.0,-0.10759189423117871
2021MND__2021_04_23_MND_S10__bot1_2021_04_23_13_12_57_chunk5.mp4,2021MND,2021_04_23_MND_S10,2021_04_23_MND_S10,4,7,middle,0.0,0.0,False,False,False,True,0.34814114681789543,0.0,0.0,1.0,0.0,3.0,1.0,0.0,1.0,1.0,3.0,2.0,3.0,1.0,1.0,1.0,1.0,0.0,0.0,1.0,0.0,0.0,1.0,,0.0,0.0,1.0,0.0,0.0,2.0,3.0,3.0,4.0,1.0,2.0,0.0,5.0,2.0,0.0,0.0,0.0,16.0,0.0,0.0,0.0,0.0,2.0,1.0,2.0,1.0,2.0,1.0,10.0,0.0,10000000.0,0.99999990000001,0.0,0.0,0.0,0.0,0.0,0.0,0.0,0.0,0.0,0.0,0.0,0.0,15.0,1.0,0.9374999414062536,18.0,2.0,1.0,0.0,0.0,0.0,0.0,0.0,0.0,0.782608695652174,0.0,0.43478260869565216,0.0,2.5217391304347827,0.5217391304347826,0.0,-0.47814184938830656
2021MND__2021_04_23_MND_S10__bot1_2021_04_23_13_12_57_chunk6.mp4,2021MND,2021_04_23_MND_S10,2021_04_23_MND_S10,5,7,middle,0.0,0.0,False,False,False,True,0.378021978021978,1.0,1.0,0.0,0.0,3.0,1.0,0.0,1.0,1.0,3.0,3.0,3.0,1.0,0.0,0.0,1.0,0.0,1.0,0.0,1.0,0.0,1.0,3.0,1.0,1.0,1.0,1.0,0.0,2.0,7.0,1.0,3.0,9.0,3.0,2.0,6.0,1.0,0.0,0.0,0.0,1.0,0.0,0.0,0.0,0.0,1.6666666666666667,0.6666666666666666,1.0,0.0,1.6666666666666667,0.6666666666666666,17.0,2.0,8.499995750002125,0.8947367950138528,0.0,0.0,0.0,0.0,0.0,0.0,0.0,0.0,0.0,1.0,0.0,1000000.0,1.0,0.0,0.9999990000010001,16.0,1.6,1.0,0.0,0.0,0.0,0.0,0.0,0.0,0.0,0.0,0.0,0.034482758620689655,2.1724137931034484,0.1724137931034483,0.0,-0.7821746729872509
2021MND__2021_04_23_MND_S10__bot1_2021_04_23_13_12_57_chunk7.mp4,2021MND,2021_04_23_MND_S10,2021_04_23_MND_S10,6,7,end,0.0,0.0,False,False,False,True,0.5280289330922243,1.0,1.0,0.0,0.0,3.0,1.0,0.0,1.0,1.0,3.0,3.0,2.0,0.0,0.0,0.0,1.0,0.0,0.0,1.0,0.0,0.0,1.0,,0.0,0.0,1.0,1.0,0.0,2.0,0.0,5.0,7.0,4.0,2.0,0.0,2.0,1.0,0.0,0.0,0.0,10.0,0.0,0.0,0.0,0.0,,,2.0,1.0,1.7142857142857142,0.8571428571428571,12.0,0.0,12000000.0,0.9999999166666736,0.0,0.0,0.0,0.0,0.0,0.0,0.0,0.0,0.0,0.0,0.0,0.0,9.0,1.0,0.8999999100000091,14.0,1.75,0.875,1.0,0.0,0.0,1000000.0,0.0,0.0,0.7272727272727273,0.0,0.22727272727272727,0.13636363636363635,2.3636363636363638,0.36363636363636365,0.0,-0.19557243889834364
2021MND__2021_04_22_MND_S1__Bot1_2021_04_22_13_00_44_chunk1.mp4,2021MND,2021_04_22_MND_S1,2021_04_22_MND_S1,0,8,beginning,1.0,1.0,True,True,True,True,0.3731800766283524,0.0,0.0,1.0,0.0,3.0,0.0,0.0,1.0,0.0,2.0,1.0,3.0,1.0,0.0,0.0,1.0,1.0,0.0,0.0,0.0,0.0,0.0,,0.0,0.0,0.0,0.0,0.0,2.0,1.0,1.0,9.0,0.0,0.0,0.0,8.0,0.0,0.0,0.0,0.0,11.0,0.0,0.0,0.0,0.0,2.0,1.0,,,1.0,0.0,10.0,0.0,10000000.0,0.99999990000001,0.0,0.0,0.0,0.0,0.0,0.0,0.0,0.0,0.0,0.0,0.0,0.0,2.0,9.0,0.1818181652892577,11.0,1.1,1.0,0.0,0.0,0.0,0.0,0.0,0.0,0.0,0.0,0.0,0.0,2.0,0.0,0.0,-0.8604649237120855
2021MND__2021_04_22_MND_S1__Bot1_2021_04_22_13_00_44_chunk2.mp4,2021MND,2021_04_22_MND_S1,2021_04_22_MND_S1,1,8,middle,1.0,1.0,True,True,True,True,0.4731182795698925,1.0,0.0,1.0,0.0,3.0,1.0,0.0,0.0,0.0,2.0,2.0,3.0,1.0,1.0,1.0,1.0,1.0,0.0,0.0,1.0,0.0,1.0,,0.0,0.0,0.0,0.0,0.0,1.0,3.0,2.0,3.0,1.0,0.0,1.0,0.0,0.0,0.0,0.0,1.0,9.0,1.0,0.0,0.0,0.0,1.3333333333333333,0.3333333333333333,,,1.0,0.0,7.0,0.0,7000000.0,0.9999998571428775,0.0,0.0,1.0,0.0,1.0,0.0,0.0,0.0,0.0,0.0,0.0,0.0,6.0,3.0,0.6666665925926009,7.0,1.1666666666666667,1.0,0.0,0.0,0.0,0.0,0.0,0.0,1.0833333333333333,0.0,0.0,0.0,2.3333333333333335,0.3333333333333333,0.0,-0.3312306680509286
2021MND__2021_04_22_MND_S1__Bot1_2021_04_22_13_00_44_chunk3.mp4,2021MND,2021_04_22_MND_S1,2021_04_22_MND_S1,2,8,middle,1.0,1.0,True,True,True,True,0.33099999999999996,0.0,0.0,1.0,0.0,3.0,1.0,0.0,0.0,0.0,2.0,2.0,3.0,1.0,1.0,1.0,1.0,0.0,1.0,0.0,1.0,0.0,1.0,,0.0,0.0,0.0,0.0,0.0,1.0,1.0,5.0,7.0,3.0,0.0,0.0,0.0,2.0,0.0,0.0,0.0,5.0,0.0,0.0,0.0,0.0,1.0,0.0,2.0,1.0,1.1428571428571428,0.14285714285714285,13.0,0.0,13000000.0,0.9999999230769291,0.0,0.0,0.0,0.0,0.0,0.0,0.0,0.0,0.0,0.0,0.0,0.0,5.0,0.0,0.99999980000004,13.0,1.3,1.0,0.0,0.0,0.0,0.0,0.0,0.0,1.0,0.0,0.6875,0.0,2.3125,0.3125,0.0,-0.37194099540947906
2021MND__2021_04_22_MND_S1__Bot1_2021_04_22_13_00_44_chunk4.mp4,2021MND,2021_04_22_MND_S1,2021_04_22_MND_S1,3,8,middle,1.0,1.0,True,True,True,True,0.4621880998080614,1.0,0.0,1.0,0.0,3.0,1.0,0.0,0.0,0.0,3.0,2.0,3.0,1.0,1.0,1.0,1.0,0.0,0.0,0.0,0.0,0.0,0.0,,0.0,0.0,1.0,0.0,0.0,1.0,4.0,1.0,2.0,1.0,0.0,0.0,1.0,1.0,0.0,0.0,0.0,9.0,1.0,0.0,0.0,0.0,1.5,0.5,2.0,1.0,1.5,0.5,8.0,0.0,8000000.0,0.9999998750000157,0.0,0.0,0.0,0.0,1.0,0.0,0.0,0.0,0.0,0.0,0.0,0.0,9.0,0.0,0.9999998888889013,11.0,1.5714285714285714,1.0,0.0,0.0,0.0,0.0,0.0,0.0,0.0,0.0,0.0,0.0,2.3333333333333335,0.3333333333333333,0.0,-0.8604649237120855
2021MND__2021_04_22_MND_S1__Bot1_2021_04_22_13_00_44_chunk5.mp4,2021MND,2021_04_22_MND_S1,2021_04_22_MND_S1,4,8,middle,1.0,1.0,True,True,True,True,0.2756024096385543,0.0,0.0,1.0,0.0,3.0,1.0,0.0,0.0,0.0,3.0,2.0,3.0,1.0,1.0,1.0,1.0,0.0,0.0,0.0,1.0,0.0,1.0,3.0,1.0,1.0,0.0,0.0,1.0,1.0,3.0,2.0,5.0,2.0,0.0,0.0,0.0,0.0,0.0,0.0,0.0,15.0,1.0,0.0,0.0,0.0,2.0,1.0,,,1.2,0.2,10.0,0.0,10000000.0,0.99999990000001,0.0,0.0,0.0,0.0,1.0,0.0,0.0,0.0,0.0,0.0,0.0,0.0,11.0,4.0,0.7333332844444478,12.0,1.5,1.0,0.0,0.0,0.0,0.0,0.0,0.0,1.4666666666666666,0.0,1.0,0.6666666666666666,2.2666666666666666,0.26666666666666666,0.0,1.3696483518118747
2021MND__2021_04_22_MND_S1__Bot1_2021_04_22_13_00_44_chunk6.mp4,2021MND,2021_04_22_MND_S1,2021_04_22_MND_S1,5,8,middle,1.0,1.0,True,True,True,True,0.32079207920792085,0.0,1.0,0.0,0.0,3.0,1.0,1.0,1.0,1.0,3.0,3.0,3.0,1.0,1.0,1.0,1.0,0.0,1.0,0.0,1.0,0.0,1.0,,0.0,0.0,1.0,0.0,0.0,2.0,2.0,2.0,4.0,1.0,1.0,0.0,8.0,1.0,0.0,0.0,0.0,15.0,0.0,0.0,0.0,0.0,1.5,0.5,1.0,0.0,,,8.0,0.0,8000000.0,0.9999998750000157,0.0,0.0,0.0,0.0,0.0,0.0,0.0,0.0,0.0,0.0,0.0,0.0,13.0,2.0,0.8666666088888928,4.0,1.3333333333333333,1.0,0.0,0.0,0.0,0.0,0.0,,,0.0,0.0,0.0,,,0.0,-0.6171441482000752
2021MND__2021_04_22_MND_S1__Bot1_2021_04_22_13_00_44_chunk7.mp4,2021MND,2021_04_22_MND_S1,2021_04_22_MND_S1,6,8,middle,1.0,1.0,True,True,True,True,0.5669642857142858,1.0,0.0,1.0,0.0,3.0,1.0,0.0,1.0,1.0,3.0,3.0,3.0,1.0,1.0,1.0,1.0,0.0,0.0,0.0,1.0,0.0,1.0,,0.0,0.0,0.0,0.0,0.0,2.0,3.0,2.0,2.0,0.0,1.0,0.0,5.0,0.0,0.0,0.0,0.0,10.0,1.0,0.0,0.0,0.0,2.0,1.0,,,1.0,0.0,5.0,0.0,5000000.0,0.99999980000004,0.0,0.0,0.0,0.0,1.0,0.0,0.0,0.0,0.0,0.0,0.0,0.0,9.0,1.0,0.8999999100000091,8.0,1.6,1.0,0.0,0.0,0.0,0.0,0.0,0.0,0.75,0.08333333333333333,0.08333333333333333,0.25,2.4166666666666665,0.4166666666666667,0.0,0.4039687167427964
2021MND__2021_04_22_MND_S1__Bot1_2021_04_22_13_00_44_chunk8.mp4,2021MND,2021_04_22_MND_S1,2021_04_22_MND_S1,7,8,end,1.0,1.0,True,True,True,True,0.3421052631578947,0.0,0.0,1.0,0.0,3.0,1.0,0.0,1.0,1.0,3.0,3.0,3.0,1.0,1.0,1.0,1.0,0.0,0.0,1.0,0.0,0.0,1.0,,0.0,0.0,0.0,1.0,0.0,2.0,2.0,2.0,4.0,2.0,2.0,0.0,4.0,2.0,0.0,0.0,1.0,6.0,0.0,0.0,0.0,0.0,1.5,0.5,2.0,1.0,1.25,0.25,9.0,1.0,8.999991000009,0.8999999100000091,0.0,0.0,1.0,0.0,0.0,0.0,0.0,0.0,0.0,0.0,0.0,0.0,6.0,0.0,0.9999998333333611,12.0,1.5,1.0,0.0,0.0,0.0,0.0,0.0,0.0,0.0,0.0,0.0,0.0,2.0526315789473686,0.05263157894736842,0.0,-0.8604649237120855
2021MND__2021_04_22_MND_S6__Breakout_Room_4_Part_1_2021_04_22_12_58_44_chunk1.mp4,2021MND,2021_04_22_MND_S6,2021_04_22_MND_S6,0,3,beginning,0.0,0.0,False,False,False,True,0.2777777777777777,0.0,0.0,0.0,1.0,3.0,0.0,0.0,0.0,0.0,,1.0,0.0,0.0,0.0,0.0,0.0,0.0,0.0,0.0,0.0,0.0,0.0,,0.0,0.0,0.0,0.0,1.0,2.0,0.0,0.0,11.0,1.0,2.0,1.0,4.0,0.0,0.0,0.0,0.0,15.0,0.0,0.0,0.0,0.0,,,,,1.0,0.0,11.0,0.0,11000000.0,0.9999999090909174,0.0,0.0,0.0,0.0,0.0,0.0,0.0,0.0,0.0,1.0,0.0,1000000.0,5.0,10.0,0.3333333111111126,11.0,1.0,1.0,0.0,0.0,0.0,0.0,0.0,0.0,1.4210526315789473,0.0,0.8421052631578947,0.0,2.1052631578947367,0.10526315789473684,0.0,-0.16624670980838163
2021MND__2021_04_22_MND_S6__Breakout_Room_4_Part_2_2021_04_22_13_14_53_chunk1.mp4,2021MND,2021_04_22_MND_S6,2021_04_22_MND_S6,1,3,middle,0.0,0.0,False,False,False,True,0.0,1.0,0.0,1.0,0.0,2.0,0.0,0.0,0.0,0.0,2.0,1.0,2.0,0.0,0.0,0.0,0.0,0.0,0.0,0.0,0.0,0.0,0.0,,0.0,0.0,0.0,0.0,0.0,1.0,1.0,0.0,0.0,0.0,0.0,0.0,0.0,0.0,0.0,0.0,0.0,1.0,0.0,0.0,0.0,0.0,1.0,0.0,,,,,1.0,0.0,1000000.0,0.9999990000010001,0.0,0.0,0.0,0.0,0.0,0.0,0.0,0.0,0.0,0.0,0.0,0.0,0.0,1.0,0.0,1.0,1.0,1.0,0.0,0.0,0.0,0.0,0.0,0.0,0.0,0.0,0.0,0.0,2.0,0.0,0.0,-0.8604649237120855
2021MND__2021_04_22_MND_S6__Breakout_Room_4_Part_1_2021_04_22_12_58_44_chunk2.mp4,2021MND,2021_04_22_MND_S6,2021_04_22_MND_S6,2,3,end,0.0,0.0,False,False,False,True,0.45299145299145294,0.0,0.0,1.0,0.0,3.0,1.0,0.0,1.0,0.0,2.0,1.0,3.0,1.0,0.0,0.0,0.0,0.0,1.0,0.0,0.0,0.0,0.0,,0.0,0.0,0.0,0.0,0.0,1.0,0.0,0.0,3.0,0.0,0.0,1.0,3.0,0.0,0.0,0.0,0.0,5.0,0.0,0.0,0.0,0.0,,,,,1.3333333333333333,0.3333333333333333,3.0,0.0,3000000.0,0.9999996666667778,0.0,0.0,0.0,0.0,0.0,0.0,0.0,0.0,0.0,0.0,0.0,0.0,3.0,2.0,0.599999880000024,4.0,1.3333333333333333,1.0,0.0,0.0,0.0,0.0,0.0,0.0,0.0,0.0,0.0,0.0,2.0,0.0,0.0,-0.8604649237120855
2021MND__2021_04_23_MND_S7__Breakout_Room_4_Session_2_2021_04_23_11_15_47_chunk1.mp4,2021MND,2021_04_23_MND_S7,2021_04_23_MND_S7,0,7,beginning,1.0,0.0,True,False,False,True,0.0625,0.0,0.0,1.0,0.0,3.0,0.0,0.0,0.0,0.0,1.0,1.0,0.0,0.0,0.0,0.0,0.0,0.0,0.0,0.0,0.0,0.0,0.0,,0.0,0.0,0.0,0.0,1.0,1.0,0.0,0.0,9.0,0.0,2.0,1.0,1.0,0.0,0.0,0.0,0.0,9.0,0.0,0.0,0.0,0.0,,,,,1.0,0.0,9.0,0.0,9000000.0,0.9999998888889013,0.0,0.0,0.0,0.0,0.0,0.0,0.0,0.0,0.0,0.0,0.0,0.0,0.0,9.0,0.0,9.0,1.0,1.0,0.0,0.0,0.0,0.0,0.0,0.0,1.0,0.0,0.8461538461538461,0.0,2.076923076923077,0.07692307692307693,0.0,-0.37194099540947906
2021MND__2021_04_23_MND_S7__Breakout_Room_4_Session_2_2021_04_23_11_15_47_chunk2.mp4,2021MND,2021_04_23_MND_S7,2021_04_23_MND_S7,1,7,middle,1.0,0.0,True,False,False,True,0.5369548184904676,0.0,0.0,1.0,0.0,3.0,1.0,0.0,0.0,0.0,3.0,2.0,3.0,1.0,1.0,1.0,1.0,1.0,1.0,0.0,0.0,0.0,0.0,,0.0,0.0,0.0,0.0,0.0,1.0,1.0,1.0,4.0,3.0,0.0,3.0,0.0,1.0,0.0,0.0,0.0,6.0,1.0,0.0,0.0,0.0,2.0,1.0,2.0,1.0,1.6666666666666667,0.6666666666666666,6.0,0.0,6000000.0,0.9999998333333611,0.0,0.0,0.0,0.0,1.0,0.0,0.0,0.0,0.0,1.0,2.0,0.499999750000125,5.0,1.0,0.8333331944444675,9.0,1.8,1.0,0.0,0.0,0.0,0.0,0.0,0.0,1.5833333333333333,0.0,0.6666666666666666,0.25,2.25,0.25,0.0,0.48063561385542625
2021MND__2021_04_23_MND_S7__Breakout_Room_4_Session_2_2021_04_23_11_15_47_chunk3.mp4,2021MND,2021_04_23_MND_S7,2021_04_23_MND_S7,2,7,middle,1.0,0.0,True,False,False,True,0.24223602484472062,0.0,0.0,1.0,0.0,3.0,1.0,0.0,0.0,0.0,3.0,2.0,3.0,1.0,1.0,1.0,1.0,0.0,0.0,0.0,0.0,0.0,0.0,,0.0,0.0,0.0,0.0,0.0,1.0,2.0,1.0,2.0,4.0,0.0,0.0,0.0,2.0,0.0,0.0,0.0,11.0,0.0,0.0,0.0,0.0,2.0,1.0,2.0,1.0,1.5,0.5,8.0,1.0,7.9999920000080005,0.8888887901234679,0.0,0.0,0.0,0.0,0.0,0.0,0.0,0.0,0.0,1.0,0.0,1000000.0,8.0,3.0,0.7272726611570308,11.0,1.8333333333333333,1.0,0.0,0.0,0.0,0.0,0.0,0.0,1.5454545454545454,0.0,0.0,0.0,2.3636363636363638,0.36363636363636365,0.0,-0.10547339815351194
2021MND__2021_04_23_MND_S7__Breakout_Room_4_Session_2_2021_04_23_11_15_47_chunk4.mp4,2021MND,2021_04_23_MND_S7,2021_04_23_MND_S7,3,7,middle,1.0,0.0,True,False,False,True,0.2378917378917378,0.0,0.0,1.0,0.0,3.0,1.0,0.0,0.0,0.0,3.0,2.0,3.0,1.0,1.0,1.0,1.0,0.0,0.0,0.0,0.0,0.0,0.0,3.0,1.0,1.0,0.0,0.0,0.0,1.0,2.0,2.0,5.0,4.0,0.0,1.0,1.0,2.0,0.0,0.0,0.0,10.0,0.0,0.0,0.0,0.0,1.5,0.5,1.5,0.5,1.6,0.6,11.0,2.0,5.499997250001375,0.8461537810650938,0.0,0.0,0.0,0.0,0.0,0.0,0.0,0.0,1.0,0.0,0.0,0.0,10.0,0.0,0.99999990000001,14.0,1.5555555555555556,1.0,0.0,0.0,0.0,0.0,0.0,,,0.0,0.0,0.0,,,0.0,-0.6171441482000752
2021MND__2021_04_23_MND_S7__Breakout_Room_4_Session_2_2021_04_23_11_15_47_chunk5.mp4,2021MND,2021_04_23_MND_S7,2021_04_23_MND_S7,4,7,middle,1.0,0.0,True,False,False,True,0.375886524822695,0.0,0.0,1.0,0.0,3.0,1.0,0.0,0.0,0.0,3.0,2.0,3.0,1.0,1.0,0.0,1.0,0.0,0.0,0.0,1.0,0.0,1.0,3.0,1.0,1.0,0.0,0.0,0.0,1.0,3.0,1.0,2.0,2.0,1.0,1.0,2.0,3.0,0.0,0.0,1.0,5.0,0.0,0.0,0.0,0.0,2.0,1.0,2.0,1.0,0.5,0.0,8.0,2.0,3.999998000001,0.7999999200000081,0.0,0.0,1.0,0.0,0.0,0.0,0.0,0.0,0.0,0.0,0.0,0.0,4.0,1.0,0.799999840000032,13.0,1.625,0.875,0.0,1.0,0.0,1000000.0,0.0,,,0.0,0.0,0.0,,,0.0,-0.6171441482000752
2021MND__2021_04_23_MND_S7__Breakout_Room_4_Session_2_2021_04_23_11_15_47_chunk6.mp4,2021MND,2021_04_23_MND_S7,2021_04_23_MND_S7,5,7,middle,1.0,0.0,True,False,False,True,0.13953488372093026,0.0,1.0,0.0,0.0,3.0,1.0,1.0,1.0,1.0,3.0,3.0,3.0,1.0,1.0,1.0,1.0,0.0,0.0,0.0,1.0,0.0,1.0,,0.0,0.0,0.0,0.0,1.0,2.0,0.0,3.0,6.0,3.0,3.0,0.0,3.0,5.0,0.0,0.0,0.0,11.0,0.0,0.0,0.0,0.0,,,1.8,0.8,2.0,1.0,14.0,0.0,14000000.0,0.9999999285714337,0.0,0.0,0.0,0.0,0.0,0.0,0.0,0.0,0.0,0.0,0.0,0.0,9.0,2.0,0.8181817438016598,21.0,1.9090909090909092,1.0,0.0,0.0,0.0,0.0,0.0,,,0.0,0.0,0.0,,,0.0,-0.6171441482000752
2021MND__2021_04_23_MND_S7__Breakout_Room_4_Session_2_2021_04_23_11_15_47_chunk7.mp4,2021MND,2021_04_23_MND_S7,2021_04_23_MND_S7,6,7,end,1.0,0.0,True,False,False,True,0.640625,1.0,1.0,0.0,0.0,3.0,1.0,1.0,1.0,1.0,3.0,4.0,3.0,1.0,1.0,0.0,1.0,0.0,0.0,0.0,0.0,0.0,1.0,3.0,1.0,1.0,0.0,0.0,0.0,2.0,0.0,0.0,1.0,0.0,6.0,0.0,8.0,1.0,0.0,0.0,0.0,2.0,0.0,0.0,0.0,0.0,,,2.0,1.0,2.0,1.0,2.0,0.0,2000000.0,0.99999950000025,0.0,0.0,0.0,0.0,0.0,0.0,0.0,0.0,0.0,0.0,0.0,0.0,2.0,0.0,0.99999950000025,4.0,2.0,1.0,0.0,0.0,0.0,0.0,0.0,0.0,0.3888888888888889,0.0,0.2222222222222222,0.05555555555555555,2.2777777777777777,0.2777777777777778,0.0,-0.5443491032043939
2021MND__2021_04_23_MND_S5__botB1_2021_04_23_11_17_35_chunk1.mp4,2021MND,2021_04_23_MND_S5,2021_04_23_MND_S5,0,7,beginning,2.0,1.0,True,True,True,True,0.3285714285714285,0.0,0.0,1.0,0.0,3.0,1.0,0.0,0.0,0.0,2.0,1.0,3.0,1.0,1.0,0.0,1.0,1.0,1.0,0.0,1.0,0.0,1.0,,0.0,0.0,0.0,0.0,0.0,1.0,1.0,1.0,8.0,2.0,3.0,7.0,4.0,0.0,0.0,0.0,1.0,13.0,0.0,0.0,0.0,0.0,2.0,1.0,,,1.125,0.125,11.0,0.0,11000000.0,0.9999999090909174,0.0,0.0,1.0,0.0,0.0,0.0,0.0,0.0,0.0,0.0,0.0,0.0,5.0,8.0,0.3846153550295881,11.0,1.2222222222222223,1.0,0.0,0.0,0.0,0.0,0.0,0.0,0.0,0.0,0.0,0.0,2.2,0.2,0.0,-0.8604649237120855
2021MND__2021_04_23_MND_S5__botB1_2021_04_23_11_17_35_chunk2.mp4,2021MND,2021_04_23_MND_S5,2021_04_23_MND_S5,1,7,middle,2.0,1.0,True,True,True,True,0.19354838709677424,0.0,0.0,0.0,0.0,3.0,1.0,0.0,0.0,0.0,3.0,2.0,3.0,1.0,0.0,0.0,1.0,1.0,0.0,0.0,0.0,0.0,0.0,3.0,1.0,1.0,0.0,0.0,0.0,1.0,3.0,3.0,4.0,1.0,0.0,1.0,0.0,1.0,0.0,0.0,1.0,10.0,0.0,0.0,0.0,0.0,1.6666666666666667,0.6666666666666666,2.0,1.0,1.75,0.75,7.0,1.0,6.9999930000070005,0.8749998906250137,0.0,0.0,1.0,0.0,0.0,0.0,0.0,0.0,0.0,0.0,0.0,0.0,9.0,1.0,0.8999999100000091,14.0,1.75,1.0,0.0,0.0,0.0,0.0,0.0,0.0,1.1428571428571428,0.0,0.0,0.0,2.5,0.5,0.0,-0.30215186279482104
2021MND__2021_04_23_MND_S5__botB1_2021_04_23_11_17_35_chunk3.mp4,2021MND,2021_04_23_MND_S5,2021_04_23_MND_S5,2,7,middle,2.0,1.0,True,True,True,True,0.35246995994659547,0.0,0.0,0.0,0.0,3.0,1.0,0.0,0.0,0.0,3.0,2.0,3.0,1.0,1.0,1.0,1.0,0.0,1.0,1.0,0.0,0.0,1.0,3.0,1.0,1.0,0.0,0.0,0.0,1.0,1.0,2.0,4.0,3.0,0.0,0.0,0.0,1.0,0.0,0.0,0.0,11.0,0.0,0.0,0.0,0.0,2.0,1.0,2.0,1.0,1.5,0.5,7.0,1.0,6.9999930000070005,0.8749998906250137,0.0,0.0,0.0,0.0,0.0,0.0,0.0,0.0,0.0,1.0,0.0,1000000.0,11.0,0.0,0.9999999090909174,10.0,1.6666666666666667,1.0,0.0,0.0,0.0,0.0,0.0,0.0,2.0,0.0,1.0,0.18181818181818182,2.3636363636363638,0.36363636363636365,0.0,0.5293860730786194
2021MND__2021_04_23_MND_S5__botB1_2021_04_23_11_17_35_chunk4.mp4,2021MND,2021_04_23_MND_S5,2021_04_23_MND_S5,3,7,middle,2.0,1.0,True,True,True,True,0.27128027681660893,0.0,0.0,0.0,0.0,3.0,1.0,0.0,0.0,0.0,3.0,2.0,3.0,1.0,1.0,1.0,1.0,0.0,0.0,1.0,0.0,0.0,1.0,3.0,1.0,1.0,0.0,0.0,0.0,1.0,2.0,1.0,5.0,0.0,0.0,0.0,0.0,2.0,0.0,0.0,0.0,10.0,1.0,0.0,0.0,0.0,1.5,0.5,2.0,1.0,1.4,0.4,9.0,0.0,9000000.0,0.9999998888889013,0.0,0.0,0.0,0.0,1.0,0.0,0.0,0.0,0.0,0.0,0.0,0.0,9.0,1.0,0.8999999100000091,14.0,1.5555555555555556,1.0,0.0,0.0,0.0,0.0,0.0,,,0.0,0.0,0.0,,,0.0,-0.6171441482000752
2021MND__2021_04_23_MND_S5__botB1_2021_04_23_11_17_35_chunk5.mp4,2021MND,2021_04_23_MND_S5,2021_04_23_MND_S5,4,7,middle,2.0,1.0,True,True,True,True,0.14492753623188404,0.0,0.0,0.0,0.0,3.0,1.0,0.0,0.0,0.0,3.0,2.0,3.0,1.0,1.0,1.0,1.0,0.0,0.0,0.0,0.0,0.0,0.0,,0.0,0.0,0.0,1.0,0.0,1.0,2.0,2.0,5.0,2.0,0.0,1.0,0.0,1.0,0.0,0.0,0.0,13.0,1.0,0.0,0.0,0.0,2.0,1.0,1.0,0.0,1.4,0.4,10.0,0.0,10000000.0,0.99999990000001,0.0,0.0,0.0,0.0,1.0,0.0,0.0,0.0,0.0,0.0,0.0,0.0,7.0,5.0,0.5833332847222263,12.0,1.5,1.0,0.0,0.0,0.0,0.0,0.0,0.0,1.0,0.0,0.0,0.0,2.230769230769231,0.23076923076923078,0.0,-0.37194099540947906
2021MND__2021_04_23_MND_S5__botB1_2021_04_23_11_17_35_chunk6.mp4,2021MND,2021_04_23_MND_S5,2021_04_23_MND_S5,5,7,middle,2.0,1.0,True,True,True,True,0.4904255319148938,0.0,0.0,0.0,0.0,3.0,1.0,0.0,1.0,1.0,3.0,3.0,3.0,1.0,1.0,1.0,1.0,0.0,1.0,0.0,1.0,0.0,1.0,,0.0,0.0,0.0,0.0,0.0,2.0,5.0,5.0,4.0,4.0,4.0,0.0,4.0,7.0,0.0,0.0,0.0,2.0,0.0,0.0,0.0,0.0,1.4,0.4,2.0,1.0,1.5,0.5,18.0,2.0,8.99999550000225,0.8999999550000022,0.0,0.0,0.0,0.0,0.0,0.0,0.0,0.0,0.0,0.0,0.0,0.0,1.0,1.0,0.499999750000125,27.0,1.6875,1.0,0.0,0.0,0.0,0.0,0.0,0.0,0.0,0.0,0.0,0.0,2.05,0.05,0.0,-0.8604649237120855
2021MND__2021_04_23_MND_S5__botB1_2021_04_23_11_17_35_chunk7.mp4,2021MND,2021_04_23_MND_S5,2021_04_23_MND_S5,6,7,end,2.0,1.0,True,True,True,True,0.4814814814814814,0.0,1.0,0.0,0.0,3.0,1.0,0.0,1.0,1.0,3.0,4.0,3.0,1.0,1.0,0.0,1.0,0.0,0.0,0.0,1.0,0.0,1.0,,0.0,0.0,0.0,0.0,0.0,2.0,3.0,1.0,2.0,4.0,0.0,1.0,4.0,0.0,0.0,0.0,0.0,2.0,0.0,0.0,0.0,0.0,1.0,0.0,,,1.0,0.0,9.0,0.0,9000000.0,0.9999998888889013,0.0,0.0,0.0,0.0,0.0,0.0,0.0,0.0,1.0,0.0,0.0,0.0,2.0,0.0,0.99999950000025,5.0,1.0,1.0,1.0,0.0,0.0,1000000.0,0.0,0.0,0.0,0.0,0.0,0.0,2.1333333333333333,0.13333333333333333,0.0,-0.8604649237120855
2021MND__2021_04_22_MND_S7__Room_5_Zoom_Meeting_4_22_2021_1_01_43_PM_chunk1.mp4,2021MND,2021_04_22_MND_S7,2021_04_22_MND_S7,0,8,beginning,2.0,0.0,True,False,False,True,0.3320811419984975,0.0,0.0,1.0,0.0,3.0,0.0,0.0,1.0,0.0,1.0,1.0,0.0,0.0,0.0,0.0,0.0,0.0,0.0,0.0,0.0,0.0,1.0,,0.0,0.0,0.0,0.0,0.0,1.0,1.0,0.0,12.0,1.0,2.0,0.0,4.0,0.0,0.0,0.0,0.0,12.0,0.0,0.0,0.0,0.0,1.0,0.0,,,0.8333333333333334,0.0,14.0,0.0,14000000.0,0.9999999285714337,0.0,0.0,0.0,0.0,0.0,0.0,0.0,0.0,0.0,0.0,0.0,0.0,3.0,9.0,0.2499999791666684,11.0,0.8461538461538461,0.8461538461538461,0.0,0.0,0.0,0.0,0.0,0.0,0.0,0.0,0.0,0.0,2.1,0.1,0.0,-0.8604649237120855
2021MND__2021_04_22_MND_S7__Room_5_Zoom_Meeting_4_22_2021_1_16_56_PM_chunk1.mp4,2021MND,2021_04_22_MND_S7,2021_04_22_MND_S7,1,8,middle,2.0,0.0,True,False,False,True,0.38928571428571423,0.0,0.0,1.0,0.0,3.0,1.0,0.0,1.0,0.0,2.0,1.0,3.0,1.0,0.0,0.0,1.0,1.0,0.0,0.0,0.0,0.0,0.0,3.0,1.0,1.0,0.0,0.0,0.0,1.0,4.0,4.0,1.0,4.0,0.0,0.0,0.0,0.0,0.0,0.0,0.0,13.0,0.0,0.0,0.0,0.0,1.75,0.75,,,2.0,1.0,8.0,1.0,7.9999920000080005,0.8888887901234679,0.0,0.0,0.0,0.0,0.0,0.0,0.0,0.0,0.0,0.0,0.0,0.0,10.0,3.0,0.7692307100591762,9.0,1.8,1.0,0.0,0.0,0.0,0.0,0.0,0.0,0.0,0.0,0.0,0.0,2.5384615384615383,0.5384615384615384,0.0,-0.8604649237120855
2021MND__2021_04_22_MND_S7__Room_5_Zoom_Meeting_4_22_2021_1_01_43_PM_chunk2.mp4,2021MND,2021_04_22_MND_S7,2021_04_22_MND_S7,2,8,middle,2.0,0.0,True,False,False,True,0.15555555555555545,0.0,0.0,1.0,0.0,3.0,1.0,0.0,1.0,0.0,3.0,2.0,3.0,1.0,0.0,0.0,1.0,0.0,0.0,0.0,0.0,0.0,0.0,,0.0,0.0,0.0,0.0,0.0,1.0,4.0,2.0,1.0,1.0,0.0,0.0,0.0,0.0,0.0,0.0,1.0,7.0,0.0,0.0,0.0,0.0,1.75,0.75,,,1.0,0.0,6.0,0.0,6000000.0,0.9999998333333611,0.0,0.0,1.0,0.0,0.0,0.0,0.0,0.0,0.0,0.0,0.0,0.0,7.0,0.0,0.9999998571428775,8.0,1.6,1.0,0.0,0.0,0.0,0.0,0.0,0.0,0.0,0.0,0.0,0.0,2.0,0.0,0.0,-0.8604649237120855
2021MND__2021_04_22_MND_S7__Room_5_Zoom_Meeting_4_22_2021_1_16_56_PM_chunk2.mp4,2021MND,2021_04_22_MND_S7,2021_04_22_MND_S7,3,8,middle,2.0,0.0,True,False,False,True,0.22857142857142865,0.0,0.0,1.0,0.0,3.0,1.0,0.0,1.0,0.0,3.0,2.0,3.0,1.0,0.0,0.0,1.0,0.0,0.0,0.0,0.0,0.0,0.0,3.0,1.0,1.0,0.0,0.0,1.0,1.0,3.0,3.0,4.0,2.0,0.0,0.0,0.0,0.0,0.0,0.0,0.0,11.0,0.0,0.0,0.0,0.0,1.6666666666666667,0.6666666666666666,,,1.5,0.5,8.0,1.0,7.9999920000080005,0.8888887901234679,0.0,0.0,0.0,0.0,0.0,0.0,0.0,0.0,0.0,0.0,0.0,0.0,10.0,1.0,0.9090908264462886,11.0,1.5714285714285714,1.0,0.0,0.0,0.0,0.0,0.0,0.0,1.9090909090909092,0.0,0.09090909090909091,0.0,2.090909090909091,0.09090909090909091,0.0,0.07217166668379955
2021MND__2021_04_22_MND_S7__Room_5_Zoom_Meeting_4_22_2021_1_16_56_PM_chunk3.mp4,2021MND,2021_04_22_MND_S7,2021_04_22_MND_S7,4,8,middle,2.0,0.0,True,False,False,True,0.14880952380952372,0.0,0.0,1.0,0.0,3.0,1.0,0.0,0.0,0.0,3.0,2.0,3.0,1.0,0.0,0.0,1.0,0.0,0.0,0.0,0.0,0.0,0.0,3.0,1.0,1.0,0.0,0.0,0.0,1.0,4.0,2.0,2.0,3.0,0.0,0.0,0.0,3.0,0.0,0.0,1.0,14.0,0.0,0.0,0.0,0.0,2.0,1.0,1.3333333333333333,0.3333333333333333,1.0,0.0,11.0,1.0,10.999989000011,0.9166665902777842,0.0,0.0,1.0,0.0,0.0,0.0,0.0,0.0,0.0,0.0,0.0,0.0,9.0,5.0,0.6428570969387788,14.0,1.5555555555555556,1.0,0.0,0.0,0.0,0.0,0.0,0.0,1.1176470588235294,0.0,0.0,0.0,2.176470588235294,0.23529411764705882,0.0,-0.31446759207976066
2021MND__2021_04_22_MND_S7__Room_5_Zoom_Meeting_4_22_2021_1_16_56_PM_chunk4.mp4,2021MND,2021_04_22_MND_S7,2021_04_22_MND_S7,5,8,middle,2.0,0.0,True,False,False,True,0.17592592592592582,0.0,0.0,1.0,0.0,3.0,1.0,0.0,1.0,0.0,3.0,2.0,3.0,1.0,0.0,1.0,1.0,0.0,1.0,0.0,1.0,0.0,1.0,3.0,1.0,1.0,0.0,0.0,0.0,1.0,3.0,3.0,4.0,5.0,1.0,1.0,3.0,1.0,0.0,0.0,1.0,12.0,0.0,0.0,0.0,0.0,1.6666666666666667,0.6666666666666666,2.0,1.0,1.75,0.75,11.0,2.0,5.499997250001375,0.8461537810650938,0.0,0.0,1.0,0.0,0.0,0.0,0.0,0.0,1.0,0.0,0.0,0.0,10.0,2.0,0.8333332638888947,14.0,1.75,1.0,0.0,0.0,0.0,0.0,0.0,0.0,0.8571428571428571,0.0,0.09523809523809523,0.0,2.238095238095238,0.23809523809523808,0.0,-0.44173012802413725
2021MND__2021_04_22_MND_S7__Room_5_Zoom_Meeting_4_22_2021_1_16_56_PM_chunk5.mp4,2021MND,2021_04_22_MND_S7,2021_04_22_MND_S7,6,8,middle,2.0,0.0,True,False,False,True,0.5163721413721414,0.0,1.0,0.0,0.0,3.0,1.0,0.0,0.0,1.0,4.0,4.0,3.0,1.0,0.0,0.0,1.0,0.0,1.0,1.0,0.0,0.0,1.0,,0.0,0.0,0.0,0.0,0.0,2.0,8.0,0.0,2.0,1.0,5.0,0.0,9.0,4.0,0.0,0.0,1.0,25.0,0.0,0.0,0.0,0.0,1.625,0.625,1.25,0.25,1.0,0.0,15.0,0.0,15000000.0,0.9999999333333378,0.0,0.0,1.0,0.0,0.0,0.0,0.0,0.0,1.0,0.0,0.0,0.0,13.0,11.0,0.5416666440972231,20.0,1.4285714285714286,1.0,0.0,0.0,0.0,0.0,0.0,0.0,1.4827586206896552,0.034482758620689655,0.41379310344827586,0.13793103448275862,2.4482758620689653,0.41379310344827586,0.0,0.3137914390040321
2021MND__2021_04_22_MND_S7__Room_5_Zoom_Meeting_4_22_2021_1_16_56_PM_chunk6.mp4,2021MND,2021_04_22_MND_S7,2021_04_22_MND_S7,7,8,end,2.0,0.0,True,False,False,True,0.31400966183574863,0.0,1.0,0.0,0.0,4.0,1.0,0.0,1.0,0.0,4.0,4.0,3.0,1.0,0.0,0.0,1.0,0.0,1.0,0.0,1.0,0.0,1.0,3.0,1.0,1.0,1.0,1.0,0.0,2.0,4.0,1.0,5.0,5.0,11.0,0.0,6.0,0.0,0.0,0.0,1.0,5.0,0.0,0.0,0.0,0.0,1.25,0.25,,,1.0,0.0,11.0,3.0,3.6666654444448517,0.7857142295918408,0.0,0.0,1.0,0.0,0.0,0.0,0.0,0.0,1.0,0.0,0.0,0.0,5.0,0.0,0.99999980000004,8.0,1.1428571428571428,1.0,0.0,0.0,0.0,0.0,0.0,0.0,3.0,0.3333333333333333,0.9696969696969697,0.9696969696969697,2.9696969696969697,0.9696969696969697,0.0,4.128469114743194
2021MND__2021_04_23_MND_S2__bot1_2021_04_23_11_15_35_chunk1.mp4,2021MND,2021_04_23_MND_S2,2021_04_23_MND_S2,0,7,beginning,2.0,1.0,True,True,True,True,0.3278185229404742,0.0,0.0,0.0,1.0,3.0,0.0,0.0,0.0,0.0,,1.0,0.0,0.0,0.0,0.0,0.0,0.0,0.0,0.0,0.0,0.0,1.0,,0.0,0.0,0.0,0.0,0.0,2.0,0.0,0.0,9.0,0.0,3.0,0.0,5.0,0.0,0.0,0.0,0.0,10.0,0.0,0.0,0.0,0.0,,,,,1.0,0.0,9.0,0.0,9000000.0,0.9999998888889013,0.0,0.0,0.0,0.0,0.0,0.0,0.0,0.0,0.0,0.0,0.0,0.0,1.0,9.0,0.09999999000000101,9.0,1.0,1.0,0.0,0.0,0.0,0.0,0.0,0.0,1.0,0.0,0.4,0.0,2.2,0.2,0.0,-0.37194099540947906
2021MND__2021_04_23_MND_S2__bot1_2021_04_23_11_15_35_chunk2.mp4,2021MND,2021_04_23_MND_S2,2021_04_23_MND_S2,1,7,middle,2.0,1.0,True,True,True,True,0.1768707482993197,0.0,0.0,1.0,0.0,4.0,1.0,0.0,0.0,0.0,2.0,2.0,3.0,1.0,0.0,0.0,1.0,1.0,0.0,0.0,0.0,0.0,0.0,3.0,1.0,1.0,0.0,0.0,0.0,1.0,2.0,2.0,4.0,1.0,0.0,0.0,1.0,2.0,0.0,0.0,0.0,12.0,0.0,0.0,0.0,0.0,2.0,1.0,1.5,0.5,1.75,0.75,8.0,1.0,7.9999920000080005,0.8888887901234679,0.0,0.0,0.0,0.0,0.0,0.0,0.0,0.0,0.0,0.0,0.0,0.0,9.0,2.0,0.8181817438016598,14.0,1.75,1.0,0.0,0.0,0.0,0.0,0.0,0.0,2.5,0.0,0.7142857142857143,0.5,2.5,0.5,0.0,1.4960535325545339
2021MND__2021_04_23_MND_S2__bot1_2021_04_23_11_15_35_chunk3.mp4,2021MND,2021_04_23_MND_S2,2021_04_23_MND_S2,2,7,middle,2.0,1.0,True,True,True,True,0.40726124704025257,0.0,0.0,1.0,0.0,3.0,1.0,0.0,0.0,0.0,3.0,2.0,3.0,1.0,1.0,0.0,1.0,0.0,1.0,1.0,0.0,0.0,1.0,,0.0,0.0,0.0,0.0,0.0,1.0,4.0,2.0,4.0,2.0,0.0,0.0,0.0,1.0,0.0,0.0,0.0,9.0,0.0,0.0,0.0,0.0,1.75,0.75,2.0,1.0,1.5,0.5,11.0,0.0,11000000.0,0.9999999090909174,0.0,0.0,0.0,0.0,0.0,0.0,0.0,0.0,0.0,0.0,0.0,0.0,7.0,2.0,0.7777776913580343,15.0,1.6666666666666667,1.0,0.0,0.0,0.0,0.0,0.0,0.0,0.0,0.0,0.0,0.0,2.3,0.3,0.0,-0.8604649237120855
2021MND__2021_04_23_MND_S2__bot1_2021_04_23_11_15_35_chunk4.mp4,2021MND,2021_04_23_MND_S2,2021_04_23_MND_S2,3,7,middle,2.0,1.0,True,True,True,True,0.15372168284789645,0.0,0.0,1.0,0.0,3.0,1.0,0.0,0.0,0.0,3.0,2.0,3.0,1.0,1.0,1.0,1.0,0.0,0.0,1.0,0.0,0.0,1.0,,0.0,0.0,0.0,0.0,0.0,1.0,2.0,2.0,2.0,2.0,0.0,0.0,0.0,3.0,0.0,0.0,0.0,5.0,0.0,0.0,0.0,0.0,1.5,0.5,2.0,1.0,1.5,0.5,7.0,2.0,3.499998250000875,0.7777776913580343,0.0,0.0,0.0,0.0,0.0,0.0,0.0,0.0,0.0,0.0,0.0,0.0,3.0,2.0,0.599999880000024,12.0,1.7142857142857142,1.0,0.0,0.0,0.0,0.0,0.0,0.0,0.6666666666666666,0.0,0.0,0.0,2.6666666666666665,0.6666666666666666,0.0,-0.5347823048436813
2021MND__2021_04_23_MND_S2__bot1_2021_04_23_11_15_35_chunk5.mp4,2021MND,2021_04_23_MND_S2,2021_04_23_MND_S2,4,7,middle,2.0,1.0,True,True,True,True,0.22250316055625796,0.0,0.0,1.0,0.0,3.0,1.0,0.0,0.0,0.0,3.0,2.0,3.0,1.0,1.0,1.0,1.0,0.0,1.0,1.0,0.0,0.0,1.0,,0.0,0.0,1.0,1.0,0.0,1.0,4.0,2.0,6.0,1.0,0.0,0.0,1.0,2.0,0.0,0.0,0.0,12.0,0.0,0.0,0.0,0.0,1.5,0.5,2.0,1.0,1.5,0.5,13.0,0.0,13000000.0,0.9999999230769291,0.0,0.0,0.0,0.0,0.0,0.0,0.0,0.0,0.0,0.0,0.0,0.0,6.0,6.0,0.4999999583333368,19.0,1.5833333333333333,1.0,0.0,0.0,0.0,0.0,0.0,0.0,0.0,0.0,0.0,0.0,2.3333333333333335,0.3333333333333333,0.0,-0.8604649237120855
2021MND__2021_04_23_MND_S2__bot1_2021_04_23_11_15_35_chunk6.mp4,2021MND,2021_04_23_MND_S2,2021_04_23_MND_S2,5,7,middle,2.0,1.0,True,True,True,True,0.2991803278688525,0.0,1.0,0.0,0.0,3.0,1.0,0.0,1.0,1.0,4.0,3.0,3.0,1.0,1.0,1.0,1.0,0.0,0.0,0.0,1.0,0.0,1.0,,0.0,0.0,0.0,0.0,0.0,2.0,1.0,5.0,1.0,2.0,3.0,0.0,4.0,8.0,0.0,0.0,0.0,9.0,1.0,0.0,0.0,0.0,1.0,0.0,1.875,0.875,1.0,0.0,12.0,0.0,12000000.0,0.9999999166666736,0.0,0.0,0.0,0.0,1.0,0.0,0.0,0.0,0.0,0.0,0.0,0.0,7.0,2.0,0.7777776913580343,17.0,1.7,1.0,0.0,0.0,0.0,0.0,0.0,0.0,0.5925925925925926,0.0,0.0,0.0,2.037037037037037,0.037037037037037035,0.0,-0.5709692624957262
2021MND__2021_04_23_MND_S2__bot1_2021_04_23_11_15_35_chunk7.mp4,2021MND,2021_04_23_MND_S2,2021_04_23_MND_S2,6,7,end,2.0,1.0,True,True,True,True,0.4707602339181285,0.0,1.0,0.0,0.0,3.0,1.0,0.0,1.0,1.0,4.0,4.0,3.0,1.0,0.0,0.0,1.0,0.0,0.0,1.0,0.0,0.0,1.0,,0.0,0.0,0.0,0.0,0.0,2.0,8.0,0.0,3.0,8.0,5.0,2.0,3.0,0.0,0.0,0.0,0.0,13.0,0.0,0.0,0.0,0.0,1.125,0.125,,,1.0,0.0,19.0,0.0,19000000.0,0.9999999473684238,0.0,0.0,0.0,0.0,0.0,0.0,0.0,0.0,0.0,0.0,0.0,0.0,12.0,1.0,0.9230768520710114,12.0,1.0909090909090908,1.0,0.0,0.0,0.0,0.0,0.0,0.0,0.0,0.0,0.0,0.0,2.0,0.0,0.0,-0.8604649237120855
2021MND__2021_04_22_MND_S5__botB2_2021_04_22_13_02_15_chunk1.mp4,2021MND,2021_04_22_MND_S5,2021_04_22_MND_S5,0,8,beginning,0.0,0.0,False,False,False,True,0.14828209764918632,0.0,0.0,1.0,0.0,3.0,1.0,0.0,0.0,0.0,1.0,1.0,0.0,0.0,1.0,0.0,1.0,1.0,1.0,1.0,0.0,0.0,1.0,,0.0,0.0,0.0,0.0,0.0,1.0,0.0,0.0,7.0,0.0,0.0,0.0,0.0,0.0,0.0,0.0,0.0,7.0,0.0,0.0,0.0,0.0,,,,,1.0,0.0,7.0,0.0,7000000.0,0.9999998571428775,0.0,0.0,0.0,0.0,0.0,0.0,0.0,0.0,0.0,0.0,0.0,0.0,5.0,2.0,0.7142856122449125,7.0,1.0,1.0,0.0,0.0,0.0,0.0,0.0,0.0,2.0,0.0,0.8571428571428571,0.8571428571428571,2.857142857142857,0.8571428571428571,0.0,2.062654879481876
2021MND__2021_04_22_MND_S5__botB2_2021_04_22_13_02_15_chunk2.mp4,2021MND,2021_04_22_MND_S5,2021_04_22_MND_S5,1,8,middle,0.0,0.0,False,False,False,True,0.44628099173553726,0.0,0.0,1.0,0.0,3.0,1.0,0.0,1.0,1.0,3.0,2.0,3.0,1.0,1.0,1.0,1.0,0.0,0.0,0.0,1.0,0.0,1.0,,0.0,0.0,0.0,0.0,1.0,1.0,2.0,4.0,5.0,4.0,0.0,0.0,1.0,2.0,0.0,0.0,0.0,7.0,1.0,0.0,0.0,0.0,2.0,1.0,2.0,1.0,1.6,0.6,12.0,0.0,12000000.0,0.9999999166666736,0.0,0.0,0.0,0.0,1.0,0.0,0.0,0.0,0.0,0.0,0.0,0.0,5.0,2.0,0.7142856122449125,16.0,1.7777777777777777,1.0,0.0,0.0,0.0,0.0,0.0,0.0,1.4736842105263157,0.0,0.0,0.0,2.3684210526315788,0.3684210526315789,0.05263157894736842,-0.1405349241082445
2021MND__2021_04_22_MND_S5__botB2_2021_04_22_13_02_15_chunk3.mp4,2021MND,2021_04_22_MND_S5,2021_04_22_MND_S5,2,8,middle,0.0,0.0,False,False,False,True,0.16551724137931045,0.0,0.0,1.0,0.0,3.0,1.0,0.0,0.0,0.0,3.0,2.0,3.0,1.0,1.0,0.0,1.0,0.0,0.0,1.0,0.0,0.0,1.0,3.0,1.0,1.0,1.0,0.0,1.0,1.0,4.0,2.0,9.0,4.0,0.0,0.0,0.0,2.0,0.0,0.0,0.0,16.0,0.0,0.0,0.0,0.0,2.0,1.0,2.0,1.0,1.6666666666666667,0.6666666666666666,16.0,3.0,5.333331555556148,0.8421052188365674,0.0,0.0,0.0,0.0,0.0,0.0,0.0,0.0,0.0,0.0,0.0,0.0,13.0,3.0,0.8124999492187531,27.0,1.8,1.0,0.0,0.0,0.0,0.0,0.0,0.0,1.875,0.0,0.875,0.0,2.625,0.5625,0.0,0.05551744185530157
2021MND__2021_04_22_MND_S5__botB2_2021_04_22_13_02_15_chunk4.mp4,2021MND,2021_04_22_MND_S5,2021_04_22_MND_S5,3,8,middle,0.0,0.0,False,False,False,True,0.22162162162162158,0.0,0.0,1.0,0.0,3.0,1.0,0.0,0.0,0.0,3.0,2.0,3.0,1.0,1.0,1.0,1.0,0.0,1.0,1.0,0.0,0.0,1.0,3.0,1.0,1.0,0.0,0.0,0.0,1.0,2.0,1.0,2.0,2.0,0.0,0.0,0.0,2.0,0.0,0.0,0.0,9.0,0.0,0.0,0.0,0.0,1.0,0.0,2.0,1.0,1.0,0.0,6.0,2.0,2.99999850000075,0.7499999062500118,0.0,0.0,0.0,0.0,0.0,0.0,0.0,0.0,0.0,0.0,0.0,0.0,6.0,3.0,0.6666665925926009,8.0,1.3333333333333333,1.0,0.0,0.0,0.0,0.0,0.0,0.0,0.0,0.0,0.0,0.0,2.6666666666666665,0.6666666666666666,0.0,-0.8604649237120855
2021MND__2021_04_22_MND_S5__botB2_2021_04_22_13_02_15_chunk5.mp4,2021MND,2021_04_22_MND_S5,2021_04_22_MND_S5,4,8,middle,0.0,0.0,False,False,False,True,0.4207317073170731,1.0,0.0,1.0,0.0,3.0,1.0,0.0,0.0,0.0,3.0,2.0,3.0,1.0,0.0,0.0,1.0,0.0,1.0,0.0,0.0,0.0,0.0,3.0,1.0,1.0,0.0,0.0,0.0,1.0,2.0,1.0,6.0,3.0,0.0,1.0,0.0,1.0,0.0,0.0,0.0,12.0,0.0,0.0,0.0,0.0,2.0,1.0,2.0,1.0,1.3333333333333333,0.3333333333333333,11.0,1.0,10.999989000011,0.9166665902777842,0.0,0.0,0.0,0.0,0.0,0.0,0.0,0.0,0.0,0.0,0.0,0.0,7.0,4.0,0.636363578512402,14.0,1.5555555555555556,1.0,0.0,0.0,0.0,0.0,0.0,,,0.0,0.0,0.0,,,0.0,-0.6171441482000752
2021MND__2021_04_22_MND_S5__botB2_2021_04_22_13_02_15_chunk6.mp4,2021MND,2021_04_22_MND_S5,2021_04_22_MND_S5,5,8,middle,0.0,0.0,False,False,False,True,0.4128205128205127,0.0,1.0,0.0,0.0,4.0,1.0,1.0,0.0,0.0,3.0,3.0,3.0,1.0,1.0,0.0,1.0,0.0,0.0,1.0,0.0,0.0,1.0,3.0,1.0,1.0,0.0,1.0,1.0,2.0,3.0,4.0,5.0,5.0,4.0,2.0,4.0,3.0,0.0,0.0,0.0,12.0,0.0,0.0,0.0,0.0,2.0,1.0,2.0,1.0,0.8,0.2,15.0,1.0,14.999985000015002,0.9374999414062536,0.0,0.0,0.0,0.0,0.0,0.0,0.0,0.0,0.0,0.0,0.0,0.0,7.0,5.0,0.5833332847222263,16.0,1.4545454545454546,0.8181818181818182,0.0,0.0,0.0,0.0,0.0,0.0,0.0,0.0,0.0,0.0,2.2758620689655173,0.27586206896551724,0.0,-0.8604649237120855
2021MND__2021_04_22_MND_S5__botB2_2021_04_22_13_02_15_chunk7.mp4,2021MND,2021_04_22_MND_S5,2021_04_22_MND_S5,6,8,middle,0.0,0.0,False,False,False,True,0.3172413793103448,0.0,1.0,0.0,0.0,3.0,1.0,0.0,0.0,0.0,3.0,3.0,3.0,1.0,1.0,0.0,1.0,0.0,0.0,0.0,1.0,0.0,1.0,3.0,1.0,1.0,0.0,0.0,0.0,2.0,5.0,2.0,5.0,3.0,0.0,0.0,4.0,4.0,0.0,0.0,0.0,8.0,0.0,0.0,0.0,0.0,1.8,0.8,2.0,1.0,1.3333333333333333,0.3333333333333333,15.0,0.0,15000000.0,0.9999999333333378,0.0,0.0,0.0,0.0,0.0,0.0,0.0,0.0,0.0,0.0,0.0,0.0,8.0,0.0,0.9999998750000157,21.0,1.75,1.0,0.0,0.0,0.0,0.0,0.0,0.0,0.7037037037037037,0.0,0.0,0.0,2.185185185185185,0.18518518518518517,0.0,-0.5166888260176589
2021MND__2021_04_22_MND_S5__botB2_2021_04_22_13_02_15_chunk8.mp4,2021MND,2021_04_22_MND_S5,2021_04_22_MND_S5,7,8,end,0.0,0.0,False,False,False,True,0.4615384615384617,0.0,1.0,0.0,0.0,3.0,1.0,0.0,0.0,0.0,3.0,3.0,3.0,1.0,1.0,0.0,1.0,0.0,0.0,0.0,0.0,0.0,0.0,,0.0,0.0,0.0,0.0,0.0,2.0,1.0,1.0,4.0,4.0,4.0,0.0,0.0,1.0,0.0,0.0,0.0,11.0,0.0,0.0,0.0,0.0,2.0,1.0,2.0,1.0,1.0,0.0,9.0,1.0,8.999991000009,0.8999999100000091,0.0,0.0,0.0,0.0,0.0,0.0,0.0,0.0,0.0,0.0,0.0,0.0,6.0,5.0,0.5454544958677732,8.0,1.3333333333333333,1.0,0.0,0.0,0.0,0.0,0.0,0.0,0.0,0.0,0.0,0.0,2.466666666666667,0.4,0.0,-0.8604649237120855
2021MND__2021_04_23_MND_S4__bot3_Zoom_Meeting_2021_04_23_11_16_26_chunk1.mp4,2021MND,2021_04_23_MND_S4,2021_04_23_MND_S4,0,9,beginning,0.0,0.0,False,False,False,True,0.40804597701149414,0.0,0.0,1.0,0.0,3.0,1.0,0.0,1.0,1.0,3.0,2.0,3.0,1.0,1.0,1.0,1.0,1.0,0.0,1.0,0.0,0.0,1.0,3.0,1.0,1.0,0.0,0.0,0.0,1.0,3.0,2.0,6.0,5.0,0.0,1.0,4.0,2.0,0.0,0.0,0.0,14.0,1.0,0.0,0.0,0.0,1.6666666666666667,0.6666666666666666,2.0,1.0,1.8333333333333333,0.8333333333333334,13.0,1.0,12.999987000013,0.9285713622449028,0.0,0.0,0.0,0.0,1.0,0.0,0.0,0.0,1.0,0.0,0.0,0.0,14.0,0.0,0.9999999285714337,20.0,1.8181818181818181,1.0,0.0,0.0,0.0,0.0,0.0,,,0.0,0.0,0.0,,,0.0,-0.6171441482000752
2021MND__2021_04_23_MND_S4__bot3_Room_3_Zoom_Meeting_2021_04_23_12_09_57_chunk1.mp4,2021MND,2021_04_23_MND_S4,2021_04_23_MND_S4,1,9,middle,0.0,0.0,False,False,False,True,0.19104477611940296,0.0,0.0,1.0,0.0,3.0,1.0,0.0,1.0,1.0,3.0,2.0,3.0,1.0,1.0,1.0,1.0,1.0,1.0,0.0,1.0,0.0,1.0,3.0,1.0,1.0,1.0,0.0,0.0,1.0,5.0,7.0,9.0,7.0,4.0,0.0,5.0,0.0,0.0,0.0,0.0,31.0,0.0,0.0,0.0,0.0,1.6,0.8,,,1.7777777777777777,0.7777777777777778,21.0,0.0,21000000.0,0.9999999523809546,0.0,0.0,0.0,0.0,0.0,0.0,0.0,0.0,0.0,0.0,0.0,0.0,31.0,0.0,0.9999999677419364,24.0,1.7142857142857142,0.9285714285714286,0.0,0.0,0.0,0.0,0.0,0.0,0.0,0.10810810810810811,0.10810810810810811,0.0,2.4054054054054053,0.3783783783783784,0.0,-0.431790705585112
2021MND__2021_04_23_MND_S4__bot3_Zoom_Meeting_2021_04_23_11_16_26_chunk2.mp4,2021MND,2021_04_23_MND_S4,2021_04_23_MND_S4,2,9,middle,0.0,0.0,False,False,False,True,0.5268518518518519,0.0,0.0,1.0,0.0,3.0,1.0,0.0,1.0,0.0,3.0,2.0,3.0,1.0,1.0,1.0,1.0,0.0,0.0,0.0,1.0,0.0,1.0,3.0,1.0,1.0,0.0,0.0,0.0,1.0,1.0,2.0,4.0,2.0,1.0,0.0,3.0,2.0,0.0,0.0,0.0,3.0,0.0,0.0,0.0,0.0,1.0,0.0,2.0,1.0,1.0,0.0,7.0,2.0,3.499998250000875,0.7777776913580343,0.0,0.0,0.0,0.0,0.0,0.0,0.0,0.0,0.0,0.0,0.0,0.0,2.0,1.0,0.6666664444445185,9.0,1.2857142857142858,1.0,0.0,0.0,0.0,0.0,0.0,0.0,1.4,0.0,0.7333333333333333,0.7333333333333333,2.466666666666667,0.4666666666666667,0.06666666666666667,1.4884412413263817
2021MND__2021_04_23_MND_S4__bot3_Room_3_Zoom_Meeting_2021_04_23_12_09_57_chunk2.mp4,2021MND,2021_04_23_MND_S4,2021_04_23_MND_S4,3,9,middle,0.0,0.0,False,False,False,True,0.4444444444444444,1.0,1.0,0.0,0.0,3.0,0.0,0.0,1.0,0.0,2.0,2.0,0.0,0.0,0.0,0.0,1.0,0.0,0.0,0.0,0.0,0.0,0.0,,0.0,0.0,0.0,0.0,0.0,2.0,1.0,0.0,1.0,2.0,2.0,0.0,1.0,0.0,0.0,0.0,0.0,4.0,0.0,0.0,0.0,0.0,1.0,0.0,,,1.0,0.0,4.0,0.0,4000000.0,0.9999997500000625,0.0,0.0,0.0,0.0,0.0,0.0,0.0,0.0,0.0,0.0,0.0,0.0,4.0,0.0,0.9999997500000625,2.0,1.0,1.0,0.0,0.0,0.0,0.0,0.0,0.0,0.0,0.0,0.0,0.0,2.0,0.0,0.0,-0.8604649237120855
2021MND__2021_04_23_MND_S4__bot3_Zoom_Meeting_2021_04_23_11_16_26_chunk3.mp4,2021MND,2021_04_23_MND_S4,2021_04_23_MND_S4,4,9,middle,0.0,0.0,False,False,False,True,0.3516129032258064,0.0,0.0,1.0,0.0,3.0,1.0,0.0,0.0,0.0,2.0,2.0,3.0,1.0,1.0,0.0,1.0,0.0,1.0,0.0,1.0,0.0,1.0,3.0,1.0,1.0,0.0,0.0,1.0,1.0,3.0,1.0,7.0,1.0,2.0,0.0,0.0,2.0,0.0,0.0,0.0,5.0,0.0,0.0,0.0,0.0,2.0,1.0,1.5,0.5,1.1428571428571428,0.14285714285714285,12.0,0.0,12000000.0,0.9999999166666736,0.0,0.0,0.0,0.0,0.0,0.0,0.0,0.0,0.0,0.0,0.0,0.0,4.0,1.0,0.799999840000032,17.0,1.4166666666666667,1.0,0.0,2.0,0.0,2000000.0,0.0,0.0,0.6428571428571429,0.07142857142857142,0.42857142857142855,0.07142857142857142,2.5714285714285716,0.5,0.0,-0.10100998489650197
2021MND__2021_04_23_MND_S4__bot3_Zoom_Meeting_2021_04_23_11_16_26_chunk4.mp4,2021MND,2021_04_23_MND_S4,2021_04_23_MND_S4,5,9,middle,0.0,0.0,False,False,False,True,0.3698113207547171,0.0,0.0,1.0,0.0,3.0,1.0,0.0,0.0,0.0,2.0,2.0,3.0,1.0,0.0,0.0,1.0,0.0,0.0,0.0,0.0,0.0,0.0,3.0,1.0,1.0,1.0,0.0,1.0,1.0,2.0,1.0,5.0,3.0,0.0,0.0,1.0,2.0,0.0,0.0,0.0,14.0,0.0,0.0,0.0,0.0,1.5,0.5,2.0,1.0,1.8,0.8,10.0,1.0,9.999990000010001,0.9090908264462886,0.0,0.0,0.0,0.0,0.0,0.0,0.0,0.0,1.0,1.0,0.0,1000000.0,9.0,4.0,0.6923076390532585,16.0,1.7777777777777777,1.0,0.0,0.0,0.0,0.0,0.0,,,0.0,0.0,0.0,,,0.0,-0.6171441482000752
2021MND__2021_04_23_MND_S4__bot3_Zoom_Meeting_2021_04_23_11_16_26_chunk5.mp4,2021MND,2021_04_23_MND_S4,2021_04_23_MND_S4,6,9,middle,0.0,0.0,False,False,False,True,0.28521739130434787,0.0,0.0,1.0,0.0,3.0,1.0,0.0,0.0,0.0,2.0,2.0,3.0,1.0,0.0,0.0,1.0,0.0,0.0,0.0,0.0,0.0,0.0,3.0,1.0,1.0,0.0,0.0,0.0,1.0,0.0,4.0,12.0,5.0,1.0,1.0,2.0,1.0,0.0,0.0,0.0,26.0,0.0,0.0,0.0,0.0,,,2.0,1.0,1.0833333333333333,0.08333333333333333,18.0,0.0,18000000.0,0.9999999444444475,0.0,0.0,0.0,0.0,0.0,0.0,0.0,0.0,0.0,0.0,0.0,0.0,8.0,17.0,0.3199999872000005,15.0,1.1538461538461537,1.0,0.0,0.0,0.0,0.0,0.0,0.0,0.0,0.0,0.0,0.0,2.142857142857143,0.14285714285714285,0.0,-0.8604649237120855
2021MND__2021_04_23_MND_S4__bot3_Zoom_Meeting_2021_04_23_11_16_26_chunk6.mp4,2021MND,2021_04_23_MND_S4,2021_04_23_MND_S4,7,9,middle,0.0,0.0,False,False,False,True,0.28125,0.0,0.0,1.0,0.0,3.0,1.0,0.0,0.0,0.0,2.0,2.0,3.0,1.0,0.0,0.0,1.0,0.0,0.0,0.0,0.0,0.0,0.0,,0.0,0.0,0.0,0.0,0.0,1.0,2.0,1.0,3.0,1.0,0.0,1.0,3.0,0.0,0.0,0.0,0.0,6.0,0.0,0.0,0.0,0.0,1.5,0.5,,,1.3333333333333333,0.3333333333333333,6.0,0.0,6000000.0,0.9999998333333611,0.0,0.0,0.0,0.0,0.0,0.0,0.0,0.0,0.0,0.0,0.0,0.0,6.0,0.0,0.9999998333333611,7.0,1.4,1.0,1.0,0.0,0.0,1000000.0,0.0,0.0,0.36363636363636365,0.0,0.0,0.0,2.090909090909091,0.09090909090909091,0.09090909090909091,-0.6828198588747741
2021MND__2021_04_23_MND_S4__bot3_Zoom_Meeting_2021_04_23_11_16_18.mp4,2021MND,2021_04_23_MND_S4,2021_04_23_MND_S4,8,9,end,0.0,0.0,False,False,False,True,0.0,1.0,0.0,1.0,0.0,1.0,0.0,0.0,0.0,0.0,2.0,2.0,0.0,0.0,0.0,0.0,0.0,0.0,0.0,0.0,0.0,0.0,0.0,,0.0,0.0,0.0,0.0,0.0,1.0,0.0,0.0,1.0,0.0,0.0,0.0,0.0,0.0,0.0,0.0,0.0,1.0,0.0,0.0,0.0,0.0,,,,,1.0,0.0,1.0,0.0,1000000.0,0.9999990000010001,0.0,0.0,0.0,0.0,0.0,0.0,0.0,0.0,0.0,0.0,0.0,0.0,0.0,1.0,0.0,1.0,1.0,1.0,0.0,0.0,0.0,0.0,0.0,0.0,0.0,0.0,0.0,0.0,2.0,0.0,0.0,-0.8604649237120855
2021MND__2021_04_23_MND_S6__botB2_2021_04_23_11_17_00_chunk1.mp4,2021MND,2021_04_23_MND_S6,2021_04_23_MND_S6,0,7,beginning,2.0,0.0,True,False,False,True,0.1647727272727273,0.0,0.0,0.0,1.0,3.0,0.0,0.0,0.0,0.0,,1.0,0.0,0.0,0.0,0.0,0.0,0.0,0.0,0.0,0.0,0.0,1.0,,0.0,0.0,0.0,0.0,0.0,2.0,0.0,0.0,9.0,0.0,0.0,1.0,0.0,0.0,0.0,0.0,0.0,9.0,0.0,0.0,0.0,0.0,,,,,1.0,0.0,9.0,0.0,9000000.0,0.9999998888889013,0.0,0.0,0.0,0.0,0.0,0.0,0.0,0.0,0.0,0.0,0.0,0.0,0.0,9.0,0.0,9.0,1.0,1.0,0.0,0.0,0.0,0.0,0.0,0.0,1.0,0.0,0.8888888888888888,0.0,2.0,0.0,0.0,-0.37194099540947906
2021MND__2021_04_23_MND_S6__botB2_2021_04_23_11_17_00_chunk2.mp4,2021MND,2021_04_23_MND_S6,2021_04_23_MND_S6,1,7,middle,2.0,0.0,True,False,False,True,0.22580645161290325,0.0,0.0,1.0,0.0,3.0,1.0,0.0,0.0,0.0,2.0,2.0,3.0,1.0,1.0,0.0,1.0,1.0,0.0,0.0,0.0,0.0,0.0,,0.0,0.0,0.0,0.0,0.0,1.0,0.0,1.0,4.0,2.0,0.0,2.0,1.0,2.0,0.0,0.0,0.0,6.0,0.0,0.0,0.0,0.0,,,1.5,0.5,1.0,0.0,7.0,0.0,7000000.0,0.9999998571428775,0.0,0.0,0.0,0.0,0.0,0.0,0.0,0.0,0.0,1.0,0.0,1000000.0,3.0,3.0,0.49999991666668053,7.0,1.1666666666666667,1.0,0.0,0.0,0.0,0.0,0.0,0.0,0.0,0.0,0.0,0.0,2.0833333333333335,0.08333333333333333,0.0,-0.8604649237120855
2021MND__2021_04_23_MND_S6__botB2_2021_04_23_11_17_00_chunk3.mp4,2021MND,2021_04_23_MND_S6,2021_04_23_MND_S6,2,7,middle,2.0,0.0,True,False,False,True,0.2346666666666668,0.0,0.0,1.0,0.0,3.0,1.0,0.0,1.0,0.0,2.0,2.0,3.0,1.0,0.0,0.0,1.0,0.0,0.0,0.0,0.0,0.0,0.0,,0.0,0.0,0.0,0.0,0.0,1.0,2.0,3.0,4.0,6.0,0.0,1.0,3.0,0.0,0.0,0.0,0.0,11.0,0.0,0.0,0.0,0.0,1.5,0.5,,,2.0,1.0,11.0,0.0,11000000.0,0.9999999090909174,0.0,0.0,0.0,0.0,0.0,0.0,0.0,0.0,0.0,0.0,0.0,0.0,4.0,7.0,0.3636363305785154,11.0,1.8333333333333333,1.0,0.0,0.0,0.0,0.0,0.0,0.0,0.95,0.0,0.0,0.0,2.45,0.45,0.0,-0.39636719182460944
2021MND__2021_04_23_MND_S6__botB2_2021_04_23_11_17_00_chunk4.mp4,2021MND,2021_04_23_MND_S6,2021_04_23_MND_S6,3,7,middle,2.0,0.0,True,False,False,True,0.48469387755102034,1.0,0.0,1.0,0.0,3.0,1.0,0.0,0.0,0.0,3.0,2.0,3.0,1.0,1.0,0.0,1.0,0.0,0.0,0.0,0.0,0.0,0.0,3.0,1.0,1.0,0.0,0.0,0.0,1.0,3.0,5.0,5.0,4.0,0.0,1.0,0.0,0.0,0.0,0.0,0.0,5.0,0.0,0.0,0.0,0.0,2.0,1.0,,,1.0,0.0,11.0,1.0,10.999989000011,0.9166665902777842,0.0,0.0,0.0,0.0,0.0,0.0,0.0,0.0,0.0,0.0,0.0,0.0,1.0,4.0,0.199999960000008,11.0,1.375,1.0,0.0,0.0,0.0,0.0,0.0,0.0,0.0,0.0,0.0,0.0,2.1052631578947367,0.10526315789473684,0.0,-0.8604649237120855
2021MND__2021_04_23_MND_S6__botB2_2021_04_23_11_17_00_chunk5.mp4,2021MND,2021_04_23_MND_S6,2021_04_23_MND_S6,4,7,middle,2.0,0.0,True,False,False,True,0.22083333333333344,0.0,0.0,1.0,0.0,3.0,1.0,0.0,0.0,0.0,3.0,2.0,3.0,1.0,0.0,0.0,1.0,0.0,0.0,0.0,0.0,0.0,0.0,3.0,1.0,1.0,1.0,1.0,0.0,1.0,0.0,4.0,6.0,3.0,0.0,0.0,0.0,0.0,0.0,1.0,0.0,10.0,0.0,0.0,0.0,0.0,,,,,1.5,0.5,9.0,0.0,9000000.0,0.9999998888889013,1.0,0.0,0.0,0.0,0.0,0.0,0.0,0.0,0.0,0.0,0.0,0.0,5.0,5.0,0.499999950000005,9.0,1.5,1.0,0.0,0.0,0.0,0.0,0.0,,,0.0,0.0,0.0,,,0.0,-0.6171441482000752
2021MND__2021_04_23_MND_S6__botB2_2021_04_23_11_17_00_chunk6.mp4,2021MND,2021_04_23_MND_S6,2021_04_23_MND_S6,5,7,middle,2.0,0.0,True,False,False,True,0.30786589297227596,0.0,0.0,1.0,0.0,3.0,1.0,0.0,0.0,0.0,3.0,2.0,3.0,1.0,0.0,0.0,1.0,0.0,0.0,0.0,0.0,1.0,1.0,3.0,1.0,1.0,0.0,1.0,0.0,1.0,5.0,6.0,12.0,3.0,2.0,1.0,11.0,0.0,0.0,1.0,0.0,15.0,0.0,0.0,0.0,0.0,1.2,0.2,,,0.9090909090909091,0.0,18.0,3.0,5.999998000000667,0.8571428163265326,1.0,0.0,0.0,0.0,0.0,0.0,0.0,0.0,0.0,0.0,0.0,0.0,3.0,9.0,0.2499999791666684,16.0,1.0,0.9375,0.0,0.0,1.0,0.0,0.0,0.0,0.0,0.0,0.0,0.0,2.024390243902439,0.024390243902439025,0.04878048780487805,-0.8604649237120855
2021MND__2021_04_23_MND_S6__botB2_2021_04_23_11_17_00_chunk7.mp4,2021MND,2021_04_23_MND_S6,2021_04_23_MND_S6,6,7,end,2.0,0.0,True,False,False,True,0.3979591836734695,0.0,0.0,0.0,1.0,2.0,0.0,0.0,1.0,1.0,,2.0,0.0,0.0,0.0,0.0,0.0,0.0,0.0,0.0,0.0,0.0,1.0,,0.0,0.0,0.0,0.0,0.0,2.0,0.0,4.0,0.0,0.0,14.0,1.0,8.0,2.0,0.0,0.0,0.0,2.0,0.0,0.0,0.0,0.0,,,1.0,0.0,,,2.0,0.0,2000000.0,0.99999950000025,0.0,0.0,0.0,0.0,0.0,0.0,0.0,0.0,0.0,0.0,0.0,0.0,1.0,0.0,0.9999990000010001,2.0,1.0,1.0,0.0,0.0,0.0,0.0,0.0,0.0,0.07142857142857142,0.07142857142857142,0.14285714285714285,0.023809523809523808,2.0714285714285716,0.07142857142857142,0.07142857142857142,-0.4882816234989537
2021MND__2021_04_23_MND_S15__Breakout_Room_4_Session_3_2021_04_23_13_13_06_chunk1.mp4,2021MND,2021_04_23_MND_S15,2021_04_23_MND_S15,0,7,beginning,0.0,0.0,False,False,False,True,0.35443037974683556,0.0,0.0,0.0,1.0,3.0,0.0,0.0,0.0,0.0,,1.0,0.0,0.0,0.0,0.0,0.0,0.0,0.0,0.0,0.0,0.0,1.0,,0.0,0.0,0.0,0.0,0.0,1.0,0.0,10.0,6.0,0.0,2.0,5.0,5.0,0.0,0.0,0.0,0.0,6.0,0.0,0.0,0.0,0.0,,,,,1.0,0.0,6.0,0.0,6000000.0,0.9999998333333611,0.0,0.0,0.0,0.0,0.0,0.0,0.0,0.0,0.0,0.0,0.0,0.0,0.0,6.0,0.0,6.0,1.0,1.0,0.0,0.0,0.0,0.0,0.0,0.0,0.21818181818181817,0.03636363636363636,0.2545454545454545,0.01818181818181818,2.0,0.0,0.0,-0.5684071519666221
2021MND__2021_04_23_MND_S15__Breakout_Room_4_Session_3_2021_04_23_13_13_06_chunk2.mp4,2021MND,2021_04_23_MND_S15,2021_04_23_MND_S15,1,7,middle,0.0,0.0,False,False,False,True,0.3935185185185184,0.0,0.0,0.0,0.0,3.0,1.0,0.0,0.0,0.0,2.0,1.0,0.0,0.0,0.0,0.0,1.0,1.0,0.0,0.0,0.0,0.0,1.0,,0.0,0.0,0.0,0.0,1.0,1.0,4.0,2.0,6.0,0.0,0.0,6.0,5.0,1.0,0.0,0.0,1.0,13.0,0.0,0.0,0.0,0.0,1.0,0.0,1.0,0.0,1.0,0.0,11.0,0.0,11000000.0,0.9999999090909174,0.0,0.0,1.0,0.0,0.0,0.0,0.0,0.0,0.0,0.0,0.0,0.0,1.0,7.0,0.12499998437500197,11.0,1.0,1.0,0.0,0.0,0.0,0.0,0.0,0.0,1.037037037037037,0.0,0.14814814814814814,0.0,2.0,0.0,0.0,-0.35384751658345664
2021MND__2021_04_23_MND_S15__Breakout_Room_4_Session_3_2021_04_23_13_13_06_chunk3.mp4,2021MND,2021_04_23_MND_S15,2021_04_23_MND_S15,2,7,middle,0.0,0.0,False,False,False,True,0.46464879852125685,0.0,0.0,1.0,0.0,3.0,1.0,0.0,0.0,0.0,2.0,1.0,1.0,0.0,0.0,0.0,1.0,0.0,0.0,0.0,1.0,0.0,1.0,,0.0,0.0,0.0,0.0,0.0,1.0,11.0,3.0,9.0,5.0,1.0,2.0,0.0,2.0,0.0,0.0,1.0,23.0,0.0,0.0,0.0,0.0,1.4545454545454546,0.45454545454545453,2.0,1.0,1.5555555555555556,0.5555555555555556,25.0,1.0,24.999975000025003,0.9615384245562144,0.0,0.0,1.0,0.0,0.0,0.0,0.0,0.0,0.0,1.0,0.0,1000000.0,2.0,21.0,0.08695651795841226,34.0,1.5454545454545454,1.0,1.0,2.0,0.0,3000000.0,0.0,0.0,1.0833333333333333,0.08333333333333333,0.16666666666666666,0.375,2.25,0.25,0.0,0.8506121850545245
2021MND__2021_04_23_MND_S15__Breakout_Room_4_Session_3_2021_04_23_13_13_06_chunk4.mp4,2021MND,2021_04_23_MND_S15,2021_04_23_MND_S15,3,7,middle,0.0,0.0,False,False,False,True,0.36158463385354156,0.0,1.0,0.0,0.0,3.0,1.0,0.0,0.0,0.0,3.0,2.0,2.0,0.0,0.0,0.0,1.0,0.0,0.0,0.0,0.0,0.0,0.0,,0.0,0.0,0.0,0.0,0.0,1.0,8.0,1.0,2.0,2.0,0.0,1.0,1.0,1.0,0.0,0.0,0.0,9.0,0.0,0.0,0.0,0.0,1.75,0.75,1.0,0.0,2.0,1.0,13.0,0.0,13000000.0,0.9999999230769291,0.0,0.0,0.0,0.0,0.0,0.0,0.0,0.0,1.0,0.0,0.0,0.0,5.0,3.0,0.6249999218750099,19.0,1.7272727272727273,1.0,1.0,0.0,0.0,1000000.0,0.0,0.0,2.2,0.1,0.1,0.0,2.3,0.3,0.2,0.6108113703210994
2021MND__2021_04_23_MND_S15__Breakout_Room_4_Session_3_2021_04_23_13_13_06_chunk5.mp4,2021MND,2021_04_23_MND_S15,2021_04_23_MND_S15,4,7,middle,0.0,0.0,False,False,False,True,0.2980952380952382,0.0,1.0,0.0,0.0,3.0,1.0,0.0,0.0,0.0,3.0,2.0,3.0,1.0,0.0,1.0,1.0,0.0,0.0,0.0,0.0,0.0,0.0,,0.0,0.0,0.0,0.0,0.0,1.0,4.0,1.0,4.0,4.0,0.0,0.0,2.0,1.0,0.0,2.0,0.0,6.0,0.0,0.0,0.0,0.0,1.5,0.5,2.0,1.0,1.25,0.25,11.0,2.0,5.499997250001375,0.8461537810650938,2.0,0.0,0.0,0.0,0.0,0.0,0.0,0.0,0.0,0.0,0.0,0.0,3.0,2.0,0.599999880000024,13.0,1.4444444444444444,1.0,0.0,0.0,0.0,0.0,0.0,0.0,2.3333333333333335,0.0,0.1111111111111111,0.0,2.0,0.0,0.3333333333333333,0.27942424232732954
2021MND__2021_04_23_MND_S15__Breakout_Room_4_Session_3_2021_04_23_13_13_06_chunk6.mp4,2021MND,2021_04_23_MND_S15,2021_04_23_MND_S15,5,7,middle,0.0,0.0,False,False,False,True,0.5193423597678917,0.0,1.0,0.0,0.0,3.0,1.0,0.0,1.0,1.0,3.0,3.0,3.0,1.0,0.0,0.0,1.0,0.0,0.0,0.0,0.0,0.0,0.0,,0.0,0.0,0.0,0.0,0.0,2.0,4.0,3.0,2.0,1.0,0.0,4.0,7.0,4.0,0.0,0.0,0.0,12.0,0.0,0.0,0.0,0.0,1.75,0.75,1.75,0.75,2.0,1.0,11.0,0.0,11000000.0,0.9999999090909174,0.0,0.0,0.0,0.0,0.0,0.0,0.0,0.0,0.0,0.0,0.0,0.0,7.0,2.0,0.7777776913580343,18.0,1.8,1.0,0.0,0.0,0.0,0.0,0.0,0.0,0.2777777777777778,0.0,0.1111111111111111,0.05555555555555555,2.0,0.0,0.05555555555555555,-0.5986295396824612
2021MND__2021_04_23_MND_S15__Breakout_Room_4_Session_3_2021_04_23_13_13_06_chunk7.mp4,2021MND,2021_04_23_MND_S15,2021_04_23_MND_S15,6,7,end,0.0,0.0,False,False,False,True,0.28301886792452824,0.0,1.0,0.0,0.0,3.0,0.0,0.0,1.0,1.0,3.0,3.0,2.0,0.0,0.0,1.0,1.0,0.0,0.0,0.0,1.0,0.0,1.0,3.0,1.0,1.0,0.0,0.0,0.0,2.0,2.0,3.0,3.0,8.0,4.0,3.0,5.0,2.0,2.0,0.0,0.0,12.0,0.0,0.0,0.0,0.0,1.0,0.0,1.0,0.0,1.6666666666666667,0.6666666666666666,11.0,3.0,3.6666654444448517,0.7857142295918408,0.0,0.0,0.0,2.0,0.0,0.0,0.0,0.0,0.0,1.0,0.0,1000000.0,2.0,1.0,0.6666664444445185,9.0,1.2857142857142858,1.0,0.0,0.0,0.0,0.0,0.0,0.0,0.0,0.1111111111111111,0.18518518518518517,0.0,2.0,0.07407407407407407,0.07407407407407407,-0.41988308841491834
2021MND__2021_04_22_MND_S8__Zoom_Meeting_Room_6_2021_04_22_13_00_55_chunk1.mp4,2021MND,2021_04_22_MND_S8,2021_04_22_MND_S8,0,9,beginning,1.0,0.0,True,False,False,True,0.44336043360433597,0.0,0.0,1.0,0.0,3.0,1.0,0.0,0.0,0.0,2.0,1.0,0.0,0.0,0.0,0.0,0.0,1.0,0.0,0.0,0.0,0.0,1.0,,0.0,0.0,0.0,0.0,0.0,2.0,1.0,4.0,7.0,0.0,4.0,8.0,5.0,2.0,0.0,0.0,0.0,8.0,0.0,0.0,0.0,0.0,1.0,0.0,1.0,0.0,0.8571428571428571,0.0,10.0,0.0,10000000.0,0.99999990000001,0.0,0.0,0.0,0.0,0.0,0.0,0.0,0.0,0.0,0.0,0.0,0.0,2.0,6.0,0.24999996875000394,9.0,0.9,0.9,0.0,0.0,0.0,0.0,0.0,0.0,0.6,0.04,0.2,0.04,2.04,0.04,0.0,-0.3179244151827332
2021MND__2021_04_22_MND_S8__Zoom_Meeting_Room_6_2021_04_22_13_18_39_chunk1.mp4,2021MND,2021_04_22_MND_S8,2021_04_22_MND_S8,1,9,middle,1.0,0.0,True,False,False,False,,,,,,,,,,,,,,,,,,,,,,,,,,,,,,,,,,,,,,,,,,,,,,,,,,,,,,,,,,,,,,,,,,,,,,,,,,,,,,,,,,,,,,,,
2021MND__2021_04_22_MND_S8__Zoom_Meeting_Room_6_2021_04_22_13_00_55_chunk2.mp4,2021MND,2021_04_22_MND_S8,2021_04_22_MND_S8,2,9,middle,1.0,0.0,True,False,False,False,,,,,,,,,,,,,,,,,,,,,,,,,,,,,,,,,,,,,,,,,,,,,,,,,,,,,,,,,,,,,,,,,,,,,,,,,,,,,,,,,,,,,,,,
2021MND__2021_04_22_MND_S8__Zoom_Meeting_Room_6_2021_04_22_13_18_39_chunk2.mp4,2021MND,2021_04_22_MND_S8,2021_04_22_MND_S8,3,9,middle,1.0,0.0,True,False,False,True,0.30916844349680184,0.0,0.0,1.0,0.0,3.0,1.0,0.0,0.0,0.0,2.0,1.0,3.0,1.0,0.0,1.0,1.0,0.0,0.0,0.0,1.0,0.0,1.0,3.0,1.0,1.0,0.0,1.0,0.0,1.0,9.0,4.0,8.0,8.0,2.0,0.0,0.0,1.0,0.0,0.0,0.0,17.0,0.0,0.0,1.0,0.0,1.4444444444444444,0.4444444444444444,2.0,1.0,1.25,0.25,20.0,2.0,9.9999950000025,0.9090908677685968,0.0,0.0,0.0,0.0,0.0,0.0,1.0,0.0,0.0,0.0,1.0,0.0,5.0,2.0,0.7142856122449125,25.0,1.3888888888888888,1.0,2.0,0.0,0.0,2000000.0,0.0,0.0,1.5,0.045454545454545456,0.36363636363636365,0.18181818181818182,2.272727272727273,0.2727272727272727,0.09090909090909091,0.4653621324579756
2021MND__2021_04_22_MND_S8__Zoom_Meeting_Room_6_2021_04_22_13_18_39_chunk3.mp4,2021MND,2021_04_22_MND_S8,2021_04_22_MND_S8,4,9,middle,1.0,0.0,True,False,False,True,0.44045631608235936,0.0,0.0,1.0,0.0,3.0,1.0,0.0,0.0,0.0,3.0,2.0,2.0,0.0,0.0,0.0,1.0,0.0,0.0,0.0,0.0,0.0,0.0,3.0,1.0,1.0,0.0,0.0,0.0,1.0,8.0,2.0,8.0,4.0,0.0,0.0,0.0,0.0,0.0,0.0,2.0,14.0,0.0,0.0,1.0,0.0,1.7142857142857142,0.7142857142857143,,,1.5,0.5,19.0,1.0,18.999981000019,0.9499999525000024,0.0,0.0,2.0,0.0,0.0,0.0,1.0,0.0,0.0,0.0,0.0,0.0,4.0,3.0,0.57142848979593,24.0,1.6,1.0,0.0,0.0,0.0,0.0,0.0,0.0,0.5,0.0,0.07142857142857142,0.07142857142857142,2.0,0.0,0.14285714285714285,-0.45403029734505335
2021MND__2021_04_22_MND_S8__Zoom_Meeting_Room_6_2021_04_22_13_18_39_chunk4.mp4,2021MND,2021_04_22_MND_S8,2021_04_22_MND_S8,5,9,middle,1.0,0.0,True,False,False,True,0.3765153315902068,0.0,0.0,1.0,0.0,3.0,1.0,0.0,0.0,0.0,2.0,1.0,3.0,1.0,0.0,0.0,1.0,0.0,1.0,1.0,0.0,0.0,1.0,,0.0,0.0,0.0,1.0,1.0,1.0,12.0,0.0,6.0,4.0,0.0,0.0,0.0,2.0,0.0,0.0,1.0,15.0,0.0,0.0,1.0,0.0,1.5,0.5,2.0,1.0,1.8,0.8,24.0,0.0,24000000.0,0.999999958333335,0.0,0.0,1.0,0.0,0.0,0.0,1.0,0.0,0.0,0.0,0.0,0.0,5.0,6.0,0.4545454132231443,31.0,1.631578947368421,1.0,0.0,0.0,0.0,0.0,0.0,0.0,0.95,0.1,0.2,0.0,2.35,0.35,0.15,0.0001564599428411547
2021MND__2021_04_22_MND_S8__Zoom_Meeting_Room_6_2021_04_22_13_18_39_chunk5.mp4,2021MND,2021_04_22_MND_S8,2021_04_22_MND_S8,6,9,middle,1.0,0.0,True,False,False,True,0.293377120963328,0.0,1.0,0.0,0.0,3.0,1.0,0.0,0.0,1.0,2.0,2.0,3.0,1.0,0.0,0.0,1.0,0.0,1.0,0.0,1.0,0.0,1.0,3.0,1.0,1.0,1.0,1.0,0.0,2.0,12.0,5.0,6.0,6.0,5.0,3.0,10.0,7.0,0.0,0.0,0.0,26.0,0.0,0.0,3.0,0.0,1.25,0.25,1.0,0.0,1.5,0.5,26.0,3.0,8.66666377777874,0.8965516932223554,0.0,0.0,0.0,0.0,0.0,0.0,3.0,0.0,2.0,1.0,0.0,1000000.0,11.0,10.0,0.5238094988662143,28.0,1.2173913043478262,1.0,1.0,0.0,0.0,1000000.0,0.0,0.0,0.8285714285714286,0.11428571428571428,0.2571428571428571,0.02857142857142857,2.257142857142857,0.2571428571428571,0.02857142857142857,0.06235099807345207
2021MND__2021_04_22_MND_S8__Zoom_Meeting_Room_6_2021_04_22_13_18_39_chunk6.mp4,2021MND,2021_04_22_MND_S8,2021_04_22_MND_S8,7,9,middle,1.0,0.0,True,False,False,True,0.4771386430678466,0.0,1.0,0.0,0.0,4.0,1.0,0.0,0.0,0.0,3.0,3.0,3.0,1.0,1.0,1.0,1.0,0.0,1.0,0.0,1.0,0.0,1.0,,0.0,0.0,1.0,1.0,0.0,2.0,5.0,1.0,6.0,3.0,6.0,0.0,2.0,5.0,0.0,0.0,0.0,13.0,1.0,0.0,1.0,0.0,1.6,0.6,1.6,0.6,1.1666666666666667,0.16666666666666666,18.0,0.0,18000000.0,0.9999999444444475,0.0,0.0,0.0,0.0,1.0,0.0,1.0,0.0,0.0,0.0,0.0,0.0,4.0,3.0,0.57142848979593,23.0,1.4375,1.0,0.0,1.0,0.0,1000000.0,0.0,0.0,1.1304347826086956,0.391304347826087,0.391304347826087,0.043478260869565216,2.0434782608695654,0.043478260869565216,0.043478260869565216,1.342107600894807
2021MND__2021_04_22_MND_S8__Zoom_Meeting_Room_6_2021_04_22_13_16_39.mp4,2021MND,2021_04_22_MND_S8,2021_04_22_MND_S8,8,9,end,1.0,0.0,True,False,False,True,0.23684210526315796,1.0,1.0,0.0,0.0,3.0,1.0,0.0,0.0,0.0,3.0,3.0,3.0,1.0,0.0,0.0,1.0,0.0,0.0,0.0,0.0,0.0,1.0,,0.0,0.0,0.0,0.0,1.0,1.0,0.0,0.0,0.0,0.0,0.0,0.0,0.0,0.0,0.0,0.0,0.0,2.0,0.0,0.0,0.0,0.0,,,,,,,0.0,0.0,0.0,0.0,0.0,0.0,0.0,0.0,0.0,0.0,0.0,0.0,0.0,0.0,0.0,0.0,1.0,0.0,0.9999990000010001,0.0,,,0.0,0.0,0.0,0.0,0.0,0.0,1.5,0.0,0.0,0.0,2.0,0.0,0.5,-0.12767903125817584
2021MND__2021_04_23_MND_S14__botB2_2021_04_23_13_14_21_chunk1.mp4,2021MND,2021_04_23_MND_S14,2021_04_23_MND_S14,0,7,beginning,0.0,0.0,False,False,False,True,0.3630136986301371,1.0,0.0,1.0,0.0,3.0,1.0,0.0,0.0,0.0,2.0,1.0,0.0,0.0,0.0,1.0,0.0,0.0,0.0,0.0,0.0,0.0,0.0,,0.0,0.0,0.0,0.0,0.0,1.0,4.0,2.0,7.0,2.0,0.0,1.0,3.0,4.0,0.0,0.0,1.0,11.0,0.0,0.0,0.0,0.0,1.75,0.75,1.5,0.5,1.2857142857142858,0.2857142857142857,16.0,1.0,15.999984000016001,0.9411764152249167,0.0,0.0,1.0,0.0,0.0,0.0,0.0,0.0,0.0,0.0,0.0,0.0,4.0,7.0,0.3636363305785154,22.0,1.4666666666666666,1.0,0.0,0.0,0.0,0.0,0.0,0.0,1.3157894736842106,0.0,0.05263157894736842,0.05263157894736842,1.9473684210526316,0.0,0.15789473684210525,-0.09817463536548719
2021MND__2021_04_23_MND_S14__botB2_2021_04_23_13_14_21_chunk2.mp4,2021MND,2021_04_23_MND_S14,2021_04_23_MND_S14,1,7,middle,0.0,0.0,False,False,False,True,0.367363344051447,1.0,0.0,1.0,0.0,3.0,1.0,0.0,0.0,0.0,2.0,2.0,3.0,1.0,0.0,0.0,0.0,0.0,0.0,0.0,0.0,0.0,1.0,3.0,1.0,1.0,0.0,0.0,1.0,1.0,7.0,4.0,6.0,3.0,0.0,0.0,0.0,2.0,3.0,0.0,0.0,19.0,0.0,0.0,0.0,0.0,1.4285714285714286,0.42857142857142855,2.0,1.0,1.0,0.0,16.0,1.0,15.999984000016001,0.9411764152249167,0.0,0.0,0.0,3.0,0.0,0.0,0.0,0.0,0.0,1.0,0.0,1000000.0,1.0,10.0,0.09090908264462885,20.0,1.3333333333333333,1.0,0.0,1.0,0.0,1000000.0,0.0,0.0,1.5263157894736843,0.0,0.10526315789473684,0.05263157894736842,2.263157894736842,0.2631578947368421,0.0,0.004672507435061553
2021MND__2021_04_23_MND_S14__botB2_2021_04_23_13_14_21_chunk3.mp4,2021MND,2021_04_23_MND_S14,2021_04_23_MND_S14,2,7,middle,0.0,0.0,False,False,False,True,0.27666098807495754,0.0,0.0,1.0,0.0,3.0,1.0,0.0,0.0,0.0,2.0,2.0,2.0,0.0,0.0,1.0,0.0,0.0,0.0,0.0,0.0,0.0,1.0,,0.0,0.0,0.0,0.0,0.0,1.0,11.0,8.0,10.0,4.0,0.0,2.0,1.0,1.0,0.0,0.0,0.0,26.0,0.0,0.0,0.0,0.0,1.5454545454545454,0.5454545454545454,1.0,0.0,1.2222222222222223,0.2222222222222222,25.0,0.0,25000000.0,0.9999999600000016,0.0,0.0,0.0,0.0,0.0,0.0,0.0,0.0,0.0,0.0,0.0,0.0,5.0,5.0,0.499999950000005,29.0,1.380952380952381,1.0,1.0,3.0,0.0,4000000.0,0.0,0.0,0.9655172413793104,0.034482758620689655,0.13793103448275862,0.20689655172413793,2.0689655172413794,0.06896551724137931,0.13793103448275862,0.2176871499523533
2021MND__2021_04_23_MND_S14__botB2_2021_04_23_13_14_21_chunk4.mp4,2021MND,2021_04_23_MND_S14,2021_04_23_MND_S14,3,7,middle,0.0,0.0,False,False,False,True,0.4427586206896552,0.0,0.0,1.0,0.0,3.0,1.0,1.0,0.0,0.0,3.0,2.0,3.0,1.0,1.0,1.0,1.0,0.0,0.0,0.0,0.0,0.0,0.0,,0.0,0.0,0.0,0.0,0.0,1.0,6.0,8.0,12.0,0.0,2.0,1.0,0.0,3.0,0.0,0.0,0.0,22.0,0.0,1.0,0.0,0.0,1.6666666666666667,0.6666666666666666,1.0,0.0,1.3333333333333333,0.3333333333333333,20.0,0.0,20000000.0,0.9999999500000024,0.0,0.0,0.0,0.0,0.0,1.0,0.0,0.0,0.0,0.0,0.0,0.0,2.0,17.0,0.10526315235457093,29.0,1.380952380952381,1.0,0.0,0.0,0.0,0.0,0.0,0.0,0.84,0.0,0.08,0.04,2.16,0.16,0.0,-0.3592881330970879
2021MND__2021_04_23_MND_S14__botB2_2021_04_23_13_14_21_chunk5.mp4,2021MND,2021_04_23_MND_S14,2021_04_23_MND_S14,4,7,middle,0.0,0.0,False,False,False,True,0.3633333333333333,0.0,0.0,1.0,0.0,3.0,1.0,0.0,0.0,0.0,2.0,1.0,3.0,1.0,0.0,0.0,1.0,0.0,1.0,0.0,1.0,0.0,1.0,3.0,1.0,1.0,0.0,0.0,0.0,1.0,5.0,8.0,10.0,4.0,2.0,0.0,0.0,2.0,0.0,0.0,1.0,24.0,0.0,0.0,0.0,0.0,1.5,0.5,1.5,0.5,1.2857142857142858,0.2857142857142857,17.0,2.0,8.499995750002125,0.8947367950138528,0.0,0.0,1.0,0.0,0.0,0.0,0.0,0.0,0.0,1.0,0.0,1000000.0,1.0,6.0,0.1428571224489825,18.0,1.3846153846153846,1.0,1.0,0.0,0.0,1000000.0,0.0,0.0,0.14285714285714285,0.10714285714285714,0.10714285714285714,0.07142857142857142,2.0714285714285716,0.07142857142857142,0.07142857142857142,-0.2036563591308587
2021MND__2021_04_23_MND_S14__botB2_2021_04_23_13_14_21_chunk6.mp4,2021MND,2021_04_23_MND_S14,2021_04_23_MND_S14,5,7,middle,0.0,0.0,False,False,False,True,0.4113095238095237,0.0,0.0,0.0,0.0,3.0,1.0,0.0,1.0,1.0,2.0,2.0,2.0,0.0,0.0,0.0,1.0,0.0,0.0,0.0,1.0,0.0,1.0,,0.0,0.0,0.0,0.0,0.0,2.0,8.0,7.0,8.0,3.0,3.0,5.0,7.0,2.0,1.0,0.0,1.0,0.0,0.0,2.0,0.0,0.0,1.25,0.25,1.0,0.0,0.5,0.0,21.0,0.0,21000000.0,0.9999999523809546,0.0,0.0,1.0,1.0,0.0,2.0,0.0,0.0,1.0,0.0,0.0,0.0,0.0,0.0,0.0,16.0,0.8888888888888888,0.7777777777777778,0.0,0.0,0.0,0.0,0.0,0.0,0.6129032258064516,0.06451612903225806,0.06451612903225806,0.12903225806451613,2.0,0.0,0.0,-0.012268254125654595
2021MND__2021_04_23_MND_S14__botB2_2021_04_23_13_14_21_chunk7.mp4,2021MND,2021_04_23_MND_S14,2021_04_23_MND_S14,6,7,end,0.0,0.0,False,False,False,True,0.4574934268185802,0.0,0.0,0.0,1.0,3.0,0.0,1.0,1.0,1.0,3.0,2.0,2.0,0.0,0.0,0.0,1.0,0.0,0.0,0.0,0.0,0.0,1.0,,0.0,0.0,0.0,0.0,1.0,2.0,3.0,2.0,0.0,3.0,4.0,4.0,12.0,1.0,0.0,1.0,0.0,4.0,0.0,0.0,0.0,0.0,1.3333333333333333,0.3333333333333333,1.0,0.0,,,7.0,0.0,7000000.0,0.9999998571428775,1.0,0.0,0.0,0.0,0.0,0.0,0.0,0.0,0.0,0.0,0.0,0.0,1.0,0.0,0.9999990000010001,5.0,1.25,1.0,0.0,0.0,0.0,0.0,0.0,0.0,0.24,0.12,0.16,0.04,2.16,0.16,0.08,-0.17657410795771114
2021MND__2021_04_23_MND_S9__Bot_5_Zoom_Meeting_4_23_2021_1_22_30_PM_chunk1.mp4,2021MND,2021_04_23_MND_S9,2021_04_23_MND_S9,0,7,beginning,2.0,0.0,True,False,False,True,0.25,0.0,0.0,1.0,0.0,3.0,1.0,0.0,0.0,0.0,2.0,1.0,3.0,1.0,0.0,1.0,0.0,0.0,1.0,0.0,1.0,0.0,1.0,,0.0,0.0,0.0,0.0,1.0,1.0,5.0,6.0,13.0,1.0,3.0,2.0,0.0,0.0,0.0,0.0,2.0,22.0,0.0,0.0,0.0,0.0,1.4,0.4,,,1.0769230769230769,0.23076923076923078,18.0,1.0,17.999982000018,0.9473683711911383,0.0,0.0,2.0,0.0,0.0,0.0,0.0,0.0,0.0,0.0,0.0,0.0,0.0,7.0,0.0,21.0,1.1666666666666667,0.8888888888888888,0.0,1.0,0.0,1000000.0,0.0,0.0,,0.0,0.0,0.0,2.130434782608696,0.13043478260869565,0.21739130434782608,-0.6171441482000752
2021MND__2021_04_23_MND_S9__Bot_5_Zoom_Meeting_4_23_2021_1_22_30_PM_chunk2.mp4,2021MND,2021_04_23_MND_S9,2021_04_23_MND_S9,1,7,middle,2.0,0.0,True,False,False,True,0.338680926916221,0.0,0.0,1.0,0.0,3.0,1.0,0.0,0.0,0.0,2.0,1.0,3.0,1.0,0.0,1.0,0.0,0.0,0.0,0.0,0.0,0.0,0.0,,0.0,0.0,0.0,0.0,0.0,0.0,7.0,10.0,11.0,1.0,1.0,0.0,0.0,0.0,0.0,0.0,0.0,22.0,0.0,0.0,0.0,0.0,1.4285714285714286,0.42857142857142855,,,1.5454545454545454,0.5454545454545454,19.0,1.0,18.999981000019,0.9499999525000024,0.0,0.0,0.0,0.0,0.0,0.0,0.0,0.0,0.0,0.0,0.0,0.0,0.0,10.0,0.0,27.0,1.5,1.0,1.0,1.0,1.0,1.9999980000020001,0.0,0.0,1.0416666666666667,0.0,0.041666666666666664,0.0,2.0416666666666665,0.041666666666666664,0.125,-0.3515858317302038
2021MND__2021_04_23_MND_S9__Bot_5_Zoom_Meeting_4_23_2021_1_22_30_PM_chunk3.mp4,2021MND,2021_04_23_MND_S9,2021_04_23_MND_S9,2,7,middle,2.0,0.0,True,False,False,True,0.3107941971969512,0.0,0.0,1.0,0.0,3.0,1.0,0.0,0.0,0.0,2.0,1.0,3.0,1.0,0.0,0.0,1.0,1.0,0.0,0.0,0.0,0.0,0.0,3.0,1.0,1.0,0.0,0.0,0.0,1.0,4.0,5.0,9.0,8.0,1.0,0.0,1.0,4.0,0.0,0.0,0.0,21.0,0.0,0.0,0.0,0.0,1.3333333333333333,0.3333333333333333,1.75,0.75,1.4444444444444444,0.4444444444444444,19.0,6.0,3.166666138888977,0.7599999696000012,0.0,0.0,0.0,0.0,0.0,0.0,0.0,0.0,0.0,0.0,0.0,0.0,1.0,12.0,0.07692307100591762,24.0,1.5,1.0,0.0,0.0,0.0,0.0,0.0,0.0,1.8095238095238095,0.0,0.0,0.0,2.0,0.0,0.14285714285714285,0.023530756073583275
2021MND__2021_04_23_MND_S9__Bot_5_Zoom_Meeting_4_23_2021_1_22_30_PM_chunk4.mp4,2021MND,2021_04_23_MND_S9,2021_04_23_MND_S9,3,7,middle,2.0,0.0,True,False,False,True,0.12682459918640832,0.0,0.0,1.0,0.0,3.0,1.0,0.0,0.0,0.0,2.0,1.0,3.0,1.0,0.0,0.0,1.0,0.0,0.0,0.0,1.0,0.0,1.0,3.0,1.0,1.0,1.0,0.0,1.0,1.0,11.0,5.0,8.0,2.0,2.0,1.0,0.0,1.0,0.0,0.0,0.0,15.0,0.0,0.0,0.0,2.0,1.1818181818181819,0.18181818181818182,1.0,0.0,1.25,0.25,20.0,1.0,19.999980000020003,0.9523809070294805,0.0,0.0,0.0,0.0,0.0,0.0,0.0,2.0,0.0,0.0,1.0,0.0,2.0,12.0,0.14285713265306196,24.0,1.2,1.0,0.0,0.0,0.0,0.0,0.0,0.0,1.2105263157894737,0.10526315789473684,0.21052631578947367,0.10526315789473684,2.1052631578947367,0.10526315789473684,0.0,0.3872907567273551
2021MND__2021_04_23_MND_S9__Bot_5_Zoom_Meeting_4_23_2021_1_22_30_PM_chunk5.mp4,2021MND,2021_04_23_MND_S9,2021_04_23_MND_S9,4,7,middle,2.0,0.0,True,False,False,True,0.4126297577854672,0.0,0.0,1.0,0.0,3.0,1.0,0.0,0.0,0.0,2.0,2.0,3.0,1.0,0.0,1.0,1.0,0.0,0.0,0.0,0.0,0.0,0.0,3.0,1.0,1.0,0.0,0.0,0.0,1.0,11.0,6.0,5.0,9.0,0.0,1.0,0.0,1.0,0.0,0.0,2.0,24.0,0.0,0.0,0.0,0.0,1.1818181818181819,0.18181818181818182,2.0,1.0,1.4,0.4,16.0,6.0,2.6666662222222963,0.7272726942148775,0.0,0.0,2.0,0.0,0.0,0.0,0.0,0.0,0.0,1.0,2.0,0.499999750000125,6.0,3.0,0.6666665925926009,22.0,1.2941176470588236,1.0,0.0,0.0,0.0,0.0,0.0,0.0,1.1666666666666667,0.0,0.08333333333333333,0.041666666666666664,2.125,0.125,0.08333333333333333,-0.19591962106653604
2021MND__2021_04_23_MND_S9__Bot_5_Zoom_Meeting_4_23_2021_1_22_30_PM_chunk6.mp4,2021MND,2021_04_23_MND_S9,2021_04_23_MND_S9,5,7,middle,2.0,0.0,True,False,False,True,0.5909863945578231,1.0,1.0,0.0,0.0,3.0,0.0,0.0,1.0,1.0,2.0,2.0,0.0,0.0,0.0,0.0,1.0,0.0,1.0,1.0,0.0,0.0,1.0,,0.0,0.0,0.0,0.0,0.0,2.0,2.0,1.0,1.0,1.0,5.0,2.0,1.0,1.0,0.0,0.0,0.0,5.0,0.0,0.0,0.0,0.0,2.0,1.0,2.0,1.0,0.0,0.0,4.0,2.0,1.9999990000005,0.6666665555555741,0.0,0.0,0.0,0.0,0.0,0.0,0.0,0.0,0.0,0.0,0.0,0.0,3.0,2.0,0.599999880000024,6.0,1.5,0.75,0.0,0.0,1.0,0.0,0.0,0.0,0.46153846153846156,0.23076923076923078,0.3076923076923077,0.07692307692307693,2.3076923076923075,0.3076923076923077,0.07692307692307693,0.45470972196940385
2021MND__2021_04_23_MND_S9__Bot_5_Zoom_Meeting_4_23_2021_1_13_23_PM.mp4,2021MND,2021_04_23_MND_S9,2021_04_23_MND_S9,6,7,end,2.0,0.0,True,False,False,True,0.39127272727272744,0.0,0.0,0.0,1.0,3.0,0.0,0.0,0.0,0.0,,1.0,0.0,0.0,0.0,0.0,0.0,0.0,0.0,0.0,1.0,0.0,1.0,,0.0,0.0,0.0,1.0,1.0,2.0,0.0,1.0,11.0,0.0,3.0,3.0,3.0,1.0,0.0,0.0,0.0,12.0,0.0,0.0,0.0,0.0,,,1.0,0.0,1.0,0.0,12.0,0.0,12000000.0,0.9999999166666736,0.0,0.0,0.0,0.0,0.0,0.0,0.0,0.0,0.0,0.0,0.0,0.0,1.0,11.0,0.08333332638888948,12.0,1.0,1.0,0.0,0.0,0.0,0.0,0.0,0.0,1.25,0.15,0.3,0.0,2.05,0.05,0.0,0.3449754643173484
2021MND__2021_04_23_MND_S3__bot2_Zoom_Meeting_Room_2_2021_04_23_11_18_13_chunk1.mp4,2021MND,2021_04_23_MND_S3,2021_04_23_MND_S3,0,7,beginning,2.0,0.0,True,False,False,True,0.256244616709733,0.0,0.0,1.0,0.0,3.0,0.0,0.0,0.0,0.0,,1.0,0.0,0.0,0.0,0.0,0.0,0.0,0.0,0.0,0.0,0.0,1.0,,0.0,0.0,0.0,0.0,1.0,1.0,0.0,0.0,8.0,0.0,0.0,0.0,1.0,0.0,0.0,0.0,0.0,8.0,0.0,0.0,0.0,0.0,,,,,1.0,0.0,8.0,0.0,8000000.0,0.9999998750000157,0.0,0.0,0.0,0.0,0.0,0.0,0.0,0.0,0.0,0.0,0.0,0.0,0.0,8.0,0.0,8.0,1.0,1.0,0.0,0.0,0.0,0.0,0.0,0.0,1.0,0.1111111111111111,0.2222222222222222,0.0,2.0,0.0,0.1111111111111111,0.06864083988768817
2021MND__2021_04_23_MND_S3__bot2_Zoom_Meeting_Room_2_2021_04_23_11_18_13_chunk2.mp4,2021MND,2021_04_23_MND_S3,2021_04_23_MND_S3,1,7,middle,2.0,0.0,True,False,False,True,0.3405483405483407,0.0,0.0,1.0,0.0,3.0,1.0,0.0,0.0,0.0,3.0,2.0,2.0,0.0,0.0,0.0,1.0,1.0,0.0,0.0,0.0,0.0,1.0,,0.0,0.0,0.0,0.0,1.0,1.0,2.0,2.0,4.0,2.0,0.0,4.0,3.0,1.0,0.0,0.0,1.0,7.0,0.0,0.0,0.0,0.0,1.5,0.5,1.0,0.0,1.0,0.0,9.0,1.0,8.999991000009,0.8999999100000091,0.0,0.0,1.0,0.0,0.0,0.0,0.0,0.0,0.0,0.0,0.0,0.0,2.0,5.0,0.285714244897965,8.0,1.1428571428571428,1.0,0.0,0.0,1.0,0.0,0.0,0.0,1.0,0.058823529411764705,0.23529411764705882,0.058823529411764705,2.0588235294117645,0.058823529411764705,0.058823529411764705,-0.005137831368613667
2021MND__2021_04_23_MND_S3__bot2_Zoom_Meeting_Room_2_2021_04_23_11_18_13_chunk3.mp4,2021MND,2021_04_23_MND_S3,2021_04_23_MND_S3,2,7,middle,2.0,0.0,True,False,False,True,0.3058350100603622,0.0,0.0,1.0,0.0,3.0,1.0,0.0,1.0,0.0,3.0,2.0,3.0,1.0,0.0,1.0,0.0,0.0,0.0,0.0,0.0,0.0,1.0,,0.0,0.0,0.0,0.0,0.0,1.0,6.0,2.0,4.0,2.0,0.0,1.0,3.0,1.0,0.0,0.0,1.0,7.0,0.0,0.0,0.0,0.0,1.6666666666666667,0.6666666666666666,2.0,1.0,1.25,0.5,13.0,0.0,13000000.0,0.9999999230769291,0.0,0.0,1.0,0.0,0.0,0.0,0.0,0.0,0.0,0.0,0.0,0.0,0.0,7.0,0.0,17.0,1.5454545454545454,0.9090909090909091,0.0,0.0,0.0,0.0,0.0,0.0,1.7692307692307692,0.0,0.15384615384615385,0.3076923076923077,2.0,0.07692307692307693,0.15384615384615385,0.702436571291051
2021MND__2021_04_23_MND_S3__bot2_Zoom_Meeting_Room_2_2021_04_23_11_18_13_chunk4.mp4,2021MND,2021_04_23_MND_S3,2021_04_23_MND_S3,3,7,middle,2.0,0.0,True,False,False,True,0.3316733067729083,0.0,0.0,1.0,0.0,3.0,0.0,0.0,0.0,0.0,3.0,2.0,3.0,1.0,0.0,0.0,0.0,0.0,0.0,0.0,0.0,0.0,0.0,3.0,1.0,1.0,0.0,0.0,0.0,1.0,5.0,9.0,10.0,6.0,2.0,4.0,0.0,1.0,0.0,0.0,0.0,21.0,0.0,0.0,0.0,0.0,1.6,0.6,1.0,0.0,1.6,0.6,19.0,4.0,4.749998812500297,0.8260869206049165,0.0,0.0,0.0,0.0,0.0,0.0,0.0,0.0,0.0,0.0,0.0,0.0,0.0,21.0,0.0,25.0,1.5625,1.0,0.0,0.0,1.0,0.0,0.0,0.0,1.0769230769230769,0.0,0.038461538461538464,0.0,2.0384615384615383,0.038461538461538464,0.2692307692307692,-0.33436223169389406
2021MND__2021_04_23_MND_S3__bot2_Zoom_Meeting_Room_2_2021_04_23_11_18_13_chunk5.mp4,2021MND,2021_04_23_MND_S3,2021_04_23_MND_S3,4,7,middle,2.0,0.0,True,False,False,True,0.46223958333333326,0.0,0.0,1.0,0.0,3.0,0.0,0.0,0.0,0.0,2.0,2.0,1.0,0.0,0.0,0.0,0.0,0.0,0.0,0.0,0.0,0.0,0.0,,0.0,0.0,0.0,1.0,0.0,1.0,1.0,5.0,12.0,4.0,1.0,0.0,0.0,1.0,0.0,0.0,0.0,17.0,0.0,0.0,1.0,0.0,2.0,1.0,2.0,1.0,1.25,0.25,17.0,2.0,8.499995750002125,0.8947367950138528,0.0,0.0,0.0,0.0,0.0,0.0,1.0,0.0,0.0,0.0,0.0,0.0,0.0,12.0,0.0,19.0,1.3571428571428572,1.0,0.0,0.0,1.0,0.0,0.0,0.0,0.8947368421052632,0.0,0.0,0.0,2.1578947368421053,0.15789473684210525,0.05263157894736842,-0.4233645668097535
2021MND__2021_04_23_MND_S3__bot2_Zoom_Meeting_Room_2_2021_04_23_11_18_13_chunk6.mp4,2021MND,2021_04_23_MND_S3,2021_04_23_MND_S3,5,7,middle,2.0,0.0,True,False,False,True,0.2732558139534884,0.0,0.0,0.0,1.0,2.0,0.0,0.0,0.0,0.0,,2.0,0.0,0.0,0.0,0.0,0.0,0.0,0.0,0.0,0.0,1.0,1.0,,0.0,0.0,0.0,0.0,0.0,0.0,0.0,0.0,1.0,0.0,1.0,0.0,2.0,0.0,0.0,0.0,0.0,1.0,0.0,0.0,0.0,0.0,,,,,1.0,0.0,1.0,0.0,1000000.0,0.9999990000010001,0.0,0.0,0.0,0.0,0.0,0.0,0.0,0.0,0.0,0.0,0.0,0.0,0.0,1.0,0.0,1.0,1.0,1.0,0.0,0.0,0.0,0.0,0.0,0.0,0.0,0.0,0.125,0.0,2.0,0.0,0.0,-0.8604649237120855
2021MND__2021_04_23_MND_S3__bot2_Zoom_Meeting_Room_2_2021_04_23_11_16_54.mp4,2021MND,2021_04_23_MND_S3,2021_04_23_MND_S3,6,7,end,2.0,0.0,True,False,False,True,0.16666666666666674,1.0,0.0,1.0,0.0,3.0,0.0,0.0,0.0,0.0,1.0,1.0,0.0,0.0,0.0,0.0,0.0,0.0,1.0,0.0,0.0,0.0,0.0,,0.0,0.0,0.0,0.0,0.0,1.0,0.0,0.0,3.0,0.0,0.0,0.0,0.0,0.0,0.0,0.0,0.0,2.0,0.0,0.0,0.0,0.0,,,,,1.0,0.0,3.0,0.0,3000000.0,0.9999996666667778,0.0,0.0,0.0,0.0,0.0,0.0,0.0,0.0,0.0,0.0,0.0,0.0,0.0,2.0,0.0,3.0,1.0,1.0,0.0,0.0,0.0,0.0,0.0,0.0,1.5,0.0,0.0,0.0,2.0,0.0,0.0,-0.12767903125817584
2021MND__2021_04_23_MND_S8__Zoom_Meeting_Room_6_2021_04_23_11_22_11_chunk1.mp4,2021MND,2021_04_23_MND_S8,2021_04_23_MND_S8,0,8,beginning,0.0,0.0,False,False,False,True,0.18226600985221686,0.0,0.0,1.0,0.0,3.0,1.0,0.0,0.0,0.0,2.0,1.0,0.0,0.0,0.0,0.0,0.0,0.0,0.0,0.0,0.0,0.0,0.0,,0.0,0.0,0.0,0.0,0.0,1.0,6.0,5.0,4.0,2.0,2.0,0.0,3.0,2.0,0.0,0.0,1.0,12.0,0.0,0.0,0.0,0.0,1.0,0.0,1.0,0.0,1.0,0.0,13.0,0.0,13000000.0,0.9999999230769291,0.0,0.0,1.0,0.0,0.0,0.0,0.0,0.0,0.0,0.0,0.0,0.0,8.0,1.0,0.8888887901234679,12.0,1.0,1.0,0.0,0.0,0.0,0.0,0.0,0.0,1.7333333333333334,0.0,0.26666666666666666,0.0,2.0,0.0,0.0,-0.013690114654234309
2021MND__2021_04_23_MND_S8__Zoom_Meeting_Room_6_2021_04_23_12_09_42_chunk1.mp4,2021MND,2021_04_23_MND_S8,2021_04_23_MND_S8,1,8,middle,0.0,0.0,False,False,False,True,0.40601503759398505,0.0,1.0,0.0,0.0,3.0,1.0,0.0,1.0,1.0,2.0,2.0,3.0,1.0,0.0,0.0,1.0,1.0,1.0,0.0,1.0,0.0,1.0,,0.0,0.0,0.0,1.0,0.0,2.0,15.0,3.0,4.0,3.0,3.0,3.0,6.0,5.0,2.0,0.0,0.0,25.0,0.0,0.0,1.0,0.0,1.1333333333333333,0.13333333333333333,1.2,0.2,0.75,0.0,27.0,0.0,27000000.0,0.9999999629629643,0.0,0.0,0.0,2.0,0.0,0.0,1.0,0.0,0.0,0.0,0.0,0.0,16.0,2.0,0.8888888395061756,26.0,1.0833333333333333,0.9583333333333334,1.0,1.0,0.0,2000000.0,0.0,0.0,0.9090909090909091,0.030303030303030304,0.09090909090909091,0.12121212121212122,2.0303030303030303,0.030303030303030304,0.030303030303030304,-0.020991485808039317
2021MND__2021_04_23_MND_S8__Zoom_Meeting_Room_6_2021_04_23_11_22_11_chunk2.mp4,2021MND,2021_04_23_MND_S8,2021_04_23_MND_S8,2,8,middle,0.0,0.0,False,False,False,True,0.40864345738295316,0.0,0.0,1.0,0.0,3.0,1.0,0.0,0.0,0.0,2.0,1.0,0.0,0.0,0.0,0.0,0.0,0.0,0.0,0.0,0.0,0.0,1.0,,0.0,0.0,0.0,0.0,1.0,1.0,4.0,2.0,5.0,1.0,1.0,4.0,2.0,1.0,0.0,0.0,1.0,10.0,0.0,0.0,0.0,0.0,1.0,0.0,2.0,1.0,1.2,0.2,11.0,0.0,11000000.0,0.9999999090909174,0.0,0.0,1.0,0.0,0.0,0.0,0.0,0.0,0.0,0.0,0.0,0.0,1.0,4.0,0.199999960000008,12.0,1.2,1.0,0.0,0.0,0.0,0.0,0.0,0.0,1.4615384615384615,0.15384615384615385,0.3076923076923077,0.0,2.076923076923077,0.07692307692307693,0.23076923076923078,0.463567974218571
2021MND__2021_04_23_MND_S8__Zoom_Meeting_Room_6_2021_04_23_12_09_42_chunk2.mp4,2021MND,2021_04_23_MND_S8,2021_04_23_MND_S8,3,8,middle,0.0,0.0,False,False,False,False,,,,,,,,,,,,,,,,,,,,,,,,,,,,,,,,,,,,,,,,,,,,,,,,,,,,,,,,,,,,,,,,,,,,,,,,,,,,,,,,,,,,,,,,
2021MND__2021_04_23_MND_S8__Zoom_Meeting_Room_6_2021_04_23_11_22_11_chunk3.mp4,2021MND,2021_04_23_MND_S8,2021_04_23_MND_S8,4,8,middle,0.0,0.0,False,False,False,True,0.23706176961602665,0.0,0.0,1.0,0.0,3.0,1.0,0.0,0.0,0.0,2.0,1.0,3.0,1.0,1.0,1.0,1.0,0.0,0.0,0.0,0.0,0.0,1.0,,0.0,0.0,0.0,0.0,0.0,1.0,7.0,1.0,3.0,2.0,1.0,4.0,1.0,6.0,0.0,0.0,1.0,12.0,0.0,0.0,0.0,0.0,1.5,0.5,1.0,0.0,2.0,1.0,16.0,1.0,15.999984000016001,0.9411764152249167,0.0,0.0,1.0,0.0,0.0,0.0,0.0,0.0,0.0,0.0,0.0,0.0,4.0,4.0,0.4999999375000079,18.0,1.3846153846153846,1.0,0.0,0.0,0.0,0.0,0.0,0.0,1.2142857142857142,0.0,0.07142857142857142,0.0,2.0,0.0,0.07142857142857142,-0.267257296487492
2021MND__2021_04_23_MND_S8__Zoom_Meeting_Room_6_2021_04_23_11_22_11_chunk4.mp4,2021MND,2021_04_23_MND_S8,2021_04_23_MND_S8,5,8,middle,0.0,0.0,False,False,False,True,0.2386621315192743,0.0,0.0,1.0,0.0,3.0,1.0,0.0,0.0,0.0,2.0,1.0,3.0,1.0,0.0,1.0,1.0,0.0,1.0,0.0,0.0,0.0,1.0,3.0,1.0,1.0,0.0,1.0,1.0,1.0,3.0,1.0,7.0,4.0,0.0,2.0,1.0,2.0,0.0,0.0,0.0,13.0,0.0,0.0,1.0,0.0,1.3333333333333333,0.3333333333333333,2.0,1.0,1.4285714285714286,0.42857142857142855,13.0,2.0,6.499996750001625,0.8666666088888928,0.0,0.0,0.0,0.0,0.0,0.0,1.0,0.0,1.0,0.0,0.0,0.0,8.0,2.0,0.7999999200000081,18.0,1.5,1.0,0.0,0.0,0.0,0.0,0.0,0.0,1.3076923076923077,0.0,0.23076923076923078,0.0,2.076923076923077,0.07692307692307693,0.07692307692307693,-0.2216259405471386
2021MND__2021_04_23_MND_S8__Zoom_Meeting_Room_6_2021_04_23_11_22_11_chunk5.mp4,2021MND,2021_04_23_MND_S8,2021_04_23_MND_S8,6,8,middle,0.0,0.0,False,False,False,True,0.4742857142857144,1.0,0.0,0.0,0.0,3.0,1.0,0.0,0.0,0.0,2.0,1.0,3.0,1.0,0.0,0.0,0.0,0.0,0.0,0.0,0.0,1.0,1.0,,0.0,0.0,0.0,1.0,0.0,1.0,1.0,3.0,4.0,2.0,0.0,3.0,3.0,0.0,0.0,0.0,0.0,9.0,0.0,0.0,2.0,0.0,2.0,1.0,,,1.0,0.0,6.0,1.0,5.999994000006001,0.857142734693895,0.0,0.0,0.0,0.0,0.0,0.0,2.0,0.0,1.0,0.0,0.0,0.0,3.0,2.0,0.599999880000024,6.0,1.2,1.0,0.0,0.0,0.0,0.0,0.0,0.0,1.4166666666666667,0.08333333333333333,0.08333333333333333,0.08333333333333333,2.0,0.0,0.0,0.3512484571078329
2021MND__2021_04_23_MND_S8__Zoom_Meeting_Room_6_2021_04_23_11_16_16.mp4,2021MND,2021_04_23_MND_S8,2021_04_23_MND_S8,7,8,end,0.0,0.0,False,False,False,True,0.3025147928994083,0.0,0.0,0.0,1.0,3.0,0.0,0.0,0.0,0.0,,1.0,0.0,0.0,0.0,0.0,0.0,0.0,0.0,0.0,0.0,0.0,1.0,,0.0,0.0,0.0,1.0,1.0,2.0,0.0,0.0,8.0,1.0,2.0,6.0,3.0,0.0,0.0,0.0,0.0,7.0,0.0,0.0,0.0,0.0,,,,,1.0,0.0,9.0,0.0,9000000.0,0.9999998888889013,0.0,0.0,0.0,0.0,0.0,0.0,0.0,0.0,0.0,0.0,0.0,0.0,0.0,7.0,0.0,8.0,1.0,1.0,0.0,0.0,0.0,0.0,0.0,0.0,0.7333333333333333,0.06666666666666667,0.13333333333333333,0.0,2.066666666666667,0.06666666666666667,0.06666666666666667,-0.23786494177854048
2021MND__2021_04_23_MND_S12__bot3_Room_3_Zoom_Meeting_2021_04_23_13_13_23_chunk1.mp4,2021MND,2021_04_23_MND_S12,2021_04_23_MND_S12,0,7,beginning,1.0,0.0,True,False,False,True,0.3867924528301885,0.0,0.0,0.0,1.0,3.0,0.0,0.0,0.0,0.0,,1.0,0.0,0.0,0.0,0.0,0.0,0.0,0.0,0.0,0.0,0.0,1.0,,0.0,0.0,0.0,1.0,0.0,2.0,0.0,0.0,10.0,0.0,1.0,0.0,2.0,0.0,0.0,0.0,0.0,9.0,0.0,0.0,0.0,0.0,,,,,0.9,0.0,10.0,0.0,10000000.0,0.99999990000001,0.0,0.0,0.0,0.0,0.0,0.0,0.0,0.0,0.0,0.0,0.0,0.0,0.0,9.0,0.0,9.0,0.9,0.9,0.0,0.0,0.0,0.0,0.0,0.0,2.1818181818181817,0.0,0.2727272727272727,0.0,2.0,0.0,0.09090909090909091,0.20540546531178297
2021MND__2021_04_23_MND_S12__bot3_Room_3_Zoom_Meeting_2021_04_23_13_13_23_chunk2.mp4,2021MND,2021_04_23_MND_S12,2021_04_23_MND_S12,1,7,middle,1.0,0.0,True,False,False,True,0.5164141414141414,0.0,0.0,1.0,0.0,3.0,1.0,0.0,1.0,0.0,2.0,1.0,1.0,0.0,0.0,0.0,0.0,0.0,0.0,0.0,0.0,0.0,1.0,,0.0,0.0,0.0,0.0,0.0,1.0,3.0,5.0,8.0,2.0,1.0,2.0,4.0,1.0,1.0,0.0,1.0,13.0,0.0,0.0,0.0,0.0,1.0,0.0,1.0,0.0,1.5,0.5,14.0,0.0,14000000.0,0.9999999285714337,0.0,0.0,1.0,1.0,0.0,0.0,0.0,0.0,0.0,0.0,0.0,0.0,0.0,8.0,0.0,16.0,1.3333333333333333,1.0,1.0,0.0,0.0,1000000.0,0.0,0.0,0.5625,0.09375,0.21875,0.03125,2.125,0.125,0.03125,-0.14297875079050307
2021MND__2021_04_23_MND_S12__bot3_Room_3_Zoom_Meeting_2021_04_23_13_13_23_chunk3.mp4,2021MND,2021_04_23_MND_S12,2021_04_23_MND_S12,2,7,middle,1.0,0.0,True,False,False,True,0.27834467120181405,0.0,0.0,1.0,0.0,3.0,1.0,0.0,0.0,0.0,3.0,1.0,3.0,1.0,0.0,1.0,1.0,1.0,0.0,0.0,0.0,0.0,0.0,3.0,1.0,1.0,0.0,0.0,0.0,1.0,6.0,2.0,8.0,6.0,0.0,1.0,0.0,1.0,0.0,0.0,0.0,14.0,0.0,0.0,0.0,0.0,2.0,1.0,2.0,1.0,2.0,1.0,17.0,3.0,5.666664777778407,0.8499999575000021,0.0,0.0,0.0,0.0,0.0,0.0,0.0,0.0,0.0,0.0,0.0,0.0,2.0,9.0,0.1818181652892577,30.0,2.0,1.0,0.0,0.0,0.0,0.0,0.0,0.0,0.7142857142857143,0.0,0.0,0.0,2.0,0.0,0.6428571428571429,-0.5115192606387953
2021MND__2021_04_23_MND_S12__bot3_Room_3_Zoom_Meeting_2021_04_23_13_13_23_chunk4.mp4,2021MND,2021_04_23_MND_S12,2021_04_23_MND_S12,3,7,middle,1.0,0.0,True,False,False,True,0.3502304147465438,0.0,0.0,1.0,0.0,3.0,0.0,0.0,0.0,0.0,3.0,1.0,1.0,0.0,0.0,0.0,0.0,0.0,0.0,0.0,0.0,0.0,0.0,,0.0,0.0,0.0,0.0,0.0,1.0,5.0,4.0,7.0,3.0,0.0,0.0,0.0,0.0,0.0,0.0,0.0,12.0,0.0,0.0,0.0,0.0,1.0,0.0,,,1.4285714285714286,0.42857142857142855,14.0,1.0,13.999986000014001,0.9333332711111153,0.0,0.0,0.0,0.0,0.0,0.0,0.0,0.0,0.0,0.0,0.0,0.0,0.0,3.0,0.0,15.0,1.25,1.0,0.0,0.0,0.0,0.0,0.0,0.0,1.4166666666666667,0.0,0.0,0.0,2.1666666666666665,0.16666666666666666,0.0,-0.16838935861672635
2021MND__2021_04_23_MND_S12__bot3_Room_3_Zoom_Meeting_2021_04_23_13_13_23_chunk5.mp4,2021MND,2021_04_23_MND_S12,2021_04_23_MND_S12,4,7,middle,1.0,0.0,True,False,False,True,0.3864986926550986,0.0,0.0,1.0,0.0,3.0,1.0,0.0,0.0,0.0,2.0,1.0,4.0,1.0,0.0,0.0,0.0,0.0,0.0,0.0,0.0,0.0,0.0,3.0,1.0,1.0,0.0,0.0,0.0,0.0,8.0,4.0,8.0,7.0,0.0,1.0,0.0,0.0,0.0,0.0,0.0,17.0,0.0,0.0,0.0,0.0,1.625,0.625,,,1.375,0.375,16.0,3.0,5.333331555556148,0.8421052188365674,0.0,0.0,0.0,0.0,0.0,0.0,0.0,0.0,0.0,0.0,1.0,0.0,3.0,5.0,0.3749999531250059,24.0,1.5,1.0,0.0,0.0,0.0,0.0,0.0,0.0,1.2941176470588236,0.0,0.17647058823529413,0.0,2.176470588235294,0.11764705882352941,0.29411764705882354,-0.22825748708518304
2021MND__2021_04_23_MND_S12__bot3_Room_3_Zoom_Meeting_2021_04_23_13_13_23_chunk6.mp4,2021MND,2021_04_23_MND_S12,2021_04_23_MND_S12,5,7,middle,1.0,0.0,True,False,False,True,0.3378378378378377,0.0,0.0,1.0,0.0,3.0,1.0,1.0,0.0,0.0,4.0,3.0,3.0,1.0,1.0,1.0,1.0,0.0,1.0,1.0,0.0,0.0,1.0,3.0,1.0,1.0,0.0,0.0,1.0,1.0,5.0,8.0,10.0,7.0,2.0,0.0,0.0,1.0,0.0,0.0,0.0,28.0,2.0,1.0,0.0,0.0,1.6,0.6,1.0,0.0,1.0,0.0,18.0,3.0,5.999998000000667,0.8571428163265326,0.0,0.0,0.0,0.0,2.0,1.0,0.0,0.0,0.0,1.0,0.0,1000000.0,5.0,13.0,0.27777776234567986,19.0,1.1875,1.0,1.0,0.0,0.0,1000000.0,0.0,0.0,0.9655172413793104,0.13793103448275862,0.2413793103448276,0.06896551724137931,2.206896551724138,0.20689655172413793,0.0,0.3147230281917564
2021MND__2021_04_23_MND_S12__bot3_Room_3_Zoom_Meeting_2021_04_23_13_13_23_chunk7.mp4,2021MND,2021_04_23_MND_S12,2021_04_23_MND_S12,6,7,end,1.0,0.0,True,False,False,True,0.3801652892561984,0.0,0.0,0.0,0.0,3.0,0.0,0.0,0.0,1.0,3.0,3.0,1.0,0.0,0.0,0.0,1.0,0.0,1.0,0.0,1.0,0.0,1.0,,0.0,0.0,0.0,0.0,0.0,1.0,6.0,4.0,9.0,3.0,9.0,2.0,4.0,2.0,0.0,0.0,0.0,20.0,0.0,0.0,0.0,0.0,1.1666666666666667,0.16666666666666666,1.0,0.0,1.1111111111111112,0.1111111111111111,19.0,1.0,18.999981000019,0.9499999525000024,0.0,0.0,0.0,0.0,0.0,0.0,0.0,0.0,0.0,0.0,0.0,0.0,4.0,5.0,0.44444439506173394,18.0,1.125,1.0,0.0,0.0,0.0,0.0,0.0,0.0,1.0769230769230769,0.15384615384615385,0.3076923076923077,0.038461538461538464,2.1923076923076925,0.19230769230769232,0.11538461538461539,0.36299789683373024
2021MND__2021_04_22_MND_S3__Bot3_Zoom_Meeting_2021_04_22_13_05_56_v2_chunk1.mp4,2021MND,2021_04_22_MND_S3,2021_04_22_MND_S3,0,9,beginning,1.0,0.0,True,False,False,True,0.41731898238747567,0.0,0.0,1.0,0.0,3.0,1.0,0.0,0.0,0.0,3.0,1.0,3.0,1.0,0.0,1.0,1.0,1.0,0.0,0.0,0.0,0.0,0.0,3.0,1.0,1.0,0.0,0.0,0.0,1.0,7.0,5.0,4.0,10.0,0.0,2.0,1.0,0.0,1.0,0.0,0.0,17.0,0.0,0.0,0.0,0.0,1.4285714285714286,0.42857142857142855,,,1.0,0.0,17.0,3.0,5.666664777778407,0.8499999575000021,0.0,0.0,0.0,1.0,0.0,0.0,0.0,0.0,0.0,0.0,0.0,0.0,5.0,8.0,0.3846153550295881,14.0,1.2727272727272727,1.0,0.0,0.0,0.0,0.0,0.0,0.0,1.1,0.0,0.05,0.05,2.0,0.0,0.0,-0.20956773902820805
2021MND__2021_04_22_MND_S3__Bot3_Zoom_Meeting_2021_04_22_13_05_56_v2_chunk2.mp4,2021MND,2021_04_22_MND_S3,2021_04_22_MND_S3,1,9,middle,1.0,0.0,True,False,False,True,0.3754310344827587,0.0,0.0,1.0,0.0,3.0,1.0,0.0,0.0,0.0,3.0,1.0,3.0,1.0,0.0,0.0,1.0,0.0,1.0,1.0,0.0,0.0,1.0,3.0,1.0,1.0,1.0,0.0,0.0,1.0,12.0,5.0,2.0,12.0,1.0,0.0,0.0,2.0,1.0,0.0,0.0,20.0,0.0,0.0,0.0,0.0,1.5833333333333333,0.5833333333333334,2.0,1.0,1.5,0.5,20.0,4.0,4.999998750000312,0.8333332986111125,0.0,0.0,0.0,1.0,0.0,0.0,0.0,0.0,0.0,0.0,0.0,0.0,5.0,3.0,0.6249999218750099,26.0,1.625,1.0,0.0,2.0,0.0,2000000.0,0.0,0.0,1.0454545454545454,0.18181818181818182,0.3181818181818182,0.045454545454545456,1.9545454545454546,0.045454545454545456,0.045454545454545456,0.47441751686419525
2021MND__2021_04_22_MND_S3__Bot3_Zoom_Meeting_2021_04_22_13_05_56_v2_chunk3.mp4,2021MND,2021_04_22_MND_S3,2021_04_22_MND_S3,2,9,middle,1.0,0.0,True,False,False,True,0.25996533795493937,0.0,0.0,1.0,0.0,3.0,1.0,0.0,0.0,0.0,3.0,2.0,3.0,1.0,0.0,0.0,1.0,0.0,0.0,1.0,0.0,0.0,1.0,3.0,1.0,1.0,1.0,1.0,0.0,1.0,12.0,5.0,3.0,8.0,1.0,0.0,0.0,1.0,0.0,0.0,0.0,13.0,0.0,0.0,0.0,0.0,1.8333333333333333,0.8333333333333334,2.0,1.0,1.6666666666666667,0.6666666666666666,20.0,2.0,9.9999950000025,0.9090908677685968,0.0,0.0,0.0,0.0,0.0,0.0,0.0,0.0,0.0,0.0,0.0,0.0,8.0,3.0,0.7272726611570308,29.0,1.8125,1.0,1.0,0.0,0.0,1000000.0,0.0,0.0,0.9375,0.125,0.125,0.0625,2.1875,0.1875,0.4375,0.2350819032196841
2021MND__2021_04_22_MND_S3__Bot3_Zoom_Meeting_2021_04_22_13_05_56_v2_chunk4.mp4,2021MND,2021_04_22_MND_S3,2021_04_22_MND_S3,3,9,middle,1.0,0.0,True,False,False,True,0.2549999999999999,0.0,0.0,1.0,0.0,3.0,1.0,0.0,1.0,0.0,2.0,1.0,3.0,1.0,0.0,1.0,1.0,0.0,0.0,0.0,0.0,0.0,0.0,3.0,1.0,1.0,0.0,0.0,0.0,1.0,7.0,7.0,11.0,7.0,0.0,0.0,0.0,2.0,0.0,0.0,0.0,20.0,0.0,0.0,0.0,0.0,1.3333333333333333,0.3333333333333333,2.0,1.0,1.0,0.0,22.0,4.0,5.499998625000344,0.8461538136094686,0.0,0.0,0.0,0.0,0.0,0.0,0.0,0.0,0.0,0.0,0.0,0.0,9.0,3.0,0.7499999375000053,21.0,1.1666666666666667,1.0,0.0,0.0,0.0,0.0,0.0,0.0,1.05,0.0,0.2,0.0,2.0,0.0,0.35,-0.3475147989943488
2021MND__2021_04_22_MND_S3__Bot3_Zoom_Meeting_2021_04_22_13_05_56_v2_chunk5.mp4,2021MND,2021_04_22_MND_S3,2021_04_22_MND_S3,4,9,middle,1.0,0.0,True,False,False,True,0.39500122518990444,0.0,0.0,1.0,0.0,3.0,1.0,0.0,0.0,0.0,2.0,1.0,0.0,0.0,0.0,1.0,0.0,0.0,1.0,0.0,1.0,0.0,1.0,,0.0,0.0,1.0,0.0,0.0,1.0,8.0,4.0,10.0,4.0,1.0,2.0,0.0,3.0,0.0,0.0,0.0,0.0,0.0,0.0,0.0,0.0,1.375,0.375,1.3333333333333333,0.3333333333333333,1.5,0.5,20.0,2.0,9.9999950000025,0.9090908677685968,0.0,0.0,0.0,0.0,0.0,0.0,0.0,0.0,0.0,0.0,0.0,0.0,0.0,0.0,0.0,30.0,1.4285714285714286,1.0,0.0,1.0,0.0,1000000.0,0.0,0.0,1.263157894736842,0.10526315789473684,0.21052631578947367,0.10526315789473684,2.0526315789473686,0.05263157894736842,0.05263157894736842,0.4130025424274923
2021MND__2021_04_22_MND_S3__Bot3_Zoom_Meeting_2021_04_22_13_05_56_v2_chunk6.mp4,2021MND,2021_04_22_MND_S3,2021_04_22_MND_S3,5,9,middle,1.0,0.0,True,False,False,True,0.18736017897091717,0.0,0.0,0.0,0.0,3.0,1.0,0.0,0.0,0.0,2.0,1.0,3.0,1.0,0.0,0.0,1.0,0.0,0.0,0.0,0.0,0.0,1.0,,0.0,0.0,0.0,1.0,0.0,1.0,2.0,1.0,2.0,3.0,0.0,3.0,3.0,2.0,0.0,0.0,0.0,11.0,0.0,0.0,0.0,0.0,2.0,1.0,1.5,0.5,1.0,0.0,8.0,1.0,7.9999920000080005,0.8888887901234679,0.0,0.0,0.0,0.0,0.0,0.0,0.0,0.0,0.0,0.0,0.0,0.0,5.0,2.0,0.7142856122449125,9.0,1.5,1.0,0.0,0.0,1.0,0.0,0.0,0.0,1.0,0.0,0.16666666666666666,0.0,2.0,0.0,0.3333333333333333,-0.37194099540947906
2021MND__2021_04_22_MND_S3__Bot3_Zoom_Meeting_2021_04_22_13_05_56_v2_chunk7.mp4,2021MND,2021_04_22_MND_S3,2021_04_22_MND_S3,6,9,middle,1.0,0.0,True,False,False,True,0.495649733370755,0.0,1.0,0.0,0.0,3.0,0.0,0.0,0.0,0.0,2.0,2.0,2.0,0.0,0.0,0.0,1.0,0.0,0.0,0.0,1.0,0.0,1.0,3.0,1.0,1.0,0.0,0.0,0.0,2.0,2.0,3.0,3.0,10.0,2.0,2.0,3.0,5.0,0.0,0.0,0.0,20.0,0.0,0.0,0.0,0.0,1.5,0.5,1.0,0.0,1.0,0.0,16.0,1.0,15.999984000016001,0.9411764152249167,0.0,0.0,0.0,0.0,0.0,0.0,0.0,0.0,0.0,0.0,0.0,0.0,8.0,8.0,0.4999999687500019,8.0,1.1428571428571428,1.0,2.0,0.0,0.0,2000000.0,0.0,0.0,1.0,0.15,0.25,0.1,2.05,0.05,0.15,0.4498862093437174
2021MND__2021_04_22_MND_S3__Bot3_Zoom_Meeting_2021_04_22_13_05_56_v2_chunk8.mp4,2021MND,2021_04_22_MND_S3,2021_04_22_MND_S3,7,9,middle,1.0,0.0,True,False,False,True,0.16666666666666674,1.0,1.0,0.0,0.0,2.0,0.0,0.0,0.0,0.0,2.0,2.0,1.0,0.0,0.0,0.0,0.0,0.0,0.0,0.0,0.0,0.0,0.0,,0.0,0.0,0.0,0.0,0.0,1.0,0.0,0.0,1.0,2.0,0.0,0.0,0.0,1.0,0.0,0.0,0.0,2.0,0.0,0.0,0.0,0.0,,,1.0,0.0,1.0,0.0,4.0,0.0,4000000.0,0.9999997500000625,0.0,0.0,0.0,0.0,0.0,0.0,0.0,0.0,0.0,0.0,0.0,0.0,0.0,0.0,0.0,2.0,1.0,1.0,0.0,0.0,0.0,0.0,0.0,0.0,0.5,0.0,0.0,0.0,2.0,0.0,0.0,-0.6162029595607823
2021MND__2021_04_22_MND_S3__Bot3_Zoom_Meeting_2021_04_22_13_05_46_v2.mp4,2021MND,2021_04_22_MND_S3,2021_04_22_MND_S3,8,9,end,1.0,0.0,True,False,False,True,0.10000000000000009,1.0,0.0,0.0,1.0,2.0,0.0,0.0,0.0,0.0,,2.0,0.0,0.0,0.0,0.0,0.0,0.0,0.0,0.0,0.0,0.0,0.0,,0.0,0.0,0.0,0.0,0.0,2.0,0.0,0.0,1.0,0.0,1.0,0.0,0.0,0.0,0.0,0.0,0.0,1.0,0.0,0.0,0.0,0.0,,,,,1.0,0.0,1.0,0.0,1000000.0,0.9999990000010001,0.0,0.0,0.0,0.0,0.0,0.0,0.0,0.0,0.0,0.0,0.0,0.0,0.0,0.0,0.0,1.0,1.0,1.0,0.0,0.0,0.0,0.0,0.0,0.0,0.0,0.0,0.0,0.0,2.0,0.0,0.0,-0.8604649237120855
2021MND__2021_04_23_MND_S11__bot2_Zoom_Meeting_2021_04_23_13_13_56_chunk1.mp4,2021MND,2021_04_23_MND_S11,2021_04_23_MND_S11,0,7,beginning,3.0,1.0,True,True,True,True,0.5083194675540765,1.0,0.0,1.0,0.0,3.0,1.0,0.0,0.0,0.0,2.0,1.0,3.0,1.0,1.0,1.0,0.0,0.0,0.0,0.0,0.0,0.0,0.0,,0.0,0.0,0.0,0.0,0.0,1.0,3.0,3.0,7.0,1.0,0.0,2.0,1.0,4.0,0.0,0.0,1.0,9.0,1.0,1.0,0.0,0.0,1.6666666666666667,0.6666666666666666,1.0,0.0,1.4285714285714286,0.42857142857142855,15.0,1.0,14.999985000015002,0.9374999414062536,0.0,0.0,1.0,0.0,1.0,1.0,0.0,0.0,0.0,0.0,0.0,0.0,4.0,4.0,0.4999999375000079,19.0,1.3571428571428572,1.0,0.0,0.0,1.0,0.0,0.0,0.0,1.1904761904761905,0.0,0.14285714285714285,0.0,2.0,0.0,0.14285714285714285,-0.27888881858993503
2021MND__2021_04_23_MND_S11__bot2_Zoom_Meeting_2021_04_23_13_13_56_chunk2.mp4,2021MND,2021_04_23_MND_S11,2021_04_23_MND_S11,1,7,middle,3.0,1.0,True,True,True,True,0.3984990619136961,1.0,1.0,0.0,0.0,3.0,1.0,0.0,0.0,0.0,3.0,2.0,3.0,1.0,0.0,0.0,1.0,1.0,0.0,0.0,0.0,0.0,1.0,3.0,1.0,1.0,0.0,0.0,1.0,1.0,7.0,5.0,9.0,6.0,0.0,0.0,0.0,5.0,0.0,0.0,0.0,21.0,0.0,0.0,0.0,0.0,1.5,0.5,1.4,0.4,1.3333333333333333,0.3333333333333333,23.0,3.0,7.666664111111962,0.8846153505917173,0.0,0.0,0.0,0.0,0.0,0.0,0.0,0.0,0.0,0.0,1.0,0.0,5.0,6.0,0.4545454132231443,28.0,1.4,1.0,0.0,1.0,0.0,1000000.0,0.0,0.0,1.4545454545454546,0.045454545454545456,0.09090909090909091,0.0,2.1363636363636362,0.13636363636363635,0.13636363636363635,0.0303533591678196
2021MND__2021_04_23_MND_S11__bot2_Zoom_Meeting_2021_04_23_13_13_56_chunk3.mp4,2021MND,2021_04_23_MND_S11,2021_04_23_MND_S11,2,7,middle,3.0,1.0,True,True,True,True,0.3475811795891317,0.0,0.0,1.0,0.0,3.0,1.0,0.0,0.0,0.0,2.0,1.0,3.0,1.0,0.0,0.0,0.0,0.0,0.0,0.0,0.0,0.0,0.0,,0.0,0.0,0.0,0.0,0.0,1.0,9.0,9.0,11.0,5.0,0.0,1.0,0.0,0.0,0.0,0.0,0.0,26.0,0.0,0.0,0.0,0.0,1.5555555555555556,0.5555555555555556,,,1.3,0.3,24.0,1.0,23.999976000024002,0.9599999616000015,0.0,0.0,0.0,0.0,0.0,0.0,0.0,0.0,0.0,0.0,0.0,0.0,5.0,6.0,0.4545454132231443,27.0,1.4210526315789473,1.0,0.0,1.0,1.0,0.9999990000010001,0.0,0.0,1.1851851851851851,0.0,0.037037037037037035,0.037037037037037035,2.0,0.0,0.0,-0.1973840727230629
2021MND__2021_04_23_MND_S11__bot2_Zoom_Meeting_2021_04_23_13_13_56_chunk4.mp4,2021MND,2021_04_23_MND_S11,2021_04_23_MND_S11,3,7,middle,3.0,1.0,True,True,True,False,,,,,,,,,,,,,,,,,,,,,,,,,,,,,,,,,,,,,,,,,,,,,,,,,,,,,,,,,,,,,,,,,,,,,,,,,,,,,,,,,,,,,,,,
2021MND__2021_04_23_MND_S11__bot2_Zoom_Meeting_2021_04_23_13_13_56_chunk5.mp4,2021MND,2021_04_23_MND_S11,2021_04_23_MND_S11,4,7,middle,3.0,1.0,True,True,True,True,0.371069182389937,0.0,0.0,1.0,0.0,3.0,1.0,0.0,0.0,0.0,2.0,1.0,3.0,1.0,0.0,0.0,0.0,0.0,1.0,0.0,1.0,0.0,1.0,,0.0,0.0,0.0,0.0,0.0,1.0,5.0,9.0,11.0,1.0,3.0,0.0,0.0,1.0,0.0,0.0,1.0,26.0,0.0,0.0,0.0,0.0,1.2,0.2,2.0,1.0,1.375,0.375,16.0,1.0,15.999984000016001,0.9411764152249167,0.0,0.0,1.0,0.0,0.0,0.0,0.0,0.0,0.0,0.0,0.0,0.0,0.0,9.0,0.0,19.0,1.3571428571428572,1.0,0.0,0.0,0.0,0.0,0.0,0.0,0.6451612903225806,0.16129032258064516,0.16129032258064516,0.16129032258064516,2.032258064516129,0.03225806451612903,0.0,0.46046241530487214
2021MND__2021_04_23_MND_S11__bot2_Zoom_Meeting_2021_04_23_13_13_56_chunk6.mp4,2021MND,2021_04_23_MND_S11,2021_04_23_MND_S11,5,7,middle,3.0,1.0,True,True,True,True,0.4744027303754268,0.0,0.0,0.0,0.0,3.0,1.0,0.0,1.0,1.0,2.0,2.0,0.0,0.0,0.0,0.0,1.0,0.0,0.0,0.0,0.0,0.0,0.0,,0.0,0.0,0.0,0.0,0.0,2.0,7.0,5.0,4.0,2.0,0.0,4.0,9.0,1.0,1.0,0.0,0.0,17.0,0.0,2.0,0.0,0.0,1.0,0.0,,,1.25,0.25,13.0,0.0,13000000.0,0.9999999230769291,0.0,0.0,0.0,1.0,0.0,2.0,0.0,0.0,0.0,0.0,0.0,0.0,16.0,1.0,0.9411764152249167,9.0,1.125,1.0,0.0,0.0,0.0,0.0,0.0,0.0,0.5714285714285714,0.0,0.03571428571428571,0.03571428571428571,2.0,0.0,0.03571428571428571,-0.5002220621455888
2021MND__2021_04_23_MND_S11__bot2_Zoom_Meeting_2021_04_23_13_13_56_chunk7.mp4,2021MND,2021_04_23_MND_S11,2021_04_23_MND_S11,6,7,end,3.0,1.0,True,True,True,True,0.39102564102564097,1.0,0.0,0.0,1.0,3.0,0.0,0.0,1.0,1.0,,2.0,0.0,0.0,0.0,0.0,1.0,0.0,0.0,0.0,1.0,0.0,1.0,,0.0,0.0,0.0,0.0,0.0,2.0,3.0,3.0,2.0,3.0,4.0,3.0,10.0,0.0,0.0,0.0,0.0,12.0,0.0,0.0,0.0,0.0,1.3333333333333333,0.3333333333333333,,,1.0,0.5,8.0,0.0,8000000.0,0.9999998750000157,0.0,0.0,0.0,0.0,0.0,0.0,0.0,0.0,0.0,0.0,0.0,0.0,6.0,4.0,0.599999940000006,6.0,1.2,0.8,0.0,0.0,0.0,0.0,0.0,0.0,0.16,0.16,0.24,0.0,2.04,0.08,0.04,-0.14786325235574768
2021MND__2021_04_23_MND_S1__Bot_5_Zoom_Meeting_4_23_2021_11_24_29_AM_chunk1.mp4,2021MND,2021_04_23_MND_S1,2021_04_23_MND_S1,0,8,beginning,2.0,0.0,True,False,False,True,0.33247422680412364,0.0,0.0,1.0,0.0,3.0,0.0,0.0,1.0,0.0,2.0,1.0,0.0,0.0,0.0,1.0,0.0,0.0,0.0,0.0,0.0,0.0,0.0,,0.0,0.0,0.0,0.0,0.0,1.0,2.0,7.0,12.0,1.0,0.0,4.0,2.0,1.0,0.0,0.0,0.0,16.0,0.0,0.0,0.0,0.0,1.0,0.0,1.0,0.0,1.0,0.0,15.0,0.0,15000000.0,0.9999999333333378,0.0,0.0,0.0,0.0,0.0,0.0,0.0,0.0,0.0,0.0,0.0,0.0,1.0,5.0,0.16666663888889352,14.0,1.0,1.0,3.0,0.0,0.0,3000000.0,0.0,0.0,0.36363636363636365,0.0,0.13636363636363635,0.045454545454545456,2.0,0.0,0.045454545454545456,-0.5796190738284012
2021MND__2021_04_23_MND_S1__Bot_5_Zoom_Meeting_4_23_2021_12_10_03_PM_chunk1.mp4,2021MND,2021_04_23_MND_S1,2021_04_23_MND_S1,1,8,middle,2.0,0.0,True,False,False,True,0.4444444444444444,0.0,0.0,1.0,0.0,3.0,1.0,0.0,1.0,1.0,2.0,2.0,3.0,1.0,0.0,0.0,0.0,0.0,0.0,0.0,0.0,0.0,1.0,3.0,1.0,1.0,0.0,0.0,0.0,1.0,5.0,3.0,8.0,3.0,1.0,1.0,1.0,3.0,0.0,0.0,1.0,15.0,0.0,0.0,0.0,0.0,1.6,0.6,1.0,0.3333333333333333,1.625,0.625,18.0,1.0,17.999982000018,0.9473683711911383,0.0,0.0,1.0,0.0,0.0,0.0,0.0,0.0,0.0,0.0,0.0,0.0,1.0,9.0,0.09999999000000101,24.0,1.5,0.9375,0.0,1.0,0.0,1000000.0,0.0,0.0,1.0,0.15,0.3,0.1,2.3,0.35,0.05,0.4498862093437174
2021MND__2021_04_23_MND_S1__Bot_5_Zoom_Meeting_4_23_2021_11_24_29_AM_chunk2.mp4,2021MND,2021_04_23_MND_S1,2021_04_23_MND_S1,2,8,middle,2.0,0.0,True,False,False,True,0.2857142857142858,0.0,0.0,1.0,0.0,3.0,1.0,0.0,1.0,0.0,2.0,2.0,3.0,1.0,0.0,1.0,1.0,1.0,1.0,0.0,1.0,0.0,1.0,3.0,1.0,1.0,0.0,0.0,0.0,1.0,7.0,5.0,8.0,9.0,1.0,0.0,1.0,5.0,0.0,1.0,1.0,21.0,0.0,0.0,0.0,0.0,1.5714285714285714,0.5714285714285714,1.6,0.6,1.0,0.0,25.0,3.0,8.333330555556481,0.8928571109693889,1.0,0.0,1.0,0.0,0.0,0.0,0.0,0.0,0.0,0.0,0.0,0.0,9.0,8.0,0.5294117335640156,27.0,1.35,1.0,0.0,0.0,0.0,0.0,0.0,0.0,1.5909090909090908,0.045454545454545456,0.36363636363636365,0.18181818181818182,2.1818181818181817,0.18181818181818182,0.045454545454545456,0.5097733986673034
2021MND__2021_04_23_MND_S1__Bot_5_Zoom_Meeting_4_23_2021_12_10_03_PM_chunk2.mp4,2021MND,2021_04_23_MND_S1,2021_04_23_MND_S1,3,8,middle,2.0,0.0,True,False,False,True,0.44236760124610597,1.0,1.0,0.0,0.0,2.0,0.0,0.0,1.0,0.0,2.0,2.0,1.0,0.0,0.0,0.0,1.0,0.0,0.0,0.0,0.0,0.0,1.0,,0.0,0.0,0.0,0.0,0.0,2.0,0.0,0.0,0.0,0.0,1.0,2.0,2.0,2.0,0.0,0.0,0.0,2.0,0.0,0.0,0.0,0.0,,,1.0,0.0,,,2.0,0.0,2000000.0,0.99999950000025,0.0,0.0,0.0,0.0,0.0,0.0,0.0,0.0,0.0,0.0,0.0,0.0,2.0,0.0,0.99999950000025,2.0,1.0,1.0,0.0,0.0,0.0,0.0,0.5714285714285714,0.5714285714285714,1.1428571428571428,0.42857142857142855,0.7142857142857143,0.0,2.0,0.0,0.14285714285714285,1.3972352162085386
2021MND__2021_04_23_MND_S1__Bot_5_Zoom_Meeting_4_23_2021_11_24_29_AM_chunk3.mp4,2021MND,2021_04_23_MND_S1,2021_04_23_MND_S1,4,8,middle,2.0,0.0,True,False,False,True,0.36702127659574457,0.0,0.0,1.0,0.0,3.0,1.0,0.0,1.0,0.0,2.0,2.0,3.0,1.0,0.0,0.0,1.0,0.0,1.0,0.0,0.0,0.0,0.0,3.0,1.0,1.0,0.0,0.0,0.0,1.0,10.0,6.0,10.0,8.0,0.0,1.0,1.0,1.0,0.0,0.0,1.0,23.0,0.0,0.0,0.0,0.0,1.4444444444444444,0.4444444444444444,2.0,1.0,1.6,0.6,25.0,3.0,8.333330555556481,0.8928571109693889,0.0,0.0,1.0,0.0,0.0,0.0,0.0,0.0,0.0,0.0,0.0,0.0,5.0,4.0,0.5555554938271674,31.0,1.55,1.0,1.0,0.0,0.0,1000000.0,0.0,0.0,1.96,0.0,0.0,0.0,2.28,0.28,0.08,0.0970419757610231
2021MND__2021_04_23_MND_S1__Bot_5_Zoom_Meeting_4_23_2021_11_24_29_AM_chunk4.mp4,2021MND,2021_04_23_MND_S1,2021_04_23_MND_S1,5,8,middle,2.0,0.0,True,False,False,True,0.37791690381331833,0.0,0.0,1.0,0.0,3.0,1.0,1.0,1.0,0.0,3.0,2.0,3.0,1.0,1.0,1.0,1.0,0.0,1.0,1.0,0.0,0.0,1.0,3.0,1.0,1.0,0.0,0.0,1.0,1.0,11.0,3.0,11.0,5.0,2.0,0.0,2.0,3.0,0.0,0.0,0.0,26.0,1.0,0.0,0.0,0.0,1.4545454545454546,0.45454545454545453,1.6666666666666667,0.6666666666666666,1.0909090909090908,0.18181818181818182,25.0,4.0,6.24999843750039,0.8620689357907263,0.0,0.0,0.0,0.0,1.0,0.0,0.0,0.0,0.0,0.0,1.0,0.0,11.0,5.0,0.6874999570312527,33.0,1.32,0.96,0.0,2.0,1.0,1.9999980000020001,0.0,0.0,,0.0,0.0,0.07407407407407407,2.3333333333333335,0.37037037037037035,0.1111111111111111,-0.36487556253116343
2021MND__2021_04_23_MND_S1__Bot_5_Zoom_Meeting_4_23_2021_11_24_29_AM_chunk5.mp4,2021MND,2021_04_23_MND_S1,2021_04_23_MND_S1,6,8,middle,2.0,0.0,True,False,False,True,0.4431266846361186,0.0,1.0,0.0,0.0,3.0,1.0,0.0,1.0,1.0,4.0,4.0,3.0,1.0,0.0,1.0,1.0,0.0,1.0,0.0,1.0,0.0,1.0,,0.0,0.0,0.0,0.0,0.0,2.0,4.0,1.0,3.0,1.0,2.0,0.0,3.0,3.0,0.0,0.0,0.0,12.0,0.0,0.0,0.0,0.0,2.0,1.0,1.0,0.0,1.6666666666666667,0.6666666666666666,11.0,0.0,11000000.0,0.9999999090909174,0.0,0.0,0.0,0.0,0.0,0.0,0.0,0.0,0.0,0.0,0.0,0.0,4.0,4.0,0.4999999375000079,16.0,1.6,1.0,0.0,0.0,0.0,0.0,0.0,0.0,0.875,0.1875,0.375,0.0625,2.3125,0.3125,0.0625,0.4523764400554278
2021MND__2021_04_23_MND_S1__Bot_5_Zoom_Meeting_4_23_2021_11_16_28_AM.mp4,2021MND,2021_04_23_MND_S1,2021_04_23_MND_S1,7,8,end,2.0,0.0,True,False,False,True,0.3185741088180114,0.0,0.0,0.0,1.0,3.0,0.0,0.0,1.0,0.0,,1.0,0.0,0.0,0.0,0.0,0.0,0.0,0.0,0.0,0.0,0.0,1.0,,0.0,0.0,0.0,1.0,1.0,2.0,0.0,0.0,13.0,1.0,0.0,9.0,4.0,1.0,0.0,0.0,0.0,12.0,0.0,0.0,0.0,0.0,,,1.0,0.0,1.0,0.0,15.0,0.0,15000000.0,0.9999999333333378,0.0,0.0,0.0,0.0,0.0,0.0,0.0,0.0,0.0,0.0,0.0,0.0,1.0,11.0,0.08333332638888948,14.0,1.0,1.0,0.0,0.0,0.0,0.0,0.0,0.0,0.48148148148148145,0.0,0.037037037037037035,0.0,2.037037037037037,0.07407407407407407,0.037037037037037035,-0.6252496989737936
2021MND__2021_04_23_MND_S13__botB1_2021_04_23_13_14_18_chunk1.mp4,2021MND,2021_04_23_MND_S13,2021_04_23_MND_S13,0,7,beginning,0.0,0.0,False,False,False,True,0.3467278989667051,0.0,0.0,0.0,1.0,3.0,0.0,0.0,0.0,0.0,,1.0,0.0,0.0,0.0,0.0,0.0,0.0,0.0,0.0,0.0,0.0,1.0,,0.0,0.0,0.0,0.0,1.0,2.0,0.0,0.0,9.0,0.0,3.0,14.0,5.0,0.0,0.0,0.0,0.0,9.0,0.0,1.0,0.0,0.0,,,,,1.0,0.0,9.0,0.0,9000000.0,0.9999998888889013,0.0,0.0,0.0,0.0,0.0,1.0,0.0,0.0,0.0,0.0,0.0,0.0,0.0,9.0,0.0,9.0,1.0,1.0,0.0,0.0,0.0,0.0,0.0,0.0,0.5769230769230769,0.038461538461538464,0.46153846153846156,0.038461538461538464,2.0,0.0,0.0,-0.3387913578184776
2021MND__2021_04_23_MND_S13__botB1_2021_04_23_13_14_18_chunk2.mp4,2021MND,2021_04_23_MND_S13,2021_04_23_MND_S13,1,7,middle,0.0,0.0,False,False,False,True,0.34845890410958913,0.0,0.0,1.0,0.0,3.0,0.0,0.0,0.0,0.0,2.0,1.0,0.0,0.0,0.0,0.0,1.0,1.0,0.0,0.0,1.0,0.0,1.0,,0.0,0.0,0.0,0.0,1.0,1.0,5.0,4.0,9.0,5.0,1.0,1.0,0.0,0.0,0.0,0.0,0.0,14.0,0.0,0.0,0.0,0.0,1.5,0.5,,,1.2222222222222223,0.2222222222222222,17.0,1.0,16.999983000017,0.9444443919753115,0.0,0.0,0.0,0.0,0.0,0.0,0.0,0.0,0.0,0.0,0.0,0.0,3.0,7.0,0.299999970000003,17.0,1.3076923076923077,1.0,0.0,0.0,0.0,0.0,0.0,0.0,1.2857142857142858,0.07142857142857142,0.21428571428571427,0.07142857142857142,2.0,0.0,0.21428571428571427,0.21304111186945937
2021MND__2021_04_23_MND_S13__botB1_2021_04_23_13_14_18_chunk3.mp4,2021MND,2021_04_23_MND_S13,2021_04_23_MND_S13,2,7,middle,0.0,0.0,False,False,False,False,,,,,,,,,,,,,,,,,,,,,,,,,,,,,,,,,,,,,,,,,,,,,,,,,,,,,,,,,,,,,,,,,,,,,,,,,,,,,,,,,,,,,,,,
2021MND__2021_04_23_MND_S13__botB1_2021_04_23_13_14_18_chunk4.mp4,2021MND,2021_04_23_MND_S13,2021_04_23_MND_S13,3,7,middle,0.0,0.0,False,False,False,True,0.42584745762711873,0.0,0.0,1.0,0.0,3.0,1.0,0.0,0.0,0.0,2.0,1.0,2.0,0.0,0.0,1.0,1.0,0.0,1.0,0.0,1.0,0.0,1.0,,0.0,0.0,1.0,0.0,0.0,1.0,8.0,5.0,5.0,2.0,0.0,1.0,0.0,2.0,0.0,0.0,1.0,15.0,0.0,0.0,0.0,0.0,1.125,0.375,1.0,0.0,1.5,0.5,16.0,0.0,16000000.0,0.9999999375000038,0.0,0.0,1.0,0.0,0.0,0.0,0.0,0.0,0.0,0.0,0.0,0.0,8.0,1.0,0.8888887901234679,17.0,1.2142857142857142,0.8571428571428571,0.0,0.0,0.0,0.0,0.0,0.0,,0.0,0.0,0.0,2.2666666666666666,0.26666666666666666,0.06666666666666667,-0.6171441482000752
2021MND__2021_04_23_MND_S13__botB1_2021_04_23_13_14_18_chunk5.mp4,2021MND,2021_04_23_MND_S13,2021_04_23_MND_S13,4,7,middle,0.0,0.0,False,False,False,True,0.2316521739130435,0.0,1.0,0.0,0.0,3.0,1.0,0.0,1.0,1.0,3.0,2.0,3.0,1.0,0.0,0.0,1.0,0.0,0.0,1.0,0.0,0.0,1.0,,0.0,0.0,0.0,0.0,0.0,2.0,10.0,0.0,9.0,5.0,3.0,3.0,5.0,4.0,0.0,1.0,0.0,25.0,0.0,0.0,0.0,0.0,1.4,0.4,1.75,0.75,1.4444444444444444,0.4444444444444444,27.0,0.0,27000000.0,0.9999999629629643,1.0,0.0,0.0,0.0,0.0,0.0,0.0,0.0,0.0,0.0,0.0,0.0,6.0,8.0,0.42857139795918586,34.0,1.4782608695652173,1.0,0.0,1.0,0.0,1000000.0,0.0,0.0,0.9230769230769231,0.0,0.3076923076923077,0.0,2.230769230769231,0.23076923076923078,0.038461538461538464,-0.40951975912506416
2021MND__2021_04_23_MND_S13__botB1_2021_04_23_13_14_18_chunk6.mp4,2021MND,2021_04_23_MND_S13,2021_04_23_MND_S13,5,7,middle,0.0,0.0,False,False,False,True,0.32569326542161847,0.0,0.0,1.0,0.0,3.0,1.0,0.0,1.0,1.0,3.0,2.0,3.0,1.0,0.0,0.0,1.0,0.0,1.0,0.0,0.0,0.0,1.0,3.0,1.0,1.0,0.0,1.0,0.0,1.0,5.0,3.0,5.0,5.0,3.0,2.0,3.0,3.0,1.0,0.0,1.0,13.0,0.0,0.0,0.0,0.0,1.2,0.2,1.3333333333333333,0.3333333333333333,1.8,0.8,16.0,1.0,15.999984000016001,0.9411764152249167,0.0,0.0,1.0,1.0,0.0,0.0,0.0,0.0,1.0,1.0,0.0,1000000.0,3.0,1.0,0.7499998125000469,19.0,1.4615384615384615,1.0,0.0,0.0,0.0,0.0,0.0,0.0,1.0,0.23809523809523808,0.3333333333333333,0.09523809523809523,2.142857142857143,0.14285714285714285,0.0,0.7883931536578038
2021MND__2021_04_23_MND_S13__botB1_2021_04_23_13_14_18_chunk7.mp4,2021MND,2021_04_23_MND_S13,2021_04_23_MND_S13,6,7,end,0.0,0.0,False,False,False,True,0.4007532956685498,0.0,0.0,0.0,0.0,4.0,0.0,0.0,1.0,1.0,2.0,2.0,0.0,0.0,0.0,0.0,1.0,0.0,1.0,0.0,1.0,0.0,1.0,,0.0,0.0,0.0,0.0,0.0,2.0,0.0,0.0,0.0,0.0,0.0,0.0,0.0,0.0,0.0,0.0,0.0,0.0,0.0,0.0,0.0,0.0,,,,,,,0.0,0.0,0.0,0.0,0.0,0.0,0.0,0.0,0.0,0.0,0.0,0.0,0.0,0.0,0.0,0.0,0.0,0.0,0.0,0.0,,,0.0,0.0,0.0,0.0,0.0,0.0,1.2608695652173914,0.13043478260869565,0.6956521739130435,0.34782608695652173,2.130434782608696,0.17391304347826086,0.08695652173913043,1.0624151476775126
2021MZT__2021_10_01_MZT_S11__B5_2021_10_01_13_12_03_chunk1.mp4,2021MZT,2021_10_01_MZT_S11,2021_10_01_MZT_S11,0,7,beginning,2.0,2.0,True,True,True,True,0.5304166666666668,1.0,0.0,0.0,1.0,3.0,0.0,0.0,1.0,0.0,,1.0,0.0,0.0,0.0,0.0,0.0,0.0,0.0,0.0,1.0,0.0,1.0,,0.0,0.0,0.0,0.0,0.0,2.0,0.0,1.0,8.0,1.0,1.0,7.0,4.0,0.0,0.0,0.0,0.0,7.0,0.0,1.0,0.0,0.0,,,,,0.875,0.0,9.0,0.0,9000000.0,0.9999998888889013,0.0,0.0,0.0,0.0,0.0,1.0,0.0,0.0,0.0,0.0,0.0,0.0,0.0,7.0,0.0,7.0,0.875,0.875,0.0,0.0,0.0,0.0,0.0,0.0,0.42857142857142855,0.047619047619047616,0.14285714285714285,0.047619047619047616,2.0,0.0,0.0,-0.35416163116836313
2021MZT__2021_10_01_MZT_S11__B5_2021_10_01_13_12_03_chunk2.mp4,2021MZT,2021_10_01_MZT_S11,2021_10_01_MZT_S11,1,7,middle,2.0,2.0,True,True,True,True,0.399251583189407,0.0,0.0,1.0,0.0,3.0,1.0,0.0,1.0,0.0,2.0,1.0,2.0,0.0,0.0,0.0,0.0,1.0,0.0,0.0,1.0,0.0,1.0,,0.0,0.0,0.0,0.0,0.0,1.0,0.0,5.0,0.0,2.0,2.0,1.0,2.0,0.0,0.0,0.0,0.0,15.0,0.0,0.0,0.0,0.0,,,,,,,1.0,1.0,0.9999990000010001,0.499999750000125,0.0,0.0,0.0,0.0,0.0,0.0,0.0,0.0,0.0,0.0,0.0,0.0,3.0,5.0,0.3749999531250059,0.0,,,0.0,4.0,0.0,4000000.0,0.0,0.0,1.4166666666666667,0.08333333333333333,0.20833333333333334,0.16666666666666666,2.125,0.08333333333333333,0.041666666666666664,0.5404498963595169
2021MZT__2021_10_01_MZT_S11__B5_2021_10_01_13_12_03_chunk3.mp4,2021MZT,2021_10_01_MZT_S11,2021_10_01_MZT_S11,2,7,middle,2.0,2.0,True,True,True,True,0.3036013400335009,1.0,0.0,1.0,0.0,3.0,1.0,0.0,0.0,0.0,2.0,1.0,3.0,1.0,0.0,0.0,0.0,1.0,0.0,0.0,0.0,0.0,0.0,,0.0,0.0,0.0,0.0,0.0,1.0,2.0,4.0,4.0,2.0,0.0,2.0,0.0,0.0,0.0,0.0,1.0,10.0,0.0,0.0,0.0,0.0,2.0,1.0,,,0.75,0.0,7.0,1.0,6.9999930000070005,0.8749998906250137,0.0,0.0,1.0,0.0,0.0,0.0,0.0,0.0,0.0,0.0,0.0,0.0,1.0,4.0,0.199999960000008,7.0,1.1666666666666667,0.8333333333333334,0.0,1.0,0.0,1000000.0,0.0,0.0,2.4,0.0,0.0,0.2,2.0,0.0,0.0,0.7660759584182112
2021MZT__2021_10_01_MZT_S11__B5_2021_10_01_13_12_03_chunk4.mp4,2021MZT,2021_10_01_MZT_S11,2021_10_01_MZT_S11,3,7,middle,2.0,2.0,True,True,True,True,0.276111111111111,0.0,0.0,1.0,0.0,3.0,1.0,0.0,0.0,0.0,2.0,1.0,2.0,0.0,0.0,0.0,0.0,0.0,0.0,0.0,0.0,0.0,0.0,,0.0,0.0,0.0,0.0,1.0,1.0,6.0,4.0,7.0,1.0,0.0,2.0,0.0,0.0,0.0,0.0,0.0,15.0,0.0,0.0,0.0,0.0,1.3333333333333333,0.3333333333333333,,,1.0,0.0,13.0,0.0,13000000.0,0.9999999230769291,0.0,0.0,0.0,0.0,0.0,0.0,0.0,0.0,0.0,0.0,0.0,0.0,1.0,6.0,0.1428571224489825,15.0,1.1538461538461537,1.0,0.0,1.0,0.0,1000000.0,0.0,0.0,1.3333333333333333,0.0,0.06666666666666667,0.0,2.2,0.2,0.26666666666666666,-0.20909968597527698
2021MZT__2021_10_01_MZT_S11__B5_2021_10_01_13_12_03_chunk5.mp4,2021MZT,2021_10_01_MZT_S11,2021_10_01_MZT_S11,4,7,middle,2.0,2.0,True,True,True,True,0.34408602150537626,0.0,0.0,1.0,0.0,4.0,1.0,0.0,0.0,0.0,2.0,1.0,3.0,1.0,1.0,1.0,1.0,0.0,0.0,0.0,0.0,0.0,1.0,,0.0,0.0,0.0,0.0,0.0,1.0,4.0,5.0,10.0,1.0,0.0,1.0,1.0,1.0,0.0,0.0,0.0,17.0,0.0,0.0,0.0,0.0,1.5,0.5,2.0,1.0,1.1111111111111112,0.1111111111111111,16.0,0.0,16000000.0,0.9999999375000038,0.0,0.0,0.0,0.0,0.0,0.0,0.0,0.0,0.0,0.0,0.0,0.0,3.0,8.0,0.2727272479338866,18.0,1.2857142857142858,1.0,0.0,2.0,0.0,2000000.0,0.0,0.0,1.65,0.05,0.1,0.45,2.05,0.05,0.05,1.1655491558300333
2021MZT__2021_10_01_MZT_S11__B5_2021_10_01_13_12_03_chunk6.mp4,2021MZT,2021_10_01_MZT_S11,2021_10_01_MZT_S11,5,7,middle,2.0,2.0,True,True,True,True,0.2856529209621994,0.0,0.0,1.0,0.0,3.0,0.0,0.0,1.0,1.0,3.0,1.0,2.0,0.0,0.0,0.0,0.0,0.0,0.0,0.0,0.0,0.0,1.0,,0.0,0.0,0.0,0.0,0.0,2.0,7.0,4.0,5.0,4.0,2.0,8.0,7.0,2.0,0.0,0.0,0.0,18.0,0.0,0.0,0.0,1.0,1.4285714285714286,0.42857142857142855,1.0,0.0,1.4,0.4,18.0,0.0,18000000.0,0.9999999444444475,0.0,0.0,0.0,0.0,0.0,0.0,0.0,1.0,0.0,0.0,0.0,0.0,5.0,3.0,0.6249999218750099,19.0,1.3571428571428572,1.0,0.0,0.0,0.0,0.0,0.0,0.0,0.8571428571428571,0.0,0.07142857142857142,0.0,2.1785714285714284,0.17857142857142858,0.07142857142857142,-0.44173012802413725
2021MZT__2021_10_01_MZT_S11__B5_2021_10_01_13_12_03_chunk7.mp4,2021MZT,2021_10_01_MZT_S11,2021_10_01_MZT_S11,6,7,end,2.0,2.0,True,True,True,True,0.6439909297052155,1.0,1.0,0.0,0.0,3.0,1.0,0.0,1.0,1.0,3.0,3.0,3.0,1.0,0.0,1.0,1.0,0.0,0.0,0.0,1.0,0.0,1.0,,0.0,0.0,0.0,1.0,0.0,2.0,1.0,1.0,1.0,4.0,6.0,0.0,15.0,7.0,0.0,0.0,1.0,21.0,0.0,0.0,1.0,0.0,1.0,0.0,1.0,0.0,1.0,0.0,13.0,0.0,13000000.0,0.9999999230769291,0.0,0.0,1.0,0.0,0.0,0.0,1.0,0.0,1.0,0.0,0.0,0.0,8.0,1.0,0.8888887901234679,9.0,1.0,1.0,0.0,2.0,0.0,2000000.0,0.0,0.0,0.3225806451612903,0.06451612903225806,0.12903225806451613,0.03225806451612903,2.096774193548387,0.0967741935483871,0.06451612903225806,-0.3738155821186894
2021MZT__2021_09_30_MZT_S1__B1_(short)_Zoom_Meeting_Room_1_2021_09_30_12_55_28_chunk1.mp4,2021MZT,2021_09_30_MZT_S1,2021_09_30_MZT_S1,0,2,beginning,,,,,,True,0.1839788732394365,0.0,0.0,1.0,0.0,3.0,1.0,0.0,0.0,0.0,2.0,1.0,2.0,0.0,0.0,0.0,0.0,0.0,1.0,0.0,1.0,0.0,1.0,,0.0,0.0,0.0,0.0,0.0,1.0,6.0,2.0,8.0,1.0,2.0,4.0,2.0,0.0,0.0,0.0,1.0,12.0,0.0,0.0,0.0,0.0,1.6666666666666667,0.6666666666666666,,,1.0,0.0,15.0,0.0,15000000.0,0.9999999333333378,0.0,0.0,1.0,0.0,0.0,0.0,0.0,0.0,1.0,0.0,0.0,0.0,0.0,10.0,0.0,18.0,1.2857142857142858,1.0,0.0,0.0,0.0,0.0,0.0,0.0,0.8947368421052632,0.05263157894736842,0.10526315789473684,0.15789473684210525,2.0526315789473686,0.05263157894736842,0.0,0.1438190295447268
2021MZT__2021_09_30_MZT_S1__B1_(short)_Zoom_Meeting_Room_1_2021_09_30_12_55_28_chunk2.mp4,2021MZT,2021_09_30_MZT_S1,2021_09_30_MZT_S1,1,2,end,,,,,,True,0.5406976744186047,1.0,0.0,1.0,0.0,3.0,1.0,0.0,0.0,0.0,2.0,1.0,3.0,1.0,0.0,0.0,1.0,1.0,0.0,0.0,1.0,0.0,1.0,,0.0,0.0,0.0,1.0,0.0,1.0,2.0,0.0,0.0,0.0,0.0,3.0,0.0,2.0,0.0,0.0,0.0,2.0,0.0,0.0,0.0,0.0,2.0,1.0,2.0,1.0,,,4.0,0.0,4000000.0,0.9999997500000625,0.0,0.0,0.0,0.0,0.0,0.0,0.0,0.0,0.0,0.0,0.0,0.0,2.0,0.0,0.99999950000025,8.0,2.0,1.0,1.0,1.0,0.0,2000000.0,0.0,0.0,1.0,0.2,0.2,0.0,2.4,0.4,0.2,0.42110630812542205
2021MZT__2021_09_30_MZT_S5__B5_2021_09_30_12_57_07_chunk1.mp4,2021MZT,2021_09_30_MZT_S5,2021_09_30_MZT_S5,0,6,beginning,1.0,1.0,True,True,True,True,0.3351063829787233,0.0,0.0,1.0,0.0,3.0,1.0,0.0,0.0,0.0,2.0,1.0,3.0,1.0,1.0,1.0,1.0,1.0,1.0,0.0,0.0,0.0,1.0,,0.0,0.0,0.0,0.0,0.0,1.0,11.0,1.0,2.0,0.0,2.0,2.0,1.0,1.0,2.0,0.0,1.0,16.0,1.0,0.0,0.0,0.0,1.0909090909090908,0.09090909090909091,1.0,0.0,1.0,0.0,14.0,0.0,14000000.0,0.9999999285714337,0.0,0.0,1.0,2.0,1.0,0.0,0.0,0.0,0.0,0.0,0.0,0.0,7.0,7.0,0.49999996428571686,15.0,1.0714285714285714,1.0,0.0,0.0,0.0,0.0,0.0,0.0,1.5,0.0,0.1875,0.0,2.125,0.125,0.125,-0.12767903125817584
2021MZT__2021_09_30_MZT_S5__B5_2021_09_30_12_57_07_chunk2.mp4,2021MZT,2021_09_30_MZT_S5,2021_09_30_MZT_S5,1,6,middle,1.0,1.0,True,True,True,True,0.4526909722222223,0.0,0.0,1.0,0.0,3.0,1.0,0.0,0.0,0.0,2.0,1.0,3.0,1.0,0.0,0.0,0.0,0.0,0.0,0.0,0.0,0.0,0.0,,0.0,0.0,0.0,0.0,1.0,1.0,9.0,4.0,8.0,0.0,0.0,1.0,3.0,0.0,1.0,0.0,0.0,15.0,0.0,0.0,0.0,0.0,1.1111111111111112,0.1111111111111111,,,1.125,0.125,15.0,0.0,15000000.0,0.9999999333333378,0.0,0.0,0.0,1.0,0.0,0.0,0.0,0.0,0.0,0.0,0.0,0.0,3.0,9.0,0.2499999791666684,19.0,1.1176470588235294,1.0,0.0,0.0,0.0,0.0,0.0,0.0,0.7222222222222222,0.05555555555555555,0.05555555555555555,0.05555555555555555,2.0,0.05555555555555555,0.05555555555555555,-0.16121687612160804
2021MZT__2021_09_30_MZT_S5__B5_2021_09_30_12_57_07_chunk3.mp4,2021MZT,2021_09_30_MZT_S5,2021_09_30_MZT_S5,2,6,middle,1.0,1.0,True,True,True,True,0.25224351200582107,0.0,0.0,1.0,0.0,3.0,1.0,1.0,0.0,0.0,2.0,2.0,3.0,1.0,1.0,0.0,1.0,0.0,0.0,0.0,1.0,0.0,1.0,3.0,1.0,1.0,0.0,1.0,0.0,1.0,7.0,2.0,4.0,3.0,0.0,1.0,0.0,1.0,0.0,0.0,2.0,13.0,2.0,0.0,0.0,0.0,1.25,0.25,1.0,0.0,1.0,0.0,12.0,2.0,5.9999970000015,0.8571427959183717,0.0,0.0,2.0,0.0,2.0,0.0,0.0,0.0,0.0,0.0,0.0,0.0,4.0,4.0,0.4999999375000079,10.0,1.1111111111111112,1.0,0.0,0.0,0.0,0.0,0.0,0.0,1.6153846153846154,0.07692307692307693,0.15384615384615385,0.07692307692307693,2.1538461538461537,0.15384615384615385,0.0,0.40835479036864125
2021MZT__2021_09_30_MZT_S5__B5_2021_09_30_12_57_07_chunk4.mp4,2021MZT,2021_09_30_MZT_S5,2021_09_30_MZT_S5,3,6,middle,1.0,1.0,True,True,True,True,0.32456140350877183,0.0,0.0,1.0,0.0,3.0,1.0,0.0,0.0,0.0,2.0,1.0,3.0,1.0,0.0,1.0,1.0,0.0,1.0,0.0,0.0,0.0,0.0,,0.0,0.0,0.0,0.0,0.0,1.0,0.0,0.0,0.0,0.0,0.0,0.0,0.0,0.0,0.0,0.0,0.0,13.0,0.0,0.0,0.0,0.0,,,,,,,0.0,0.0,0.0,0.0,0.0,0.0,0.0,0.0,0.0,0.0,0.0,0.0,0.0,0.0,0.0,0.0,7.0,5.0,0.5833332847222263,0.0,,,0.0,0.0,0.0,0.0,0.0,0.0,1.1333333333333333,0.0,0.06666666666666667,0.13333333333333333,2.0,0.0,0.0,-0.0040821688331040456
2021MZT__2021_09_30_MZT_S5__B5_2021_09_30_12_57_07_chunk5.mp4,2021MZT,2021_09_30_MZT_S5,2021_09_30_MZT_S5,4,6,middle,1.0,1.0,True,True,True,True,0.2605166051660517,0.0,0.0,1.0,0.0,3.0,1.0,0.0,0.0,0.0,2.0,1.0,3.0,1.0,0.0,0.0,1.0,0.0,0.0,0.0,0.0,0.0,0.0,,0.0,0.0,0.0,0.0,0.0,1.0,10.0,3.0,6.0,2.0,0.0,0.0,0.0,3.0,0.0,0.0,1.0,5.0,0.0,0.0,0.0,0.0,1.3,0.3,1.3333333333333333,0.3333333333333333,1.3333333333333333,0.3333333333333333,20.0,0.0,20000000.0,0.9999999500000024,0.0,0.0,1.0,0.0,0.0,0.0,0.0,0.0,0.0,0.0,0.0,0.0,5.0,0.0,0.99999980000004,25.0,1.3157894736842106,1.0,0.0,0.0,0.0,0.0,0.0,0.0,0.8571428571428571,0.0,0.0,0.0,2.2142857142857144,0.21428571428571427,0.0,-0.44173012802413725
2021MZT__2021_09_30_MZT_S5__B5_2021_09_30_12_57_07_chunk6.mp4,2021MZT,2021_09_30_MZT_S5,2021_09_30_MZT_S5,5,6,end,1.0,1.0,True,True,True,True,0.6298701298701299,0.0,1.0,0.0,0.0,3.0,0.0,0.0,1.0,1.0,2.0,2.0,0.0,0.0,0.0,0.0,1.0,0.0,0.0,0.0,0.0,0.0,1.0,,0.0,0.0,0.0,0.0,0.0,2.0,3.0,5.0,2.0,3.0,1.0,5.0,13.0,7.0,1.0,0.0,0.0,11.0,0.0,0.0,0.0,0.0,1.0,0.0,1.0,0.0,1.0,0.0,15.0,0.0,15000000.0,0.9999999333333378,0.0,0.0,0.0,1.0,0.0,0.0,0.0,0.0,0.0,0.0,0.0,0.0,9.0,2.0,0.8181817438016598,12.0,1.0,1.0,0.0,0.0,0.0,0.0,0.0,0.0,0.3,0.02,0.02,0.02,2.0,0.0,0.04,-0.5891946694474094
2021MZT__2021_09_30_MZT_S3__B3_2021_09_30_12_56_36_chunk1.mp4,2021MZT,2021_09_30_MZT_S3,2021_09_30_MZT_S3,0,6,beginning,1.0,0.0,True,False,False,True,0.2816806722689076,0.0,0.0,1.0,0.0,2.0,1.0,0.0,0.0,0.0,4.0,1.0,2.0,0.0,0.0,0.0,0.0,0.0,1.0,0.0,0.0,0.0,0.0,,0.0,0.0,0.0,0.0,1.0,1.0,4.0,0.0,4.0,0.0,0.0,3.0,0.0,0.0,0.0,0.0,0.0,4.0,0.0,0.0,0.0,0.0,1.75,0.75,,,1.0,0.0,8.0,0.0,8000000.0,0.9999998750000157,0.0,0.0,0.0,0.0,0.0,0.0,0.0,0.0,0.0,0.0,0.0,0.0,0.0,4.0,0.0,11.0,1.375,1.0,0.0,0.0,0.0,0.0,0.0,0.0,1.4285714285714286,0.0,0.14285714285714285,0.0,2.0,0.0,0.0,-0.16257359756550485
2021MZT__2021_09_30_MZT_S3__B3_2021_09_30_12_56_36_chunk2.mp4,2021MZT,2021_09_30_MZT_S3,2021_09_30_MZT_S3,1,6,middle,1.0,0.0,True,False,False,True,0.395964360587002,0.0,0.0,0.0,0.0,3.0,1.0,0.0,0.0,0.0,3.0,2.0,3.0,1.0,0.0,0.0,1.0,1.0,1.0,0.0,0.0,0.0,0.0,3.0,1.0,1.0,0.0,0.0,0.0,1.0,1.0,1.0,4.0,3.0,0.0,2.0,1.0,2.0,0.0,0.0,0.0,12.0,0.0,0.0,0.0,0.0,2.0,1.0,2.0,1.0,1.5,0.5,8.0,2.0,3.999998000001,0.7999999200000081,0.0,0.0,0.0,0.0,0.0,0.0,0.0,0.0,0.0,0.0,0.0,0.0,4.0,8.0,0.3333333055555579,12.0,1.7142857142857142,1.0,0.0,0.0,0.0,0.0,0.0,0.0,1.1428571428571428,0.0,0.0,0.0,2.0714285714285716,0.07142857142857142,0.0,-0.30215186279482104
2021MZT__2021_09_30_MZT_S3__B3_2021_09_30_12_56_36_chunk3.mp4,2021MZT,2021_09_30_MZT_S3,2021_09_30_MZT_S3,2,6,middle,1.0,0.0,True,False,False,True,0.4871428571428571,0.0,0.0,1.0,0.0,2.0,1.0,0.0,0.0,0.0,2.0,1.0,0.0,0.0,0.0,0.0,0.0,0.0,1.0,0.0,1.0,0.0,1.0,,0.0,0.0,0.0,0.0,0.0,1.0,3.0,2.0,5.0,3.0,1.0,1.0,0.0,1.0,0.0,0.0,0.0,9.0,0.0,0.0,0.0,0.0,1.3333333333333333,0.3333333333333333,2.0,1.0,1.4,0.4,12.0,0.0,12000000.0,0.9999999166666736,0.0,0.0,0.0,0.0,0.0,0.0,0.0,0.0,0.0,0.0,0.0,0.0,0.0,9.0,0.0,13.0,1.4444444444444444,1.0,0.0,0.0,0.0,0.0,0.0,0.0,0.5555555555555556,0.1111111111111111,0.2222222222222222,0.0,2.3333333333333335,0.3333333333333333,0.2222222222222222,-0.14848090602458133
2021MZT__2021_09_30_MZT_S3__B3_2021_09_30_12_56_36_chunk4.mp4,2021MZT,2021_09_30_MZT_S3,2021_09_30_MZT_S3,3,6,middle,1.0,0.0,True,False,False,True,0.3138760880696365,0.0,0.0,1.0,0.0,3.0,1.0,0.0,1.0,0.0,2.0,1.0,3.0,1.0,0.0,1.0,1.0,1.0,0.0,0.0,0.0,0.0,0.0,,0.0,0.0,0.0,0.0,0.0,1.0,4.0,3.0,3.0,1.0,0.0,3.0,7.0,1.0,0.0,0.0,0.0,4.0,0.0,1.0,0.0,0.0,1.75,0.75,2.0,1.0,2.0,1.0,9.0,0.0,9000000.0,0.9999998888889013,0.0,0.0,0.0,0.0,0.0,1.0,0.0,0.0,0.0,0.0,0.0,0.0,1.0,3.0,0.24999993750001562,15.0,1.875,1.0,0.0,0.0,0.0,0.0,0.0,0.0,1.5294117647058822,0.0,0.0,0.0,2.0588235294117645,0.058823529411764705,0.0,-0.11331068042574628
2021MZT__2021_09_30_MZT_S3__B3_2021_09_30_12_56_36_chunk5.mp4,2021MZT,2021_09_30_MZT_S3,2021_09_30_MZT_S3,4,6,middle,1.0,0.0,True,False,False,True,0.4414210128495841,0.0,0.0,1.0,0.0,3.0,1.0,0.0,1.0,1.0,3.0,2.0,3.0,1.0,0.0,0.0,1.0,0.0,0.0,0.0,0.0,0.0,0.0,,0.0,0.0,0.0,0.0,0.0,1.0,7.0,4.0,6.0,2.0,0.0,2.0,4.0,4.0,0.0,0.0,1.0,13.0,0.0,0.0,0.0,0.0,1.5714285714285714,0.5714285714285714,1.5,0.5,1.1666666666666667,0.16666666666666666,19.0,0.0,19000000.0,0.9999999473684238,0.0,0.0,1.0,0.0,0.0,0.0,0.0,0.0,0.0,0.0,0.0,0.0,12.0,1.0,0.9230768520710114,24.0,1.411764705882353,1.0,0.0,0.0,0.0,0.0,0.0,0.0,0.631578947368421,0.0,0.0,0.15789473684210525,2.1052631578947367,0.10526315789473684,0.10526315789473684,-0.19343655778093308
2021MZT__2021_09_30_MZT_S3__B3_2021_09_30_12_56_36_chunk6.mp4,2021MZT,2021_09_30_MZT_S3,2021_09_30_MZT_S3,5,6,end,1.0,0.0,True,False,False,True,0.43775100401606437,0.0,1.0,0.0,0.0,3.0,1.0,0.0,1.0,1.0,3.0,3.0,2.0,0.0,0.0,1.0,1.0,0.0,0.0,0.0,1.0,0.0,1.0,,0.0,0.0,0.0,0.0,0.0,1.0,3.0,3.0,4.0,5.0,4.0,1.0,8.0,2.0,0.0,0.0,1.0,12.0,0.0,0.0,0.0,0.0,1.6666666666666667,0.6666666666666666,1.0,0.0,1.5,0.5,13.0,1.0,12.999987000013,0.9285713622449028,0.0,0.0,1.0,0.0,0.0,0.0,0.0,0.0,0.0,0.0,0.0,0.0,2.0,1.0,0.6666664444445185,12.0,1.5,1.0,2.0,0.0,0.0,2000000.0,0.0,0.0,0.5,0.15384615384615385,0.15384615384615385,0.07692307692307693,1.9615384615384615,0.0,0.038461538461538464,0.1684809101599268
2021MZT__2021_10_01_MZT_S5__B5_2021_10_01_11_04_33_chunk1.mp4,2021MZT,2021_10_01_MZT_S5,2021_10_01_MZT_S5,0,10,beginning,2.0,1.0,True,True,True,True,0.21621621621621623,0.0,0.0,0.0,1.0,3.0,0.0,0.0,1.0,0.0,,1.0,0.0,0.0,0.0,0.0,0.0,0.0,1.0,0.0,1.0,0.0,1.0,,0.0,0.0,0.0,0.0,0.0,2.0,0.0,2.0,21.0,1.0,2.0,8.0,2.0,0.0,0.0,0.0,0.0,10.0,0.0,0.0,0.0,0.0,,,,,0.0,0.0,22.0,0.0,22000000.0,0.9999999545454565,0.0,0.0,0.0,0.0,0.0,0.0,0.0,0.0,0.0,0.0,0.0,0.0,0.0,10.0,0.0,0.0,0.0,0.0,0.0,0.0,0.0,0.0,0.0,0.0,1.103448275862069,0.13793103448275862,0.3448275862068966,0.0,1.9655172413793103,0.0,0.034482758620689655,0.2255251375424465
2021MZT__2021_10_01_MZT_S5__B5_2021_10_01_11_04_33_chunk2.mp4,2021MZT,2021_10_01_MZT_S5,2021_10_01_MZT_S5,1,10,middle,2.0,1.0,True,True,True,True,0.3952127659574467,0.0,0.0,1.0,0.0,3.0,1.0,0.0,1.0,0.0,1.0,1.0,0.0,0.0,0.0,0.0,0.0,0.0,0.0,0.0,0.0,0.0,1.0,,0.0,0.0,0.0,0.0,0.0,1.0,0.0,2.0,6.0,4.0,2.0,4.0,5.0,0.0,0.0,0.0,2.0,8.0,0.0,1.0,0.0,0.0,,,,,1.0,0.16666666666666666,6.0,4.0,1.4999996250000938,0.599999940000006,0.0,0.0,2.0,0.0,0.0,1.0,0.0,0.0,0.0,0.0,0.0,0.0,0.0,6.0,0.0,6.0,1.0,0.8333333333333334,0.0,0.0,0.0,0.0,0.0,0.0,0.34782608695652173,0.043478260869565216,0.17391304347826086,0.043478260869565216,2.0,0.0,0.0,-0.4194281752288002
2021MZT__2021_10_01_MZT_S5__B5_2021_10_01_11_04_33_chunk3.mp4,2021MZT,2021_10_01_MZT_S5,2021_10_01_MZT_S5,2,10,middle,2.0,1.0,True,True,True,True,0.2991228070175438,0.0,0.0,1.0,0.0,3.0,1.0,0.0,1.0,0.0,2.0,1.0,3.0,1.0,0.0,1.0,0.0,0.0,0.0,0.0,1.0,0.0,1.0,3.0,1.0,1.0,0.0,0.0,0.0,1.0,6.0,5.0,9.0,4.0,1.0,0.0,0.0,0.0,0.0,0.0,1.0,16.0,0.0,0.0,1.0,0.0,1.5,0.5,,,1.1111111111111112,0.1111111111111111,16.0,2.0,7.999996000002,0.8888888395061756,0.0,0.0,1.0,0.0,0.0,0.0,1.0,0.0,0.0,1.0,0.0,1000000.0,0.0,16.0,0.0,19.0,1.2666666666666666,1.0,0.0,0.0,0.0,0.0,0.0,0.0,1.7058823529411764,0.058823529411764705,0.058823529411764705,0.11764705882352941,2.1176470588235294,0.11764705882352941,0.0,0.47325654572853243
2021MZT__2021_10_01_MZT_S5__B5_2021_10_01_11_04_33_chunk4.mp4,2021MZT,2021_10_01_MZT_S5,2021_10_01_MZT_S5,3,10,middle,2.0,1.0,True,True,True,True,0.2825542570951587,0.0,0.0,1.0,0.0,3.0,1.0,0.0,1.0,0.0,2.0,1.0,0.0,0.0,0.0,0.0,0.0,0.0,0.0,0.0,0.0,0.0,0.0,3.0,1.0,1.0,0.0,1.0,0.0,1.0,3.0,4.0,5.0,4.0,0.0,1.0,0.0,1.0,0.0,0.0,0.0,9.0,0.0,0.0,1.0,0.0,1.6666666666666667,0.6666666666666666,1.0,0.0,1.4,0.4,11.0,2.0,5.499997250001375,0.8461537810650938,0.0,0.0,0.0,0.0,0.0,0.0,1.0,0.0,0.0,0.0,0.0,0.0,0.0,9.0,0.0,13.0,1.4444444444444444,1.0,0.0,0.0,0.0,0.0,0.0,0.0,1.5,0.0,0.1,0.0,2.0,0.0,0.0,-0.12767903125817584
2021MZT__2021_10_01_MZT_S5__B5_2021_10_01_11_04_33_chunk5.mp4,2021MZT,2021_10_01_MZT_S5,2021_10_01_MZT_S5,4,10,middle,2.0,1.0,True,True,True,True,0.2078651685393258,0.0,0.0,1.0,0.0,3.0,1.0,0.0,1.0,0.0,2.0,1.0,0.0,0.0,0.0,0.0,0.0,0.0,1.0,0.0,0.0,0.0,1.0,,0.0,0.0,0.0,1.0,0.0,1.0,3.0,8.0,17.0,6.0,1.0,0.0,0.0,0.0,1.0,0.0,0.0,22.0,0.0,0.0,0.0,0.0,1.0,0.0,,,0.8888888888888888,0.0,22.0,2.0,10.99999450000275,0.9166666284722238,0.0,0.0,0.0,1.0,0.0,0.0,0.0,0.0,0.0,0.0,0.0,0.0,0.0,11.0,0.0,11.0,0.9166666666666666,0.9166666666666666,0.0,0.0,0.0,0.0,0.0,0.0,1.0416666666666667,0.041666666666666664,0.125,0.041666666666666664,2.0416666666666665,0.041666666666666664,0.0,-0.09176692386792411
2021MZT__2021_10_01_MZT_S5__B5_2021_10_01_11_04_33_chunk6.mp4,2021MZT,2021_10_01_MZT_S5,2021_10_01_MZT_S5,5,10,middle,2.0,1.0,True,True,True,True,0.4527040314650934,0.0,0.0,1.0,0.0,3.0,1.0,0.0,1.0,1.0,2.0,1.0,2.0,0.0,0.0,0.0,0.0,0.0,1.0,0.0,1.0,0.0,1.0,3.0,1.0,1.0,0.0,0.0,0.0,1.0,4.0,2.0,7.0,10.0,2.0,0.0,3.0,0.0,0.0,0.0,1.0,11.0,0.0,0.0,0.0,0.0,1.75,0.75,,,1.1428571428571428,0.14285714285714285,13.0,7.0,1.8571425918367725,0.6499999675000016,0.0,0.0,1.0,0.0,0.0,0.0,0.0,0.0,0.0,0.0,0.0,0.0,0.0,5.0,0.0,15.0,1.3636363636363635,1.0,0.0,3.0,0.0,3000000.0,0.0,0.0,1.5238095238095237,0.09523809523809523,0.2857142857142857,0.14285714285714285,2.2857142857142856,0.2857142857142857,0.047619047619047616,0.5859393883875829
2021MZT__2021_10_01_MZT_S5__B5_2021_10_01_11_04_33_chunk7.mp4,2021MZT,2021_10_01_MZT_S5,2021_10_01_MZT_S5,6,10,middle,2.0,1.0,True,True,True,True,0.5421052631578946,1.0,1.0,0.0,0.0,3.0,0.0,0.0,1.0,1.0,1.0,1.0,0.0,0.0,0.0,0.0,0.0,0.0,0.0,0.0,0.0,0.0,0.0,,0.0,0.0,0.0,0.0,0.0,2.0,3.0,6.0,4.0,5.0,1.0,0.0,7.0,14.0,0.0,0.0,0.0,0.0,0.0,0.0,0.0,0.0,1.0,0.0,1.1538461538461537,0.15384615384615385,1.25,0.25,24.0,2.0,11.999994000003,0.9230768875739658,0.0,0.0,0.0,0.0,0.0,0.0,0.0,0.0,0.0,0.0,0.0,0.0,0.0,0.0,0.0,23.0,1.15,1.0,0.0,0.0,0.0,0.0,0.0,0.0,0.96,0.0,0.04,0.0,2.0,0.0,0.0,-0.3914819525415834
2021MZT__2021_10_01_MZT_S5__B5_2021_10_01_11_04_33_chunk8.mp4,2021MZT,2021_10_01_MZT_S5,2021_10_01_MZT_S5,7,10,middle,2.0,1.0,True,True,True,True,0.6756183745583038,0.0,0.0,0.0,0.0,2.0,0.0,0.0,1.0,0.0,3.0,2.0,3.0,1.0,0.0,0.0,1.0,0.0,0.0,0.0,0.0,0.0,1.0,,0.0,0.0,0.0,0.0,0.0,2.0,0.0,1.0,2.0,0.0,5.0,4.0,8.0,2.0,0.0,0.0,0.0,5.0,0.0,0.0,0.0,0.0,,,1.5,0.5,1.5,0.5,4.0,0.0,4000000.0,0.9999997500000625,0.0,0.0,0.0,0.0,0.0,0.0,0.0,0.0,0.0,0.0,0.0,0.0,3.0,0.0,0.9999996666667778,6.0,1.5,1.0,1.0,2.0,0.0,3000000.0,0.0,0.0,0.3333333333333333,0.16666666666666666,0.2222222222222222,0.2222222222222222,2.111111111111111,0.1111111111111111,0.05555555555555555,0.46778631000569115
2021MZT__2021_10_01_MZT_S5__B5_2021_10_01_11_04_33_chunk9.mp4,2021MZT,2021_10_01_MZT_S5,2021_10_01_MZT_S5,8,10,middle,2.0,1.0,True,True,True,True,0.3812500000000001,0.0,1.0,0.0,0.0,3.0,1.0,0.0,1.0,0.0,3.0,2.0,3.0,1.0,0.0,0.0,0.0,0.0,1.0,0.0,0.0,0.0,0.0,3.0,1.0,1.0,0.0,1.0,0.0,2.0,5.0,3.0,6.0,4.0,1.0,4.0,2.0,3.0,0.0,0.0,0.0,10.0,0.0,0.0,0.0,0.0,1.4,0.4,1.0,0.0,1.1666666666666667,0.16666666666666666,16.0,3.0,5.333331555556148,0.8421052188365674,0.0,0.0,0.0,0.0,0.0,0.0,0.0,0.0,0.0,0.0,0.0,0.0,8.0,0.0,0.9999998750000157,17.0,1.2142857142857142,1.0,0.0,0.0,1.0,0.0,0.0,0.0,0.0,0.0,0.0,0.05263157894736842,2.3157894736842106,0.3157894736842105,0.10526315789473684,-0.7409692778689169
2021MZT__2021_10_01_MZT_S5__B5_2021_10_01_11_04_33_chunk10.mp4,2021MZT,2021_10_01_MZT_S5,2021_10_01_MZT_S5,9,10,end,2.0,1.0,True,True,True,True,0.5157232704402517,1.0,1.0,0.0,0.0,2.0,1.0,0.0,1.0,1.0,2.0,2.0,2.0,0.0,1.0,1.0,1.0,0.0,0.0,0.0,0.0,0.0,1.0,,0.0,0.0,0.0,1.0,0.0,2.0,0.0,0.0,2.0,1.0,1.0,3.0,1.0,0.0,0.0,0.0,0.0,2.0,0.0,0.0,0.0,0.0,,,,,1.5,0.5,3.0,0.0,3000000.0,0.9999996666667778,0.0,0.0,0.0,0.0,0.0,0.0,0.0,0.0,0.0,0.0,0.0,0.0,2.0,0.0,0.99999950000025,3.0,1.5,1.0,0.0,0.0,0.0,0.0,0.0,0.0,1.5,0.25,0.25,0.0,2.0,0.0,0.0,0.8636300981604506
2021MZT__2021_10_01_MZT_S2__B2_Zoom_Meeting_Room_2_2021_10_01_11_04_45_chunk1.mp4,2021MZT,2021_10_01_MZT_S2,2021_10_01_MZT_S2,0,8,beginning,1.0,0.0,True,False,False,True,0.3413793103448275,0.0,0.0,0.0,1.0,3.0,0.0,0.0,1.0,0.0,,1.0,0.0,0.0,0.0,0.0,0.0,0.0,0.0,0.0,1.0,0.0,1.0,,0.0,0.0,0.0,0.0,1.0,2.0,0.0,1.0,9.0,0.0,2.0,10.0,8.0,0.0,0.0,0.0,0.0,8.0,1.0,0.0,0.0,0.0,,,,,0.8888888888888888,0.0,9.0,1.0,8.999991000009,0.8999999100000091,0.0,0.0,0.0,0.0,1.0,0.0,0.0,0.0,0.0,0.0,0.0,0.0,0.0,8.0,0.0,8.0,0.8888888888888888,0.8888888888888888,0.0,0.0,1.0,0.0,0.0,0.0,0.43243243243243246,0.05405405405405406,0.05405405405405406,0.02702702702702703,2.0,0.0,0.0,-0.37351159508476334
2021MZT__2021_10_01_MZT_S2__B2_Zoom_Meeting_Room_2_2021_10_01_11_04_45_chunk2.mp4,2021MZT,2021_10_01_MZT_S2,2021_10_01_MZT_S2,1,8,middle,1.0,0.0,True,False,False,True,0.5020026702269693,0.0,0.0,1.0,0.0,3.0,1.0,0.0,1.0,0.0,2.0,1.0,1.0,0.0,0.0,0.0,1.0,1.0,0.0,0.0,1.0,0.0,1.0,3.0,1.0,1.0,0.0,0.0,0.0,1.0,7.0,2.0,2.0,3.0,2.0,3.0,4.0,2.0,0.0,0.0,0.0,9.0,0.0,0.0,0.0,0.0,1.1428571428571428,0.14285714285714285,1.5,0.5,1.0,0.0,12.0,1.0,11.999988000012001,0.9230768520710114,0.0,0.0,0.0,0.0,0.0,0.0,0.0,0.0,0.0,1.0,0.0,1000000.0,7.0,2.0,0.7777776913580343,13.0,1.1818181818181819,1.0,0.0,5.0,0.0,5000000.0,0.0,0.0,0.7727272727272727,0.09090909090909091,0.18181818181818182,0.09090909090909091,2.1818181818181817,0.18181818181818182,0.09090909090909091,0.08390845622126601
2021MZT__2021_10_01_MZT_S2__B2_Zoom_Meeting_Room_2_2021_10_01_11_04_45_chunk3.mp4,2021MZT,2021_10_01_MZT_S2,2021_10_01_MZT_S2,2,8,middle,1.0,0.0,True,False,False,True,0.17151379567486935,0.0,0.0,1.0,0.0,3.0,1.0,0.0,0.0,0.0,2.0,1.0,3.0,1.0,1.0,1.0,1.0,0.0,0.0,0.0,0.0,0.0,1.0,,0.0,0.0,0.0,1.0,0.0,1.0,3.0,4.0,5.0,4.0,1.0,4.0,0.0,1.0,0.0,0.0,0.0,13.0,1.0,0.0,1.0,0.0,1.0,0.0,2.0,1.0,1.2,0.2,12.0,1.0,11.999988000012001,0.9230768520710114,0.0,0.0,0.0,0.0,1.0,0.0,1.0,0.0,0.0,0.0,0.0,0.0,11.0,1.0,0.9166665902777842,11.0,1.2222222222222223,1.0,0.0,0.0,0.0,0.0,0.0,0.0,1.0555555555555556,0.05555555555555555,0.1111111111111111,0.05555555555555555,2.0,0.0,0.05555555555555555,0.001624433312594172
2021MZT__2021_10_01_MZT_S2__B2_Zoom_Meeting_Room_2_2021_10_01_11_04_45_chunk4.mp4,2021MZT,2021_10_01_MZT_S2,2021_10_01_MZT_S2,3,8,middle,1.0,0.0,True,False,False,True,0.23769574944071592,0.0,0.0,1.0,0.0,3.0,1.0,0.0,0.0,0.0,2.0,1.0,3.0,1.0,0.0,0.0,1.0,0.0,0.0,0.0,0.0,0.0,1.0,,0.0,0.0,1.0,0.0,1.0,1.0,7.0,1.0,1.0,2.0,0.0,5.0,0.0,2.0,0.0,0.0,0.0,7.0,0.0,0.0,0.0,0.0,1.4285714285714286,0.42857142857142855,1.5,0.5,1.0,0.0,10.0,0.0,10000000.0,0.99999990000001,0.0,0.0,0.0,0.0,0.0,0.0,0.0,0.0,0.0,0.0,0.0,0.0,5.0,1.0,0.8333331944444675,14.0,1.4,1.0,0.0,0.0,0.0,0.0,0.0,0.0,1.4166666666666667,0.08333333333333333,0.3333333333333333,0.08333333333333333,2.1666666666666665,0.16666666666666666,0.0,0.3512484571078329
2021MZT__2021_10_01_MZT_S2__B2_Zoom_Meeting_Room_2_2021_10_01_11_04_45_chunk5.mp4,2021MZT,2021_10_01_MZT_S2,2021_10_01_MZT_S2,4,8,middle,1.0,0.0,True,False,False,True,0.2685999524601854,0.0,0.0,1.0,0.0,3.0,1.0,0.0,0.0,0.0,2.0,1.0,3.0,1.0,0.0,0.0,1.0,0.0,0.0,0.0,0.0,0.0,1.0,,0.0,0.0,0.0,0.0,1.0,1.0,0.0,0.0,0.0,0.0,0.0,0.0,0.0,0.0,0.0,0.0,0.0,9.0,0.0,0.0,0.0,0.0,,,,,,,0.0,0.0,0.0,0.0,0.0,0.0,0.0,0.0,0.0,0.0,0.0,0.0,0.0,0.0,0.0,0.0,4.0,0.0,0.9999997500000625,0.0,,,0.0,0.0,0.0,0.0,0.0,0.0,1.4285714285714286,0.07142857142857142,0.14285714285714285,0.07142857142857142,2.0714285714285716,0.07142857142857142,0.2857142857142857,0.2828302444841174
2021MZT__2021_10_01_MZT_S2__B2_Zoom_Meeting_Room_2_2021_10_01_11_04_45_chunk6.mp4,2021MZT,2021_10_01_MZT_S2,2021_10_01_MZT_S2,5,8,middle,1.0,0.0,True,False,False,True,0.29088639200998756,0.0,1.0,0.0,0.0,3.0,1.0,0.0,1.0,1.0,3.0,2.0,3.0,1.0,0.0,0.0,1.0,0.0,0.0,0.0,0.0,0.0,1.0,3.0,1.0,1.0,0.0,0.0,0.0,1.0,6.0,1.0,0.0,2.0,2.0,6.0,5.0,3.0,0.0,0.0,1.0,15.0,0.0,0.0,0.0,0.0,1.6666666666666667,0.6666666666666666,1.3333333333333333,0.3333333333333333,,,9.0,1.0,8.999991000009,0.8999999100000091,0.0,0.0,1.0,0.0,0.0,0.0,0.0,0.0,0.0,0.0,0.0,0.0,13.0,1.0,0.9285713622449028,14.0,1.5555555555555556,1.0,0.0,0.0,0.0,0.0,0.0,0.0,0.7916666666666666,0.0,0.041666666666666664,0.0,2.1666666666666665,0.16666666666666666,0.08333333333333333,-0.47371681380585545
2021MZT__2021_10_01_MZT_S2__B2_Zoom_Meeting_Room_2_2021_10_01_11_04_45_chunk7.mp4,2021MZT,2021_10_01_MZT_S2,2021_10_01_MZT_S2,6,8,middle,1.0,0.0,True,False,False,True,0.3764705882352941,0.0,1.0,0.0,0.0,3.0,1.0,0.0,1.0,1.0,3.0,3.0,3.0,1.0,0.0,0.0,1.0,0.0,1.0,0.0,0.0,0.0,1.0,3.0,1.0,1.0,0.0,1.0,0.0,2.0,4.0,6.0,6.0,4.0,4.0,4.0,13.0,3.0,1.0,1.0,0.0,11.0,0.0,0.0,0.0,0.0,1.25,0.25,1.6666666666666667,0.6666666666666666,0.6666666666666666,0.16666666666666666,16.0,0.0,16000000.0,0.9999999375000038,1.0,0.0,0.0,1.0,0.0,0.0,0.0,0.0,0.0,0.0,0.0,0.0,4.0,7.0,0.3636363305785154,14.0,1.0769230769230769,0.7692307692307693,0.0,1.0,0.0,1000000.0,0.0,0.0,0.6666666666666666,0.047619047619047616,0.14285714285714285,0.047619047619047616,2.0,0.0,0.023809523809523808,-0.23784641014393307
2021MZT__2021_10_01_MZT_S2__B2_Zoom_Meeting_Room_2_2021_10_01_11_04_45_chunk8.mp4,2021MZT,2021_10_01_MZT_S2,2021_10_01_MZT_S2,7,8,end,1.0,0.0,True,False,False,True,0.10000000000000009,1.0,0.0,0.0,1.0,2.0,0.0,0.0,0.0,0.0,,3.0,0.0,0.0,0.0,0.0,0.0,0.0,0.0,0.0,0.0,0.0,0.0,,0.0,0.0,0.0,0.0,0.0,2.0,0.0,0.0,0.0,0.0,0.0,0.0,0.0,0.0,0.0,0.0,0.0,0.0,0.0,0.0,0.0,0.0,,,,,,,0.0,0.0,0.0,0.0,0.0,0.0,0.0,0.0,0.0,0.0,0.0,0.0,0.0,0.0,0.0,0.0,0.0,0.0,0.0,0.0,,,0.0,0.0,0.0,0.0,0.0,0.0,0.0,0.0,1.0,0.0,2.0,0.0,0.0,-0.8604649237120855
2021MZT__2021_10_01_MZT_S9__B3_2021_10_01_13_12_21_chunk1.mp4,2021MZT,2021_10_01_MZT_S9,2021_10_01_MZT_S9,0,7,beginning,0.0,0.0,False,False,False,True,0.33268206039076365,0.0,0.0,0.0,1.0,3.0,1.0,0.0,0.0,0.0,,1.0,0.0,0.0,1.0,0.0,0.0,0.0,1.0,0.0,1.0,0.0,1.0,,0.0,0.0,0.0,1.0,1.0,2.0,0.0,3.0,11.0,1.0,6.0,11.0,6.0,1.0,0.0,0.0,0.0,10.0,1.0,0.0,1.0,0.0,,,1.0,0.0,1.0,0.0,13.0,0.0,13000000.0,0.9999999230769291,0.0,0.0,0.0,0.0,1.0,0.0,1.0,0.0,0.0,0.0,0.0,0.0,0.0,10.0,0.0,12.0,1.0,1.0,0.0,0.0,0.0,0.0,0.0,0.0,0.6451612903225806,0.12903225806451613,0.3870967741935484,0.06451612903225806,2.032258064516129,0.03225806451612903,0.0,0.11283375947470685
2021MZT__2021_10_01_MZT_S9__B3_2021_10_01_13_12_21_chunk2.mp4,2021MZT,2021_10_01_MZT_S9,2021_10_01_MZT_S9,1,7,middle,0.0,0.0,False,False,False,True,0.2045627376425856,0.0,0.0,1.0,0.0,3.0,1.0,0.0,0.0,0.0,2.0,2.0,2.0,0.0,0.0,0.0,1.0,1.0,0.0,0.0,0.0,0.0,1.0,,0.0,0.0,0.0,1.0,0.0,1.0,3.0,2.0,5.0,1.0,0.0,1.0,3.0,1.0,0.0,0.0,0.0,9.0,0.0,0.0,0.0,0.0,1.3333333333333333,0.3333333333333333,1.0,0.0,1.0,0.2,10.0,0.0,10000000.0,0.99999990000001,0.0,0.0,0.0,0.0,0.0,0.0,0.0,0.0,0.0,0.0,0.0,0.0,3.0,6.0,0.33333329629630043,10.0,1.1111111111111112,0.8888888888888888,0.0,0.0,0.0,0.0,0.0,0.0,1.5384615384615385,0.07692307692307693,0.38461538461538464,0.23076923076923078,2.1538461538461537,0.23076923076923078,0.0,0.7200709914253957
2021MZT__2021_10_01_MZT_S9__B3_2021_10_01_13_12_21_chunk3.mp4,2021MZT,2021_10_01_MZT_S9,2021_10_01_MZT_S9,2,7,middle,0.0,0.0,False,False,False,True,0.32859884836852205,0.0,0.0,1.0,0.0,3.0,1.0,0.0,0.0,0.0,2.0,2.0,3.0,1.0,0.0,0.0,1.0,0.0,1.0,0.0,1.0,0.0,1.0,,0.0,0.0,0.0,0.0,0.0,1.0,6.0,1.0,3.0,4.0,4.0,0.0,3.0,2.0,0.0,0.0,1.0,9.0,0.0,0.0,0.0,0.0,1.6666666666666667,0.6666666666666666,1.0,0.0,1.0,0.0,14.0,1.0,13.999986000014001,0.9333332711111153,0.0,0.0,1.0,0.0,0.0,0.0,0.0,0.0,0.0,0.0,0.0,0.0,7.0,0.0,0.9999998571428775,15.0,1.3636363636363635,1.0,0.0,0.0,0.0,0.0,0.0,0.0,1.8,0.13333333333333333,0.5333333333333333,0.2,2.466666666666667,0.4666666666666667,0.0,1.0016598037932483
2021MZT__2021_10_01_MZT_S9__B3_2021_10_01_13_12_21_chunk4.mp4,2021MZT,2021_10_01_MZT_S9,2021_10_01_MZT_S9,3,7,middle,0.0,0.0,False,False,False,True,0.5277310924369749,0.0,0.0,1.0,0.0,3.0,1.0,0.0,0.0,1.0,2.0,2.0,3.0,1.0,0.0,1.0,1.0,0.0,0.0,0.0,1.0,0.0,1.0,,0.0,0.0,0.0,0.0,0.0,1.0,5.0,0.0,3.0,2.0,0.0,2.0,1.0,2.0,0.0,0.0,0.0,9.0,0.0,0.0,0.0,0.0,1.3333333333333333,0.3333333333333333,2.0,1.0,2.0,1.0,11.0,1.0,10.999989000011,0.9166665902777842,0.0,0.0,0.0,0.0,0.0,0.0,0.0,0.0,0.0,0.0,0.0,0.0,6.0,1.0,0.857142734693895,12.0,1.7142857142857142,1.0,0.0,0.0,0.0,0.0,0.0,0.0,2.4444444444444446,0.1111111111111111,0.5555555555555556,0.2222222222222222,2.2222222222222223,0.2222222222222222,0.1111111111111111,1.278823685440388
2021MZT__2021_10_01_MZT_S9__B3_2021_10_01_13_12_21_chunk5.mp4,2021MZT,2021_10_01_MZT_S9,2021_10_01_MZT_S9,4,7,middle,0.0,0.0,False,False,False,True,0.1763019589106547,0.0,0.0,1.0,0.0,3.0,1.0,0.0,0.0,0.0,2.0,2.0,3.0,1.0,0.0,0.0,1.0,0.0,1.0,0.0,0.0,0.0,1.0,3.0,1.0,1.0,0.0,1.0,0.0,1.0,7.0,4.0,4.0,4.0,2.0,1.0,0.0,1.0,0.0,0.0,0.0,14.0,0.0,0.0,0.0,0.0,1.4285714285714286,0.42857142857142855,1.0,0.0,1.5,0.5,13.0,1.0,12.999987000013,0.9285713622449028,0.0,0.0,0.0,0.0,0.0,0.0,0.0,0.0,0.0,0.0,0.0,0.0,11.0,0.0,0.9999999090909174,17.0,1.4166666666666667,1.0,0.0,1.0,0.0,1000000.0,0.0,0.0,1.5294117647058822,0.058823529411764705,0.17647058823529413,0.35294117647058826,2.176470588235294,0.17647058823529413,0.058823529411764705,0.9212622692092975
2021MZT__2021_10_01_MZT_S9__B3_2021_10_01_13_12_21_chunk6.mp4,2021MZT,2021_10_01_MZT_S9,2021_10_01_MZT_S9,5,7,middle,0.0,0.0,False,False,False,True,0.3675544794188863,0.0,1.0,0.0,0.0,3.0,1.0,0.0,1.0,1.0,2.0,2.0,3.0,1.0,0.0,0.0,1.0,0.0,1.0,0.0,1.0,0.0,1.0,,0.0,0.0,0.0,0.0,0.0,2.0,3.0,2.0,6.0,5.0,2.0,2.0,2.0,2.0,0.0,0.0,0.0,0.0,0.0,0.0,0.0,0.0,1.6666666666666667,0.6666666666666666,2.0,1.0,1.3333333333333333,0.3333333333333333,12.0,3.0,3.999998666667111,0.7999999466666703,0.0,0.0,0.0,0.0,0.0,0.0,0.0,0.0,0.0,0.0,0.0,0.0,0.0,0.0,0.0,17.0,1.5454545454545454,1.0,0.0,1.0,0.0,1000000.0,0.0,0.0,1.375,0.125,0.125,0.1875,2.125,0.125,0.0,0.7326132807296003
2021MZT__2021_10_01_MZT_S9__B3_2021_10_01_13_12_21_chunk7.mp4,2021MZT,2021_10_01_MZT_S9,2021_10_01_MZT_S9,6,7,end,0.0,0.0,False,False,False,True,0.5196793002915452,0.0,0.0,1.0,0.0,3.0,0.0,0.0,1.0,1.0,2.0,2.0,2.0,0.0,0.0,0.0,1.0,0.0,1.0,0.0,1.0,0.0,1.0,,0.0,0.0,0.0,0.0,1.0,1.0,6.0,6.0,10.0,3.0,6.0,0.0,8.0,1.0,0.0,0.0,0.0,14.0,0.0,0.0,0.0,0.0,1.5,0.5,1.0,0.0,0.9,0.2,20.0,0.0,20000000.0,0.9999999500000024,0.0,0.0,0.0,0.0,0.0,0.0,0.0,0.0,0.0,0.0,0.0,0.0,2.0,7.0,0.22222219753086697,19.0,1.1176470588235294,0.8235294117647058,0.0,0.0,0.0,0.0,0.0,0.0,0.42857142857142855,0.14285714285714285,0.22857142857142856,0.17142857142857143,2.2285714285714286,0.22857142857142856,0.0,0.3045792231174248
2021MZT__2021_09_30_MZT_S7__MZT_1_1_chunk1.mp4,2021MZT,2021_09_30_MZT_S7,2021_09_30_MZT_S7,0,16,beginning,8.0,5.0,True,True,True,True,0.45866666666666656,0.0,0.0,0.0,1.0,3.0,0.0,0.0,1.0,0.0,,1.0,0.0,0.0,0.0,0.0,0.0,0.0,0.0,0.0,0.0,0.0,1.0,,0.0,0.0,0.0,0.0,0.0,2.0,0.0,0.0,8.0,0.0,2.0,8.0,8.0,0.0,0.0,0.0,0.0,8.0,0.0,0.0,0.0,0.0,,,,,1.0,0.0,8.0,0.0,8000000.0,0.9999998750000157,0.0,0.0,0.0,0.0,0.0,0.0,0.0,0.0,0.0,0.0,0.0,0.0,0.0,8.0,0.0,8.0,1.0,1.0,0.0,2.0,0.0,2000000.0,0.0,0.0,0.5833333333333334,0.0,0.125,0.0,2.0,0.0,0.125,-0.5754926322022317
2021MZT__2021_09_30_MZT_S7__MZT_1_2_chunk1.mp4,2021MZT,2021_09_30_MZT_S7,2021_09_30_MZT_S7,1,16,middle,8.0,5.0,True,True,True,True,0.28269794721407626,0.0,0.0,0.0,1.0,3.0,0.0,0.0,1.0,0.0,,1.0,0.0,0.0,0.0,0.0,0.0,0.0,0.0,0.0,1.0,0.0,1.0,,0.0,0.0,0.0,0.0,0.0,1.0,0.0,2.0,10.0,1.0,1.0,7.0,7.0,0.0,0.0,0.0,0.0,11.0,0.0,0.0,0.0,0.0,,,,,1.0,0.0,11.0,1.0,10.999989000011,0.9166665902777842,0.0,0.0,0.0,0.0,0.0,0.0,0.0,0.0,0.0,0.0,0.0,0.0,0.0,9.0,0.0,10.0,1.0,1.0,0.0,0.0,1.0,0.0,0.0,0.0,1.1481481481481481,0.037037037037037035,0.3333333333333333,0.037037037037037035,2.037037037037037,0.037037037037037035,0.07407407407407407,-0.06861693978336288
2021MZT__2021_09_30_MZT_S7__MZT_1_1_chunk2.mp4,2021MZT,2021_09_30_MZT_S7,2021_09_30_MZT_S7,2,16,middle,8.0,5.0,True,True,True,True,0.24124513618677046,0.0,0.0,1.0,0.0,3.0,1.0,0.0,0.0,0.0,2.0,1.0,3.0,1.0,0.0,0.0,1.0,1.0,1.0,0.0,1.0,0.0,1.0,,0.0,0.0,0.0,1.0,0.0,1.0,5.0,3.0,5.0,2.0,2.0,4.0,3.0,1.0,0.0,0.0,0.0,9.0,0.0,0.0,1.0,0.0,1.2,0.2,2.0,1.0,1.0,0.0,13.0,0.0,13000000.0,0.9999999230769291,0.0,0.0,0.0,0.0,0.0,0.0,1.0,0.0,0.0,0.0,0.0,0.0,3.0,4.0,0.4285713673469475,13.0,1.1818181818181819,1.0,1.0,4.0,0.0,5000000.0,0.0,0.0,1.263157894736842,0.15789473684210525,0.21052631578947367,0.0,2.1578947368421053,0.15789473684210525,0.21052631578947367,0.3827079095661287
2021MZT__2021_09_30_MZT_S7__MZT_1_2_chunk2.mp4,2021MZT,2021_09_30_MZT_S7,2021_09_30_MZT_S7,3,16,middle,8.0,5.0,True,True,True,True,0.28549647417571933,0.0,0.0,1.0,0.0,3.0,1.0,0.0,1.0,0.0,2.0,1.0,3.0,1.0,0.0,0.0,1.0,0.0,0.0,0.0,1.0,0.0,1.0,3.0,1.0,1.0,0.0,0.0,0.0,1.0,6.0,4.0,5.0,2.0,2.0,3.0,2.0,1.0,0.0,0.0,0.0,16.0,0.0,0.0,0.0,0.0,1.1666666666666667,0.16666666666666666,1.0,0.0,1.0,0.0,13.0,1.0,12.999987000013,0.9285713622449028,0.0,0.0,0.0,0.0,0.0,0.0,0.0,0.0,0.0,0.0,0.0,0.0,9.0,2.0,0.8181817438016598,13.0,1.0833333333333333,1.0,0.0,0.0,0.0,0.0,0.0,0.0,1.9473684210526316,0.10526315789473684,0.3684210526315789,0.15789473684210525,2.0526315789473686,0.05263157894736842,0.15789473684210525,0.8667514023724445
2021MZT__2021_09_30_MZT_S7__MZT_1_1_chunk3.mp4,2021MZT,2021_09_30_MZT_S7,2021_09_30_MZT_S7,4,16,middle,8.0,5.0,True,True,True,True,0.22079772079772075,0.0,0.0,1.0,0.0,3.0,1.0,0.0,0.0,0.0,2.0,1.0,3.0,1.0,0.0,0.0,1.0,0.0,0.0,0.0,1.0,0.0,1.0,,0.0,0.0,0.0,1.0,0.0,1.0,0.0,0.0,0.0,0.0,0.0,0.0,0.0,0.0,0.0,0.0,0.0,7.0,0.0,0.0,0.0,0.0,,,,,,,0.0,0.0,0.0,0.0,0.0,0.0,0.0,0.0,0.0,0.0,0.0,0.0,0.0,0.0,0.0,0.0,5.0,1.0,0.8333331944444675,0.0,,,0.0,0.0,0.0,0.0,0.0,0.0,1.9166666666666667,0.16666666666666666,0.5,0.5,2.3333333333333335,0.3333333333333333,0.0,1.8719539939904315
2021MZT__2021_09_30_MZT_S7__MZT_1_2_chunk3.mp4,2021MZT,2021_09_30_MZT_S7,2021_09_30_MZT_S7,5,16,middle,8.0,5.0,True,True,True,True,0.23350253807106602,0.0,0.0,1.0,0.0,3.0,1.0,0.0,0.0,0.0,2.0,1.0,3.0,1.0,0.0,1.0,1.0,0.0,1.0,0.0,1.0,0.0,1.0,3.0,1.0,1.0,0.0,1.0,1.0,1.0,12.0,2.0,4.0,4.0,0.0,0.0,0.0,0.0,0.0,0.0,0.0,18.0,0.0,0.0,0.0,0.0,1.6363636363636365,0.6363636363636364,,,0.75,0.0,14.0,4.0,3.4999991250002185,0.7777777345679036,0.0,0.0,0.0,0.0,0.0,0.0,0.0,0.0,0.0,1.0,0.0,1000000.0,8.0,5.0,0.615384568047341,21.0,1.4,0.9333333333333333,0.0,1.0,1.0,0.9999990000010001,0.0,0.0,1.5789473684210527,0.15789473684210525,0.2631578947368421,0.15789473684210525,2.1052631578947367,0.10526315789473684,0.05263157894736842,0.895465561296458
2021MZT__2021_09_30_MZT_S7__MZT_1_1_chunk4.mp4,2021MZT,2021_09_30_MZT_S7,2021_09_30_MZT_S7,6,16,middle,8.0,5.0,True,True,True,True,0.27075289575289574,0.0,0.0,1.0,0.0,3.0,1.0,0.0,0.0,0.0,2.0,1.0,3.0,1.0,0.0,0.0,1.0,0.0,0.0,0.0,0.0,0.0,1.0,,0.0,0.0,0.0,0.0,0.0,1.0,0.0,1.0,4.0,0.0,1.0,4.0,1.0,0.0,0.0,0.0,0.0,6.0,0.0,0.0,0.0,0.0,,,,,1.75,0.75,4.0,0.0,4000000.0,0.9999997500000625,0.0,0.0,0.0,0.0,0.0,0.0,0.0,0.0,0.0,0.0,0.0,0.0,5.0,1.0,0.8333331944444675,7.0,1.75,1.0,0.0,0.0,0.0,0.0,0.0,0.0,1.25,0.0,0.08333333333333333,0.0,2.0833333333333335,0.08333333333333333,0.08333333333333333,-0.24981001333382746
2021MZT__2021_09_30_MZT_S7__MZT_1_2_chunk4.mp4,2021MZT,2021_09_30_MZT_S7,2021_09_30_MZT_S7,7,16,middle,8.0,5.0,True,True,True,True,0.3414285714285714,0.0,0.0,1.0,0.0,3.0,1.0,0.0,0.0,0.0,2.0,1.0,2.0,0.0,0.0,0.0,1.0,0.0,0.0,0.0,1.0,0.0,1.0,3.0,1.0,1.0,0.0,1.0,1.0,1.0,5.0,2.0,4.0,5.0,3.0,2.0,3.0,2.0,0.0,0.0,1.0,12.0,0.0,0.0,0.0,0.0,1.4,0.4,1.5,0.5,1.0,0.0,13.0,1.0,12.999987000013,0.9285713622449028,0.0,0.0,1.0,0.0,0.0,0.0,0.0,0.0,0.0,0.0,0.0,0.0,7.0,3.0,0.699999930000007,14.0,1.2727272727272727,1.0,2.0,0.0,0.0,2000000.0,0.0,0.0,1.55,0.15,0.6,0.25,2.1,0.1,0.05,1.0591369605631817
2021MZT__2021_09_30_MZT_S7__MZT_1_1_chunk5.mp4,2021MZT,2021_09_30_MZT_S7,2021_09_30_MZT_S7,8,16,middle,8.0,5.0,True,True,True,True,0.46975465313028764,0.0,0.0,1.0,0.0,3.0,1.0,0.0,0.0,0.0,3.0,2.0,2.0,0.0,0.0,1.0,1.0,0.0,1.0,1.0,0.0,0.0,1.0,,0.0,0.0,0.0,0.0,0.0,1.0,0.0,0.0,0.0,0.0,0.0,0.0,0.0,0.0,0.0,0.0,0.0,0.0,0.0,0.0,0.0,0.0,,,,,,,0.0,0.0,0.0,0.0,0.0,0.0,0.0,0.0,0.0,0.0,0.0,0.0,0.0,0.0,0.0,0.0,0.0,0.0,0.0,0.0,,,1.0,0.0,0.0,1000000.0,0.0,0.0,1.4705882352941178,0.23529411764705882,0.35294117647058826,0.11764705882352941,2.2941176470588234,0.29411764705882354,0.0,1.0580573598351848
2021MZT__2021_09_30_MZT_S7__MZT_1_2_chunk5.mp4,2021MZT,2021_09_30_MZT_S7,2021_09_30_MZT_S7,9,16,middle,8.0,5.0,True,True,True,True,0.30316248636859333,0.0,0.0,1.0,0.0,3.0,1.0,0.0,0.0,0.0,2.0,1.0,3.0,1.0,0.0,1.0,1.0,0.0,0.0,0.0,1.0,0.0,1.0,3.0,1.0,1.0,0.0,1.0,0.0,1.0,5.0,4.0,4.0,4.0,2.0,0.0,1.0,2.0,0.0,0.0,1.0,19.0,0.0,0.0,1.0,0.0,1.4,0.4,1.0,0.0,1.5,0.5,12.0,1.0,11.999988000012001,0.9230768520710114,0.0,0.0,1.0,0.0,0.0,0.0,1.0,0.0,0.0,1.0,0.0,1000000.0,6.0,9.0,0.39999997333333515,15.0,1.3636363636363635,1.0,1.0,0.0,0.0,1000000.0,0.0,0.0,1.9,0.25,0.25,0.1,2.2,0.2,0.15,1.2860813965835138
2021MZT__2021_09_30_MZT_S7__MZT_1_1_chunk6.mp4,2021MZT,2021_09_30_MZT_S7,2021_09_30_MZT_S7,10,16,middle,8.0,5.0,True,True,True,True,0.27122641509433953,0.0,1.0,0.0,0.0,3.0,1.0,0.0,0.0,0.0,4.0,3.0,3.0,1.0,1.0,1.0,1.0,0.0,0.0,0.0,1.0,0.0,1.0,3.0,1.0,1.0,1.0,1.0,1.0,1.0,5.0,2.0,6.0,4.0,4.0,6.0,2.0,5.0,0.0,0.0,2.0,0.0,0.0,1.0,2.0,0.0,1.8,0.8,1.8,0.8,1.3333333333333333,0.3333333333333333,17.0,4.0,4.249998937500266,0.8095237709750585,0.0,0.0,2.0,0.0,0.0,1.0,2.0,0.0,0.0,0.0,0.0,0.0,0.0,0.0,0.0,26.0,1.625,1.0,0.0,1.0,1.0,0.9999990000010001,0.0,0.0,1.16,0.08,0.24,0.04,2.2,0.2,0.04,0.11425844537370661
2021MZT__2021_09_30_MZT_S7__MZT_1_2_chunk6.mp4,2021MZT,2021_09_30_MZT_S7,2021_09_30_MZT_S7,11,16,middle,8.0,5.0,True,True,True,True,0.16233766233766245,0.0,0.0,1.0,0.0,3.0,1.0,0.0,0.0,0.0,2.0,2.0,2.0,0.0,0.0,0.0,1.0,0.0,1.0,0.0,1.0,0.0,1.0,3.0,1.0,1.0,0.0,0.0,0.0,1.0,4.0,4.0,10.0,5.0,1.0,0.0,0.0,3.0,0.0,0.0,0.0,22.0,0.0,0.0,0.0,0.0,1.75,0.75,1.5,0.5,1.3333333333333333,0.3333333333333333,18.0,1.0,17.999982000018,0.9473683711911383,0.0,0.0,0.0,0.0,0.0,0.0,0.0,0.0,0.0,1.0,0.0,1000000.0,8.0,11.0,0.4210526094182837,22.0,1.4666666666666666,1.0,0.0,2.0,0.0,2000000.0,0.0,0.0,1.4782608695652173,0.043478260869565216,0.13043478260869565,0.043478260869565216,2.130434782608696,0.13043478260869565,0.08695652173913043,0.13281626546110276
2021MZT__2021_09_30_MZT_S7__MZT_1_1_chunk7.mp4,2021MZT,2021_09_30_MZT_S7,2021_09_30_MZT_S7,12,16,middle,8.0,5.0,True,True,True,True,0.34990791896869244,0.0,1.0,0.0,0.0,3.0,1.0,0.0,1.0,1.0,3.0,3.0,3.0,1.0,1.0,1.0,1.0,0.0,1.0,0.0,1.0,0.0,1.0,3.0,1.0,1.0,0.0,1.0,1.0,2.0,4.0,4.0,5.0,5.0,4.0,6.0,7.0,2.0,0.0,0.0,0.0,10.0,2.0,0.0,0.0,0.0,1.75,0.75,1.5,0.5,1.25,0.25,11.0,2.0,5.499997250001375,0.8461537810650938,0.0,0.0,0.0,0.0,2.0,0.0,0.0,0.0,0.0,1.0,0.0,1000000.0,6.0,4.0,0.599999940000006,15.0,1.5,1.0,1.0,0.0,0.0,1000000.0,0.0,0.0,0.8518518518518519,0.2222222222222222,0.3333333333333333,0.1111111111111111,2.2222222222222223,0.2222222222222222,0.0,0.6891173455496774
2021MZT__2021_09_30_MZT_S7__MZT_1_2_chunk7.mp4,2021MZT,2021_09_30_MZT_S7,2021_09_30_MZT_S7,13,16,middle,8.0,5.0,True,True,True,True,0.21111111111111125,0.0,1.0,0.0,0.0,3.0,1.0,0.0,0.0,0.0,3.0,3.0,3.0,1.0,1.0,0.0,1.0,0.0,1.0,0.0,0.0,1.0,1.0,3.0,1.0,1.0,0.0,0.0,0.0,2.0,2.0,2.0,4.0,3.0,0.0,0.0,1.0,2.0,0.0,0.0,0.0,10.0,0.0,0.0,0.0,0.0,1.0,0.0,2.0,1.0,1.0,0.0,10.0,1.0,9.999990000010001,0.9090908264462886,0.0,0.0,0.0,0.0,0.0,0.0,0.0,0.0,0.0,0.0,0.0,0.0,10.0,0.0,0.99999990000001,10.0,1.25,1.0,0.0,0.0,0.0,0.0,0.0,0.0,1.3571428571428572,0.07142857142857142,0.07142857142857142,0.07142857142857142,2.142857142857143,0.14285714285714285,0.0,0.24793567817678838
2021MZT__2021_09_30_MZT_S7__MZT_1_1_chunk8.mp4,2021MZT,2021_09_30_MZT_S7,2021_09_30_MZT_S7,14,16,middle,8.0,5.0,True,True,True,True,0.6026026026026026,0.0,0.0,0.0,0.0,3.0,1.0,0.0,1.0,1.0,3.0,3.0,2.0,0.0,0.0,0.0,1.0,0.0,0.0,0.0,1.0,0.0,1.0,,0.0,0.0,0.0,1.0,0.0,2.0,5.0,0.0,4.0,5.0,9.0,6.0,3.0,0.0,0.0,1.0,1.0,5.0,0.0,0.0,1.0,0.0,1.2,0.2,,,1.0,0.0,14.0,0.0,14000000.0,0.9999999285714337,1.0,0.0,1.0,0.0,0.0,0.0,1.0,0.0,0.0,0.0,0.0,0.0,3.0,2.0,0.599999880000024,10.0,1.1111111111111112,1.0,1.0,0.0,0.0,1000000.0,0.0,0.0,0.5,0.08333333333333333,0.3611111111111111,0.08333333333333333,2.111111111111111,0.1111111111111111,0.0,-0.096565143836223
2021MZT__2021_09_30_MZT_S7__MZT_1_2_chunk8.mp4,2021MZT,2021_09_30_MZT_S7,2021_09_30_MZT_S7,15,16,end,8.0,5.0,True,True,True,True,0.45238095238095233,0.0,0.0,0.0,0.0,3.0,1.0,0.0,0.0,0.0,2.0,2.0,2.0,0.0,0.0,0.0,1.0,0.0,1.0,0.0,0.0,1.0,1.0,3.0,1.0,1.0,0.0,0.0,0.0,1.0,3.0,4.0,3.0,4.0,3.0,1.0,7.0,1.0,1.0,0.0,1.0,5.0,0.0,0.0,0.0,0.0,1.3333333333333333,0.3333333333333333,1.0,0.0,1.0,0.3333333333333333,8.0,2.0,3.999998000001,0.7999999200000081,0.0,0.0,1.0,1.0,0.0,0.0,0.0,0.0,0.0,0.0,1.0,0.0,2.0,0.0,0.99999950000025,8.0,1.1428571428571428,0.8571428571428571,0.0,0.0,0.0,0.0,0.0,0.0,0.6,0.0,0.26666666666666666,0.0,2.1333333333333333,0.13333333333333333,0.0,-0.5673505667305218
2021MZT__2021_10_01_MZT_S7__B1_Zoom_Meeting_Room_1_2021_10_01_13_12_04_chunk1.mp4,2021MZT,2021_10_01_MZT_S7,2021_10_01_MZT_S7,0,7,beginning,1.0,1.0,True,True,True,True,0.3011111111111111,0.0,0.0,0.0,1.0,3.0,0.0,0.0,1.0,0.0,,1.0,0.0,0.0,0.0,0.0,0.0,0.0,0.0,0.0,0.0,0.0,1.0,,0.0,0.0,0.0,0.0,0.0,2.0,0.0,0.0,14.0,1.0,2.0,11.0,8.0,0.0,3.0,1.0,0.0,19.0,0.0,0.0,0.0,0.0,,,,,1.0,0.0,15.0,2.0,7.499996250001875,0.8823528892733594,1.0,0.0,0.0,3.0,0.0,0.0,0.0,0.0,0.0,0.0,0.0,0.0,1.0,16.0,0.05882352595155729,14.0,1.0,1.0,0.0,1.0,2.0,0.499999750000125,0.0,0.0,0.85,0.05,0.25,0.0,2.025,0.025,0.05,-0.2469577587711448
2021MZT__2021_10_01_MZT_S7__B1_Zoom_Meeting_Room_1_2021_10_01_13_12_04_chunk2.mp4,2021MZT,2021_10_01_MZT_S7,2021_10_01_MZT_S7,1,7,middle,1.0,1.0,True,True,True,True,0.36720183486238533,0.0,0.0,1.0,0.0,3.0,1.0,0.0,1.0,0.0,2.0,1.0,0.0,0.0,0.0,0.0,1.0,1.0,0.0,0.0,0.0,0.0,1.0,,0.0,0.0,0.0,0.0,0.0,1.0,9.0,2.0,2.0,1.0,1.0,3.0,2.0,2.0,0.0,0.0,0.0,14.0,0.0,0.0,0.0,0.0,1.1111111111111112,0.1111111111111111,1.0,0.0,1.0,0.0,14.0,0.0,14000000.0,0.9999999285714337,0.0,0.0,0.0,0.0,0.0,0.0,0.0,0.0,0.0,0.0,0.0,0.0,11.0,3.0,0.7857142295918408,14.0,1.0769230769230769,1.0,0.0,0.0,0.0,0.0,0.0,0.0,1.0952380952380953,0.0,0.047619047619047616,0.0,2.0,0.0,0.0,-0.325414906999707
2021MZT__2021_10_01_MZT_S7__B1_Zoom_Meeting_Room_1_2021_10_01_13_12_04_chunk3.mp4,2021MZT,2021_10_01_MZT_S7,2021_10_01_MZT_S7,2,7,middle,1.0,1.0,True,True,True,True,0.36824132043255564,0.0,0.0,1.0,0.0,3.0,1.0,0.0,0.0,0.0,2.0,2.0,3.0,1.0,0.0,0.0,1.0,0.0,1.0,0.0,1.0,0.0,1.0,3.0,1.0,1.0,0.0,0.0,0.0,1.0,14.0,0.0,6.0,1.0,2.0,0.0,4.0,3.0,0.0,0.0,0.0,17.0,0.0,0.0,0.0,0.0,1.4285714285714286,0.42857142857142855,1.0,0.0,1.6,0.6,23.0,1.0,22.999977000023,0.9583332934027794,0.0,0.0,0.0,0.0,0.0,0.0,0.0,0.0,3.0,0.0,0.0,0.0,10.0,0.0,0.99999990000001,31.0,1.4090909090909092,1.0,2.0,2.0,0.0,4000000.0,0.0,0.0,1.6666666666666667,0.047619047619047616,0.09523809523809523,0.0,2.0476190476190474,0.047619047619047616,0.09523809523809523,0.14256241001485412
2021MZT__2021_10_01_MZT_S7__B1_Zoom_Meeting_Room_1_2021_10_01_13_12_04_chunk4.mp4,2021MZT,2021_10_01_MZT_S7,2021_10_01_MZT_S7,3,7,middle,1.0,1.0,True,True,True,True,0.28474576271186436,0.0,0.0,1.0,0.0,4.0,1.0,0.0,0.0,0.0,2.0,2.0,3.0,1.0,1.0,1.0,1.0,0.0,1.0,0.0,1.0,0.0,1.0,,0.0,0.0,0.0,0.0,0.0,1.0,4.0,0.0,4.0,3.0,0.0,0.0,0.0,4.0,0.0,0.0,0.0,8.0,1.0,0.0,0.0,0.0,1.5,0.5,2.0,1.0,1.25,0.25,14.0,1.0,13.999986000014001,0.9333332711111153,0.0,0.0,0.0,0.0,1.0,0.0,0.0,0.0,0.0,0.0,0.0,0.0,2.0,2.0,0.49999987500003124,19.0,1.5833333333333333,1.0,0.0,0.0,0.0,0.0,0.0,0.0,2.6,0.1,0.1,0.8,2.4,0.5,0.1,2.6225547584583073
2021MZT__2021_10_01_MZT_S7__B1_Zoom_Meeting_Room_1_2021_10_01_13_12_04_chunk5.mp4,2021MZT,2021_10_01_MZT_S7,2021_10_01_MZT_S7,4,7,middle,1.0,1.0,True,True,True,True,0.34346846846846835,0.0,0.0,1.0,0.0,3.0,1.0,0.0,0.0,0.0,2.0,2.0,3.0,1.0,0.0,0.0,1.0,0.0,0.0,0.0,1.0,0.0,1.0,,0.0,0.0,0.0,0.0,0.0,1.0,7.0,3.0,3.0,3.0,1.0,0.0,0.0,1.0,0.0,0.0,0.0,10.0,0.0,0.0,0.0,0.0,1.2857142857142858,0.2857142857142857,1.0,0.0,1.6666666666666667,0.6666666666666666,13.0,1.0,12.999987000013,0.9285713622449028,0.0,0.0,0.0,0.0,0.0,0.0,0.0,0.0,0.0,0.0,0.0,0.0,2.0,5.0,0.285714244897965,15.0,1.3636363636363635,1.0,0.0,0.0,0.0,0.0,0.0,0.0,2.1,0.1,0.1,0.1,2.0,0.0,0.0,0.7890007045928593
2021MZT__2021_10_01_MZT_S7__B1_Zoom_Meeting_Room_1_2021_10_01_13_12_04_chunk6.mp4,2021MZT,2021_10_01_MZT_S7,2021_10_01_MZT_S7,5,7,middle,1.0,1.0,True,True,True,True,0.26333634719710663,0.0,1.0,0.0,0.0,3.0,1.0,0.0,1.0,1.0,3.0,2.0,3.0,1.0,0.0,1.0,1.0,0.0,0.0,0.0,0.0,0.0,0.0,,0.0,0.0,0.0,0.0,0.0,2.0,6.0,1.0,5.0,2.0,0.0,1.0,3.0,7.0,0.0,0.0,0.0,15.0,0.0,0.0,0.0,0.0,1.0,0.0,1.0,0.0,1.0,0.0,18.0,1.0,17.999982000018,0.9473683711911383,0.0,0.0,0.0,0.0,0.0,0.0,0.0,0.0,0.0,0.0,0.0,0.0,8.0,5.0,0.615384568047341,18.0,1.0,1.0,0.0,1.0,0.0,1000000.0,0.0,0.0,0.9333333333333333,0.0,0.0,0.0,2.066666666666667,0.06666666666666667,0.13333333333333333,-0.40450925729631954
2021MZT__2021_10_01_MZT_S7__B1_Zoom_Meeting_Room_1_2021_10_01_13_12_04_chunk7.mp4,2021MZT,2021_10_01_MZT_S7,2021_10_01_MZT_S7,6,7,end,1.0,1.0,True,True,True,True,0.26315789473684204,0.0,1.0,0.0,0.0,3.0,1.0,0.0,1.0,1.0,3.0,3.0,3.0,1.0,0.0,0.0,1.0,0.0,0.0,0.0,0.0,1.0,1.0,3.0,1.0,1.0,0.0,0.0,0.0,1.0,6.0,2.0,6.0,9.0,2.0,0.0,6.0,2.0,0.0,0.0,3.0,21.0,0.0,0.0,0.0,0.0,1.5,0.5,2.0,1.0,1.0,0.0,20.0,2.0,9.9999950000025,0.9090908677685968,0.0,0.0,3.0,0.0,0.0,0.0,0.0,0.0,3.0,1.0,0.0,1000000.0,21.0,0.0,0.9999999523809546,17.0,1.4166666666666667,1.0,1.0,1.0,0.0,2000000.0,0.0,0.0,0.8333333333333334,0.0,0.25,0.125,2.2083333333333335,0.20833333333333334,0.041666666666666664,-0.16955949124905434
2021MZT__2021_10_01_MZT_S8__B2_Zoom_Meeting_Room_2_2021_10_01_13_12_15_chunk1.mp4,2021MZT,2021_10_01_MZT_S8,2021_10_01_MZT_S8,0,7,beginning,1.0,0.0,True,False,False,True,0.2536115569823436,0.0,0.0,0.0,1.0,3.0,0.0,0.0,1.0,0.0,,1.0,0.0,0.0,0.0,0.0,0.0,0.0,1.0,0.0,0.0,0.0,1.0,,0.0,0.0,0.0,0.0,0.0,2.0,0.0,1.0,13.0,0.0,0.0,5.0,2.0,0.0,0.0,0.0,0.0,7.0,0.0,0.0,0.0,0.0,,,,,0.5384615384615384,0.0,13.0,0.0,13000000.0,0.9999999230769291,0.0,0.0,0.0,0.0,0.0,0.0,0.0,0.0,0.0,0.0,0.0,0.0,0.0,7.0,0.0,7.0,0.5384615384615384,0.5384615384615384,0.0,0.0,0.0,0.0,0.0,0.0,0.68,0.12,0.32,0.12,2.0,0.0,0.0,0.22000980217705227
2021MZT__2021_10_01_MZT_S8__B2_Zoom_Meeting_Room_2_2021_10_01_13_12_15_chunk2.mp4,2021MZT,2021_10_01_MZT_S8,2021_10_01_MZT_S8,1,7,middle,1.0,0.0,True,False,False,True,0.24138761744158033,0.0,0.0,1.0,0.0,3.0,0.0,0.0,1.0,1.0,3.0,1.0,2.0,0.0,0.0,0.0,1.0,1.0,0.0,0.0,0.0,0.0,1.0,,0.0,0.0,0.0,0.0,0.0,1.0,3.0,3.0,8.0,3.0,1.0,0.0,4.0,0.0,0.0,0.0,0.0,7.0,0.0,0.0,0.0,0.0,1.3333333333333333,0.3333333333333333,,,0.7142857142857143,0.0,14.0,0.0,14000000.0,0.9999999285714337,0.0,0.0,0.0,0.0,0.0,0.0,0.0,0.0,0.0,0.0,0.0,0.0,2.0,3.0,0.399999920000016,9.0,0.9,0.8,0.0,0.0,0.0,0.0,0.0,0.0,1.1578947368421053,0.10526315789473684,0.3684210526315789,0.10526315789473684,2.0,0.0,0.05263157894736842,0.3615789710272179
2021MZT__2021_10_01_MZT_S8__B2_Zoom_Meeting_Room_2_2021_10_01_13_12_15_chunk3.mp4,2021MZT,2021_10_01_MZT_S8,2021_10_01_MZT_S8,2,7,middle,1.0,0.0,True,False,False,True,0.30201342281879184,0.0,0.0,1.0,0.0,3.0,0.0,0.0,1.0,0.0,3.0,1.0,4.0,1.0,0.0,1.0,1.0,0.0,0.0,1.0,0.0,0.0,1.0,3.0,1.0,1.0,1.0,0.0,0.0,1.0,10.0,5.0,5.0,7.0,2.0,0.0,0.0,3.0,0.0,0.0,1.0,19.0,0.0,0.0,0.0,0.0,1.5,0.5,1.6666666666666667,0.6666666666666666,1.4,0.4,19.0,5.0,3.799999240000152,0.7916666336805569,0.0,0.0,1.0,0.0,0.0,0.0,0.0,0.0,0.0,0.0,0.0,0.0,10.0,3.0,0.7692307100591762,27.0,1.5,1.0,1.0,1.0,0.0,2000000.0,0.0,0.0,1.25,0.05,0.15,0.05,2.2,0.2,0.1,0.06197267610090815
2021MZT__2021_10_01_MZT_S8__B2_Zoom_Meeting_Room_2_2021_10_01_13_12_15_chunk4.mp4,2021MZT,2021_10_01_MZT_S8,2021_10_01_MZT_S8,3,7,middle,1.0,0.0,True,False,False,True,0.3220833333333333,0.0,0.0,1.0,0.0,3.0,1.0,0.0,0.0,0.0,2.0,1.0,3.0,1.0,0.0,0.0,1.0,0.0,0.0,0.0,0.0,0.0,1.0,,0.0,0.0,0.0,0.0,0.0,1.0,3.0,2.0,4.0,5.0,0.0,2.0,0.0,0.0,0.0,0.0,3.0,10.0,0.0,0.0,0.0,0.0,1.6666666666666667,0.6666666666666666,,,1.0,0.0,9.0,3.0,2.9999990000003334,0.7499999375000053,0.0,0.0,3.0,0.0,0.0,0.0,0.0,0.0,0.0,0.0,0.0,0.0,6.0,0.0,0.9999998333333611,9.0,1.2857142857142858,1.0,0.0,0.0,0.0,0.0,0.0,0.0,1.0909090909090908,0.0,0.09090909090909091,0.0,2.090909090909091,0.09090909090909091,0.2727272727272727,-0.3275297292001513
2021MZT__2021_10_01_MZT_S8__B2_Zoom_Meeting_Room_2_2021_10_01_13_12_15_chunk5.mp4,2021MZT,2021_10_01_MZT_S8,2021_10_01_MZT_S8,4,7,middle,1.0,0.0,True,False,False,True,0.4398148148148149,0.0,0.0,1.0,0.0,3.0,0.0,0.0,0.0,0.0,2.0,1.0,4.0,1.0,0.0,0.0,1.0,0.0,1.0,0.0,0.0,1.0,1.0,3.0,1.0,1.0,0.0,0.0,0.0,1.0,5.0,3.0,4.0,8.0,3.0,1.0,0.0,1.0,0.0,0.0,0.0,12.0,0.0,0.0,0.0,0.0,1.6,0.6,2.0,1.0,1.25,0.25,13.0,3.0,4.33333188888937,0.8124999492187531,0.0,0.0,0.0,0.0,0.0,0.0,0.0,0.0,0.0,1.0,0.0,1000000.0,5.0,3.0,0.6249999218750099,15.0,1.5,1.0,0.0,0.0,0.0,0.0,0.0,0.0,1.2142857142857142,0.2857142857142857,0.5,0.07142857142857142,2.357142857142857,0.2857142857142857,0.5,1.02784008506381
2021MZT__2021_10_01_MZT_S8__B2_Zoom_Meeting_Room_2_2021_10_01_13_12_15_chunk6.mp4,2021MZT,2021_10_01_MZT_S8,2021_10_01_MZT_S8,5,7,middle,1.0,0.0,True,False,False,True,0.46760563380281694,1.0,1.0,0.0,0.0,3.0,0.0,0.0,1.0,1.0,2.0,2.0,4.0,1.0,0.0,0.0,1.0,0.0,0.0,0.0,0.0,0.0,0.0,3.0,1.0,1.0,0.0,0.0,0.0,2.0,5.0,4.0,3.0,8.0,0.0,2.0,6.0,1.0,0.0,0.0,0.0,12.0,0.0,0.0,0.0,0.0,1.2,0.2,1.0,0.0,1.0,0.0,14.0,3.0,4.666665111111629,0.8235293633218022,0.0,0.0,0.0,0.0,0.0,0.0,0.0,0.0,0.0,1.0,0.0,1000000.0,10.0,1.0,0.9090908264462886,10.0,1.1111111111111112,1.0,1.0,1.0,1.0,1.9999980000020001,0.0,0.0,0.36666666666666664,0.03333333333333333,0.03333333333333333,0.0,2.066666666666667,0.1,0.03333333333333333,-0.5491649327453131
2021MZT__2021_10_01_MZT_S8__B2_Zoom_Meeting_Room_2_2021_10_01_13_12_15_chunk7.mp4,2021MZT,2021_10_01_MZT_S8,2021_10_01_MZT_S8,6,7,end,1.0,0.0,True,False,False,True,0.27301587301587316,0.0,1.0,0.0,0.0,2.0,0.0,0.0,1.0,1.0,2.0,2.0,0.0,0.0,0.0,0.0,1.0,0.0,0.0,0.0,0.0,0.0,1.0,3.0,1.0,1.0,0.0,0.0,0.0,2.0,3.0,5.0,1.0,2.0,5.0,0.0,10.0,7.0,1.0,0.0,0.0,21.0,0.0,0.0,0.0,0.0,1.0,0.0,1.0,0.0,1.0,0.0,11.0,1.0,10.999989000011,0.9166665902777842,0.0,0.0,0.0,1.0,0.0,0.0,0.0,0.0,0.0,0.0,0.0,0.0,7.0,1.0,0.8749998906250137,10.0,1.0,1.0,0.0,0.0,0.0,0.0,0.0,0.0,,0.0,0.0,0.0,2.0454545454545454,0.045454545454545456,0.2727272727272727,-0.6171441482000752
2021MZT__2021_10_01_MZT_S6__MZT_2_5_chunk1.mp4,2021MZT,2021_10_01_MZT_S6,2021_10_01_MZT_S6,0,16,beginning,,,,,,True,0.21263537906137175,0.0,0.0,0.0,1.0,3.0,0.0,0.0,1.0,0.0,,1.0,0.0,0.0,0.0,0.0,0.0,0.0,1.0,0.0,0.0,0.0,1.0,,0.0,0.0,0.0,0.0,0.0,2.0,0.0,2.0,20.0,2.0,2.0,9.0,3.0,0.0,0.0,0.0,0.0,10.0,0.0,0.0,0.0,0.0,,,,,1.0,0.0,22.0,0.0,22000000.0,0.9999999545454565,0.0,0.0,0.0,0.0,0.0,0.0,0.0,0.0,0.0,0.0,0.0,0.0,0.0,10.0,0.0,20.0,1.0,1.0,0.0,0.0,0.0,0.0,0.0,0.0,,0.0,0.0,0.0,2.0,0.0,0.03125,-0.6171441482000752
2021MZT__2021_10_01_MZT_S6__MZT_2_6_chunk1.mp4,2021MZT,2021_10_01_MZT_S6,2021_10_01_MZT_S6,1,16,middle,,,,,,True,0.4631578947368422,0.0,0.0,0.0,1.0,3.0,1.0,0.0,1.0,0.0,,1.0,0.0,0.0,0.0,0.0,0.0,0.0,0.0,0.0,0.0,0.0,1.0,,0.0,0.0,0.0,1.0,1.0,1.0,0.0,9.0,10.0,3.0,2.0,3.0,4.0,1.0,0.0,0.0,0.0,6.0,0.0,0.0,1.0,0.0,,,0.0,0.0,0.7,0.0,14.0,0.0,14000000.0,0.9999999285714337,0.0,0.0,0.0,0.0,0.0,0.0,1.0,0.0,0.0,0.0,0.0,0.0,0.0,5.0,0.0,7.0,0.6363636363636364,0.6363636363636364,0.0,1.0,0.0,1000000.0,0.0,0.0,0.7058823529411765,0.058823529411764705,0.17647058823529413,0.0,2.0,0.0,0.0,-0.2823752968117454
2021MZT__2021_10_01_MZT_S6__MZT_2_5_chunk2.mp4,2021MZT,2021_10_01_MZT_S6,2021_10_01_MZT_S6,2,16,middle,,,,,,True,0.347879684418146,0.0,0.0,1.0,0.0,3.0,1.0,0.0,1.0,0.0,1.0,1.0,0.0,0.0,0.0,0.0,0.0,0.0,0.0,0.0,0.0,0.0,0.0,,0.0,0.0,0.0,0.0,0.0,2.0,0.0,2.0,8.0,3.0,2.0,2.0,4.0,0.0,0.0,0.0,1.0,7.0,0.0,1.0,0.0,0.0,,,,,1.25,0.375,8.0,3.0,2.666665777778074,0.7272726611570308,0.0,0.0,1.0,0.0,0.0,1.0,0.0,0.0,0.0,0.0,0.0,0.0,0.0,7.0,0.0,10.0,1.25,0.875,0.0,0.0,0.0,0.0,0.0,0.0,0.23809523809523808,0.0,0.047619047619047616,0.0,2.0,0.0,0.0,-0.7441497026876555
2021MZT__2021_10_01_MZT_S6__MZT_2_6_chunk2.mp4,2021MZT,2021_10_01_MZT_S6,2021_10_01_MZT_S6,3,16,middle,,,,,,True,0.2810304449648713,0.0,0.0,0.0,1.0,3.0,1.0,0.0,0.0,0.0,1.0,1.0,0.0,0.0,1.0,1.0,0.0,0.0,1.0,0.0,0.0,0.0,1.0,,0.0,0.0,0.0,1.0,1.0,2.0,0.0,2.0,8.0,2.0,5.0,5.0,1.0,1.0,0.0,1.0,1.0,7.0,1.0,0.0,0.0,0.0,,,1.0,0.0,1.0,0.0,11.0,0.0,11000000.0,0.9999999090909174,1.0,0.0,1.0,0.0,1.0,0.0,0.0,0.0,0.0,0.0,0.0,0.0,0.0,7.0,0.0,8.0,1.0,1.0,0.0,0.0,0.0,0.0,0.0,0.0,1.8823529411764706,0.11764705882352941,0.5882352941176471,0.23529411764705882,2.235294117647059,0.23529411764705882,0.0,1.0598237718828112
2021MZT__2021_10_01_MZT_S6__MZT_2_5_chunk3.mp4,2021MZT,2021_10_01_MZT_S6,2021_10_01_MZT_S6,4,16,middle,,,,,,True,0.3721461187214612,0.0,0.0,1.0,0.0,3.0,1.0,0.0,1.0,0.0,2.0,1.0,3.0,1.0,1.0,1.0,0.0,0.0,0.0,0.0,1.0,0.0,1.0,3.0,1.0,1.0,0.0,0.0,0.0,1.0,5.0,5.0,10.0,5.0,1.0,0.0,0.0,1.0,0.0,0.0,0.0,18.0,0.0,0.0,1.0,0.0,1.2,0.2,1.0,0.0,1.2,0.2,17.0,3.0,5.666664777778407,0.8499999575000021,0.0,0.0,0.0,0.0,0.0,0.0,1.0,0.0,0.0,1.0,0.0,1000000.0,0.0,3.0,0.0,19.0,1.1875,1.0,0.0,0.0,0.0,0.0,0.0,0.0,1.1578947368421053,0.05263157894736842,0.05263157894736842,0.05263157894736842,2.0526315789473686,0.10526315789473684,0.5789473684210527,0.03338666635907522
2021MZT__2021_10_01_MZT_S6__MZT_2_6_chunk3.mp4,2021MZT,2021_10_01_MZT_S6,2021_10_01_MZT_S6,5,16,middle,,,,,,True,0.3786802030456853,0.0,0.0,0.0,1.0,2.0,0.0,0.0,0.0,0.0,,1.0,0.0,0.0,0.0,0.0,0.0,0.0,0.0,0.0,0.0,0.0,1.0,,0.0,0.0,0.0,0.0,0.0,2.0,0.0,3.0,3.0,3.0,1.0,2.0,8.0,0.0,0.0,0.0,0.0,3.0,0.0,1.0,0.0,0.0,,,,,1.0,0.0,6.0,0.0,6000000.0,0.9999998333333611,0.0,0.0,0.0,0.0,0.0,1.0,0.0,0.0,0.0,0.0,0.0,0.0,0.0,3.0,0.0,3.0,1.0,1.0,0.0,0.0,0.0,0.0,0.0,0.0,1.25,0.0625,0.25,0.0625,2.0,0.0,0.0,0.13991834845959206
2021MZT__2021_10_01_MZT_S6__MZT_2_5_chunk4.mp4,2021MZT,2021_10_01_MZT_S6,2021_10_01_MZT_S6,6,16,middle,,,,,,True,0.31000000000000005,0.0,0.0,1.0,0.0,2.0,1.0,0.0,1.0,0.0,2.0,1.0,0.0,0.0,0.0,0.0,0.0,0.0,0.0,0.0,0.0,0.0,0.0,3.0,1.0,1.0,0.0,1.0,0.0,1.0,5.0,3.0,3.0,4.0,0.0,1.0,0.0,1.0,0.0,0.0,1.0,0.0,0.0,0.0,1.0,0.0,1.4,0.4,1.0,0.0,1.0,0.0,10.0,3.0,3.3333322222225923,0.7692307100591762,0.0,0.0,1.0,0.0,0.0,0.0,1.0,0.0,0.0,0.0,0.0,0.0,0.0,0.0,0.0,11.0,1.2222222222222223,1.0,0.0,0.0,0.0,0.0,0.0,0.0,,0.0,0.0,0.0,2.0,0.0,0.0,-0.6171441482000752
2021MZT__2021_10_01_MZT_S6__MZT_2_6_chunk4.mp4,2021MZT,2021_10_01_MZT_S6,2021_10_01_MZT_S6,7,16,middle,,,,,,True,0.2874704491725768,0.0,0.0,1.0,0.0,3.0,1.0,0.0,1.0,0.0,3.0,2.0,3.0,1.0,0.0,0.0,1.0,1.0,0.0,0.0,0.0,0.0,0.0,,0.0,0.0,0.0,0.0,0.0,2.0,5.0,2.0,3.0,5.0,0.0,4.0,5.0,2.0,0.0,0.0,1.0,6.0,0.0,0.0,0.0,0.0,1.8,0.8,0.5,0.0,0.3333333333333333,0.0,15.0,1.0,14.999985000015002,0.9374999414062536,0.0,0.0,1.0,0.0,0.0,0.0,0.0,0.0,0.0,0.0,0.0,0.0,2.0,3.0,0.399999920000016,11.0,1.1,0.7,0.0,1.0,1.0,0.9999990000010001,0.0,0.0,1.2352941176470589,0.058823529411764705,0.23529411764705882,0.11764705882352941,2.0588235294117645,0.058823529411764705,0.0,0.24336293240965887
2021MZT__2021_10_01_MZT_S6__MZT_2_5_chunk5.mp4,2021MZT,2021_10_01_MZT_S6,2021_10_01_MZT_S6,8,16,middle,,,,,,True,0.23726851851851838,0.0,0.0,1.0,0.0,3.0,1.0,0.0,0.0,0.0,1.0,1.0,0.0,0.0,0.0,0.0,0.0,0.0,1.0,0.0,0.0,0.0,1.0,,0.0,0.0,0.0,1.0,0.0,1.0,0.0,6.0,13.0,8.0,1.0,0.0,0.0,1.0,0.0,0.0,1.0,16.0,0.0,0.0,0.0,0.0,,,1.0,0.0,1.0,0.0,18.0,4.0,4.499998875000281,0.8181817809917372,0.0,0.0,1.0,0.0,0.0,0.0,0.0,0.0,0.0,0.0,0.0,0.0,0.0,16.0,0.0,14.0,1.0,1.0,0.0,0.0,1.0,0.0,0.0,0.0,0.52,0.08,0.16,0.08,2.0,0.0,0.0,-0.10758017789915321
2021MZT__2021_10_01_MZT_S6__MZT_2_6_chunk5.mp4,2021MZT,2021_10_01_MZT_S6,2021_10_01_MZT_S6,9,16,middle,,,,,,True,0.42964824120603007,0.0,0.0,1.0,0.0,3.0,1.0,0.0,0.0,0.0,2.0,1.0,3.0,1.0,0.0,0.0,0.0,0.0,0.0,0.0,0.0,0.0,0.0,,0.0,0.0,0.0,0.0,0.0,1.0,7.0,1.0,3.0,1.0,0.0,4.0,0.0,1.0,0.0,0.0,0.0,7.0,0.0,0.0,0.0,0.0,1.8571428571428572,0.8571428571428571,1.0,0.0,1.0,0.0,12.0,0.0,12000000.0,0.9999999166666736,0.0,0.0,0.0,0.0,0.0,0.0,0.0,0.0,0.0,0.0,0.0,0.0,0.0,7.0,0.0,17.0,1.5454545454545454,1.0,0.0,0.0,0.0,0.0,0.0,0.0,0.75,0.08333333333333333,0.4166666666666667,0.16666666666666666,2.5,0.5,0.3333333333333333,0.2147672774911125
2021MZT__2021_10_01_MZT_S6__MZT_2_5_chunk6.mp4,2021MZT,2021_10_01_MZT_S6,2021_10_01_MZT_S6,10,16,middle,,,,,,True,0.4163851351351351,0.0,0.0,1.0,0.0,3.0,1.0,0.0,1.0,1.0,2.0,2.0,2.0,0.0,0.0,0.0,1.0,0.0,1.0,0.0,1.0,0.0,1.0,3.0,1.0,1.0,0.0,0.0,0.0,1.0,8.0,2.0,8.0,4.0,1.0,0.0,3.0,0.0,0.0,0.0,1.0,16.0,0.0,0.0,0.0,0.0,1.5,0.5,,,1.0,0.0,16.0,6.0,2.6666662222222963,0.7272726942148775,0.0,0.0,1.0,0.0,0.0,0.0,0.0,0.0,0.0,0.0,0.0,0.0,6.0,10.0,0.37499997656250145,20.0,1.25,1.0,1.0,4.0,3.0,1.6666661111112961,0.0,0.0,1.2083333333333333,0.20833333333333334,0.20833333333333334,0.16666666666666666,2.25,0.25,0.041666666666666664,0.9343286426724537
2021MZT__2021_10_01_MZT_S6__MZT_2_6_chunk6.mp4,2021MZT,2021_10_01_MZT_S6,2021_10_01_MZT_S6,11,16,middle,,,,,,True,0.2807456872565386,0.0,0.0,1.0,0.0,3.0,1.0,0.0,0.0,0.0,2.0,2.0,3.0,1.0,0.0,0.0,1.0,0.0,0.0,0.0,0.0,0.0,1.0,,0.0,0.0,0.0,0.0,0.0,1.0,5.0,2.0,3.0,5.0,0.0,2.0,3.0,1.0,1.0,0.0,0.0,10.0,0.0,0.0,0.0,0.0,1.6,0.6,1.0,0.0,1.6666666666666667,0.6666666666666666,12.0,1.0,11.999988000012001,0.9230768520710114,0.0,0.0,0.0,1.0,0.0,0.0,0.0,0.0,0.0,0.0,0.0,0.0,8.0,0.0,0.9999998750000157,14.0,1.5555555555555556,1.0,1.0,0.0,0.0,1000000.0,0.0,0.0,1.5384615384615385,0.0,0.07692307692307693,0.15384615384615385,2.1538461538461537,0.15384615384615385,0.0,0.24040531537195622
2021MZT__2021_10_01_MZT_S6__MZT_2_5_chunk7.mp4,2021MZT,2021_10_01_MZT_S6,2021_10_01_MZT_S6,12,16,middle,,,,,,True,0.4926108374384237,1.0,1.0,0.0,0.0,3.0,0.0,0.0,1.0,1.0,2.0,2.0,0.0,0.0,0.0,0.0,1.0,0.0,0.0,0.0,0.0,0.0,1.0,,0.0,0.0,0.0,1.0,0.0,2.0,3.0,3.0,2.0,2.0,1.0,1.0,4.0,6.0,0.0,0.0,0.0,16.0,0.0,0.0,1.0,0.0,1.0,0.0,1.0,0.0,1.5,0.5,11.0,1.0,10.999989000011,0.9166665902777842,0.0,0.0,0.0,0.0,0.0,0.0,1.0,0.0,0.0,0.0,0.0,0.0,10.0,1.0,0.9090908264462886,12.0,1.0909090909090908,1.0,0.0,0.0,0.0,0.0,0.0,0.0,1.2105263157894737,0.05263157894736842,0.10526315789473684,0.05263157894736842,2.0526315789473686,0.05263157894736842,0.0,0.05909845205921236
2021MZT__2021_10_01_MZT_S6__MZT_2_6_chunk7.mp4,2021MZT,2021_10_01_MZT_S6,2021_10_01_MZT_S6,13,16,middle,,,,,,True,0.5064319566689235,0.0,1.0,0.0,0.0,3.0,1.0,0.0,1.0,1.0,3.0,2.0,3.0,1.0,1.0,0.0,1.0,0.0,1.0,0.0,1.0,0.0,1.0,,0.0,0.0,0.0,0.0,0.0,2.0,11.0,3.0,5.0,6.0,7.0,3.0,13.0,5.0,0.0,0.0,2.0,22.0,2.0,0.0,0.0,0.0,1.5454545454545454,0.5454545454545454,1.6,0.6,1.4,0.6,24.0,3.0,7.999997333334222,0.8888888559670793,0.0,0.0,2.0,0.0,2.0,0.0,0.0,0.0,0.0,0.0,0.0,0.0,15.0,7.0,0.6818181508264477,32.0,1.5238095238095237,0.9523809523809523,0.0,3.0,0.0,3000000.0,0.0,0.0,0.8870967741935484,0.06451612903225806,0.06451612903225806,0.1935483870967742,2.0483870967741935,0.04838709677419355,0.0,0.2681603888618476
2021MZT__2021_10_01_MZT_S6__MZT_2_5_chunk8.mp4,2021MZT,2021_10_01_MZT_S6,2021_10_01_MZT_S6,14,16,middle,,,,,,True,0.3827160493827162,1.0,1.0,0.0,0.0,3.0,0.0,0.0,1.0,0.0,2.0,2.0,1.0,0.0,0.0,0.0,0.0,0.0,0.0,0.0,0.0,0.0,0.0,,0.0,0.0,0.0,0.0,0.0,2.0,1.0,1.0,0.0,1.0,1.0,0.0,1.0,1.0,0.0,0.0,0.0,2.0,0.0,0.0,0.0,0.0,1.0,0.0,1.0,0.0,,,3.0,0.0,3000000.0,0.9999996666667778,0.0,0.0,0.0,0.0,0.0,0.0,0.0,0.0,0.0,0.0,0.0,0.0,1.0,0.0,0.9999990000010001,2.0,1.0,1.0,0.0,0.0,0.0,0.0,0.0,0.0,0.75,0.0,0.0,0.25,2.0,0.0,0.0,0.0735323402699209
2021MZT__2021_10_01_MZT_S6__MZT_2_6_chunk8.mp4,2021MZT,2021_10_01_MZT_S6,2021_10_01_MZT_S6,15,16,end,,,,,,True,0.3706563706563708,0.0,1.0,0.0,0.0,4.0,1.0,1.0,1.0,1.0,2.0,2.0,0.0,0.0,0.0,0.0,1.0,0.0,1.0,0.0,1.0,0.0,1.0,,0.0,0.0,0.0,0.0,0.0,2.0,2.0,0.0,3.0,0.0,3.0,1.0,3.0,1.0,1.0,1.0,1.0,5.0,0.0,0.0,0.0,0.0,1.0,0.0,1.0,0.0,1.0,0.0,6.0,0.0,6000000.0,0.9999998333333611,1.0,0.0,1.0,1.0,0.0,0.0,0.0,0.0,0.0,0.0,0.0,0.0,3.0,1.0,0.7499998125000469,5.0,1.0,1.0,0.0,1.0,0.0,1000000.0,0.0,0.0,0.36363636363636365,0.7272727272727273,1.0,0.36363636363636365,2.3636363636363638,0.36363636363636365,0.2727272727272727,3.02659479798676
2021MZT__2021_09_30_MZT_S4__B4_2021_09_30_13_05_04_chunk1.mp4,2021MZT,2021_09_30_MZT_S4,2021_09_30_MZT_S4,0,6,beginning,1.0,0.0,True,False,False,True,0.30685618729096986,0.0,0.0,1.0,0.0,3.0,1.0,0.0,0.0,0.0,2.0,2.0,3.0,1.0,0.0,0.0,1.0,1.0,0.0,0.0,0.0,0.0,0.0,,0.0,0.0,0.0,0.0,0.0,1.0,3.0,1.0,4.0,0.0,0.0,1.0,0.0,2.0,0.0,0.0,0.0,7.0,0.0,0.0,0.0,0.0,2.0,1.0,2.0,1.0,1.0,0.0,9.0,0.0,9000000.0,0.9999998888889013,0.0,0.0,0.0,0.0,0.0,0.0,0.0,0.0,0.0,0.0,0.0,0.0,4.0,2.0,0.6666665555555741,14.0,1.5555555555555556,1.0,0.0,0.0,0.0,0.0,0.0,0.0,2.857142857142857,0.0,0.0,0.0,2.4285714285714284,0.42857142857142855,0.5714285714285714,0.5353177285810758
2021MZT__2021_09_30_MZT_S4__B4_2021_09_30_13_05_04_chunk2.mp4,2021MZT,2021_09_30_MZT_S4,2021_09_30_MZT_S4,1,6,middle,1.0,0.0,True,False,False,True,0.3899680354069339,0.0,1.0,0.0,0.0,4.0,1.0,0.0,1.0,0.0,4.0,3.0,3.0,1.0,0.0,0.0,1.0,0.0,0.0,1.0,0.0,0.0,1.0,3.0,1.0,1.0,1.0,0.0,1.0,1.0,5.0,4.0,4.0,3.0,0.0,1.0,2.0,4.0,1.0,0.0,0.0,12.0,0.0,0.0,0.0,0.0,1.8,0.8,1.75,0.75,2.0,1.0,13.0,3.0,4.33333188888937,0.8124999492187531,0.0,0.0,0.0,1.0,0.0,0.0,0.0,0.0,0.0,0.0,0.0,0.0,8.0,0.0,0.9999998750000157,18.0,1.8,1.0,0.0,0.0,0.0,0.0,0.0,0.0,2.642857142857143,0.07142857142857142,0.2857142857142857,0.5,2.2142857142857144,0.21428571428571427,0.14285714285714285,1.8490738450030852
2021MZT__2021_09_30_MZT_S4__B4_2021_09_30_13_05_04_chunk3.mp4,2021MZT,2021_09_30_MZT_S4,2021_09_30_MZT_S4,2,6,middle,1.0,0.0,True,False,False,True,0.5078219013237062,0.0,0.0,0.0,0.0,3.0,1.0,0.0,1.0,1.0,3.0,3.0,2.0,0.0,0.0,0.0,1.0,0.0,0.0,0.0,0.0,0.0,1.0,,0.0,0.0,0.0,0.0,0.0,2.0,2.0,3.0,0.0,3.0,1.0,0.0,8.0,4.0,0.0,0.0,1.0,7.0,0.0,0.0,0.0,0.0,1.5,0.5,1.25,0.25,,,9.0,1.0,8.999991000009,0.8999999100000091,0.0,0.0,1.0,0.0,0.0,0.0,0.0,0.0,0.0,0.0,0.0,0.0,4.0,1.0,0.799999840000032,8.0,1.3333333333333333,1.0,0.0,0.0,1.0,0.0,0.0,0.0,0.65,0.05,0.05,0.1,2.0,0.0,0.1,-0.11762081732964537
2021MZT__2021_09_30_MZT_S4__B4_2021_09_30_13_05_04_chunk4.mp4,2021MZT,2021_09_30_MZT_S4,2021_09_30_MZT_S4,3,6,middle,1.0,0.0,True,False,False,True,0.6081511839708562,1.0,0.0,0.0,1.0,3.0,0.0,0.0,1.0,1.0,,3.0,0.0,0.0,0.0,0.0,1.0,0.0,1.0,0.0,0.0,0.0,1.0,,0.0,0.0,0.0,0.0,0.0,2.0,4.0,2.0,1.0,7.0,4.0,2.0,17.0,12.0,1.0,0.0,0.0,18.0,0.0,0.0,0.0,0.0,1.0,0.0,1.0,0.0,0.0,0.0,22.0,1.0,21.999978000022,0.9565216975425348,0.0,0.0,0.0,1.0,0.0,0.0,0.0,0.0,0.0,0.0,0.0,0.0,4.0,0.0,0.9999997500000625,14.0,0.9333333333333333,0.9333333333333333,3.0,0.0,0.0,3000000.0,0.0,0.0,0.8,0.075,0.1,0.05,2.025,0.025,0.1,-0.058732178693402116
2021MZT__2021_09_30_MZT_S4__B4_2021_09_30_13_05_04_chunk5.mp4,2021MZT,2021_09_30_MZT_S4,2021_09_30_MZT_S4,4,6,middle,1.0,0.0,True,False,False,True,0.4918831168831168,0.0,1.0,0.0,0.0,3.0,1.0,0.0,1.0,1.0,3.0,4.0,3.0,1.0,0.0,0.0,1.0,0.0,0.0,0.0,1.0,0.0,1.0,,0.0,0.0,0.0,0.0,0.0,2.0,16.0,3.0,2.0,7.0,4.0,0.0,14.0,7.0,1.0,0.0,0.0,40.0,0.0,0.0,0.0,0.0,1.1875,0.1875,1.2857142857142858,0.2857142857142857,1.5,0.5,30.0,2.0,14.99999250000375,0.937499970703126,0.0,0.0,0.0,1.0,0.0,0.0,0.0,0.0,1.0,0.0,0.0,0.0,15.0,4.0,0.7894736426592819,31.0,1.24,1.0,1.0,0.0,0.0,1000000.0,0.0,0.0,0.42592592592592593,0.09259259259259259,0.0,0.037037037037037035,1.8703703703703705,0.037037037037037035,0.07407407407407407,-0.20114885924221726
2021MZT__2021_09_30_MZT_S4__B4_2021_09_30_13_05_04_chunk6.mp4,2021MZT,2021_09_30_MZT_S4,2021_09_30_MZT_S4,5,6,end,1.0,0.0,True,False,False,True,,,0.0,0.0,0.0,1.0,0.0,0.0,0.0,0.0,,4.0,0.0,0.0,0.0,0.0,0.0,0.0,0.0,0.0,0.0,0.0,0.0,,0.0,0.0,0.0,0.0,0.0,0.0,0.0,0.0,0.0,0.0,0.0,0.0,0.0,0.0,0.0,0.0,0.0,0.0,0.0,0.0,0.0,0.0,,,,,,,0.0,0.0,0.0,0.0,0.0,0.0,0.0,0.0,0.0,0.0,0.0,0.0,0.0,0.0,0.0,0.0,0.0,0.0,0.0,0.0,,,0.0,0.0,0.0,0.0,0.0,,,0.0,0.0,0.0,,,0.0,-0.6171441482000752
2021MZT__2021_10_01_MZT_S10__B4_2021_10_01_13_11_56_chunk1.mp4,2021MZT,2021_10_01_MZT_S10,2021_10_01_MZT_S10,0,7,beginning,,,,,,True,0.25297619047619047,0.0,0.0,0.0,1.0,3.0,0.0,0.0,0.0,0.0,,1.0,0.0,0.0,0.0,0.0,0.0,0.0,0.0,0.0,0.0,0.0,1.0,,0.0,0.0,0.0,0.0,1.0,2.0,0.0,2.0,7.0,0.0,5.0,6.0,8.0,0.0,0.0,0.0,0.0,7.0,0.0,0.0,0.0,0.0,,,,,1.0,0.0,7.0,0.0,7000000.0,0.9999998571428775,0.0,0.0,0.0,0.0,0.0,0.0,0.0,0.0,0.0,0.0,0.0,0.0,0.0,7.0,0.0,7.0,1.0,1.0,0.0,1.0,0.0,1000000.0,0.0,0.0,0.5,0.07894736842105263,0.21052631578947367,0.05263157894736842,2.0,0.0,0.15789473684210525,-0.1836623254801526
2021MZT__2021_10_01_MZT_S10__B4_2021_10_01_13_11_56_chunk2.mp4,2021MZT,2021_10_01_MZT_S10,2021_10_01_MZT_S10,1,7,middle,,,,,,True,0.1708261617900173,0.0,0.0,1.0,0.0,3.0,1.0,0.0,1.0,0.0,2.0,1.0,0.0,0.0,0.0,0.0,0.0,0.0,0.0,0.0,0.0,0.0,0.0,,0.0,0.0,0.0,0.0,0.0,2.0,3.0,2.0,5.0,5.0,0.0,5.0,3.0,0.0,0.0,0.0,0.0,6.0,0.0,0.0,0.0,0.0,2.0,1.0,,,1.4,0.4,9.0,4.0,2.2499994375001404,0.6923076390532585,0.0,0.0,0.0,0.0,0.0,0.0,0.0,0.0,0.0,0.0,0.0,0.0,0.0,6.0,0.0,13.0,1.625,1.0,0.0,0.0,0.0,0.0,0.0,0.0,1.2941176470588236,0.0,0.11764705882352941,0.0,2.1176470588235294,0.11764705882352941,0.0,-0.22825748708518304
2021MZT__2021_10_01_MZT_S10__B4_2021_10_01_13_11_56_chunk3.mp4,2021MZT,2021_10_01_MZT_S10,2021_10_01_MZT_S10,2,7,middle,,,,,,True,0.2003338898163607,0.0,0.0,1.0,0.0,3.0,1.0,0.0,0.0,0.0,2.0,1.0,0.0,0.0,0.0,0.0,0.0,0.0,0.0,0.0,1.0,0.0,1.0,,0.0,0.0,0.0,0.0,0.0,1.0,5.0,4.0,9.0,3.0,1.0,7.0,0.0,2.0,0.0,0.0,0.0,10.0,0.0,0.0,0.0,0.0,1.0,0.0,1.0,0.0,1.1111111111111112,0.1111111111111111,19.0,0.0,19000000.0,0.9999999473684238,0.0,0.0,0.0,0.0,0.0,0.0,0.0,0.0,0.0,0.0,0.0,0.0,0.0,8.0,0.0,15.0,1.0714285714285714,1.0,0.0,0.0,0.0,0.0,0.0,0.0,1.0,0.08695652173913043,0.2608695652173913,0.043478260869565216,2.130434782608696,0.13043478260869565,0.08695652173913043,0.0715759744326608
2021MZT__2021_10_01_MZT_S10__B4_2021_10_01_13_11_56_chunk4.mp4,2021MZT,2021_10_01_MZT_S10,2021_10_01_MZT_S10,3,7,middle,,,,,,True,0.45782073813708246,1.0,0.0,1.0,0.0,3.0,1.0,0.0,0.0,0.0,2.0,1.0,3.0,1.0,0.0,0.0,0.0,1.0,1.0,0.0,1.0,0.0,1.0,,0.0,0.0,0.0,0.0,0.0,1.0,4.0,2.0,5.0,3.0,0.0,0.0,4.0,0.0,0.0,0.0,0.0,8.0,0.0,0.0,0.0,0.0,1.25,0.25,,,1.4,0.4,10.0,2.0,4.99999750000125,0.8333332638888947,0.0,0.0,0.0,0.0,0.0,0.0,0.0,0.0,1.0,0.0,0.0,0.0,1.0,5.0,0.16666663888889352,12.0,1.3333333333333333,1.0,0.0,0.0,0.0,0.0,0.0,0.0,1.8181818181818181,0.18181818181818182,0.2727272727272727,0.18181818181818182,2.1818181818181817,0.18181818181818182,0.0,1.1615156347826012
2021MZT__2021_10_01_MZT_S10__B4_2021_10_01_13_11_56_chunk5.mp4,2021MZT,2021_10_01_MZT_S10,2021_10_01_MZT_S10,4,7,middle,,,,,,True,0.31868131868131866,0.0,0.0,1.0,0.0,3.0,1.0,0.0,0.0,0.0,2.0,1.0,3.0,1.0,1.0,1.0,0.0,0.0,1.0,0.0,0.0,0.0,1.0,3.0,1.0,1.0,0.0,0.0,0.0,1.0,6.0,3.0,6.0,6.0,0.0,6.0,0.0,3.0,0.0,0.0,0.0,13.0,0.0,0.0,0.0,0.0,1.1666666666666667,0.16666666666666666,1.3333333333333333,0.3333333333333333,1.1666666666666667,0.16666666666666666,17.0,3.0,5.666664777778407,0.8499999575000021,0.0,0.0,0.0,0.0,0.0,0.0,0.0,0.0,0.0,0.0,0.0,0.0,8.0,3.0,0.7272726611570308,18.0,1.2,1.0,0.0,0.0,0.0,0.0,0.0,0.0,1.2222222222222223,0.05555555555555555,0.2222222222222222,0.1111111111111111,2.111111111111111,0.1111111111111111,0.0,0.2091793808641512
2021MZT__2021_10_01_MZT_S10__B4_2021_10_01_13_11_56_chunk6.mp4,2021MZT,2021_10_01_MZT_S10,2021_10_01_MZT_S10,5,7,middle,,,,,,True,0.4973183812774258,0.0,0.0,1.0,0.0,3.0,1.0,0.0,1.0,1.0,2.0,1.0,3.0,1.0,0.0,1.0,0.0,0.0,1.0,0.0,0.0,0.0,0.0,,0.0,0.0,0.0,0.0,0.0,1.0,5.0,3.0,3.0,5.0,2.0,5.0,3.0,0.0,0.0,0.0,0.0,7.0,0.0,0.0,0.0,0.0,1.2,0.2,,,1.3333333333333333,0.3333333333333333,12.0,2.0,5.9999970000015,0.8571427959183717,0.0,0.0,0.0,0.0,0.0,0.0,0.0,0.0,0.0,0.0,0.0,0.0,5.0,1.0,0.8333331944444675,10.0,1.25,1.0,1.0,0.0,1.0,0.9999990000010001,0.0,0.0,1.105263157894737,0.0,0.05263157894736842,0.05263157894736842,2.1052631578947367,0.10526315789473684,0.0,-0.20102177816603595
2021MZT__2021_10_01_MZT_S10__B4_2021_10_01_13_11_56_chunk7.mp4,2021MZT,2021_10_01_MZT_S10,2021_10_01_MZT_S10,6,7,end,,,,,,True,0.34615384615384626,0.0,0.0,1.0,0.0,4.0,0.0,0.0,1.0,1.0,1.0,1.0,0.0,0.0,0.0,0.0,0.0,0.0,1.0,0.0,1.0,0.0,1.0,,0.0,0.0,0.0,1.0,0.0,0.0,3.0,6.0,15.0,1.0,4.0,1.0,2.0,1.0,0.0,0.0,0.0,19.0,0.0,0.0,1.0,0.0,,,1.0,0.0,0.4666666666666667,0.0,20.0,0.0,20000000.0,0.9999999500000024,0.0,0.0,0.0,0.0,0.0,0.0,1.0,0.0,0.0,0.0,0.0,0.0,1.0,13.0,0.07142856632653098,8.0,0.5,0.5,0.0,1.0,0.0,1000000.0,0.0,0.0,0.45714285714285713,0.05714285714285714,0.3142857142857143,0.17142857142857143,2.1142857142857143,0.11428571428571428,0.02857142857142857,-0.021340366160315465
2021MZT__2021_10_01_MZT_S1__B1.3_Zoom_Meeting_Room_1_2021_10_01_11_09_03_chunk1.mp4,2021MZT,2021_10_01_MZT_S1,2021_10_01_MZT_S1,0,9,beginning,2.0,0.0,True,False,False,True,0.37250000000000005,0.0,0.0,1.0,0.0,2.0,1.0,0.0,0.0,0.0,1.0,1.0,0.0,0.0,0.0,0.0,0.0,0.0,1.0,0.0,0.0,0.0,1.0,,0.0,0.0,0.0,1.0,0.0,1.0,0.0,0.0,8.0,0.0,0.0,5.0,0.0,0.0,0.0,0.0,1.0,7.0,0.0,0.0,0.0,0.0,,,,,0.875,0.0,8.0,0.0,8000000.0,0.9999998750000157,0.0,0.0,1.0,0.0,0.0,0.0,0.0,0.0,0.0,0.0,0.0,0.0,0.0,7.0,0.0,7.0,0.875,0.875,0.0,0.0,0.0,0.0,0.0,0.0,1.125,0.0,0.625,0.0,2.0,0.0,0.125,-0.3108755043716533
2021MZT__2021_10_01_MZT_S1__B1.3_Zoom_Meeting_Room_1_2021_10_01_11_09_03_chunk2.mp4,2021MZT,2021_10_01_MZT_S1,2021_10_01_MZT_S1,1,9,middle,2.0,0.0,True,False,False,True,0.36722797927461137,0.0,0.0,1.0,0.0,3.0,1.0,0.0,0.0,0.0,2.0,2.0,2.0,0.0,0.0,0.0,1.0,1.0,0.0,0.0,0.0,0.0,1.0,3.0,1.0,1.0,1.0,0.0,0.0,1.0,5.0,4.0,4.0,3.0,1.0,2.0,5.0,2.0,0.0,0.0,1.0,10.0,0.0,1.0,0.0,0.0,1.4,0.4,1.5,0.5,1.0,0.0,13.0,1.0,12.999987000013,0.9285713622449028,0.0,0.0,1.0,0.0,0.0,1.0,0.0,0.0,1.0,0.0,0.0,0.0,4.0,3.0,0.57142848979593,14.0,1.2727272727272727,1.0,1.0,1.0,0.0,2000000.0,0.0,0.0,0.4666666666666667,0.0,0.13333333333333333,0.0,2.033333333333333,0.03333333333333333,0.03333333333333333,-0.6324870905042026
2021MZT__2021_10_01_MZT_S1__B1.3_Zoom_Meeting_Room_1_2021_10_01_11_09_03_chunk3.mp4,2021MZT,2021_10_01_MZT_S1,2021_10_01_MZT_S1,2,9,middle,2.0,0.0,True,False,False,True,0.3624809354346721,0.0,0.0,1.0,0.0,3.0,1.0,0.0,0.0,0.0,3.0,2.0,3.0,1.0,0.0,0.0,1.0,0.0,0.0,0.0,0.0,0.0,0.0,3.0,1.0,1.0,0.0,0.0,0.0,1.0,9.0,5.0,4.0,13.0,0.0,1.0,0.0,5.0,0.0,0.0,0.0,18.0,0.0,0.0,0.0,0.0,1.4444444444444444,0.4444444444444444,1.6,0.6,1.25,0.25,23.0,5.0,4.599999080000184,0.8214285420918378,0.0,0.0,0.0,0.0,0.0,0.0,0.0,0.0,0.0,0.0,0.0,0.0,16.0,2.0,0.8888888395061756,26.0,1.4444444444444444,1.0,2.0,0.0,0.0,2000000.0,0.0,0.0,1.0769230769230769,0.0,0.038461538461538464,0.0,2.1153846153846154,0.11538461538461539,0.07692307692307693,-0.33436223169389406
2021MZT__2021_10_01_MZT_S1__B1.3_Zoom_Meeting_Room_1_2021_10_01_11_09_03_chunk4.mp4,2021MZT,2021_10_01_MZT_S1,2021_10_01_MZT_S1,3,9,middle,2.0,0.0,True,False,False,True,0.3390541571319603,0.0,1.0,0.0,0.0,3.0,1.0,0.0,0.0,0.0,3.0,3.0,3.0,1.0,1.0,0.0,1.0,0.0,1.0,0.0,0.0,1.0,1.0,3.0,1.0,1.0,0.0,1.0,0.0,1.0,3.0,4.0,5.0,6.0,1.0,1.0,1.0,1.0,1.0,0.0,0.0,13.0,0.0,0.0,1.0,0.0,1.6666666666666667,0.6666666666666666,2.0,1.0,2.0,1.0,10.0,3.0,3.3333322222225923,0.7692307100591762,0.0,0.0,0.0,1.0,0.0,0.0,1.0,0.0,1.0,0.0,1.0,0.0,6.0,3.0,0.6666665925926009,9.0,1.8,1.0,0.0,2.0,0.0,2000000.0,0.0,0.0,1.0,0.125,0.125,0.0,2.3125,0.3125,0.125,0.12371356929983408
2021MZT__2021_10_01_MZT_S1__B1.3_Zoom_Meeting_Room_1_2021_10_01_11_09_03_chunk5.mp4,2021MZT,2021_10_01_MZT_S1,2021_10_01_MZT_S1,4,9,middle,2.0,0.0,True,False,False,True,0.4672801635991819,0.0,1.0,0.0,0.0,3.0,1.0,0.0,0.0,0.0,4.0,3.0,3.0,1.0,1.0,0.0,1.0,0.0,0.0,0.0,0.0,0.0,0.0,3.0,1.0,1.0,0.0,0.0,0.0,2.0,2.0,2.0,2.0,2.0,1.0,0.0,1.0,1.0,0.0,0.0,0.0,7.0,0.0,0.0,0.0,0.0,1.5,0.5,2.0,1.0,1.5,0.5,7.0,0.0,7000000.0,0.9999998571428775,0.0,0.0,0.0,0.0,0.0,0.0,0.0,0.0,0.0,0.0,0.0,0.0,7.0,0.0,0.9999998571428775,8.0,1.6,1.0,0.0,0.0,0.0,0.0,0.0,0.0,1.1538461538461537,0.0,0.15384615384615385,0.3076923076923077,2.4615384615384617,0.46153846153846156,0.0,0.40180646156637007
2021MZT__2021_10_01_MZT_S1__B1.3_Zoom_Meeting_Room_1_2021_10_01_11_09_03_chunk6.mp4,2021MZT,2021_10_01_MZT_S1,2021_10_01_MZT_S1,5,9,middle,2.0,0.0,True,False,False,True,0.46022408963585426,0.0,1.0,0.0,0.0,3.0,0.0,0.0,1.0,1.0,4.0,4.0,3.0,1.0,0.0,0.0,1.0,0.0,0.0,0.0,0.0,0.0,0.0,,0.0,0.0,0.0,0.0,0.0,2.0,3.0,1.0,3.0,2.0,1.0,0.0,4.0,3.0,0.0,0.0,0.0,7.0,0.0,0.0,0.0,0.0,1.3333333333333333,0.3333333333333333,2.0,1.0,1.6666666666666667,0.6666666666666666,11.0,0.0,11000000.0,0.9999999090909174,0.0,0.0,0.0,0.0,0.0,0.0,0.0,0.0,0.0,0.0,0.0,0.0,7.0,0.0,0.9999998571428775,15.0,1.6666666666666667,1.0,0.0,0.0,0.0,0.0,0.0,0.0,2.2222222222222223,0.2222222222222222,0.2222222222222222,0.5555555555555556,2.3333333333333335,0.3333333333333333,0.2222222222222222,2.367650404788156
2021MZT__2021_10_01_MZT_S1__B1.3_Zoom_Meeting_Room_1_2021_10_01_11_09_03_chunk7.mp4,2021MZT,2021_10_01_MZT_S1,2021_10_01_MZT_S1,6,9,middle,2.0,0.0,True,False,False,True,0.700966183574879,1.0,1.0,0.0,0.0,2.0,0.0,0.0,1.0,1.0,4.0,4.0,2.0,0.0,0.0,0.0,1.0,0.0,0.0,0.0,1.0,0.0,1.0,3.0,1.0,1.0,0.0,0.0,0.0,2.0,7.0,4.0,5.0,8.0,7.0,0.0,1.0,4.0,0.0,0.0,0.0,0.0,0.0,0.0,1.0,0.0,1.5714285714285714,0.5714285714285714,1.25,0.25,1.4,0.4,21.0,3.0,6.999997666667444,0.8749999635416682,0.0,0.0,0.0,0.0,0.0,0.0,1.0,0.0,0.0,0.0,0.0,0.0,0.0,0.0,0.0,23.0,1.4375,1.0,2.0,7.0,2.0,4.499997750001125,0.0,0.0,,0.0,0.0,0.0,2.259259259259259,0.25925925925925924,0.0,-0.6171441482000752
2021MZT__2021_10_01_MZT_S1__B1.1_Zoom_Meeting_Room_1_2021_10_01_11_04_18.mp4,2021MZT,2021_10_01_MZT_S1,2021_10_01_MZT_S1,7,9,middle,2.0,0.0,True,False,False,True,0.2163934426229508,0.0,0.0,1.0,0.0,3.0,0.0,0.0,0.0,0.0,1.0,1.0,0.0,0.0,0.0,0.0,0.0,0.0,0.0,0.0,0.0,0.0,1.0,,0.0,0.0,0.0,0.0,1.0,2.0,0.0,4.0,5.0,0.0,2.0,2.0,1.0,0.0,0.0,0.0,0.0,4.0,0.0,0.0,0.0,0.0,,,,,0.8,0.0,5.0,0.0,5000000.0,0.99999980000004,0.0,0.0,0.0,0.0,0.0,0.0,0.0,0.0,0.0,0.0,0.0,0.0,0.0,4.0,0.0,4.0,0.8,0.8,0.0,0.0,0.0,0.0,0.0,0.0,0.5333333333333333,0.06666666666666667,0.2,0.0,2.0,0.0,0.0,-0.3355697274390617
2021MZT__2021_10_01_MZT_S1__B1.2_Zoom_Meeting_Room_1_2021_10_01_11_07_45.mp4,2021MZT,2021_10_01_MZT_S1,2021_10_01_MZT_S1,8,9,end,2.0,0.0,True,False,False,True,0.035211267605633756,1.0,0.0,1.0,0.0,3.0,0.0,0.0,0.0,0.0,1.0,1.0,0.0,0.0,0.0,0.0,0.0,0.0,0.0,0.0,0.0,0.0,0.0,,0.0,0.0,0.0,0.0,1.0,2.0,0.0,0.0,2.0,0.0,0.0,1.0,0.0,0.0,0.0,0.0,0.0,2.0,0.0,0.0,0.0,0.0,,,,,1.0,0.0,2.0,0.0,2000000.0,0.99999950000025,0.0,0.0,0.0,0.0,0.0,0.0,0.0,0.0,0.0,0.0,0.0,0.0,0.0,2.0,0.0,2.0,1.0,1.0,0.0,0.0,0.0,0.0,0.0,0.0,1.5,0.0,0.5,0.0,2.0,0.0,0.0,-0.12767903125817584
2021MZT__2021_10_01_MZT_S12__B6_2021_10_01_13_11_47_chunk1.mp4,2021MZT,2021_10_01_MZT_S12,2021_10_01_MZT_S12,0,7,beginning,,,,,,True,0.3077290076335877,0.0,0.0,1.0,0.0,3.0,1.0,0.0,1.0,0.0,2.0,2.0,3.0,1.0,1.0,1.0,1.0,1.0,0.0,0.0,0.0,0.0,1.0,,0.0,0.0,0.0,1.0,0.0,1.0,4.0,0.0,5.0,2.0,0.0,0.0,2.0,3.0,0.0,0.0,1.0,10.0,1.0,0.0,0.0,0.0,1.5,0.5,1.6666666666666667,0.6666666666666666,1.2,0.2,14.0,0.0,14000000.0,0.9999999285714337,0.0,0.0,1.0,0.0,1.0,0.0,0.0,0.0,0.0,0.0,0.0,0.0,5.0,4.0,0.5555554938271674,17.0,1.4166666666666667,1.0,0.0,0.0,0.0,0.0,0.0,0.0,4.0,0.5,0.9,0.6,2.5,0.5,0.0,4.438499410947717
2021MZT__2021_10_01_MZT_S12__B6_2021_10_01_13_11_47_chunk2.mp4,2021MZT,2021_10_01_MZT_S12,2021_10_01_MZT_S12,1,7,middle,,,,,,True,0.18104448742746615,0.0,0.0,1.0,0.0,3.0,1.0,1.0,0.0,0.0,3.0,3.0,3.0,1.0,1.0,1.0,1.0,0.0,0.0,1.0,0.0,0.0,1.0,,0.0,0.0,0.0,0.0,0.0,1.0,3.0,2.0,6.0,3.0,1.0,0.0,1.0,2.0,0.0,0.0,1.0,17.0,0.0,0.0,0.0,0.0,1.3333333333333333,0.3333333333333333,1.5,0.5,1.3333333333333333,0.3333333333333333,13.0,1.0,12.999987000013,0.9285713622449028,0.0,0.0,1.0,0.0,0.0,0.0,0.0,0.0,0.0,0.0,0.0,0.0,11.0,6.0,0.6470587854671302,15.0,1.3636363636363635,1.0,2.0,1.0,0.0,3000000.0,0.0,0.0,2.380952380952381,0.09523809523809523,0.6666666666666666,0.5238095238095238,2.380952380952381,0.3333333333333333,0.0,1.8695950492260864
2021MZT__2021_10_01_MZT_S12__B6_2021_10_01_13_11_47_chunk3.mp4,2021MZT,2021_10_01_MZT_S12,2021_10_01_MZT_S12,2,7,middle,,,,,,True,0.28095238095238106,0.0,1.0,0.0,0.0,3.0,1.0,1.0,0.0,0.0,4.0,4.0,3.0,1.0,1.0,1.0,1.0,0.0,0.0,0.0,1.0,0.0,1.0,,0.0,0.0,1.0,1.0,0.0,1.0,3.0,1.0,1.0,4.0,2.0,1.0,1.0,3.0,2.0,0.0,2.0,12.0,1.0,0.0,1.0,1.0,1.6666666666666667,0.6666666666666666,1.3333333333333333,0.3333333333333333,2.0,1.0,9.0,1.0,8.999991000009,0.8999999100000091,0.0,0.0,2.0,2.0,1.0,0.0,1.0,1.0,1.0,0.0,0.0,0.0,9.0,0.0,0.9999998888889013,11.0,1.5714285714285714,1.0,1.0,0.0,0.0,1000000.0,0.0,0.0,1.625,0.25,0.5625,0.5625,2.5625,0.5,0.0,2.201805304147143
2021MZT__2021_10_01_MZT_S12__B6_2021_10_01_13_11_47_chunk4.mp4,2021MZT,2021_10_01_MZT_S12,2021_10_01_MZT_S12,3,7,middle,,,,,,True,0.37142857142857144,0.0,0.0,0.0,0.0,3.0,1.0,0.0,0.0,0.0,2.0,2.0,3.0,1.0,0.0,0.0,1.0,0.0,0.0,0.0,1.0,0.0,1.0,,0.0,0.0,0.0,0.0,0.0,1.0,2.0,1.0,3.0,1.0,1.0,0.0,1.0,0.0,0.0,0.0,0.0,8.0,0.0,0.0,0.0,0.0,1.5,0.5,,,1.0,0.0,6.0,0.0,6000000.0,0.9999998333333611,0.0,0.0,0.0,0.0,0.0,0.0,0.0,0.0,0.0,0.0,0.0,0.0,7.0,1.0,0.8749998906250137,6.0,1.2,1.0,0.0,0.0,0.0,0.0,0.0,,,0.0,0.0,0.0,,,0.0,-0.6171441482000752
2021MZT__2021_10_01_MZT_S12__B6_2021_10_01_13_11_47_chunk5.mp4,2021MZT,2021_10_01_MZT_S12,2021_10_01_MZT_S12,4,7,middle,,,,,,True,0.14130434782608692,0.0,1.0,0.0,0.0,3.0,1.0,0.0,1.0,1.0,3.0,3.0,3.0,1.0,1.0,1.0,1.0,0.0,0.0,0.0,0.0,0.0,0.0,,0.0,0.0,0.0,0.0,0.0,2.0,2.0,0.0,0.0,0.0,0.0,0.0,1.0,1.0,0.0,0.0,0.0,4.0,0.0,0.0,0.0,0.0,1.5,0.5,2.0,1.0,,,3.0,0.0,3000000.0,0.9999996666667778,0.0,0.0,0.0,0.0,0.0,0.0,0.0,0.0,0.0,0.0,0.0,0.0,4.0,0.0,0.9999997500000625,5.0,1.6666666666666667,1.0,0.0,0.0,0.0,0.0,0.0,0.0,0.0,0.0,0.0,0.0,3.0,1.0,0.0,-0.8604649237120855
2021MZT__2021_10_01_MZT_S12__B6_2021_10_01_13_11_47_chunk6.mp4,2021MZT,2021_10_01_MZT_S12,2021_10_01_MZT_S12,5,7,middle,,,,,,True,0.22222222222222232,0.0,1.0,0.0,0.0,4.0,1.0,1.0,1.0,1.0,4.0,4.0,3.0,1.0,1.0,0.0,1.0,0.0,0.0,0.0,1.0,0.0,1.0,,0.0,0.0,1.0,0.0,0.0,2.0,1.0,0.0,0.0,1.0,0.0,0.0,1.0,1.0,0.0,0.0,0.0,4.0,0.0,0.0,0.0,0.0,1.0,0.0,2.0,1.0,,,3.0,0.0,3000000.0,0.9999996666667778,0.0,0.0,0.0,0.0,0.0,0.0,0.0,0.0,0.0,0.0,0.0,0.0,4.0,0.0,0.9999997500000625,3.0,1.5,1.0,0.0,0.0,0.0,0.0,0.0,0.0,3.5,0.75,1.0,1.0,3.25,1.0,0.0,6.093713484623123
2021MZT__2021_10_01_MZT_S12__B6_2021_10_01_13_11_47_chunk7.mp4,2021MZT,2021_10_01_MZT_S12,2021_10_01_MZT_S12,6,7,end,,,,,,True,0.16666666666666652,0.0,1.0,0.0,0.0,4.0,1.0,1.0,1.0,0.0,4.0,4.0,3.0,1.0,1.0,0.0,1.0,0.0,0.0,0.0,1.0,0.0,1.0,,0.0,0.0,0.0,1.0,0.0,2.0,1.0,0.0,0.0,2.0,3.0,0.0,3.0,2.0,0.0,2.0,1.0,12.0,2.0,3.0,1.0,1.0,1.0,0.0,1.0,0.0,,,5.0,0.0,5000000.0,0.99999980000004,2.0,1.0,1.0,0.0,2.0,3.0,1.0,1.0,0.0,0.0,0.0,0.0,11.0,1.0,0.9166665902777842,3.0,1.0,1.0,0.0,0.0,0.0,0.0,0.0,0.0,1.5384615384615385,0.46153846153846156,0.46153846153846156,0.0,2.3076923076923075,0.3076923076923077,0.0,1.7212195126032348
2021MZT__2021_10_01_MZT_S4__B4_2021_10_01_11_04_24_chunk1.mp4,2021MZT,2021_10_01_MZT_S4,2021_10_01_MZT_S4,0,10,beginning,2.0,1.0,True,True,True,True,0.3824978267168937,0.0,0.0,0.0,1.0,3.0,0.0,0.0,1.0,0.0,1.0,1.0,0.0,0.0,0.0,0.0,0.0,0.0,0.0,0.0,1.0,0.0,1.0,,0.0,0.0,0.0,0.0,0.0,2.0,0.0,2.0,9.0,3.0,4.0,12.0,6.0,1.0,0.0,0.0,0.0,11.0,0.0,0.0,0.0,0.0,,,1.0,0.0,1.0,0.0,10.0,3.0,3.3333322222225923,0.7692307100591762,0.0,0.0,0.0,0.0,0.0,0.0,0.0,0.0,0.0,0.0,0.0,0.0,2.0,8.0,0.19999998000000202,10.0,1.0,1.0,0.0,0.0,0.0,0.0,0.0,0.0,0.88,0.12,0.36,0.12,2.0,0.0,0.0,0.31771458783757356
2021MZT__2021_10_01_MZT_S4__B4_2021_10_01_11_04_24_chunk2.mp4,2021MZT,2021_10_01_MZT_S4,2021_10_01_MZT_S4,1,10,middle,2.0,1.0,True,True,True,True,0.3820000000000001,0.0,0.0,1.0,0.0,3.0,1.0,0.0,0.0,0.0,2.0,2.0,3.0,1.0,0.0,1.0,0.0,0.0,1.0,0.0,1.0,0.0,1.0,,0.0,0.0,0.0,0.0,1.0,1.0,3.0,1.0,4.0,2.0,2.0,0.0,0.0,0.0,0.0,0.0,2.0,7.0,0.0,0.0,0.0,0.0,1.6666666666666667,0.6666666666666666,,,1.5,0.5,9.0,0.0,9000000.0,0.9999998888889013,0.0,0.0,2.0,0.0,0.0,0.0,0.0,0.0,0.0,0.0,0.0,0.0,0.0,5.0,0.0,11.0,1.5714285714285714,1.0,0.0,1.0,0.0,1000000.0,0.0,0.0,1.8,0.2,0.5,0.4,2.7,0.7,0.2,1.72009235917559
2021MZT__2021_10_01_MZT_S4__B4_2021_10_01_11_04_24_chunk3.mp4,2021MZT,2021_10_01_MZT_S4,2021_10_01_MZT_S4,2,10,middle,2.0,1.0,True,True,True,True,0.34880326911850545,0.0,0.0,1.0,0.0,3.0,1.0,0.0,1.0,0.0,2.0,2.0,0.0,0.0,0.0,0.0,1.0,1.0,0.0,0.0,0.0,0.0,1.0,3.0,1.0,1.0,0.0,0.0,0.0,1.0,3.0,3.0,6.0,7.0,0.0,2.0,0.0,1.0,0.0,0.0,2.0,16.0,0.0,0.0,0.0,0.0,1.3333333333333333,0.3333333333333333,1.0,0.0,1.1666666666666667,0.16666666666666666,13.0,4.0,3.2499991875002032,0.7647058373702448,0.0,0.0,2.0,0.0,0.0,0.0,0.0,0.0,0.0,1.0,0.0,1000000.0,2.0,14.0,0.12499999218750048,12.0,1.2,1.0,1.0,0.0,1.0,0.9999990000010001,0.0,0.0,1.4375,0.0625,0.1875,0.125,2.0,0.0,0.375,0.37341766445509367
2021MZT__2021_10_01_MZT_S4__B4_2021_10_01_11_04_24_chunk4.mp4,2021MZT,2021_10_01_MZT_S4,2021_10_01_MZT_S4,3,10,middle,2.0,1.0,True,True,True,True,0.3979763912310288,1.0,0.0,1.0,0.0,3.0,1.0,0.0,0.0,0.0,2.0,1.0,0.0,0.0,0.0,0.0,0.0,0.0,0.0,0.0,0.0,0.0,0.0,,0.0,0.0,0.0,1.0,0.0,1.0,2.0,5.0,9.0,7.0,0.0,1.0,0.0,2.0,0.0,0.0,1.0,16.0,0.0,0.0,0.0,0.0,1.0,0.0,1.0,0.0,1.0,0.0,18.0,2.0,8.99999550000225,0.8999999550000022,0.0,0.0,1.0,0.0,0.0,0.0,0.0,0.0,0.0,0.0,0.0,0.0,0.0,7.0,0.0,13.0,1.0,1.0,1.0,0.0,0.0,1000000.0,0.0,0.0,0.7647058823529411,0.0,0.0,0.0,2.0588235294117645,0.058823529411764705,0.0,-0.48688780206891596
2021MZT__2021_10_01_MZT_S4__B4_2021_10_01_11_04_24_chunk5.mp4,2021MZT,2021_10_01_MZT_S4,2021_10_01_MZT_S4,4,10,middle,2.0,1.0,True,True,True,True,0.19912280701754392,0.0,0.0,1.0,0.0,3.0,1.0,0.0,0.0,0.0,2.0,1.0,2.0,0.0,0.0,0.0,1.0,0.0,0.0,0.0,0.0,0.0,1.0,3.0,1.0,1.0,0.0,0.0,0.0,1.0,6.0,2.0,2.0,3.0,1.0,2.0,1.0,1.0,0.0,0.0,2.0,11.0,0.0,0.0,0.0,0.0,1.3333333333333333,0.3333333333333333,1.0,0.0,1.0,0.0,11.0,1.0,10.999989000011,0.9166665902777842,0.0,0.0,2.0,0.0,0.0,0.0,0.0,0.0,0.0,0.0,0.0,0.0,10.0,1.0,0.9090908264462886,11.0,1.2222222222222223,1.0,0.0,0.0,0.0,0.0,0.0,0.0,1.6428571428571428,0.0,0.14285714285714285,0.07142857142857142,2.2142857142857144,0.21428571428571427,0.21428571428571427,0.10428276357221121
2021MZT__2021_10_01_MZT_S4__B4_2021_10_01_11_04_24_chunk6.mp4,2021MZT,2021_10_01_MZT_S4,2021_10_01_MZT_S4,5,10,middle,2.0,1.0,True,True,True,True,0.47306397306397296,0.0,0.0,1.0,0.0,3.0,1.0,0.0,1.0,0.0,2.0,1.0,2.0,0.0,0.0,1.0,1.0,0.0,0.0,0.0,1.0,0.0,1.0,3.0,1.0,1.0,0.0,0.0,1.0,1.0,10.0,5.0,6.0,4.0,0.0,2.0,2.0,1.0,1.0,0.0,2.0,19.0,0.0,0.0,0.0,0.0,1.2,0.2,2.0,1.0,1.0,0.0,18.0,1.0,17.999982000018,0.9473683711911383,0.0,0.0,2.0,1.0,0.0,0.0,0.0,0.0,0.0,0.0,0.0,0.0,5.0,5.0,0.499999950000005,20.0,1.1764705882352942,1.0,2.0,0.0,0.0,2000000.0,0.0,0.0,1.25,0.1,0.35,0.0,2.0,0.0,0.3,0.14671363843362314
2021MZT__2021_10_01_MZT_S4__B4_2021_10_01_11_04_24_chunk7.mp4,2021MZT,2021_10_01_MZT_S4,2021_10_01_MZT_S4,6,10,middle,2.0,1.0,True,True,True,True,0.7228483606557377,1.0,1.0,0.0,0.0,2.0,0.0,0.0,1.0,1.0,2.0,2.0,0.0,0.0,0.0,0.0,1.0,0.0,1.0,0.0,0.0,1.0,1.0,,0.0,0.0,0.0,0.0,0.0,2.0,2.0,3.0,1.0,4.0,3.0,2.0,7.0,6.0,0.0,0.0,0.0,17.0,0.0,0.0,0.0,0.0,1.0,0.0,1.5,0.5,1.0,0.0,11.0,2.0,5.499997250001375,0.8461537810650938,0.0,0.0,0.0,0.0,0.0,0.0,0.0,0.0,2.0,0.0,0.0,0.0,10.0,2.0,0.8333332638888947,12.0,1.3333333333333333,1.0,0.0,0.0,0.0,0.0,0.0,0.0,0.24,0.04,0.2,0.0,2.0,0.0,0.16,-0.5846097202124798
2021MZT__2021_10_01_MZT_S4__B4_2021_10_01_11_04_24_chunk8.mp4,2021MZT,2021_10_01_MZT_S4,2021_10_01_MZT_S4,7,10,middle,2.0,1.0,True,True,True,True,0.6190476190476191,0.0,1.0,0.0,0.0,3.0,1.0,0.0,1.0,1.0,3.0,3.0,3.0,1.0,0.0,0.0,1.0,0.0,0.0,0.0,0.0,0.0,1.0,,0.0,0.0,0.0,0.0,0.0,2.0,1.0,1.0,0.0,0.0,4.0,5.0,10.0,5.0,0.0,0.0,0.0,4.0,0.0,0.0,0.0,0.0,2.0,1.0,1.6,0.6,,,6.0,0.0,6000000.0,0.9999998333333611,0.0,0.0,0.0,0.0,0.0,0.0,0.0,0.0,0.0,0.0,0.0,0.0,4.0,0.0,0.9999997500000625,10.0,1.6666666666666667,1.0,1.0,0.0,0.0,1000000.0,0.0,0.0,0.23809523809523808,0.14285714285714285,0.14285714285714285,0.09523809523809523,2.0,0.0,0.0,0.03854287326776975
2021MZT__2021_10_01_MZT_S4__B4_2021_10_01_11_04_24_chunk9.mp4,2021MZT,2021_10_01_MZT_S4,2021_10_01_MZT_S4,8,10,middle,2.0,1.0,True,True,True,True,0.31652542372881354,0.0,1.0,0.0,0.0,2.0,1.0,0.0,1.0,0.0,3.0,3.0,3.0,1.0,0.0,1.0,1.0,0.0,0.0,0.0,0.0,0.0,0.0,,0.0,0.0,0.0,1.0,0.0,2.0,2.0,3.0,5.0,3.0,0.0,3.0,1.0,5.0,0.0,0.0,1.0,16.0,0.0,0.0,1.0,0.0,1.5,0.5,2.0,1.0,2.0,1.0,12.0,3.0,3.999998666667111,0.7999999466666703,0.0,0.0,1.0,0.0,0.0,0.0,1.0,0.0,0.0,0.0,0.0,0.0,7.0,2.0,0.7777776913580343,23.0,1.9166666666666667,1.0,0.0,0.0,0.0,0.0,0.0,0.0,0.25,0.0,0.0,0.0,2.0,0.0,0.0,-0.738333941636434
2021MZT__2021_10_01_MZT_S4__B4_2021_10_01_11_04_24_chunk10.mp4,2021MZT,2021_10_01_MZT_S4,2021_10_01_MZT_S4,9,10,end,2.0,1.0,True,True,True,True,0.516942474389283,1.0,1.0,0.0,0.0,2.0,1.0,0.0,1.0,0.0,3.0,3.0,2.0,0.0,1.0,1.0,1.0,0.0,0.0,0.0,0.0,0.0,1.0,,0.0,0.0,0.0,1.0,0.0,2.0,0.0,0.0,1.0,1.0,1.0,2.0,1.0,1.0,0.0,0.0,0.0,2.0,0.0,0.0,0.0,0.0,,,2.0,1.0,2.0,1.0,3.0,0.0,3000000.0,0.9999996666667778,0.0,0.0,0.0,0.0,0.0,0.0,0.0,0.0,0.0,0.0,0.0,0.0,2.0,0.0,0.99999950000025,4.0,2.0,1.0,0.0,0.0,0.0,0.0,0.0,0.0,1.0,0.0,0.2,0.0,2.2,0.2,0.0,-0.37194099540947906
2021MZT__2021_09_30_MZT_S2__B2_Zoom_Meeting_Room_2_2021_09_30_12_55_56_chunk1.mp4,2021MZT,2021_09_30_MZT_S2,2021_09_30_MZT_S2,0,6,beginning,1.0,0.0,True,False,False,True,0.2458953799159984,0.0,0.0,1.0,0.0,3.0,1.0,0.0,0.0,0.0,2.0,1.0,3.0,1.0,0.0,1.0,1.0,1.0,0.0,0.0,1.0,0.0,1.0,3.0,1.0,1.0,0.0,0.0,0.0,1.0,13.0,3.0,4.0,8.0,1.0,0.0,0.0,1.0,0.0,0.0,0.0,18.0,0.0,0.0,0.0,0.0,1.3076923076923077,0.3076923076923077,2.0,1.0,1.0,0.0,19.0,6.0,3.166666138888977,0.7599999696000012,0.0,0.0,0.0,0.0,0.0,0.0,0.0,0.0,0.0,1.0,0.0,1000000.0,5.0,12.0,0.2941176297577865,23.0,1.2777777777777777,1.0,0.0,0.0,1.0,0.0,0.0,0.0,,0.0,0.0,0.0,2.1052631578947367,0.10526315789473684,0.15789473684210525,-0.6171441482000752
2021MZT__2021_09_30_MZT_S2__B2_Zoom_Meeting_Room_2_2021_09_30_12_55_56_chunk2.mp4,2021MZT,2021_09_30_MZT_S2,2021_09_30_MZT_S2,1,6,middle,1.0,0.0,True,False,False,True,0.37766648117232426,0.0,0.0,1.0,0.0,3.0,1.0,0.0,1.0,1.0,2.0,1.0,2.0,0.0,0.0,1.0,1.0,0.0,0.0,0.0,0.0,0.0,1.0,3.0,1.0,1.0,0.0,1.0,1.0,1.0,8.0,2.0,6.0,3.0,3.0,1.0,4.0,1.0,0.0,0.0,0.0,9.0,0.0,0.0,0.0,0.0,1.5,0.5,1.0,0.0,1.1666666666666667,0.16666666666666666,15.0,1.0,14.999985000015002,0.9374999414062536,0.0,0.0,0.0,0.0,0.0,0.0,0.0,0.0,0.0,0.0,0.0,0.0,8.0,1.0,0.8888887901234679,20.0,1.3333333333333333,1.0,0.0,1.0,0.0,1000000.0,0.0,0.0,1.375,0.0,0.0,0.0,2.3125,0.3125,0.1875,-0.18874452229600167
2021MZT__2021_09_30_MZT_S2__B2_Zoom_Meeting_Room_2_2021_09_30_12_55_56_chunk3.mp4,2021MZT,2021_09_30_MZT_S2,2021_09_30_MZT_S2,2,6,middle,1.0,0.0,True,False,False,True,0.3249566724436741,0.0,0.0,1.0,0.0,3.0,1.0,0.0,0.0,0.0,2.0,1.0,3.0,1.0,1.0,0.0,1.0,0.0,1.0,0.0,1.0,0.0,1.0,3.0,1.0,1.0,0.0,1.0,0.0,1.0,6.0,1.0,4.0,4.0,2.0,1.0,0.0,2.0,0.0,0.0,0.0,11.0,1.0,0.0,1.0,0.0,1.5,0.5,2.0,1.0,1.5,0.5,14.0,1.0,13.999986000014001,0.9333332711111153,0.0,0.0,0.0,0.0,1.0,0.0,1.0,0.0,0.0,0.0,1.0,0.0,7.0,4.0,0.636363578512402,19.0,1.5833333333333333,1.0,0.0,1.0,0.0,1000000.0,0.0,0.0,1.3846153846153846,0.23076923076923078,0.3076923076923077,0.07692307692307693,2.230769230769231,0.23076923076923078,0.3076923076923077,0.9056548865564253
2021MZT__2021_09_30_MZT_S2__B2_Zoom_Meeting_Room_2_2021_09_30_12_55_56_chunk4.mp4,2021MZT,2021_09_30_MZT_S2,2021_09_30_MZT_S2,3,6,middle,1.0,0.0,True,False,False,True,0.3065920398009949,0.0,0.0,1.0,0.0,3.0,1.0,1.0,0.0,0.0,2.0,2.0,2.0,0.0,0.0,1.0,1.0,0.0,1.0,0.0,1.0,0.0,1.0,3.0,1.0,1.0,0.0,0.0,0.0,1.0,10.0,10.0,10.0,15.0,2.0,1.0,2.0,2.0,0.0,0.0,0.0,33.0,0.0,0.0,0.0,0.0,1.4,0.4,1.5,0.5,1.1,0.1,24.0,11.0,2.1818179834710927,0.6857142661224496,0.0,0.0,0.0,0.0,0.0,0.0,0.0,0.0,1.0,1.0,0.0,1000000.0,12.0,11.0,0.5217391077504736,28.0,1.2727272727272727,1.0,2.0,5.0,0.0,7000000.0,0.0,0.0,1.368421052631579,0.05263157894736842,0.07894736842105263,0.02631578947368421,2.0526315789473686,0.05263157894736842,0.07894736842105263,0.07648598623803954
2021MZT__2021_09_30_MZT_S2__B2_Zoom_Meeting_Room_2_2021_09_30_12_55_56_chunk5.mp4,2021MZT,2021_09_30_MZT_S2,2021_09_30_MZT_S2,4,6,middle,1.0,0.0,True,False,False,True,0.5165020476993496,0.0,0.0,1.0,0.0,3.0,1.0,0.0,0.0,0.0,2.0,2.0,3.0,1.0,1.0,0.0,1.0,0.0,0.0,0.0,0.0,0.0,0.0,,0.0,0.0,0.0,0.0,0.0,1.0,2.0,4.0,4.0,0.0,0.0,3.0,0.0,2.0,0.0,0.0,0.0,11.0,0.0,0.0,0.0,0.0,2.0,1.0,2.0,1.0,1.5,0.5,8.0,0.0,8000000.0,0.9999998750000157,0.0,0.0,0.0,0.0,0.0,0.0,0.0,0.0,0.0,0.0,0.0,0.0,3.0,2.0,0.599999880000024,14.0,1.75,1.0,0.0,0.0,0.0,0.0,0.0,0.0,1.3333333333333333,0.0,0.06666666666666667,0.0,2.0,0.0,0.2,-0.20909968597527698
2021MZT__2021_09_30_MZT_S2__B2_Zoom_Meeting_Room_2_2021_09_30_12_55_56_chunk6.mp4,2021MZT,2021_09_30_MZT_S2,2021_09_30_MZT_S2,5,6,end,1.0,0.0,True,False,False,True,0.5349206349206348,1.0,0.0,0.0,0.0,3.0,1.0,0.0,0.0,1.0,2.0,2.0,2.0,0.0,0.0,0.0,1.0,0.0,1.0,0.0,0.0,1.0,1.0,3.0,1.0,1.0,0.0,0.0,0.0,1.0,2.0,5.0,5.0,4.0,6.0,2.0,8.0,6.0,0.0,0.0,1.0,10.0,0.0,0.0,0.0,0.0,2.0,1.0,1.1666666666666667,0.16666666666666666,1.0,0.4,14.0,1.0,13.999986000014001,0.9333332711111153,0.0,0.0,1.0,0.0,0.0,0.0,0.0,0.0,0.0,0.0,1.0,0.0,9.0,0.0,0.9999998888889013,16.0,1.2307692307692308,0.8461538461538461,1.0,1.0,0.0,2000000.0,0.0,0.0,0.5555555555555556,0.2222222222222222,0.3333333333333333,0.037037037037037035,2.111111111111111,0.1111111111111111,0.18518518518518517,0.3761904578288899
2021MZT__2021_10_01_MZT_S13__MZT_3_5_chunk1.mp4,2021MZT,2021_10_01_MZT_S13,2021_10_01_MZT_S13,0,14,beginning,,,,,,True,0.47820641282565135,0.0,0.0,0.0,1.0,3.0,0.0,0.0,1.0,0.0,,1.0,0.0,0.0,0.0,0.0,0.0,0.0,0.0,0.0,0.0,0.0,0.0,,0.0,0.0,0.0,0.0,1.0,2.0,0.0,2.0,8.0,2.0,0.0,8.0,8.0,0.0,0.0,0.0,0.0,8.0,0.0,0.0,0.0,0.0,,,,,1.0,0.0,10.0,0.0,10000000.0,0.99999990000001,0.0,0.0,0.0,0.0,0.0,0.0,0.0,0.0,0.0,0.0,0.0,0.0,0.0,8.0,0.0,8.0,1.0,1.0,0.0,1.0,0.0,1000000.0,0.0,0.0,0.4782608695652174,0.0,0.21739130434782608,0.043478260869565216,2.0,0.0,0.0,-0.5281092505664822
2021MZT__2021_10_01_MZT_S13__MZT_3_6_chunk1.mp4,2021MZT,2021_10_01_MZT_S13,2021_10_01_MZT_S13,1,14,middle,,,,,,True,0.3733333333333333,0.0,0.0,0.0,1.0,3.0,1.0,0.0,1.0,0.0,2.0,1.0,0.0,0.0,1.0,1.0,0.0,0.0,1.0,0.0,1.0,0.0,1.0,,0.0,0.0,0.0,0.0,0.0,2.0,1.0,0.0,7.0,0.0,0.0,0.0,2.0,1.0,0.0,0.0,1.0,8.0,2.0,0.0,0.0,0.0,1.0,0.0,1.0,0.0,1.0,0.0,9.0,0.0,9000000.0,0.9999998888889013,0.0,0.0,1.0,0.0,2.0,0.0,0.0,0.0,0.0,0.0,0.0,0.0,0.0,7.0,0.0,9.0,1.0,1.0,0.0,0.0,0.0,0.0,0.0,0.0,2.1,0.2,0.5,0.1,2.2,0.2,0.2,1.18552435636031
2021MZT__2021_10_01_MZT_S13__MZT_3_5_chunk2.mp4,2021MZT,2021_10_01_MZT_S13,2021_10_01_MZT_S13,2,14,middle,,,,,,True,0.3877192982456139,0.0,0.0,1.0,0.0,3.0,1.0,0.0,0.0,0.0,4.0,3.0,3.0,1.0,0.0,0.0,0.0,1.0,0.0,0.0,0.0,0.0,1.0,3.0,1.0,1.0,0.0,1.0,0.0,1.0,7.0,5.0,5.0,5.0,0.0,3.0,7.0,0.0,0.0,0.0,0.0,11.0,0.0,0.0,1.0,0.0,1.4285714285714286,0.42857142857142855,,,1.6,0.6,14.0,1.0,13.999986000014001,0.9333332711111153,0.0,0.0,0.0,0.0,0.0,0.0,1.0,0.0,0.0,1.0,1.0,0.9999990000010001,1.0,5.0,0.16666663888889352,18.0,1.5,1.0,0.0,3.0,0.0,3000000.0,0.0,0.0,0.9545454545454546,0.045454545454545456,0.13636363636363635,0.13636363636363635,2.090909090909091,0.09090909090909091,0.045454545454545456,0.0956937501556354
2021MZT__2021_10_01_MZT_S13__MZT_3_6_chunk2.mp4,2021MZT,2021_10_01_MZT_S13,2021_10_01_MZT_S13,3,14,middle,,,,,,True,0.3894736842105264,0.0,0.0,1.0,0.0,3.0,1.0,0.0,0.0,0.0,3.0,3.0,3.0,1.0,0.0,0.0,1.0,0.0,0.0,0.0,0.0,0.0,1.0,3.0,1.0,1.0,0.0,0.0,0.0,1.0,7.0,6.0,4.0,5.0,1.0,1.0,1.0,2.0,0.0,0.0,1.0,14.0,0.0,0.0,0.0,0.0,1.8571428571428572,0.8571428571428571,1.0,0.0,1.25,0.25,16.0,2.0,7.999996000002,0.8888888395061756,0.0,0.0,1.0,0.0,0.0,0.0,0.0,0.0,1.0,0.0,0.0,0.0,1.0,2.0,0.33333322222225925,20.0,1.5384615384615385,1.0,0.0,0.0,0.0,0.0,0.0,0.0,1.9285714285714286,0.07142857142857142,0.07142857142857142,0.0,2.142857142857143,0.14285714285714285,0.0,0.36491954641969154
2021MZT__2021_10_01_MZT_S13__MZT_3_5_chunk3.mp4,2021MZT,2021_10_01_MZT_S13,2021_10_01_MZT_S13,4,14,middle,,,,,,True,0.3588929219600725,1.0,0.0,1.0,0.0,2.0,0.0,0.0,0.0,0.0,2.0,1.0,0.0,0.0,0.0,0.0,0.0,0.0,0.0,0.0,0.0,0.0,0.0,,0.0,0.0,0.0,0.0,1.0,1.0,3.0,4.0,6.0,1.0,0.0,2.0,0.0,0.0,1.0,0.0,0.0,10.0,0.0,0.0,0.0,0.0,1.0,0.0,,,0.8333333333333334,0.0,10.0,1.0,9.999990000010001,0.9090908264462886,0.0,0.0,0.0,1.0,0.0,0.0,0.0,0.0,0.0,0.0,0.0,0.0,0.0,10.0,0.0,8.0,0.8888888888888888,0.8888888888888888,0.0,0.0,1.0,0.0,0.0,0.0,0.6,0.0,0.0,0.0,2.0,0.0,0.0,-0.5673505667305218
2021MZT__2021_10_01_MZT_S13__MZT_3_6_chunk3.mp4,2021MZT,2021_10_01_MZT_S13,2021_10_01_MZT_S13,5,14,middle,,,,,,True,0.23838209982788294,0.0,0.0,1.0,0.0,3.0,1.0,0.0,0.0,0.0,3.0,2.0,3.0,1.0,1.0,1.0,1.0,0.0,1.0,0.0,1.0,0.0,1.0,3.0,1.0,1.0,1.0,0.0,0.0,1.0,5.0,4.0,5.0,4.0,1.0,2.0,0.0,2.0,1.0,0.0,0.0,14.0,1.0,0.0,0.0,0.0,1.4,0.4,1.5,0.5,1.2,0.2,12.0,2.0,5.9999970000015,0.8571427959183717,0.0,0.0,0.0,1.0,1.0,0.0,0.0,0.0,0.0,1.0,0.0,1000000.0,5.0,7.0,0.41666663194444736,16.0,1.3333333333333333,1.0,0.0,0.0,0.0,0.0,0.0,0.0,1.2666666666666666,0.06666666666666667,0.2,0.13333333333333333,2.1333333333333333,0.13333333333333333,0.06666666666666667,0.3254034561188772
2021MZT__2021_10_01_MZT_S13__MZT_3_5_chunk4.mp4,2021MZT,2021_10_01_MZT_S13,2021_10_01_MZT_S13,6,14,middle,,,,,,True,0.3503861003861004,0.0,0.0,1.0,0.0,3.0,1.0,0.0,0.0,0.0,3.0,2.0,3.0,1.0,0.0,1.0,0.0,0.0,0.0,0.0,0.0,0.0,0.0,,0.0,0.0,0.0,0.0,0.0,1.0,0.0,0.0,0.0,0.0,0.0,0.0,0.0,0.0,0.0,0.0,0.0,14.0,0.0,0.0,0.0,0.0,,,,,,,0.0,0.0,0.0,0.0,0.0,0.0,0.0,0.0,0.0,0.0,0.0,0.0,0.0,0.0,0.0,0.0,0.0,14.0,0.0,0.0,,,0.0,1.0,0.0,1000000.0,0.0,0.0,1.2142857142857142,0.0,0.14285714285714285,0.0,2.142857142857143,0.14285714285714285,0.21428571428571427,-0.267257296487492
2021MZT__2021_10_01_MZT_S13__MZT_3_6_chunk4.mp4,2021MZT,2021_10_01_MZT_S13,2021_10_01_MZT_S13,7,14,middle,,,,,,True,0.4930390492359933,1.0,0.0,1.0,0.0,3.0,1.0,0.0,0.0,0.0,2.0,1.0,3.0,1.0,1.0,1.0,1.0,0.0,0.0,0.0,1.0,0.0,1.0,,0.0,0.0,0.0,0.0,0.0,1.0,0.0,6.0,8.0,0.0,3.0,0.0,1.0,3.0,0.0,0.0,2.0,13.0,1.0,0.0,0.0,0.0,,,1.6666666666666667,0.6666666666666666,1.125,0.125,11.0,0.0,11000000.0,0.9999999090909174,0.0,0.0,2.0,0.0,1.0,0.0,0.0,0.0,0.0,0.0,0.0,0.0,3.0,7.0,0.299999970000003,14.0,1.2727272727272727,1.0,0.0,0.0,0.0,0.0,0.0,0.0,2.0,0.15384615384615385,0.5384615384615384,0.23076923076923078,2.076923076923077,0.07692307692307693,0.0,1.250561767386176
2021MZT__2021_10_01_MZT_S13__MZT_3_5_chunk5.mp4,2021MZT,2021_10_01_MZT_S13,2021_10_01_MZT_S13,8,14,middle,,,,,,True,0.31443298969072164,0.0,0.0,1.0,0.0,3.0,1.0,0.0,0.0,0.0,2.0,1.0,2.0,0.0,0.0,1.0,0.0,0.0,1.0,0.0,0.0,0.0,1.0,,0.0,0.0,0.0,0.0,0.0,1.0,6.0,5.0,8.0,0.0,0.0,1.0,1.0,0.0,0.0,0.0,0.0,16.0,0.0,0.0,0.0,0.0,1.1666666666666667,0.16666666666666666,,,1.0,0.0,14.0,0.0,14000000.0,0.9999999285714337,0.0,0.0,0.0,0.0,0.0,0.0,0.0,0.0,0.0,0.0,0.0,0.0,3.0,8.0,0.2727272479338866,15.0,1.0714285714285714,1.0,0.0,1.0,0.0,1000000.0,0.0,0.0,1.2352941176470589,0.058823529411764705,0.11764705882352941,0.058823529411764705,2.0588235294117645,0.058823529411764705,0.0,0.10980897529082319
2021MZT__2021_10_01_MZT_S13__MZT_3_6_chunk5.mp4,2021MZT,2021_10_01_MZT_S13,2021_10_01_MZT_S13,9,14,middle,,,,,,True,0.3013986013986014,0.0,1.0,0.0,0.0,3.0,1.0,0.0,1.0,1.0,2.0,2.0,0.0,0.0,1.0,0.0,1.0,0.0,0.0,0.0,0.0,0.0,1.0,,0.0,0.0,0.0,0.0,0.0,2.0,3.0,1.0,1.0,2.0,1.0,2.0,5.0,6.0,0.0,0.0,1.0,14.0,0.0,0.0,0.0,0.0,1.0,0.0,1.4,0.4,2.0,1.0,12.0,0.0,12000000.0,0.9999999166666736,0.0,0.0,1.0,0.0,0.0,0.0,0.0,0.0,0.0,0.0,0.0,0.0,10.0,1.0,0.9090908264462886,12.0,1.3333333333333333,1.0,0.0,0.0,0.0,0.0,0.0,0.0,1.0666666666666667,0.0,0.2,0.0,2.066666666666667,0.06666666666666667,0.26666666666666666,-0.33937273352263864
2021MZT__2021_10_01_MZT_S13__MZT_3_5_chunk6.mp4,2021MZT,2021_10_01_MZT_S13,2021_10_01_MZT_S13,10,14,middle,,,,,,True,0.2717851099830795,0.0,0.0,1.0,0.0,3.0,1.0,0.0,1.0,1.0,2.0,1.0,2.0,0.0,0.0,0.0,1.0,0.0,0.0,0.0,1.0,0.0,1.0,3.0,1.0,1.0,0.0,0.0,0.0,2.0,6.0,4.0,5.0,3.0,4.0,8.0,6.0,3.0,0.0,0.0,1.0,13.0,0.0,0.0,0.0,0.0,1.3333333333333333,0.3333333333333333,1.0,0.0,1.0,0.0,15.0,1.0,14.999985000015002,0.9374999414062536,0.0,0.0,1.0,0.0,0.0,0.0,0.0,0.0,0.0,1.0,0.0,1000000.0,3.0,2.0,0.599999880000024,15.0,1.1538461538461537,1.0,1.0,1.0,0.0,2000000.0,0.0,0.0,0.6153846153846154,0.07692307692307693,0.2692307692307692,0.0,2.1923076923076925,0.19230769230769232,0.15384615384615385,-0.25481662032013497
2021MZT__2021_10_01_MZT_S13__MZT_3_6_chunk6.mp4,2021MZT,2021_10_01_MZT_S13,2021_10_01_MZT_S13,11,14,middle,,,,,,True,0.19999999999999996,0.0,1.0,0.0,0.0,3.0,1.0,0.0,1.0,1.0,2.0,2.0,0.0,0.0,0.0,0.0,1.0,0.0,0.0,0.0,0.0,0.0,1.0,3.0,1.0,1.0,0.0,0.0,0.0,2.0,7.0,4.0,6.0,7.0,0.0,0.0,8.0,8.0,1.0,0.0,1.0,16.0,0.0,0.0,0.0,0.0,1.2857142857142858,0.2857142857142857,1.5,0.5,1.1666666666666667,0.16666666666666666,25.0,3.0,8.333330555556481,0.8928571109693889,0.0,0.0,1.0,1.0,0.0,0.0,0.0,0.0,0.0,0.0,0.0,0.0,7.0,1.0,0.8749998906250137,28.0,1.3333333333333333,1.0,4.0,0.0,0.0,4000000.0,0.0,0.0,0.7857142857142857,0.07142857142857142,0.07142857142857142,0.07142857142857142,2.0714285714285716,0.07142857142857142,0.10714285714285714,-0.031220852281843927
2021MZT__2021_10_01_MZT_S13__MZT_3_5_chunk7.mp4,2021MZT,2021_10_01_MZT_S13,2021_10_01_MZT_S13,12,14,middle,,,,,,True,0.619718309859155,1.0,1.0,0.0,0.0,3.0,1.0,0.0,1.0,1.0,2.0,2.0,0.0,0.0,0.0,0.0,1.0,0.0,0.0,0.0,1.0,0.0,1.0,,0.0,0.0,0.0,1.0,0.0,2.0,0.0,0.0,2.0,3.0,4.0,2.0,16.0,7.0,0.0,0.0,0.0,12.0,0.0,0.0,2.0,0.0,,,1.0,0.0,1.0,0.0,12.0,1.0,11.999988000012001,0.9230768520710114,0.0,0.0,0.0,0.0,0.0,0.0,2.0,0.0,2.0,0.0,0.0,0.0,12.0,0.0,0.9999999166666736,9.0,1.0,1.0,0.0,1.0,1.0,0.9999990000010001,0.0,0.0,0.28,0.08,0.2,0.16,2.12,0.12,0.04,-0.043192539010162255
2021MZT__2021_10_01_MZT_S13__MZT_3_6_chunk7.mp4,2021MZT,2021_10_01_MZT_S13,2021_10_01_MZT_S13,13,14,end,,,,,,True,0.1529877609791217,0.0,1.0,0.0,0.0,3.0,1.0,1.0,1.0,0.0,3.0,3.0,3.0,1.0,0.0,1.0,1.0,0.0,1.0,0.0,1.0,0.0,1.0,2.0,1.0,0.0,0.0,1.0,0.0,2.0,5.0,2.0,2.0,4.0,5.0,1.0,5.0,2.0,0.0,0.0,1.0,12.0,0.0,0.0,1.0,0.0,1.6,0.6,1.0,0.0,1.0,0.0,11.0,2.0,5.499997250001375,0.8461537810650938,0.0,0.0,1.0,0.0,0.0,0.0,1.0,0.0,0.0,0.0,0.0,0.0,3.0,2.0,0.599999880000024,11.0,1.375,1.0,0.0,0.0,0.0,0.0,0.0,0.0,0.92,0.16,0.36,0.2,2.32,0.28,0.04,0.6774983873582746
2021MZT__2021_10_01_MZT_S3__B3_2021_10_01_11_04_47_chunk1.mp4,2021MZT,2021_10_01_MZT_S3,2021_10_01_MZT_S3,0,10,beginning,3.0,2.0,True,True,True,True,0.4800785634118969,0.0,0.0,0.0,1.0,3.0,0.0,0.0,0.0,0.0,,1.0,0.0,0.0,0.0,0.0,0.0,0.0,0.0,0.0,0.0,0.0,1.0,,0.0,0.0,0.0,1.0,1.0,2.0,0.0,1.0,11.0,0.0,3.0,11.0,4.0,0.0,0.0,0.0,0.0,11.0,0.0,0.0,0.0,0.0,,,,,1.0,0.0,11.0,0.0,11000000.0,0.9999999090909174,0.0,0.0,0.0,0.0,0.0,0.0,0.0,0.0,0.0,0.0,0.0,0.0,0.0,11.0,0.0,11.0,1.0,1.0,0.0,0.0,0.0,0.0,0.0,0.0,0.6923076923076923,0.0,0.11538461538461539,0.0,2.0,0.0,0.0,-0.5222560502718195
2021MZT__2021_10_01_MZT_S3__B3_2021_10_01_11_04_47_chunk2.mp4,2021MZT,2021_10_01_MZT_S3,2021_10_01_MZT_S3,1,10,middle,3.0,2.0,True,True,True,True,0.3365294228238389,0.0,0.0,1.0,0.0,3.0,1.0,0.0,0.0,0.0,2.0,1.0,0.0,0.0,0.0,0.0,1.0,1.0,0.0,0.0,0.0,0.0,0.0,,0.0,0.0,0.0,1.0,0.0,1.0,6.0,2.0,5.0,1.0,1.0,1.0,2.0,2.0,0.0,0.0,0.0,9.0,0.0,0.0,0.0,0.0,1.5,0.5,1.0,0.0,1.4,0.4,13.0,1.0,12.999987000013,0.9285713622449028,0.0,0.0,0.0,0.0,0.0,0.0,0.0,0.0,0.0,0.0,0.0,0.0,2.0,6.0,0.24999996875000394,18.0,1.3846153846153846,1.0,0.0,0.0,0.0,0.0,0.0,0.0,1.4615384615384615,0.0,0.0,0.0,2.0,0.0,0.07692307692307693,-0.14646841311596845
2021MZT__2021_10_01_MZT_S3__B3_2021_10_01_11_04_47_chunk3.mp4,2021MZT,2021_10_01_MZT_S3,2021_10_01_MZT_S3,2,10,middle,3.0,2.0,True,True,True,True,0.42573981016192075,0.0,0.0,1.0,0.0,3.0,1.0,0.0,0.0,0.0,2.0,1.0,2.0,0.0,0.0,1.0,0.0,0.0,0.0,0.0,0.0,0.0,1.0,3.0,1.0,1.0,0.0,0.0,0.0,1.0,0.0,4.0,4.0,5.0,0.0,0.0,0.0,1.0,0.0,0.0,0.0,12.0,0.0,0.0,0.0,0.0,,,1.0,0.0,1.25,0.25,6.0,3.0,1.9999993333335555,0.6666665925926009,0.0,0.0,0.0,0.0,0.0,0.0,0.0,0.0,0.0,1.0,0.0,1000000.0,3.0,5.0,0.3749999531250059,6.0,1.2,1.0,0.0,2.0,0.0,2000000.0,0.0,0.0,1.2352941176470589,0.058823529411764705,0.11764705882352941,0.11764705882352941,2.0,0.058823529411764705,0.058823529411764705,0.24336293240965887
2021MZT__2021_10_01_MZT_S3__B3_2021_10_01_11_04_47_chunk4.mp4,2021MZT,2021_10_01_MZT_S3,2021_10_01_MZT_S3,3,10,middle,3.0,2.0,True,True,True,True,0.46568032985690033,0.0,0.0,1.0,0.0,3.0,1.0,0.0,0.0,0.0,2.0,1.0,2.0,0.0,0.0,0.0,1.0,0.0,0.0,1.0,0.0,0.0,1.0,,0.0,0.0,0.0,1.0,0.0,1.0,9.0,4.0,12.0,1.0,0.0,0.0,0.0,1.0,0.0,0.0,0.0,15.0,0.0,0.0,0.0,0.0,1.3333333333333333,0.3333333333333333,1.0,0.0,1.0833333333333333,0.08333333333333333,23.0,0.0,23000000.0,0.999999956521741,0.0,0.0,0.0,0.0,0.0,0.0,0.0,0.0,0.0,0.0,0.0,0.0,1.0,10.0,0.09090908264462885,26.0,1.1818181818181819,1.0,0.0,0.0,0.0,0.0,0.0,0.0,2.5,0.0625,0.1875,0.1875,2.25,0.25,0.1875,1.034375417715376
2021MZT__2021_10_01_MZT_S3__B3_2021_10_01_11_04_47_chunk5.mp4,2021MZT,2021_10_01_MZT_S3,2021_10_01_MZT_S3,4,10,middle,3.0,2.0,True,True,True,True,0.46889632107023416,1.0,0.0,1.0,0.0,3.0,1.0,0.0,0.0,0.0,3.0,2.0,3.0,1.0,1.0,1.0,1.0,0.0,1.0,0.0,0.0,0.0,0.0,3.0,1.0,1.0,0.0,0.0,0.0,1.0,5.0,1.0,4.0,2.0,0.0,0.0,0.0,0.0,0.0,0.0,0.0,9.0,0.0,0.0,0.0,0.0,1.4,0.4,,,1.5,0.5,9.0,2.0,4.499997750001125,0.8181817438016598,0.0,0.0,0.0,0.0,0.0,0.0,0.0,0.0,0.0,0.0,0.0,0.0,1.0,1.0,0.499999750000125,13.0,1.4444444444444444,1.0,0.0,0.0,0.0,0.0,0.0,0.0,1.4444444444444444,0.0,0.0,0.0,2.3333333333333335,0.3333333333333333,0.1111111111111111,-0.15481924949720957
2021MZT__2021_10_01_MZT_S3__B3_2021_10_01_11_04_47_chunk6.mp4,2021MZT,2021_10_01_MZT_S3,2021_10_01_MZT_S3,5,10,middle,3.0,2.0,True,True,True,True,0.22773972602739723,0.0,1.0,0.0,0.0,3.0,1.0,1.0,1.0,1.0,3.0,3.0,3.0,1.0,1.0,1.0,1.0,0.0,1.0,0.0,0.0,0.0,0.0,,0.0,0.0,0.0,0.0,0.0,2.0,3.0,1.0,3.0,3.0,0.0,1.0,2.0,3.0,0.0,0.0,0.0,8.0,0.0,0.0,0.0,0.0,1.3333333333333333,0.3333333333333333,1.3333333333333333,0.3333333333333333,1.0,0.0,10.0,1.0,9.999990000010001,0.9090908264462886,0.0,0.0,0.0,0.0,0.0,0.0,0.0,0.0,0.0,0.0,0.0,0.0,4.0,4.0,0.4999999375000079,11.0,1.2222222222222223,1.0,0.0,0.0,0.0,0.0,0.0,0.0,1.4444444444444444,0.0,0.2222222222222222,0.3333333333333333,2.2222222222222223,0.2222222222222222,0.1111111111111111,0.6019865075095259
2021MZT__2021_10_01_MZT_S3__B3_2021_10_01_11_04_47_chunk7.mp4,2021MZT,2021_10_01_MZT_S3,2021_10_01_MZT_S3,6,10,middle,3.0,2.0,True,True,True,True,0.1934819897084048,0.0,0.0,1.0,0.0,3.0,1.0,0.0,1.0,0.0,3.0,2.0,3.0,1.0,0.0,0.0,1.0,0.0,1.0,0.0,0.0,0.0,0.0,,0.0,0.0,0.0,1.0,0.0,1.0,6.0,4.0,4.0,4.0,0.0,0.0,1.0,2.0,0.0,0.0,1.0,13.0,0.0,0.0,1.0,0.0,1.1666666666666667,0.16666666666666666,2.0,1.0,1.25,0.25,13.0,1.0,12.999987000013,0.9285713622449028,0.0,0.0,1.0,0.0,0.0,0.0,1.0,0.0,0.0,0.0,0.0,0.0,7.0,2.0,0.7777776913580343,16.0,1.3333333333333333,1.0,0.0,0.0,0.0,0.0,0.0,0.0,1.8461538461538463,0.07692307692307693,0.07692307692307693,0.3076923076923077,2.230769230769231,0.23076923076923078,0.0,1.0450335286739059
2021MZT__2021_10_01_MZT_S3__B3_2021_10_01_11_04_47_chunk8.mp4,2021MZT,2021_10_01_MZT_S3,2021_10_01_MZT_S3,7,10,middle,3.0,2.0,True,True,True,True,0.606060606060606,0.0,1.0,0.0,0.0,3.0,1.0,0.0,1.0,1.0,3.0,2.0,3.0,1.0,0.0,0.0,1.0,0.0,0.0,0.0,0.0,0.0,1.0,,0.0,0.0,0.0,0.0,0.0,2.0,1.0,0.0,1.0,0.0,2.0,4.0,5.0,4.0,0.0,0.0,0.0,0.0,0.0,0.0,0.0,0.0,2.0,1.0,2.0,1.0,2.0,1.0,6.0,0.0,6000000.0,0.9999998333333611,0.0,0.0,0.0,0.0,0.0,0.0,0.0,0.0,0.0,0.0,0.0,0.0,0.0,0.0,0.0,12.0,2.0,1.0,1.0,0.0,0.0,1000000.0,0.0,0.0,0.35714285714285715,0.21428571428571427,0.21428571428571427,0.07142857142857142,2.142857142857143,0.14285714285714285,0.07142857142857142,0.3258741095419684
2021MZT__2021_10_01_MZT_S3__B3_2021_10_01_11_04_47_chunk9.mp4,2021MZT,2021_10_01_MZT_S3,2021_10_01_MZT_S3,8,10,middle,3.0,2.0,True,True,True,True,0.42980607082630695,0.0,1.0,0.0,0.0,2.0,1.0,0.0,1.0,1.0,3.0,2.0,3.0,1.0,0.0,0.0,1.0,0.0,0.0,0.0,0.0,0.0,0.0,,0.0,0.0,0.0,1.0,0.0,2.0,0.0,0.0,0.0,0.0,0.0,0.0,0.0,0.0,0.0,0.0,0.0,10.0,0.0,0.0,0.0,0.0,,,,,,,0.0,1.0,0.0,0.0,0.0,0.0,0.0,0.0,0.0,0.0,0.0,0.0,0.0,0.0,0.0,0.0,8.0,1.0,0.8888887901234679,0.0,,,0.0,0.0,1.0,0.0,0.0,0.0,0.9473684210526315,0.0,0.10526315789473684,0.05263157894736842,2.0,0.0,0.0,-0.2781571352664476
2021MZT__2021_10_01_MZT_S3__B3_2021_10_01_11_04_47_chunk10.mp4,2021MZT,2021_10_01_MZT_S3,2021_10_01_MZT_S3,9,10,end,3.0,2.0,True,True,True,True,0.5899403239556693,1.0,1.0,0.0,0.0,2.0,1.0,0.0,1.0,0.0,3.0,3.0,2.0,0.0,1.0,1.0,1.0,0.0,0.0,0.0,0.0,0.0,1.0,,0.0,0.0,0.0,1.0,0.0,2.0,0.0,0.0,0.0,0.0,1.0,3.0,1.0,2.0,0.0,0.0,0.0,2.0,0.0,0.0,0.0,0.0,,,1.5,0.5,,,2.0,0.0,2000000.0,0.99999950000025,0.0,0.0,0.0,0.0,0.0,0.0,0.0,0.0,0.0,0.0,0.0,0.0,2.0,0.0,0.99999950000025,3.0,1.5,1.0,0.0,0.0,0.0,0.0,0.0,0.0,0.0,0.25,0.5,0.0,2.25,0.25,0.0,0.13084420570654076
2021MZT__2021_09_30_MZT_S6__bot5_chunk1.mp4,2021MZT,2021_09_30_MZT_S6,2021_09_30_MZT_S6,0,7,beginning,1.0,1.0,True,True,True,True,0.2155465037338764,0.0,0.0,1.0,0.0,3.0,1.0,0.0,1.0,0.0,1.0,1.0,0.0,0.0,0.0,0.0,0.0,1.0,1.0,0.0,1.0,0.0,1.0,,0.0,0.0,0.0,0.0,1.0,2.0,4.0,3.0,8.0,0.0,1.0,4.0,6.0,3.0,0.0,0.0,0.0,13.0,0.0,1.0,0.0,0.0,1.25,0.25,1.3333333333333333,0.3333333333333333,1.125,0.125,15.0,0.0,15000000.0,0.9999999333333378,0.0,0.0,0.0,0.0,0.0,1.0,0.0,0.0,1.0,0.0,0.0,0.0,3.0,4.0,0.4285713673469475,18.0,1.2,1.0,0.0,0.0,0.0,0.0,0.0,0.0,1.4545454545454546,0.045454545454545456,0.22727272727272727,0.13636363636363635,2.0,0.0,0.0,0.33995571430693866
2021MZT__2021_09_30_MZT_S6__bot5_chunk2.mp4,2021MZT,2021_09_30_MZT_S6,2021_09_30_MZT_S6,1,7,middle,1.0,1.0,True,True,True,True,0.3848290598290598,0.0,0.0,1.0,0.0,3.0,1.0,0.0,0.0,0.0,2.0,1.0,3.0,1.0,1.0,1.0,1.0,1.0,1.0,0.0,0.0,0.0,1.0,,0.0,0.0,0.0,0.0,1.0,1.0,9.0,1.0,4.0,1.0,0.0,2.0,1.0,1.0,0.0,0.0,0.0,15.0,1.0,0.0,0.0,0.0,1.1111111111111112,0.1111111111111111,1.0,0.0,1.0,0.0,15.0,0.0,15000000.0,0.9999999333333378,0.0,0.0,0.0,0.0,1.0,0.0,0.0,0.0,0.0,0.0,0.0,0.0,7.0,4.0,0.636363578512402,15.0,1.0714285714285714,1.0,0.0,0.0,0.0,0.0,0.0,0.0,2.5,0.125,0.4375,0.375,2.3125,0.25,0.1875,1.7079059383863215
2021MZT__2021_09_30_MZT_S6__bot5_chunk3.mp4,2021MZT,2021_09_30_MZT_S6,2021_09_30_MZT_S6,2,7,middle,1.0,1.0,True,True,True,True,0.3896543388929177,0.0,0.0,1.0,0.0,3.0,1.0,0.0,0.0,0.0,2.0,1.0,2.0,0.0,0.0,0.0,0.0,0.0,0.0,0.0,0.0,0.0,0.0,,0.0,0.0,0.0,0.0,0.0,1.0,6.0,5.0,4.0,2.0,0.0,2.0,0.0,0.0,0.0,0.0,1.0,9.0,0.0,0.0,0.0,0.0,1.3333333333333333,0.3333333333333333,,,1.75,0.75,10.0,1.0,9.999990000010001,0.9090908264462886,0.0,0.0,1.0,0.0,0.0,0.0,0.0,0.0,0.0,0.0,0.0,0.0,4.0,5.0,0.44444439506173394,15.0,1.5,1.0,0.0,0.0,0.0,0.0,0.0,0.0,1.1333333333333333,0.06666666666666667,0.06666666666666667,0.0,2.066666666666667,0.06666666666666667,0.0,-0.042455370457497865
2021MZT__2021_09_30_MZT_S6__bot5_chunk4.mp4,2021MZT,2021_09_30_MZT_S6,2021_09_30_MZT_S6,3,7,middle,1.0,1.0,True,True,True,True,0.31313131313131315,0.0,0.0,1.0,0.0,3.0,1.0,0.0,0.0,0.0,2.0,1.0,3.0,1.0,1.0,1.0,1.0,0.0,1.0,0.0,0.0,0.0,0.0,,0.0,0.0,0.0,1.0,0.0,1.0,8.0,2.0,7.0,1.0,0.0,0.0,0.0,2.0,0.0,0.0,2.0,13.0,1.0,0.0,0.0,0.0,1.25,0.25,1.0,0.0,1.2857142857142858,0.2857142857142857,15.0,1.0,14.999985000015002,0.9374999414062536,0.0,0.0,2.0,0.0,1.0,0.0,0.0,0.0,0.0,0.0,0.0,0.0,6.0,1.0,0.857142734693895,21.0,1.2352941176470589,1.0,0.0,1.0,0.0,1000000.0,0.0,0.0,1.3846153846153846,0.07692307692307693,0.07692307692307693,0.23076923076923078,2.076923076923077,0.07692307692307693,0.07692307692307693,0.6449134639942253
2021MZT__2021_09_30_MZT_S6__bot5_chunk5.mp4,2021MZT,2021_09_30_MZT_S6,2021_09_30_MZT_S6,4,7,middle,1.0,1.0,True,True,True,True,0.3754940711462449,0.0,0.0,1.0,0.0,3.0,1.0,0.0,0.0,0.0,2.0,1.0,3.0,1.0,0.0,0.0,1.0,0.0,1.0,0.0,1.0,0.0,1.0,3.0,1.0,1.0,0.0,0.0,0.0,1.0,12.0,2.0,7.0,4.0,0.0,0.0,0.0,1.0,0.0,0.0,2.0,16.0,0.0,0.0,0.0,0.0,1.25,0.3333333333333333,,,1.2857142857142858,0.2857142857142857,21.0,3.0,6.999997666667444,0.8749999635416682,0.0,0.0,2.0,0.0,0.0,0.0,0.0,0.0,0.0,0.0,0.0,0.0,7.0,7.0,0.49999996428571686,24.0,1.263157894736842,0.9473684210526315,0.0,1.0,0.0,1000000.0,0.0,0.0,1.6,0.1,0.15,0.3,2.2,0.2,0.0,0.9988221946455974
2021MZT__2021_09_30_MZT_S6__bot5_chunk6.mp4,2021MZT,2021_09_30_MZT_S6,2021_09_30_MZT_S6,5,7,middle,1.0,1.0,True,True,True,True,0.4393939393939392,0.0,0.0,1.0,0.0,3.0,1.0,0.0,1.0,0.0,2.0,1.0,3.0,1.0,0.0,0.0,1.0,0.0,0.0,0.0,1.0,0.0,1.0,,0.0,0.0,0.0,0.0,0.0,1.0,9.0,2.0,3.0,2.0,1.0,2.0,3.0,1.0,0.0,1.0,0.0,10.0,0.0,0.0,0.0,0.0,1.3333333333333333,0.3333333333333333,2.0,1.0,1.6666666666666667,0.6666666666666666,15.0,0.0,15000000.0,0.9999999333333378,1.0,0.0,0.0,0.0,0.0,0.0,0.0,0.0,0.0,0.0,0.0,0.0,10.0,0.0,0.99999990000001,19.0,1.4615384615384615,1.0,0.0,0.0,0.0,0.0,0.0,0.0,0.6551724137931034,0.06896551724137931,0.06896551724137931,0.06896551724137931,2.0344827586206895,0.034482758620689655,0.0,-0.1103524335348805
2021MZT__2021_09_30_MZT_S6__bot5_chunk7.mp4,2021MZT,2021_09_30_MZT_S6,2021_09_30_MZT_S6,6,7,end,1.0,1.0,True,True,True,True,0.5858267716535432,1.0,0.0,0.0,1.0,3.0,0.0,0.0,1.0,1.0,,1.0,0.0,0.0,0.0,0.0,0.0,0.0,0.0,0.0,0.0,0.0,0.0,,0.0,0.0,0.0,0.0,0.0,2.0,0.0,3.0,2.0,2.0,0.0,1.0,9.0,5.0,1.0,0.0,0.0,23.0,0.0,0.0,0.0,0.0,,,1.0,0.0,1.0,0.0,9.0,0.0,9000000.0,0.9999998888889013,0.0,0.0,0.0,1.0,0.0,0.0,0.0,0.0,1.0,0.0,0.0,0.0,7.0,2.0,0.7777776913580343,7.0,1.0,1.0,0.0,0.0,0.0,0.0,0.0,0.0,0.08,0.0,0.04,0.08,2.0,0.0,0.0,-0.6397496277662607
2021NES__2021-11-04-NES-S1__B1 - trim end - 2021-11-04 12-51-35_chunk1.mp4,2021NES,2021-11-04-NES-S1,2021-11-04-NES-S1,0,10,beginning,2.0,1.0,True,True,True,True,0.4344444444444444,0.0,0.0,1.0,0.0,3.0,1.0,0.0,0.0,0.0,2.0,1.0,3.0,1.0,1.0,1.0,1.0,1.0,1.0,0.0,1.0,0.0,1.0,3.0,1.0,1.0,0.0,0.0,1.0,1.0,2.0,5.0,7.0,4.0,1.0,3.0,0.0,6.0,0.0,0.0,0.0,16.0,1.0,0.0,0.0,0.0,1.5,0.5,1.2,0.2,1.2857142857142858,0.2857142857142857,18.0,1.0,17.999982000018,0.9473683711911383,0.0,0.0,0.0,0.0,1.0,0.0,0.0,0.0,0.0,0.0,0.0,0.0,9.0,2.0,0.8181817438016598,18.0,1.2857142857142858,1.0,3.0,1.0,0.0,4000000.0,0.0,0.0,,0.05555555555555555,0.1111111111111111,0.05555555555555555,2.2222222222222223,0.2222222222222222,0.16666666666666666,-0.09750633247551589
2021NES__2021-11-04-NES-S1__B1 - trim end - 2021-11-04 12-51-35_chunk2.mp4,2021NES,2021-11-04-NES-S1,2021-11-04-NES-S1,1,10,middle,2.0,1.0,True,True,True,True,0.3819655521783183,0.0,0.0,1.0,0.0,3.0,1.0,0.0,0.0,0.0,2.0,2.0,3.0,1.0,0.0,0.0,1.0,0.0,1.0,0.0,1.0,0.0,1.0,3.0,1.0,1.0,0.0,1.0,1.0,1.0,5.0,3.0,7.0,6.0,1.0,1.0,0.0,3.0,0.0,0.0,0.0,11.0,0.0,0.0,0.0,0.0,1.4,0.4,1.3333333333333333,0.3333333333333333,1.0,0.16666666666666666,18.0,3.0,5.999998000000667,0.8571428163265326,0.0,0.0,0.0,0.0,0.0,0.0,0.0,0.0,0.0,0.0,0.0,0.0,5.0,3.0,0.6249999218750099,17.0,1.2142857142857142,0.9285714285714286,3.0,1.0,0.0,4000000.0,0.0,0.0,1.5555555555555556,0.05555555555555555,0.3333333333333333,0.2777777777777778,2.4444444444444446,0.3888888888888889,0.16666666666666666,0.7504235688017212
2021NES__2021-11-04-NES-S1__B1 - trim end - 2021-11-04 12-51-35_chunk3.mp4,2021NES,2021-11-04-NES-S1,2021-11-04-NES-S1,2,10,middle,2.0,1.0,True,True,True,True,0.3605008787346222,0.0,0.0,1.0,0.0,3.0,1.0,1.0,0.0,0.0,2.0,2.0,3.0,1.0,0.0,0.0,1.0,0.0,0.0,0.0,0.0,0.0,1.0,3.0,1.0,1.0,0.0,1.0,1.0,1.0,5.0,3.0,12.0,7.0,1.0,1.0,0.0,4.0,0.0,0.0,1.0,22.0,0.0,0.0,1.0,0.0,1.4,0.4,1.25,0.25,1.75,0.75,24.0,3.0,7.999997333334222,0.8888888559670793,0.0,0.0,1.0,0.0,0.0,0.0,1.0,0.0,0.0,0.0,0.0,0.0,5.0,13.0,0.27777776234567986,33.0,1.5714285714285714,1.0,0.0,1.0,1.0,0.9999990000010001,0.0,0.0,0.8214285714285714,0.10714285714285714,0.10714285714285714,0.14285714285714285,2.107142857142857,0.10714285714285714,0.03571428571428571,0.29001468300449623
2021NES__2021-11-04-NES-S1__B1 - trim end - 2021-11-04 12-51-35_chunk4.mp4,2021NES,2021-11-04-NES-S1,2021-11-04-NES-S1,3,10,middle,2.0,1.0,True,True,True,True,0.24661016949152548,0.0,0.0,0.0,0.0,3.0,1.0,0.0,1.0,1.0,2.0,2.0,2.0,0.0,0.0,0.0,1.0,0.0,0.0,0.0,1.0,0.0,1.0,3.0,1.0,1.0,0.0,1.0,0.0,1.0,8.0,1.0,3.0,4.0,1.0,4.0,6.0,2.0,0.0,0.0,1.0,12.0,0.0,0.0,1.0,0.0,1.375,0.375,1.0,0.0,1.3333333333333333,0.3333333333333333,13.0,4.0,3.2499991875002032,0.7647058373702448,0.0,0.0,1.0,0.0,0.0,0.0,1.0,0.0,1.0,0.0,0.0,0.0,7.0,0.0,0.9999998571428775,16.0,1.3333333333333333,1.0,0.0,0.0,1.0,0.0,0.0,0.0,1.5416666666666667,0.041666666666666664,0.20833333333333334,0.2916666666666667,2.0833333333333335,0.08333333333333333,0.041666666666666664,0.7200993580384308
2021NES__2021-11-04-NES-S1__B1 - trim end - 2021-11-04 12-51-35_chunk5.mp4,2021NES,2021-11-04-NES-S1,2021-11-04-NES-S1,4,10,middle,2.0,1.0,True,True,True,True,0.319526627218935,0.0,1.0,0.0,0.0,3.0,1.0,0.0,1.0,1.0,2.0,2.0,3.0,1.0,0.0,0.0,1.0,0.0,0.0,0.0,1.0,0.0,1.0,,0.0,0.0,0.0,0.0,0.0,2.0,9.0,2.0,0.0,2.0,5.0,3.0,10.0,9.0,0.0,0.0,2.0,12.0,0.0,0.0,0.0,0.0,1.3333333333333333,0.3333333333333333,1.8888888888888888,0.8888888888888888,,,18.0,1.0,17.999982000018,0.9473683711911383,0.0,0.0,2.0,0.0,0.0,0.0,0.0,0.0,0.0,0.0,0.0,0.0,12.0,0.0,0.9999999166666736,29.0,1.6111111111111112,1.0,0.0,0.0,0.0,0.0,0.0,0.0,0.41935483870967744,0.12903225806451613,0.1935483870967742,0.06451612903225806,2.032258064516129,0.03225806451612903,0.06451612903225806,0.0025219046966989352
2021NES__2021-11-04-NES-S1__B1 - trim end - 2021-11-04 12-51-35_chunk6.mp4,2021NES,2021-11-04-NES-S1,2021-11-04-NES-S1,5,10,middle,2.0,1.0,True,True,True,True,0.4236044657097289,0.0,1.0,0.0,0.0,3.0,1.0,0.0,1.0,1.0,2.0,2.0,2.0,0.0,0.0,0.0,1.0,0.0,0.0,0.0,0.0,0.0,1.0,,0.0,0.0,0.0,0.0,1.0,2.0,4.0,0.0,1.0,3.0,4.0,0.0,10.0,2.0,1.0,0.0,1.0,21.0,0.0,0.0,1.0,0.0,1.75,0.75,2.0,1.0,1.0,0.0,10.0,0.0,10000000.0,0.99999990000001,0.0,0.0,1.0,1.0,0.0,0.0,1.0,0.0,0.0,0.0,0.0,0.0,6.0,6.0,0.4999999583333368,12.0,1.7142857142857142,1.0,0.0,0.0,0.0,0.0,0.0,0.0,0.5,0.22727272727272727,0.36363636363636365,0.0,2.0454545454545454,0.045454545454545456,0.0,0.2849871580925144
2021NES__2021-11-04-NES-S1__B1 - trim end - 2021-11-04 12-51-35_chunk7.mp4,2021NES,2021-11-04-NES-S1,2021-11-04-NES-S1,6,10,middle,2.0,1.0,True,True,True,True,,,0.0,0.0,1.0,1.0,0.0,0.0,0.0,0.0,,2.0,0.0,0.0,0.0,0.0,0.0,0.0,0.0,0.0,0.0,0.0,0.0,,0.0,0.0,0.0,0.0,0.0,2.0,0.0,0.0,0.0,0.0,0.0,0.0,0.0,0.0,0.0,0.0,0.0,0.0,0.0,0.0,0.0,0.0,,,,,,,0.0,0.0,0.0,0.0,0.0,0.0,0.0,0.0,0.0,0.0,0.0,0.0,0.0,0.0,0.0,0.0,0.0,0.0,0.0,0.0,,,0.0,0.0,0.0,0.0,0.0,,,0.0,0.0,0.0,,,0.0,-0.6171441482000752
2021NES__2021-11-04-NES-S1__B1 - trim end - 2021-11-04 12-51-35_chunk8.mp4,2021NES,2021-11-04-NES-S1,2021-11-04-NES-S1,7,10,middle,2.0,1.0,True,True,True,True,0.25,0.0,0.0,0.0,1.0,1.0,1.0,0.0,1.0,0.0,2.0,3.0,3.0,1.0,0.0,0.0,1.0,0.0,0.0,0.0,0.0,0.0,0.0,,0.0,0.0,0.0,0.0,0.0,2.0,0.0,3.0,4.0,2.0,1.0,4.0,4.0,5.0,0.0,0.0,0.0,13.0,0.0,0.0,1.0,0.0,,,1.0,0.0,1.0,0.0,11.0,0.0,11000000.0,0.9999999090909174,0.0,0.0,0.0,0.0,0.0,0.0,1.0,0.0,0.0,0.0,0.0,0.0,11.0,0.0,0.9999999090909174,9.0,1.0,1.0,0.0,0.0,0.0,0.0,0.0,0.0,0.0,0.0,0.0,0.0,2.0,0.0,0.0,-0.8604649237120855
2021NES__2021-11-04-NES-S1__B1 - trim end - 2021-11-04 12-51-35_chunk9.mp4,2021NES,2021-11-04-NES-S1,2021-11-04-NES-S1,8,10,middle,2.0,1.0,True,True,True,True,,,0.0,0.0,0.0,1.0,0.0,0.0,0.0,0.0,,3.0,0.0,0.0,0.0,0.0,0.0,0.0,0.0,0.0,0.0,0.0,0.0,,0.0,0.0,0.0,0.0,0.0,0.0,0.0,0.0,0.0,0.0,0.0,0.0,0.0,0.0,0.0,0.0,0.0,0.0,0.0,0.0,0.0,0.0,,,,,,,0.0,0.0,0.0,0.0,0.0,0.0,0.0,0.0,0.0,0.0,0.0,0.0,0.0,0.0,0.0,0.0,0.0,0.0,0.0,0.0,,,0.0,0.0,0.0,0.0,0.0,,,0.0,0.0,0.0,,,0.0,-0.6171441482000752
2021NES__2021-11-04-NES-S1__B1 - trim end - 2021-11-04 12-51-35_chunk10.mp4,2021NES,2021-11-04-NES-S1,2021-11-04-NES-S1,9,10,end,2.0,1.0,True,True,True,True,,,0.0,0.0,0.0,1.0,0.0,0.0,0.0,0.0,,1.0,0.0,0.0,0.0,0.0,0.0,0.0,0.0,0.0,0.0,0.0,0.0,,0.0,0.0,0.0,0.0,0.0,0.0,0.0,0.0,0.0,0.0,0.0,0.0,0.0,0.0,0.0,0.0,0.0,0.0,0.0,0.0,0.0,0.0,,,,,,,0.0,0.0,0.0,0.0,0.0,0.0,0.0,0.0,0.0,0.0,0.0,0.0,0.0,0.0,0.0,0.0,0.0,0.0,0.0,0.0,,,0.0,0.0,0.0,0.0,0.0,,,0.0,0.0,0.0,,,0.0,-0.6171441482000752
2021NES__2021-11-05-NES-S11__B5 - 2021-11-05 13-06-53_chunk1.mp4,2021NES,2021-11-05-NES-S11,2021-11-05-NES-S11,0,8,beginning,1.0,1.0,True,True,True,True,0.5697240865026099,1.0,0.0,0.0,1.0,2.0,0.0,0.0,1.0,0.0,,1.0,0.0,0.0,0.0,0.0,0.0,0.0,0.0,0.0,1.0,0.0,1.0,,0.0,0.0,0.0,0.0,0.0,2.0,0.0,2.0,9.0,1.0,2.0,7.0,8.0,0.0,0.0,0.0,0.0,9.0,0.0,0.0,0.0,0.0,,,,,1.0,0.0,10.0,0.0,10000000.0,0.99999990000001,0.0,0.0,0.0,0.0,0.0,0.0,0.0,0.0,0.0,0.0,0.0,0.0,0.0,9.0,0.0,9.0,1.0,1.0,0.0,1.0,0.0,1000000.0,0.0,0.0,0.4444444444444444,0.07407407407407407,0.07407407407407407,0.0,2.037037037037037,0.037037037037037035,0.0,-0.34962195426837117
2021NES__2021-11-05-NES-S11__B5 - 2021-11-05 13-06-53_chunk2.mp4,2021NES,2021-11-05-NES-S11,2021-11-05-NES-S11,1,8,middle,1.0,1.0,True,True,True,True,0.4487179487179487,0.0,0.0,1.0,0.0,3.0,1.0,0.0,0.0,0.0,2.0,1.0,0.0,0.0,0.0,0.0,0.0,1.0,0.0,0.0,0.0,0.0,1.0,,0.0,0.0,0.0,0.0,1.0,1.0,2.0,2.0,3.0,3.0,0.0,2.0,2.0,4.0,0.0,0.0,0.0,10.0,0.0,0.0,0.0,0.0,1.5,0.5,1.25,0.25,1.0,0.0,10.0,2.0,4.99999750000125,0.8333332638888947,0.0,0.0,0.0,0.0,0.0,0.0,0.0,0.0,0.0,0.0,0.0,0.0,7.0,1.0,0.8749998906250137,11.0,1.2222222222222223,1.0,0.0,0.0,0.0,0.0,0.0,0.0,1.0909090909090908,0.0,0.18181818181818182,0.09090909090909091,2.1818181818181817,0.18181818181818182,0.09090909090909091,-0.12112815910740522
2021NES__2021-11-05-NES-S11__B5 - 2021-11-05 13-06-53_chunk3.mp4,2021NES,2021-11-05-NES-S11,2021-11-05-NES-S11,2,8,middle,1.0,1.0,True,True,True,True,0.20270270270270263,0.0,0.0,1.0,0.0,4.0,1.0,1.0,0.0,0.0,2.0,2.0,3.0,1.0,1.0,1.0,1.0,0.0,0.0,0.0,0.0,0.0,0.0,,0.0,0.0,0.0,0.0,0.0,1.0,0.0,0.0,0.0,0.0,0.0,0.0,0.0,0.0,0.0,0.0,0.0,0.0,0.0,0.0,0.0,0.0,,,,,,,0.0,0.0,0.0,0.0,0.0,0.0,0.0,0.0,0.0,0.0,0.0,0.0,0.0,0.0,0.0,0.0,0.0,0.0,0.0,0.0,,,0.0,0.0,0.0,0.0,0.0,0.0,3.75,0.0,0.25,0.375,2.0,0.125,0.0,1.8229062840552663
2021NES__2021-11-05-NES-S11__B5 - 2021-11-05 13-06-53_chunk4.mp4,2021NES,2021-11-05-NES-S11,2021-11-05-NES-S11,3,8,middle,1.0,1.0,True,True,True,True,0.5272049689440994,0.0,0.0,1.0,0.0,3.0,1.0,0.0,0.0,0.0,2.0,2.0,2.0,0.0,0.0,0.0,1.0,0.0,0.0,0.0,0.0,0.0,0.0,,0.0,0.0,0.0,0.0,1.0,1.0,3.0,2.0,10.0,2.0,1.0,1.0,0.0,6.0,0.0,0.0,2.0,16.0,0.0,0.0,0.0,0.0,1.0,0.0,1.0,0.0,1.0,0.0,21.0,0.0,21000000.0,0.9999999523809546,0.0,0.0,2.0,0.0,0.0,0.0,0.0,0.0,0.0,0.0,0.0,0.0,6.0,10.0,0.37499997656250145,19.0,1.0,1.0,2.0,1.0,0.0,3000000.0,0.0,0.0,1.0,0.0,0.0,0.04,1.96,0.0,0.16,-0.2811243045686709
2021NES__2021-11-05-NES-S11__B5 - 2021-11-05 13-06-53_chunk5.mp4,2021NES,2021-11-05-NES-S11,2021-11-05-NES-S11,4,8,middle,1.0,1.0,True,True,True,True,0.32339089481946637,0.0,0.0,1.0,0.0,3.0,1.0,0.0,0.0,0.0,2.0,1.0,1.0,0.0,0.0,0.0,1.0,0.0,0.0,0.0,1.0,0.0,1.0,3.0,1.0,1.0,1.0,0.0,0.0,1.0,6.0,1.0,3.0,11.0,1.0,1.0,0.0,5.0,0.0,0.0,1.0,19.0,0.0,0.0,0.0,0.0,1.0,0.0,1.4,0.4,1.3333333333333333,0.3333333333333333,18.0,5.0,3.599999280000144,0.7826086616257103,0.0,0.0,1.0,0.0,0.0,0.0,0.0,0.0,0.0,0.0,0.0,0.0,13.0,2.0,0.8666666088888928,17.0,1.2142857142857142,1.0,1.0,0.0,0.0,1000000.0,0.0,0.0,1.25,0.1,0.2,0.1,2.1,0.1,0.0,0.3737553655356438
2021NES__2021-11-05-NES-S11__B5 - 2021-11-05 13-06-53_chunk6.mp4,2021NES,2021-11-05-NES-S11,2021-11-05-NES-S11,5,8,middle,1.0,1.0,True,True,True,True,0.31677018633540377,0.0,0.0,1.0,0.0,3.0,1.0,0.0,1.0,1.0,3.0,2.0,3.0,1.0,0.0,0.0,1.0,0.0,0.0,0.0,1.0,0.0,1.0,3.0,1.0,1.0,1.0,0.0,1.0,1.0,6.0,5.0,3.0,5.0,2.0,1.0,3.0,1.0,0.0,1.0,1.0,11.0,0.0,0.0,0.0,0.0,1.1666666666666667,0.16666666666666666,1.0,0.0,1.0,0.0,12.0,3.0,3.999998666667111,0.7999999466666703,1.0,0.0,1.0,0.0,0.0,0.0,0.0,0.0,0.0,0.0,0.0,0.0,8.0,0.0,0.9999998750000157,11.0,1.1,1.0,0.0,1.0,1.0,0.9999990000010001,0.0,0.0,1.2352941176470589,0.058823529411764705,0.17647058823529413,0.058823529411764705,2.235294117647059,0.17647058823529413,0.0,0.10980897529082319
2021NES__2021-11-05-NES-S11__B5 - 2021-11-05 13-06-53_chunk7.mp4,2021NES,2021-11-05-NES-S11,2021-11-05-NES-S11,6,8,middle,1.0,1.0,True,True,True,True,0.5181818181818183,0.0,1.0,0.0,0.0,3.0,1.0,0.0,1.0,1.0,3.0,2.0,2.0,0.0,0.0,0.0,1.0,0.0,0.0,0.0,0.0,0.0,0.0,3.0,1.0,1.0,0.0,1.0,0.0,2.0,5.0,5.0,4.0,7.0,1.0,7.0,9.0,3.0,1.0,1.0,0.0,6.0,0.0,0.0,2.0,0.0,1.2,0.2,1.0,0.0,1.5,0.5,18.0,1.0,17.999982000018,0.9473683711911383,1.0,0.0,0.0,1.0,0.0,0.0,2.0,0.0,0.0,0.0,0.0,0.0,1.0,1.0,0.499999750000125,15.0,1.25,1.0,1.0,1.0,0.0,2000000.0,0.0,0.0,0.75,0.025,0.125,0.075,1.95,0.05,0.075,-0.22465976921675257
2021NES__2021-11-05-NES-S11__B5 - 2021-11-05 13-06-53_chunk8.mp4,2021NES,2021-11-05-NES-S11,2021-11-05-NES-S11,7,8,end,1.0,1.0,True,True,True,True,0.6400000000000001,1.0,0.0,0.0,1.0,3.0,0.0,0.0,1.0,0.0,,3.0,0.0,0.0,0.0,0.0,0.0,0.0,0.0,0.0,0.0,0.0,1.0,,0.0,0.0,0.0,0.0,0.0,2.0,0.0,0.0,0.0,1.0,5.0,2.0,3.0,0.0,0.0,2.0,0.0,3.0,0.0,0.0,0.0,0.0,,,,,,,1.0,0.0,1000000.0,0.9999990000010001,2.0,0.0,0.0,0.0,0.0,0.0,0.0,0.0,0.0,0.0,0.0,0.0,3.0,0.0,0.9999996666667778,0.0,,,0.0,0.0,0.0,0.0,0.0,0.0,0.2222222222222222,0.3,0.3,0.0,2.1,0.1,0.1,0.43766690454640084
2021NES__2021-11-05-NES-S8__B2 - Zoom Meeting - Room 2 2021-11-05 13-07-15_chunk1.mp4,2021NES,2021-11-05-NES-S8,2021-11-05-NES-S8,0,8,beginning,0.0,0.0,False,False,False,True,0.28097062579821186,0.0,0.0,0.0,1.0,3.0,0.0,0.0,1.0,0.0,,1.0,0.0,0.0,0.0,0.0,0.0,0.0,0.0,0.0,0.0,0.0,1.0,,0.0,0.0,0.0,0.0,1.0,2.0,0.0,5.0,9.0,0.0,4.0,10.0,14.0,0.0,0.0,0.0,0.0,9.0,0.0,2.0,0.0,0.0,,,,,1.0,0.0,9.0,0.0,9000000.0,0.9999998888889013,0.0,0.0,0.0,0.0,0.0,2.0,0.0,0.0,0.0,0.0,0.0,0.0,0.0,9.0,0.0,9.0,1.0,1.0,0.0,0.0,0.0,0.0,0.0,0.0,0.48,0.0,0.16,0.0,2.0,0.0,0.08,-0.6259734381268345
2021NES__2021-11-05-NES-S8__B2 - Zoom Meeting - Room 2 2021-11-05 13-07-15_chunk2.mp4,2021NES,2021-11-05-NES-S8,2021-11-05-NES-S8,1,8,middle,0.0,0.0,False,False,False,True,0.36979166666666674,0.0,0.0,1.0,0.0,3.0,1.0,0.0,1.0,1.0,2.0,1.0,3.0,1.0,0.0,0.0,0.0,1.0,0.0,0.0,0.0,0.0,1.0,,0.0,0.0,0.0,0.0,1.0,1.0,5.0,3.0,5.0,2.0,1.0,4.0,5.0,0.0,0.0,0.0,0.0,6.0,0.0,0.0,0.0,0.0,1.8,0.8,,,1.0,0.2,12.0,0.0,12000000.0,0.9999999166666736,0.0,0.0,0.0,0.0,0.0,0.0,0.0,0.0,0.0,0.0,0.0,0.0,3.0,3.0,0.49999991666668053,14.0,1.4,0.9,0.0,1.0,0.0,1000000.0,0.0,0.0,1.0869565217391304,0.043478260869565216,0.043478260869565216,0.17391304347826086,2.260869565217391,0.2608695652173913,0.17391304347826086,0.23779611147576196
2021NES__2021-11-05-NES-S8__B2 - Zoom Meeting - Room 2 2021-11-05 13-07-15_chunk3.mp4,2021NES,2021-11-05-NES-S8,2021-11-05-NES-S8,2,8,middle,0.0,0.0,False,False,False,True,0.31711409395973145,0.0,0.0,1.0,0.0,3.0,1.0,0.0,1.0,0.0,3.0,1.0,0.0,0.0,1.0,0.0,0.0,0.0,0.0,0.0,0.0,0.0,0.0,,0.0,0.0,0.0,0.0,1.0,1.0,10.0,0.0,6.0,4.0,0.0,2.0,1.0,1.0,0.0,0.0,0.0,10.0,0.0,0.0,0.0,0.0,1.1,0.1,1.0,0.0,1.1666666666666667,0.16666666666666666,21.0,0.0,21000000.0,0.9999999523809546,0.0,0.0,0.0,0.0,0.0,0.0,0.0,0.0,0.0,0.0,0.0,0.0,1.0,6.0,0.1428571224489825,19.0,1.1176470588235294,1.0,0.0,0.0,0.0,0.0,0.0,0.0,3.4615384615384617,0.0,0.46153846153846156,0.38461538461538464,2.076923076923077,0.07692307692307693,0.3076923076923077,1.703816855420093
2021NES__2021-11-05-NES-S8__B2 - Zoom Meeting - Room 2 2021-11-05 13-07-15_chunk4.mp4,2021NES,2021-11-05-NES-S8,2021-11-05-NES-S8,3,8,middle,0.0,0.0,False,False,False,True,0.21811846689895464,0.0,0.0,1.0,0.0,2.0,1.0,0.0,1.0,0.0,3.0,1.0,3.0,1.0,0.0,0.0,0.0,0.0,0.0,0.0,0.0,0.0,0.0,,0.0,0.0,1.0,0.0,0.0,1.0,7.0,2.0,7.0,7.0,0.0,0.0,0.0,1.0,0.0,0.0,0.0,14.0,0.0,0.0,0.0,0.0,1.2857142857142858,0.2857142857142857,1.0,0.0,1.2857142857142858,0.2857142857142857,18.0,3.0,5.999998000000667,0.8571428163265326,0.0,0.0,0.0,0.0,0.0,0.0,0.0,0.0,0.0,0.0,0.0,0.0,2.0,0.0,0.99999950000025,19.0,1.2666666666666666,1.0,0.0,0.0,0.0,0.0,0.0,0.0,,0.0,0.0,0.125,2.3125,0.3125,0.0625,-0.1914409098837865
2021NES__2021-11-05-NES-S8__B2 - Zoom Meeting - Room 2 2021-11-05 13-07-15_chunk5.mp4,2021NES,2021-11-05-NES-S8,2021-11-05-NES-S8,4,8,middle,0.0,0.0,False,False,False,True,0.5204872646733112,0.0,0.0,1.0,0.0,2.0,1.0,0.0,1.0,0.0,2.0,1.0,3.0,1.0,0.0,0.0,0.0,0.0,1.0,0.0,0.0,0.0,0.0,3.0,1.0,1.0,0.0,0.0,0.0,1.0,4.0,2.0,4.0,5.0,1.0,3.0,2.0,1.0,0.0,0.0,1.0,0.0,0.0,0.0,0.0,0.0,1.75,0.75,1.0,0.0,1.0,0.25,11.0,3.0,3.6666654444448517,0.7857142295918408,0.0,0.0,1.0,0.0,0.0,0.0,0.0,0.0,0.0,0.0,0.0,0.0,0.0,0.0,0.0,12.0,1.3333333333333333,0.8888888888888888,0.0,0.0,0.0,0.0,0.0,0.0,0.0,0.0,0.0,0.0,2.1818181818181817,0.18181818181818182,0.09090909090909091,-0.8604649237120855
2021NES__2021-11-05-NES-S8__B2 - Zoom Meeting - Room 2 2021-11-05 13-07-15_chunk6.mp4,2021NES,2021-11-05-NES-S8,2021-11-05-NES-S8,5,8,middle,0.0,0.0,False,False,False,True,0.5126903553299493,0.0,0.0,0.0,0.0,3.0,0.0,0.0,1.0,1.0,2.0,2.0,3.0,1.0,0.0,0.0,1.0,0.0,0.0,0.0,0.0,1.0,1.0,,0.0,0.0,0.0,0.0,0.0,2.0,5.0,3.0,2.0,2.0,6.0,2.0,18.0,2.0,2.0,1.0,0.0,10.0,0.0,0.0,0.0,0.0,1.4,0.4,1.0,0.0,1.0,0.0,10.0,1.0,9.999990000010001,0.9090908264462886,1.0,0.0,0.0,2.0,0.0,0.0,0.0,0.0,0.0,0.0,0.0,0.0,3.0,5.0,0.3749999531250059,11.0,1.2222222222222223,1.0,0.0,1.0,0.0,1000000.0,0.0,0.0,0.6857142857142857,0.05714285714285714,0.2571428571428571,0.0,2.085714285714286,0.08571428571428572,0.05714285714285714,-0.2988921432946122
2021NES__2021-11-05-NES-S8__B2 - Zoom Meeting - Room 2 2021-11-05 13-07-15_chunk7.mp4,2021NES,2021-11-05-NES-S8,2021-11-05-NES-S8,6,8,middle,0.0,0.0,False,False,False,True,0.22549019607843146,0.0,0.0,0.0,1.0,3.0,0.0,0.0,0.0,0.0,,2.0,0.0,0.0,0.0,0.0,0.0,0.0,0.0,0.0,0.0,0.0,1.0,,0.0,0.0,0.0,0.0,1.0,1.0,0.0,2.0,7.0,2.0,6.0,0.0,2.0,0.0,0.0,0.0,0.0,0.0,0.0,0.0,0.0,0.0,,,,,0.0,0.0,8.0,1.0,7.9999920000080005,0.8888887901234679,0.0,0.0,0.0,0.0,0.0,0.0,0.0,0.0,0.0,0.0,0.0,0.0,0.0,0.0,0.0,0.0,0.0,0.0,0.0,0.0,0.0,0.0,0.0,0.0,0.6666666666666666,0.19047619047619047,0.42857142857142855,0.09523809523809523,2.238095238095238,0.23809523809523808,0.23809523809523808,0.4367310576676728
2021NES__2021-11-05-NES-S8__B2 - Zoom Meeting - Room 2 2021-11-05 13-07-15_chunk8.mp4,2021NES,2021-11-05-NES-S8,2021-11-05-NES-S8,7,8,end,0.0,0.0,False,False,False,True,,,0.0,0.0,0.0,1.0,0.0,0.0,0.0,0.0,,2.0,0.0,0.0,0.0,0.0,0.0,0.0,0.0,0.0,0.0,0.0,0.0,,0.0,0.0,0.0,0.0,0.0,0.0,0.0,0.0,0.0,0.0,0.0,0.0,0.0,0.0,0.0,0.0,0.0,0.0,0.0,0.0,0.0,0.0,,,,,,,0.0,0.0,0.0,0.0,0.0,0.0,0.0,0.0,0.0,0.0,0.0,0.0,0.0,0.0,0.0,0.0,0.0,0.0,0.0,0.0,,,0.0,0.0,0.0,0.0,0.0,,,0.0,0.0,0.0,,,0.0,-0.6171441482000752
2021NES__2021-11-05-NES-S9__B3 - 2021-11-05 13-06-59_chunk1.mp4,2021NES,2021-11-05-NES-S9,2021-11-05-NES-S9,0,8,beginning,1.0,0.0,True,False,False,True,0.45982905982905975,0.0,0.0,0.0,1.0,3.0,0.0,0.0,1.0,1.0,,1.0,0.0,0.0,1.0,1.0,0.0,1.0,1.0,0.0,0.0,0.0,1.0,,0.0,0.0,0.0,0.0,1.0,2.0,1.0,2.0,15.0,0.0,5.0,10.0,11.0,2.0,0.0,0.0,0.0,10.0,1.0,0.0,0.0,0.0,1.0,0.0,1.0,0.0,0.6,0.0,17.0,0.0,17000000.0,0.999999941176474,0.0,0.0,0.0,0.0,1.0,0.0,0.0,0.0,0.0,0.0,0.0,0.0,1.0,9.0,0.09999999000000101,12.0,0.6666666666666666,0.6666666666666666,0.0,0.0,0.0,0.0,0.0,0.0,0.5853658536585366,0.07317073170731707,0.24390243902439024,0.07317073170731707,2.048780487804878,0.04878048780487805,0.0,-0.11823234699631263
2021NES__2021-11-05-NES-S9__B3 - 2021-11-05 13-06-59_chunk2.mp4,2021NES,2021-11-05-NES-S9,2021-11-05-NES-S9,1,8,middle,1.0,0.0,True,False,False,True,0.4551909422375744,0.0,0.0,1.0,0.0,3.0,1.0,0.0,0.0,0.0,2.0,2.0,3.0,1.0,0.0,1.0,1.0,0.0,1.0,1.0,0.0,0.0,1.0,,0.0,0.0,1.0,1.0,0.0,1.0,8.0,2.0,8.0,6.0,1.0,2.0,1.0,3.0,0.0,1.0,1.0,19.0,0.0,0.0,0.0,0.0,1.375,0.375,1.3333333333333333,0.3333333333333333,1.0,0.0,23.0,2.0,11.499994250002874,0.9199999632000014,1.0,0.0,1.0,0.0,0.0,0.0,0.0,0.0,0.0,0.0,1.0,0.0,8.0,10.0,0.4444444197530878,23.0,1.2105263157894737,1.0,0.0,0.0,1.0,0.0,0.0,0.0,1.0,0.047619047619047616,0.09523809523809523,0.09523809523809523,2.0952380952380953,0.09523809523809523,0.23809523809523808,0.03311000743408845
2021NES__2021-11-05-NES-S9__B3 - 2021-11-05 13-06-59_chunk3.mp4,2021NES,2021-11-05-NES-S9,2021-11-05-NES-S9,2,8,middle,1.0,0.0,True,False,False,False,,,,,,,,,,,,,,,,,,,,,,,,,,,,,,,,,,,,,,,,,,,,,,,,,,,,,,,,,,,,,,,,,,,,,,,,,,,,,,,,,,,,,,,,
2021NES__2021-11-05-NES-S9__B3 - 2021-11-05 13-06-59_chunk4.mp4,2021NES,2021-11-05-NES-S9,2021-11-05-NES-S9,3,8,middle,1.0,0.0,True,False,False,True,0.25771812080536916,0.0,0.0,1.0,0.0,3.0,1.0,0.0,0.0,0.0,3.0,2.0,3.0,1.0,0.0,1.0,1.0,0.0,0.0,0.0,1.0,0.0,1.0,,0.0,0.0,0.0,1.0,0.0,1.0,8.0,5.0,5.0,2.0,1.0,0.0,0.0,1.0,0.0,0.0,1.0,12.0,0.0,0.0,0.0,0.0,1.875,0.875,2.0,1.0,1.2,0.4,14.0,1.0,13.999986000014001,0.9333332711111153,0.0,0.0,1.0,0.0,0.0,0.0,0.0,0.0,0.0,0.0,0.0,0.0,5.0,3.0,0.6249999218750099,23.0,1.6428571428571428,0.9285714285714286,2.0,0.0,0.0,2000000.0,0.0,0.0,1.75,0.0625,0.375,0.125,2.3125,0.3125,0.0625,0.5260813920496582
2021NES__2021-11-05-NES-S9__B3 - 2021-11-05 13-06-59_chunk5.mp4,2021NES,2021-11-05-NES-S9,2021-11-05-NES-S9,4,8,middle,1.0,0.0,True,False,False,True,0.11979345955249565,0.0,0.0,1.0,0.0,3.0,0.0,0.0,0.0,0.0,2.0,1.0,4.0,1.0,0.0,1.0,1.0,0.0,0.0,0.0,0.0,0.0,0.0,3.0,1.0,1.0,0.0,1.0,0.0,1.0,6.0,2.0,4.0,6.0,0.0,1.0,3.0,1.0,0.0,0.0,0.0,16.0,0.0,1.0,1.0,0.0,1.1666666666666667,0.16666666666666666,1.0,0.0,1.25,0.25,13.0,2.0,6.499996750001625,0.8666666088888928,0.0,0.0,0.0,0.0,0.0,1.0,1.0,0.0,1.0,1.0,0.0,1000000.0,10.0,1.0,0.9090908264462886,13.0,1.1818181818181819,1.0,0.0,1.0,0.0,1000000.0,0.0,0.0,0.6111111111111112,0.0,0.0,0.05555555555555555,2.0555555555555554,0.05555555555555555,0.16666666666666666,-0.435788230248259
2021NES__2021-11-05-NES-S9__B3 - 2021-11-05 13-06-59_chunk6.mp4,2021NES,2021-11-05-NES-S9,2021-11-05-NES-S9,5,8,middle,1.0,0.0,True,False,False,True,0.28616352201257844,0.0,0.0,1.0,0.0,3.0,0.0,0.0,0.0,0.0,2.0,1.0,1.0,0.0,0.0,0.0,1.0,0.0,0.0,0.0,1.0,0.0,1.0,3.0,1.0,1.0,0.0,1.0,1.0,1.0,2.0,5.0,8.0,11.0,0.0,1.0,1.0,0.0,0.0,0.0,0.0,26.0,0.0,0.0,2.0,0.0,2.0,1.0,,,1.125,0.125,12.0,6.0,1.9999996666667221,0.6666666296296316,0.0,0.0,0.0,0.0,0.0,0.0,2.0,0.0,1.0,1.0,2.0,0.499999750000125,17.0,0.0,0.999999941176474,13.0,1.3,1.0,1.0,0.0,2.0,0.499999750000125,0.0,0.0,0.35714285714285715,0.03571428571428571,0.03571428571428571,0.03571428571428571,2.0357142857142856,0.03571428571428571,0.03571428571428571,-0.46329017115062926
2021NES__2021-11-05-NES-S9__B3 - 2021-11-05 13-06-59_chunk7.mp4,2021NES,2021-11-05-NES-S9,2021-11-05-NES-S9,6,8,middle,1.0,0.0,True,False,False,True,0.3749406739439962,0.0,0.0,0.0,0.0,2.0,0.0,0.0,1.0,1.0,2.0,1.0,2.0,0.0,0.0,0.0,0.0,0.0,0.0,0.0,1.0,0.0,1.0,,0.0,0.0,0.0,1.0,0.0,2.0,5.0,7.0,11.0,6.0,0.0,4.0,12.0,0.0,0.0,0.0,0.0,15.0,0.0,1.0,1.0,0.0,1.2,0.2,,,1.0,0.0,20.0,2.0,9.9999950000025,0.9090908677685968,0.0,0.0,0.0,0.0,0.0,1.0,1.0,0.0,0.0,0.0,0.0,0.0,3.0,4.0,0.4285713673469475,16.0,1.0666666666666667,1.0,0.0,2.0,0.0,2000000.0,1.0,1.0,0.6041666666666666,0.041666666666666664,0.041666666666666664,0.0625,2.0,0.0,0.020833333333333332,-0.2581957826873935
2021NES__2021-11-05-NES-S9__B3 - 2021-11-05 13-06-59_chunk8.mp4,2021NES,2021-11-05-NES-S9,2021-11-05-NES-S9,7,8,end,1.0,0.0,True,False,False,True,0.5628834355828221,1.0,0.0,0.0,0.0,3.0,0.0,0.0,1.0,0.0,,1.0,0.0,0.0,0.0,0.0,0.0,0.0,0.0,0.0,1.0,0.0,1.0,,0.0,0.0,0.0,1.0,0.0,1.0,2.0,1.0,4.0,4.0,4.0,0.0,2.0,0.0,0.0,0.0,0.0,7.0,0.0,0.0,1.0,0.0,1.0,0.0,,,1.0,0.0,9.0,1.0,8.999991000009,0.8999999100000091,0.0,0.0,0.0,0.0,0.0,0.0,1.0,0.0,0.0,0.0,0.0,0.0,0.0,4.0,0.0,6.0,1.0,1.0,1.0,0.0,0.0,1000000.0,0.0,0.0,0.38461538461538464,0.23076923076923078,0.7692307692307693,0.07692307692307693,2.3846153846153846,0.38461538461538464,0.07692307692307693,0.4171309582538187
2021NES__2021-11-04-NES-S5__B5 - 2021-11-04 12-32-22_chunk1.mp4,2021NES,2021-11-04-NES-S5,2021-11-04-NES-S5,0,8,beginning,3.0,1.0,True,True,True,True,0.3428775948460989,0.0,0.0,0.0,1.0,3.0,0.0,0.0,1.0,0.0,,1.0,0.0,0.0,0.0,0.0,0.0,0.0,0.0,0.0,0.0,0.0,1.0,,0.0,0.0,0.0,1.0,1.0,2.0,0.0,2.0,10.0,0.0,0.0,12.0,11.0,0.0,0.0,2.0,0.0,10.0,0.0,5.0,0.0,0.0,,,,,1.0,0.0,10.0,0.0,10000000.0,0.99999990000001,2.0,0.0,0.0,0.0,0.0,5.0,0.0,0.0,0.0,0.0,0.0,0.0,0.0,10.0,0.0,10.0,1.0,1.0,0.0,0.0,0.0,0.0,0.0,0.0,,0.0,0.0,0.0,2.0,0.0,0.0,-0.6171441482000752
2021NES__2021-11-04-NES-S5__B5 - 2021-11-04 12-32-22_chunk2.mp4,2021NES,2021-11-04-NES-S5,2021-11-04-NES-S5,1,8,middle,3.0,1.0,True,True,True,True,0.23118580765639574,0.0,0.0,1.0,0.0,3.0,1.0,0.0,1.0,1.0,2.0,1.0,3.0,1.0,0.0,0.0,0.0,0.0,0.0,0.0,0.0,0.0,0.0,3.0,1.0,1.0,1.0,0.0,1.0,1.0,8.0,3.0,5.0,4.0,1.0,0.0,0.0,1.0,0.0,0.0,2.0,13.0,0.0,0.0,0.0,0.0,1.875,0.875,1.0,0.0,1.2,0.2,16.0,2.0,7.999996000002,0.8888888395061756,0.0,0.0,2.0,0.0,0.0,0.0,0.0,0.0,0.0,0.0,0.0,0.0,0.0,12.0,0.0,22.0,1.5714285714285714,1.0,0.0,0.0,0.0,0.0,0.0,0.0,2.0,0.0,0.0,0.0,2.1538461538461537,0.15384615384615385,0.3076923076923077,0.11658293289312738
2021NES__2021-11-04-NES-S5__B5 - 2021-11-04 12-32-22_chunk3.mp4,2021NES,2021-11-04-NES-S5,2021-11-04-NES-S5,2,8,middle,3.0,1.0,True,True,True,True,0.29208472686733544,0.0,0.0,1.0,0.0,3.0,1.0,0.0,0.0,0.0,2.0,1.0,3.0,1.0,0.0,0.0,0.0,0.0,1.0,0.0,0.0,0.0,1.0,3.0,1.0,1.0,0.0,0.0,1.0,1.0,3.0,2.0,5.0,5.0,0.0,0.0,0.0,0.0,0.0,0.0,1.0,7.0,0.0,0.0,0.0,0.0,1.6666666666666667,0.6666666666666666,,,1.0,0.0,9.0,1.0,8.999991000009,0.8999999100000091,0.0,0.0,1.0,0.0,0.0,0.0,0.0,0.0,0.0,0.0,0.0,0.0,0.0,6.0,0.0,10.0,1.25,1.0,0.0,0.0,0.0,0.0,0.0,0.0,0.75,0.0,0.125,0.0,2.125,0.125,0.625,-0.4940719774851307
2021NES__2021-11-04-NES-S5__B5 - 2021-11-04 12-32-22_chunk4.mp4,2021NES,2021-11-04-NES-S5,2021-11-04-NES-S5,3,8,middle,3.0,1.0,True,True,True,True,0.5373514431239388,0.0,0.0,1.0,0.0,3.0,0.0,0.0,0.0,0.0,2.0,1.0,1.0,0.0,0.0,0.0,0.0,0.0,1.0,0.0,0.0,0.0,0.0,,0.0,0.0,0.0,0.0,0.0,1.0,3.0,3.0,8.0,3.0,0.0,1.0,0.0,1.0,1.0,0.0,1.0,12.0,0.0,0.0,2.0,0.0,1.0,0.0,1.0,0.0,1.125,0.125,12.0,1.0,11.999988000012001,0.9230768520710114,0.0,0.0,1.0,1.0,0.0,0.0,2.0,0.0,0.0,0.0,0.0,0.0,0.0,7.0,0.0,13.0,1.0833333333333333,1.0,0.0,0.0,0.0,0.0,0.0,0.0,1.0,0.0,0.23076923076923078,0.0,2.076923076923077,0.07692307692307693,0.23076923076923078,-0.37194099540947906
2021NES__2021-11-04-NES-S5__B5 - 2021-11-04 12-32-22_chunk5.mp4,2021NES,2021-11-04-NES-S5,2021-11-04-NES-S5,4,8,middle,3.0,1.0,True,True,True,True,0.21904761904761916,0.0,0.0,1.0,0.0,3.0,1.0,0.0,0.0,0.0,2.0,1.0,3.0,1.0,0.0,1.0,0.0,0.0,1.0,0.0,1.0,0.0,1.0,3.0,1.0,1.0,1.0,1.0,0.0,1.0,6.0,5.0,7.0,3.0,3.0,0.0,0.0,0.0,0.0,0.0,0.0,15.0,0.0,1.0,1.0,0.0,1.1666666666666667,0.16666666666666666,,,1.1428571428571428,0.14285714285714285,15.0,1.0,14.999985000015002,0.9374999414062536,0.0,0.0,0.0,0.0,0.0,1.0,1.0,0.0,0.0,0.0,0.0,0.0,0.0,3.0,0.0,15.0,1.1538461538461537,1.0,0.0,1.0,0.0,1000000.0,0.0,0.0,1.375,0.125,0.125,0.125,2.125,0.125,0.0,0.5907122012908373
2021NES__2021-11-04-NES-S5__B5 - 2021-11-04 12-32-22_chunk6.mp4,2021NES,2021-11-04-NES-S5,2021-11-04-NES-S5,5,8,middle,3.0,1.0,True,True,True,True,0.3390804597701149,0.0,0.0,1.0,0.0,3.0,1.0,0.0,0.0,0.0,2.0,1.0,3.0,1.0,0.0,0.0,0.0,0.0,0.0,0.0,0.0,0.0,0.0,,0.0,0.0,0.0,1.0,0.0,1.0,5.0,7.0,7.0,3.0,0.0,3.0,0.0,2.0,0.0,0.0,1.0,16.0,0.0,0.0,1.0,0.0,1.2,0.2,0.5,0.0,1.8571428571428572,0.8571428571428571,16.0,1.0,15.999984000016001,0.9411764152249167,0.0,0.0,1.0,0.0,0.0,0.0,1.0,0.0,0.0,0.0,0.0,0.0,3.0,6.0,0.33333329629630043,20.0,1.4285714285714286,0.9285714285714286,0.0,0.0,0.0,0.0,0.0,0.0,1.0555555555555556,0.0,0.16666666666666666,0.1111111111111111,2.0555555555555554,0.05555555555555555,0.0,-0.09253219150153358
2021NES__2021-11-04-NES-S5__B5 - 2021-11-04 12-32-22_chunk7.mp4,2021NES,2021-11-04-NES-S5,2021-11-04-NES-S5,6,8,middle,3.0,1.0,True,True,True,True,0.3164362519201229,0.0,1.0,0.0,0.0,3.0,0.0,0.0,1.0,1.0,2.0,2.0,1.0,0.0,0.0,0.0,1.0,1.0,1.0,0.0,0.0,0.0,1.0,3.0,1.0,1.0,0.0,1.0,0.0,2.0,4.0,4.0,9.0,12.0,0.0,2.0,5.0,0.0,0.0,0.0,0.0,24.0,0.0,0.0,1.0,0.0,1.25,0.25,,,1.0,0.0,18.0,5.0,3.599999280000144,0.7826086616257103,0.0,0.0,0.0,0.0,0.0,0.0,1.0,0.0,0.0,1.0,0.0,1000000.0,3.0,1.0,0.7499998125000469,14.0,1.0769230769230769,1.0,0.0,1.0,0.0,1000000.0,0.0,0.0,1.12,0.08,0.16,0.16,2.04,0.08,0.04,0.36716756076402723
2021NES__2021-11-04-NES-S5__B5 - 2021-11-04 12-32-22_chunk8.mp4,2021NES,2021-11-04-NES-S5,2021-11-04-NES-S5,7,8,end,3.0,1.0,True,True,True,True,0.471976401179941,0.0,0.0,0.0,1.0,3.0,1.0,0.0,1.0,1.0,,2.0,0.0,0.0,0.0,0.0,0.0,0.0,1.0,0.0,1.0,0.0,1.0,,0.0,0.0,0.0,0.0,0.0,2.0,0.0,1.0,1.0,6.0,12.0,1.0,5.0,0.0,0.0,1.0,0.0,2.0,0.0,0.0,0.0,0.0,,,,,1.0,0.0,7.0,0.0,7000000.0,0.9999998571428775,1.0,0.0,0.0,0.0,0.0,0.0,0.0,0.0,0.0,0.0,0.0,0.0,0.0,2.0,0.0,1.0,1.0,1.0,0.0,0.0,0.0,0.0,0.0,0.0,0.6666666666666666,0.14285714285714285,0.7619047619047619,0.14285714285714285,2.0476190476190474,0.047619047619047616,0.047619047619047616,0.35602537925556327
2021NES__2021-11-05-NES-S10__B4 - 2021-11-05 13-06-36_chunk1.mp4,2021NES,2021-11-05-NES-S10,2021-11-05-NES-S10,0,8,beginning,1.0,1.0,True,True,True,True,0.44622578490313947,0.0,0.0,0.0,1.0,3.0,0.0,0.0,0.0,0.0,,1.0,0.0,0.0,0.0,0.0,0.0,0.0,0.0,0.0,0.0,0.0,1.0,,0.0,0.0,0.0,0.0,1.0,2.0,0.0,5.0,9.0,0.0,1.0,9.0,6.0,1.0,0.0,0.0,0.0,9.0,0.0,0.0,0.0,0.0,,,1.0,0.0,1.0,0.0,10.0,0.0,10000000.0,0.99999990000001,0.0,0.0,0.0,0.0,0.0,0.0,0.0,0.0,0.0,0.0,0.0,0.0,0.0,9.0,0.0,10.0,1.0,1.0,0.0,0.0,0.0,0.0,0.0,0.0,0.7391304347826086,0.08695652173913043,0.391304347826087,0.0,2.0,0.0,0.043478260869565216,-0.15457884473411512
2021NES__2021-11-05-NES-S10__B4 - 2021-11-05 13-06-36_chunk2.mp4,2021NES,2021-11-05-NES-S10,2021-11-05-NES-S10,1,8,middle,1.0,1.0,True,True,True,True,0.26833976833976836,0.0,0.0,1.0,0.0,3.0,1.0,0.0,0.0,0.0,2.0,1.0,1.0,0.0,0.0,0.0,0.0,0.0,0.0,0.0,0.0,0.0,1.0,3.0,1.0,1.0,0.0,1.0,0.0,1.0,12.0,6.0,6.0,12.0,1.0,5.0,0.0,2.0,0.0,1.0,1.0,15.0,0.0,0.0,1.0,0.0,1.2727272727272727,0.2727272727272727,1.5,0.5,1.0,0.0,26.0,3.0,8.66666377777874,0.8965516932223554,1.0,0.0,1.0,0.0,0.0,0.0,1.0,0.0,0.0,1.0,0.0,1000000.0,0.0,8.0,0.0,23.0,1.2105263157894737,1.0,1.0,1.0,0.0,2000000.0,0.0,0.0,0.18181818181818182,0.0,0.06060606060606061,0.0,1.9696969696969697,0.0,0.18181818181818182,-0.7716423912934297
2021NES__2021-11-05-NES-S10__B4 - 2021-11-05 13-06-36_chunk3.mp4,2021NES,2021-11-05-NES-S10,2021-11-05-NES-S10,2,8,middle,1.0,1.0,True,True,True,True,0.37414821124361164,0.0,0.0,1.0,0.0,3.0,1.0,0.0,0.0,0.0,2.0,1.0,1.0,0.0,0.0,0.0,0.0,0.0,0.0,0.0,1.0,0.0,1.0,3.0,1.0,1.0,0.0,0.0,0.0,1.0,3.0,3.0,8.0,7.0,1.0,3.0,1.0,0.0,0.0,0.0,1.0,12.0,0.0,0.0,0.0,0.0,1.0,0.0,,,1.0,0.125,13.0,5.0,2.599999480000104,0.7222221820987677,0.0,0.0,1.0,0.0,0.0,0.0,0.0,0.0,0.0,0.0,0.0,0.0,0.0,1.0,0.0,11.0,1.0,0.9090909090909091,0.0,1.0,1.0,0.9999990000010001,0.0,0.0,1.5,0.1111111111111111,0.3888888888888889,0.1111111111111111,2.111111111111111,0.1111111111111111,0.0,0.5651713897079033
2021NES__2021-11-05-NES-S10__B4 - 2021-11-05 13-06-36_chunk4.mp4,2021NES,2021-11-05-NES-S10,2021-11-05-NES-S10,3,8,middle,1.0,1.0,True,True,True,False,,,,,,,,,,,,,,,,,,,,,,,,,,,,,,,,,,,,,,,,,,,,,,,,,,,,,,,,,,,,,,,,,,,,,,,,,,,,,,,,,,,,,,,,
2021NES__2021-11-05-NES-S10__B4 - 2021-11-05 13-06-36_chunk5.mp4,2021NES,2021-11-05-NES-S10,2021-11-05-NES-S10,4,8,middle,1.0,1.0,True,True,True,False,,,,,,,,,,,,,,,,,,,,,,,,,,,,,,,,,,,,,,,,,,,,,,,,,,,,,,,,,,,,,,,,,,,,,,,,,,,,,,,,,,,,,,,,
2021NES__2021-11-05-NES-S10__B4 - 2021-11-05 13-06-36_chunk6.mp4,2021NES,2021-11-05-NES-S10,2021-11-05-NES-S10,5,8,middle,1.0,1.0,True,True,True,True,0.3076923076923077,0.0,0.0,1.0,0.0,3.0,1.0,0.0,0.0,0.0,2.0,1.0,2.0,0.0,0.0,0.0,0.0,0.0,0.0,0.0,1.0,0.0,1.0,,0.0,0.0,0.0,1.0,0.0,1.0,4.0,1.0,10.0,0.0,1.0,6.0,0.0,0.0,0.0,0.0,0.0,12.0,0.0,0.0,0.0,0.0,1.0,0.0,,,1.1,0.1,14.0,0.0,14000000.0,0.9999999285714337,0.0,0.0,0.0,0.0,0.0,0.0,0.0,0.0,0.0,0.0,0.0,0.0,0.0,4.0,0.0,15.0,1.0714285714285714,1.0,0.0,0.0,0.0,0.0,0.0,0.0,1.2380952380952381,0.047619047619047616,0.23809523809523808,0.047619047619047616,2.0476190476190474,0.047619047619047616,0.0,0.041310120314699224
2021NES__2021-11-05-NES-S10__B4 - 2021-11-05 13-06-36_chunk7.mp4,2021NES,2021-11-05-NES-S10,2021-11-05-NES-S10,6,8,middle,1.0,1.0,True,True,True,True,0.5105820105820105,0.0,1.0,0.0,0.0,3.0,0.0,0.0,1.0,1.0,2.0,2.0,0.0,0.0,0.0,0.0,0.0,0.0,0.0,0.0,1.0,0.0,1.0,,0.0,0.0,0.0,0.0,0.0,2.0,4.0,4.0,6.0,13.0,6.0,7.0,9.0,4.0,0.0,0.0,1.0,12.0,0.0,0.0,0.0,0.0,1.5,0.5,1.25,0.25,1.0,0.16666666666666666,25.0,1.0,24.999975000025003,0.9615384245562144,0.0,0.0,1.0,0.0,0.0,0.0,0.0,0.0,0.0,0.0,0.0,0.0,4.0,4.0,0.4999999375000079,17.0,1.2142857142857142,0.9285714285714286,3.0,2.0,0.0,5000000.0,0.0,0.0,0.4489795918367347,0.12244897959183673,0.16326530612244897,0.12244897959183673,2.061224489795918,0.061224489795918366,0.0,0.12242179373333516
2021NES__2021-11-05-NES-S10__B4 - 2021-11-05 13-06-36_chunk8.mp4,2021NES,2021-11-05-NES-S10,2021-11-05-NES-S10,7,8,end,1.0,1.0,True,True,True,True,0.45385587863463983,0.0,1.0,0.0,0.0,3.0,1.0,0.0,1.0,1.0,2.0,2.0,3.0,1.0,0.0,0.0,1.0,1.0,1.0,0.0,0.0,0.0,1.0,,0.0,0.0,0.0,1.0,0.0,2.0,5.0,4.0,3.0,2.0,3.0,3.0,7.0,3.0,0.0,0.0,0.0,9.0,0.0,0.0,0.0,0.0,1.6,0.6,1.0,0.0,1.6666666666666667,0.6666666666666666,13.0,0.0,13000000.0,0.9999999230769291,0.0,0.0,0.0,0.0,0.0,0.0,0.0,0.0,0.0,0.0,0.0,0.0,3.0,3.0,0.49999991666668053,16.0,1.4545454545454546,1.0,0.0,1.0,0.0,1000000.0,0.0,0.0,0.4782608695652174,0.13043478260869565,0.13043478260869565,0.08695652173913043,2.0869565217391304,0.08695652173913043,0.0,0.08780930700063622
2021NES__2021-11-05-NES-S12__B6 - 2021-11-05 13-06-36_chunk1.mp4,2021NES,2021-11-05-NES-S12,2021-11-05-NES-S12,0,8,beginning,0.0,0.0,False,False,False,True,0.32704402515723263,0.0,0.0,0.0,1.0,3.0,0.0,0.0,0.0,0.0,,1.0,0.0,0.0,0.0,0.0,0.0,0.0,0.0,0.0,0.0,0.0,1.0,,0.0,0.0,0.0,0.0,0.0,2.0,0.0,4.0,9.0,0.0,3.0,10.0,4.0,0.0,0.0,0.0,0.0,9.0,0.0,0.0,0.0,0.0,,,,,1.0,0.0,9.0,0.0,9000000.0,0.9999998888889013,0.0,0.0,0.0,0.0,0.0,0.0,0.0,0.0,0.0,0.0,0.0,0.0,0.0,9.0,0.0,9.0,1.0,1.0,0.0,0.0,0.0,0.0,0.0,0.0,0.3333333333333333,0.0,0.3611111111111111,0.0,2.0,0.0,0.0,-0.6976236142778834
2021NES__2021-11-05-NES-S12__B6 - 2021-11-05 13-06-36_chunk2.mp4,2021NES,2021-11-05-NES-S12,2021-11-05-NES-S12,1,8,middle,0.0,0.0,False,False,False,True,0.23291666666666666,0.0,0.0,1.0,0.0,3.0,1.0,0.0,0.0,0.0,2.0,1.0,0.0,0.0,0.0,1.0,0.0,0.0,1.0,0.0,1.0,0.0,1.0,,0.0,0.0,0.0,0.0,1.0,2.0,7.0,0.0,2.0,1.0,0.0,3.0,3.0,2.0,0.0,0.0,1.0,7.0,0.0,0.0,0.0,0.0,1.0,0.0,1.0,0.0,1.0,0.0,11.0,1.0,10.999989000011,0.9166665902777842,0.0,0.0,1.0,0.0,0.0,0.0,0.0,0.0,0.0,0.0,0.0,0.0,0.0,6.0,0.0,11.0,1.0,1.0,0.0,0.0,0.0,0.0,0.0,0.0,0.5,0.0625,0.0625,0.0,2.0625,0.0625,0.0,-0.36837567720612574
2021NES__2021-11-05-NES-S12__B6 - 2021-11-05 13-06-36_chunk3.mp4,2021NES,2021-11-05-NES-S12,2021-11-05-NES-S12,2,8,middle,0.0,0.0,False,False,False,True,0.38142857142857145,0.0,0.0,1.0,0.0,3.0,1.0,0.0,0.0,0.0,2.0,1.0,3.0,1.0,0.0,0.0,0.0,0.0,1.0,0.0,1.0,0.0,1.0,,0.0,0.0,0.0,0.0,0.0,1.0,6.0,2.0,3.0,3.0,1.0,4.0,2.0,1.0,0.0,0.0,1.0,9.0,0.0,0.0,0.0,0.0,1.5,0.5,2.0,1.0,2.0,1.0,12.0,1.0,11.999988000012001,0.9230768520710114,0.0,0.0,1.0,0.0,0.0,0.0,0.0,0.0,0.0,0.0,0.0,0.0,5.0,4.0,0.5555554938271674,17.0,1.7,1.0,0.0,0.0,0.0,0.0,0.0,0.0,1.1538461538461537,0.15384615384615385,0.23076923076923078,0.0,2.076923076923077,0.07692307692307693,0.3076923076923077,0.31325291935623045
2021NES__2021-11-05-NES-S12__B6 - 2021-11-05 13-06-36_chunk4.mp4,2021NES,2021-11-05-NES-S12,2021-11-05-NES-S12,3,8,middle,0.0,0.0,False,False,False,True,0.3867243867243868,0.0,0.0,1.0,0.0,3.0,1.0,0.0,0.0,0.0,2.0,1.0,3.0,1.0,0.0,1.0,1.0,1.0,1.0,0.0,1.0,0.0,1.0,3.0,1.0,1.0,0.0,0.0,1.0,1.0,8.0,2.0,8.0,3.0,0.0,0.0,1.0,1.0,1.0,0.0,1.0,16.0,0.0,0.0,1.0,0.0,1.125,0.125,0.0,0.0,0.875,0.0,18.0,1.0,17.999982000018,0.9473683711911383,0.0,0.0,1.0,1.0,0.0,0.0,1.0,0.0,0.0,0.0,0.0,0.0,3.0,6.0,0.33333329629630043,16.0,0.9411764705882353,0.8823529411764706,2.0,0.0,0.0,2000000.0,0.0,0.0,1.0625,0.0625,0.0625,0.0,2.125,0.125,0.125,-0.09358096753590957
2021NES__2021-11-05-NES-S12__B6 - 2021-11-05 13-06-36_chunk5.mp4,2021NES,2021-11-05-NES-S12,2021-11-05-NES-S12,4,8,middle,0.0,0.0,False,False,False,False,,,,,,,,,,,,,,,,,,,,,,,,,,,,,,,,,,,,,,,,,,,,,,,,,,,,,,,,,,,,,,,,,,,,,,,,,,,,,,,,,,,,,,,,
2021NES__2021-11-05-NES-S12__B6 - 2021-11-05 13-06-36_chunk6.mp4,2021NES,2021-11-05-NES-S12,2021-11-05-NES-S12,5,8,middle,0.0,0.0,False,False,False,True,0.5013955848769349,0.0,0.0,1.0,0.0,3.0,1.0,1.0,1.0,1.0,3.0,2.0,3.0,1.0,1.0,1.0,1.0,0.0,1.0,0.0,1.0,0.0,1.0,,0.0,0.0,1.0,1.0,0.0,1.0,4.0,5.0,9.0,7.0,3.0,2.0,5.0,1.0,0.0,2.0,0.0,18.0,2.0,0.0,0.0,0.0,,,1.0,0.0,1.1111111111111112,0.1111111111111111,20.0,1.0,19.999980000020003,0.9523809070294805,2.0,0.0,0.0,0.0,2.0,0.0,0.0,0.0,0.0,0.0,0.0,0.0,5.0,6.0,0.4545454132231443,11.0,1.1,1.0,0.0,1.0,0.0,1000000.0,0.0,0.0,0.6538461538461539,0.07692307692307693,0.07692307692307693,0.038461538461538464,2.1153846153846154,0.11538461538461539,0.0,-0.14870349726925755
2021NES__2021-11-05-NES-S12__B6 - 2021-11-05 13-06-36_chunk7.mp4,2021NES,2021-11-05-NES-S12,2021-11-05-NES-S12,6,8,middle,0.0,0.0,False,False,False,True,0.3724569640062598,0.0,1.0,0.0,0.0,3.0,0.0,0.0,1.0,1.0,2.0,2.0,0.0,0.0,0.0,0.0,1.0,0.0,0.0,0.0,0.0,0.0,1.0,,0.0,0.0,1.0,1.0,0.0,2.0,2.0,2.0,6.0,2.0,0.0,6.0,5.0,5.0,0.0,0.0,1.0,12.0,0.0,1.0,4.0,0.0,1.5,0.5,1.0,0.0,1.1666666666666667,0.16666666666666666,14.0,1.0,13.999986000014001,0.9333332711111153,0.0,0.0,1.0,0.0,0.0,1.0,4.0,0.0,1.0,0.0,0.0,0.0,8.0,2.0,0.7999999200000081,15.0,1.1538461538461537,1.0,0.0,0.0,0.0,0.0,0.0,0.0,0.16,0.04,0.04,0.0,2.0,0.0,0.04,-0.6236916344766884
2021NES__2021-11-05-NES-S12__B6 - 2021-11-05 13-06-36_chunk8.mp4,2021NES,2021-11-05-NES-S12,2021-11-05-NES-S12,7,8,end,0.0,0.0,False,False,False,True,0.5229591836734695,0.0,0.0,1.0,0.0,3.0,1.0,1.0,1.0,0.0,3.0,2.0,3.0,1.0,0.0,1.0,1.0,0.0,1.0,0.0,1.0,0.0,1.0,,0.0,0.0,1.0,1.0,0.0,1.0,2.0,1.0,5.0,4.0,3.0,2.0,3.0,1.0,0.0,1.0,0.0,8.0,0.0,0.0,3.0,0.0,2.0,1.0,2.0,1.0,1.4,0.4,10.0,2.0,4.99999750000125,0.8333332638888947,1.0,0.0,0.0,0.0,0.0,0.0,3.0,0.0,0.0,0.0,0.0,0.0,1.0,6.0,0.1428571224489825,13.0,1.625,1.0,0.0,0.0,0.0,0.0,0.0,0.0,0.4375,0.25,0.25,0.125,2.0625,0.125,0.25,0.6283755832164569
2021NES__2021-11-04-NES-S3__B3 - 2021-11-04 12-32-36_chunk1.mp4,2021NES,2021-11-04-NES-S3,2021-11-04-NES-S3,0,8,beginning,2.0,1.0,True,True,True,True,0.5535714285714286,1.0,0.0,0.0,1.0,3.0,0.0,0.0,1.0,1.0,,1.0,0.0,0.0,0.0,0.0,0.0,0.0,1.0,0.0,1.0,0.0,1.0,,0.0,0.0,0.0,1.0,0.0,2.0,0.0,4.0,7.0,1.0,4.0,10.0,9.0,0.0,0.0,0.0,0.0,7.0,0.0,0.0,0.0,0.0,,,,,1.0,0.0,8.0,0.0,8000000.0,0.9999998750000157,0.0,0.0,0.0,0.0,0.0,0.0,0.0,0.0,0.0,0.0,0.0,0.0,0.0,7.0,0.0,7.0,1.0,1.0,0.0,0.0,0.0,0.0,0.0,0.0,0.5517241379310345,0.10344827586206896,0.20689655172413793,0.0,2.0,0.0,0.0,-0.18073759937190556
2021NES__2021-11-04-NES-S3__B3 - 2021-11-04 12-32-36_chunk2.mp4,2021NES,2021-11-04-NES-S3,2021-11-04-NES-S3,1,8,middle,2.0,1.0,True,True,True,True,0.48926116838487976,0.0,0.0,1.0,0.0,3.0,0.0,0.0,1.0,0.0,1.0,1.0,0.0,0.0,0.0,0.0,0.0,0.0,0.0,0.0,1.0,0.0,1.0,,0.0,0.0,0.0,0.0,0.0,2.0,2.0,1.0,7.0,0.0,1.0,7.0,3.0,1.0,0.0,0.0,0.0,7.0,0.0,0.0,0.0,0.0,1.5,0.5,1.0,0.0,1.1428571428571428,0.14285714285714285,10.0,0.0,10000000.0,0.99999990000001,0.0,0.0,0.0,0.0,0.0,0.0,0.0,0.0,0.0,0.0,0.0,0.0,1.0,6.0,0.1428571224489825,12.0,1.2,1.0,0.0,0.0,0.0,0.0,0.0,0.0,0.3888888888888889,0.05555555555555555,0.05555555555555555,0.05555555555555555,2.0,0.0,0.0,-0.3240581855558102
2021NES__2021-11-04-NES-S3__B3 - 2021-11-04 12-32-36_chunk3.mp4,2021NES,2021-11-04-NES-S3,2021-11-04-NES-S3,2,8,middle,2.0,1.0,True,True,True,True,0.29716193656093504,0.0,0.0,1.0,0.0,3.0,1.0,0.0,0.0,0.0,2.0,1.0,0.0,0.0,0.0,0.0,0.0,0.0,0.0,0.0,0.0,0.0,1.0,,0.0,0.0,0.0,0.0,0.0,1.0,7.0,0.0,0.0,0.0,0.0,2.0,0.0,3.0,0.0,0.0,1.0,8.0,0.0,0.0,0.0,0.0,1.1428571428571428,0.14285714285714285,1.0,0.0,,,10.0,0.0,10000000.0,0.99999990000001,0.0,0.0,1.0,0.0,0.0,0.0,0.0,0.0,0.0,0.0,0.0,0.0,0.0,4.0,0.0,11.0,1.1,1.0,0.0,1.0,0.0,1000000.0,0.0,0.0,1.5833333333333333,0.0,0.16666666666666666,0.0,2.0833333333333335,0.08333333333333333,0.16666666666666666,-0.08696870389962534
2021NES__2021-11-04-NES-S3__B3 - 2021-11-04 12-32-36_chunk4.mp4,2021NES,2021-11-04-NES-S3,2021-11-04-NES-S3,3,8,middle,2.0,1.0,True,True,True,True,0.3376574544087234,0.0,0.0,1.0,0.0,3.0,1.0,0.0,0.0,0.0,2.0,1.0,2.0,0.0,0.0,0.0,0.0,0.0,1.0,0.0,1.0,0.0,1.0,3.0,1.0,1.0,0.0,0.0,0.0,1.0,8.0,2.0,3.0,4.0,2.0,2.0,0.0,2.0,0.0,0.0,1.0,9.0,0.0,0.0,0.0,0.0,1.375,0.5,1.0,0.0,0.6666666666666666,0.0,14.0,2.0,6.99999650000175,0.8749999453125034,0.0,0.0,1.0,0.0,0.0,0.0,0.0,0.0,0.0,0.0,0.0,0.0,0.0,3.0,0.0,14.0,1.1666666666666667,0.8333333333333334,0.0,0.0,0.0,0.0,0.0,0.0,1.6470588235294117,0.17647058823529413,0.35294117647058826,0.47058823529411764,2.235294117647059,0.23529411764705882,0.11764705882352941,1.7123420006207468
2021NES__2021-11-04-NES-S3__B3 - 2021-11-04 12-32-36_chunk5.mp4,2021NES,2021-11-04-NES-S3,2021-11-04-NES-S3,4,8,middle,2.0,1.0,True,True,True,True,0.30089437819420795,0.0,0.0,1.0,0.0,3.0,1.0,0.0,0.0,0.0,2.0,1.0,3.0,1.0,0.0,0.0,0.0,0.0,0.0,0.0,0.0,0.0,0.0,3.0,1.0,1.0,0.0,0.0,0.0,1.0,4.0,3.0,5.0,5.0,1.0,1.0,1.0,1.0,1.0,0.0,1.0,14.0,0.0,0.0,0.0,0.0,1.5,0.5,1.0,0.0,1.2,0.2,13.0,2.0,6.499996750001625,0.8666666088888928,0.0,0.0,1.0,1.0,0.0,0.0,0.0,0.0,0.0,0.0,0.0,0.0,0.0,3.0,0.0,13.0,1.3,1.0,1.0,1.0,0.0,2000000.0,0.0,0.0,1.1111111111111112,0.0,0.1111111111111111,0.05555555555555555,2.0,0.0,0.2222222222222222,-0.19152626609695578
2021NES__2021-11-04-NES-S3__B3 - 2021-11-04 12-32-36_chunk6.mp4,2021NES,2021-11-04-NES-S3,2021-11-04-NES-S3,5,8,middle,2.0,1.0,True,True,True,True,0.30189075630252105,0.0,0.0,1.0,0.0,3.0,1.0,0.0,0.0,0.0,2.0,1.0,3.0,1.0,0.0,0.0,1.0,1.0,0.0,0.0,0.0,0.0,1.0,3.0,1.0,1.0,0.0,0.0,0.0,1.0,3.0,2.0,4.0,7.0,0.0,1.0,0.0,4.0,0.0,0.0,1.0,14.0,0.0,0.0,0.0,0.0,1.0,0.0,1.25,0.25,1.75,0.75,13.0,4.0,3.2499991875002032,0.7647058373702448,0.0,0.0,1.0,0.0,0.0,0.0,0.0,0.0,0.0,0.0,0.0,0.0,6.0,6.0,0.4999999583333368,15.0,1.3636363636363635,1.0,0.0,0.0,0.0,0.0,0.0,0.0,1.3333333333333333,0.06666666666666667,0.26666666666666666,0.0,2.2,0.2,0.13333333333333333,0.0552494152030234
2021NES__2021-11-04-NES-S3__B3 - 2021-11-04 12-32-36_chunk7.mp4,2021NES,2021-11-04-NES-S3,2021-11-04-NES-S3,6,8,middle,2.0,1.0,True,True,True,True,0.18774080560420314,0.0,1.0,0.0,0.0,3.0,0.0,0.0,1.0,1.0,2.0,2.0,0.0,0.0,0.0,0.0,1.0,0.0,0.0,0.0,0.0,0.0,1.0,,0.0,0.0,0.0,0.0,0.0,2.0,0.0,3.0,2.0,1.0,2.0,3.0,17.0,5.0,0.0,0.0,0.0,4.0,0.0,0.0,0.0,0.0,,,1.5,0.5,1.5,0.5,8.0,0.0,8000000.0,0.9999998750000157,0.0,0.0,0.0,0.0,0.0,0.0,0.0,0.0,1.0,0.0,0.0,0.0,3.0,1.0,0.7499998125000469,9.0,1.5,1.0,1.0,0.0,0.0,1000000.0,0.0,0.0,0.17857142857142858,0.03571428571428571,0.03571428571428571,0.0,2.0357142857142856,0.03571428571428571,0.10714285714285714,-0.6316129180268164
2021NES__2021-11-04-NES-S3__B3 - 2021-11-04 12-32-36_chunk8.mp4,2021NES,2021-11-04-NES-S3,2021-11-04-NES-S3,7,8,end,2.0,1.0,True,True,True,True,0.5310954063604238,0.0,0.0,0.0,0.0,3.0,0.0,0.0,1.0,1.0,2.0,2.0,0.0,0.0,0.0,0.0,1.0,0.0,0.0,0.0,0.0,0.0,1.0,,0.0,0.0,0.0,1.0,0.0,2.0,3.0,0.0,1.0,0.0,5.0,3.0,11.0,3.0,0.0,0.0,0.0,4.0,0.0,1.0,1.0,0.0,1.0,0.0,0.6666666666666666,0.0,0.0,0.0,7.0,1.0,6.9999930000070005,0.8749998906250137,0.0,0.0,0.0,0.0,0.0,1.0,1.0,0.0,0.0,0.0,0.0,0.0,4.0,0.0,0.9999997500000625,5.0,0.7142857142857143,0.7142857142857143,0.0,0.0,1.0,0.0,0.0,0.0,0.16666666666666666,0.20833333333333334,0.20833333333333334,0.0,2.125,0.20833333333333334,0.16666666666666666,0.04704667218720423
2021NES__2021-11-05-NES-S6__B6 - 2021-11-05 11-01-03 - trimend_chunk1.mp4,2021NES,2021-11-05-NES-S6,2021-11-05-NES-S6,0,12,beginning,4.0,1.0,True,True,True,True,0.5488149597738639,1.0,0.0,0.0,1.0,3.0,0.0,0.0,1.0,1.0,,1.0,0.0,0.0,0.0,0.0,0.0,0.0,1.0,0.0,1.0,0.0,1.0,,0.0,0.0,0.0,0.0,0.0,2.0,0.0,3.0,6.0,0.0,2.0,9.0,4.0,0.0,0.0,0.0,0.0,6.0,0.0,2.0,0.0,0.0,,,,,1.0,0.0,6.0,0.0,6000000.0,0.9999998333333611,0.0,0.0,0.0,0.0,0.0,2.0,0.0,0.0,0.0,0.0,0.0,0.0,0.0,6.0,0.0,6.0,1.0,1.0,0.0,1.0,0.0,1000000.0,0.0,0.0,0.13513513513513514,0.1282051282051282,0.1282051282051282,0.02564102564102564,2.076923076923077,0.07692307692307693,0.0,-0.22786869306999313
2021NES__2021-11-05-NES-S6__B6 - 2021-11-05 11-01-03 - trimend_chunk2.mp4,2021NES,2021-11-05-NES-S6,2021-11-05-NES-S6,1,12,middle,4.0,1.0,True,True,True,True,0.3916030534351145,0.0,0.0,1.0,0.0,3.0,0.0,0.0,1.0,0.0,2.0,1.0,0.0,0.0,0.0,0.0,0.0,1.0,0.0,0.0,0.0,0.0,0.0,,0.0,0.0,0.0,1.0,0.0,2.0,1.0,3.0,9.0,1.0,1.0,10.0,1.0,1.0,0.0,0.0,0.0,12.0,0.0,0.0,2.0,0.0,1.0,0.0,1.0,0.0,1.0,0.0,12.0,0.0,12000000.0,0.9999999166666736,0.0,0.0,0.0,0.0,0.0,0.0,2.0,0.0,0.0,0.0,0.0,0.0,2.0,8.0,0.19999998000000202,11.0,1.0,1.0,0.0,0.0,0.0,0.0,0.0,0.0,0.4444444444444444,0.0,0.037037037037037035,0.0,2.0,0.0,0.0,-0.643343177799816
2021NES__2021-11-05-NES-S6__B6 - 2021-11-05 11-01-03 - trimend_chunk3.mp4,2021NES,2021-11-05-NES-S6,2021-11-05-NES-S6,2,12,middle,4.0,1.0,True,True,True,True,0.25151646447140386,0.0,0.0,1.0,0.0,3.0,0.0,0.0,0.0,0.0,2.0,1.0,3.0,1.0,0.0,0.0,0.0,0.0,0.0,0.0,1.0,0.0,1.0,3.0,1.0,1.0,1.0,1.0,0.0,1.0,6.0,3.0,12.0,7.0,5.0,3.0,1.0,0.0,0.0,0.0,0.0,24.0,0.0,0.0,2.0,0.0,1.1666666666666667,0.16666666666666666,,,1.0,0.0,19.0,3.0,6.333331222222926,0.863636324380167,0.0,0.0,0.0,0.0,0.0,0.0,2.0,0.0,0.0,1.0,1.0,0.9999990000010001,6.0,3.0,0.6666665925926009,18.0,1.0588235294117647,1.0,0.0,1.0,0.0,1000000.0,0.0,0.0,1.3823529411764706,0.14705882352941177,0.23529411764705882,0.11764705882352941,2.088235294117647,0.08823529411764706,0.029411764705882353,0.6650784969548514
2021NES__2021-11-05-NES-S6__B6 - 2021-11-05 11-01-03 - trimend_chunk4.mp4,2021NES,2021-11-05-NES-S6,2021-11-05-NES-S6,3,12,middle,4.0,1.0,True,True,True,True,0.43170426065162903,0.0,0.0,1.0,0.0,2.0,1.0,0.0,0.0,0.0,2.0,1.0,2.0,0.0,0.0,0.0,0.0,0.0,0.0,0.0,0.0,0.0,0.0,,0.0,0.0,0.0,1.0,0.0,1.0,7.0,7.0,13.0,0.0,0.0,1.0,0.0,0.0,0.0,0.0,0.0,21.0,0.0,0.0,1.0,0.0,1.2857142857142858,0.2857142857142857,,,1.1666666666666667,0.16666666666666666,19.0,0.0,19000000.0,0.9999999473684238,0.0,0.0,0.0,0.0,0.0,0.0,1.0,0.0,0.0,0.0,0.0,0.0,1.0,16.0,0.05882352595155729,23.0,1.2105263157894737,1.0,0.0,2.0,0.0,2000000.0,0.0,0.0,0.08695652173913043,0.0,0.0,0.0,2.0434782608695654,0.043478260869565216,0.2608695652173913,-0.8179845821205546
2021NES__2021-11-05-NES-S6__B6 - 2021-11-05 11-01-03 - trimend_chunk5.mp4,2021NES,2021-11-05-NES-S6,2021-11-05-NES-S6,4,12,middle,4.0,1.0,True,True,True,True,0.2705848949460532,0.0,0.0,1.0,0.0,3.0,1.0,0.0,1.0,1.0,2.0,1.0,3.0,1.0,0.0,1.0,0.0,0.0,0.0,0.0,0.0,0.0,0.0,,0.0,0.0,0.0,0.0,1.0,1.0,4.0,3.0,7.0,2.0,0.0,1.0,0.0,1.0,0.0,0.0,1.0,13.0,0.0,0.0,0.0,0.0,1.5,0.5,1.0,0.0,1.2857142857142858,0.2857142857142857,13.0,1.0,12.999987000013,0.9285713622449028,0.0,0.0,1.0,0.0,0.0,0.0,0.0,0.0,0.0,0.0,0.0,0.0,0.0,11.0,0.0,16.0,1.3333333333333333,1.0,0.0,1.0,0.0,1000000.0,0.0,0.0,1.7692307692307692,0.0,0.07692307692307693,0.38461538461538464,2.1538461538461537,0.15384615384615385,0.07692307692307693,0.8770840536772205
2021NES__2021-11-05-NES-S6__B6 - 2021-11-05 11-01-03 - trimend_chunk6.mp4,2021NES,2021-11-05-NES-S6,2021-11-05-NES-S6,5,12,middle,4.0,1.0,True,True,True,True,0.20998980632008157,0.0,0.0,1.0,0.0,3.0,1.0,0.0,0.0,0.0,2.0,1.0,2.0,0.0,0.0,0.0,0.0,0.0,0.0,0.0,0.0,0.0,0.0,3.0,1.0,1.0,0.0,1.0,0.0,1.0,8.0,2.0,11.0,5.0,0.0,0.0,1.0,0.0,1.0,0.0,1.0,6.0,0.0,0.0,2.0,0.0,1.5,0.5,,,1.0,0.0,21.0,2.0,10.499994750002624,0.9130434385633287,0.0,0.0,1.0,1.0,0.0,0.0,2.0,0.0,0.0,0.0,0.0,0.0,0.0,5.0,0.0,23.0,1.2105263157894737,1.0,0.0,0.0,0.0,0.0,0.0,0.0,0.9130434782608695,0.0,0.043478260869565216,0.08695652173913043,2.0869565217391304,0.08695652173913043,0.043478260869565216,-0.21699374821664438
2021NES__2021-11-05-NES-S6__B6 - 2021-11-05 11-01-03 - trimend_chunk7.mp4,2021NES,2021-11-05-NES-S6,2021-11-05-NES-S6,6,12,middle,4.0,1.0,True,True,True,True,0.47569955817378506,0.0,1.0,0.0,0.0,2.0,0.0,0.0,1.0,1.0,2.0,2.0,0.0,0.0,0.0,0.0,1.0,1.0,0.0,0.0,0.0,0.0,0.0,,0.0,0.0,0.0,1.0,0.0,2.0,1.0,1.0,3.0,7.0,0.0,3.0,4.0,2.0,1.0,0.0,0.0,0.0,0.0,0.0,2.0,0.0,1.0,0.0,1.0,0.0,1.0,0.0,9.0,3.0,2.9999990000003334,0.7499999375000053,0.0,0.0,0.0,1.0,0.0,0.0,2.0,0.0,0.0,0.0,0.0,0.0,0.0,0.0,0.0,6.0,1.0,1.0,0.0,0.0,0.0,0.0,0.0,0.0,0.8333333333333334,0.0,0.0,0.08333333333333333,2.0,0.0,0.0,-0.2641602108748963
2021NES__2021-11-05-NES-S6__B6 - 2021-11-05 11-01-03 - trimend_chunk8.mp4,2021NES,2021-11-05-NES-S6,2021-11-05-NES-S6,7,12,middle,4.0,1.0,True,True,True,True,0.41789883268482475,0.0,1.0,0.0,0.0,3.0,1.0,0.0,1.0,1.0,3.0,2.0,3.0,1.0,1.0,1.0,1.0,0.0,0.0,0.0,0.0,0.0,0.0,3.0,1.0,1.0,1.0,0.0,0.0,2.0,1.0,2.0,4.0,3.0,1.0,1.0,4.0,1.0,0.0,1.0,0.0,9.0,0.0,1.0,0.0,0.0,2.0,1.0,2.0,1.0,1.25,0.25,7.0,1.0,6.9999930000070005,0.8749998906250137,1.0,0.0,0.0,0.0,0.0,1.0,0.0,0.0,0.0,1.0,0.0,1000000.0,5.0,3.0,0.6249999218750099,9.0,1.5,1.0,0.0,0.0,0.0,0.0,0.0,0.0,0.42105263157894735,0.05263157894736842,0.10526315789473684,0.10526315789473684,2.263157894736842,0.2631578947368421,0.05263157894736842,-0.20708268759967663
2021NES__2021-11-05-NES-S6__B6 - 2021-11-05 11-01-03 - trimend_chunk9.mp4,2021NES,2021-11-05-NES-S6,2021-11-05-NES-S6,8,12,middle,4.0,1.0,True,True,True,True,0.3392255892255893,0.0,1.0,0.0,0.0,2.0,1.0,0.0,1.0,0.0,3.0,2.0,2.0,0.0,0.0,1.0,0.0,0.0,0.0,0.0,0.0,0.0,0.0,3.0,1.0,1.0,0.0,0.0,1.0,2.0,1.0,0.0,4.0,1.0,1.0,3.0,2.0,3.0,0.0,0.0,1.0,0.0,0.0,0.0,0.0,0.0,1.0,0.0,1.6666666666666667,0.6666666666666666,1.5,0.5,8.0,1.0,7.9999920000080005,0.8888887901234679,0.0,0.0,1.0,0.0,0.0,0.0,0.0,0.0,0.0,0.0,0.0,0.0,0.0,0.0,0.0,12.0,1.5,1.0,0.0,0.0,0.0,0.0,0.0,0.0,0.8571428571428571,0.0,0.14285714285714285,0.0,2.142857142857143,0.14285714285714285,0.2857142857142857,-0.44173012802413725
2021NES__2021-11-05-NES-S6__B6 - 2021-11-05 11-01-03 - trimend_chunk10.mp4,2021NES,2021-11-05-NES-S6,2021-11-05-NES-S6,9,12,middle,4.0,1.0,True,True,True,True,0.32846410684474114,0.0,1.0,0.0,0.0,2.0,1.0,0.0,1.0,0.0,3.0,2.0,3.0,1.0,1.0,0.0,1.0,0.0,0.0,0.0,0.0,0.0,0.0,,0.0,0.0,0.0,1.0,0.0,2.0,1.0,0.0,1.0,0.0,1.0,3.0,2.0,4.0,0.0,0.0,0.0,5.0,0.0,0.0,1.0,0.0,2.0,1.0,1.6666666666666667,0.6666666666666666,1.0,0.0,6.0,0.0,6000000.0,0.9999998333333611,0.0,0.0,0.0,0.0,0.0,0.0,1.0,0.0,0.0,0.0,0.0,0.0,2.0,0.0,0.99999950000025,8.0,1.6,1.0,0.0,0.0,0.0,0.0,0.0,0.0,0.0,0.0,0.0,0.0,2.0,0.0,0.0,-0.8604649237120855
2021NES__2021-11-05-NES-S6__B6 - 2021-11-05 11-01-03 - trimend_chunk11.mp4,2021NES,2021-11-05-NES-S6,2021-11-05-NES-S6,10,12,middle,4.0,1.0,True,True,True,True,0.2944444444444445,1.0,1.0,0.0,0.0,2.0,1.0,0.0,1.0,0.0,3.0,3.0,3.0,1.0,0.0,0.0,1.0,0.0,0.0,0.0,0.0,0.0,0.0,,0.0,0.0,0.0,0.0,0.0,2.0,0.0,0.0,0.0,0.0,0.0,0.0,0.0,1.0,0.0,0.0,0.0,2.0,0.0,0.0,0.0,0.0,,,2.0,1.0,,,1.0,0.0,1000000.0,0.9999990000010001,0.0,0.0,0.0,0.0,0.0,0.0,0.0,0.0,0.0,0.0,0.0,0.0,2.0,0.0,0.99999950000025,2.0,2.0,1.0,0.0,0.0,0.0,0.0,0.0,0.0,1.25,0.0,0.0,0.0,2.0,0.0,0.0,-0.24981001333382746
2021NES__2021-11-05-NES-S6__B6 - 2021-11-05 11-01-03 - trimend_chunk12.mp4,2021NES,2021-11-05-NES-S6,2021-11-05-NES-S6,11,12,end,4.0,1.0,True,True,True,True,0.4662068965517241,1.0,0.0,0.0,1.0,2.0,0.0,0.0,1.0,0.0,,3.0,0.0,0.0,0.0,0.0,0.0,0.0,0.0,0.0,0.0,0.0,1.0,,0.0,0.0,0.0,0.0,0.0,2.0,0.0,3.0,0.0,1.0,2.0,1.0,8.0,0.0,0.0,0.0,0.0,0.0,0.0,0.0,0.0,0.0,,,,,,,1.0,0.0,1000000.0,0.9999990000010001,0.0,0.0,0.0,0.0,0.0,0.0,0.0,0.0,0.0,0.0,0.0,0.0,0.0,0.0,0.0,0.0,,,0.0,0.0,0.0,0.0,0.0,0.0,0.0,0.17647058823529413,0.23529411764705882,0.0,2.0,0.0,0.0,-0.16071730294599632
2021NES__2021-11-05-NES-S7__B1 - 2021-11-05 13-06-40_chunk1.mp4,2021NES,2021-11-05-NES-S7,2021-11-05-NES-S7,0,8,beginning,1.0,0.0,True,False,False,True,0.6467510343149185,1.0,0.0,0.0,1.0,3.0,0.0,0.0,0.0,0.0,,1.0,0.0,0.0,0.0,0.0,0.0,0.0,0.0,0.0,0.0,0.0,1.0,,0.0,0.0,0.0,0.0,1.0,2.0,0.0,6.0,20.0,0.0,1.0,23.0,9.0,0.0,0.0,0.0,0.0,20.0,0.0,6.0,0.0,0.0,,,,,0.95,0.0,20.0,0.0,20000000.0,0.9999999500000024,0.0,0.0,0.0,0.0,0.0,6.0,0.0,0.0,0.0,0.0,0.0,0.0,7.0,13.0,0.34999998250000086,19.0,0.95,0.95,0.0,0.0,0.0,0.0,0.0,0.0,0.10606060606060606,0.0,0.07575757575757576,0.0,2.0,0.0,0.030303030303030304,-0.8086517798012031
2021NES__2021-11-05-NES-S7__B1 - 2021-11-05 13-06-40_chunk2.mp4,2021NES,2021-11-05-NES-S7,2021-11-05-NES-S7,1,8,middle,1.0,0.0,True,False,False,True,0.49410774410774416,0.0,0.0,1.0,0.0,3.0,1.0,0.0,0.0,0.0,2.0,1.0,3.0,1.0,0.0,0.0,0.0,0.0,1.0,0.0,0.0,0.0,1.0,,0.0,0.0,0.0,0.0,0.0,1.0,4.0,4.0,6.0,2.0,1.0,5.0,5.0,3.0,0.0,0.0,2.0,17.0,0.0,0.0,0.0,0.0,1.5,0.5,1.0,0.0,1.4,0.4,13.0,2.0,6.499996750001625,0.8666666088888928,0.0,0.0,2.0,0.0,0.0,0.0,0.0,0.0,0.0,0.0,0.0,0.0,0.0,10.0,0.0,16.0,1.3333333333333333,1.0,0.0,1.0,0.0,1000000.0,0.0,0.0,1.1363636363636365,0.045454545454545456,0.09090909090909091,0.0,2.1363636363636362,0.13636363636363635,0.09090909090909091,-0.12508607256482787
2021NES__2021-11-05-NES-S7__B1 - 2021-11-05 13-06-40_chunk3.mp4,2021NES,2021-11-05-NES-S7,2021-11-05-NES-S7,2,8,middle,1.0,0.0,True,False,False,False,,,,,,,,,,,,,,,,,,,,,,,,,,,,,,,,,,,,,,,,,,,,,,,,,,,,,,,,,,,,,,,,,,,,,,,,,,,,,,,,,,,,,,,,
2021NES__2021-11-05-NES-S7__B1 - 2021-11-05 13-06-40_chunk4.mp4,2021NES,2021-11-05-NES-S7,2021-11-05-NES-S7,3,8,middle,1.0,0.0,True,False,False,True,0.5018377848566529,0.0,0.0,1.0,0.0,3.0,1.0,0.0,0.0,0.0,2.0,1.0,2.0,0.0,0.0,0.0,0.0,0.0,0.0,0.0,0.0,0.0,0.0,,0.0,0.0,0.0,0.0,1.0,1.0,3.0,4.0,13.0,11.0,0.0,3.0,0.0,0.0,0.0,0.0,0.0,19.0,0.0,0.0,0.0,0.0,1.3333333333333333,0.3333333333333333,,,1.0,0.0,17.0,8.0,2.1249997343750335,0.679999972800001,0.0,0.0,0.0,0.0,0.0,0.0,0.0,0.0,0.0,0.0,0.0,0.0,0.0,5.0,0.0,17.0,1.0625,1.0,0.0,0.0,0.0,0.0,0.0,0.0,1.4210526315789473,0.0,0.05263157894736842,0.21052631578947367,2.0526315789473686,0.05263157894736842,0.0,0.3117358735642934
2021NES__2021-11-05-NES-S7__B1 - 2021-11-05 13-06-40_chunk5.mp4,2021NES,2021-11-05-NES-S7,2021-11-05-NES-S7,4,8,middle,1.0,0.0,True,False,False,True,0.3065834767641997,0.0,0.0,1.0,0.0,3.0,1.0,0.0,0.0,0.0,2.0,1.0,3.0,1.0,0.0,1.0,0.0,0.0,0.0,0.0,0.0,0.0,1.0,3.0,1.0,1.0,1.0,0.0,1.0,1.0,5.0,2.0,9.0,7.0,2.0,2.0,1.0,0.0,1.0,0.0,1.0,17.0,0.0,0.0,0.0,0.0,1.2,0.2,,,1.0,0.0,16.0,4.0,3.99999900000025,0.799999960000002,0.0,0.0,1.0,1.0,0.0,0.0,0.0,0.0,0.0,1.0,0.0,1000000.0,0.0,12.0,0.0,15.0,1.0714285714285714,1.0,1.0,2.0,0.0,3000000.0,0.0,0.0,1.1904761904761905,0.0,0.14285714285714285,0.3333333333333333,2.142857142857143,0.14285714285714285,0.19047619047619047,0.47791693841680044
2021NES__2021-11-05-NES-S7__B1 - 2021-11-05 13-06-40_chunk6.mp4,2021NES,2021-11-05-NES-S7,2021-11-05-NES-S7,5,8,middle,1.0,0.0,True,False,False,True,0.5139215028513922,0.0,0.0,0.0,0.0,3.0,1.0,1.0,1.0,1.0,3.0,2.0,3.0,1.0,0.0,0.0,1.0,1.0,1.0,0.0,1.0,0.0,1.0,3.0,1.0,1.0,0.0,1.0,1.0,1.0,5.0,6.0,18.0,5.0,2.0,4.0,7.0,3.0,0.0,1.0,1.0,39.0,0.0,0.0,0.0,0.0,1.6,0.6,2.0,1.0,1.2666666666666666,0.26666666666666666,30.0,0.0,30000000.0,0.9999999666666678,1.0,0.0,1.0,0.0,0.0,0.0,0.0,0.0,0.0,1.0,0.0,1000000.0,7.0,14.0,0.3333333174603182,33.0,1.434782608695652,1.0,1.0,1.0,0.0,2000000.0,0.0,0.0,0.1282051282051282,0.0,0.0,0.0,2.076923076923077,0.07692307692307693,0.02564102564102564,-0.7978336508527771
2021NES__2021-11-05-NES-S7__B1 - 2021-11-05 13-06-40_chunk7.mp4,2021NES,2021-11-05-NES-S7,2021-11-05-NES-S7,6,8,middle,1.0,0.0,True,False,False,True,0.46294151708164466,0.0,0.0,0.0,0.0,3.0,1.0,0.0,1.0,1.0,2.0,1.0,2.0,0.0,0.0,0.0,0.0,0.0,0.0,0.0,1.0,0.0,1.0,3.0,1.0,1.0,0.0,0.0,0.0,1.0,5.0,3.0,7.0,8.0,2.0,5.0,7.0,1.0,0.0,0.0,1.0,18.0,0.0,1.0,1.0,0.0,1.2,0.2,1.0,0.0,1.5714285714285714,0.5714285714285714,14.0,4.0,3.4999991250002185,0.7777777345679036,0.0,0.0,1.0,0.0,0.0,1.0,1.0,0.0,0.0,0.0,0.0,0.0,3.0,5.0,0.3749999531250059,18.0,1.3846153846153846,1.0,0.0,0.0,0.0,0.0,0.0,0.0,0.24444444444444444,0.022222222222222223,0.044444444444444446,0.022222222222222223,2.022222222222222,0.022222222222222223,0.0,-0.6024778792671214
2021NES__2021-11-05-NES-S7__B1 - 2021-11-05 13-06-40_chunk8.mp4,2021NES,2021-11-05-NES-S7,2021-11-05-NES-S7,7,8,end,1.0,0.0,True,False,False,True,0.2966966966966966,0.0,0.0,0.0,0.0,3.0,0.0,0.0,1.0,0.0,2.0,2.0,2.0,0.0,0.0,0.0,1.0,0.0,1.0,0.0,1.0,0.0,1.0,,0.0,0.0,0.0,1.0,1.0,1.0,3.0,3.0,8.0,6.0,4.0,2.0,8.0,1.0,0.0,0.0,0.0,13.0,0.0,0.0,1.0,0.0,1.0,0.0,1.0,0.0,0.875,0.0,16.0,1.0,15.999984000016001,0.9411764152249167,0.0,0.0,0.0,0.0,0.0,0.0,1.0,0.0,0.0,0.0,0.0,0.0,1.0,6.0,0.1428571224489825,11.0,0.9166666666666666,0.9166666666666666,2.0,2.0,0.0,4000000.0,0.0,0.0,0.1,0.2,0.275,0.025,2.1,0.1,0.05,0.038195204428581375
2021NES__2021-11-05-NES-S5__B5 - 2021-11-05 11-01-07 - trimend_chunk1.mp4,2021NES,2021-11-05-NES-S5,2021-11-05-NES-S5,0,12,beginning,3.0,2.0,True,True,True,True,0.35059101654846336,0.0,0.0,0.0,1.0,3.0,1.0,0.0,0.0,0.0,,1.0,0.0,0.0,0.0,0.0,0.0,0.0,0.0,0.0,1.0,0.0,1.0,,0.0,0.0,0.0,1.0,1.0,2.0,0.0,3.0,10.0,0.0,6.0,12.0,6.0,1.0,0.0,0.0,0.0,9.0,0.0,0.0,2.0,0.0,,,1.0,0.0,0.9,0.0,11.0,0.0,11000000.0,0.9999999090909174,0.0,0.0,0.0,0.0,0.0,0.0,2.0,0.0,0.0,0.0,0.0,0.0,0.0,9.0,0.0,10.0,0.9090909090909091,0.9090909090909091,0.0,0.0,0.0,0.0,0.0,0.0,0.425,0.05,0.25,0.1,2.0,0.0,0.05,-0.22753870119773187
2021NES__2021-11-05-NES-S5__B5 - 2021-11-05 11-01-07 - trimend_chunk2.mp4,2021NES,2021-11-05-NES-S5,2021-11-05-NES-S5,1,12,middle,3.0,2.0,True,True,True,True,0.19952380952380966,0.0,0.0,1.0,0.0,3.0,1.0,0.0,0.0,0.0,2.0,1.0,3.0,1.0,0.0,0.0,0.0,0.0,1.0,0.0,0.0,0.0,1.0,,0.0,0.0,0.0,0.0,1.0,1.0,6.0,1.0,5.0,0.0,0.0,3.0,3.0,1.0,2.0,0.0,0.0,10.0,0.0,0.0,0.0,0.0,1.8333333333333333,0.8333333333333334,1.0,0.0,0.8,0.0,12.0,0.0,12000000.0,0.9999999166666736,0.0,0.0,0.0,2.0,0.0,0.0,0.0,0.0,0.0,0.0,0.0,0.0,0.0,9.0,0.0,16.0,1.3333333333333333,0.9166666666666666,0.0,0.0,0.0,0.0,0.0,0.0,1.0,0.058823529411764705,0.058823529411764705,0.058823529411764705,2.0,0.058823529411764705,0.23529411764705882,-0.005137831368613667
2021NES__2021-11-05-NES-S5__B5 - 2021-11-05 11-01-07 - trimend_chunk3.mp4,2021NES,2021-11-05-NES-S5,2021-11-05-NES-S5,2,12,middle,3.0,2.0,True,True,True,True,0.3484513274336283,0.0,0.0,1.0,0.0,3.0,1.0,0.0,1.0,1.0,2.0,1.0,3.0,1.0,0.0,0.0,0.0,0.0,0.0,0.0,1.0,0.0,1.0,,0.0,0.0,0.0,0.0,1.0,1.0,6.0,4.0,7.0,2.0,1.0,2.0,1.0,2.0,0.0,0.0,1.0,19.0,0.0,0.0,0.0,0.0,1.1666666666666667,0.16666666666666666,1.5,0.5,1.1428571428571428,0.14285714285714285,17.0,0.0,17000000.0,0.999999941176474,0.0,0.0,1.0,0.0,0.0,0.0,0.0,0.0,0.0,0.0,0.0,0.0,0.0,19.0,0.0,18.0,1.2,1.0,0.0,0.0,0.0,0.0,0.0,0.0,1.0416666666666667,0.0,0.08333333333333333,0.0,2.0833333333333335,0.08333333333333333,0.125,-0.3515858317302038
2021NES__2021-11-05-NES-S5__B5 - 2021-11-05 11-01-07 - trimend_chunk4.mp4,2021NES,2021-11-05-NES-S5,2021-11-05-NES-S5,3,12,middle,3.0,2.0,True,True,True,True,0.39279731993299816,0.0,0.0,1.0,0.0,3.0,1.0,0.0,0.0,0.0,2.0,1.0,3.0,1.0,0.0,0.0,0.0,0.0,0.0,0.0,1.0,0.0,1.0,,0.0,0.0,0.0,1.0,0.0,1.0,7.0,6.0,9.0,3.0,1.0,1.0,0.0,1.0,0.0,0.0,1.0,0.0,0.0,0.0,5.0,0.0,1.4285714285714286,0.42857142857142855,1.0,0.0,1.0,0.0,18.0,1.0,17.999982000018,0.9473683711911383,0.0,0.0,1.0,0.0,0.0,0.0,5.0,0.0,0.0,0.0,0.0,0.0,0.0,0.0,0.0,20.0,1.1764705882352942,1.0,0.0,1.0,0.0,1000000.0,0.0,0.0,1.35,0.05,0.05,0.05,2.05,0.05,0.0,0.11082506893116884
2021NES__2021-11-05-NES-S5__B5 - 2021-11-05 11-01-07 - trimend_chunk5.mp4,2021NES,2021-11-05-NES-S5,2021-11-05-NES-S5,4,12,middle,3.0,2.0,True,True,True,True,0.27541666666666664,0.0,0.0,1.0,0.0,3.0,1.0,0.0,0.0,1.0,2.0,1.0,2.0,0.0,0.0,0.0,0.0,0.0,1.0,0.0,1.0,0.0,1.0,,0.0,0.0,0.0,1.0,0.0,1.0,7.0,5.0,7.0,6.0,2.0,0.0,2.0,0.0,0.0,1.0,1.0,21.0,0.0,0.0,2.0,0.0,1.2857142857142858,0.2857142857142857,,,1.4285714285714286,0.42857142857142855,18.0,2.0,8.99999550000225,0.8999999550000022,1.0,0.0,1.0,0.0,0.0,0.0,2.0,0.0,0.0,0.0,0.0,0.0,1.0,13.0,0.07142856632653098,19.0,1.3571428571428572,1.0,0.0,2.0,0.0,2000000.0,0.0,0.0,1.0833333333333333,0.125,0.20833333333333334,0.16666666666666666,2.1666666666666665,0.16666666666666666,0.0,0.5428267751617524
2021NES__2021-11-05-NES-S5__B5 - 2021-11-05 11-01-07 - trimend_chunk6.mp4,2021NES,2021-11-05-NES-S5,2021-11-05-NES-S5,5,12,middle,3.0,2.0,True,True,True,True,0.3015340364333654,0.0,0.0,1.0,0.0,3.0,0.0,0.0,1.0,1.0,2.0,2.0,2.0,0.0,0.0,0.0,1.0,1.0,1.0,0.0,0.0,0.0,1.0,3.0,1.0,1.0,0.0,1.0,0.0,2.0,2.0,3.0,8.0,6.0,0.0,1.0,3.0,0.0,0.0,0.0,0.0,18.0,0.0,0.0,1.0,0.0,1.5,0.5,,,1.0,0.125,12.0,3.0,3.999998666667111,0.7999999466666703,0.0,0.0,0.0,0.0,0.0,0.0,1.0,0.0,0.0,0.0,0.0,0.0,1.0,4.0,0.199999960000008,11.0,1.1,0.9,0.0,0.0,1.0,0.0,0.0,0.0,0.2857142857142857,0.09523809523809523,0.09523809523809523,0.0,2.0476190476190474,0.047619047619047616,0.09523809523809523,-0.34324508537091175
2021NES__2021-11-05-NES-S5__B5 - 2021-11-05 11-01-07 - trimend_chunk7.mp4,2021NES,2021-11-05-NES-S5,2021-11-05-NES-S5,6,12,middle,3.0,2.0,True,True,True,True,0.301660516605166,0.0,1.0,0.0,0.0,3.0,1.0,0.0,1.0,1.0,3.0,2.0,3.0,1.0,0.0,0.0,1.0,0.0,0.0,0.0,0.0,0.0,1.0,,0.0,0.0,0.0,1.0,0.0,2.0,1.0,7.0,3.0,1.0,0.0,3.0,2.0,2.0,0.0,1.0,0.0,5.0,0.0,0.0,0.0,0.0,2.0,1.0,1.5,0.5,1.6666666666666667,0.6666666666666666,7.0,0.0,7000000.0,0.9999998571428775,1.0,1.0,0.0,0.0,0.0,0.0,0.0,0.0,0.0,0.0,0.0,0.0,1.0,3.0,0.24999993750001562,10.0,1.6666666666666667,1.0,0.0,0.0,0.0,0.0,0.0,0.0,0.8095238095238095,0.0,0.047619047619047616,0.19047619047619047,2.0476190476190474,0.047619047619047616,0.0,-0.03253273965374578
2021NES__2021-11-05-NES-S5__B5 - 2021-11-05 11-01-07 - trimend_chunk8.mp4,2021NES,2021-11-05-NES-S5,2021-11-05-NES-S5,7,12,middle,3.0,2.0,True,True,True,True,0.46373831775700936,0.0,1.0,0.0,0.0,3.0,1.0,0.0,1.0,1.0,3.0,2.0,1.0,0.0,0.0,0.0,1.0,0.0,0.0,0.0,1.0,0.0,1.0,,0.0,0.0,0.0,1.0,0.0,2.0,1.0,2.0,4.0,6.0,12.0,3.0,6.0,8.0,0.0,1.0,1.0,12.0,0.0,0.0,1.0,0.0,2.0,1.0,1.375,0.375,1.5,0.5,18.0,0.0,18000000.0,0.9999999444444475,1.0,0.0,1.0,0.0,0.0,0.0,1.0,0.0,0.0,0.0,0.0,0.0,4.0,2.0,0.6666665555555741,19.0,1.4615384615384615,1.0,0.0,2.0,0.0,2000000.0,0.0,0.0,0.2571428571428571,0.05714285714285714,0.17142857142857143,0.02857142857142857,2.0,0.0,0.0,-0.44339047625229483
2021NES__2021-11-05-NES-S5__B5 - 2021-11-05 11-01-07 - trimend_chunk9.mp4,2021NES,2021-11-05-NES-S5,2021-11-05-NES-S5,8,12,middle,3.0,2.0,True,True,True,True,0.3274999999999999,0.0,1.0,0.0,0.0,3.0,1.0,0.0,1.0,0.0,3.0,2.0,2.0,0.0,0.0,1.0,0.0,0.0,0.0,0.0,0.0,0.0,0.0,3.0,1.0,1.0,0.0,1.0,1.0,2.0,0.0,1.0,4.0,2.0,0.0,4.0,1.0,1.0,0.0,0.0,0.0,4.0,0.0,0.0,0.0,0.0,,,,,1.5,0.5,6.0,1.0,5.999994000006001,0.857142734693895,0.0,0.0,0.0,0.0,0.0,0.0,0.0,0.0,0.0,0.0,0.0,0.0,0.0,1.0,0.0,6.0,1.5,1.0,0.0,0.0,0.0,0.0,0.0,0.0,2.142857142857143,0.0,0.14285714285714285,0.0,2.2857142857142856,0.2857142857142857,0.2857142857142857,0.18637206550778537
2021NES__2021-11-05-NES-S5__B5 - 2021-11-05 11-01-07 - trimend_chunk10.mp4,2021NES,2021-11-05-NES-S5,2021-11-05-NES-S5,9,12,middle,3.0,2.0,True,True,True,True,0.33000000000000007,0.0,1.0,0.0,0.0,2.0,1.0,0.0,1.0,0.0,3.0,3.0,3.0,1.0,1.0,0.0,1.0,0.0,0.0,0.0,0.0,0.0,0.0,,0.0,0.0,0.0,1.0,0.0,2.0,0.0,0.0,0.0,0.0,0.0,0.0,0.0,0.0,0.0,0.0,0.0,3.0,0.0,0.0,1.0,0.0,,,,,,,0.0,0.0,0.0,0.0,0.0,0.0,0.0,0.0,0.0,0.0,1.0,0.0,0.0,0.0,0.0,0.0,3.0,0.0,0.9999996666667778,0.0,,,0.0,0.0,0.0,0.0,0.0,0.0,2.6666666666666665,0.0,0.16666666666666666,0.0,2.0,0.0,0.0,0.44226555176153165
2021NES__2021-11-05-NES-S5__B5 - 2021-11-05 11-01-07 - trimend_chunk11.mp4,2021NES,2021-11-05-NES-S5,2021-11-05-NES-S5,10,12,middle,3.0,2.0,True,True,True,True,0.31155778894472363,1.0,1.0,0.0,0.0,2.0,1.0,0.0,1.0,0.0,3.0,3.0,3.0,1.0,0.0,0.0,1.0,0.0,0.0,0.0,0.0,0.0,0.0,,0.0,0.0,0.0,0.0,0.0,2.0,0.0,0.0,2.0,0.0,1.0,2.0,1.0,2.0,0.0,0.0,1.0,2.0,0.0,0.0,0.0,0.0,,,2.0,1.0,2.0,1.0,4.0,0.0,4000000.0,0.9999997500000625,0.0,0.0,1.0,0.0,0.0,0.0,0.0,0.0,0.0,0.0,0.0,0.0,2.0,0.0,0.99999950000025,8.0,2.0,1.0,0.0,0.0,0.0,0.0,0.0,0.0,1.0,0.0,0.2,0.0,2.0,0.0,0.0,-0.37194099540947906
2021NES__2021-11-05-NES-S5__B5 - 2021-11-05 11-01-07 - trimend_chunk12.mp4,2021NES,2021-11-05-NES-S5,2021-11-05-NES-S5,11,12,end,3.0,2.0,True,True,True,True,0.4392156862745098,1.0,0.0,0.0,1.0,2.0,0.0,0.0,1.0,0.0,,3.0,0.0,0.0,0.0,0.0,0.0,0.0,0.0,0.0,0.0,0.0,1.0,,0.0,0.0,0.0,0.0,0.0,2.0,0.0,1.0,0.0,0.0,1.0,0.0,7.0,0.0,0.0,0.0,0.0,0.0,0.0,0.0,0.0,0.0,,,,,,,0.0,0.0,0.0,0.0,0.0,0.0,0.0,0.0,0.0,0.0,0.0,0.0,0.0,0.0,0.0,0.0,0.0,0.0,0.0,0.0,,,0.0,0.0,0.0,0.0,0.0,0.0,0.0,0.13333333333333333,0.13333333333333333,0.0,2.0,0.0,0.0,-0.33176672135548485
2021NES__2021-11-04-NES-S4__B4 - maybe wrong time - 2021-11-04 12-36-01_chunk1.mp4,2021NES,2021-11-04-NES-S4,2021-11-04-NES-S4,0,7,beginning,0.0,0.0,False,False,False,True,0.5654581175209861,0.0,0.0,0.0,0.0,3.0,1.0,0.0,0.0,0.0,2.0,1.0,0.0,0.0,0.0,1.0,0.0,1.0,0.0,0.0,0.0,0.0,0.0,3.0,1.0,1.0,0.0,0.0,1.0,2.0,1.0,1.0,10.0,4.0,0.0,1.0,2.0,2.0,1.0,0.0,0.0,16.0,0.0,0.0,0.0,0.0,2.0,1.0,1.0,0.0,0.0,0.0,14.0,2.0,6.99999650000175,0.8749999453125034,0.0,0.0,0.0,1.0,0.0,0.0,0.0,0.0,0.0,1.0,0.0,1000000.0,3.0,12.0,0.19999998666666757,4.0,0.3076923076923077,0.23076923076923078,0.0,0.0,0.0,0.0,0.0,0.0,0.16666666666666666,0.0,0.05555555555555555,0.0,2.0555555555555554,0.05555555555555555,0.05555555555555555,-0.7790442689949845
2021NES__2021-11-04-NES-S4__B4 - maybe wrong time - 2021-11-04 12-36-01_chunk2.mp4,2021NES,2021-11-04-NES-S4,2021-11-04-NES-S4,1,7,middle,0.0,0.0,False,False,False,True,0.3536881419234359,0.0,0.0,1.0,0.0,3.0,1.0,0.0,0.0,1.0,2.0,1.0,3.0,1.0,1.0,1.0,0.0,0.0,1.0,0.0,0.0,0.0,1.0,3.0,1.0,1.0,0.0,0.0,0.0,1.0,7.0,2.0,6.0,5.0,0.0,2.0,2.0,1.0,0.0,0.0,1.0,14.0,0.0,0.0,0.0,0.0,1.4285714285714286,0.42857142857142855,2.0,1.0,1.0,0.0,17.0,2.0,8.499995750002125,0.8947367950138528,0.0,0.0,1.0,0.0,0.0,0.0,0.0,0.0,0.0,0.0,0.0,0.0,2.0,5.0,0.285714244897965,18.0,1.2857142857142858,1.0,0.0,0.0,0.0,0.0,0.0,0.0,1.4375,0.0625,0.125,0.125,2.1875,0.1875,0.0625,0.37341766445509367
2021NES__2021-11-04-NES-S4__B4 - maybe wrong time - 2021-11-04 12-36-01_chunk3.mp4,2021NES,2021-11-04-NES-S4,2021-11-04-NES-S4,2,7,middle,0.0,0.0,False,False,False,True,0.4378238341968912,0.0,0.0,1.0,0.0,3.0,1.0,0.0,0.0,0.0,2.0,1.0,0.0,0.0,0.0,0.0,0.0,0.0,0.0,0.0,0.0,0.0,0.0,,0.0,0.0,0.0,0.0,0.0,2.0,8.0,2.0,7.0,2.0,0.0,8.0,4.0,0.0,0.0,0.0,1.0,12.0,0.0,0.0,0.0,0.0,1.375,0.375,,,1.1428571428571428,0.14285714285714285,17.0,0.0,17000000.0,0.999999941176474,0.0,0.0,1.0,0.0,0.0,0.0,0.0,0.0,0.0,0.0,0.0,0.0,0.0,9.0,0.0,19.0,1.2666666666666666,1.0,0.0,0.0,0.0,0.0,0.0,0.0,1.3181818181818181,0.0,0.13636363636363635,0.0,2.1363636363636362,0.13636363636363635,0.09090909090909091,-0.2165015636768316
2021NES__2021-11-04-NES-S4__B4 - maybe wrong time - 2021-11-04 12-36-01_chunk4.mp4,2021NES,2021-11-04-NES-S4,2021-11-04-NES-S4,3,7,middle,0.0,0.0,False,False,False,True,0.25,0.0,0.0,1.0,0.0,3.0,1.0,1.0,0.0,0.0,2.0,1.0,4.0,1.0,1.0,1.0,0.0,0.0,1.0,0.0,1.0,0.0,1.0,3.0,1.0,1.0,0.0,1.0,0.0,1.0,4.0,1.0,4.0,9.0,0.0,1.0,1.0,2.0,0.0,0.0,2.0,18.0,1.0,0.0,2.0,0.0,1.0,0.0,2.0,1.0,1.0,0.0,14.0,8.0,1.7499997812500274,0.6363636074380178,0.0,0.0,2.0,0.0,1.0,0.0,2.0,0.0,1.0,0.0,1.0,0.0,0.0,3.0,0.0,12.0,1.2,1.0,0.0,0.0,4.0,0.0,0.0,0.0,0.9,0.05,0.05,0.05,2.1,0.15,0.0,-0.1090106988050041
2021NES__2021-11-04-NES-S4__B4 - maybe wrong time - 2021-11-04 12-36-01_chunk5.mp4,2021NES,2021-11-04-NES-S4,2021-11-04-NES-S4,4,7,middle,0.0,0.0,False,False,False,True,0.3612059158134242,0.0,0.0,1.0,0.0,3.0,1.0,0.0,0.0,0.0,2.0,1.0,3.0,1.0,0.0,1.0,0.0,0.0,0.0,0.0,0.0,0.0,0.0,,0.0,0.0,0.0,0.0,0.0,1.0,5.0,2.0,7.0,5.0,1.0,1.0,2.0,1.0,0.0,0.0,1.0,12.0,0.0,0.0,0.0,0.0,1.0,0.0,1.0,0.0,1.4285714285714286,0.42857142857142855,17.0,1.0,16.999983000017,0.9444443919753115,0.0,0.0,1.0,0.0,0.0,0.0,0.0,0.0,0.0,0.0,0.0,0.0,2.0,1.0,0.6666664444445185,16.0,1.2307692307692308,1.0,0.0,0.0,0.0,0.0,0.0,0.0,1.6,0.0,0.13333333333333333,0.0,2.0,0.0,0.0,-0.07882663842791515
2021NES__2021-11-04-NES-S4__B4 - maybe wrong time - 2021-11-04 12-36-01_chunk6.mp4,2021NES,2021-11-04-NES-S4,2021-11-04-NES-S4,5,7,middle,0.0,0.0,False,False,False,True,0.4535714285714285,0.0,0.0,1.0,0.0,3.0,1.0,0.0,0.0,0.0,2.0,1.0,3.0,1.0,0.0,0.0,0.0,0.0,1.0,0.0,0.0,1.0,1.0,3.0,1.0,1.0,0.0,1.0,0.0,1.0,12.0,2.0,8.0,12.0,5.0,6.0,1.0,4.0,0.0,0.0,1.0,25.0,0.0,0.0,1.0,0.0,1.0,0.0,1.0,0.0,1.2857142857142858,0.2857142857142857,30.0,4.0,7.499998125000468,0.8823529152249143,0.0,0.0,1.0,0.0,0.0,0.0,1.0,0.0,0.0,0.0,0.0,0.0,8.0,1.0,0.8888887901234679,25.0,1.0869565217391304,1.0,2.0,0.0,0.0,2000000.0,0.0,0.0,0.5142857142857142,0.02857142857142857,0.02857142857142857,0.05714285714285714,2.0285714285714285,0.02857142857142857,0.11428571428571428,-0.36619344459317604
2021NES__2021-11-04-NES-S4__B4 - maybe wrong time - 2021-11-04 12-36-01_chunk7.mp4,2021NES,2021-11-04-NES-S4,2021-11-04-NES-S4,6,7,end,0.0,0.0,False,False,False,True,0.46588235294117664,0.0,1.0,0.0,0.0,3.0,1.0,0.0,0.0,0.0,2.0,2.0,0.0,0.0,1.0,0.0,1.0,0.0,0.0,0.0,1.0,0.0,1.0,,0.0,0.0,0.0,0.0,1.0,2.0,2.0,3.0,6.0,6.0,8.0,0.0,6.0,12.0,1.0,0.0,3.0,26.0,0.0,1.0,0.0,0.0,1.0,0.0,1.0,0.0,1.3333333333333333,0.3333333333333333,25.0,1.0,24.999975000025003,0.9615384245562144,0.0,0.0,3.0,1.0,0.0,1.0,0.0,0.0,0.0,0.0,0.0,0.0,7.0,4.0,0.636363578512402,22.0,1.1,1.0,1.0,2.0,0.0,3000000.0,0.0,0.0,0.7804878048780488,0.0975609756097561,0.21951219512195122,0.04878048780487805,2.1219512195121952,0.12195121951219512,0.0,0.018426449907959396
2021NES__2021-11-05-NES-S3__B3 - 2021-11-05 11-01-14 - trimend_chunk1.mp4,2021NES,2021-11-05-NES-S3,2021-11-05-NES-S3,0,12,beginning,4.0,0.0,True,False,False,True,0.4547624213495336,0.0,0.0,0.0,1.0,3.0,0.0,0.0,1.0,0.0,,1.0,0.0,0.0,0.0,0.0,0.0,0.0,0.0,0.0,0.0,0.0,1.0,,0.0,0.0,0.0,0.0,1.0,2.0,1.0,2.0,10.0,0.0,2.0,11.0,5.0,1.0,0.0,0.0,0.0,13.0,0.0,2.0,0.0,0.0,1.0,0.0,1.0,0.0,0.1,0.0,12.0,0.0,12000000.0,0.9999999166666736,0.0,0.0,0.0,0.0,0.0,2.0,0.0,0.0,0.0,0.0,0.0,0.0,0.0,10.0,0.0,3.0,0.25,0.25,0.0,2.0,0.0,2000000.0,0.0,0.0,0.35135135135135137,0.05405405405405406,0.32432432432432434,0.0,2.0,0.0,0.0,-0.4744842722720073
2021NES__2021-11-05-NES-S3__B3 - 2021-11-05 11-01-14 - trimend_chunk2.mp4,2021NES,2021-11-05-NES-S3,2021-11-05-NES-S3,1,12,middle,4.0,0.0,True,False,False,True,0.41519350215002393,0.0,0.0,1.0,0.0,3.0,1.0,0.0,0.0,0.0,2.0,1.0,0.0,0.0,0.0,1.0,0.0,0.0,1.0,0.0,0.0,0.0,0.0,,0.0,0.0,0.0,0.0,0.0,1.0,4.0,2.0,6.0,3.0,0.0,3.0,0.0,2.0,0.0,0.0,0.0,11.0,0.0,0.0,0.0,0.0,1.5,0.5,2.0,1.0,1.1666666666666667,0.16666666666666666,13.0,2.0,6.499996750001625,0.8666666088888928,0.0,0.0,0.0,0.0,0.0,0.0,0.0,0.0,0.0,0.0,0.0,0.0,0.0,9.0,0.0,17.0,1.4166666666666667,1.0,0.0,0.0,1.0,0.0,0.0,0.0,1.9230769230769231,0.15384615384615385,0.3076923076923077,0.46153846153846156,2.1538461538461537,0.15384615384615385,0.23076923076923078,1.7369254508291003
2021NES__2021-11-05-NES-S3__B3 - 2021-11-05 11-01-14 - trimend_chunk3.mp4,2021NES,2021-11-05-NES-S3,2021-11-05-NES-S3,2,12,middle,4.0,0.0,True,False,False,True,0.18904761904761913,0.0,0.0,1.0,0.0,3.0,1.0,0.0,0.0,0.0,2.0,1.0,2.0,0.0,0.0,0.0,0.0,0.0,0.0,0.0,0.0,0.0,0.0,3.0,1.0,1.0,0.0,0.0,0.0,1.0,7.0,5.0,6.0,4.0,0.0,3.0,0.0,0.0,0.0,0.0,0.0,11.0,0.0,0.0,0.0,0.0,1.4285714285714286,0.42857142857142855,,,1.5,0.5,15.0,1.0,14.999985000015002,0.9374999414062536,0.0,0.0,0.0,0.0,0.0,0.0,0.0,0.0,0.0,0.0,0.0,0.0,2.0,3.0,0.399999920000016,19.0,1.4615384615384615,1.0,0.0,1.0,0.0,1000000.0,0.0,0.0,2.076923076923077,0.07692307692307693,0.07692307692307693,0.3076923076923077,2.0,0.0,0.38461538461538464,1.1577698198206612
2021NES__2021-11-05-NES-S3__B3 - 2021-11-05 11-01-14 - trimend_chunk4.mp4,2021NES,2021-11-05-NES-S3,2021-11-05-NES-S3,3,12,middle,4.0,0.0,True,False,False,True,0.3395522388059702,0.0,0.0,1.0,0.0,3.0,1.0,0.0,0.0,0.0,2.0,1.0,2.0,0.0,0.0,0.0,0.0,0.0,1.0,0.0,0.0,0.0,1.0,,0.0,0.0,0.0,0.0,0.0,1.0,5.0,1.0,7.0,4.0,2.0,1.0,2.0,2.0,0.0,0.0,1.0,11.0,0.0,0.0,0.0,0.0,1.25,0.25,1.0,0.0,1.0,0.14285714285714285,16.0,1.0,15.999984000016001,0.9411764152249167,0.0,0.0,1.0,0.0,0.0,0.0,0.0,0.0,0.0,0.0,0.0,0.0,3.0,6.0,0.33333329629630043,14.0,1.0769230769230769,0.9230769230769231,0.0,0.0,0.0,0.0,0.07142857142857142,0.07142857142857142,1.6428571428571428,0.07142857142857142,0.21428571428571427,0.21428571428571427,2.0,0.0,0.35714285714285715,0.7118592678375625
2021NES__2021-11-05-NES-S3__B3 - 2021-11-05 11-01-14 - trimend_chunk5.mp4,2021NES,2021-11-05-NES-S3,2021-11-05-NES-S3,4,12,middle,4.0,0.0,True,False,False,True,0.32619047619047636,0.0,0.0,1.0,0.0,3.0,1.0,0.0,0.0,0.0,2.0,1.0,0.0,0.0,1.0,1.0,0.0,0.0,1.0,0.0,0.0,0.0,1.0,,0.0,0.0,0.0,0.0,0.0,1.0,6.0,0.0,5.0,5.0,2.0,1.0,0.0,1.0,0.0,0.0,0.0,0.0,1.0,0.0,0.0,0.0,1.3333333333333333,0.3333333333333333,1.0,0.0,1.75,0.75,14.0,2.0,6.99999650000175,0.8749999453125034,0.0,0.0,0.0,0.0,1.0,0.0,0.0,0.0,0.0,0.0,0.0,0.0,0.0,0.0,0.0,16.0,1.4545454545454546,1.0,0.0,1.0,0.0,1000000.0,0.0,0.0,1.5454545454545454,0.18181818181818182,0.2727272727272727,0.0,2.272727272727273,0.2727272727272727,0.45454545454545453,0.6154786959691255
2021NES__2021-11-05-NES-S3__B3 - 2021-11-05 11-01-14 - trimend_chunk6.mp4,2021NES,2021-11-05-NES-S3,2021-11-05-NES-S3,5,12,middle,4.0,0.0,True,False,False,False,,,,,,,,,,,,,,,,,,,,,,,,,,,,,,,,,,,,,,,,,,,,,,,,,,,,,,,,,,,,,,,,,,,,,,,,,,,,,,,,,,,,,,,,
2021NES__2021-11-05-NES-S3__B3 - 2021-11-05 11-01-14 - trimend_chunk7.mp4,2021NES,2021-11-05-NES-S3,2021-11-05-NES-S3,6,12,middle,4.0,0.0,True,False,False,True,0.5443686006825939,1.0,1.0,0.0,0.0,3.0,0.0,0.0,1.0,1.0,2.0,2.0,0.0,0.0,0.0,0.0,1.0,0.0,0.0,0.0,0.0,0.0,1.0,,0.0,0.0,0.0,0.0,0.0,2.0,12.0,3.0,1.0,3.0,0.0,4.0,16.0,8.0,0.0,0.0,0.0,28.0,0.0,0.0,0.0,0.0,1.0,0.0,1.0,0.0,1.0,0.0,24.0,0.0,24000000.0,0.999999958333335,0.0,0.0,0.0,0.0,0.0,0.0,0.0,0.0,0.0,0.0,0.0,0.0,8.0,8.0,0.4999999687500019,21.0,1.0,1.0,2.0,4.0,0.0,6000000.0,0.0,0.0,0.8181818181818182,0.0,0.06060606060606061,0.0,2.0,0.0,0.09090909090909091,-0.4607635278281348
2021NES__2021-11-05-NES-S3__B3 - 2021-11-05 11-01-14 - trimend_chunk8.mp4,2021NES,2021-11-05-NES-S3,2021-11-05-NES-S3,7,12,middle,4.0,0.0,True,False,False,True,0.4530744336569579,0.0,1.0,0.0,0.0,3.0,1.0,0.0,1.0,1.0,2.0,2.0,2.0,0.0,0.0,0.0,1.0,0.0,0.0,0.0,0.0,0.0,1.0,,0.0,0.0,0.0,0.0,0.0,2.0,5.0,3.0,2.0,2.0,2.0,0.0,7.0,2.0,0.0,0.0,1.0,17.0,0.0,0.0,0.0,0.0,1.2,0.2,1.0,0.0,1.0,0.0,11.0,0.0,11000000.0,0.9999999090909174,0.0,0.0,1.0,0.0,0.0,0.0,0.0,0.0,0.0,0.0,0.0,0.0,7.0,2.0,0.7777776913580343,10.0,1.1111111111111112,1.0,0.0,0.0,0.0,0.0,0.0,0.0,0.0,0.0,0.045454545454545456,0.0,2.0,0.0,0.045454545454545456,-0.8604649237120855
2021NES__2021-11-05-NES-S3__B3 - 2021-11-05 11-01-14 - trimend_chunk9.mp4,2021NES,2021-11-05-NES-S3,2021-11-05-NES-S3,8,12,middle,4.0,0.0,True,False,False,True,0.3305084745762712,0.0,1.0,0.0,0.0,2.0,1.0,0.0,1.0,0.0,3.0,2.0,4.0,1.0,0.0,0.0,0.0,0.0,0.0,0.0,0.0,0.0,0.0,3.0,1.0,1.0,0.0,0.0,1.0,2.0,0.0,0.0,3.0,2.0,1.0,3.0,2.0,2.0,0.0,1.0,0.0,4.0,0.0,0.0,0.0,0.0,,,2.0,1.0,1.3333333333333333,0.3333333333333333,5.0,1.0,4.999995000005001,0.8333331944444675,1.0,0.0,0.0,0.0,0.0,0.0,0.0,0.0,0.0,0.0,0.0,0.0,3.0,1.0,0.7499998125000469,8.0,1.6,1.0,0.0,0.0,0.0,0.0,0.0,0.0,1.1428571428571428,0.0,0.0,0.0,2.2857142857142856,0.2857142857142857,0.2857142857142857,-0.30215186279482104
2021NES__2021-11-05-NES-S3__B3 - 2021-11-05 11-01-14 - trimend_chunk10.mp4,2021NES,2021-11-05-NES-S3,2021-11-05-NES-S3,9,12,middle,4.0,0.0,True,False,False,True,0.34265442404006685,0.0,1.0,0.0,0.0,2.0,0.0,0.0,1.0,1.0,2.0,2.0,1.0,0.0,0.0,0.0,1.0,0.0,0.0,0.0,0.0,0.0,0.0,,0.0,0.0,0.0,1.0,0.0,2.0,0.0,0.0,0.0,0.0,0.0,3.0,3.0,4.0,0.0,0.0,0.0,3.0,0.0,0.0,1.0,0.0,,,1.0,0.0,,,4.0,0.0,4000000.0,0.9999997500000625,0.0,0.0,0.0,0.0,0.0,0.0,1.0,0.0,0.0,0.0,0.0,0.0,3.0,0.0,0.9999996666667778,4.0,1.0,1.0,0.0,0.0,0.0,0.0,0.0,0.0,0.0,0.0,0.0,0.0,2.0,0.0,0.0,-0.8604649237120855
2021NES__2021-11-05-NES-S3__B3 - 2021-11-05 11-01-14 - trimend_chunk11.mp4,2021NES,2021-11-05-NES-S3,2021-11-05-NES-S3,10,12,middle,4.0,0.0,True,False,False,True,0.31756756756756754,1.0,1.0,0.0,0.0,2.0,0.0,0.0,1.0,0.0,3.0,2.0,2.0,0.0,0.0,0.0,0.0,0.0,0.0,0.0,0.0,0.0,0.0,,0.0,0.0,0.0,0.0,0.0,2.0,0.0,0.0,2.0,0.0,0.0,1.0,2.0,2.0,0.0,0.0,0.0,2.0,0.0,0.0,0.0,0.0,,,2.0,1.0,2.0,1.0,4.0,0.0,4000000.0,0.9999997500000625,0.0,0.0,0.0,0.0,0.0,0.0,0.0,0.0,0.0,0.0,0.0,0.0,2.0,0.0,0.99999950000025,8.0,2.0,1.0,0.0,0.0,0.0,0.0,0.0,0.0,0.0,0.0,0.0,0.0,2.0,0.0,0.0,-0.8604649237120855
2021NES__2021-11-05-NES-S3__B3 - 2021-11-05 11-01-14 - trimend_chunk12.mp4,2021NES,2021-11-05-NES-S3,2021-11-05-NES-S3,11,12,end,4.0,0.0,True,False,False,True,0.42666666666666675,1.0,0.0,0.0,1.0,2.0,0.0,0.0,1.0,0.0,,1.0,0.0,0.0,0.0,0.0,0.0,0.0,0.0,0.0,0.0,0.0,1.0,,0.0,0.0,0.0,0.0,0.0,2.0,0.0,2.0,0.0,1.0,0.0,0.0,7.0,0.0,0.0,0.0,0.0,0.0,0.0,0.0,0.0,0.0,,,,,,,1.0,0.0,1000000.0,0.9999990000010001,0.0,0.0,0.0,0.0,0.0,0.0,0.0,0.0,0.0,0.0,0.0,0.0,0.0,0.0,0.0,0.0,,,0.0,0.0,0.0,0.0,0.0,0.0,0.3333333333333333,0.0,0.18181818181818182,0.0,2.0,0.0,0.0,-0.6976236142778834
2021NES__2021-11-05-NES-S2__B2 - Zoom Meeting - Room 2.2 2021-11-05 11-02-10_chunk1.mp4,2021NES,2021-11-05-NES-S2,2021-11-05-NES-S2,0,8,beginning,1.0,0.0,True,False,False,True,0.3681742550294964,0.0,0.0,0.0,1.0,3.0,0.0,0.0,0.0,0.0,,1.0,0.0,0.0,0.0,0.0,0.0,0.0,0.0,0.0,0.0,0.0,0.0,,0.0,0.0,0.0,0.0,0.0,2.0,2.0,2.0,12.0,1.0,0.0,12.0,2.0,0.0,0.0,0.0,0.0,12.0,0.0,0.0,0.0,0.0,1.0,0.0,,,1.0,0.0,14.0,0.0,14000000.0,0.9999999285714337,0.0,0.0,0.0,0.0,0.0,0.0,0.0,0.0,0.0,0.0,0.0,0.0,0.0,11.0,0.0,14.0,1.0,1.0,0.0,0.0,0.0,0.0,0.0,0.0,,0.0,0.0,0.0,2.0,0.0,0.0,-0.6171441482000752
2021NES__2021-11-05-NES-S2__B2 - Zoom Meeting - Room 2.2 2021-11-05 11-02-10_chunk2.mp4,2021NES,2021-11-05-NES-S2,2021-11-05-NES-S2,1,8,middle,1.0,0.0,True,False,False,True,0.2825180128934395,0.0,0.0,1.0,0.0,3.0,1.0,0.0,0.0,0.0,2.0,1.0,1.0,0.0,0.0,1.0,0.0,0.0,0.0,0.0,0.0,0.0,1.0,3.0,1.0,1.0,0.0,0.0,0.0,1.0,5.0,6.0,5.0,6.0,0.0,3.0,0.0,1.0,0.0,0.0,0.0,15.0,0.0,0.0,0.0,0.0,1.2,0.2,1.0,0.0,1.2,0.2,12.0,3.0,3.999998666667111,0.7999999466666703,0.0,0.0,0.0,0.0,0.0,0.0,0.0,0.0,0.0,0.0,0.0,0.0,1.0,10.0,0.09090908264462885,13.0,1.1818181818181819,1.0,0.0,0.0,0.0,0.0,0.0,0.0,1.9333333333333333,0.0,0.3333333333333333,0.06666666666666667,2.0,0.0,0.4,0.23537582240763402
2021NES__2021-11-05-NES-S2__B2 - Zoom Meeting - Room 2.2 2021-11-05 11-02-10_chunk3.mp4,2021NES,2021-11-05-NES-S2,2021-11-05-NES-S2,2,8,middle,1.0,0.0,True,False,False,True,0.3931034482758622,0.0,0.0,1.0,0.0,3.0,1.0,0.0,0.0,0.0,2.0,1.0,2.0,0.0,0.0,0.0,0.0,0.0,1.0,0.0,0.0,0.0,1.0,,0.0,0.0,0.0,0.0,0.0,1.0,0.0,0.0,0.0,0.0,0.0,0.0,0.0,0.0,0.0,0.0,0.0,0.0,0.0,0.0,0.0,0.0,,,,,,,0.0,0.0,0.0,0.0,0.0,0.0,0.0,0.0,0.0,0.0,0.0,0.0,0.0,0.0,0.0,0.0,0.0,0.0,0.0,0.0,,,0.0,0.0,0.0,0.0,0.0,0.0,0.6666666666666666,0.047619047619047616,0.047619047619047616,0.0,2.0,0.0,0.0,-0.34596151828775246
2021NES__2021-11-05-NES-S2__B2 - Zoom Meeting - Room 2.2 2021-11-05 11-02-10_chunk4.mp4,2021NES,2021-11-05-NES-S2,2021-11-05-NES-S2,3,8,middle,1.0,0.0,True,False,False,True,0.3191399662731871,1.0,0.0,1.0,0.0,3.0,1.0,0.0,0.0,0.0,2.0,1.0,2.0,0.0,1.0,1.0,0.0,0.0,0.0,0.0,0.0,0.0,0.0,,0.0,0.0,0.0,1.0,1.0,1.0,4.0,2.0,2.0,2.0,2.0,1.0,0.0,0.0,0.0,0.0,0.0,8.0,1.0,0.0,1.0,0.0,1.5,0.5,,,1.0,0.0,8.0,0.0,8000000.0,0.9999998750000157,0.0,0.0,0.0,0.0,1.0,0.0,1.0,0.0,0.0,0.0,0.0,0.0,0.0,5.0,0.0,7.0,1.4,1.0,0.0,0.0,0.0,0.0,0.0,0.0,1.1,0.0,0.0,0.0,2.0,0.0,0.0,-0.3230886025792184
2021NES__2021-11-05-NES-S2__B2 - Zoom Meeting - Room 2.2 2021-11-05 11-02-10_chunk5.mp4,2021NES,2021-11-05-NES-S2,2021-11-05-NES-S2,4,8,middle,1.0,0.0,True,False,False,True,0.39732888146911516,0.0,0.0,1.0,0.0,3.0,1.0,0.0,0.0,0.0,2.0,1.0,1.0,0.0,0.0,0.0,0.0,1.0,0.0,0.0,0.0,0.0,0.0,3.0,1.0,1.0,0.0,1.0,0.0,1.0,6.0,2.0,4.0,5.0,0.0,2.0,0.0,0.0,0.0,0.0,0.0,11.0,0.0,0.0,0.0,0.0,1.1666666666666667,0.16666666666666666,,,2.0,1.0,12.0,3.0,3.999998666667111,0.7999999466666703,0.0,0.0,0.0,0.0,0.0,0.0,0.0,0.0,0.0,0.0,0.0,0.0,2.0,9.0,0.1818181652892577,15.0,1.5,1.0,0.0,0.0,0.0,0.0,0.0,0.0,1.4,0.0,0.06666666666666667,0.0,2.066666666666667,0.06666666666666667,0.26666666666666666,-0.17653142408843656
2021NES__2021-11-05-NES-S2__B2 - Zoom Meeting - Room 2.2 2021-11-05 11-02-10_chunk6.mp4,2021NES,2021-11-05-NES-S2,2021-11-05-NES-S2,5,8,middle,1.0,0.0,True,False,False,True,0.13795986622073575,0.0,0.0,1.0,0.0,3.0,0.0,0.0,0.0,0.0,2.0,1.0,2.0,0.0,0.0,0.0,0.0,0.0,0.0,0.0,0.0,0.0,0.0,,0.0,0.0,0.0,1.0,0.0,1.0,0.0,0.0,0.0,0.0,0.0,0.0,0.0,0.0,0.0,0.0,0.0,8.0,0.0,0.0,0.0,0.0,,,,,,,0.0,0.0,0.0,0.0,0.0,0.0,0.0,0.0,0.0,0.0,0.0,0.0,0.0,0.0,0.0,0.0,6.0,0.0,0.9999998333333611,0.0,,,0.0,1.0,0.0,1000000.0,0.0,0.0,1.2222222222222223,0.0,0.1111111111111111,0.0,2.0,0.0,0.2222222222222222,-0.2633801224533443
2021NES__2021-11-05-NES-S2__B2 - Zoom Meeting - Room 2.2 2021-11-05 11-02-10_chunk7.mp4,2021NES,2021-11-05-NES-S2,2021-11-05-NES-S2,6,8,middle,1.0,0.0,True,False,False,True,0.4444444444444444,0.0,1.0,0.0,0.0,3.0,0.0,0.0,1.0,1.0,2.0,2.0,0.0,0.0,0.0,0.0,1.0,0.0,0.0,0.0,0.0,0.0,1.0,,0.0,0.0,0.0,0.0,0.0,2.0,6.0,0.0,3.0,1.0,1.0,5.0,7.0,4.0,0.0,0.0,0.0,18.0,0.0,1.0,0.0,0.0,1.0,0.0,1.25,0.25,1.0,0.0,14.0,0.0,14000000.0,0.9999999285714337,0.0,0.0,0.0,0.0,0.0,1.0,0.0,0.0,0.0,0.0,0.0,0.0,8.0,5.0,0.615384568047341,13.0,1.0833333333333333,1.0,0.0,0.0,0.0,0.0,0.0,0.0,1.631578947368421,0.05263157894736842,0.21052631578947367,0.15789473684210525,2.0,0.0,0.05263157894736842,0.5037840293466473
2021NES__2021-11-05-NES-S2__B2 - Zoom Meeting - Room 2.2 2021-11-05 11-02-10_chunk8.mp4,2021NES,2021-11-05-NES-S2,2021-11-05-NES-S2,7,8,end,1.0,0.0,True,False,False,True,0.3035714285714286,0.0,0.0,0.0,1.0,3.0,0.0,0.0,1.0,1.0,,2.0,0.0,0.0,0.0,0.0,1.0,0.0,1.0,0.0,1.0,0.0,1.0,,0.0,0.0,0.0,0.0,0.0,2.0,0.0,1.0,2.0,2.0,3.0,0.0,13.0,1.0,0.0,0.0,0.0,2.0,0.0,2.0,0.0,0.0,,,1.0,0.0,0.0,0.0,4.0,1.0,3.9999960000040002,0.799999840000032,0.0,0.0,0.0,0.0,0.0,2.0,0.0,0.0,0.0,0.0,0.0,0.0,2.0,0.0,0.99999950000025,1.0,0.3333333333333333,0.3333333333333333,0.0,0.0,0.0,0.0,0.0,0.0,0.17391304347826086,0.043478260869565216,0.043478260869565216,0.17391304347826086,2.0434782608695654,0.043478260869565216,0.043478260869565216,-0.20824747523531348
2021NES__2021-11-05-NES-S4__B4 - 2021-11-05 11-00-54 - trimend_chunk1.mp4,2021NES,2021-11-05-NES-S4,2021-11-05-NES-S4,0,12,beginning,1.0,1.0,True,True,True,True,0.5226231386025202,0.0,0.0,0.0,1.0,3.0,0.0,0.0,1.0,0.0,,1.0,0.0,0.0,0.0,0.0,0.0,0.0,1.0,0.0,0.0,0.0,1.0,,0.0,0.0,0.0,0.0,0.0,2.0,0.0,0.0,13.0,0.0,0.0,11.0,4.0,1.0,0.0,0.0,0.0,12.0,0.0,0.0,0.0,0.0,,,1.0,0.0,1.0,0.0,14.0,0.0,14000000.0,0.9999999285714337,0.0,0.0,0.0,0.0,0.0,0.0,0.0,0.0,0.0,0.0,0.0,0.0,0.0,12.0,0.0,14.0,1.0,1.0,0.0,0.0,0.0,0.0,0.0,0.0,0.8,0.03333333333333333,0.26666666666666666,0.03333333333333333,2.033333333333333,0.03333333333333333,0.0,-0.26179065478017666
2021NES__2021-11-05-NES-S4__B4 - 2021-11-05 11-00-54 - trimend_chunk2.mp4,2021NES,2021-11-05-NES-S4,2021-11-05-NES-S4,1,12,middle,1.0,1.0,True,True,True,True,0.37027027027027026,0.0,0.0,1.0,0.0,3.0,1.0,0.0,1.0,1.0,2.0,1.0,3.0,1.0,0.0,0.0,1.0,1.0,1.0,0.0,0.0,0.0,1.0,3.0,1.0,1.0,0.0,0.0,0.0,2.0,4.0,2.0,2.0,1.0,2.0,4.0,7.0,2.0,0.0,0.0,0.0,4.0,0.0,1.0,0.0,0.0,2.0,1.0,1.0,0.5,0.5,0.0,9.0,0.0,9000000.0,0.9999998888889013,0.0,0.0,0.0,0.0,0.0,1.0,0.0,0.0,0.0,0.0,0.0,0.0,3.0,0.0,0.9999996666667778,11.0,1.375,0.75,0.0,0.0,0.0,0.0,0.0,0.0,0.8888888888888888,0.05555555555555555,0.2222222222222222,0.2222222222222222,2.0555555555555554,0.1111111111111111,0.0,0.29860665709886075
2021NES__2021-11-05-NES-S4__B4 - 2021-11-05 11-00-54 - trimend_chunk3.mp4,2021NES,2021-11-05-NES-S4,2021-11-05-NES-S4,2,12,middle,1.0,1.0,True,True,True,True,0.41903073286052006,0.0,0.0,1.0,0.0,3.0,0.0,0.0,0.0,0.0,2.0,1.0,1.0,0.0,0.0,0.0,1.0,0.0,0.0,0.0,0.0,0.0,0.0,3.0,1.0,1.0,0.0,1.0,1.0,1.0,6.0,2.0,6.0,7.0,0.0,4.0,0.0,1.0,0.0,0.0,0.0,14.0,0.0,0.0,0.0,0.0,1.3333333333333333,0.3333333333333333,1.0,0.0,1.1666666666666667,0.16666666666666666,16.0,4.0,3.99999900000025,0.799999960000002,0.0,0.0,0.0,0.0,0.0,0.0,0.0,0.0,0.0,0.0,0.0,0.0,10.0,4.0,0.7142856632653098,16.0,1.2307692307692308,1.0,1.0,1.0,0.0,2000000.0,0.0,0.0,0.6818181818181818,0.0,0.13636363636363635,0.045454545454545456,2.1363636363636362,0.22727272727272727,0.045454545454545456,-0.4241796420957536
2021NES__2021-11-05-NES-S4__B4 - 2021-11-05 11-00-54 - trimend_chunk4.mp4,2021NES,2021-11-05-NES-S4,2021-11-05-NES-S4,3,12,middle,1.0,1.0,True,True,True,True,0.21809523809523812,0.0,0.0,1.0,0.0,3.0,1.0,0.0,0.0,0.0,2.0,1.0,2.0,0.0,0.0,0.0,1.0,0.0,0.0,0.0,0.0,0.0,0.0,3.0,1.0,1.0,0.0,0.0,0.0,1.0,5.0,2.0,4.0,5.0,0.0,6.0,0.0,1.0,0.0,0.0,0.0,11.0,0.0,0.0,0.0,0.0,1.2,0.2,1.0,0.0,1.0,0.0,13.0,2.0,6.499996750001625,0.8666666088888928,0.0,0.0,0.0,0.0,0.0,0.0,0.0,0.0,0.0,0.0,0.0,0.0,6.0,5.0,0.5454544958677732,10.0,1.1111111111111112,1.0,0.0,0.0,0.0,0.0,0.0,0.0,0.3333333333333333,0.0,0.06666666666666667,0.0,2.0,0.0,0.13333333333333333,-0.6976236142778834
2021NES__2021-11-05-NES-S4__B4 - 2021-11-05 11-00-54 - trimend_chunk5.mp4,2021NES,2021-11-05-NES-S4,2021-11-05-NES-S4,4,12,middle,1.0,1.0,True,True,True,True,0.381863560732113,0.0,0.0,1.0,0.0,3.0,1.0,0.0,1.0,0.0,2.0,1.0,3.0,1.0,0.0,0.0,1.0,0.0,1.0,0.0,0.0,0.0,0.0,3.0,1.0,1.0,0.0,1.0,0.0,1.0,6.0,2.0,5.0,7.0,0.0,4.0,0.0,1.0,0.0,0.0,1.0,0.0,0.0,0.0,0.0,0.0,1.3333333333333333,0.3333333333333333,2.0,1.0,1.0,0.0,15.0,4.0,3.749999062500234,0.7894736426592819,0.0,0.0,1.0,0.0,0.0,0.0,0.0,0.0,0.0,0.0,0.0,0.0,0.0,0.0,0.0,15.0,1.25,1.0,0.0,0.0,0.0,0.0,0.0,0.0,1.8333333333333333,0.16666666666666666,0.3333333333333333,0.16666666666666666,2.3333333333333335,0.3333333333333333,0.25,1.0744379096251448
2021NES__2021-11-05-NES-S4__B4 - 2021-11-05 11-00-54 - trimend_chunk6.mp4,2021NES,2021-11-05-NES-S4,2021-11-05-NES-S4,5,12,middle,1.0,1.0,True,True,True,True,0.2892976588628762,0.0,0.0,1.0,0.0,3.0,1.0,0.0,0.0,0.0,2.0,1.0,3.0,1.0,0.0,0.0,0.0,0.0,0.0,0.0,0.0,0.0,0.0,,0.0,0.0,0.0,0.0,0.0,1.0,0.0,0.0,0.0,0.0,0.0,0.0,0.0,0.0,0.0,0.0,0.0,13.0,0.0,0.0,0.0,0.0,,,,,,,0.0,0.0,0.0,0.0,0.0,0.0,0.0,0.0,0.0,0.0,0.0,0.0,0.0,0.0,0.0,0.0,6.0,5.0,0.5454544958677732,0.0,,,0.0,0.0,0.0,0.0,0.0,0.0,1.7692307692307692,0.0,0.07692307692307693,0.38461538461538464,2.3846153846153846,0.38461538461538464,0.07692307692307693,0.8770840536772205
2021NES__2021-11-05-NES-S4__B4 - 2021-11-05 11-00-54 - trimend_chunk7.mp4,2021NES,2021-11-05-NES-S4,2021-11-05-NES-S4,6,12,middle,1.0,1.0,True,True,True,True,0.4662216288384513,0.0,1.0,0.0,0.0,3.0,0.0,0.0,1.0,1.0,2.0,2.0,0.0,0.0,0.0,0.0,1.0,0.0,0.0,0.0,0.0,0.0,1.0,,0.0,0.0,0.0,0.0,0.0,2.0,0.0,0.0,0.0,0.0,0.0,0.0,0.0,0.0,0.0,0.0,0.0,0.0,0.0,0.0,0.0,0.0,,,,,,,0.0,0.0,0.0,0.0,0.0,0.0,0.0,0.0,0.0,0.0,0.0,0.0,0.0,0.0,0.0,0.0,0.0,0.0,0.0,0.0,,,0.0,0.0,0.0,0.0,0.0,0.0,0.7804878048780488,0.04878048780487805,0.17073170731707318,0.04878048780487805,2.1219512195121952,0.12195121951219512,0.0,-0.17499972168591893
2021NES__2021-11-05-NES-S4__B4 - 2021-11-05 11-00-54 - trimend_chunk8.mp4,2021NES,2021-11-05-NES-S4,2021-11-05-NES-S4,7,12,middle,1.0,1.0,True,True,True,True,0.6190476190476191,0.0,0.0,0.0,1.0,2.0,0.0,0.0,1.0,1.0,,2.0,0.0,0.0,0.0,0.0,0.0,0.0,0.0,0.0,0.0,0.0,0.0,,0.0,0.0,0.0,0.0,0.0,2.0,0.0,1.0,0.0,0.0,1.0,2.0,6.0,1.0,0.0,0.0,0.0,1.0,0.0,0.0,0.0,0.0,,,1.0,0.0,,,1.0,0.0,1000000.0,0.9999990000010001,0.0,0.0,0.0,0.0,0.0,0.0,0.0,0.0,0.0,0.0,0.0,0.0,1.0,0.0,0.9999990000010001,1.0,1.0,1.0,0.0,0.0,0.0,0.0,0.0,0.0,0.16666666666666666,0.0,0.0,0.0,2.0,0.0,0.0,-0.7790442689949845
2021NES__2021-11-05-NES-S4__B4 - 2021-11-05 11-00-54 - trimend_chunk9.mp4,2021NES,2021-11-05-NES-S4,2021-11-05-NES-S4,8,12,middle,1.0,1.0,True,True,True,True,0.3926174496644297,0.0,1.0,0.0,0.0,2.0,1.0,0.0,1.0,0.0,2.0,2.0,0.0,0.0,0.0,1.0,1.0,0.0,0.0,0.0,0.0,0.0,0.0,,0.0,0.0,0.0,0.0,1.0,2.0,1.0,0.0,3.0,1.0,0.0,3.0,1.0,2.0,1.0,0.0,0.0,4.0,0.0,0.0,0.0,0.0,1.0,0.0,1.5,0.5,1.3333333333333333,0.3333333333333333,7.0,0.0,7000000.0,0.9999998571428775,0.0,0.0,0.0,1.0,0.0,0.0,0.0,0.0,0.0,0.0,0.0,0.0,3.0,1.0,0.7499998125000469,8.0,1.3333333333333333,1.0,0.0,0.0,0.0,0.0,0.0,0.0,0.42857142857142855,0.0,0.0,0.0,2.2857142857142856,0.2857142857142857,0.2857142857142857,-0.6510975258681113
2021NES__2021-11-05-NES-S4__B4 - 2021-11-05 11-00-54 - trimend_chunk10.mp4,2021NES,2021-11-05-NES-S4,2021-11-05-NES-S4,9,12,middle,1.0,1.0,True,True,True,True,0.32833333333333337,0.0,1.0,0.0,0.0,2.0,1.0,0.0,1.0,0.0,3.0,2.0,3.0,1.0,0.0,0.0,1.0,0.0,0.0,0.0,0.0,0.0,0.0,,0.0,0.0,0.0,1.0,0.0,2.0,1.0,0.0,2.0,0.0,2.0,1.0,2.0,3.0,0.0,0.0,1.0,0.0,0.0,0.0,1.0,0.0,2.0,1.0,2.0,1.0,2.0,1.0,6.0,0.0,6000000.0,0.9999998333333611,0.0,0.0,1.0,0.0,0.0,0.0,1.0,0.0,0.0,0.0,0.0,0.0,0.0,0.0,0.0,12.0,2.0,1.0,0.0,0.0,0.0,0.0,0.0,0.0,0.5,0.0,0.0,0.0,2.0,0.0,0.0,-0.6162029595607823
2021NES__2021-11-05-NES-S4__B4 - 2021-11-05 11-00-54 - trimend_chunk11.mp4,2021NES,2021-11-05-NES-S4,2021-11-05-NES-S4,10,12,middle,1.0,1.0,True,True,True,True,0.2822222222222224,0.0,1.0,0.0,0.0,2.0,1.0,0.0,1.0,0.0,3.0,2.0,3.0,1.0,0.0,0.0,1.0,0.0,0.0,0.0,0.0,0.0,0.0,,0.0,0.0,0.0,0.0,0.0,2.0,1.0,0.0,1.0,0.0,0.0,0.0,2.0,3.0,0.0,0.0,1.0,0.0,0.0,0.0,0.0,0.0,2.0,1.0,2.0,1.0,2.0,1.0,5.0,0.0,5000000.0,0.99999980000004,0.0,0.0,1.0,0.0,0.0,0.0,0.0,0.0,0.0,0.0,0.0,0.0,0.0,0.0,0.0,10.0,2.0,1.0,0.0,0.0,0.0,0.0,0.0,0.0,1.25,0.0,0.0,0.0,2.0,0.0,0.0,-0.24981001333382746
2021NES__2021-11-05-NES-S4__B4 - 2021-11-05 11-00-54 - trimend_chunk12.mp4,2021NES,2021-11-05-NES-S4,2021-11-05-NES-S4,11,12,end,1.0,1.0,True,True,True,True,0.36904761904761907,0.0,0.0,0.0,1.0,2.0,0.0,0.0,1.0,0.0,,2.0,0.0,0.0,0.0,0.0,0.0,0.0,0.0,0.0,0.0,0.0,1.0,,0.0,0.0,0.0,0.0,0.0,2.0,0.0,2.0,0.0,0.0,1.0,1.0,5.0,0.0,0.0,1.0,0.0,0.0,0.0,0.0,0.0,0.0,,,,,,,0.0,0.0,0.0,0.0,1.0,0.0,0.0,0.0,0.0,0.0,0.0,0.0,0.0,0.0,0.0,0.0,0.0,0.0,0.0,0.0,,,0.0,0.0,0.0,0.0,0.0,0.0,0.0,0.05555555555555555,0.16666666666666666,0.05555555555555555,2.0555555555555554,0.05555555555555555,0.0,-0.5140397132290461
2021NES__2021-11-04-NES-S6__B6 - 2021_11_04_12_32_03_chunk1.mp4,2021NES,2021-11-04-NES-S6,2021-11-04-NES-S6,0,8,beginning,1.0,1.0,True,True,True,True,0.2755787901418969,0.0,0.0,0.0,1.0,3.0,0.0,0.0,0.0,0.0,,1.0,0.0,0.0,0.0,0.0,0.0,0.0,0.0,0.0,0.0,0.0,0.0,,0.0,0.0,0.0,0.0,0.0,2.0,0.0,0.0,13.0,0.0,0.0,0.0,11.0,0.0,0.0,0.0,0.0,13.0,0.0,0.0,0.0,0.0,,,,,0.0,0.0,13.0,0.0,13000000.0,0.9999999230769291,0.0,0.0,0.0,0.0,0.0,0.0,0.0,0.0,0.0,0.0,0.0,0.0,0.0,13.0,0.0,0.0,0.0,0.0,0.0,0.0,0.0,0.0,0.0,0.0,0.0,0.0,0.0,0.0,2.0,0.0,0.0,-0.8604649237120855
2021NES__2021-11-04-NES-S6__B6 - 2021_11_04_12_32_03_chunk2.mp4,2021NES,2021-11-04-NES-S6,2021-11-04-NES-S6,1,8,middle,1.0,1.0,True,True,True,True,0.31176961602671116,0.0,0.0,0.0,1.0,2.0,1.0,0.0,0.0,0.0,1.0,1.0,0.0,0.0,0.0,0.0,0.0,0.0,0.0,0.0,0.0,0.0,1.0,,0.0,0.0,0.0,0.0,0.0,2.0,0.0,3.0,7.0,0.0,0.0,2.0,1.0,0.0,0.0,0.0,0.0,10.0,0.0,0.0,0.0,0.0,,,,,1.0,0.0,7.0,0.0,7000000.0,0.9999998571428775,0.0,0.0,0.0,0.0,0.0,0.0,0.0,0.0,0.0,0.0,0.0,0.0,0.0,10.0,0.0,7.0,1.0,1.0,0.0,0.0,0.0,0.0,0.0,0.0,,0.0,0.0,0.0,2.230769230769231,0.23076923076923078,0.0,-0.6171441482000752
2021NES__2021-11-04-NES-S6__B6 - 2021_11_04_12_32_03_chunk3.mp4,2021NES,2021-11-04-NES-S6,2021-11-04-NES-S6,2,8,middle,1.0,1.0,True,True,True,True,0.3966597077244258,0.0,0.0,0.0,1.0,3.0,0.0,0.0,0.0,0.0,,1.0,0.0,0.0,0.0,0.0,0.0,0.0,0.0,0.0,0.0,0.0,1.0,,0.0,0.0,0.0,0.0,0.0,2.0,0.0,3.0,10.0,0.0,4.0,7.0,0.0,0.0,0.0,1.0,0.0,9.0,0.0,0.0,0.0,0.0,,,,,1.0,0.0,10.0,0.0,10000000.0,0.99999990000001,1.0,0.0,0.0,0.0,0.0,0.0,0.0,0.0,0.0,0.0,0.0,0.0,0.0,9.0,0.0,10.0,1.0,1.0,0.0,0.0,0.0,0.0,0.0,0.0,0.6666666666666666,0.03333333333333333,0.06666666666666667,0.03333333333333333,2.0,0.0,0.0,-0.32692717855385756
2021NES__2021-11-04-NES-S6__B6 - 2021_11_04_12_32_03_chunk4.mp4,2021NES,2021-11-04-NES-S6,2021-11-04-NES-S6,3,8,middle,1.0,1.0,True,True,True,False,,,,,,,,,,,,,,,,,,,,,,,,,,,,,,,,,,,,,,,,,,,,,,,,,,,,,,,,,,,,,,,,,,,,,,,,,,,,,,,,,,,,,,,,
2021NES__2021-11-04-NES-S6__B6 - 2021_11_04_12_32_03_chunk5.mp4,2021NES,2021-11-04-NES-S6,2021-11-04-NES-S6,4,8,middle,1.0,1.0,True,True,True,False,,,,,,,,,,,,,,,,,,,,,,,,,,,,,,,,,,,,,,,,,,,,,,,,,,,,,,,,,,,,,,,,,,,,,,,,,,,,,,,,,,,,,,,,
2021NES__2021-11-04-NES-S6__B6 - 2021_11_04_12_32_03_chunk6.mp4,2021NES,2021-11-04-NES-S6,2021-11-04-NES-S6,5,8,middle,1.0,1.0,True,True,True,False,,,,,,,,,,,,,,,,,,,,,,,,,,,,,,,,,,,,,,,,,,,,,,,,,,,,,,,,,,,,,,,,,,,,,,,,,,,,,,,,,,,,,,,,
2021NES__2021-11-04-NES-S6__B6 - 2021_11_04_12_32_03_chunk7.mp4,2021NES,2021-11-04-NES-S6,2021-11-04-NES-S6,6,8,middle,1.0,1.0,True,True,True,False,,,,,,,,,,,,,,,,,,,,,,,,,,,,,,,,,,,,,,,,,,,,,,,,,,,,,,,,,,,,,,,,,,,,,,,,,,,,,,,,,,,,,,,,
2021NES__2021-11-04-NES-S6__B6 - 2021_11_04_12_32_03_chunk8.mp4,2021NES,2021-11-04-NES-S6,2021-11-04-NES-S6,7,8,end,1.0,1.0,True,True,True,True,0.5511760966306423,0.0,0.0,0.0,1.0,2.0,0.0,0.0,0.0,0.0,,1.0,0.0,0.0,0.0,0.0,0.0,0.0,0.0,0.0,0.0,0.0,1.0,,0.0,0.0,0.0,0.0,0.0,2.0,0.0,0.0,2.0,0.0,4.0,4.0,5.0,0.0,0.0,1.0,0.0,2.0,0.0,0.0,0.0,0.0,,,,,1.0,0.0,2.0,0.0,2000000.0,0.99999950000025,1.0,0.0,0.0,0.0,0.0,0.0,0.0,0.0,0.0,0.0,0.0,0.0,0.0,2.0,0.0,2.0,1.0,1.0,0.0,0.0,0.0,0.0,0.0,0.0,0.15,0.0,0.15,0.05,2.05,0.05,0.05,-0.6736654709156843
2021NES__2021-11-04-NES-S2__B2 - Zoom Meeting - Room 2 2021-11-04 12-53-10_chunk1.mp4,2021NES,2021-11-04-NES-S2,2021-11-04-NES-S2,0,6,beginning,2.0,0.0,True,False,False,True,0.3709949409780775,0.0,0.0,1.0,0.0,3.0,1.0,0.0,0.0,0.0,3.0,2.0,3.0,1.0,1.0,0.0,1.0,1.0,0.0,0.0,1.0,0.0,1.0,3.0,1.0,1.0,0.0,0.0,1.0,1.0,4.0,6.0,10.0,4.0,0.0,0.0,1.0,1.0,0.0,0.0,1.0,18.0,0.0,0.0,0.0,0.0,1.75,0.75,2.0,1.0,1.1,0.1,15.0,4.0,3.749999062500234,0.7894736426592819,0.0,0.0,1.0,0.0,0.0,0.0,0.0,0.0,0.0,0.0,0.0,0.0,4.0,6.0,0.39999996000000404,20.0,1.3333333333333333,1.0,0.0,0.0,0.0,0.0,0.0,0.0,1.894736842105263,0.10526315789473684,0.10526315789473684,0.42105263157894735,2.1052631578947367,0.10526315789473684,0.15789473684210525,1.438517845888151
2021NES__2021-11-04-NES-S2__B2 - Zoom Meeting - Room 2 2021-11-04 12-53-10_chunk2.mp4,2021NES,2021-11-04-NES-S2,2021-11-04-NES-S2,1,6,middle,2.0,0.0,True,False,False,True,0.4909663865546219,0.0,0.0,1.0,0.0,3.0,1.0,0.0,0.0,0.0,2.0,1.0,2.0,0.0,0.0,0.0,1.0,0.0,0.0,0.0,0.0,1.0,1.0,3.0,1.0,1.0,0.0,0.0,1.0,1.0,5.0,1.0,6.0,3.0,0.0,2.0,0.0,0.0,1.0,0.0,0.0,15.0,0.0,0.0,0.0,0.0,1.2,0.2,,,0.6666666666666666,0.0,12.0,2.0,5.9999970000015,0.8571427959183717,0.0,0.0,0.0,1.0,0.0,0.0,0.0,0.0,0.0,0.0,1.0,0.0,3.0,2.0,0.599999880000024,10.0,0.9090909090909091,0.8181818181818182,0.0,1.0,1.0,0.9999990000010001,0.0,0.0,1.4666666666666666,0.2,0.2,0.3333333333333333,2.1333333333333333,0.13333333333333333,0.06666666666666667,1.4058898983400405
2021NES__2021-11-04-NES-S2__B2 - Zoom Meeting - Room 2 2021-11-04 12-53-10_chunk3.mp4,2021NES,2021-11-04-NES-S2,2021-11-04-NES-S2,2,6,middle,2.0,0.0,True,False,False,True,0.4506974506974508,0.0,0.0,1.0,0.0,3.0,1.0,1.0,0.0,0.0,3.0,2.0,2.0,0.0,0.0,1.0,1.0,0.0,0.0,0.0,0.0,0.0,1.0,3.0,1.0,1.0,0.0,0.0,0.0,1.0,5.0,5.0,10.0,7.0,0.0,1.0,0.0,0.0,0.0,1.0,1.0,14.0,0.0,0.0,0.0,0.0,1.6,0.6,,,1.1,0.1,19.0,3.0,6.333331222222926,0.863636324380167,1.0,0.0,1.0,0.0,0.0,0.0,0.0,0.0,0.0,0.0,0.0,0.0,4.0,0.0,0.9999997500000625,19.0,1.2666666666666666,1.0,0.0,1.0,0.0,1000000.0,0.0,0.0,1.5555555555555556,0.05555555555555555,0.2777777777777778,0.0,2.1666666666666665,0.16666666666666666,0.1111111111111111,0.11975210462944152
2021NES__2021-11-04-NES-S2__B2 - Zoom Meeting - Room 2 2021-11-04 12-53-10_chunk4.mp4,2021NES,2021-11-04-NES-S2,2021-11-04-NES-S2,3,6,middle,2.0,0.0,True,False,False,True,0.32099827882960397,0.0,0.0,1.0,0.0,3.0,1.0,0.0,1.0,1.0,2.0,2.0,3.0,1.0,0.0,1.0,1.0,0.0,0.0,0.0,1.0,0.0,1.0,3.0,1.0,1.0,0.0,0.0,0.0,1.0,8.0,1.0,4.0,6.0,0.0,3.0,2.0,4.0,0.0,0.0,1.0,17.0,0.0,0.0,0.0,0.0,1.5,0.5,1.3333333333333333,0.3333333333333333,1.75,0.75,18.0,3.0,5.999998000000667,0.8571428163265326,0.0,0.0,1.0,0.0,0.0,0.0,0.0,0.0,0.0,0.0,1.0,0.0,5.0,4.0,0.5555554938271674,23.0,1.5333333333333334,1.0,1.0,0.0,1.0,0.9999990000010001,0.0,0.0,1.8095238095238095,0.14285714285714285,0.3333333333333333,0.14285714285714285,2.0952380952380953,0.09523809523809523,0.0,0.9143384401728278
2021NES__2021-11-04-NES-S2__B2 - Zoom Meeting - Room 2 2021-11-04 12-53-10_chunk5.mp4,2021NES,2021-11-04-NES-S2,2021-11-04-NES-S2,4,6,middle,2.0,0.0,True,False,False,True,0.5790043290043292,0.0,1.0,0.0,0.0,3.0,1.0,0.0,1.0,1.0,3.0,2.0,3.0,1.0,0.0,0.0,1.0,0.0,1.0,0.0,0.0,0.0,1.0,,0.0,0.0,0.0,0.0,0.0,2.0,4.0,6.0,7.0,3.0,2.0,6.0,4.0,5.0,0.0,0.0,1.0,17.0,0.0,0.0,1.0,0.0,1.0,0.0,1.0,0.0,1.6,0.6,18.0,1.0,17.999982000018,0.9473683711911383,0.0,0.0,1.0,0.0,0.0,0.0,1.0,0.0,0.0,0.0,0.0,0.0,6.0,1.0,0.857142734693895,15.0,1.25,1.0,2.0,0.0,0.0,2000000.0,0.0,0.0,0.11764705882352941,0.06666666666666667,0.08888888888888889,0.0,2.022222222222222,0.022222222222222223,0.0,-0.5386424192040667
2021NES__2021-11-04-NES-S2__B2 - Zoom Meeting - Room 2 2021-11-04 12-53-10_chunk6.mp4,2021NES,2021-11-04-NES-S2,2021-11-04-NES-S2,5,6,end,2.0,0.0,True,False,False,True,0.4636363636363636,0.0,0.0,0.0,1.0,2.0,0.0,0.0,1.0,1.0,,2.0,0.0,0.0,0.0,0.0,0.0,0.0,0.0,0.0,0.0,0.0,1.0,,0.0,0.0,0.0,0.0,0.0,2.0,0.0,3.0,0.0,0.0,8.0,1.0,8.0,1.0,0.0,1.0,0.0,1.0,0.0,5.0,0.0,0.0,,,1.0,0.0,,,1.0,0.0,1000000.0,0.9999990000010001,1.0,0.0,0.0,0.0,0.0,5.0,0.0,0.0,0.0,0.0,0.0,0.0,1.0,0.0,0.9999990000010001,1.0,1.0,1.0,0.0,0.0,0.0,0.0,0.0,0.0,0.041666666666666664,0.08333333333333333,0.125,0.041666666666666664,2.0,0.0,0.0,-0.4150726639340929
2021NES__2021-11-05-NES-S1__B1 - 2021-11-05 11-01-24 - trimend_chunk1.mp4,2021NES,2021-11-05-NES-S1,2021-11-05-NES-S1,0,12,beginning,4.0,1.0,True,True,True,True,0.3153526970954357,0.0,0.0,0.0,1.0,3.0,0.0,0.0,1.0,0.0,,1.0,0.0,0.0,0.0,0.0,0.0,0.0,0.0,0.0,0.0,0.0,1.0,,0.0,0.0,0.0,1.0,1.0,2.0,0.0,5.0,11.0,0.0,5.0,9.0,12.0,0.0,0.0,0.0,0.0,8.0,1.0,4.0,1.0,0.0,,,,,0.7272727272727273,0.0,11.0,0.0,11000000.0,0.9999999090909174,0.0,0.0,0.0,0.0,1.0,4.0,1.0,0.0,0.0,0.0,0.0,0.0,0.0,8.0,0.0,8.0,0.7272727272727273,0.7272727272727273,0.0,0.0,0.0,0.0,0.0,0.0,0.32558139534883723,0.09302325581395349,0.23255813953488372,0.023255813953488372,2.0,0.0,0.0,-0.2797510088759293
2021NES__2021-11-05-NES-S1__B1 - 2021-11-05 11-01-24 - trimend_chunk2.mp4,2021NES,2021-11-05-NES-S1,2021-11-05-NES-S1,1,12,middle,4.0,1.0,True,True,True,True,0.3031687995124923,0.0,0.0,1.0,0.0,3.0,1.0,0.0,1.0,1.0,2.0,1.0,2.0,0.0,0.0,0.0,0.0,1.0,0.0,0.0,0.0,0.0,1.0,3.0,1.0,1.0,0.0,1.0,1.0,1.0,5.0,6.0,8.0,5.0,2.0,3.0,3.0,1.0,1.0,0.0,0.0,18.0,0.0,1.0,3.0,0.0,2.0,1.0,,,1.5,0.5,17.0,1.0,16.999983000017,0.9444443919753115,0.0,0.0,0.0,1.0,0.0,1.0,3.0,0.0,0.0,0.0,0.0,0.0,4.0,5.0,0.44444439506173394,20.0,1.6666666666666667,1.0,0.0,0.0,0.0,0.0,0.0,0.0,0.45161290322580644,0.0,0.12903225806451613,0.0967741935483871,2.129032258064516,0.12903225806451613,0.0967741935483871,-0.4201234137347594
2021NES__2021-11-05-NES-S1__B1 - 2021-11-05 11-01-24 - trimend_chunk3.mp4,2021NES,2021-11-05-NES-S1,2021-11-05-NES-S1,2,12,middle,4.0,1.0,True,True,True,True,0.28246753246753253,0.0,0.0,1.0,0.0,3.0,1.0,0.0,1.0,1.0,3.0,2.0,2.0,0.0,0.0,0.0,1.0,0.0,0.0,0.0,1.0,0.0,1.0,3.0,1.0,1.0,1.0,1.0,1.0,1.0,9.0,5.0,13.0,18.0,2.0,1.0,1.0,5.0,0.0,1.0,0.0,35.0,0.0,0.0,1.0,0.0,1.4444444444444444,0.4444444444444444,1.2,0.2,1.1538461538461537,0.15384615384615385,35.0,8.0,4.374999453125069,0.8139534694429427,1.0,0.0,0.0,0.0,0.0,0.0,1.0,0.0,0.0,0.0,0.0,0.0,9.0,16.0,0.35999998560000057,34.0,1.2592592592592593,1.0,3.0,4.0,0.0,7000000.0,0.0,0.0,0.75,0.045454545454545456,0.09090909090909091,0.022727272727272728,2.1136363636363638,0.18181818181818182,0.06818181818181818,-0.26223356143128485
2021NES__2021-11-05-NES-S1__B1 - 2021-11-05 11-01-24 - trimend_chunk4.mp4,2021NES,2021-11-05-NES-S1,2021-11-05-NES-S1,3,12,middle,4.0,1.0,True,True,True,True,0.39839034205231405,0.0,0.0,1.0,0.0,3.0,1.0,0.0,1.0,0.0,2.0,2.0,2.0,0.0,0.0,0.0,1.0,0.0,1.0,0.0,1.0,0.0,1.0,3.0,1.0,1.0,0.0,1.0,1.0,1.0,5.0,6.0,7.0,11.0,0.0,1.0,2.0,0.0,0.0,0.0,1.0,21.0,0.0,0.0,0.0,0.0,1.2,0.2,,,1.4285714285714286,0.42857142857142855,16.0,5.0,3.199999360000128,0.7619047256235845,0.0,0.0,1.0,0.0,0.0,0.0,0.0,0.0,0.0,0.0,1.0,0.0,9.0,6.0,0.5999999600000027,16.0,1.3333333333333333,1.0,0.0,0.0,0.0,0.0,0.0,0.0,0.6666666666666666,0.047619047619047616,0.14285714285714285,0.19047619047619047,2.0476190476190474,0.047619047619047616,0.09523809523809523,0.08649891428752497
2021NES__2021-11-05-NES-S1__B1 - 2021-11-05 11-01-24 - trimend_chunk5.mp4,2021NES,2021-11-05-NES-S1,2021-11-05-NES-S1,4,12,middle,4.0,1.0,True,True,True,True,0.2325581395348837,0.0,0.0,1.0,0.0,3.0,1.0,0.0,1.0,0.0,3.0,2.0,3.0,1.0,1.0,1.0,1.0,0.0,0.0,0.0,0.0,1.0,1.0,3.0,1.0,1.0,0.0,0.0,1.0,1.0,5.0,6.0,12.0,7.0,1.0,4.0,1.0,5.0,0.0,0.0,1.0,30.0,1.0,1.0,0.0,0.0,1.8,0.8,1.25,0.25,1.5,0.5,24.0,4.0,5.999998500000375,0.8571428265306134,0.0,0.0,1.0,0.0,1.0,1.0,0.0,0.0,0.0,0.0,0.0,0.0,12.0,10.0,0.5454545206611581,29.0,1.5263157894736843,1.0,0.0,0.0,1.0,0.0,0.0,0.0,0.3055555555555556,0.027777777777777776,0.05555555555555555,0.0,2.0555555555555554,0.05555555555555555,0.1111111111111111,-0.6010482645731083
2021NES__2021-11-05-NES-S1__B1 - 2021-11-05 11-01-24 - trimend_chunk6.mp4,2021NES,2021-11-05-NES-S1,2021-11-05-NES-S1,5,12,middle,4.0,1.0,True,True,True,True,0.4988324576765908,1.0,0.0,1.0,0.0,3.0,1.0,0.0,1.0,0.0,3.0,2.0,3.0,1.0,1.0,1.0,0.0,0.0,0.0,0.0,0.0,0.0,0.0,3.0,1.0,1.0,0.0,0.0,0.0,1.0,2.0,8.0,5.0,2.0,0.0,3.0,0.0,1.0,0.0,0.0,1.0,10.0,1.0,0.0,0.0,0.0,2.0,1.0,1.0,0.0,1.2,0.2,9.0,2.0,4.499997750001125,0.8181817438016598,0.0,0.0,1.0,0.0,1.0,0.0,0.0,0.0,0.0,0.0,0.0,0.0,1.0,5.0,0.16666663888889352,9.0,1.2857142857142858,1.0,0.0,0.0,1.0,0.0,0.0,0.0,0.8181818181818182,0.0,0.0,0.045454545454545456,2.1363636363636362,0.13636363636363635,0.045454545454545456,-0.35756274278176176
2021NES__2021-11-05-NES-S1__B1 - 2021-11-05 11-01-24 - trimend_chunk7.mp4,2021NES,2021-11-05-NES-S1,2021-11-05-NES-S1,6,12,middle,4.0,1.0,True,True,True,True,0.41488241488241484,0.0,1.0,0.0,0.0,3.0,1.0,0.0,1.0,1.0,3.0,3.0,3.0,1.0,1.0,1.0,1.0,0.0,1.0,0.0,1.0,0.0,1.0,3.0,1.0,1.0,0.0,0.0,1.0,2.0,4.0,3.0,7.0,4.0,1.0,2.0,8.0,5.0,2.0,0.0,0.0,20.0,0.0,0.0,0.0,0.0,1.75,0.75,1.0,0.0,1.1428571428571428,0.14285714285714285,18.0,1.0,17.999982000018,0.9473683711911383,0.0,0.0,0.0,2.0,0.0,0.0,0.0,0.0,0.0,0.0,1.0,0.0,11.0,6.0,0.6470587854671302,20.0,1.25,1.0,0.0,2.0,0.0,2000000.0,0.0,0.0,0.9615384615384616,0.11538461538461539,0.23076923076923078,0.11538461538461539,2.1153846153846154,0.19230769230769232,0.0,0.3287681368128875
2021NES__2021-11-05-NES-S1__B1 - 2021-11-05 11-01-24 - trimend_chunk8.mp4,2021NES,2021-11-05-NES-S1,2021-11-05-NES-S1,7,12,middle,4.0,1.0,True,True,True,True,0.6176531671858774,0.0,1.0,0.0,0.0,3.0,1.0,0.0,1.0,1.0,3.0,3.0,3.0,1.0,0.0,1.0,1.0,0.0,0.0,0.0,1.0,0.0,1.0,,0.0,0.0,0.0,0.0,0.0,2.0,4.0,1.0,3.0,3.0,6.0,2.0,9.0,1.0,0.0,0.0,0.0,9.0,0.0,1.0,0.0,0.0,2.0,1.0,1.0,0.0,1.3333333333333333,0.3333333333333333,10.0,1.0,9.999990000010001,0.9090908264462886,0.0,0.0,0.0,0.0,0.0,1.0,0.0,0.0,0.0,0.0,0.0,0.0,4.0,1.0,0.799999840000032,13.0,1.625,1.0,0.0,0.0,0.0,0.0,0.0,0.0,0.17142857142857143,0.08571428571428572,0.11428571428571428,0.11428571428571428,2.085714285714286,0.08571428571428572,0.02857142857142857,-0.17736428922865746
2021NES__2021-11-05-NES-S1__B1 - 2021-11-05 11-01-24 - trimend_chunk9.mp4,2021NES,2021-11-05-NES-S1,2021-11-05-NES-S1,8,12,middle,4.0,1.0,True,True,True,True,0.319023569023569,0.0,1.0,0.0,0.0,2.0,0.0,0.0,1.0,0.0,3.0,1.0,0.0,0.0,0.0,0.0,0.0,0.0,0.0,0.0,0.0,0.0,0.0,3.0,1.0,1.0,0.0,0.0,1.0,2.0,0.0,0.0,3.0,2.0,0.0,2.0,1.0,2.0,1.0,0.0,0.0,4.0,0.0,0.0,0.0,0.0,,,1.5,0.5,1.3333333333333333,0.3333333333333333,5.0,2.0,2.499998750000625,0.7142856122449125,0.0,0.0,0.0,1.0,0.0,0.0,0.0,0.0,0.0,0.0,0.0,0.0,2.0,1.0,0.6666664444445185,7.0,1.4,1.0,0.0,0.0,0.0,0.0,0.0,0.0,0.0,0.0,0.0,0.0,2.142857142857143,0.14285714285714285,0.2857142857142857,-0.8604649237120855
2021NES__2021-11-05-NES-S1__B1 - 2021-11-05 11-01-24 - trimend_chunk10.mp4,2021NES,2021-11-05-NES-S1,2021-11-05-NES-S1,9,12,middle,4.0,1.0,True,True,True,True,0.4687813021702838,0.0,1.0,0.0,0.0,2.0,0.0,0.0,1.0,0.0,2.0,2.0,2.0,0.0,0.0,0.0,1.0,0.0,0.0,0.0,0.0,0.0,0.0,,0.0,0.0,0.0,1.0,0.0,2.0,0.0,0.0,0.0,0.0,0.0,0.0,0.0,0.0,0.0,0.0,0.0,4.0,0.0,0.0,1.0,0.0,,,,,,,0.0,0.0,0.0,0.0,0.0,0.0,0.0,0.0,0.0,0.0,1.0,0.0,0.0,0.0,0.0,0.0,4.0,0.0,0.9999997500000625,0.0,,,0.0,0.0,0.0,0.0,0.0,0.0,0.7142857142857143,0.0,0.0,0.0,2.0,0.0,0.0,-0.5115192606387953
2021NES__2021-11-05-NES-S1__B1 - 2021-11-05 11-01-24 - trimend_chunk11.mp4,2021NES,2021-11-05-NES-S1,2021-11-05-NES-S1,10,12,middle,4.0,1.0,True,True,True,True,0.31274346132442976,1.0,1.0,0.0,0.0,2.0,0.0,0.0,1.0,0.0,3.0,3.0,2.0,0.0,0.0,0.0,1.0,0.0,0.0,0.0,0.0,0.0,0.0,,0.0,0.0,0.0,0.0,0.0,2.0,0.0,0.0,2.0,0.0,1.0,1.0,2.0,0.0,0.0,0.0,0.0,2.0,0.0,0.0,0.0,0.0,,,,,1.5,0.5,2.0,0.0,2000000.0,0.99999950000025,0.0,0.0,0.0,0.0,0.0,0.0,0.0,0.0,0.0,0.0,0.0,0.0,2.0,0.0,0.99999950000025,3.0,1.5,1.0,0.0,0.0,0.0,0.0,0.0,0.0,0.0,0.0,0.0,0.0,2.0,0.0,0.0,-0.8604649237120855
2021NES__2021-11-05-NES-S1__B1 - 2021-11-05 11-01-24 - trimend_chunk12.mp4,2021NES,2021-11-05-NES-S1,2021-11-05-NES-S1,11,12,end,4.0,1.0,True,True,True,True,0.4327868852459016,1.0,0.0,0.0,1.0,2.0,0.0,0.0,1.0,0.0,,1.0,0.0,0.0,0.0,0.0,0.0,0.0,0.0,0.0,0.0,0.0,1.0,,0.0,0.0,0.0,0.0,0.0,2.0,0.0,1.0,0.0,0.0,3.0,0.0,8.0,0.0,0.0,0.0,0.0,0.0,0.0,0.0,0.0,0.0,,,,,,,0.0,0.0,0.0,0.0,0.0,0.0,0.0,0.0,0.0,0.0,0.0,0.0,0.0,0.0,0.0,0.0,0.0,0.0,0.0,0.0,,,0.0,0.0,0.0,0.0,0.0,0.0,0.05263157894736842,0.21052631578947367,0.3157894736842105,0.05263157894736842,2.0526315789473686,0.05263157894736842,0.05263157894736842,0.11952914313111616
2021SLU__2021_06_11_SLU_S13__Zoom_Meeting_6_11_2021_1_02_20_PM_chunk1.mp4,2021SLU,2021_06_11_SLU_S13,2021_06_11_SLU_S13,0,8,beginning,2.0,0.0,True,False,False,True,0.15208333333333335,0.0,0.0,0.0,1.0,3.0,0.0,0.0,0.0,0.0,,1.0,0.0,0.0,0.0,0.0,0.0,0.0,1.0,0.0,1.0,0.0,1.0,,0.0,0.0,0.0,0.0,1.0,2.0,0.0,1.0,13.0,1.0,10.0,9.0,6.0,0.0,0.0,1.0,0.0,8.0,1.0,1.0,0.0,0.0,,,,,1.0,0.0,14.0,0.0,14000000.0,0.9999999285714337,1.0,0.0,0.0,0.0,1.0,1.0,0.0,0.0,0.0,0.0,0.0,0.0,0.0,8.0,0.0,13.0,1.0,1.0,0.0,1.0,0.0,1000000.0,0.0,0.0,0.46511627906976744,0.20930232558139536,0.3023255813953488,0.11627906976744186,2.0232558139534884,0.023255813953488372,0.0,0.4606907409442798
2021SLU__2021_06_11_SLU_S13__Zoom_Meeting_6_11_2021_1_02_20_PM_chunk2.mp4,2021SLU,2021_06_11_SLU_S13,2021_06_11_SLU_S13,1,8,middle,2.0,0.0,True,False,False,True,0.5072212593876371,0.0,0.0,1.0,0.0,3.0,0.0,0.0,0.0,0.0,2.0,1.0,0.0,0.0,0.0,0.0,0.0,0.0,1.0,0.0,1.0,0.0,1.0,3.0,1.0,1.0,0.0,0.0,1.0,1.0,4.0,6.0,9.0,4.0,0.0,2.0,1.0,1.0,0.0,0.0,0.0,15.0,0.0,0.0,0.0,0.0,1.25,0.25,1.0,0.0,1.2222222222222223,0.3333333333333333,16.0,4.0,3.99999900000025,0.799999960000002,0.0,0.0,0.0,0.0,0.0,0.0,0.0,0.0,0.0,0.0,0.0,0.0,2.0,5.0,0.285714244897965,17.0,1.2142857142857142,0.9285714285714286,0.0,0.0,2.0,0.0,0.0,0.0,1.1904761904761905,0.14285714285714285,0.23809523809523808,0.0,2.0476190476190474,0.047619047619047616,0.14285714285714285,0.28757354107785144
2021SLU__2021_06_11_SLU_S13__Zoom_Meeting_6_11_2021_1_02_20_PM_chunk3.mp4,2021SLU,2021_06_11_SLU_S13,2021_06_11_SLU_S13,2,8,middle,2.0,0.0,True,False,False,True,0.27591623036649215,0.0,0.0,1.0,0.0,3.0,1.0,0.0,0.0,0.0,2.0,1.0,4.0,1.0,0.0,0.0,0.0,1.0,0.0,0.0,1.0,0.0,1.0,3.0,1.0,1.0,0.0,0.0,1.0,1.0,8.0,5.0,6.0,6.0,3.0,2.0,2.0,7.0,0.0,0.0,1.0,23.0,0.0,1.0,0.0,0.0,1.25,0.25,1.4285714285714286,0.42857142857142855,1.2,0.2,24.0,3.0,7.999997333334222,0.8888888559670793,0.0,0.0,1.0,0.0,0.0,1.0,0.0,0.0,0.0,0.0,0.0,0.0,2.0,2.0,0.49999987500003124,26.0,1.3,1.0,0.0,0.0,0.0,0.0,0.0,0.0,1.0740740740740742,0.07407407407407407,0.37037037037037035,0.07407407407407407,2.0,0.037037037037037035,0.18518518518518517,0.12614624288661863
2021SLU__2021_06_11_SLU_S13__Zoom_Meeting_6_11_2021_1_02_20_PM_chunk4.mp4,2021SLU,2021_06_11_SLU_S13,2021_06_11_SLU_S13,3,8,middle,2.0,0.0,True,False,False,True,0.39743589743589736,0.0,0.0,1.0,0.0,3.0,1.0,0.0,0.0,0.0,2.0,1.0,3.0,1.0,0.0,0.0,0.0,0.0,1.0,1.0,0.0,0.0,1.0,,0.0,0.0,0.0,0.0,1.0,1.0,8.0,2.0,8.0,1.0,0.0,2.0,0.0,2.0,2.0,0.0,0.0,15.0,0.0,0.0,0.0,0.0,1.25,0.25,1.5,0.5,1.5,0.5,19.0,0.0,19000000.0,0.9999999473684238,0.0,0.0,0.0,2.0,0.0,0.0,0.0,0.0,0.0,0.0,0.0,0.0,0.0,5.0,0.0,25.0,1.3888888888888888,1.0,0.0,2.0,0.0,2000000.0,0.0,0.0,1.105263157894737,0.10526315789473684,0.10526315789473684,0.15789473684210525,2.1052631578947367,0.21052631578947367,0.0,0.45536283117024956
2021SLU__2021_06_11_SLU_S13__Zoom_Meeting_6_11_2021_1_02_20_PM_chunk5.mp4,2021SLU,2021_06_11_SLU_S13,2021_06_11_SLU_S13,4,8,middle,2.0,0.0,True,False,False,True,0.27261702643706043,0.0,0.0,1.0,0.0,3.0,1.0,0.0,0.0,0.0,2.0,1.0,3.0,1.0,1.0,1.0,1.0,0.0,0.0,0.0,0.0,0.0,1.0,,0.0,0.0,0.0,0.0,0.0,1.0,6.0,3.0,8.0,0.0,1.0,0.0,0.0,2.0,0.0,0.0,0.0,14.0,0.0,0.0,0.0,0.0,1.8333333333333333,0.8333333333333334,2.0,1.0,1.25,0.25,14.0,0.0,14000000.0,0.9999999285714337,0.0,0.0,0.0,0.0,0.0,0.0,0.0,0.0,0.0,0.0,0.0,0.0,2.0,7.0,0.22222219753086697,25.0,1.5625,1.0,0.0,0.0,0.0,0.0,0.0,0.0,1.2857142857142858,0.14285714285714285,0.21428571428571427,0.21428571428571427,2.2142857142857144,0.21428571428571427,0.0,0.8206176161348107
2021SLU__2021_06_11_SLU_S13__Zoom_Meeting_6_11_2021_1_02_20_PM_chunk6.mp4,2021SLU,2021_06_11_SLU_S13,2021_06_11_SLU_S13,5,8,middle,2.0,0.0,True,False,False,True,0.6210045662100456,1.0,0.0,1.0,0.0,3.0,1.0,0.0,0.0,0.0,2.0,1.0,3.0,1.0,0.0,0.0,0.0,0.0,0.0,0.0,0.0,0.0,1.0,,0.0,0.0,0.0,0.0,0.0,1.0,7.0,5.0,6.0,0.0,2.0,3.0,2.0,0.0,0.0,0.0,1.0,14.0,0.0,0.0,0.0,0.0,1.7142857142857142,0.7142857142857143,,,1.8333333333333333,0.8333333333333334,13.0,0.0,13000000.0,0.9999999230769291,0.0,0.0,1.0,0.0,0.0,0.0,0.0,0.0,0.0,0.0,0.0,0.0,3.0,3.0,0.49999991666668053,23.0,1.7692307692307692,1.0,0.0,1.0,0.0,1000000.0,0.0,0.0,1.3529411764705883,0.11764705882352941,0.17647058823529413,0.29411764705882354,2.2941176470588234,0.29411764705882354,0.0,0.934747414017914
2021SLU__2021_06_11_SLU_S13__Zoom_Meeting_6_11_2021_1_02_20_PM_chunk7.mp4,2021SLU,2021_06_11_SLU_S13,2021_06_11_SLU_S13,6,8,middle,2.0,0.0,True,False,False,True,0.5446744068652196,0.0,1.0,0.0,0.0,3.0,0.0,0.0,0.0,1.0,2.0,2.0,0.0,0.0,0.0,0.0,1.0,0.0,0.0,0.0,0.0,0.0,1.0,3.0,1.0,1.0,0.0,0.0,0.0,2.0,6.0,5.0,1.0,9.0,1.0,2.0,8.0,4.0,4.0,0.0,0.0,14.0,0.0,0.0,0.0,0.0,1.0,0.0,1.0,0.0,1.0,0.0,17.0,2.0,8.499995750002125,0.8947367950138528,0.0,0.0,0.0,4.0,0.0,0.0,0.0,0.0,0.0,1.0,0.0,1000000.0,6.0,6.0,0.4999999583333368,10.0,1.0,1.0,2.0,0.0,0.0,2000000.0,0.0,0.0,0.40625,0.03125,0.0625,0.09375,2.0,0.0,0.03125,-0.325236817503679
2021SLU__2021_06_11_SLU_S13__Zoom_Meeting_6_11_2021_1_02_20_PM_chunk8.mp4,2021SLU,2021_06_11_SLU_S13,2021_06_11_SLU_S13,7,8,end,2.0,0.0,True,False,False,True,0.4269430051813472,1.0,0.0,0.0,0.0,4.0,0.0,0.0,0.0,0.0,2.0,2.0,0.0,0.0,0.0,0.0,1.0,0.0,1.0,0.0,1.0,0.0,1.0,3.0,1.0,1.0,0.0,1.0,0.0,1.0,2.0,2.0,5.0,4.0,7.0,2.0,2.0,1.0,0.0,0.0,0.0,4.0,0.0,0.0,0.0,0.0,2.0,1.0,2.0,1.0,2.0,1.0,11.0,1.0,10.999989000011,0.9166665902777842,0.0,0.0,0.0,0.0,0.0,0.0,0.0,0.0,0.0,0.0,0.0,0.0,2.0,2.0,0.49999987500003124,8.0,2.0,1.0,0.0,0.0,0.0,0.0,0.0,0.0,0.5,0.4090909090909091,0.7727272727272727,0.0,2.5,0.5,0.0,1.0059392522151522
2021SLU__2021_06_11_SLU_S5__botB2_2021_06_11_10_58_55_chunk1.mp4,2021SLU,2021_06_11_SLU_S5,2021_06_11_SLU_S5,0,8,beginning,0.0,0.0,False,False,False,True,0.351070950468541,0.0,0.0,1.0,0.0,3.0,1.0,0.0,0.0,0.0,2.0,1.0,0.0,0.0,1.0,1.0,1.0,1.0,1.0,0.0,1.0,0.0,1.0,,0.0,0.0,0.0,0.0,1.0,1.0,2.0,0.0,12.0,1.0,3.0,13.0,2.0,2.0,0.0,0.0,0.0,14.0,1.0,0.0,0.0,0.0,1.5,0.5,2.0,1.0,1.0,0.0,17.0,0.0,17000000.0,0.999999941176474,0.0,0.0,0.0,0.0,1.0,0.0,0.0,0.0,0.0,0.0,0.0,0.0,3.0,11.0,0.21428569897959293,19.0,1.1875,1.0,0.0,0.0,0.0,0.0,0.0,0.0,1.0,0.12903225806451613,0.3870967741935484,0.1935483870967742,2.129032258064516,0.12903225806451613,0.0967741935483871,0.5791380270685615
2021SLU__2021_06_11_SLU_S5__botB2_2021_06_11_10_58_55_chunk2.mp4,2021SLU,2021_06_11_SLU_S5,2021_06_11_SLU_S5,1,8,middle,0.0,0.0,False,False,False,True,0.3097643097643099,0.0,0.0,1.0,0.0,3.0,1.0,0.0,0.0,0.0,3.0,2.0,3.0,1.0,0.0,0.0,1.0,0.0,0.0,0.0,0.0,0.0,1.0,,0.0,0.0,0.0,1.0,1.0,1.0,7.0,4.0,2.0,1.0,0.0,0.0,0.0,4.0,0.0,0.0,0.0,12.0,0.0,0.0,0.0,0.0,1.2857142857142858,0.2857142857142857,1.5,0.5,1.5,0.5,14.0,0.0,14000000.0,0.9999999285714337,0.0,0.0,0.0,0.0,0.0,0.0,0.0,0.0,0.0,0.0,0.0,0.0,7.0,4.0,0.636363578512402,18.0,1.3846153846153846,1.0,0.0,0.0,0.0,0.0,0.0,0.0,0.9230769230769231,0.07692307692307693,0.07692307692307693,0.0,2.076923076923077,0.07692307692307693,0.15384615384615385,-0.1045015654577945
2021SLU__2021_06_11_SLU_S5__botB2_2021_06_11_10_58_55_chunk3.mp4,2021SLU,2021_06_11_SLU_S5,2021_06_11_SLU_S5,2,8,middle,0.0,0.0,False,False,False,True,0.1842436974789916,0.0,0.0,1.0,0.0,3.0,1.0,1.0,0.0,0.0,3.0,2.0,3.0,1.0,0.0,1.0,1.0,0.0,0.0,0.0,0.0,0.0,1.0,,0.0,0.0,0.0,0.0,0.0,1.0,7.0,2.0,5.0,1.0,0.0,0.0,0.0,1.0,0.0,0.0,2.0,9.0,0.0,0.0,0.0,0.0,1.2857142857142858,0.2857142857142857,2.0,1.0,1.4,0.4,13.0,0.0,13000000.0,0.9999999230769291,0.0,0.0,2.0,0.0,0.0,0.0,0.0,0.0,0.0,0.0,0.0,0.0,7.0,2.0,0.7777776913580343,18.0,1.3846153846153846,1.0,0.0,0.0,0.0,0.0,0.0,0.0,2.0,0.0,0.3333333333333333,0.3333333333333333,2.2222222222222223,0.2222222222222222,0.2222222222222222,0.8733886898998628
2021SLU__2021_06_11_SLU_S5__botB2_2021_06_11_10_58_55_chunk4.mp4,2021SLU,2021_06_11_SLU_S5,2021_06_11_SLU_S5,3,8,middle,0.0,0.0,False,False,False,True,0.42589437819420795,0.0,0.0,1.0,0.0,4.0,1.0,0.0,0.0,0.0,3.0,2.0,3.0,1.0,0.0,0.0,1.0,0.0,1.0,1.0,0.0,0.0,1.0,,0.0,0.0,1.0,0.0,1.0,1.0,9.0,6.0,9.0,4.0,2.0,4.0,1.0,2.0,0.0,0.0,0.0,25.0,0.0,0.0,0.0,0.0,1.6666666666666667,0.6666666666666666,2.0,1.0,1.1111111111111112,0.1111111111111111,24.0,0.0,24000000.0,0.999999958333335,0.0,0.0,0.0,0.0,0.0,0.0,0.0,0.0,0.0,0.0,0.0,0.0,6.0,10.0,0.37499997656250145,29.0,1.45,1.0,0.0,2.0,0.0,2000000.0,0.0,0.0,1.72,0.12,0.6,0.48,2.24,0.24,0.0,1.5454249051790374
2021SLU__2021_06_11_SLU_S5__botB2_2021_06_11_10_58_55_chunk5.mp4,2021SLU,2021_06_11_SLU_S5,2021_06_11_SLU_S5,4,8,middle,0.0,0.0,False,False,False,True,0.33813892529488876,0.0,0.0,1.0,0.0,4.0,1.0,0.0,0.0,0.0,3.0,2.0,3.0,1.0,1.0,0.0,1.0,0.0,0.0,1.0,0.0,0.0,1.0,3.0,1.0,1.0,1.0,0.0,1.0,1.0,5.0,2.0,3.0,4.0,1.0,2.0,0.0,2.0,1.0,0.0,2.0,12.0,0.0,0.0,0.0,0.0,1.4,0.4,2.0,1.0,1.6666666666666667,0.6666666666666666,11.0,1.0,10.999989000011,0.9166665902777842,0.0,0.0,2.0,1.0,0.0,0.0,0.0,0.0,0.0,1.0,0.0,1000000.0,9.0,3.0,0.7499999375000053,16.0,1.6,1.0,0.0,0.0,0.0,0.0,0.0,0.0,2.1666666666666665,0.16666666666666666,0.5,0.0,2.25,0.25,0.0,0.8588763405559794
2021SLU__2021_06_11_SLU_S5__botB2_2021_06_11_10_58_55_chunk6.mp4,2021SLU,2021_06_11_SLU_S5,2021_06_11_SLU_S5,5,8,middle,0.0,0.0,False,False,False,True,0.5066725978647686,0.0,0.0,1.0,0.0,3.0,1.0,1.0,0.0,0.0,3.0,2.0,3.0,1.0,1.0,1.0,1.0,0.0,0.0,0.0,0.0,0.0,1.0,,0.0,0.0,1.0,0.0,0.0,1.0,2.0,6.0,7.0,4.0,0.0,2.0,4.0,1.0,0.0,0.0,2.0,15.0,0.0,0.0,0.0,0.0,2.0,1.0,,,0.8571428571428571,0.0,12.0,3.0,3.999998666667111,0.7999999466666703,0.0,0.0,2.0,0.0,0.0,0.0,0.0,0.0,0.0,0.0,0.0,0.0,8.0,4.0,0.6666666111111158,8.0,1.0,0.875,0.0,0.0,1.0,0.0,0.0,0.0,1.2380952380952381,0.0,0.19047619047619047,0.0,2.0476190476190474,0.047619047619047616,0.047619047619047616,-0.25562577438504896
2021SLU__2021_06_11_SLU_S5__botB2_2021_06_11_10_58_55_chunk7.mp4,2021SLU,2021_06_11_SLU_S5,2021_06_11_SLU_S5,6,8,middle,0.0,0.0,False,False,False,True,0.22632478632478636,0.0,0.0,0.0,0.0,3.0,1.0,0.0,0.0,1.0,3.0,2.0,2.0,0.0,0.0,0.0,1.0,0.0,0.0,0.0,0.0,0.0,1.0,,0.0,0.0,1.0,0.0,1.0,1.0,3.0,1.0,3.0,4.0,1.0,2.0,5.0,3.0,0.0,0.0,2.0,11.0,0.0,0.0,0.0,0.0,,,2.0,1.0,1.3333333333333333,0.3333333333333333,12.0,1.0,11.999988000012001,0.9230768520710114,0.0,0.0,2.0,0.0,0.0,0.0,0.0,0.0,0.0,0.0,0.0,0.0,6.0,4.0,0.599999940000006,6.0,1.5,1.0,0.0,0.0,0.0,0.0,0.0,0.0,0.8235294117647058,0.0,0.058823529411764705,0.0,2.235294117647059,0.23529411764705882,0.058823529411764705,-0.45815110040405677
2021SLU__2021_06_11_SLU_S5__botB2_2021_06_11_10_58_55_chunk8.mp4,2021SLU,2021_06_11_SLU_S5,2021_06_11_SLU_S5,7,8,end,0.0,0.0,False,False,False,True,0.5597667638483965,1.0,0.0,0.0,1.0,3.0,0.0,0.0,1.0,1.0,,3.0,0.0,0.0,0.0,0.0,1.0,0.0,0.0,0.0,0.0,0.0,1.0,,0.0,0.0,0.0,0.0,0.0,2.0,1.0,4.0,0.0,3.0,0.0,1.0,12.0,3.0,0.0,0.0,0.0,5.0,0.0,0.0,0.0,0.0,1.0,0.0,1.3333333333333333,0.3333333333333333,,,7.0,0.0,7000000.0,0.9999998571428775,0.0,0.0,0.0,0.0,0.0,0.0,0.0,0.0,0.0,0.0,0.0,0.0,5.0,0.0,0.99999980000004,5.0,1.25,1.0,0.0,0.0,0.0,0.0,0.0,0.0,0.15151515151515152,0.030303030303030304,0.06060606060606061,0.0,2.0303030303030303,0.030303030303030304,0.12121212121212122,-0.6662874643427662
2021SLU__2021_06_11_SLU_S9__bot2p2_Zoom_Meeting_Room_2_2021_06_11_13_02_58_chunk1.mp4,2021SLU,2021_06_11_SLU_S9,2021_06_11_SLU_S9,0,9,beginning,1.0,0.0,True,False,False,True,0.29529616724738683,0.0,0.0,0.0,1.0,3.0,0.0,0.0,0.0,0.0,,1.0,0.0,0.0,0.0,1.0,0.0,0.0,0.0,0.0,0.0,0.0,1.0,,0.0,0.0,0.0,0.0,0.0,2.0,0.0,2.0,7.0,0.0,1.0,9.0,7.0,3.0,0.0,0.0,0.0,10.0,0.0,0.0,0.0,0.0,,,1.0,0.0,1.0,0.0,10.0,0.0,10000000.0,0.99999990000001,0.0,0.0,0.0,0.0,0.0,0.0,0.0,0.0,0.0,0.0,0.0,0.0,1.0,7.0,0.12499998437500197,10.0,1.0,1.0,0.0,1.0,0.0,1000000.0,0.0,0.0,,0.0,0.3333333333333333,0.06666666666666667,2.066666666666667,0.06666666666666667,0.0,-0.3901024210980546
2021SLU__2021_06_11_SLU_S9__bot2p2_Zoom_Meeting_Room_2_2021_06_11_13_02_58_chunk2.mp4,2021SLU,2021_06_11_SLU_S9,2021_06_11_SLU_S9,1,9,middle,1.0,0.0,True,False,False,True,0.34857142857142853,0.0,0.0,1.0,0.0,3.0,0.0,0.0,0.0,0.0,2.0,1.0,1.0,0.0,0.0,0.0,0.0,0.0,0.0,0.0,0.0,0.0,1.0,,0.0,0.0,0.0,0.0,0.0,2.0,10.0,1.0,11.0,6.0,0.0,4.0,3.0,1.0,0.0,0.0,0.0,14.0,0.0,0.0,0.0,0.0,1.1,0.1,1.0,0.0,1.0909090909090908,0.09090909090909091,27.0,1.0,26.999973000027,0.96428567984694,0.0,0.0,0.0,0.0,0.0,0.0,0.0,0.0,0.0,0.0,0.0,0.0,0.0,14.0,0.0,24.0,1.0909090909090908,1.0,0.0,2.0,0.0,2000000.0,0.0,0.0,1.3225806451612903,0.0967741935483871,0.16129032258064516,0.0967741935483871,2.193548387096774,0.1935483870967742,0.03225806451612903,0.38909773520697893
2021SLU__2021_06_11_SLU_S9__bot2p2_Zoom_Meeting_Room_2_2021_06_11_13_02_58_chunk3.mp4,2021SLU,2021_06_11_SLU_S9,2021_06_11_SLU_S9,2,9,middle,1.0,0.0,True,False,False,True,0.38899613899613916,0.0,0.0,1.0,0.0,3.0,0.0,0.0,0.0,0.0,3.0,1.0,1.0,0.0,0.0,0.0,0.0,0.0,0.0,0.0,0.0,0.0,0.0,3.0,1.0,1.0,0.0,1.0,0.0,1.0,6.0,5.0,8.0,5.0,0.0,3.0,0.0,3.0,0.0,0.0,0.0,0.0,0.0,0.0,1.0,0.0,1.1666666666666667,0.16666666666666666,1.0,0.0,1.375,0.375,17.0,4.0,4.249998937500266,0.8095237709750585,0.0,0.0,0.0,0.0,0.0,0.0,1.0,0.0,0.0,0.0,0.0,0.0,0.0,0.0,0.0,21.0,1.2352941176470589,1.0,0.0,3.0,0.0,3000000.0,0.0,0.0,1.6111111111111112,0.0,0.16666666666666666,0.05555555555555555,2.4444444444444446,0.4444444444444444,0.05555555555555555,0.05273569805434749
2021SLU__2021_06_11_SLU_S9__bot2p2_Zoom_Meeting_Room_2_2021_06_11_13_02_58_chunk4.mp4,2021SLU,2021_06_11_SLU_S9,2021_06_11_SLU_S9,3,9,middle,1.0,0.0,True,False,False,True,0.2971032433770735,0.0,0.0,1.0,0.0,3.0,1.0,0.0,0.0,0.0,3.0,1.0,3.0,1.0,0.0,0.0,0.0,0.0,1.0,0.0,0.0,0.0,1.0,3.0,1.0,1.0,0.0,0.0,0.0,1.0,7.0,2.0,13.0,9.0,4.0,4.0,1.0,2.0,0.0,0.0,1.0,21.0,0.0,0.0,0.0,0.0,1.7142857142857142,0.7142857142857143,1.0,0.5,1.0,0.07692307692307693,27.0,3.0,8.999997000000999,0.899999970000001,0.0,0.0,1.0,0.0,0.0,0.0,0.0,0.0,0.0,0.0,0.0,0.0,4.0,12.0,0.24999998437500096,27.0,1.2272727272727273,0.9090909090909091,1.0,0.0,0.0,1000000.0,0.0,0.0,1.0714285714285714,0.10714285714285714,0.25,0.03571428571428571,2.25,0.25,0.07142857142857142,0.16888667175655425
2021SLU__2021_06_11_SLU_S9__bot2p2_Zoom_Meeting_Room_2_2021_06_11_13_02_58_chunk5.mp4,2021SLU,2021_06_11_SLU_S9,2021_06_11_SLU_S9,4,9,middle,1.0,0.0,True,False,False,True,0.17664974619289353,0.0,1.0,0.0,0.0,3.0,1.0,0.0,0.0,0.0,4.0,3.0,3.0,1.0,0.0,0.0,1.0,0.0,0.0,1.0,0.0,0.0,1.0,3.0,1.0,1.0,0.0,0.0,0.0,1.0,11.0,6.0,5.0,11.0,0.0,1.0,0.0,3.0,0.0,0.0,0.0,20.0,0.0,0.0,0.0,1.0,1.4545454545454546,0.45454545454545453,1.0,0.0,1.4,0.4,21.0,7.0,2.9999995714286327,0.7499999732142867,0.0,0.0,0.0,0.0,0.0,0.0,0.0,1.0,0.0,0.0,3.0,0.0,2.0,3.0,0.399999920000016,25.0,1.3888888888888888,1.0,0.0,0.0,2.0,0.0,0.0,0.0,0.9230769230769231,0.0,0.038461538461538464,0.038461538461538464,2.0384615384615383,0.038461538461538464,0.07692307692307693,-0.32219601793197933
2021SLU__2021_06_11_SLU_S9__bot2p2_Zoom_Meeting_Room_2_2021_06_11_13_02_58_chunk6.mp4,2021SLU,2021_06_11_SLU_S9,2021_06_11_SLU_S9,5,9,middle,1.0,0.0,True,False,False,True,0.19288389513108606,0.0,0.0,1.0,0.0,3.0,1.0,0.0,0.0,0.0,2.0,1.0,3.0,1.0,0.0,0.0,1.0,0.0,0.0,0.0,1.0,0.0,1.0,3.0,1.0,1.0,0.0,0.0,0.0,1.0,9.0,7.0,8.0,4.0,1.0,4.0,3.0,2.0,0.0,1.0,1.0,24.0,0.0,0.0,0.0,0.0,1.4444444444444444,0.4444444444444444,2.0,1.0,1.5,0.5,21.0,2.0,10.499994750002624,0.9130434385633287,1.0,0.0,1.0,0.0,0.0,0.0,0.0,0.0,0.0,0.0,0.0,0.0,10.0,6.0,0.6249999609375024,29.0,1.5263157894736843,1.0,1.0,0.0,0.0,1000000.0,0.0,0.0,1.36,0.12,0.24,0.12,2.16,0.16,0.08,0.5522060734228247
2021SLU__2021_06_11_SLU_S9__bot2p2_Zoom_Meeting_Room_2_2021_06_11_13_02_58_chunk7.mp4,2021SLU,2021_06_11_SLU_S9,2021_06_11_SLU_S9,6,9,middle,1.0,0.0,True,False,False,True,0.6174055829228244,1.0,1.0,0.0,0.0,3.0,1.0,0.0,0.0,0.0,3.0,3.0,3.0,1.0,0.0,0.0,1.0,0.0,0.0,0.0,1.0,0.0,1.0,3.0,1.0,1.0,0.0,0.0,1.0,1.0,11.0,3.0,12.0,5.0,2.0,3.0,0.0,0.0,0.0,1.0,1.0,25.0,0.0,0.0,0.0,0.0,1.7272727272727273,0.7272727272727273,,,1.3636363636363635,0.36363636363636365,26.0,2.0,12.99999350000325,0.9285713954081645,1.0,0.0,1.0,0.0,0.0,0.0,0.0,0.0,0.0,0.0,0.0,0.0,9.0,5.0,0.6428570969387788,34.0,1.5454545454545454,1.0,0.0,3.0,0.0,3000000.0,0.0,0.0,1.24,0.08,0.2,0.16,2.52,0.52,0.16,0.4257904321603399
2021SLU__2021_06_11_SLU_S9__bot2p2_Zoom_Meeting_Room_2_2021_06_11_13_02_58_chunk8.mp4,2021SLU,2021_06_11_SLU_S9,2021_06_11_SLU_S9,7,9,middle,1.0,0.0,True,False,False,True,0.3694968553459119,0.0,0.0,0.0,0.0,3.0,1.0,0.0,0.0,0.0,3.0,3.0,3.0,1.0,0.0,0.0,1.0,0.0,0.0,0.0,0.0,0.0,1.0,3.0,1.0,1.0,0.0,0.0,0.0,2.0,6.0,3.0,4.0,1.0,2.0,2.0,3.0,1.0,0.0,0.0,0.0,15.0,0.0,0.0,0.0,0.0,1.6666666666666667,0.6666666666666666,1.0,0.0,1.75,0.75,11.0,1.0,10.999989000011,0.9166665902777842,0.0,0.0,0.0,0.0,0.0,0.0,0.0,0.0,0.0,0.0,0.0,0.0,5.0,2.0,0.7142856122449125,18.0,1.6363636363636365,1.0,0.0,1.0,0.0,1000000.0,0.0,0.0,0.8823529411764706,0.058823529411764705,0.47058823529411764,0.0,2.3529411764705883,0.35294117647058826,0.11764705882352941,-0.19616519181716777
2021SLU__2021_06_11_SLU_S9__bot2p1_Zoom_Meeting_Room_2_2021_06_11_13_02_29.mp4,2021SLU,2021_06_11_SLU_S9,2021_06_11_SLU_S9,8,9,end,1.0,0.0,True,False,False,True,0.0,1.0,0.0,0.0,1.0,1.0,0.0,0.0,0.0,0.0,,3.0,0.0,0.0,0.0,0.0,0.0,0.0,0.0,0.0,0.0,0.0,0.0,,0.0,0.0,0.0,0.0,0.0,0.0,0.0,0.0,0.0,0.0,0.0,0.0,0.0,0.0,0.0,0.0,0.0,0.0,0.0,0.0,0.0,0.0,,,,,,,0.0,0.0,0.0,0.0,0.0,0.0,0.0,0.0,0.0,0.0,0.0,0.0,0.0,0.0,0.0,0.0,0.0,0.0,0.0,0.0,,,0.0,0.0,0.0,0.0,0.0,0.0,0.0,0.0,0.0,0.0,1.0,0.0,0.0,-0.8604649237120855
2021SLU__2021_06_11_SLU_S8__bot1_2021_06_11_13_01_53_chunk1.mp4,2021SLU,2021_06_11_SLU_S8,2021_06_11_SLU_S8,0,8,beginning,2.0,2.0,True,True,True,True,0.45327102803738306,0.0,0.0,0.0,1.0,3.0,0.0,0.0,0.0,0.0,,1.0,0.0,0.0,0.0,0.0,0.0,0.0,0.0,0.0,1.0,0.0,1.0,,0.0,0.0,0.0,1.0,1.0,2.0,0.0,3.0,9.0,0.0,9.0,8.0,8.0,1.0,0.0,0.0,0.0,8.0,0.0,0.0,0.0,0.0,,,1.0,0.0,0.7777777777777778,0.0,10.0,0.0,10000000.0,0.99999990000001,0.0,0.0,0.0,0.0,0.0,0.0,0.0,0.0,0.0,0.0,0.0,0.0,0.0,7.0,0.0,8.0,0.8,0.8,0.0,1.0,0.0,1000000.0,0.0,0.0,0.6571428571428571,0.11428571428571428,0.22857142857142856,0.11428571428571428,2.1142857142857143,0.11428571428571428,0.0,0.1732112335947372
2021SLU__2021_06_11_SLU_S8__bot1_2021_06_11_13_01_53_chunk2.mp4,2021SLU,2021_06_11_SLU_S8,2021_06_11_SLU_S8,1,8,middle,2.0,2.0,True,True,True,True,0.21316085489313852,0.0,0.0,1.0,0.0,3.0,0.0,0.0,0.0,0.0,2.0,1.0,1.0,0.0,0.0,0.0,0.0,0.0,0.0,0.0,0.0,0.0,0.0,,0.0,0.0,0.0,0.0,0.0,1.0,9.0,8.0,3.0,5.0,0.0,1.0,1.0,0.0,0.0,0.0,0.0,15.0,0.0,0.0,0.0,0.0,1.1111111111111112,0.1111111111111111,,,1.0,0.0,17.0,0.0,17000000.0,0.999999941176474,0.0,0.0,0.0,0.0,0.0,0.0,0.0,0.0,0.0,0.0,0.0,0.0,0.0,5.0,0.0,13.0,1.0833333333333333,1.0,0.0,0.0,0.0,0.0,0.0,0.0,1.625,0.0,0.125,0.0,2.0,0.0,0.25,-0.06661354022035004
2021SLU__2021_06_11_SLU_S8__bot1_2021_06_11_13_01_53_chunk3.mp4,2021SLU,2021_06_11_SLU_S8,2021_06_11_SLU_S8,2,8,middle,2.0,2.0,True,True,True,True,0.26396440929312903,0.0,0.0,1.0,0.0,3.0,1.0,0.0,0.0,0.0,2.0,1.0,3.0,1.0,0.0,1.0,0.0,0.0,0.0,1.0,0.0,0.0,1.0,3.0,1.0,1.0,0.0,0.0,0.0,1.0,6.0,2.0,3.0,3.0,2.0,1.0,0.0,0.0,0.0,0.0,0.0,14.0,0.0,0.0,0.0,0.0,1.1666666666666667,0.16666666666666666,,,1.0,0.0,10.0,1.0,9.999990000010001,0.9090908264462886,0.0,0.0,0.0,0.0,0.0,0.0,0.0,0.0,0.0,1.0,0.0,1000000.0,0.0,8.0,0.0,10.0,1.1111111111111112,1.0,0.0,0.0,0.0,0.0,0.0,0.0,2.142857142857143,0.14285714285714285,0.5714285714285714,0.07142857142857142,2.0714285714285716,0.07142857142857142,0.42857142857142855,0.915007087391301
2021SLU__2021_06_11_SLU_S8__bot1_2021_06_11_13_01_53_chunk4.mp4,2021SLU,2021_06_11_SLU_S8,2021_06_11_SLU_S8,3,8,middle,2.0,2.0,True,True,True,True,0.2318840579710144,0.0,0.0,1.0,0.0,3.0,1.0,0.0,0.0,0.0,2.0,1.0,2.0,0.0,0.0,0.0,0.0,1.0,0.0,0.0,1.0,0.0,1.0,,0.0,0.0,1.0,0.0,1.0,1.0,7.0,4.0,6.0,5.0,3.0,1.0,0.0,0.0,0.0,0.0,0.0,13.0,0.0,0.0,0.0,0.0,1.5714285714285714,0.5714285714285714,,,1.5,0.6666666666666666,15.0,1.0,14.999985000015002,0.9374999414062536,0.0,0.0,0.0,0.0,0.0,0.0,0.0,0.0,0.0,1.0,0.0,1000000.0,8.0,3.0,0.7272726611570308,20.0,1.5384615384615385,0.9230769230769231,0.0,1.0,0.0,1000000.0,0.0,0.0,1.4705882352941178,0.17647058823529413,0.5294117647058824,0.29411764705882354,2.235294117647059,0.23529411764705882,0.17647058823529413,1.2254700242696623
2021SLU__2021_06_11_SLU_S8__bot1_2021_06_11_13_01_53_chunk5.mp4,2021SLU,2021_06_11_SLU_S8,2021_06_11_SLU_S8,4,8,middle,2.0,2.0,True,True,True,True,0.3802876480541455,1.0,0.0,1.0,0.0,3.0,1.0,0.0,0.0,0.0,2.0,1.0,3.0,1.0,0.0,0.0,1.0,0.0,0.0,1.0,0.0,0.0,1.0,3.0,1.0,1.0,0.0,0.0,0.0,1.0,6.0,7.0,6.0,5.0,3.0,0.0,0.0,4.0,0.0,0.0,0.0,0.0,0.0,0.0,0.0,0.0,1.5,0.5,2.0,1.0,1.75,0.75,16.0,1.0,15.999984000016001,0.9411764152249167,0.0,0.0,0.0,0.0,0.0,0.0,0.0,0.0,0.0,0.0,0.0,0.0,0.0,0.0,0.0,24.0,1.7142857142857142,1.0,0.0,1.0,0.0,1000000.0,0.0,0.0,1.2941176470588236,0.058823529411764705,0.23529411764705882,0.058823529411764705,2.3529411764705883,0.23529411764705882,0.058823529411764705,0.1385456769556824
2021SLU__2021_06_11_SLU_S8__bot1_2021_06_11_13_01_53_chunk6.mp4,2021SLU,2021_06_11_SLU_S8,2021_06_11_SLU_S8,5,8,middle,2.0,2.0,True,True,True,True,0.33421828908554563,0.0,1.0,0.0,0.0,3.0,0.0,0.0,0.0,1.0,3.0,2.0,3.0,1.0,0.0,0.0,1.0,0.0,1.0,0.0,1.0,0.0,1.0,,0.0,0.0,0.0,0.0,0.0,2.0,5.0,5.0,8.0,2.0,5.0,1.0,5.0,4.0,0.0,0.0,0.0,19.0,0.0,0.0,0.0,0.0,1.2,0.2,1.5,0.5,1.0,0.125,18.0,1.0,17.999982000018,0.9473683711911383,0.0,0.0,0.0,0.0,0.0,0.0,0.0,0.0,0.0,0.0,0.0,0.0,5.0,10.0,0.3333333111111126,20.0,1.1764705882352942,0.9411764705882353,1.0,0.0,0.0,1000000.0,0.0,0.0,0.7272727272727273,0.045454545454545456,0.18181818181818182,0.045454545454545456,2.272727272727273,0.2727272727272727,0.22727272727272727,-0.2217359854604303
2021SLU__2021_06_11_SLU_S8__bot1_2021_06_11_13_01_53_chunk7.mp4,2021SLU,2021_06_11_SLU_S8,2021_06_11_SLU_S8,6,8,middle,2.0,2.0,True,True,True,True,0.4890476190476192,0.0,0.0,1.0,0.0,3.0,1.0,0.0,0.0,0.0,3.0,2.0,3.0,1.0,0.0,1.0,1.0,0.0,0.0,0.0,0.0,0.0,0.0,3.0,1.0,1.0,0.0,0.0,1.0,1.0,8.0,4.0,6.0,4.0,0.0,0.0,0.0,3.0,1.0,0.0,1.0,15.0,0.0,0.0,0.0,0.0,1.5,0.5,1.3333333333333333,0.3333333333333333,1.5,0.5,20.0,1.0,19.999980000020003,0.9523809070294805,0.0,0.0,1.0,1.0,0.0,0.0,0.0,0.0,0.0,0.0,0.0,0.0,7.0,5.0,0.5833332847222263,25.0,1.4705882352941178,1.0,0.0,0.0,0.0,0.0,0.0,0.0,2.1176470588235294,0.058823529411764705,0.29411764705882354,0.17647058823529413,2.176470588235294,0.17647058823529413,0.35294117647058826,0.8079674145013827
2021SLU__2021_06_11_SLU_S8__bot1_2021_06_11_13_01_53_chunk8.mp4,2021SLU,2021_06_11_SLU_S8,2021_06_11_SLU_S8,7,8,end,2.0,2.0,True,True,True,True,0.4887218045112782,0.0,1.0,0.0,0.0,3.0,1.0,0.0,1.0,1.0,3.0,2.0,3.0,1.0,0.0,0.0,1.0,0.0,1.0,0.0,1.0,0.0,1.0,,0.0,0.0,0.0,0.0,0.0,2.0,2.0,4.0,3.0,3.0,11.0,4.0,9.0,2.0,0.0,2.0,1.0,23.0,0.0,0.0,0.0,0.0,2.0,1.0,1.5,0.5,1.0,0.0,10.0,1.0,9.999990000010001,0.9090908264462886,2.0,0.0,1.0,0.0,0.0,0.0,0.0,0.0,0.0,0.0,0.0,0.0,9.0,11.0,0.4499999775000011,9.0,1.5,1.0,1.0,0.0,1.0,0.9999990000010001,0.0,0.0,0.5882352941176471,0.058823529411764705,0.20588235294117646,0.08823529411764706,2.176470588235294,0.17647058823529413,0.058823529411764705,-0.13951776446321024
2021SLU__2021_06_10_SLU_S2__bot2p2_Zoom_Meeting_Room_2_2021_06_10_12_37_25_chunk1.mp4,2021SLU,2021_06_10_SLU_S2,2021_06_10_SLU_S2,0,9,beginning,2.0,1.0,True,True,True,True,0.25624999999999987,0.0,0.0,0.0,1.0,3.0,0.0,0.0,0.0,0.0,,1.0,0.0,0.0,0.0,0.0,0.0,0.0,0.0,0.0,0.0,0.0,1.0,,0.0,0.0,0.0,0.0,1.0,2.0,0.0,1.0,9.0,1.0,2.0,9.0,6.0,1.0,0.0,0.0,0.0,9.0,0.0,0.0,0.0,0.0,,,1.0,0.0,1.0,0.0,11.0,0.0,11000000.0,0.9999999090909174,0.0,0.0,0.0,0.0,0.0,0.0,0.0,0.0,0.0,0.0,0.0,0.0,0.0,9.0,0.0,10.0,1.0,1.0,1.0,0.0,0.0,1000000.0,0.0,0.0,1.1481481481481481,0.037037037037037035,0.4444444444444444,0.037037037037037035,2.0,0.0,0.0,-0.06861693978336288
2021SLU__2021_06_10_SLU_S2__bot2p2_Zoom_Meeting_Room_2_2021_06_10_12_37_25_chunk2.mp4,2021SLU,2021_06_10_SLU_S2,2021_06_10_SLU_S2,1,9,middle,2.0,1.0,True,True,True,True,0.2912743251726304,1.0,0.0,1.0,0.0,2.0,1.0,0.0,0.0,0.0,2.0,1.0,2.0,0.0,1.0,0.0,0.0,0.0,0.0,0.0,1.0,0.0,1.0,,0.0,0.0,0.0,1.0,1.0,1.0,4.0,2.0,6.0,0.0,3.0,0.0,3.0,1.0,0.0,0.0,0.0,8.0,0.0,0.0,1.0,0.0,1.75,0.75,1.0,0.0,1.5,0.5,11.0,0.0,11000000.0,0.9999999090909174,0.0,0.0,0.0,0.0,0.0,0.0,1.0,0.0,0.0,0.0,0.0,0.0,0.0,8.0,0.0,17.0,1.5454545454545454,1.0,0.0,0.0,0.0,0.0,0.0,0.0,0.25,0.08333333333333333,0.08333333333333333,0.0,2.0,0.0,0.08333333333333333,-0.4078975651635585
2021SLU__2021_06_10_SLU_S2__bot2p2_Zoom_Meeting_Room_2_2021_06_10_12_37_25_chunk3.mp4,2021SLU,2021_06_10_SLU_S2,2021_06_10_SLU_S2,2,9,middle,2.0,1.0,True,True,True,True,0.32172869147659067,0.0,0.0,1.0,0.0,3.0,1.0,0.0,0.0,0.0,2.0,1.0,3.0,1.0,0.0,0.0,0.0,0.0,0.0,0.0,0.0,0.0,1.0,,0.0,0.0,0.0,1.0,0.0,1.0,5.0,2.0,7.0,5.0,1.0,5.0,2.0,1.0,0.0,1.0,2.0,17.0,0.0,0.0,2.0,0.0,1.6,0.6,1.0,0.0,1.2857142857142858,0.2857142857142857,18.0,0.0,18000000.0,0.9999999444444475,1.0,0.0,2.0,0.0,0.0,0.0,2.0,0.0,0.0,0.0,0.0,0.0,1.0,10.0,0.09090908264462885,18.0,1.3846153846153846,1.0,0.0,1.0,0.0,1000000.0,0.0,0.0,2.0,0.058823529411764705,0.47058823529411764,0.35294117647058826,2.176470588235294,0.17647058823529413,0.0,1.1511558825281714
2021SLU__2021_06_10_SLU_S2__bot2p2_Zoom_Meeting_Room_2_2021_06_10_12_37_25_chunk4.mp4,2021SLU,2021_06_10_SLU_S2,2021_06_10_SLU_S2,3,9,middle,2.0,1.0,True,True,True,True,0.2698220064724919,0.0,1.0,0.0,0.0,3.0,1.0,1.0,0.0,0.0,3.0,3.0,3.0,1.0,1.0,1.0,1.0,1.0,0.0,0.0,0.0,0.0,0.0,,0.0,0.0,0.0,0.0,1.0,1.0,4.0,3.0,6.0,3.0,0.0,0.0,1.0,4.0,0.0,0.0,2.0,15.0,2.0,1.0,0.0,0.0,1.5,0.5,2.0,1.0,1.5,0.5,16.0,3.0,5.333331555556148,0.8421052188365674,0.0,0.0,2.0,0.0,2.0,1.0,0.0,0.0,0.0,0.0,0.0,0.0,6.0,1.0,0.857142734693895,23.0,1.6428571428571428,1.0,0.0,1.0,2.0,0.499999750000125,0.0,0.0,1.3333333333333333,0.0,0.1111111111111111,0.1111111111111111,2.2777777777777777,0.2777777777777778,0.05555555555555555,0.043168899693634834
2021SLU__2021_06_10_SLU_S2__bot2p2_Zoom_Meeting_Room_2_2021_06_10_12_37_25_chunk5.mp4,2021SLU,2021_06_10_SLU_S2,2021_06_10_SLU_S2,4,9,middle,2.0,1.0,True,True,True,True,0.3863255033557047,0.0,0.0,1.0,0.0,3.0,1.0,1.0,0.0,0.0,3.0,3.0,3.0,1.0,1.0,1.0,1.0,0.0,1.0,0.0,1.0,0.0,1.0,3.0,1.0,1.0,1.0,1.0,0.0,1.0,2.0,4.0,10.0,3.0,1.0,0.0,1.0,2.0,0.0,0.0,1.0,11.0,0.0,0.0,1.0,0.0,1.5,0.5,1.5,0.5,1.5,0.5,16.0,1.0,15.999984000016001,0.9411764152249167,0.0,0.0,1.0,0.0,0.0,0.0,1.0,0.0,0.0,0.0,0.0,0.0,3.0,5.0,0.3749999531250059,21.0,1.5,1.0,0.0,0.0,0.0,0.0,0.0,0.0,1.5384615384615385,0.15384615384615385,0.6153846153846154,0.07692307692307693,2.1538461538461537,0.15384615384615385,0.15384615384615385,0.6757942203203259
2021SLU__2021_06_10_SLU_S2__bot2p2_Zoom_Meeting_Room_2_2021_06_10_12_37_25_chunk6.mp4,2021SLU,2021_06_10_SLU_S2,2021_06_10_SLU_S2,5,9,middle,2.0,1.0,True,True,True,True,0.38219120135363793,0.0,1.0,0.0,0.0,3.0,1.0,0.0,0.0,0.0,3.0,3.0,3.0,1.0,1.0,1.0,1.0,0.0,1.0,1.0,0.0,0.0,1.0,,0.0,0.0,1.0,0.0,0.0,1.0,7.0,3.0,5.0,5.0,0.0,2.0,0.0,1.0,0.0,0.0,2.0,13.0,0.0,2.0,0.0,1.0,1.7142857142857142,0.7142857142857143,1.0,0.0,1.8,0.8,17.0,0.0,17000000.0,0.999999941176474,0.0,0.0,2.0,0.0,0.0,2.0,0.0,1.0,0.0,0.0,0.0,0.0,6.0,6.0,0.4999999583333368,22.0,1.6923076923076923,1.0,0.0,1.0,0.0,1000000.0,0.0,0.0,0.4117647058823529,0.0,0.11764705882352941,0.0,2.176470588235294,0.17647058823529413,0.0,-0.6593080120580712
2021SLU__2021_06_10_SLU_S2__bot2p2_Zoom_Meeting_Room_2_2021_06_10_12_37_25_chunk7.mp4,2021SLU,2021_06_10_SLU_S2,2021_06_10_SLU_S2,6,9,middle,2.0,1.0,True,True,True,True,0.3801487414187643,0.0,1.0,0.0,0.0,3.0,1.0,0.0,0.0,0.0,3.0,3.0,3.0,1.0,0.0,0.0,1.0,0.0,0.0,0.0,0.0,0.0,0.0,,0.0,0.0,0.0,0.0,0.0,2.0,10.0,5.0,7.0,4.0,1.0,0.0,5.0,5.0,1.0,0.0,3.0,22.0,0.0,0.0,0.0,0.0,1.6,0.6,1.6,0.6,1.5714285714285714,0.5714285714285714,24.0,1.0,23.999976000024002,0.9599999616000015,0.0,0.0,3.0,1.0,0.0,0.0,0.0,0.0,1.0,0.0,0.0,0.0,15.0,5.0,0.7499999625000018,35.0,1.5909090909090908,1.0,0.0,0.0,0.0,0.0,0.0,0.0,0.2857142857142857,0.0,0.0,0.0,2.107142857142857,0.10714285714285714,0.03571428571428571,-0.7208866584827694
2021SLU__2021_06_10_SLU_S2__bot2p2_Zoom_Meeting_Room_2_2021_06_10_12_37_25_chunk8.mp4,2021SLU,2021_06_10_SLU_S2,2021_06_10_SLU_S2,7,9,middle,2.0,1.0,True,True,True,True,0.29824561403508754,0.0,1.0,0.0,0.0,3.0,1.0,1.0,0.0,0.0,4.0,4.0,3.0,1.0,1.0,1.0,1.0,0.0,0.0,0.0,0.0,0.0,0.0,,0.0,0.0,1.0,1.0,0.0,2.0,6.0,1.0,1.0,2.0,2.0,0.0,2.0,4.0,0.0,1.0,0.0,9.0,1.0,1.0,0.0,0.0,1.6666666666666667,0.6666666666666666,1.75,0.75,1.0,0.0,12.0,0.0,12000000.0,0.9999999166666736,1.0,0.0,0.0,0.0,1.0,1.0,0.0,0.0,1.0,1.0,0.0,1000000.0,7.0,2.0,0.7777776913580343,18.0,1.6363636363636365,1.0,0.0,1.0,0.0,1000000.0,0.0,0.0,0.9166666666666666,0.08333333333333333,0.4166666666666667,0.0,2.1666666666666665,0.16666666666666666,0.08333333333333333,-0.08221494629515419
2021SLU__2021_06_10_SLU_S2__bot2p1_Zoom_Meeting_Room_2_2021_06_10_12_35_37.mp4,2021SLU,2021_06_10_SLU_S2,2021_06_10_SLU_S2,8,9,end,2.0,1.0,True,True,True,True,0.6630434782608696,1.0,0.0,0.0,1.0,2.0,0.0,0.0,0.0,0.0,,1.0,0.0,0.0,0.0,0.0,0.0,0.0,0.0,0.0,0.0,0.0,1.0,,0.0,0.0,0.0,0.0,0.0,2.0,0.0,3.0,0.0,0.0,1.0,1.0,1.0,0.0,0.0,0.0,0.0,0.0,0.0,0.0,0.0,0.0,,,,,,,0.0,0.0,0.0,0.0,0.0,0.0,0.0,0.0,0.0,0.0,0.0,0.0,0.0,0.0,0.0,0.0,0.0,0.0,0.0,0.0,,,0.0,0.0,0.0,0.0,0.0,0.0,0.2222222222222222,0.0,0.1111111111111111,0.0,2.0,0.0,0.3333333333333333,-0.7519040507559508
2021SLU__2021_06_11_SLU_S12__botB2_2021_06_11_13_01_54_chunk1.mp4,2021SLU,2021_06_11_SLU_S12,2021_06_11_SLU_S12,0,8,beginning,1.0,0.0,True,False,False,True,0.23638613861386149,0.0,0.0,0.0,1.0,3.0,0.0,0.0,0.0,0.0,,1.0,0.0,0.0,1.0,1.0,0.0,0.0,0.0,0.0,0.0,0.0,1.0,,0.0,0.0,0.0,0.0,1.0,2.0,0.0,2.0,7.0,0.0,3.0,2.0,4.0,2.0,0.0,0.0,0.0,10.0,0.0,1.0,0.0,0.0,,,1.0,0.0,1.0,0.0,9.0,0.0,9000000.0,0.9999998888889013,0.0,0.0,0.0,0.0,0.0,1.0,0.0,0.0,0.0,0.0,0.0,0.0,2.0,7.0,0.22222219753086697,9.0,1.0,1.0,2.0,1.0,0.0,3000000.0,0.0,0.0,0.9565217391304348,0.08695652173913043,0.21739130434782608,0.043478260869565216,2.130434782608696,0.13043478260869565,0.0,0.050335803636895306
2021SLU__2021_06_11_SLU_S12__botB2_2021_06_11_13_01_54_chunk2.mp4,2021SLU,2021_06_11_SLU_S12,2021_06_11_SLU_S12,1,8,middle,1.0,0.0,True,False,False,True,0.17532467532467533,0.0,0.0,1.0,0.0,3.0,1.0,0.0,0.0,0.0,2.0,1.0,2.0,0.0,0.0,0.0,0.0,1.0,0.0,0.0,1.0,0.0,1.0,,0.0,0.0,0.0,0.0,0.0,2.0,7.0,3.0,5.0,7.0,1.0,7.0,7.0,2.0,0.0,0.0,0.0,11.0,0.0,1.0,0.0,0.0,1.5714285714285714,0.5714285714285714,1.5,0.5,1.2,0.2,19.0,2.0,9.499995250002375,0.9047618616780065,0.0,0.0,0.0,0.0,0.0,1.0,0.0,0.0,0.0,0.0,0.0,0.0,4.0,7.0,0.3636363305785154,20.0,1.4285714285714286,1.0,0.0,2.0,0.0,2000000.0,0.0,0.0,0.7272727272727273,0.030303030303030304,0.12121212121212122,0.030303030303030304,2.121212121212121,0.12121212121212122,0.0,-0.3162155883194411
2021SLU__2021_06_11_SLU_S12__botB2_2021_06_11_13_01_54_chunk3.mp4,2021SLU,2021_06_11_SLU_S12,2021_06_11_SLU_S12,2,8,middle,1.0,0.0,True,False,False,True,0.40816326530612246,0.0,0.0,1.0,0.0,3.0,1.0,0.0,0.0,0.0,3.0,2.0,3.0,1.0,0.0,0.0,0.0,0.0,1.0,0.0,0.0,0.0,1.0,3.0,1.0,1.0,0.0,1.0,0.0,1.0,2.0,4.0,7.0,4.0,0.0,2.0,0.0,2.0,0.0,0.0,1.0,13.0,0.0,0.0,1.0,0.0,1.5,0.5,1.0,0.0,1.1428571428571428,0.2857142857142857,13.0,2.0,6.499996750001625,0.8666666088888928,0.0,0.0,1.0,0.0,0.0,0.0,1.0,0.0,0.0,0.0,0.0,0.0,1.0,2.0,0.33333322222225925,13.0,1.1818181818181819,0.9090909090909091,1.0,1.0,0.0,2000000.0,0.0,0.0,1.6,0.06666666666666667,0.3333333333333333,0.06666666666666667,2.3333333333333335,0.3333333333333333,0.0,0.3368836141517324
2021SLU__2021_06_11_SLU_S12__botB2_2021_06_11_13_01_54_chunk4.mp4,2021SLU,2021_06_11_SLU_S12,2021_06_11_SLU_S12,3,8,middle,1.0,0.0,True,False,False,True,0.25503663003663,0.0,0.0,1.0,0.0,3.0,0.0,0.0,0.0,0.0,2.0,1.0,1.0,0.0,0.0,0.0,0.0,0.0,1.0,0.0,0.0,0.0,1.0,3.0,1.0,1.0,0.0,0.0,0.0,1.0,6.0,2.0,13.0,10.0,3.0,4.0,1.0,2.0,0.0,0.0,0.0,17.0,0.0,0.0,0.0,0.0,1.3333333333333333,0.3333333333333333,1.0,0.0,1.2307692307692308,0.3076923076923077,27.0,4.0,6.749998312500422,0.8709677138397511,0.0,0.0,0.0,0.0,0.0,0.0,0.0,0.0,0.0,0.0,0.0,0.0,6.0,3.0,0.6666665925926009,26.0,1.2380952380952381,0.9523809523809523,1.0,1.0,0.0,2000000.0,0.0,0.0,0.6551724137931034,0.06896551724137931,0.06896551724137931,0.0,2.206896551724138,0.20689655172413793,0.1724137931034483,-0.2669329349845499
2021SLU__2021_06_11_SLU_S12__botB2_2021_06_11_13_01_54_chunk5.mp4,2021SLU,2021_06_11_SLU_S12,2021_06_11_SLU_S12,4,8,middle,1.0,0.0,True,False,False,True,0.21660958904109595,0.0,0.0,1.0,0.0,3.0,0.0,0.0,0.0,0.0,3.0,2.0,2.0,0.0,0.0,0.0,0.0,0.0,0.0,0.0,0.0,0.0,1.0,3.0,1.0,1.0,0.0,0.0,0.0,1.0,8.0,5.0,5.0,8.0,0.0,0.0,0.0,1.0,0.0,0.0,0.0,18.0,0.0,0.0,0.0,0.0,1.375,0.375,1.0,0.0,1.4,0.4,15.0,5.0,2.99999940000012,0.7499999625000018,0.0,0.0,0.0,0.0,0.0,0.0,0.0,0.0,0.0,0.0,2.0,0.0,5.0,1.0,0.8333331944444675,19.0,1.3571428571428572,1.0,0.0,0.0,1.0,0.0,0.0,0.0,0.96,0.0,0.04,0.0,2.12,0.12,0.08,-0.3914819525415834
2021SLU__2021_06_11_SLU_S12__botB2_2021_06_11_13_01_54_chunk6.mp4,2021SLU,2021_06_11_SLU_S12,2021_06_11_SLU_S12,5,8,middle,1.0,0.0,True,False,False,True,0.34111111111111114,0.0,0.0,1.0,0.0,3.0,1.0,0.0,1.0,0.0,2.0,1.0,3.0,1.0,0.0,0.0,1.0,0.0,0.0,0.0,1.0,0.0,1.0,3.0,1.0,1.0,0.0,0.0,0.0,1.0,8.0,7.0,7.0,5.0,1.0,4.0,2.0,2.0,0.0,1.0,2.0,21.0,0.0,0.0,0.0,0.0,1.5,0.5,1.5,0.5,1.4285714285714286,0.42857142857142855,17.0,5.0,3.399999320000136,0.7727272376033073,1.0,0.0,2.0,0.0,0.0,0.0,0.0,0.0,1.0,0.0,1.0,0.0,14.0,3.0,0.8235293633218022,25.0,1.4705882352941178,1.0,0.0,0.0,2.0,0.0,0.0,0.0,1.3636363636363635,0.045454545454545456,0.22727272727272727,0.3181818181818182,2.090909090909091,0.09090909090909091,0.36363636363636365,0.7083475882831028
2021SLU__2021_06_11_SLU_S12__botB2_2021_06_11_13_01_54_chunk7.mp4,2021SLU,2021_06_11_SLU_S12,2021_06_11_SLU_S12,6,8,middle,1.0,0.0,True,False,False,True,0.4206484641638226,1.0,1.0,0.0,0.0,3.0,1.0,1.0,0.0,0.0,4.0,3.0,3.0,1.0,0.0,1.0,1.0,0.0,0.0,0.0,1.0,0.0,1.0,,0.0,0.0,0.0,0.0,1.0,2.0,11.0,2.0,7.0,2.0,2.0,2.0,3.0,1.0,0.0,1.0,1.0,12.0,0.0,0.0,0.0,0.0,1.8181818181818181,0.8181818181818182,1.0,0.0,1.4285714285714286,0.42857142857142855,20.0,1.0,19.999980000020003,0.9523809070294805,1.0,0.0,1.0,0.0,0.0,0.0,0.0,0.0,0.0,0.0,0.0,0.0,12.0,0.0,0.9999999166666736,31.0,1.631578947368421,1.0,0.0,0.0,0.0,0.0,0.0,0.0,1.0454545454545454,0.09090909090909091,0.18181818181818182,0.3181818181818182,2.272727272727273,0.2727272727272727,0.0,0.7331461800811147
2021SLU__2021_06_11_SLU_S12__botB2_2021_06_11_13_01_54_chunk8.mp4,2021SLU,2021_06_11_SLU_S12,2021_06_11_SLU_S12,7,8,end,1.0,0.0,True,False,False,True,0.3680555555555556,0.0,0.0,1.0,0.0,3.0,1.0,0.0,1.0,0.0,3.0,3.0,3.0,1.0,0.0,0.0,1.0,0.0,0.0,0.0,0.0,0.0,1.0,,0.0,0.0,0.0,0.0,0.0,2.0,3.0,4.0,6.0,1.0,1.0,2.0,8.0,1.0,1.0,0.0,0.0,17.0,0.0,0.0,0.0,0.0,1.6666666666666667,0.6666666666666666,1.0,0.0,1.0,0.0,10.0,1.0,9.999990000010001,0.9090908264462886,0.0,0.0,0.0,1.0,0.0,0.0,0.0,0.0,0.0,0.0,0.0,0.0,4.0,1.0,0.799999840000032,12.0,1.2,1.0,0.0,0.0,0.0,0.0,0.0,0.0,0.45454545454545453,0.09090909090909091,0.18181818181818182,0.0,2.1818181818181817,0.18181818181818182,0.045454545454545456,-0.27793254560412756
2021SLU__2021_06_11_SLU_S6__Zoom_Meeting_Room_6_2021_06_11_10_58_05_chunk1.mp4,2021SLU,2021_06_11_SLU_S6,2021_06_11_SLU_S6,0,8,beginning,3.0,0.0,True,False,False,True,0.5328185328185329,1.0,0.0,0.0,1.0,3.0,0.0,0.0,0.0,0.0,,1.0,0.0,0.0,0.0,0.0,0.0,0.0,0.0,0.0,1.0,0.0,1.0,,0.0,0.0,0.0,0.0,1.0,2.0,0.0,1.0,8.0,0.0,2.0,8.0,5.0,2.0,0.0,0.0,0.0,9.0,0.0,0.0,0.0,0.0,,,0.5,0.0,1.0,0.0,10.0,0.0,10000000.0,0.99999990000001,0.0,0.0,0.0,0.0,0.0,0.0,0.0,0.0,0.0,0.0,0.0,0.0,1.0,8.0,0.11111109876543349,9.0,0.9,0.9,3.0,1.0,0.0,4000000.0,0.0,0.0,0.3333333333333333,0.07142857142857142,0.16666666666666666,0.07142857142857142,2.0476190476190474,0.047619047619047616,0.0,-0.2522197722282612
2021SLU__2021_06_11_SLU_S6__Zoom_Meeting_Room_6_2021_06_11_10_58_05_chunk2.mp4,2021SLU,2021_06_11_SLU_S6,2021_06_11_SLU_S6,1,8,middle,3.0,0.0,True,False,False,True,0.42131209708001505,0.0,0.0,1.0,0.0,3.0,1.0,0.0,0.0,0.0,2.0,1.0,3.0,1.0,0.0,0.0,1.0,1.0,0.0,0.0,1.0,0.0,1.0,,0.0,0.0,0.0,0.0,0.0,1.0,15.0,2.0,4.0,4.0,2.0,0.0,0.0,0.0,0.0,0.0,1.0,16.0,0.0,0.0,0.0,0.0,1.6,0.6,,,1.25,0.25,22.0,1.0,21.999978000022,0.9565216975425348,0.0,0.0,1.0,0.0,0.0,0.0,0.0,0.0,0.0,0.0,0.0,0.0,5.0,6.0,0.4545454132231443,29.0,1.5263157894736843,1.0,0.0,0.0,0.0,0.0,0.0,0.0,1.375,0.0625,0.25,0.0625,2.25,0.25,0.0,0.20098383949741785
2021SLU__2021_06_11_SLU_S6__Zoom_Meeting_Room_6_2021_06_11_10_58_05_chunk3.mp4,2021SLU,2021_06_11_SLU_S6,2021_06_11_SLU_S6,2,8,middle,3.0,0.0,True,False,False,True,0.5174390826564741,1.0,0.0,1.0,0.0,3.0,0.0,0.0,0.0,0.0,3.0,1.0,2.0,0.0,0.0,0.0,1.0,0.0,1.0,0.0,0.0,0.0,1.0,,0.0,0.0,0.0,0.0,0.0,1.0,4.0,4.0,7.0,5.0,0.0,2.0,1.0,3.0,0.0,0.0,0.0,13.0,0.0,0.0,0.0,0.0,1.75,0.75,1.6666666666666667,0.6666666666666666,1.1428571428571428,0.14285714285714285,16.0,2.0,7.999996000002,0.8888888395061756,0.0,0.0,0.0,0.0,0.0,0.0,0.0,0.0,0.0,0.0,0.0,0.0,4.0,7.0,0.3636363305785154,20.0,1.4285714285714286,1.0,1.0,0.0,0.0,1000000.0,0.0,0.0,1.0714285714285714,0.07142857142857142,0.42857142857142855,0.2857142857142857,2.142857142857143,0.14285714285714285,0.21428571428571427,0.5948753995946593
2021SLU__2021_06_11_SLU_S6__Zoom_Meeting_Room_6_2021_06_11_10_58_05_chunk4.mp4,2021SLU,2021_06_11_SLU_S6,2021_06_11_SLU_S6,3,8,middle,3.0,0.0,True,False,False,True,0.28072799800548487,0.0,0.0,1.0,0.0,3.0,1.0,0.0,0.0,0.0,3.0,2.0,3.0,1.0,0.0,0.0,1.0,0.0,0.0,0.0,1.0,0.0,1.0,,0.0,0.0,0.0,0.0,1.0,1.0,12.0,6.0,8.0,7.0,1.0,2.0,2.0,1.0,0.0,1.0,0.0,25.0,0.0,0.0,0.0,0.0,1.75,0.75,2.0,1.0,1.625,0.625,27.0,1.0,26.999973000027,0.96428567984694,1.0,0.0,0.0,0.0,0.0,0.0,0.0,0.0,0.0,0.0,0.0,0.0,5.0,6.0,0.4545454132231443,36.0,1.7142857142857142,1.0,0.0,1.0,0.0,1000000.0,0.0,0.0,1.2,0.08,0.08,0.4,2.28,0.28,0.16,0.9511496200730853
2021SLU__2021_06_11_SLU_S6__Zoom_Meeting_Room_6_2021_06_11_10_58_05_chunk5.mp4,2021SLU,2021_06_11_SLU_S6,2021_06_11_SLU_S6,4,8,middle,3.0,0.0,True,False,False,True,0.22385057471264358,0.0,0.0,1.0,0.0,3.0,1.0,0.0,0.0,0.0,4.0,2.0,3.0,1.0,0.0,0.0,1.0,0.0,1.0,0.0,1.0,0.0,1.0,,0.0,0.0,0.0,1.0,0.0,2.0,8.0,1.0,5.0,7.0,1.0,3.0,2.0,1.0,0.0,1.0,1.0,17.0,0.0,0.0,0.0,0.0,1.375,0.375,2.0,1.0,1.0,0.0,15.0,6.0,2.4999995833334028,0.7142856802721105,1.0,0.0,1.0,0.0,0.0,0.0,0.0,0.0,0.0,0.0,0.0,0.0,10.0,0.0,0.99999990000001,18.0,1.2857142857142858,1.0,0.0,1.0,0.0,1000000.0,0.0,0.0,1.3529411764705883,0.058823529411764705,0.29411764705882354,0.11764705882352941,2.1176470588235294,0.17647058823529413,0.058823529411764705,0.3008363357393773
2021SLU__2021_06_11_SLU_S6__Zoom_Meeting_Room_6_2021_06_11_10_58_05_chunk6.mp4,2021SLU,2021_06_11_SLU_S6,2021_06_11_SLU_S6,5,8,middle,3.0,0.0,True,False,False,True,0.3476027397260273,0.0,0.0,1.0,0.0,3.0,1.0,1.0,0.0,0.0,3.0,2.0,3.0,1.0,1.0,1.0,1.0,0.0,0.0,0.0,0.0,0.0,0.0,3.0,1.0,1.0,0.0,0.0,1.0,1.0,13.0,5.0,9.0,5.0,0.0,1.0,0.0,2.0,0.0,0.0,0.0,22.0,1.0,0.0,0.0,0.0,1.9230769230769231,0.9230769230769231,1.0,0.0,1.2222222222222223,0.2222222222222222,28.0,1.0,27.999972000028002,0.9655172080856135,0.0,0.0,0.0,0.0,1.0,0.0,0.0,0.0,0.0,0.0,0.0,0.0,5.0,6.0,0.4545454132231443,38.0,1.5833333333333333,1.0,0.0,0.0,0.0,0.0,0.0,0.0,0.9565217391304348,0.0,0.0,0.043478260869565216,2.0869565217391304,0.08695652173913043,0.0,-0.2944673718130617
2021SLU__2021_06_11_SLU_S6__Zoom_Meeting_Room_6_2021_06_11_10_58_05_chunk7.mp4,2021SLU,2021_06_11_SLU_S6,2021_06_11_SLU_S6,6,8,middle,3.0,0.0,True,False,False,True,0.32274205654240684,0.0,1.0,0.0,0.0,3.0,1.0,0.0,0.0,0.0,3.0,3.0,3.0,1.0,0.0,1.0,1.0,0.0,0.0,0.0,0.0,0.0,1.0,3.0,1.0,1.0,1.0,0.0,1.0,2.0,11.0,1.0,7.0,3.0,3.0,1.0,4.0,5.0,0.0,1.0,0.0,0.0,0.0,0.0,0.0,0.0,1.3636363636363635,0.36363636363636365,1.6,0.6,1.0,0.0,23.0,2.0,11.499994250002874,0.9199999632000014,1.0,0.0,0.0,0.0,0.0,0.0,0.0,0.0,0.0,0.0,0.0,0.0,0.0,0.0,0.0,30.0,1.3043478260869565,1.0,1.0,1.0,0.0,2000000.0,0.0,0.0,1.3,0.06666666666666667,0.23333333333333334,0.26666666666666666,2.033333333333333,0.03333333333333333,0.0,0.6444098898649916
2021SLU__2021_06_11_SLU_S6__Zoom_Meeting_Room_6_2021_06_11_10_58_05_chunk8.mp4,2021SLU,2021_06_11_SLU_S6,2021_06_11_SLU_S6,7,8,end,3.0,0.0,True,False,False,True,0.2857142857142858,0.0,0.0,1.0,0.0,3.0,0.0,0.0,1.0,1.0,2.0,2.0,2.0,0.0,0.0,0.0,1.0,0.0,0.0,1.0,0.0,0.0,1.0,,0.0,0.0,1.0,0.0,1.0,1.0,10.0,3.0,5.0,4.0,6.0,1.0,6.0,2.0,0.0,0.0,0.0,24.0,0.0,0.0,0.0,0.0,1.1,0.1,1.5,0.5,1.2,0.2,19.0,1.0,18.999981000019,0.9499999525000024,0.0,0.0,0.0,0.0,0.0,0.0,0.0,0.0,0.0,1.0,0.0,1000000.0,11.0,5.0,0.6874999570312527,20.0,1.1764705882352942,1.0,1.0,2.0,0.0,3000000.0,0.0,0.0,1.105263157894737,0.10526315789473684,0.5263157894736842,0.18421052631578946,2.263157894736842,0.23684210526315788,0.02631578947368421,0.5151106540918339
2021SLU__2021_06_11_SLU_S1__bot1_2021_06_11_10_57_56_chunk1.mp4,2021SLU,2021_06_11_SLU_S1,2021_06_11_SLU_S1,0,8,beginning,3.0,1.0,True,True,True,True,0.2634222919937206,0.0,0.0,0.0,1.0,3.0,0.0,0.0,0.0,0.0,,1.0,0.0,0.0,0.0,0.0,0.0,0.0,0.0,0.0,0.0,0.0,1.0,,0.0,0.0,0.0,1.0,1.0,2.0,0.0,0.0,12.0,0.0,3.0,12.0,6.0,0.0,0.0,0.0,0.0,13.0,0.0,1.0,1.0,0.0,,,,,1.0,0.0,12.0,0.0,12000000.0,0.9999999166666736,0.0,0.0,0.0,0.0,0.0,1.0,1.0,0.0,0.0,0.0,0.0,0.0,0.0,13.0,0.0,12.0,1.0,1.0,0.0,0.0,0.0,0.0,0.0,0.0,0.6060606060606061,0.06060606060606061,0.12121212121212122,0.0,2.0303030303030303,0.030303030303030304,0.0,-0.32407245094235404
2021SLU__2021_06_11_SLU_S1__bot1_2021_06_11_10_57_56_chunk2.mp4,2021SLU,2021_06_11_SLU_S1,2021_06_11_SLU_S1,1,8,middle,3.0,1.0,True,True,True,True,0.3906976744186046,0.0,0.0,1.0,0.0,3.0,0.0,0.0,0.0,1.0,2.0,1.0,2.0,0.0,0.0,0.0,0.0,0.0,0.0,0.0,0.0,0.0,0.0,,0.0,0.0,0.0,0.0,0.0,1.0,2.0,1.0,1.0,1.0,0.0,2.0,5.0,2.0,0.0,0.0,0.0,3.0,0.0,0.0,0.0,0.0,2.0,1.0,1.0,0.0,1.0,0.0,6.0,0.0,6000000.0,0.9999998333333611,0.0,0.0,0.0,0.0,0.0,0.0,0.0,0.0,1.0,0.0,0.0,0.0,1.0,2.0,0.33333322222225925,7.0,1.4,1.0,0.0,1.0,0.0,1000000.0,0.0,0.0,0.7142857142857143,0.0,0.14285714285714285,0.14285714285714285,2.0,0.0,0.0,-0.18717393620733716
2021SLU__2021_06_11_SLU_S1__bot1_2021_06_11_10_57_56_chunk3.mp4,2021SLU,2021_06_11_SLU_S1,2021_06_11_SLU_S1,2,8,middle,3.0,1.0,True,True,True,True,0.5057583925508455,0.0,0.0,1.0,0.0,3.0,1.0,0.0,0.0,0.0,3.0,2.0,3.0,1.0,0.0,0.0,0.0,1.0,0.0,0.0,0.0,0.0,1.0,3.0,1.0,1.0,0.0,0.0,0.0,1.0,1.0,4.0,4.0,6.0,0.0,1.0,0.0,0.0,0.0,0.0,2.0,17.0,0.0,0.0,0.0,0.0,1.0,0.0,,,1.5,0.5,7.0,4.0,1.7499995625001092,0.636363578512402,0.0,0.0,2.0,0.0,0.0,0.0,0.0,0.0,0.0,0.0,0.0,0.0,6.0,10.0,0.37499997656250145,7.0,1.4,1.0,0.0,2.0,0.0,2000000.0,0.0,0.0,1.0,0.047619047619047616,0.047619047619047616,0.14285714285714285,2.0,0.047619047619047616,0.23809523809523808,0.14122511557790782
2021SLU__2021_06_11_SLU_S1__bot1_2021_06_11_10_57_56_chunk4.mp4,2021SLU,2021_06_11_SLU_S1,2021_06_11_SLU_S1,3,8,middle,3.0,1.0,True,True,True,True,0.3681040713081185,0.0,0.0,1.0,0.0,3.0,1.0,0.0,0.0,0.0,2.0,2.0,4.0,1.0,0.0,0.0,1.0,0.0,1.0,0.0,0.0,0.0,1.0,,0.0,0.0,0.0,1.0,0.0,1.0,10.0,1.0,6.0,6.0,0.0,2.0,1.0,1.0,0.0,0.0,1.0,17.0,0.0,0.0,0.0,0.0,1.5555555555555556,0.5555555555555556,2.0,1.0,1.3333333333333333,0.3333333333333333,19.0,4.0,4.749998812500297,0.8260869206049165,0.0,0.0,1.0,0.0,0.0,0.0,0.0,0.0,0.0,0.0,0.0,0.0,10.0,4.0,0.7142856632653098,24.0,1.5,1.0,1.0,1.0,0.0,2000000.0,0.0,0.0,1.4285714285714286,0.047619047619047616,0.09523809523809523,0.38095238095238093,2.5238095238095237,0.5238095238095238,0.3333333333333333,0.8911680541409789
2021SLU__2021_06_11_SLU_S1__bot1_2021_06_11_10_57_56_chunk5.mp4,2021SLU,2021_06_11_SLU_S1,2021_06_11_SLU_S1,4,8,middle,3.0,1.0,True,True,True,True,0.3090277777777777,0.0,0.0,1.0,0.0,3.0,1.0,0.0,0.0,0.0,3.0,2.0,3.0,1.0,1.0,1.0,1.0,0.0,0.0,0.0,0.0,0.0,1.0,3.0,1.0,1.0,1.0,1.0,1.0,1.0,7.0,4.0,5.0,6.0,0.0,5.0,3.0,1.0,1.0,0.0,0.0,15.0,0.0,0.0,1.0,0.0,1.6666666666666667,0.6666666666666666,2.0,1.0,1.0,0.0,17.0,2.0,8.499995750002125,0.8947367950138528,0.0,0.0,0.0,1.0,0.0,0.0,1.0,0.0,0.0,0.0,0.0,0.0,11.0,0.0,0.9999999090909174,17.0,1.4166666666666667,1.0,0.0,0.0,0.0,0.0,0.0,0.0,1.1904761904761905,0.047619047619047616,0.14285714285714285,0.047619047619047616,2.0952380952380953,0.14285714285714285,0.09523809523809523,0.01804707610981318
2021SLU__2021_06_11_SLU_S1__bot1_2021_06_11_10_57_56_chunk6.mp4,2021SLU,2021_06_11_SLU_S1,2021_06_11_SLU_S1,5,8,middle,3.0,1.0,True,True,True,True,0.24571428571428577,0.0,0.0,1.0,0.0,3.0,1.0,0.0,0.0,0.0,3.0,2.0,3.0,1.0,0.0,0.0,1.0,0.0,0.0,0.0,0.0,0.0,1.0,3.0,1.0,1.0,0.0,0.0,1.0,1.0,7.0,8.0,8.0,5.0,1.0,2.0,0.0,1.0,1.0,0.0,2.0,16.0,0.0,0.0,0.0,0.0,1.4,0.4,2.0,1.0,1.3333333333333333,0.3333333333333333,15.0,3.0,4.999998333333888,0.8333332870370396,0.0,0.0,2.0,1.0,0.0,0.0,0.0,0.0,0.0,2.0,0.0,2000000.0,10.0,1.0,0.9090908264462886,17.0,1.4166666666666667,1.0,0.0,1.0,0.0,1000000.0,0.0,0.0,1.0476190476190477,0.047619047619047616,0.09523809523809523,0.047619047619047616,2.0,0.0,0.19047619047619047,-0.05174205650484485
2021SLU__2021_06_11_SLU_S1__bot1_2021_06_11_10_57_56_chunk7.mp4,2021SLU,2021_06_11_SLU_S1,2021_06_11_SLU_S1,6,8,middle,3.0,1.0,True,True,True,True,0.3627450980392155,0.0,1.0,0.0,0.0,3.0,1.0,0.0,0.0,1.0,3.0,3.0,3.0,1.0,0.0,0.0,1.0,0.0,0.0,0.0,0.0,0.0,1.0,3.0,1.0,1.0,0.0,0.0,1.0,2.0,7.0,2.0,4.0,6.0,5.0,3.0,12.0,10.0,2.0,0.0,0.0,30.0,0.0,0.0,0.0,0.0,1.5714285714285714,0.5714285714285714,1.625,0.625,1.5,0.5,23.0,1.0,22.999977000023,0.9583332934027794,0.0,0.0,0.0,2.0,0.0,0.0,0.0,0.0,1.0,1.0,0.0,1000000.0,17.0,1.0,0.9444443919753115,30.0,1.5789473684210527,1.0,2.0,1.0,0.0,3000000.0,0.0,0.0,1.4,0.13333333333333333,0.2,0.06666666666666667,2.066666666666667,0.06666666666666667,0.16666666666666666,0.5035279296695113
2021SLU__2021_06_11_SLU_S1__bot1_2021_06_11_10_57_56_chunk8.mp4,2021SLU,2021_06_11_SLU_S1,2021_06_11_SLU_S1,7,8,end,3.0,1.0,True,True,True,True,0.4547803617571058,0.0,1.0,0.0,0.0,3.0,1.0,0.0,0.0,0.0,4.0,4.0,3.0,1.0,0.0,0.0,1.0,0.0,0.0,0.0,1.0,0.0,1.0,,0.0,0.0,0.0,0.0,1.0,2.0,0.0,0.0,0.0,0.0,0.0,0.0,0.0,0.0,0.0,0.0,0.0,24.0,0.0,0.0,0.0,0.0,,,,,,,0.0,1.0,0.0,0.0,0.0,0.0,0.0,0.0,0.0,0.0,0.0,0.0,0.0,0.0,0.0,0.0,22.0,2.0,0.9166666284722238,0.0,,,0.0,0.0,1.0,0.0,0.0,0.0,0.6808510638297872,0.19148936170212766,0.2553191489361702,0.06382978723404255,2.0425531914893615,0.0425531914893617,0.0,0.37636797368822456
2021SLU__2021_06_10_SLU_S5__botB2_2021_06_10_12_35_06_chunk1.mp4,2021SLU,2021_06_10_SLU_S5,2021_06_10_SLU_S5,0,8,beginning,2.0,1.0,True,True,True,True,0.327659574468085,0.0,0.0,0.0,1.0,3.0,0.0,0.0,0.0,0.0,,1.0,0.0,0.0,0.0,0.0,0.0,0.0,0.0,0.0,0.0,0.0,1.0,,0.0,0.0,0.0,0.0,1.0,2.0,0.0,5.0,9.0,2.0,1.0,9.0,6.0,1.0,0.0,0.0,0.0,10.0,0.0,0.0,0.0,0.0,,,1.0,0.0,1.0,0.0,11.0,1.0,10.999989000011,0.9166665902777842,0.0,0.0,0.0,0.0,0.0,0.0,0.0,0.0,0.0,0.0,0.0,0.0,1.0,9.0,0.09999999000000101,10.0,1.0,1.0,0.0,0.0,0.0,0.0,0.0,0.0,,0.0,0.0,0.0,2.0,0.0,0.05555555555555555,-0.6171441482000752
2021SLU__2021_06_10_SLU_S5__botB2_2021_06_10_12_35_06_chunk2.mp4,2021SLU,2021_06_10_SLU_S5,2021_06_10_SLU_S5,1,8,middle,2.0,1.0,True,True,True,True,0.36949375410913876,1.0,0.0,1.0,0.0,2.0,1.0,0.0,0.0,0.0,2.0,1.0,3.0,1.0,1.0,0.0,1.0,1.0,0.0,0.0,1.0,0.0,1.0,,0.0,0.0,0.0,0.0,1.0,2.0,3.0,1.0,4.0,1.0,2.0,2.0,4.0,0.0,1.0,0.0,0.0,12.0,0.0,0.0,0.0,0.0,1.6666666666666667,0.6666666666666666,,,1.0,0.0,8.0,0.0,8000000.0,0.9999998750000157,0.0,0.0,0.0,1.0,0.0,0.0,0.0,0.0,0.0,0.0,0.0,0.0,5.0,1.0,0.8333331944444675,9.0,1.2857142857142858,1.0,0.0,0.0,0.0,0.0,0.0,0.0,0.5833333333333334,0.16666666666666666,0.16666666666666666,0.08333333333333333,2.0833333333333335,0.08333333333333333,0.0,0.274581559995203
2021SLU__2021_06_10_SLU_S5__botB2_2021_06_10_12_35_06_chunk3.mp4,2021SLU,2021_06_10_SLU_S5,2021_06_10_SLU_S5,2,8,middle,2.0,1.0,True,True,True,True,0.3988505747126436,0.0,0.0,1.0,0.0,3.0,1.0,1.0,0.0,0.0,3.0,2.0,3.0,1.0,1.0,1.0,1.0,0.0,1.0,0.0,0.0,0.0,1.0,,0.0,0.0,1.0,1.0,1.0,1.0,9.0,3.0,4.0,2.0,1.0,4.0,2.0,0.0,0.0,1.0,0.0,19.0,0.0,0.0,1.0,0.0,1.6666666666666667,0.6666666666666666,,,1.0,0.0,14.0,1.0,13.999986000014001,0.9333332711111153,1.0,0.0,0.0,0.0,0.0,0.0,1.0,0.0,0.0,0.0,0.0,0.0,6.0,11.0,0.35294115570934376,19.0,1.4615384615384615,1.0,0.0,3.0,0.0,3000000.0,0.0,0.0,1.4090909090909092,0.09090909090909091,0.22727272727272727,0.2727272727272727,2.227272727272727,0.22727272727272727,0.0,0.8075904598720532
2021SLU__2021_06_10_SLU_S5__botB2_2021_06_10_12_35_06_chunk4.mp4,2021SLU,2021_06_10_SLU_S5,2021_06_10_SLU_S5,3,8,middle,2.0,1.0,True,True,True,True,0.2818856185690357,0.0,1.0,0.0,0.0,3.0,1.0,1.0,0.0,0.0,3.0,3.0,3.0,1.0,1.0,1.0,1.0,0.0,1.0,0.0,1.0,0.0,1.0,,0.0,0.0,0.0,0.0,1.0,1.0,6.0,1.0,6.0,3.0,0.0,0.0,1.0,6.0,0.0,0.0,3.0,14.0,1.0,1.0,0.0,0.0,1.3333333333333333,0.3333333333333333,1.6666666666666667,0.6666666666666666,1.1666666666666667,0.16666666666666666,21.0,1.0,20.999979000021003,0.9545454111570267,0.0,0.0,3.0,0.0,1.0,1.0,0.0,0.0,0.0,0.0,0.0,0.0,7.0,2.0,0.7777776913580343,25.0,1.3888888888888888,1.0,0.0,0.0,1.0,0.0,0.0,0.0,1.2,0.13333333333333333,0.2,0.0,2.4,0.4,0.0,0.2544619926076429
2021SLU__2021_06_10_SLU_S5__botB2_2021_06_10_12_35_06_chunk5.mp4,2021SLU,2021_06_10_SLU_S5,2021_06_10_SLU_S5,4,8,middle,2.0,1.0,True,True,True,True,0.1746829385020341,0.0,1.0,0.0,0.0,3.0,1.0,1.0,0.0,0.0,3.0,3.0,3.0,1.0,1.0,1.0,1.0,0.0,1.0,1.0,0.0,0.0,1.0,,0.0,0.0,1.0,1.0,0.0,1.0,3.0,5.0,9.0,6.0,0.0,1.0,1.0,3.0,0.0,0.0,0.0,0.0,0.0,0.0,1.0,0.0,1.3333333333333333,0.3333333333333333,1.3333333333333333,0.3333333333333333,1.2222222222222223,0.2222222222222222,18.0,3.0,5.999998000000667,0.8571428163265326,0.0,0.0,0.0,0.0,0.0,0.0,1.0,0.0,0.0,0.0,0.0,0.0,0.0,0.0,0.0,19.0,1.2666666666666666,1.0,0.0,0.0,0.0,0.0,0.0,0.0,1.3529411764705883,0.17647058823529413,0.29411764705882354,0.17647058823529413,2.1176470588235294,0.11764705882352941,0.17647058823529413,0.9008887067022725
2021SLU__2021_06_10_SLU_S5__botB2_2021_06_10_12_35_06_chunk6.mp4,2021SLU,2021_06_10_SLU_S5,2021_06_10_SLU_S5,5,8,middle,2.0,1.0,True,True,True,True,0.33299145299145305,0.0,0.0,1.0,0.0,3.0,1.0,0.0,0.0,0.0,3.0,3.0,3.0,1.0,0.0,0.0,1.0,0.0,0.0,0.0,1.0,0.0,1.0,,0.0,0.0,0.0,0.0,1.0,1.0,2.0,3.0,5.0,2.0,0.0,3.0,1.0,1.0,0.0,0.0,0.0,11.0,0.0,0.0,0.0,0.0,1.5,0.5,1.0,0.0,1.6,0.6,9.0,1.0,8.999991000009,0.8999999100000091,0.0,0.0,0.0,0.0,0.0,0.0,0.0,0.0,0.0,0.0,0.0,0.0,2.0,8.0,0.19999998000000202,12.0,1.5,1.0,0.0,1.0,0.0,1000000.0,0.0,0.0,1.6923076923076923,0.23076923076923078,0.23076923076923078,0.15384615384615385,2.076923076923077,0.07692307692307693,0.07692307692307693,1.2306174238049354
2021SLU__2021_06_10_SLU_S5__botB2_2021_06_10_12_35_06_chunk7.mp4,2021SLU,2021_06_10_SLU_S5,2021_06_10_SLU_S5,6,8,middle,2.0,1.0,True,True,True,False,,,,,,,,,,,,,,,,,,,,,,,,,,,,,,,,,,,,,,,,,,,,,,,,,,,,,,,,,,,,,,,,,,,,,,,,,,,,,,,,,,,,,,,,
2021SLU__2021_06_10_SLU_S5__botB2_2021_06_10_12_35_06_chunk8.mp4,2021SLU,2021_06_10_SLU_S5,2021_06_10_SLU_S5,7,8,end,2.0,1.0,True,True,True,True,0.3258145363408522,0.0,1.0,0.0,0.0,3.0,1.0,1.0,0.0,0.0,4.0,4.0,3.0,1.0,1.0,0.0,1.0,0.0,0.0,0.0,0.0,0.0,1.0,,0.0,0.0,1.0,1.0,0.0,2.0,6.0,2.0,3.0,3.0,1.0,2.0,5.0,2.0,0.0,0.0,1.0,14.0,1.0,0.0,1.0,0.0,1.6666666666666667,0.6666666666666666,1.0,0.0,1.6666666666666667,0.6666666666666666,13.0,0.0,13000000.0,0.9999999230769291,0.0,0.0,1.0,0.0,1.0,0.0,1.0,0.0,3.0,1.0,0.0,1000000.0,13.0,0.0,0.9999999230769291,17.0,1.5454545454545454,1.0,0.0,0.0,0.0,0.0,0.0,0.0,0.15789473684210525,0.10526315789473684,0.10526315789473684,0.0,2.1578947368421053,0.15789473684210525,0.05263157894736842,-0.3659362489617261
2021SLU__2021_06_10_SLU_S1__bot1_2021_06_10_12_34_46_chunk1.mp4,2021SLU,2021_06_10_SLU_S1,2021_06_10_SLU_S1,0,8,beginning,3.0,1.0,True,True,True,True,0.3743315508021392,0.0,0.0,0.0,1.0,3.0,0.0,0.0,0.0,1.0,,1.0,0.0,0.0,0.0,0.0,0.0,0.0,0.0,0.0,0.0,0.0,1.0,,0.0,0.0,0.0,0.0,0.0,2.0,0.0,0.0,10.0,0.0,4.0,9.0,11.0,2.0,0.0,0.0,0.0,10.0,0.0,1.0,0.0,0.0,,,1.0,0.0,1.0,0.0,12.0,0.0,12000000.0,0.9999999166666736,0.0,0.0,0.0,0.0,0.0,1.0,0.0,0.0,0.0,0.0,0.0,0.0,0.0,10.0,0.0,12.0,1.0,1.0,0.0,0.0,0.0,0.0,0.0,0.0,1.5,0.09375,0.1875,0.09375,2.0625,0.0625,0.0,0.4569135114319534
2021SLU__2021_06_10_SLU_S1__bot1_2021_06_10_12_34_46_chunk2.mp4,2021SLU,2021_06_10_SLU_S1,2021_06_10_SLU_S1,1,8,middle,3.0,1.0,True,True,True,True,0.41323877068557935,0.0,0.0,1.0,0.0,3.0,1.0,0.0,0.0,0.0,3.0,1.0,0.0,0.0,0.0,0.0,0.0,1.0,0.0,0.0,0.0,0.0,1.0,,0.0,0.0,0.0,0.0,1.0,1.0,4.0,7.0,2.0,1.0,4.0,0.0,7.0,1.0,0.0,0.0,0.0,7.0,0.0,0.0,0.0,0.0,2.0,1.0,1.0,0.0,1.5,0.5,8.0,0.0,8000000.0,0.9999998750000157,0.0,0.0,0.0,0.0,0.0,0.0,0.0,0.0,0.0,0.0,0.0,0.0,3.0,3.0,0.49999991666668053,12.0,1.7142857142857142,1.0,0.0,0.0,0.0,0.0,0.0,0.0,0.95,0.05,0.1,0.0,2.05,0.05,0.1,-0.19810536594088413
2021SLU__2021_06_10_SLU_S1__bot1_2021_06_10_12_34_46_chunk3.mp4,2021SLU,2021_06_10_SLU_S1,2021_06_10_SLU_S1,2,8,middle,3.0,1.0,True,True,True,True,0.26226369944962924,0.0,0.0,1.0,0.0,3.0,1.0,0.0,0.0,0.0,2.0,1.0,4.0,1.0,0.0,0.0,1.0,0.0,0.0,0.0,0.0,0.0,0.0,3.0,1.0,1.0,0.0,0.0,0.0,1.0,0.0,0.0,0.0,0.0,0.0,0.0,0.0,0.0,0.0,0.0,0.0,0.0,0.0,0.0,0.0,0.0,,,,,,,0.0,0.0,0.0,0.0,0.0,0.0,0.0,0.0,0.0,0.0,0.0,0.0,0.0,0.0,0.0,0.0,0.0,0.0,0.0,0.0,,,0.0,1.0,0.0,1000000.0,0.0,0.0,1.0555555555555556,0.0,0.05555555555555555,0.0,2.0555555555555554,0.05555555555555555,0.0,-0.3448007771704454
2021SLU__2021_06_10_SLU_S1__bot1_2021_06_10_12_34_46_chunk4.mp4,2021SLU,2021_06_10_SLU_S1,2021_06_10_SLU_S1,3,8,middle,3.0,1.0,True,True,True,True,0.2359154929577465,0.0,0.0,1.0,0.0,3.0,1.0,0.0,0.0,0.0,2.0,1.0,4.0,1.0,0.0,0.0,1.0,0.0,0.0,1.0,0.0,0.0,1.0,3.0,1.0,1.0,0.0,0.0,1.0,1.0,6.0,2.0,8.0,5.0,2.0,5.0,1.0,4.0,1.0,0.0,0.0,20.0,0.0,0.0,0.0,0.0,1.4,0.4,1.3333333333333333,0.3333333333333333,1.5714285714285714,0.5714285714285714,21.0,1.0,20.999979000021003,0.9545454111570267,0.0,0.0,0.0,1.0,0.0,0.0,0.0,0.0,0.0,0.0,0.0,0.0,2.0,6.0,0.24999996875000394,22.0,1.4666666666666666,1.0,0.0,1.0,0.0,1000000.0,0.0,0.0,0.875,0.125,0.125,0.08333333333333333,2.125,0.125,0.0,0.25184951751369217
2021SLU__2021_06_10_SLU_S1__bot1_2021_06_10_12_34_46_chunk5.mp4,2021SLU,2021_06_10_SLU_S1,2021_06_10_SLU_S1,4,8,middle,3.0,1.0,True,True,True,True,0.4232428317685868,0.0,0.0,1.0,0.0,3.0,1.0,0.0,0.0,0.0,2.0,1.0,3.0,1.0,0.0,0.0,0.0,0.0,0.0,0.0,0.0,0.0,0.0,3.0,1.0,1.0,0.0,0.0,0.0,1.0,8.0,8.0,10.0,4.0,0.0,1.0,0.0,4.0,0.0,0.0,0.0,20.0,0.0,0.0,0.0,0.0,1.8333333333333333,0.8333333333333334,1.0,0.0,1.5,0.5,25.0,1.0,24.999975000025003,0.9615384245562144,0.0,0.0,0.0,0.0,0.0,0.0,0.0,0.0,0.0,0.0,0.0,0.0,4.0,14.0,0.2222222098765439,30.0,1.5,1.0,1.0,2.0,0.0,3000000.0,0.0,0.0,1.85,0.05,0.1,0.05,2.2,0.2,0.0,0.3550870330824721
2021SLU__2021_06_10_SLU_S1__bot1_2021_06_10_12_34_46_chunk6.mp4,2021SLU,2021_06_10_SLU_S1,2021_06_10_SLU_S1,5,8,middle,3.0,1.0,True,True,True,True,0.3979166666666667,0.0,0.0,1.0,0.0,3.0,1.0,0.0,0.0,0.0,3.0,3.0,3.0,1.0,1.0,0.0,1.0,0.0,0.0,0.0,1.0,0.0,1.0,,0.0,0.0,0.0,0.0,1.0,1.0,5.0,5.0,4.0,1.0,5.0,2.0,1.0,0.0,2.0,0.0,0.0,18.0,1.0,0.0,0.0,0.0,1.8,0.8,,,1.5,0.5,10.0,1.0,9.999990000010001,0.9090908264462886,0.0,0.0,0.0,2.0,1.0,0.0,0.0,0.0,0.0,0.0,0.0,0.0,1.0,1.0,0.499999750000125,15.0,1.6666666666666667,1.0,0.0,1.0,1.0,0.9999990000010001,0.0,0.0,1.2222222222222223,0.2777777777777778,0.4444444444444444,0.16666666666666666,2.388888888888889,0.3888888888888889,0.05555555555555555,1.2164773442929417
2021SLU__2021_06_10_SLU_S1__bot1_2021_06_10_12_34_46_chunk7.mp4,2021SLU,2021_06_10_SLU_S1,2021_06_10_SLU_S1,6,8,middle,3.0,1.0,True,True,True,True,0.30553935860058323,0.0,0.0,1.0,0.0,3.0,1.0,0.0,0.0,0.0,2.0,1.0,3.0,1.0,0.0,0.0,1.0,0.0,0.0,0.0,0.0,0.0,0.0,,0.0,0.0,0.0,0.0,0.0,1.0,6.0,5.0,7.0,2.0,2.0,4.0,4.0,0.0,0.0,0.0,0.0,8.0,0.0,0.0,0.0,0.0,1.5,0.5,,,1.2857142857142858,0.42857142857142855,14.0,1.0,13.999986000014001,0.9333332711111153,0.0,0.0,0.0,0.0,0.0,0.0,0.0,0.0,0.0,0.0,0.0,0.0,6.0,1.0,0.857142734693895,18.0,1.3846153846153846,0.9230769230769231,0.0,0.0,1.0,0.0,0.0,0.0,1.1,0.0,0.05,0.05,2.1,0.1,0.0,-0.20956773902820805
2021SLU__2021_06_10_SLU_S1__bot1_2021_06_10_12_34_46_chunk8.mp4,2021SLU,2021_06_10_SLU_S1,2021_06_10_SLU_S1,7,8,end,3.0,1.0,True,True,True,True,0.4816446402349486,0.0,0.0,0.0,0.0,3.0,1.0,0.0,1.0,1.0,3.0,2.0,3.0,1.0,0.0,0.0,1.0,0.0,0.0,0.0,1.0,0.0,1.0,2.0,1.0,0.0,0.0,1.0,1.0,2.0,2.0,4.0,4.0,6.0,8.0,3.0,11.0,2.0,0.0,1.0,0.0,25.0,0.0,1.0,0.0,0.0,1.5,0.5,2.0,1.0,2.0,1.0,12.0,2.0,5.9999970000015,0.8571427959183717,1.0,0.0,0.0,0.0,0.0,1.0,0.0,0.0,3.0,0.0,0.0,0.0,16.0,4.0,0.799999960000002,9.0,1.8,1.0,0.0,0.0,0.0,0.0,0.0,0.0,1.1071428571428572,0.10714285714285714,0.4642857142857143,0.10714285714285714,2.0714285714285716,0.07142857142857142,0.0,0.3485066171259479
2021SLU__2021_06_11_SLU_S10__bot3p2_Room_3_Zoom_Meeting_2021_06_11_13_03_36_chunk1.mp4,2021SLU,2021_06_11_SLU_S10,2021_06_11_SLU_S10,0,9,beginning,1.0,0.0,True,False,False,True,0.4555956678700359,0.0,0.0,0.0,0.0,3.0,1.0,0.0,0.0,1.0,3.0,1.0,3.0,1.0,0.0,0.0,0.0,0.0,0.0,0.0,1.0,0.0,1.0,,0.0,0.0,0.0,0.0,1.0,2.0,3.0,2.0,10.0,0.0,2.0,8.0,5.0,0.0,0.0,0.0,1.0,15.0,0.0,0.0,0.0,0.0,1.0,0.0,,,1.0,0.0,13.0,0.0,13000000.0,0.9999999230769291,0.0,0.0,1.0,0.0,0.0,0.0,0.0,0.0,0.0,0.0,0.0,0.0,1.0,11.0,0.08333332638888948,13.0,1.0,1.0,0.0,0.0,0.0,0.0,0.0,0.0,1.8571428571428572,0.14285714285714285,1.0,0.09523809523809523,2.0,0.0,0.047619047619047616,0.8294863762338945
2021SLU__2021_06_11_SLU_S10__bot3p2_Room_3_Zoom_Meeting_2021_06_11_13_03_36_chunk2.mp4,2021SLU,2021_06_11_SLU_S10,2021_06_11_SLU_S10,1,9,middle,1.0,0.0,True,False,False,True,0.35081585081585076,0.0,0.0,1.0,0.0,3.0,1.0,0.0,0.0,0.0,2.0,1.0,2.0,0.0,0.0,1.0,0.0,0.0,0.0,0.0,1.0,0.0,1.0,,0.0,0.0,0.0,0.0,0.0,1.0,6.0,7.0,11.0,2.0,2.0,2.0,0.0,0.0,0.0,0.0,0.0,23.0,0.0,0.0,0.0,0.0,1.3333333333333333,0.3333333333333333,,,1.0,0.0,19.0,0.0,19000000.0,0.9999999473684238,0.0,0.0,0.0,0.0,0.0,0.0,0.0,0.0,0.0,0.0,0.0,0.0,0.0,23.0,0.0,19.0,1.1176470588235294,1.0,0.0,0.0,0.0,0.0,0.0,0.0,1.64,0.2,0.56,0.44,2.12,0.12,0.08,1.732745221487981
2021SLU__2021_06_11_SLU_S10__bot3p2_Room_3_Zoom_Meeting_2021_06_11_13_03_36_chunk3.mp4,2021SLU,2021_06_11_SLU_S10,2021_06_11_SLU_S10,2,9,middle,1.0,0.0,True,False,False,True,0.32665881429132315,0.0,0.0,1.0,0.0,3.0,1.0,0.0,1.0,1.0,2.0,1.0,3.0,1.0,0.0,0.0,1.0,1.0,0.0,1.0,0.0,0.0,1.0,3.0,1.0,1.0,0.0,0.0,0.0,1.0,8.0,9.0,7.0,7.0,0.0,1.0,0.0,2.0,0.0,0.0,1.0,24.0,0.0,0.0,0.0,0.0,1.625,0.625,2.0,1.0,1.4285714285714286,0.42857142857142855,19.0,5.0,3.799999240000152,0.7916666336805569,0.0,0.0,1.0,0.0,0.0,0.0,0.0,0.0,0.0,0.0,0.0,0.0,7.0,4.0,0.636363578512402,27.0,1.588235294117647,1.0,0.0,0.0,0.0,0.0,0.0,0.0,0.8666666666666667,0.06666666666666667,0.06666666666666667,0.0,2.0,0.06666666666666667,0.16666666666666666,-0.17272841800485958
2021SLU__2021_06_11_SLU_S10__bot3p2_Room_3_Zoom_Meeting_2021_06_11_13_03_36_chunk4.mp4,2021SLU,2021_06_11_SLU_S10,2021_06_11_SLU_S10,3,9,middle,1.0,0.0,True,False,False,True,0.42138364779874204,0.0,0.0,1.0,0.0,3.0,1.0,0.0,0.0,0.0,2.0,1.0,3.0,1.0,0.0,0.0,1.0,0.0,0.0,0.0,0.0,0.0,1.0,,0.0,0.0,0.0,0.0,1.0,1.0,11.0,7.0,7.0,6.0,0.0,0.0,0.0,0.0,0.0,0.0,0.0,18.0,0.0,0.0,0.0,0.0,1.2727272727272727,0.2727272727272727,,,1.4285714285714286,0.5714285714285714,22.0,1.0,21.999978000022,0.9565216975425348,0.0,0.0,0.0,0.0,0.0,0.0,0.0,0.0,0.0,0.0,0.0,0.0,8.0,1.0,0.8888887901234679,24.0,1.3333333333333333,0.9444444444444444,0.0,0.0,0.0,0.0,0.0,0.0,0.6111111111111112,0.0,0.05555555555555555,0.0,2.1666666666666665,0.16666666666666666,0.05555555555555555,-0.561922523082715
2021SLU__2021_06_11_SLU_S10__bot3p2_Room_3_Zoom_Meeting_2021_06_11_13_03_36_chunk5.mp4,2021SLU,2021_06_11_SLU_S10,2021_06_11_SLU_S10,4,9,middle,1.0,0.0,True,False,False,True,0.27442317133038796,0.0,0.0,1.0,0.0,3.0,1.0,0.0,0.0,0.0,2.0,1.0,3.0,1.0,0.0,0.0,1.0,0.0,0.0,0.0,1.0,0.0,1.0,3.0,1.0,1.0,0.0,0.0,0.0,1.0,15.0,4.0,7.0,7.0,2.0,0.0,0.0,1.0,0.0,0.0,1.0,20.0,0.0,0.0,0.0,0.0,1.2,0.2,2.0,1.0,1.4285714285714286,0.42857142857142855,26.0,2.0,12.99999350000325,0.9285713954081645,0.0,0.0,1.0,0.0,0.0,0.0,0.0,0.0,0.0,0.0,0.0,0.0,2.0,0.0,0.99999950000025,30.0,1.3043478260869565,1.0,0.0,0.0,0.0,0.0,0.0,0.0,1.15,0.05,0.1,0.05,2.15,0.15,0.1,0.013120283270647487
2021SLU__2021_06_11_SLU_S10__bot3p2_Room_3_Zoom_Meeting_2021_06_11_13_03_36_chunk6.mp4,2021SLU,2021_06_11_SLU_S10,2021_06_11_SLU_S10,5,9,middle,1.0,0.0,True,False,False,True,0.30855614973262013,0.0,0.0,1.0,0.0,4.0,1.0,0.0,0.0,0.0,2.0,1.0,3.0,1.0,0.0,0.0,1.0,0.0,1.0,0.0,1.0,0.0,1.0,3.0,1.0,1.0,0.0,0.0,0.0,1.0,14.0,5.0,7.0,7.0,5.0,1.0,1.0,2.0,0.0,0.0,0.0,28.0,0.0,0.0,0.0,0.0,1.3333333333333333,0.3333333333333333,1.5,0.5,1.2857142857142858,0.2857142857142857,26.0,7.0,3.714285183673545,0.7878787640036738,0.0,0.0,0.0,0.0,0.0,0.0,0.0,0.0,0.0,0.0,0.0,0.0,6.0,0.0,0.9999998333333611,28.0,1.3333333333333333,1.0,0.0,6.0,3.0,1.9999993333335555,0.0,0.0,1.4166666666666667,0.2222222222222222,0.6111111111111112,0.5833333333333334,2.25,0.25,0.0,2.0371843867393955
2021SLU__2021_06_11_SLU_S10__bot3p2_Room_3_Zoom_Meeting_2021_06_11_13_03_36_chunk7.mp4,2021SLU,2021_06_11_SLU_S10,2021_06_11_SLU_S10,6,9,middle,1.0,0.0,True,False,False,True,0.44133333333333336,0.0,0.0,0.0,0.0,3.0,1.0,0.0,0.0,1.0,2.0,2.0,3.0,1.0,0.0,1.0,1.0,0.0,0.0,0.0,1.0,0.0,1.0,,0.0,0.0,0.0,0.0,0.0,1.0,9.0,9.0,6.0,6.0,8.0,5.0,4.0,1.0,0.0,0.0,0.0,35.0,0.0,0.0,0.0,0.0,1.2222222222222223,0.2222222222222222,1.0,0.0,1.0,0.0,21.0,3.0,6.999997666667444,0.8749999635416682,0.0,0.0,0.0,0.0,0.0,0.0,0.0,0.0,0.0,0.0,0.0,0.0,13.0,15.0,0.46428569770408223,18.0,1.125,1.0,0.0,0.0,2.0,0.0,0.0,0.0,0.8461538461538461,0.1282051282051282,0.46153846153846156,0.1282051282051282,2.1025641025641026,0.10256410256410256,0.20512820512820512,0.3523442705817496
2021SLU__2021_06_11_SLU_S10__bot3p2_Room_3_Zoom_Meeting_2021_06_11_13_03_36_chunk8.mp4,2021SLU,2021_06_11_SLU_S10,2021_06_11_SLU_S10,7,9,middle,1.0,0.0,True,False,False,True,0.264344262295082,0.0,0.0,0.0,0.0,4.0,1.0,0.0,0.0,0.0,2.0,2.0,2.0,0.0,0.0,0.0,1.0,0.0,0.0,0.0,1.0,0.0,1.0,,0.0,0.0,0.0,0.0,0.0,1.0,6.0,1.0,2.0,2.0,8.0,0.0,3.0,1.0,0.0,0.0,0.0,9.0,0.0,0.0,0.0,0.0,1.5,0.5,1.0,0.0,1.0,0.0,11.0,0.0,11000000.0,0.9999999090909174,0.0,0.0,0.0,0.0,0.0,0.0,0.0,0.0,0.0,0.0,0.0,0.0,3.0,1.0,0.7499998125000469,12.0,1.3333333333333333,1.0,0.0,0.0,0.0,0.0,0.0,0.0,1.3125,0.5,0.875,0.375,2.5,0.5,0.25,2.6147474676549156
2021SLU__2021_06_11_SLU_S10__bot3p1_Room_3_Zoom_Meeting_2021_06_11_13_02_46.mp4,2021SLU,2021_06_11_SLU_S10,2021_06_11_SLU_S10,8,9,end,1.0,0.0,True,False,False,True,0.35460992907801425,1.0,0.0,0.0,1.0,2.0,0.0,0.0,0.0,0.0,,2.0,0.0,0.0,0.0,0.0,0.0,0.0,0.0,0.0,0.0,0.0,1.0,,0.0,0.0,0.0,0.0,0.0,1.0,0.0,0.0,0.0,0.0,1.0,0.0,3.0,0.0,0.0,0.0,0.0,0.0,0.0,0.0,0.0,0.0,,,,,,,0.0,0.0,0.0,0.0,0.0,0.0,0.0,0.0,0.0,0.0,0.0,0.0,0.0,0.0,0.0,0.0,0.0,0.0,0.0,0.0,,,0.0,0.0,0.0,0.0,0.0,0.0,0.0,0.0,0.3333333333333333,0.0,2.3333333333333335,0.3333333333333333,0.6666666666666666,-0.8604649237120855
2021SLU__2021_06_10_SLU_S6__Zoom_Meeting_Room_6_2021_06_10_12_35_01_chunk1.mp4,2021SLU,2021_06_10_SLU_S6,2021_06_10_SLU_S6,0,9,beginning,2.0,0.0,True,False,False,True,0.42493386243386255,0.0,0.0,0.0,1.0,3.0,0.0,0.0,0.0,0.0,,1.0,0.0,0.0,0.0,0.0,0.0,0.0,0.0,0.0,0.0,0.0,1.0,,0.0,0.0,0.0,1.0,0.0,2.0,0.0,0.0,11.0,2.0,3.0,12.0,6.0,1.0,0.0,0.0,0.0,9.0,0.0,1.0,1.0,0.0,,,1.0,0.0,0.8181818181818182,0.0,13.0,2.0,6.499996750001625,0.8666666088888928,0.0,0.0,0.0,0.0,0.0,1.0,1.0,0.0,0.0,0.0,0.0,0.0,0.0,9.0,0.0,10.0,0.8333333333333334,0.8333333333333334,0.0,0.0,1.0,0.0,0.0,0.0,0.5428571428571428,0.02857142857142857,0.42857142857142855,0.0,2.0,0.0,0.0,-0.48197374784282765
2021SLU__2021_06_10_SLU_S6__Zoom_Meeting_Room_6_2021_06_10_12_35_01_chunk2.mp4,2021SLU,2021_06_10_SLU_S6,2021_06_10_SLU_S6,1,9,middle,2.0,0.0,True,False,False,True,0.5237458193979934,1.0,0.0,1.0,0.0,3.0,1.0,0.0,1.0,0.0,2.0,1.0,3.0,1.0,0.0,0.0,0.0,0.0,0.0,0.0,0.0,0.0,0.0,,0.0,0.0,0.0,0.0,0.0,1.0,3.0,3.0,7.0,3.0,0.0,1.0,0.0,1.0,0.0,0.0,0.0,11.0,0.0,0.0,0.0,0.0,2.0,1.0,2.0,1.0,1.7142857142857142,0.7142857142857143,13.0,1.0,12.999987000013,0.9285713622449028,0.0,0.0,0.0,0.0,0.0,0.0,0.0,0.0,0.0,0.0,0.0,0.0,0.0,0.0,0.0,20.0,1.8181818181818181,1.0,0.0,0.0,0.0,0.0,0.0,0.0,0.5833333333333334,0.0,0.0,0.0,2.25,0.25,0.25,-0.5754926322022317
2021SLU__2021_06_10_SLU_S6__Zoom_Meeting_Room_6_2021_06_10_12_35_01_chunk3.mp4,2021SLU,2021_06_10_SLU_S6,2021_06_10_SLU_S6,2,9,middle,2.0,0.0,True,False,False,True,0.4937499999999999,0.0,0.0,1.0,0.0,3.0,1.0,0.0,1.0,0.0,3.0,1.0,3.0,1.0,0.0,0.0,0.0,0.0,0.0,0.0,1.0,0.0,1.0,3.0,1.0,1.0,0.0,0.0,0.0,1.0,8.0,2.0,4.0,7.0,0.0,3.0,1.0,0.0,0.0,0.0,0.0,15.0,0.0,0.0,0.0,0.0,1.375,0.375,,,1.25,0.25,11.0,5.0,2.199999560000088,0.6874999570312527,0.0,0.0,0.0,0.0,0.0,0.0,0.0,0.0,0.0,1.0,1.0,0.9999990000010001,0.0,12.0,0.0,16.0,1.3333333333333333,1.0,0.0,1.0,0.0,1000000.0,0.0,0.0,0.7777777777777778,0.1111111111111111,0.1111111111111111,0.05555555555555555,2.0,0.0,0.0,0.08621425976600933
2021SLU__2021_06_10_SLU_S6__Zoom_Meeting_Room_6_2021_06_10_12_35_01_chunk4.mp4,2021SLU,2021_06_10_SLU_S6,2021_06_10_SLU_S6,3,9,middle,2.0,0.0,True,False,False,True,0.35024630541871926,0.0,0.0,1.0,0.0,3.0,1.0,0.0,0.0,0.0,2.0,1.0,3.0,1.0,0.0,0.0,0.0,0.0,0.0,0.0,1.0,0.0,1.0,3.0,1.0,1.0,0.0,1.0,0.0,1.0,8.0,5.0,6.0,8.0,3.0,0.0,1.0,2.0,0.0,0.0,2.0,12.0,0.0,0.0,1.0,0.0,1.1428571428571428,0.14285714285714285,1.5,0.5,1.3333333333333333,0.3333333333333333,20.0,2.0,9.9999950000025,0.9090908677685968,0.0,0.0,2.0,0.0,0.0,0.0,1.0,0.0,1.0,1.0,0.0,1000000.0,12.0,0.0,0.9999999166666736,19.0,1.2666666666666666,1.0,1.0,1.0,0.0,2000000.0,0.0,0.0,0.5,0.15,0.2,0.1,2.1,0.1,0.25,0.20562424519241415
2021SLU__2021_06_10_SLU_S6__Zoom_Meeting_Room_6_2021_06_10_12_35_01_chunk5.mp4,2021SLU,2021_06_10_SLU_S6,2021_06_10_SLU_S6,4,9,middle,2.0,0.0,True,False,False,True,0.5308219178082192,0.0,0.0,1.0,0.0,3.0,1.0,0.0,0.0,0.0,3.0,1.0,3.0,1.0,0.0,1.0,1.0,1.0,0.0,0.0,0.0,0.0,0.0,,0.0,0.0,0.0,0.0,0.0,1.0,7.0,4.0,6.0,5.0,0.0,2.0,0.0,4.0,0.0,0.0,1.0,14.0,0.0,0.0,0.0,0.0,1.2857142857142858,0.2857142857142857,2.0,1.0,1.6666666666666667,0.6666666666666666,18.0,3.0,5.999998000000667,0.8571428163265326,0.0,0.0,1.0,0.0,0.0,0.0,0.0,0.0,0.0,0.0,0.0,0.0,4.0,8.0,0.3333333055555579,27.0,1.588235294117647,1.0,0.0,0.0,0.0,0.0,0.0,0.0,1.1176470588235294,0.0,0.11764705882352941,0.058823529411764705,2.235294117647059,0.23529411764705882,0.17647058823529413,-0.18091363496092502
2021SLU__2021_06_10_SLU_S6__Zoom_Meeting_Room_6_2021_06_10_12_35_01_chunk6.mp4,2021SLU,2021_06_10_SLU_S6,2021_06_10_SLU_S6,5,9,middle,2.0,0.0,True,False,False,True,0.48185185185185175,0.0,0.0,1.0,0.0,3.0,1.0,0.0,0.0,0.0,3.0,2.0,3.0,1.0,1.0,1.0,1.0,0.0,0.0,0.0,1.0,0.0,1.0,3.0,1.0,1.0,1.0,0.0,0.0,1.0,9.0,4.0,4.0,6.0,5.0,4.0,2.0,0.0,0.0,0.0,0.0,15.0,1.0,0.0,0.0,0.0,1.4444444444444444,0.4444444444444444,,,1.25,0.25,16.0,2.0,7.999996000002,0.8888888395061756,0.0,0.0,0.0,0.0,1.0,0.0,0.0,0.0,0.0,0.0,1.0,0.0,13.0,1.0,0.9285713622449028,18.0,1.3846153846153846,1.0,0.0,0.0,0.0,0.0,0.0,0.0,0.9333333333333333,0.13333333333333333,0.4,0.1,2.2,0.2,0.03333333333333333,0.3512306721623019
2021SLU__2021_06_10_SLU_S6__Zoom_Meeting_Room_6_2021_06_10_12_35_01_chunk7.mp4,2021SLU,2021_06_10_SLU_S6,2021_06_10_SLU_S6,6,9,middle,2.0,0.0,True,False,False,True,0.5119863013698629,1.0,1.0,0.0,0.0,3.0,1.0,0.0,1.0,1.0,2.0,3.0,3.0,1.0,0.0,0.0,1.0,0.0,1.0,0.0,1.0,0.0,1.0,,0.0,0.0,0.0,0.0,0.0,2.0,11.0,3.0,4.0,3.0,2.0,1.0,3.0,2.0,2.0,0.0,0.0,17.0,0.0,0.0,0.0,0.0,1.6,0.6,1.0,0.0,1.0,0.25,20.0,0.0,20000000.0,0.9999999500000024,0.0,0.0,0.0,2.0,0.0,0.0,0.0,0.0,0.0,0.0,0.0,0.0,16.0,1.0,0.9411764152249167,22.0,1.375,0.9375,0.0,0.0,0.0,0.0,0.0,0.0,0.76,0.12,0.16,0.04,2.16,0.16,0.0,0.07745833475964427
2021SLU__2021_06_10_SLU_S6__Zoom_Meeting_Room_6_2021_06_10_12_35_01_chunk8.mp4,2021SLU,2021_06_10_SLU_S6,2021_06_10_SLU_S6,7,9,middle,2.0,0.0,True,False,False,True,0.1855305466237942,0.0,1.0,0.0,0.0,3.0,1.0,0.0,1.0,1.0,2.0,3.0,3.0,1.0,0.0,1.0,1.0,0.0,0.0,0.0,1.0,0.0,1.0,,0.0,0.0,0.0,0.0,0.0,2.0,5.0,6.0,6.0,4.0,2.0,3.0,11.0,5.0,0.0,1.0,1.0,29.0,0.0,0.0,0.0,0.0,1.6,0.6,1.2,0.2,1.3333333333333333,0.3333333333333333,18.0,1.0,17.999982000018,0.9473683711911383,1.0,0.0,1.0,0.0,0.0,0.0,0.0,0.0,0.0,0.0,0.0,0.0,10.0,10.0,0.4999999750000012,22.0,1.375,1.0,0.0,0.0,0.0,0.0,0.0,0.0,0.5757575757575758,0.030303030303030304,0.06060606060606061,0.09090909090909091,1.9696969696969697,0.06060606060606061,0.09090909090909091,-0.25263331860649013
2021SLU__2021_06_10_SLU_S6__Zoom_Meeting_2021_06_10_12_06_54.mp4,2021SLU,2021_06_10_SLU_S6,2021_06_10_SLU_S6,8,9,end,2.0,0.0,True,False,False,True,0.0,1.0,0.0,0.0,1.0,2.0,0.0,0.0,1.0,0.0,2.0,1.0,0.0,0.0,0.0,0.0,0.0,0.0,0.0,0.0,0.0,0.0,0.0,,0.0,0.0,0.0,0.0,0.0,2.0,0.0,0.0,1.0,0.0,0.0,0.0,1.0,0.0,0.0,0.0,0.0,1.0,0.0,0.0,0.0,0.0,,,,,1.0,0.0,1.0,0.0,1000000.0,0.9999990000010001,0.0,0.0,0.0,0.0,0.0,0.0,0.0,0.0,0.0,0.0,0.0,0.0,1.0,0.0,0.9999990000010001,1.0,1.0,1.0,0.0,0.0,0.0,0.0,0.0,0.0,0.0,0.0,0.0,0.0,2.0,0.0,0.0,-0.8604649237120855
2021SLU__2021_06_11_SLU_S11__bot4_2021_06_11_13_02_17_chunk1.mp4,2021SLU,2021_06_11_SLU_S11,2021_06_11_SLU_S11,0,8,beginning,2.0,1.0,True,True,True,True,0.34012177199244187,0.0,0.0,0.0,1.0,3.0,0.0,0.0,0.0,0.0,,1.0,0.0,0.0,0.0,0.0,0.0,0.0,1.0,0.0,0.0,0.0,1.0,,0.0,0.0,0.0,0.0,1.0,2.0,0.0,0.0,12.0,0.0,2.0,11.0,7.0,0.0,0.0,0.0,0.0,11.0,0.0,0.0,0.0,0.0,,,,,0.9166666666666666,0.0,12.0,0.0,12000000.0,0.9999999166666736,0.0,0.0,0.0,0.0,0.0,0.0,0.0,0.0,0.0,0.0,0.0,0.0,0.0,11.0,0.0,11.0,0.9166666666666666,0.9166666666666666,0.0,0.0,0.0,0.0,0.0,0.0,0.717948717948718,0.0,0.15384615384615385,0.0,2.0,0.0,0.0,-0.5097297956999579
2021SLU__2021_06_11_SLU_S11__bot4_2021_06_11_13_02_17_chunk2.mp4,2021SLU,2021_06_11_SLU_S11,2021_06_11_SLU_S11,1,8,middle,2.0,1.0,True,True,True,True,0.17138364779874204,0.0,0.0,1.0,0.0,3.0,0.0,0.0,0.0,0.0,2.0,1.0,0.0,0.0,0.0,0.0,0.0,1.0,0.0,0.0,0.0,0.0,0.0,,0.0,0.0,0.0,0.0,1.0,2.0,5.0,2.0,3.0,3.0,1.0,7.0,3.0,4.0,0.0,0.0,0.0,10.0,0.0,0.0,0.0,0.0,1.4,0.4,1.25,0.25,1.0,0.0,14.0,1.0,13.999986000014001,0.9333332711111153,0.0,0.0,0.0,0.0,0.0,0.0,0.0,0.0,0.0,0.0,0.0,0.0,2.0,5.0,0.285714244897965,15.0,1.25,1.0,1.0,0.0,0.0,1000000.0,0.0,0.0,0.9523809523809523,0.0,0.19047619047619047,0.0,2.0476190476190474,0.047619047619047616,0.09523809523809523,-0.3952040396143652
2021SLU__2021_06_11_SLU_S11__bot4_2021_06_11_13_02_17_chunk3.mp4,2021SLU,2021_06_11_SLU_S11,2021_06_11_SLU_S11,2,8,middle,2.0,1.0,True,True,True,True,0.2867391304347826,0.0,0.0,1.0,0.0,3.0,1.0,0.0,0.0,0.0,3.0,1.0,3.0,1.0,1.0,1.0,0.0,0.0,0.0,0.0,0.0,0.0,1.0,3.0,1.0,1.0,0.0,0.0,0.0,1.0,4.0,4.0,2.0,9.0,0.0,5.0,0.0,1.0,0.0,0.0,1.0,10.0,1.0,0.0,0.0,0.0,1.25,0.25,1.0,0.0,1.5,0.5,10.0,5.0,1.99999960000008,0.6666666222222252,0.0,0.0,1.0,0.0,1.0,0.0,0.0,0.0,0.0,1.0,0.0,1000000.0,0.0,7.0,0.0,9.0,1.2857142857142858,1.0,0.0,0.0,0.0,0.0,0.0,0.0,0.5,0.05,0.05,0.05,2.1,0.1,0.2,-0.3044202701260467
2021SLU__2021_06_11_SLU_S11__bot4_2021_06_11_13_02_17_chunk4.mp4,2021SLU,2021_06_11_SLU_S11,2021_06_11_SLU_S11,3,8,middle,2.0,1.0,True,True,True,True,0.3831475128644939,0.0,0.0,1.0,0.0,3.0,1.0,0.0,0.0,0.0,3.0,1.0,3.0,1.0,0.0,1.0,1.0,0.0,1.0,0.0,0.0,0.0,0.0,3.0,1.0,1.0,0.0,1.0,1.0,1.0,5.0,5.0,10.0,7.0,0.0,2.0,1.0,1.0,0.0,0.0,2.0,9.0,0.0,0.0,1.0,0.0,1.75,0.75,2.0,1.0,1.2,0.2,18.0,5.0,3.599999280000144,0.7826086616257103,0.0,0.0,2.0,0.0,0.0,0.0,1.0,0.0,0.0,0.0,0.0,0.0,2.0,5.0,0.285714244897965,21.0,1.4,1.0,0.0,0.0,0.0,0.0,0.0,0.0,1.3888888888888888,0.0,0.0,0.16666666666666666,2.111111111111111,0.1111111111111111,0.1111111111111111,0.19644341076712446
2021SLU__2021_06_11_SLU_S11__bot4_2021_06_11_13_02_17_chunk5.mp4,2021SLU,2021_06_11_SLU_S11,2021_06_11_SLU_S11,4,8,middle,2.0,1.0,True,True,True,True,0.3156854130052724,0.0,0.0,1.0,0.0,3.0,1.0,0.0,0.0,0.0,2.0,1.0,4.0,1.0,0.0,0.0,1.0,0.0,0.0,1.0,0.0,0.0,1.0,3.0,1.0,1.0,0.0,1.0,0.0,1.0,6.0,3.0,7.0,10.0,2.0,1.0,0.0,3.0,1.0,0.0,0.0,18.0,0.0,0.0,0.0,0.0,1.1666666666666667,0.16666666666666666,1.3333333333333333,0.3333333333333333,1.5714285714285714,0.5714285714285714,21.0,5.0,4.199999160000168,0.8076922766272201,0.0,0.0,0.0,1.0,0.0,0.0,0.0,0.0,0.0,0.0,0.0,0.0,7.0,1.0,0.8749998906250137,22.0,1.375,1.0,0.0,1.0,0.0,1000000.0,0.0,0.0,0.9130434782608695,0.17391304347826086,0.30434782608695654,0.17391304347826086,2.4347826086956523,0.43478260869565216,0.21739130434782608,0.6700401914676354
2021SLU__2021_06_11_SLU_S11__bot4_2021_06_11_13_02_17_chunk6.mp4,2021SLU,2021_06_11_SLU_S11,2021_06_11_SLU_S11,5,8,middle,2.0,1.0,True,True,True,True,0.2565597667638484,0.0,1.0,0.0,0.0,3.0,1.0,0.0,0.0,0.0,2.0,2.0,4.0,1.0,0.0,0.0,1.0,0.0,0.0,0.0,1.0,0.0,1.0,,0.0,0.0,0.0,1.0,0.0,1.0,8.0,0.0,4.0,6.0,1.0,2.0,2.0,5.0,0.0,0.0,1.0,15.0,0.0,0.0,1.0,0.0,1.25,0.25,1.2,0.2,1.0,0.0,19.0,3.0,6.333331222222926,0.863636324380167,0.0,0.0,1.0,0.0,0.0,0.0,1.0,0.0,0.0,1.0,0.0,1000000.0,2.0,4.0,0.33333327777778704,20.0,1.1764705882352942,1.0,1.0,0.0,0.0,1000000.0,0.0,0.0,1.8125,0.0625,0.125,0.1875,2.125,0.125,0.0,0.698515217007334
2021SLU__2021_06_11_SLU_S11__bot4_2021_06_11_13_02_17_chunk7.mp4,2021SLU,2021_06_11_SLU_S11,2021_06_11_SLU_S11,6,8,middle,2.0,1.0,True,True,True,True,0.23461676862180636,0.0,0.0,0.0,0.0,3.0,1.0,0.0,0.0,1.0,3.0,2.0,3.0,1.0,0.0,0.0,1.0,0.0,1.0,0.0,1.0,0.0,1.0,3.0,1.0,1.0,0.0,0.0,0.0,2.0,4.0,6.0,10.0,11.0,5.0,4.0,5.0,1.0,0.0,0.0,2.0,32.0,0.0,2.0,0.0,0.0,1.5,0.5,2.0,1.0,1.5,0.5,23.0,2.0,11.499994250002874,0.9199999632000014,0.0,0.0,2.0,0.0,0.0,2.0,0.0,0.0,0.0,1.0,0.0,1000000.0,11.0,10.0,0.5238094988662143,11.0,1.5714285714285714,1.0,0.0,0.0,0.0,0.0,0.0,0.0,1.121212121212121,0.09090909090909091,0.30303030303030304,0.15151515151515152,2.0303030303030303,0.030303030303030304,0.12121212121212122,0.39175269008552016
2021SLU__2021_06_11_SLU_S11__bot4_2021_06_11_13_02_17_chunk8.mp4,2021SLU,2021_06_11_SLU_S11,2021_06_11_SLU_S11,7,8,end,2.0,1.0,True,True,True,True,0.6546003016591251,1.0,0.0,0.0,0.0,3.0,0.0,0.0,1.0,0.0,2.0,2.0,0.0,0.0,0.0,0.0,0.0,0.0,0.0,0.0,1.0,0.0,1.0,,0.0,0.0,0.0,0.0,0.0,1.0,0.0,5.0,2.0,2.0,8.0,0.0,2.0,0.0,0.0,0.0,0.0,7.0,0.0,0.0,0.0,0.0,,,,,1.5,0.5,3.0,2.0,1.499999250000375,0.599999880000024,0.0,0.0,0.0,0.0,0.0,0.0,0.0,0.0,0.0,0.0,0.0,0.0,0.0,7.0,0.0,3.0,1.5,1.0,0.0,0.0,1.0,0.0,0.0,0.0,0.45454545454545453,0.4090909090909091,0.5909090909090909,0.18181818181818182,2.272727272727273,0.2727272727272727,0.045454545454545456,1.39653675929598
2021SLU__2021_06_10_SLU_S3__bot3p2_Room_3_Zoom_Meeting_2021_06_10_12_36_45_chunk1.mp4,2021SLU,2021_06_10_SLU_S3,2021_06_10_SLU_S3,0,9,beginning,1.0,0.0,True,False,False,True,0.5113446017968633,0.0,0.0,0.0,1.0,3.0,0.0,0.0,0.0,0.0,,1.0,0.0,0.0,0.0,0.0,0.0,0.0,1.0,0.0,0.0,0.0,1.0,,0.0,0.0,0.0,0.0,0.0,2.0,0.0,0.0,13.0,0.0,1.0,10.0,5.0,0.0,0.0,0.0,0.0,12.0,0.0,0.0,0.0,0.0,,,,,0.08333333333333333,0.0,13.0,0.0,13000000.0,0.9999999230769291,0.0,0.0,0.0,0.0,0.0,0.0,0.0,0.0,0.0,0.0,0.0,0.0,0.0,12.0,0.0,1.0,0.08333333333333333,0.08333333333333333,0.0,0.0,0.0,0.0,0.0,0.0,0.8333333333333334,0.05555555555555555,0.7222222222222222,0.05555555555555555,2.111111111111111,0.1111111111111111,0.0,-0.1069364396435406
2021SLU__2021_06_10_SLU_S3__bot3p2_Room_3_Zoom_Meeting_2021_06_10_12_36_45_chunk2.mp4,2021SLU,2021_06_10_SLU_S3,2021_06_10_SLU_S3,1,9,middle,1.0,0.0,True,False,False,True,0.12121212121212133,0.0,0.0,1.0,0.0,3.0,1.0,0.0,0.0,0.0,2.0,1.0,2.0,0.0,0.0,1.0,1.0,1.0,0.0,0.0,1.0,0.0,1.0,3.0,1.0,1.0,0.0,0.0,0.0,1.0,0.0,0.0,0.0,0.0,0.0,0.0,0.0,0.0,0.0,0.0,0.0,12.0,0.0,0.0,0.0,0.0,,,,,,,0.0,0.0,0.0,0.0,0.0,0.0,0.0,0.0,0.0,0.0,0.0,0.0,0.0,0.0,0.0,0.0,11.0,1.0,0.9166665902777842,0.0,,,0.0,0.0,0.0,0.0,0.0,0.0,1.8666666666666667,0.06666666666666667,0.4,0.2,2.1333333333333333,0.13333333333333333,0.13333333333333333,0.7698789645017884
2021SLU__2021_06_10_SLU_S3__bot3p2_Room_3_Zoom_Meeting_2021_06_10_12_36_45_chunk3.mp4,2021SLU,2021_06_10_SLU_S3,2021_06_10_SLU_S3,2,9,middle,1.0,0.0,True,False,False,True,0.25951776649746194,0.0,0.0,1.0,0.0,3.0,1.0,0.0,0.0,0.0,2.0,1.0,2.0,0.0,0.0,0.0,1.0,0.0,1.0,0.0,0.0,0.0,1.0,,0.0,0.0,0.0,1.0,1.0,1.0,6.0,2.0,5.0,4.0,1.0,0.0,0.0,1.0,0.0,0.0,0.0,11.0,0.0,0.0,0.0,0.0,1.0,0.0,1.0,0.0,1.2,0.2,14.0,1.0,13.999986000014001,0.9333332711111153,0.0,0.0,0.0,0.0,0.0,0.0,0.0,0.0,0.0,0.0,0.0,0.0,8.0,3.0,0.7272726611570308,13.0,1.0833333333333333,1.0,0.0,0.0,0.0,0.0,0.0,0.0,,0.0,0.0,0.0,,,0.0,-0.6171441482000752
2021SLU__2021_06_10_SLU_S3__bot3p2_Room_3_Zoom_Meeting_2021_06_10_12_36_45_chunk4.mp4,2021SLU,2021_06_10_SLU_S3,2021_06_10_SLU_S3,3,9,middle,1.0,0.0,True,False,False,True,0.41570881226053635,0.0,0.0,1.0,0.0,3.0,1.0,0.0,0.0,0.0,3.0,2.0,4.0,1.0,0.0,0.0,1.0,0.0,0.0,0.0,1.0,0.0,1.0,3.0,1.0,1.0,1.0,1.0,1.0,1.0,9.0,2.0,2.0,4.0,2.0,0.0,1.0,1.0,0.0,0.0,0.0,13.0,0.0,0.0,0.0,0.0,1.4444444444444444,0.4444444444444444,2.0,1.0,1.5,0.5,12.0,1.0,11.999988000012001,0.9230768520710114,0.0,0.0,0.0,0.0,0.0,0.0,0.0,0.0,0.0,0.0,0.0,0.0,13.0,0.0,0.9999999230769291,18.0,1.5,1.0,0.0,1.0,0.0,1000000.0,0.0,0.0,0.3684210526315789,0.15789473684210525,0.15789473684210525,0.0,2.1578947368421053,0.15789473684210525,0.05263157894736842,-0.05439244733620341
2021SLU__2021_06_10_SLU_S3__bot3p2_Room_3_Zoom_Meeting_2021_06_10_12_36_45_chunk5.mp4,2021SLU,2021_06_10_SLU_S3,2021_06_10_SLU_S3,4,9,middle,1.0,0.0,True,False,False,True,0.44474789915966384,0.0,1.0,0.0,0.0,3.0,1.0,0.0,0.0,0.0,3.0,2.0,3.0,1.0,1.0,1.0,1.0,0.0,0.0,0.0,0.0,0.0,1.0,3.0,1.0,1.0,0.0,0.0,1.0,2.0,7.0,0.0,3.0,3.0,4.0,5.0,2.0,5.0,1.0,0.0,0.0,20.0,0.0,0.0,0.0,0.0,1.4285714285714286,0.42857142857142855,1.2,0.2,1.3333333333333333,0.3333333333333333,16.0,1.0,15.999984000016001,0.9411764152249167,0.0,0.0,0.0,1.0,0.0,0.0,0.0,0.0,0.0,1.0,0.0,1000000.0,10.0,3.0,0.7692307100591762,20.0,1.3333333333333333,1.0,1.0,0.0,0.0,1000000.0,0.0,0.0,1.25,0.1,0.65,0.15,2.15,0.15,0.05,0.48727622908665413
2021SLU__2021_06_10_SLU_S3__bot3p2_Room_3_Zoom_Meeting_2021_06_10_12_36_45_chunk6.mp4,2021SLU,2021_06_10_SLU_S3,2021_06_10_SLU_S3,5,9,middle,1.0,0.0,True,False,False,True,0.36373873873873874,0.0,0.0,0.0,0.0,3.0,1.0,0.0,0.0,0.0,3.0,2.0,3.0,1.0,1.0,1.0,1.0,0.0,0.0,0.0,0.0,0.0,1.0,3.0,1.0,1.0,0.0,0.0,0.0,1.0,7.0,2.0,2.0,7.0,0.0,3.0,5.0,1.0,0.0,0.0,0.0,11.0,0.0,0.0,1.0,0.0,1.1428571428571428,0.14285714285714285,2.0,1.0,1.5,0.5,13.0,2.0,6.499996750001625,0.8666666088888928,0.0,0.0,0.0,0.0,0.0,0.0,1.0,0.0,0.0,1.0,0.0,1000000.0,11.0,0.0,0.9999999090909174,13.0,1.3,1.0,0.0,0.0,0.0,0.0,0.0,0.0,1.1666666666666667,0.0,0.05555555555555555,0.0,2.1666666666666665,0.16666666666666666,0.0,-0.290520340692378
2021SLU__2021_06_10_SLU_S3__bot3p2_Room_3_Zoom_Meeting_2021_06_10_12_36_45_chunk7.mp4,2021SLU,2021_06_10_SLU_S3,2021_06_10_SLU_S3,6,9,middle,1.0,0.0,True,False,False,True,0.4076305220883534,0.0,0.0,0.0,0.0,3.0,1.0,0.0,0.0,0.0,3.0,4.0,3.0,1.0,1.0,1.0,1.0,0.0,0.0,0.0,1.0,0.0,1.0,2.0,1.0,0.0,0.0,0.0,0.0,2.0,6.0,4.0,4.0,4.0,4.0,3.0,5.0,3.0,0.0,0.0,1.0,15.0,0.0,0.0,0.0,0.0,1.2,0.2,2.0,1.0,1.5,0.5,15.0,2.0,7.499996250001875,0.8823528892733594,0.0,0.0,1.0,0.0,0.0,0.0,0.0,0.0,0.0,0.0,0.0,0.0,11.0,0.0,0.9999999090909174,18.0,1.5,1.0,0.0,1.0,0.0,1000000.0,0.0,0.0,1.2916666666666667,0.3333333333333333,0.4583333333333333,0.08333333333333333,2.3333333333333335,0.3333333333333333,0.08333333333333333,1.2814920954886337
2021SLU__2021_06_10_SLU_S3__bot3p2_Room_3_Zoom_Meeting_2021_06_10_12_36_45_chunk8.mp4,2021SLU,2021_06_10_SLU_S3,2021_06_10_SLU_S3,7,9,middle,1.0,0.0,True,False,False,True,0.1709677419354838,1.0,0.0,0.0,1.0,3.0,0.0,0.0,0.0,0.0,,4.0,0.0,0.0,0.0,0.0,0.0,0.0,0.0,0.0,1.0,0.0,1.0,,0.0,0.0,0.0,0.0,1.0,2.0,0.0,0.0,0.0,0.0,2.0,2.0,3.0,0.0,0.0,2.0,0.0,0.0,0.0,0.0,0.0,0.0,,,,,,,0.0,0.0,0.0,0.0,2.0,0.0,0.0,0.0,0.0,0.0,0.0,0.0,0.0,0.0,0.0,0.0,0.0,0.0,0.0,0.0,,,0.0,0.0,0.0,0.0,0.0,0.0,1.0,0.2,0.2,0.2,2.2,0.2,0.2,0.8751897623294634
2021SLU__2021_06_10_SLU_S3__bot3p1_Room_3_Zoom_Meeting_2021_06_10_12_36_05.mp4,2021SLU,2021_06_10_SLU_S3,2021_06_10_SLU_S3,8,9,end,1.0,0.0,True,False,False,True,0.41666666666666674,1.0,0.0,0.0,1.0,3.0,0.0,0.0,0.0,0.0,,1.0,0.0,0.0,0.0,0.0,0.0,0.0,0.0,0.0,0.0,0.0,0.0,,0.0,0.0,0.0,0.0,1.0,2.0,0.0,0.0,0.0,0.0,0.0,1.0,1.0,0.0,0.0,0.0,0.0,0.0,0.0,0.0,0.0,0.0,,,,,,,0.0,0.0,0.0,0.0,0.0,0.0,0.0,0.0,0.0,0.0,0.0,0.0,0.0,0.0,0.0,0.0,0.0,0.0,0.0,0.0,,,0.0,0.0,0.0,0.0,0.0,0.0,0.5,0.0,0.5,0.0,2.0,0.0,0.0,-0.6162029595607823
2021SLU__2021_06_10_SLU_S4__bot4_2021_06_10_12_35_05_chunk1.mp4,2021SLU,2021_06_10_SLU_S4,2021_06_10_SLU_S4,0,8,beginning,2.0,2.0,True,True,True,True,0.5488565488565489,0.0,0.0,0.0,1.0,3.0,0.0,0.0,0.0,0.0,,1.0,0.0,0.0,0.0,0.0,0.0,0.0,0.0,0.0,1.0,0.0,1.0,,0.0,0.0,0.0,1.0,1.0,2.0,0.0,1.0,13.0,0.0,12.0,13.0,10.0,1.0,0.0,0.0,0.0,14.0,0.0,2.0,0.0,0.0,,,1.0,0.0,0.9230769230769231,0.0,14.0,1.0,13.999986000014001,0.9333332711111153,0.0,0.0,0.0,0.0,0.0,2.0,0.0,0.0,0.0,0.0,0.0,0.0,1.0,13.0,0.07142856632653098,13.0,0.9285714285714286,0.9285714285714286,0.0,0.0,1.0,0.0,0.0,0.0,0.5510204081632653,0.14285714285714285,0.2653061224489796,0.14285714285714285,2.0816326530612246,0.08163265306122448,0.0,0.29952941475798295
2021SLU__2021_06_10_SLU_S4__bot4_2021_06_10_12_35_05_chunk2.mp4,2021SLU,2021_06_10_SLU_S4,2021_06_10_SLU_S4,1,8,middle,2.0,2.0,True,True,True,True,0.3090163934426231,0.0,0.0,1.0,0.0,3.0,1.0,0.0,0.0,0.0,3.0,1.0,3.0,1.0,0.0,0.0,0.0,1.0,0.0,0.0,0.0,0.0,1.0,,0.0,0.0,0.0,0.0,1.0,1.0,8.0,1.0,6.0,0.0,1.0,4.0,5.0,0.0,0.0,0.0,1.0,8.0,0.0,0.0,0.0,0.0,1.5,0.5,,,1.5,0.5,14.0,0.0,14000000.0,0.9999999285714337,0.0,0.0,1.0,0.0,0.0,0.0,0.0,0.0,0.0,0.0,0.0,0.0,1.0,7.0,0.12499998437500197,21.0,1.5,1.0,0.0,0.0,0.0,0.0,0.0,0.0,1.0526315789473684,0.05263157894736842,0.15789473684210525,0.0,2.0526315789473686,0.05263157894736842,0.15789473684210525,-0.13753255088436797
2021SLU__2021_06_10_SLU_S4__bot4_2021_06_10_12_35_05_chunk3.mp4,2021SLU,2021_06_10_SLU_S4,2021_06_10_SLU_S4,2,8,middle,2.0,2.0,True,True,True,False,,,,,,,,,,,,,,,,,,,,,,,,,,,,,,,,,,,,,,,,,,,,,,,,,,,,,,,,,,,,,,,,,,,,,,,,,,,,,,,,,,,,,,,,
2021SLU__2021_06_10_SLU_S4__bot4_2021_06_10_12_35_05_chunk4.mp4,2021SLU,2021_06_10_SLU_S4,2021_06_10_SLU_S4,3,8,middle,2.0,2.0,True,True,True,True,0.29765130984643173,0.0,0.0,1.0,0.0,4.0,1.0,0.0,0.0,0.0,3.0,2.0,3.0,1.0,1.0,0.0,0.0,0.0,0.0,1.0,0.0,0.0,1.0,,0.0,0.0,1.0,0.0,0.0,1.0,8.0,2.0,9.0,8.0,4.0,6.0,0.0,5.0,1.0,0.0,0.0,15.0,0.0,0.0,0.0,0.0,1.625,0.625,1.2,0.2,1.0,0.0,27.0,3.0,8.999997000000999,0.899999970000001,0.0,0.0,0.0,1.0,0.0,0.0,0.0,0.0,0.0,0.0,0.0,0.0,10.0,5.0,0.6666666222222252,28.0,1.2727272727272727,1.0,0.0,2.0,0.0,2000000.0,0.0,0.0,1.6785714285714286,0.17857142857142858,0.25,0.14285714285714285,2.2857142857142856,0.25,0.0,0.9919806585263379
2021SLU__2021_06_10_SLU_S4__bot4_2021_06_10_12_35_05_chunk5.mp4,2021SLU,2021_06_10_SLU_S4,2021_06_10_SLU_S4,4,8,middle,2.0,2.0,True,True,True,True,0.44035087719298227,0.0,0.0,1.0,0.0,4.0,1.0,0.0,0.0,0.0,3.0,2.0,3.0,1.0,0.0,0.0,0.0,0.0,0.0,0.0,1.0,0.0,1.0,,0.0,0.0,0.0,0.0,0.0,1.0,4.0,7.0,10.0,3.0,5.0,5.0,1.0,2.0,0.0,0.0,0.0,9.0,0.0,0.0,1.0,0.0,2.0,1.0,1.0,0.0,0.9,0.0,18.0,0.0,18000000.0,0.9999999444444475,0.0,0.0,0.0,0.0,0.0,0.0,1.0,0.0,0.0,1.0,0.0,1000000.0,2.0,7.0,0.22222219753086697,19.0,1.1875,0.9375,0.0,0.0,0.0,0.0,0.0,0.0,1.3636363636363635,0.15151515151515152,0.24242424242424243,0.12121212121212122,2.4242424242424243,0.42424242424242425,0.0,0.6816995746536917
2021SLU__2021_06_10_SLU_S4__bot4_2021_06_10_12_35_05_chunk6.mp4,2021SLU,2021_06_10_SLU_S4,2021_06_10_SLU_S4,5,8,middle,2.0,2.0,True,True,True,True,0.41150254668930386,0.0,0.0,1.0,0.0,4.0,1.0,0.0,0.0,0.0,3.0,2.0,3.0,1.0,0.0,0.0,1.0,0.0,0.0,0.0,1.0,0.0,1.0,,0.0,0.0,0.0,0.0,1.0,1.0,7.0,3.0,4.0,4.0,1.0,5.0,1.0,4.0,2.0,0.0,0.0,23.0,0.0,0.0,0.0,0.0,1.8571428571428572,0.8571428571428571,2.0,1.0,1.0,0.0,18.0,1.0,17.999982000018,0.9473683711911383,0.0,0.0,0.0,2.0,0.0,0.0,0.0,0.0,0.0,0.0,0.0,0.0,4.0,13.0,0.23529410380622917,25.0,1.6666666666666667,1.0,0.0,3.0,0.0,3000000.0,0.0,0.0,1.6538461538461537,0.038461538461538464,0.07692307692307693,0.038461538461538464,2.5,0.5,0.0,0.18731133419971402
2021SLU__2021_06_10_SLU_S4__bot4_2021_06_10_12_35_05_chunk7.mp4,2021SLU,2021_06_10_SLU_S4,2021_06_10_SLU_S4,6,8,middle,2.0,2.0,True,True,True,True,0.2881355932203389,0.0,1.0,0.0,0.0,4.0,1.0,1.0,0.0,0.0,4.0,3.0,3.0,1.0,0.0,0.0,1.0,0.0,0.0,1.0,0.0,0.0,1.0,3.0,1.0,1.0,0.0,1.0,0.0,2.0,3.0,5.0,4.0,3.0,2.0,2.0,8.0,1.0,0.0,0.0,0.0,26.0,0.0,0.0,1.0,0.0,1.6666666666666667,0.6666666666666666,2.0,1.0,1.0,0.0,10.0,1.0,9.999990000010001,0.9090908264462886,0.0,0.0,0.0,0.0,0.0,0.0,1.0,0.0,7.0,0.0,0.0,0.0,16.0,7.0,0.6956521436672981,11.0,1.375,1.0,1.0,1.0,0.0,2000000.0,0.0,0.0,2.6538461538461537,0.11538461538461539,0.11538461538461539,0.11538461538461539,2.423076923076923,0.4230769230769231,0.0,1.15550093855576
2021SLU__2021_06_10_SLU_S4__bot4_2021_06_10_12_35_05_chunk8.mp4,2021SLU,2021_06_10_SLU_S4,2021_06_10_SLU_S4,7,8,end,2.0,2.0,True,True,True,True,0.4243697478991597,0.0,1.0,0.0,0.0,4.0,1.0,0.0,0.0,0.0,4.0,4.0,3.0,1.0,1.0,0.0,1.0,0.0,0.0,0.0,1.0,0.0,1.0,,0.0,0.0,1.0,0.0,0.0,2.0,0.0,2.0,4.0,5.0,0.0,0.0,2.0,6.0,0.0,0.0,0.0,10.0,0.0,0.0,0.0,0.0,,,2.0,1.0,1.75,0.75,14.0,1.0,13.999986000014001,0.9333332711111153,0.0,0.0,0.0,0.0,0.0,0.0,0.0,0.0,0.0,0.0,0.0,0.0,10.0,0.0,0.99999990000001,19.0,1.9,1.0,0.0,0.0,0.0,0.0,0.0,0.0,1.7391304347826086,0.0,0.6521739130434783,0.30434782608695654,2.608695652173913,0.5652173913043478,0.0,0.6801384688638147
2021SLU__2021_06_11_SLU_S2__bot2p2_Zoom_Meeting_Room_2_2021_06_11_10_59_37_chunk1.mp4,2021SLU,2021_06_11_SLU_S2,2021_06_11_SLU_S2,0,9,beginning,0.0,0.0,False,False,False,True,0.39160839160839167,0.0,0.0,1.0,0.0,3.0,1.0,0.0,0.0,0.0,,,0.0,0.0,0.0,0.0,0.0,0.0,0.0,0.0,0.0,0.0,0.0,,0.0,0.0,0.0,0.0,1.0,0.0,2.0,0.0,12.0,0.0,3.0,9.0,1.0,2.0,0.0,0.0,0.0,14.0,1.0,0.0,0.0,0.0,1.0,0.0,1.5,0.5,1.0,0.0,16.0,0.0,16000000.0,0.9999999375000038,0.0,0.0,0.0,0.0,1.0,0.0,0.0,0.0,0.0,0.0,0.0,0.0,3.0,11.0,0.21428569897959293,17.0,1.0625,1.0,0.0,0.0,0.0,0.0,0.0,0.0,1.5769230769230769,0.15384615384615385,0.3076923076923077,0.0,2.269230769230769,0.2692307692307692,0.0,0.5199361197919486
2021SLU__2021_06_11_SLU_S2__bot2p2_Zoom_Meeting_Room_2_2021_06_11_10_59_37_chunk2.mp4,2021SLU,2021_06_11_SLU_S2,2021_06_11_SLU_S2,1,9,middle,0.0,0.0,False,False,False,True,0.42727272727272725,0.0,0.0,1.0,0.0,3.0,1.0,0.0,0.0,0.0,3.0,2.0,3.0,1.0,1.0,1.0,1.0,1.0,1.0,0.0,0.0,0.0,0.0,,0.0,0.0,0.0,1.0,0.0,1.0,2.0,3.0,3.0,3.0,0.0,0.0,2.0,3.0,0.0,0.0,0.0,4.0,0.0,0.0,0.0,0.0,2.0,1.0,2.0,1.0,1.3333333333333333,0.3333333333333333,10.0,1.0,9.999990000010001,0.9090908264462886,0.0,0.0,0.0,0.0,0.0,0.0,0.0,0.0,0.0,0.0,0.0,0.0,4.0,0.0,0.9999997500000625,14.0,1.75,1.0,0.0,0.0,0.0,0.0,0.0,,,0.0,0.0,0.0,,,0.0,-0.6171441482000752
2021SLU__2021_06_11_SLU_S2__bot2p2_Zoom_Meeting_Room_2_2021_06_11_10_59_37_chunk3.mp4,2021SLU,2021_06_11_SLU_S2,2021_06_11_SLU_S2,2,9,middle,0.0,0.0,False,False,False,True,0.11014851485148514,0.0,0.0,1.0,0.0,3.0,1.0,1.0,0.0,0.0,3.0,3.0,3.0,1.0,1.0,1.0,1.0,0.0,1.0,1.0,0.0,0.0,1.0,3.0,1.0,1.0,1.0,0.0,0.0,1.0,2.0,1.0,1.0,2.0,0.0,0.0,1.0,0.0,0.0,0.0,0.0,8.0,1.0,0.0,0.0,0.0,2.0,1.0,,,1.0,0.0,4.0,1.0,3.9999960000040002,0.799999840000032,0.0,0.0,0.0,0.0,1.0,0.0,0.0,0.0,0.0,0.0,0.0,0.0,6.0,2.0,0.7499999062500118,5.0,1.6666666666666667,1.0,0.0,0.0,0.0,0.0,0.0,0.0,2.5,0.0,1.0,0.375,3.0,0.875,0.25,1.212251373677008
2021SLU__2021_06_11_SLU_S2__bot2p2_Zoom_Meeting_Room_2_2021_06_11_10_59_37_chunk4.mp4,2021SLU,2021_06_11_SLU_S2,2021_06_11_SLU_S2,3,9,middle,0.0,0.0,False,False,False,True,0.27864583333333326,0.0,1.0,0.0,0.0,4.0,1.0,1.0,0.0,0.0,3.0,3.0,3.0,1.0,1.0,1.0,1.0,0.0,1.0,1.0,0.0,0.0,1.0,3.0,1.0,1.0,1.0,0.0,1.0,2.0,3.0,2.0,5.0,3.0,2.0,0.0,0.0,2.0,0.0,0.0,0.0,6.0,0.0,0.0,0.0,0.0,2.0,1.0,2.0,1.0,1.8,0.8,11.0,2.0,5.499997250001375,0.8461537810650938,0.0,0.0,0.0,0.0,0.0,0.0,0.0,0.0,0.0,0.0,0.0,0.0,6.0,0.0,0.9999998333333611,19.0,1.9,1.0,1.0,1.0,0.0,2000000.0,0.0,0.0,2.4705882352941178,0.11764705882352941,1.0,0.23529411764705882,2.7058823529411766,0.7058823529411765,0.0,1.3471907885314032
2021SLU__2021_06_11_SLU_S2__bot2p2_Zoom_Meeting_Room_2_2021_06_11_10_59_37_chunk5.mp4,2021SLU,2021_06_11_SLU_S2,2021_06_11_SLU_S2,4,9,middle,0.0,0.0,False,False,False,True,0.16938775510204085,0.0,0.0,1.0,0.0,3.0,1.0,0.0,0.0,0.0,3.0,2.0,3.0,1.0,1.0,1.0,1.0,0.0,0.0,1.0,0.0,0.0,1.0,3.0,1.0,1.0,1.0,0.0,1.0,1.0,2.0,1.0,3.0,2.0,1.0,0.0,0.0,2.0,0.0,0.0,0.0,11.0,0.0,0.0,0.0,0.0,2.0,1.0,1.5,0.5,1.0,0.0,7.0,2.0,3.499998250000875,0.7777776913580343,0.0,0.0,0.0,0.0,0.0,0.0,0.0,0.0,0.0,0.0,0.0,0.0,11.0,0.0,0.9999999090909174,10.0,1.4285714285714286,1.0,0.0,0.0,0.0,0.0,0.0,0.0,2.090909090909091,0.0,0.9090909090909091,0.0,2.909090909090909,0.9090909090909091,0.0,0.16099419910245516
2021SLU__2021_06_11_SLU_S2__bot2p2_Zoom_Meeting_Room_2_2021_06_11_10_59_37_chunk6.mp4,2021SLU,2021_06_11_SLU_S2,2021_06_11_SLU_S2,5,9,middle,0.0,0.0,False,False,False,True,0.38095238095238093,0.0,0.0,1.0,0.0,3.0,1.0,0.0,0.0,0.0,3.0,2.0,3.0,1.0,1.0,1.0,1.0,0.0,0.0,0.0,1.0,0.0,1.0,3.0,1.0,1.0,1.0,0.0,0.0,1.0,2.0,5.0,5.0,2.0,1.0,1.0,0.0,1.0,0.0,0.0,0.0,8.0,1.0,0.0,0.0,0.0,1.5,0.5,2.0,1.0,1.2,0.2,9.0,1.0,8.999991000009,0.8999999100000091,0.0,0.0,0.0,0.0,1.0,0.0,0.0,0.0,0.0,0.0,0.0,0.0,4.0,4.0,0.4999999375000079,11.0,1.375,1.0,0.0,0.0,0.0,0.0,0.0,0.0,1.1666666666666667,0.0,0.0,0.0,2.1666666666666665,0.16666666666666666,0.041666666666666664,-0.290520340692378
2021SLU__2021_06_11_SLU_S2__bot2p2_Zoom_Meeting_Room_2_2021_06_11_10_59_37_chunk7.mp4,2021SLU,2021_06_11_SLU_S2,2021_06_11_SLU_S2,6,9,middle,0.0,0.0,False,False,False,True,0.2754789272030651,0.0,0.0,1.0,0.0,3.0,1.0,0.0,0.0,0.0,3.0,2.0,3.0,1.0,0.0,0.0,1.0,0.0,0.0,1.0,0.0,0.0,1.0,,0.0,0.0,0.0,0.0,1.0,2.0,3.0,1.0,5.0,4.0,0.0,2.0,3.0,2.0,0.0,0.0,0.0,8.0,0.0,0.0,0.0,0.0,2.0,1.0,2.0,1.0,1.0,0.0,13.0,1.0,12.999987000013,0.9285713622449028,0.0,0.0,0.0,0.0,0.0,0.0,0.0,0.0,0.0,0.0,0.0,0.0,3.0,5.0,0.3749999531250059,15.0,1.5,1.0,0.0,2.0,0.0,2000000.0,0.0,0.0,2.3529411764705883,0.11764705882352941,0.11764705882352941,0.058823529411764705,2.176470588235294,0.17647058823529413,0.0,0.8890555138451779
2021SLU__2021_06_11_SLU_S2__bot2p2_Zoom_Meeting_Room_2_2021_06_11_10_59_37_chunk8.mp4,2021SLU,2021_06_11_SLU_S2,2021_06_11_SLU_S2,7,9,middle,0.0,0.0,False,False,False,True,0.6278538812785388,1.0,1.0,0.0,0.0,2.0,1.0,0.0,1.0,1.0,3.0,4.0,3.0,1.0,0.0,0.0,1.0,0.0,0.0,0.0,0.0,0.0,0.0,,0.0,0.0,0.0,0.0,0.0,2.0,0.0,6.0,2.0,3.0,0.0,6.0,14.0,4.0,1.0,0.0,0.0,10.0,0.0,0.0,0.0,0.0,,,1.5,0.5,0.0,0.0,9.0,0.0,9000000.0,0.9999998888889013,0.0,0.0,0.0,1.0,0.0,0.0,0.0,0.0,0.0,0.0,0.0,0.0,10.0,0.0,0.99999990000001,6.0,1.0,0.6666666666666666,0.0,0.0,0.0,0.0,0.0,0.0,0.08333333333333333,0.0,0.027777777777777776,0.0,2.0,0.0,0.05555555555555555,-0.819754596353535
2021SLU__2021_06_11_SLU_S2__bot2p1_Zoom_Meeting_Room_2_2021_06_11_10_58_33.mp4,2021SLU,2021_06_11_SLU_S2,2021_06_11_SLU_S2,8,9,end,0.0,0.0,False,False,False,True,0.467741935483871,1.0,0.0,0.0,1.0,2.0,0.0,0.0,0.0,0.0,,1.0,0.0,0.0,0.0,0.0,0.0,0.0,0.0,0.0,0.0,0.0,0.0,,0.0,0.0,0.0,0.0,0.0,2.0,0.0,0.0,0.0,0.0,1.0,0.0,1.0,0.0,0.0,0.0,0.0,0.0,0.0,1.0,0.0,0.0,,,,,,,0.0,0.0,0.0,0.0,0.0,0.0,0.0,0.0,0.0,1.0,0.0,0.0,0.0,0.0,0.0,0.0,0.0,0.0,0.0,0.0,,,0.0,0.0,0.0,0.0,0.0,0.0,0.5,0.0,0.5,0.0,2.0,0.0,0.0,-0.6162029595607823
2021SLU__2021_06_11_SLU_S4__bot4_2021_06_11_10_58_21_chunk1.mp4,2021SLU,2021_06_11_SLU_S4,2021_06_11_SLU_S4,0,8,beginning,2.0,1.0,True,True,True,True,0.327974947807933,0.0,0.0,0.0,1.0,3.0,0.0,0.0,0.0,0.0,,1.0,0.0,0.0,0.0,0.0,0.0,0.0,0.0,0.0,0.0,0.0,1.0,,0.0,0.0,0.0,0.0,1.0,2.0,0.0,1.0,10.0,2.0,4.0,12.0,9.0,0.0,0.0,0.0,0.0,10.0,0.0,0.0,0.0,0.0,,,,,1.0,0.0,12.0,0.0,12000000.0,0.9999999166666736,0.0,0.0,0.0,0.0,0.0,0.0,0.0,0.0,0.0,0.0,0.0,0.0,0.0,10.0,0.0,10.0,1.0,1.0,0.0,1.0,0.0,1000000.0,0.0,0.0,1.0,0.3,0.7,0.0,2.3333333333333335,0.3333333333333333,0.0,0.8176299598928726
2021SLU__2021_06_11_SLU_S4__bot4_2021_06_11_10_58_21_chunk2.mp4,2021SLU,2021_06_11_SLU_S4,2021_06_11_SLU_S4,1,8,middle,2.0,1.0,True,True,True,True,0.274581939799331,0.0,0.0,1.0,0.0,3.0,1.0,0.0,0.0,0.0,2.0,1.0,3.0,1.0,0.0,0.0,0.0,0.0,0.0,0.0,0.0,0.0,1.0,,0.0,0.0,0.0,0.0,1.0,2.0,9.0,0.0,1.0,1.0,0.0,6.0,4.0,1.0,0.0,0.0,0.0,9.0,0.0,0.0,0.0,0.0,1.125,0.125,1.0,0.0,1.0,0.0,12.0,0.0,12000000.0,0.9999999166666736,0.0,0.0,0.0,0.0,0.0,0.0,0.0,0.0,0.0,0.0,0.0,0.0,1.0,8.0,0.11111109876543349,11.0,1.1,1.0,0.0,0.0,0.0,0.0,0.0,0.0,1.8,0.1,0.7,0.1,2.15,0.15,0.1,0.6424435261020774
2021SLU__2021_06_11_SLU_S4__bot4_2021_06_11_10_58_21_chunk3.mp4,2021SLU,2021_06_11_SLU_S4,2021_06_11_SLU_S4,2,8,middle,2.0,1.0,True,True,True,True,0.2067114093959732,0.0,0.0,1.0,0.0,3.0,1.0,0.0,0.0,0.0,2.0,1.0,3.0,1.0,0.0,0.0,0.0,0.0,0.0,0.0,1.0,0.0,1.0,3.0,1.0,1.0,0.0,0.0,0.0,1.0,6.0,2.0,7.0,3.0,2.0,3.0,1.0,3.0,0.0,0.0,0.0,15.0,0.0,0.0,0.0,0.0,1.5,0.5,1.0,0.0,1.5714285714285714,0.5714285714285714,17.0,1.0,16.999983000017,0.9444443919753115,0.0,0.0,0.0,0.0,0.0,0.0,0.0,0.0,0.0,0.0,0.0,0.0,0.0,14.0,0.0,23.0,1.4375,1.0,0.0,0.0,0.0,0.0,0.0,0.0,1.0588235294117647,0.11764705882352941,0.29411764705882354,0.29411764705882354,2.2941176470588234,0.29411764705882354,0.0,0.7910639056936181
2021SLU__2021_06_11_SLU_S4__bot4_2021_06_11_10_58_21_chunk4.mp4,2021SLU,2021_06_11_SLU_S4,2021_06_11_SLU_S4,3,8,middle,2.0,1.0,True,True,True,True,0.35249224898640596,0.0,0.0,1.0,0.0,3.0,1.0,0.0,0.0,0.0,2.0,1.0,3.0,1.0,0.0,0.0,0.0,0.0,0.0,1.0,0.0,0.0,1.0,3.0,1.0,1.0,0.0,0.0,1.0,1.0,5.0,4.0,5.0,4.0,1.0,2.0,0.0,2.0,0.0,0.0,0.0,14.0,0.0,0.0,0.0,0.0,1.8,0.8,2.0,1.0,1.8,0.8,12.0,4.0,2.9999992500001875,0.7499999531250029,0.0,0.0,0.0,0.0,0.0,0.0,0.0,0.0,0.0,0.0,0.0,0.0,2.0,0.0,0.99999950000025,22.0,1.8333333333333333,1.0,0.0,0.0,0.0,0.0,0.0,0.0,1.3,0.1,0.45,0.1,2.3,0.3,0.05,0.3981815619507742
2021SLU__2021_06_11_SLU_S4__bot4_2021_06_11_10_58_21_chunk5.mp4,2021SLU,2021_06_11_SLU_S4,2021_06_11_SLU_S4,4,8,middle,2.0,1.0,True,True,True,True,0.3474074074074074,0.0,0.0,1.0,0.0,3.0,1.0,1.0,0.0,0.0,2.0,2.0,3.0,1.0,0.0,0.0,1.0,1.0,0.0,0.0,1.0,0.0,1.0,3.0,1.0,1.0,0.0,0.0,0.0,1.0,9.0,3.0,5.0,2.0,0.0,2.0,1.0,1.0,0.0,0.0,0.0,13.0,0.0,0.0,0.0,0.0,1.4444444444444444,0.4444444444444444,2.0,1.0,2.0,1.0,14.0,1.0,13.999986000014001,0.9333332711111153,0.0,0.0,0.0,0.0,0.0,0.0,0.0,0.0,0.0,1.0,0.0,1000000.0,1.0,10.0,0.09090908264462885,23.0,1.6428571428571428,1.0,0.0,0.0,0.0,0.0,0.0,0.0,1.2307692307692308,0.15384615384615385,0.23076923076923078,0.0,2.4615384615384617,0.46153846153846156,0.07692307692307693,0.3508316830718157
2021SLU__2021_06_11_SLU_S4__bot4_2021_06_11_10_58_21_chunk6.mp4,2021SLU,2021_06_11_SLU_S4,2021_06_11_SLU_S4,5,8,middle,2.0,1.0,True,True,True,True,0.31200396825396837,0.0,0.0,1.0,0.0,3.0,1.0,0.0,0.0,0.0,2.0,2.0,3.0,1.0,0.0,0.0,1.0,0.0,1.0,0.0,1.0,0.0,1.0,3.0,1.0,1.0,0.0,0.0,0.0,1.0,0.0,0.0,0.0,0.0,0.0,0.0,0.0,0.0,0.0,0.0,0.0,16.0,0.0,0.0,0.0,0.0,,,,,,,0.0,0.0,0.0,0.0,0.0,0.0,0.0,0.0,0.0,0.0,0.0,0.0,0.0,0.0,0.0,0.0,7.0,0.0,0.9999998571428775,0.0,,,0.0,0.0,0.0,0.0,0.0,0.0,2.125,0.125,0.375,0.1875,2.1875,0.1875,0.125,1.0990062269565553
2021SLU__2021_06_11_SLU_S4__bot4_2021_06_11_10_58_21_chunk7.mp4,2021SLU,2021_06_11_SLU_S4,2021_06_11_SLU_S4,6,8,middle,2.0,1.0,True,True,True,True,0.3182033096926713,0.0,0.0,1.0,0.0,3.0,1.0,0.0,0.0,0.0,2.0,2.0,3.0,1.0,0.0,0.0,1.0,0.0,0.0,0.0,1.0,0.0,1.0,3.0,1.0,1.0,0.0,0.0,0.0,1.0,8.0,3.0,8.0,3.0,2.0,3.0,2.0,1.0,0.0,0.0,1.0,17.0,0.0,0.0,0.0,0.0,1.6666666666666667,0.6666666666666666,2.0,1.0,1.375,0.375,19.0,1.0,18.999981000019,0.9499999525000024,0.0,0.0,1.0,0.0,0.0,0.0,0.0,0.0,0.0,0.0,0.0,0.0,7.0,8.0,0.46666663555555765,23.0,1.5333333333333334,1.0,0.0,0.0,0.0,0.0,0.0,0.0,1.8421052631578947,0.10526315789473684,0.15789473684210525,0.2631578947368421,2.210526315789474,0.15789473684210525,0.05263157894736842,1.0543191226585076
2021SLU__2021_06_11_SLU_S4__bot4_2021_06_11_10_58_21_chunk8.mp4,2021SLU,2021_06_11_SLU_S4,2021_06_11_SLU_S4,7,8,end,2.0,1.0,True,True,True,True,0.4513457556935818,0.0,1.0,0.0,0.0,3.0,1.0,0.0,0.0,0.0,3.0,4.0,3.0,1.0,0.0,0.0,1.0,0.0,0.0,0.0,1.0,0.0,1.0,3.0,1.0,1.0,0.0,0.0,0.0,2.0,4.0,4.0,3.0,5.0,4.0,7.0,12.0,7.0,1.0,0.0,1.0,17.0,0.0,0.0,0.0,2.0,1.75,0.75,1.5714285714285714,0.5714285714285714,1.3333333333333333,0.3333333333333333,17.0,2.0,8.499995750002125,0.8947367950138528,0.0,0.0,1.0,1.0,0.0,0.0,0.0,2.0,0.0,1.0,0.0,1000000.0,12.0,0.0,0.9999999166666736,22.0,1.5714285714285714,1.0,0.0,2.0,1.0,1.9999980000020001,0.0,0.0,0.6153846153846154,0.10256410256410256,0.23076923076923078,0.07692307692307693,2.41025641025641,0.41025641025641024,0.0,0.02150359328845798
2021SLU__2021_06_10_SLU_S7__Zoom_Meeting_6_10_2021_12_35_12_PM_chunk1.mp4,2021SLU,2021_06_10_SLU_S7,2021_06_10_SLU_S7,0,8,beginning,0.0,0.0,False,False,False,True,0.32317073170731714,0.0,0.0,1.0,0.0,4.0,1.0,1.0,0.0,0.0,2.0,1.0,3.0,1.0,0.0,0.0,1.0,1.0,1.0,0.0,1.0,0.0,1.0,,0.0,0.0,0.0,0.0,1.0,2.0,1.0,2.0,5.0,0.0,2.0,0.0,9.0,0.0,0.0,1.0,1.0,11.0,0.0,0.0,0.0,0.0,1.0,0.0,,,1.0,0.0,6.0,0.0,6000000.0,0.9999998333333611,1.0,0.0,1.0,0.0,0.0,0.0,0.0,0.0,0.0,0.0,0.0,0.0,6.0,5.0,0.5454544958677732,6.0,1.0,1.0,0.0,0.0,0.0,0.0,0.0,0.0,0.0,0.027777777777777776,0.027777777777777776,0.027777777777777776,2.25,0.25,0.0,-0.6872523184705659
2021SLU__2021_06_10_SLU_S7__Zoom_Meeting_6_10_2021_12_35_12_PM_chunk2.mp4,2021SLU,2021_06_10_SLU_S7,2021_06_10_SLU_S7,1,8,middle,0.0,0.0,False,False,False,True,0.2705971277399848,0.0,0.0,1.0,0.0,3.0,1.0,0.0,0.0,0.0,2.0,1.0,0.0,0.0,1.0,0.0,1.0,0.0,1.0,0.0,0.0,0.0,1.0,,0.0,0.0,0.0,1.0,1.0,1.0,0.0,0.0,8.0,0.0,1.0,0.0,0.0,0.0,0.0,0.0,0.0,9.0,0.0,0.0,0.0,0.0,,,,,1.0,0.0,8.0,0.0,8000000.0,0.9999998750000157,0.0,0.0,0.0,0.0,0.0,0.0,0.0,0.0,0.0,0.0,0.0,0.0,5.0,4.0,0.5555554938271674,8.0,1.0,1.0,0.0,0.0,0.0,0.0,0.0,0.0,2.4444444444444446,0.1111111111111111,1.0,1.0,2.3333333333333335,0.3333333333333333,0.0,3.044703785122771
2021SLU__2021_06_10_SLU_S7__Zoom_Meeting_6_10_2021_12_35_12_PM_chunk3.mp4,2021SLU,2021_06_10_SLU_S7,2021_06_10_SLU_S7,2,8,middle,0.0,0.0,False,False,False,True,0.43229813664596284,0.0,0.0,1.0,0.0,4.0,1.0,0.0,0.0,0.0,2.0,2.0,3.0,1.0,1.0,0.0,1.0,0.0,0.0,0.0,1.0,0.0,1.0,,0.0,0.0,1.0,1.0,0.0,1.0,4.0,2.0,3.0,0.0,0.0,1.0,1.0,1.0,0.0,0.0,1.0,7.0,0.0,0.0,0.0,0.0,1.75,0.75,2.0,1.0,1.3333333333333333,0.3333333333333333,8.0,0.0,8000000.0,0.9999998750000157,0.0,0.0,1.0,0.0,0.0,0.0,0.0,0.0,0.0,0.0,0.0,0.0,6.0,1.0,0.857142734693895,13.0,1.625,1.0,0.0,0.0,0.0,0.0,0.0,0.0,0.0,0.0,0.0,0.0,2.4615384615384617,0.46153846153846156,0.0,-0.8604649237120855
2021SLU__2021_06_10_SLU_S7__Zoom_Meeting_6_10_2021_12_35_12_PM_chunk4.mp4,2021SLU,2021_06_10_SLU_S7,2021_06_10_SLU_S7,3,8,middle,0.0,0.0,False,False,False,True,0.463245492371706,0.0,0.0,1.0,0.0,3.0,1.0,0.0,0.0,0.0,2.0,2.0,3.0,1.0,1.0,1.0,1.0,0.0,0.0,0.0,1.0,0.0,1.0,3.0,1.0,1.0,0.0,0.0,1.0,1.0,6.0,1.0,3.0,2.0,0.0,1.0,1.0,1.0,0.0,0.0,0.0,14.0,1.0,0.0,0.0,0.0,1.5,0.5,1.0,0.0,1.0,0.0,11.0,1.0,10.999989000011,0.9166665902777842,0.0,0.0,0.0,0.0,1.0,0.0,0.0,0.0,1.0,0.0,0.0,0.0,14.0,0.0,0.9999999285714337,13.0,1.3,1.0,0.0,0.0,0.0,0.0,0.0,0.0,0.0,0.0,0.0,0.0,2.5625,0.5625,0.0,-0.8604649237120855
2021SLU__2021_06_10_SLU_S7__Zoom_Meeting_6_10_2021_12_35_12_PM_chunk5.mp4,2021SLU,2021_06_10_SLU_S7,2021_06_10_SLU_S7,4,8,middle,0.0,0.0,False,False,False,True,0.2309523809523808,0.0,0.0,1.0,0.0,4.0,1.0,0.0,0.0,0.0,2.0,2.0,3.0,1.0,1.0,1.0,1.0,0.0,1.0,0.0,1.0,0.0,1.0,3.0,1.0,1.0,1.0,0.0,0.0,1.0,5.0,1.0,1.0,3.0,2.0,2.0,0.0,1.0,0.0,1.0,1.0,9.0,0.0,0.0,0.0,0.0,1.8,0.8,2.0,1.0,1.0,0.0,7.0,2.0,3.499998250000875,0.7777776913580343,1.0,0.0,1.0,0.0,0.0,0.0,0.0,0.0,0.0,1.0,0.0,1000000.0,7.0,2.0,0.7777776913580343,12.0,1.7142857142857142,1.0,0.0,0.0,0.0,0.0,0.0,0.0,1.1333333333333333,0.06666666666666667,0.06666666666666667,0.0,2.6,0.5333333333333333,0.0,-0.042455370457497865
2021SLU__2021_06_10_SLU_S7__Zoom_Meeting_6_10_2021_12_35_12_PM_chunk6.mp4,2021SLU,2021_06_10_SLU_S7,2021_06_10_SLU_S7,5,8,middle,0.0,0.0,False,False,False,True,0.4057971014492754,0.0,0.0,1.0,0.0,3.0,1.0,0.0,0.0,0.0,3.0,2.0,2.0,0.0,0.0,0.0,1.0,0.0,0.0,0.0,0.0,0.0,0.0,3.0,1.0,1.0,0.0,0.0,0.0,1.0,2.0,2.0,4.0,1.0,0.0,1.0,0.0,1.0,0.0,0.0,0.0,8.0,0.0,0.0,0.0,0.0,1.5,0.5,2.0,1.0,1.5,0.5,8.0,0.0,8000000.0,0.9999998750000157,0.0,0.0,0.0,0.0,0.0,0.0,0.0,0.0,0.0,0.0,0.0,0.0,8.0,0.0,0.9999998750000157,11.0,1.5714285714285714,1.0,0.0,0.0,0.0,0.0,0.0,0.0,0.0,0.0,0.0,0.0,2.5833333333333335,0.5833333333333334,0.0,-0.8604649237120855
2021SLU__2021_06_10_SLU_S7__Zoom_Meeting_6_10_2021_12_35_12_PM_chunk7.mp4,2021SLU,2021_06_10_SLU_S7,2021_06_10_SLU_S7,6,8,middle,0.0,0.0,False,False,False,True,0.23051948051948057,0.0,1.0,0.0,0.0,3.0,1.0,0.0,0.0,0.0,3.0,3.0,3.0,1.0,1.0,1.0,1.0,0.0,0.0,0.0,1.0,0.0,1.0,3.0,1.0,1.0,1.0,0.0,0.0,2.0,2.0,2.0,6.0,3.0,0.0,0.0,2.0,2.0,0.0,0.0,0.0,15.0,0.0,0.0,0.0,0.0,2.0,1.0,2.0,1.0,1.8333333333333333,0.8333333333333334,11.0,2.0,5.499997250001375,0.8461537810650938,0.0,0.0,0.0,0.0,0.0,0.0,0.0,0.0,0.0,0.0,0.0,0.0,12.0,3.0,0.7999999466666703,19.0,1.9,1.0,0.0,0.0,0.0,0.0,0.0,0.0,0.0,0.0,0.0,0.0,2.625,0.5625,0.0,-0.8604649237120855
2021SLU__2021_06_10_SLU_S7__Zoom_Meeting_6_10_2021_12_35_12_PM_chunk8.mp4,2021SLU,2021_06_10_SLU_S7,2021_06_10_SLU_S7,7,8,end,0.0,0.0,False,False,False,True,0.2537878787878787,0.0,0.0,0.0,1.0,3.0,1.0,1.0,0.0,0.0,3.0,3.0,3.0,1.0,1.0,0.0,1.0,0.0,0.0,0.0,1.0,0.0,1.0,,0.0,0.0,0.0,0.0,0.0,2.0,1.0,1.0,2.0,6.0,2.0,0.0,6.0,3.0,0.0,1.0,0.0,6.0,0.0,0.0,0.0,0.0,2.0,1.0,2.0,1.0,1.5,0.5,10.0,1.0,9.999990000010001,0.9090908264462886,1.0,1.0,0.0,0.0,0.0,0.0,0.0,0.0,0.0,1.0,0.0,1000000.0,5.0,1.0,0.8333331944444675,11.0,1.8333333333333333,1.0,0.0,0.0,0.0,0.0,0.0,0.0,0.28,0.0,0.28,0.0,2.24,0.24,0.0,-0.7236782237873558
2021SLU__2021_06_11_SLU_S7__Zoom_Meeting_6_11_2021_10_58_14_AM_chunk1.mp4,2021SLU,2021_06_11_SLU_S7,2021_06_11_SLU_S7,0,8,beginning,1.0,1.0,True,True,True,True,0.36046511627906974,0.0,0.0,0.0,1.0,3.0,0.0,0.0,0.0,0.0,,1.0,0.0,0.0,0.0,0.0,0.0,0.0,0.0,0.0,1.0,0.0,1.0,,0.0,0.0,0.0,0.0,1.0,2.0,0.0,1.0,11.0,3.0,2.0,0.0,4.0,0.0,0.0,0.0,0.0,10.0,0.0,0.0,0.0,0.0,,,,,1.0,0.0,12.0,0.0,12000000.0,0.9999999166666736,0.0,0.0,0.0,0.0,0.0,0.0,0.0,0.0,0.0,2.0,0.0,2000000.0,1.0,9.0,0.09999999000000101,11.0,1.0,1.0,0.0,0.0,0.0,0.0,0.0,0.0,0.0,0.0,0.0,0.0,2.0476190476190474,0.047619047619047616,0.0,-0.8604649237120855
2021SLU__2021_06_11_SLU_S7__Zoom_Meeting_6_11_2021_10_58_14_AM_chunk2.mp4,2021SLU,2021_06_11_SLU_S7,2021_06_11_SLU_S7,1,8,middle,1.0,1.0,True,True,True,True,0.40599173553719003,0.0,0.0,1.0,0.0,3.0,1.0,0.0,0.0,0.0,3.0,2.0,3.0,1.0,0.0,0.0,1.0,1.0,0.0,0.0,1.0,0.0,1.0,3.0,1.0,1.0,0.0,0.0,0.0,1.0,2.0,1.0,3.0,2.0,1.0,1.0,0.0,1.0,0.0,0.0,1.0,4.0,0.0,0.0,0.0,0.0,1.5,0.5,1.0,0.0,1.6666666666666667,0.6666666666666666,6.0,1.0,5.999994000006001,0.857142734693895,0.0,0.0,1.0,0.0,0.0,0.0,0.0,0.0,0.0,0.0,0.0,0.0,4.0,0.0,0.9999997500000625,9.0,1.5,1.0,0.0,0.0,0.0,0.0,0.0,0.0,0.5,0.0,0.08333333333333333,0.0,2.5,0.5,0.0,-0.6162029595607823
2021SLU__2021_06_11_SLU_S7__Zoom_Meeting_6_11_2021_10_58_14_AM_chunk3.mp4,2021SLU,2021_06_11_SLU_S7,2021_06_11_SLU_S7,2,8,middle,1.0,1.0,True,True,True,True,0.3036779324055665,0.0,0.0,1.0,0.0,3.0,1.0,0.0,0.0,0.0,3.0,2.0,3.0,1.0,1.0,0.0,1.0,0.0,0.0,0.0,0.0,0.0,0.0,,0.0,0.0,1.0,0.0,1.0,1.0,4.0,2.0,2.0,2.0,0.0,0.0,0.0,0.0,0.0,0.0,0.0,9.0,1.0,0.0,0.0,0.0,1.75,0.75,,,1.5,0.5,7.0,1.0,6.9999930000070005,0.8749998906250137,0.0,0.0,0.0,0.0,1.0,0.0,0.0,0.0,0.0,0.0,0.0,0.0,6.0,3.0,0.6666665925926009,10.0,1.6666666666666667,1.0,0.0,0.0,0.0,0.0,0.0,0.0,0.0,0.0,0.0,0.0,2.5555555555555554,0.5555555555555556,0.0,-0.8604649237120855
2021SLU__2021_06_11_SLU_S7__Zoom_Meeting_6_11_2021_10_58_14_AM_chunk4.mp4,2021SLU,2021_06_11_SLU_S7,2021_06_11_SLU_S7,3,8,middle,1.0,1.0,True,True,True,True,0.5502040816326532,0.0,0.0,1.0,0.0,3.0,1.0,0.0,0.0,0.0,3.0,2.0,3.0,1.0,0.0,0.0,1.0,0.0,1.0,0.0,1.0,0.0,1.0,,0.0,0.0,0.0,0.0,0.0,1.0,4.0,4.0,4.0,1.0,1.0,1.0,0.0,0.0,0.0,0.0,0.0,6.0,0.0,0.0,0.0,0.0,1.75,0.75,,,1.5,0.5,9.0,0.0,9000000.0,0.9999998888889013,0.0,0.0,0.0,0.0,0.0,0.0,0.0,0.0,0.0,0.0,0.0,0.0,4.0,2.0,0.6666665555555741,13.0,1.625,1.0,0.0,0.0,0.0,0.0,0.0,0.0,0.0,0.07142857142857142,0.07142857142857142,0.0,2.0714285714285716,0.07142857142857142,0.0,-0.5772337438781924
2021SLU__2021_06_11_SLU_S7__Zoom_Meeting_6_11_2021_10_58_14_AM_chunk5.mp4,2021SLU,2021_06_11_SLU_S7,2021_06_11_SLU_S7,4,8,middle,1.0,1.0,True,True,True,True,0.5011337868480725,1.0,0.0,1.0,0.0,3.0,1.0,0.0,0.0,0.0,3.0,2.0,3.0,1.0,1.0,0.0,1.0,0.0,0.0,0.0,0.0,0.0,0.0,3.0,1.0,1.0,0.0,1.0,0.0,1.0,2.0,0.0,2.0,2.0,0.0,0.0,0.0,4.0,0.0,0.0,0.0,10.0,0.0,0.0,0.0,0.0,1.5,0.5,1.75,0.75,1.5,0.5,9.0,0.0,9000000.0,0.9999998888889013,0.0,0.0,0.0,0.0,0.0,0.0,0.0,0.0,0.0,0.0,0.0,0.0,6.0,4.0,0.599999940000006,13.0,1.625,1.0,0.0,0.0,0.0,0.0,0.0,0.0,1.0909090909090908,0.0,0.0,0.0,2.4545454545454546,0.45454545454545453,0.0,-0.3275297292001513
2021SLU__2021_06_11_SLU_S7__Zoom_Meeting_6_11_2021_10_58_14_AM_chunk6.mp4,2021SLU,2021_06_11_SLU_S7,2021_06_11_SLU_S7,5,8,middle,1.0,1.0,True,True,True,True,0.2289719626168223,0.0,0.0,1.0,0.0,3.0,1.0,0.0,0.0,0.0,3.0,2.0,3.0,1.0,1.0,0.0,1.0,0.0,0.0,0.0,0.0,0.0,0.0,3.0,1.0,1.0,0.0,0.0,0.0,1.0,2.0,0.0,3.0,0.0,0.0,1.0,1.0,0.0,0.0,0.0,0.0,5.0,0.0,0.0,0.0,0.0,1.5,0.5,,,1.6666666666666667,0.6666666666666666,5.0,0.0,5000000.0,0.99999980000004,0.0,0.0,0.0,0.0,0.0,0.0,0.0,0.0,0.0,0.0,0.0,0.0,2.0,3.0,0.399999920000016,8.0,1.6,1.0,0.0,0.0,0.0,0.0,0.0,0.0,0.42857142857142855,0.0,0.0,0.0,2.5714285714285716,0.5714285714285714,0.0,-0.6510975258681113
2021SLU__2021_06_11_SLU_S7__Zoom_Meeting_6_11_2021_10_58_14_AM_chunk7.mp4,2021SLU,2021_06_11_SLU_S7,2021_06_11_SLU_S7,6,8,middle,1.0,1.0,True,True,True,True,0.26539923954372635,0.0,0.0,1.0,0.0,3.0,1.0,0.0,0.0,0.0,3.0,2.0,3.0,1.0,1.0,0.0,1.0,0.0,0.0,0.0,0.0,0.0,0.0,,0.0,0.0,0.0,0.0,1.0,1.0,3.0,1.0,2.0,2.0,0.0,1.0,6.0,0.0,0.0,0.0,0.0,7.0,0.0,0.0,0.0,0.0,1.6666666666666667,0.6666666666666666,,,1.5,0.5,7.0,0.0,7000000.0,0.9999998571428775,0.0,0.0,0.0,0.0,0.0,0.0,0.0,0.0,0.0,0.0,0.0,0.0,3.0,4.0,0.4285713673469475,8.0,1.6,1.0,0.0,0.0,0.0,0.0,0.0,0.0,0.0,0.0,0.0,0.0,2.2666666666666666,0.26666666666666666,0.0,-0.8604649237120855
2021SLU__2021_06_11_SLU_S7__Zoom_Meeting_6_11_2021_10_58_14_AM_chunk8.mp4,2021SLU,2021_06_11_SLU_S7,2021_06_11_SLU_S7,7,8,end,1.0,1.0,True,True,True,True,0.3419203747072601,0.0,0.0,0.0,1.0,3.0,1.0,0.0,0.0,1.0,2.0,2.0,0.0,0.0,0.0,0.0,1.0,0.0,0.0,0.0,1.0,0.0,1.0,,0.0,0.0,0.0,0.0,0.0,2.0,3.0,4.0,3.0,2.0,5.0,0.0,4.0,3.0,0.0,0.0,1.0,2.0,0.0,0.0,0.0,0.0,1.6666666666666667,0.6666666666666666,2.0,1.0,1.0,0.0,11.0,0.0,11000000.0,0.9999999090909174,0.0,0.0,1.0,0.0,0.0,0.0,0.0,0.0,0.0,0.0,0.0,0.0,1.0,1.0,0.499999750000125,14.0,1.5555555555555556,1.0,0.0,0.0,0.0,0.0,0.0,0.0,0.6785714285714286,0.10714285714285714,0.10714285714285714,0.0,2.25,0.25,0.0,-0.10411977404161987
2021SLU__2021_06_11_SLU_S3__bot3p2_Room_3_Zoom_Meeting_2021_06_11_10_59_57_chunk1.mp4,2021SLU,2021_06_11_SLU_S3,2021_06_11_SLU_S3,0,9,beginning,1.0,1.0,True,True,True,True,0.3094496365524402,0.0,0.0,0.0,1.0,3.0,0.0,0.0,0.0,0.0,2.0,1.0,0.0,0.0,0.0,0.0,1.0,0.0,1.0,0.0,0.0,0.0,1.0,,0.0,0.0,0.0,0.0,0.0,2.0,0.0,0.0,8.0,0.0,1.0,0.0,2.0,0.0,0.0,0.0,0.0,8.0,0.0,0.0,0.0,0.0,,,,,1.0,0.0,8.0,0.0,8000000.0,0.9999998750000157,0.0,0.0,0.0,0.0,0.0,0.0,0.0,0.0,0.0,0.0,0.0,0.0,2.0,6.0,0.24999996875000394,8.0,1.0,1.0,0.0,0.0,0.0,0.0,0.0,0.0,1.2727272727272727,0.0,0.09090909090909091,0.0,2.272727272727273,0.2727272727272727,0.0,-0.23870719678149552
2021SLU__2021_06_11_SLU_S3__bot3p2_Room_3_Zoom_Meeting_2021_06_11_10_59_57_chunk2.mp4,2021SLU,2021_06_11_SLU_S3,2021_06_11_SLU_S3,1,9,middle,1.0,1.0,True,True,True,True,0.3256302521008403,0.0,0.0,1.0,0.0,4.0,1.0,0.0,0.0,0.0,3.0,2.0,3.0,1.0,1.0,0.0,1.0,1.0,1.0,0.0,1.0,0.0,1.0,3.0,1.0,1.0,1.0,0.0,1.0,1.0,4.0,0.0,3.0,2.0,2.0,0.0,2.0,0.0,0.0,0.0,0.0,4.0,0.0,0.0,0.0,0.0,2.0,1.0,,,1.0,0.0,9.0,0.0,9000000.0,0.9999998888889013,0.0,0.0,0.0,0.0,0.0,0.0,0.0,0.0,0.0,0.0,0.0,0.0,2.0,2.0,0.49999987500003124,11.0,1.5714285714285714,1.0,0.0,0.0,0.0,0.0,0.0,0.0,0.0,0.0,0.0,0.0,2.2142857142857144,0.21428571428571427,0.0,-0.8604649237120855
2021SLU__2021_06_11_SLU_S3__bot3p2_Room_3_Zoom_Meeting_2021_06_11_10_59_57_chunk3.mp4,2021SLU,2021_06_11_SLU_S3,2021_06_11_SLU_S3,2,9,middle,1.0,1.0,True,True,True,True,0.32666666666666666,0.0,0.0,1.0,0.0,4.0,1.0,0.0,0.0,0.0,3.0,2.0,3.0,1.0,1.0,1.0,1.0,1.0,0.0,0.0,1.0,0.0,1.0,,0.0,0.0,0.0,0.0,0.0,1.0,2.0,2.0,4.0,1.0,0.0,1.0,0.0,1.0,0.0,0.0,0.0,7.0,1.0,0.0,0.0,0.0,1.5,0.5,2.0,1.0,1.5,0.5,8.0,0.0,8000000.0,0.9999998750000157,0.0,0.0,0.0,0.0,1.0,0.0,0.0,0.0,0.0,0.0,0.0,0.0,5.0,2.0,0.7142856122449125,11.0,1.5714285714285714,1.0,0.0,0.0,0.0,0.0,0.0,0.0,1.6666666666666667,0.1111111111111111,0.7777777777777778,0.1111111111111111,2.3333333333333335,0.3333333333333333,0.0,0.6465920444250043
2021SLU__2021_06_11_SLU_S3__bot3p2_Room_3_Zoom_Meeting_2021_06_11_10_59_57_chunk4.mp4,2021SLU,2021_06_11_SLU_S3,2021_06_11_SLU_S3,3,9,middle,1.0,1.0,True,True,True,True,0.2720588235294117,0.0,0.0,1.0,0.0,4.0,1.0,0.0,0.0,0.0,3.0,2.0,3.0,1.0,1.0,1.0,1.0,0.0,0.0,1.0,0.0,0.0,1.0,3.0,1.0,1.0,1.0,1.0,1.0,1.0,3.0,2.0,2.0,5.0,1.0,0.0,0.0,3.0,0.0,0.0,0.0,15.0,0.0,0.0,0.0,0.0,2.0,1.0,2.0,1.0,2.0,1.0,12.0,0.0,12000000.0,0.9999999166666736,0.0,0.0,0.0,0.0,0.0,0.0,0.0,0.0,0.0,1.0,0.0,1000000.0,12.0,3.0,0.7999999466666703,16.0,2.0,1.0,0.0,1.0,0.0,1000000.0,0.0,0.0,2.5625,0.0625,1.0,0.0,2.5,0.5,0.0,0.6392049249180003
2021SLU__2021_06_11_SLU_S3__bot3p2_Room_3_Zoom_Meeting_2021_06_11_10_59_57_chunk5.mp4,2021SLU,2021_06_11_SLU_S3,2021_06_11_SLU_S3,4,9,middle,1.0,1.0,True,True,True,True,0.23404255319148937,0.0,0.0,1.0,0.0,3.0,1.0,0.0,0.0,0.0,3.0,2.0,3.0,1.0,1.0,1.0,1.0,0.0,0.0,0.0,0.0,0.0,0.0,3.0,1.0,1.0,0.0,0.0,0.0,1.0,1.0,2.0,3.0,2.0,1.0,0.0,0.0,2.0,0.0,0.0,0.0,8.0,0.0,0.0,0.0,0.0,2.0,1.0,1.5,0.5,1.3333333333333333,0.3333333333333333,6.0,1.0,5.999994000006001,0.857142734693895,0.0,0.0,0.0,0.0,0.0,0.0,0.0,0.0,0.0,1.0,0.0,1000000.0,8.0,0.0,0.9999998750000157,9.0,1.5,1.0,0.0,0.0,0.0,0.0,0.0,,,0.0,0.0,0.0,,,0.0,-0.6171441482000752
2021SLU__2021_06_11_SLU_S3__bot3p2_Room_3_Zoom_Meeting_2021_06_11_10_59_57_chunk6.mp4,2021SLU,2021_06_11_SLU_S3,2021_06_11_SLU_S3,5,9,middle,1.0,1.0,True,True,True,True,0.268765133171913,0.0,0.0,1.0,0.0,4.0,1.0,0.0,0.0,0.0,3.0,2.0,3.0,1.0,0.0,0.0,1.0,0.0,0.0,1.0,0.0,0.0,1.0,3.0,1.0,1.0,0.0,0.0,1.0,1.0,3.0,4.0,9.0,1.0,0.0,0.0,0.0,2.0,0.0,0.0,1.0,14.0,0.0,0.0,0.0,0.0,1.6666666666666667,0.6666666666666666,2.0,1.0,1.2222222222222223,0.2222222222222222,15.0,0.0,15000000.0,0.9999999333333378,0.0,0.0,1.0,0.0,0.0,0.0,0.0,0.0,0.0,0.0,0.0,0.0,5.0,7.0,0.41666663194444736,20.0,1.4285714285714286,1.0,0.0,0.0,0.0,0.0,0.0,0.0,1.8571428571428572,0.0,1.0,0.7619047619047619,2.238095238095238,0.23809523809523808,0.0,1.7766355305795791
2021SLU__2021_06_11_SLU_S3__bot3p2_Room_3_Zoom_Meeting_2021_06_11_10_59_57_chunk7.mp4,2021SLU,2021_06_11_SLU_S3,2021_06_11_SLU_S3,6,9,middle,1.0,1.0,True,True,True,True,0.35632183908045967,0.0,0.0,1.0,0.0,3.0,1.0,0.0,0.0,0.0,3.0,2.0,3.0,1.0,0.0,0.0,1.0,0.0,0.0,1.0,0.0,0.0,1.0,3.0,1.0,1.0,0.0,0.0,0.0,1.0,3.0,1.0,3.0,1.0,0.0,0.0,1.0,0.0,0.0,0.0,0.0,9.0,0.0,0.0,0.0,0.0,1.3333333333333333,0.3333333333333333,,,2.0,1.0,6.0,0.0,6000000.0,0.9999998333333611,0.0,0.0,0.0,0.0,0.0,0.0,0.0,0.0,0.0,0.0,0.0,0.0,9.0,0.0,0.9999998888889013,10.0,1.6666666666666667,1.0,0.0,0.0,0.0,0.0,0.0,0.0,0.0,0.0,0.0,0.0,2.5555555555555554,0.5555555555555556,0.0,-0.8604649237120855
2021SLU__2021_06_11_SLU_S3__bot3p2_Room_3_Zoom_Meeting_2021_06_11_10_59_57_chunk8.mp4,2021SLU,2021_06_11_SLU_S3,2021_06_11_SLU_S3,7,9,middle,1.0,1.0,True,True,True,True,0.40033783783783794,1.0,1.0,0.0,0.0,3.0,1.0,0.0,1.0,1.0,3.0,3.0,3.0,1.0,0.0,0.0,1.0,0.0,0.0,0.0,1.0,0.0,1.0,,0.0,0.0,0.0,0.0,0.0,2.0,2.0,1.0,3.0,1.0,6.0,0.0,1.0,2.0,0.0,0.0,0.0,7.0,0.0,0.0,0.0,0.0,1.5,0.5,1.0,0.0,1.0,0.0,8.0,0.0,8000000.0,0.9999998750000157,0.0,0.0,0.0,0.0,0.0,0.0,0.0,0.0,0.0,0.0,0.0,0.0,7.0,0.0,0.9999998571428775,6.0,1.2,1.0,0.0,0.0,0.0,0.0,0.0,0.0,0.6875,0.0,1.0,0.4375,2.0625,0.0625,0.0,0.4687028330672968
2021SLU__2021_06_11_SLU_S3__bot3p1_Room_3_Zoom_Meeting_2021_06_11_10_58_57.mp4,2021SLU,2021_06_11_SLU_S3,2021_06_11_SLU_S3,8,9,end,1.0,1.0,True,True,True,True,0.0,1.0,0.0,0.0,1.0,3.0,0.0,0.0,0.0,0.0,,3.0,0.0,0.0,0.0,0.0,1.0,0.0,0.0,0.0,0.0,0.0,0.0,,0.0,0.0,0.0,0.0,1.0,2.0,0.0,0.0,0.0,0.0,0.0,0.0,1.0,0.0,0.0,0.0,0.0,1.0,0.0,0.0,0.0,0.0,,,,,,,0.0,0.0,0.0,0.0,0.0,0.0,0.0,0.0,0.0,0.0,0.0,0.0,0.0,0.0,0.0,0.0,1.0,0.0,0.9999990000010001,0.0,,,0.0,0.0,0.0,0.0,0.0,0.0,2.0,0.0,1.0,0.0,2.0,0.0,0.0,0.11658293289312738
2022MND__2022-04-07-MND-S4__Bot4 - MND_2022_1-4_chunk1.mp4,2022MND,2022-04-07-MND-S4,2022-04-07-MND-S4,0,8,beginning,2.0,1.0,True,True,True,True,0.33333333333333326,0.0,0.0,0.0,0.0,3.0,1.0,0.0,0.0,0.0,2.0,1.0,0.0,0.0,0.0,0.0,0.0,0.0,0.0,0.0,1.0,0.0,1.0,,0.0,0.0,0.0,0.0,0.0,1.0,1.0,4.0,8.0,1.0,5.0,6.0,6.0,2.0,0.0,2.0,0.0,14.0,0.0,0.0,0.0,0.0,1.0,0.0,1.0,0.0,1.0,0.0,11.0,1.0,10.999989000011,0.9166665902777842,2.0,0.0,0.0,0.0,0.0,0.0,0.0,0.0,0.0,0.0,0.0,0.0,0.0,11.0,0.0,11.0,1.0,1.0,0.0,0.0,0.0,0.0,0.0,0.0,0.47058823529411764,0.029411764705882353,0.3235294117647059,0.029411764705882353,2.0294117647058822,0.029411764705882353,0.0,-0.4471697283727792
2022MND__2022-04-07-MND-S4__Bot4 - MND_2022_1-4_chunk2.mp4,2022MND,2022-04-07-MND-S4,2022-04-07-MND-S4,1,8,middle,2.0,1.0,True,True,True,True,0.4821428571428572,1.0,0.0,1.0,0.0,3.0,1.0,0.0,0.0,0.0,2.0,1.0,3.0,1.0,0.0,1.0,1.0,1.0,0.0,0.0,0.0,0.0,1.0,3.0,1.0,1.0,0.0,0.0,0.0,1.0,6.0,2.0,8.0,5.0,1.0,2.0,1.0,2.0,0.0,0.0,0.0,9.0,0.0,0.0,0.0,0.0,1.3333333333333333,0.3333333333333333,1.0,0.0,1.125,0.125,16.0,3.0,5.333331555556148,0.8421052188365674,0.0,0.0,0.0,0.0,0.0,0.0,0.0,0.0,1.0,1.0,0.0,1000000.0,3.0,4.0,0.4285713673469475,19.0,1.1875,1.0,0.0,0.0,0.0,0.0,0.0,0.0,0.9333333333333333,0.13333333333333333,0.13333333333333333,0.0,2.0,0.0,0.3333333333333333,0.12418894506028126
2022MND__2022-04-07-MND-S4__Bot4 - MND_2022_1-4_chunk3.mp4,2022MND,2022-04-07-MND-S4,2022-04-07-MND-S4,2,8,middle,2.0,1.0,True,True,True,True,0.32090665076051295,0.0,0.0,1.0,0.0,3.0,1.0,0.0,0.0,0.0,2.0,1.0,3.0,1.0,0.0,0.0,1.0,1.0,0.0,0.0,0.0,0.0,1.0,3.0,1.0,1.0,0.0,0.0,0.0,1.0,6.0,4.0,6.0,3.0,1.0,5.0,1.0,2.0,0.0,0.0,0.0,13.0,0.0,0.0,0.0,0.0,1.1666666666666667,0.16666666666666666,2.0,1.0,1.1666666666666667,0.16666666666666666,16.0,1.0,15.999984000016001,0.9411764152249167,0.0,0.0,0.0,0.0,0.0,0.0,0.0,0.0,0.0,0.0,0.0,0.0,1.0,6.0,0.1428571224489825,18.0,1.2857142857142858,1.0,0.0,0.0,0.0,0.0,0.0,0.0,0.8571428571428571,0.19047619047619047,0.23809523809523808,0.09523809523809523,2.0,0.0,0.047619047619047616,0.5297832344872169
2022MND__2022-04-07-MND-S4__Bot4 - MND_2022_1-4_chunk4.mp4,2022MND,2022-04-07-MND-S4,2022-04-07-MND-S4,3,8,middle,2.0,1.0,True,True,True,True,0.2988352745424294,0.0,0.0,1.0,0.0,3.0,1.0,0.0,0.0,0.0,2.0,1.0,3.0,1.0,0.0,0.0,1.0,0.0,0.0,0.0,1.0,0.0,1.0,,0.0,0.0,0.0,0.0,0.0,1.0,3.0,5.0,8.0,3.0,2.0,0.0,1.0,0.0,0.0,0.0,0.0,14.0,0.0,0.0,0.0,0.0,2.0,1.0,,,1.625,0.625,11.0,3.0,3.6666654444448517,0.7857142295918408,0.0,0.0,0.0,0.0,0.0,0.0,0.0,0.0,1.0,0.0,0.0,0.0,2.0,6.0,0.24999996875000394,17.0,1.7,1.0,0.0,1.0,0.0,1000000.0,0.0,0.0,1.1176470588235294,0.058823529411764705,0.17647058823529413,0.058823529411764705,2.176470588235294,0.23529411764705882,0.17647058823529413,0.05233557196110475
2022MND__2022-04-07-MND-S4__Bot4 - MND_2022_1-4_chunk5.mp4,2022MND,2022-04-07-MND-S4,2022-04-07-MND-S4,4,8,middle,2.0,1.0,True,True,True,False,,,,,,,,,,,,,,,,,,,,,,,,,,,,,,,,,,,,,,,,,,,,,,,,,,,,,,,,,,,,,,,,,,,,,,,,,,,,,,,,,,,,,,,,
2022MND__2022-04-07-MND-S4__Bot4 - MND_2022_1-4_chunk6.mp4,2022MND,2022-04-07-MND-S4,2022-04-07-MND-S4,5,8,middle,2.0,1.0,True,True,True,True,0.451197053406998,0.0,1.0,0.0,0.0,3.0,1.0,0.0,1.0,1.0,2.0,2.0,0.0,0.0,0.0,1.0,1.0,0.0,0.0,0.0,0.0,0.0,1.0,,0.0,0.0,0.0,0.0,0.0,2.0,1.0,6.0,5.0,3.0,1.0,7.0,9.0,3.0,1.0,0.0,1.0,0.0,0.0,0.0,0.0,0.0,2.0,1.0,1.0,0.0,1.0,0.0,11.0,1.0,10.999989000011,0.9166665902777842,0.0,0.0,1.0,1.0,0.0,0.0,0.0,0.0,1.0,0.0,0.0,0.0,0.0,0.0,0.0,10.0,1.1111111111111112,1.0,1.0,0.0,0.0,1000000.0,0.0,0.0,0.26666666666666666,0.0,0.03333333333333333,0.0,2.0,0.0,0.03333333333333333,-0.7301918761647239
2022MND__2022-04-07-MND-S4__Bot4 - MND_2022_1-4_chunk7.mp4,2022MND,2022-04-07-MND-S4,2022-04-07-MND-S4,6,8,middle,2.0,1.0,True,True,True,True,0.6364251861882195,1.0,0.0,0.0,1.0,3.0,0.0,0.0,1.0,1.0,,2.0,0.0,0.0,0.0,0.0,0.0,0.0,1.0,1.0,0.0,0.0,1.0,,0.0,0.0,0.0,1.0,1.0,1.0,1.0,3.0,14.0,7.0,3.0,5.0,2.0,0.0,0.0,0.0,0.0,9.0,0.0,0.0,3.0,0.0,1.0,0.0,,,0.46153846153846156,0.0,20.0,2.0,9.9999950000025,0.9090908677685968,0.0,0.0,0.0,0.0,0.0,0.0,3.0,0.0,0.0,0.0,0.0,0.0,2.0,7.0,0.22222219753086697,7.0,0.5,0.5,0.0,0.0,0.0,0.0,0.0,0.0,0.22580645161290322,0.06451612903225806,0.06451612903225806,0.03225806451612903,2.193548387096774,0.1935483870967742,0.03225806451612903,-0.4210920913092641
2022MND__2022-04-07-MND-S4__Bot4 - MND_2022_1-4_chunk8.mp4,2022MND,2022-04-07-MND-S4,2022-04-07-MND-S4,7,8,end,2.0,1.0,True,True,True,True,0.5333333333333332,0.0,0.0,0.0,1.0,3.0,0.0,0.0,1.0,1.0,,2.0,0.0,0.0,0.0,0.0,0.0,0.0,1.0,0.0,1.0,0.0,1.0,,0.0,0.0,0.0,1.0,0.0,1.0,1.0,3.0,5.0,7.0,12.0,0.0,8.0,0.0,0.0,0.0,0.0,9.0,0.0,0.0,9.0,0.0,1.0,0.0,,,0.8,0.0,12.0,1.0,11.999988000012001,0.9230768520710114,0.0,0.0,0.0,0.0,0.0,0.0,9.0,0.0,0.0,0.0,0.0,0.0,3.0,4.0,0.4285713673469475,5.0,0.8333333333333334,0.8333333333333334,0.0,1.0,0.0,1000000.0,0.0,0.0,0.425,0.1,0.275,0.05,1.975,0.05,0.05,-0.14279773886501693
2022MND__2022-04-08-MND-S3__Bot3.1 - 2022-04-08 10-53-26 - problem 47min10sec - end then 2 min missed_chunk1.mp4,2022MND,2022-04-08-MND-S3,2022-04-08-MND-S3,0,8,beginning,0.0,0.0,False,False,False,True,0.28806262230919777,0.0,0.0,1.0,0.0,3.0,1.0,0.0,0.0,0.0,2.0,1.0,0.0,0.0,0.0,0.0,0.0,0.0,0.0,0.0,0.0,0.0,1.0,,0.0,0.0,0.0,0.0,1.0,1.0,1.0,0.0,3.0,2.0,1.0,2.0,9.0,1.0,0.0,0.0,0.0,4.0,0.0,0.0,0.0,0.0,2.0,1.0,1.0,0.0,1.0,0.0,7.0,0.0,7000000.0,0.9999998571428775,0.0,0.0,0.0,0.0,0.0,0.0,0.0,0.0,0.0,0.0,0.0,0.0,1.0,3.0,0.24999993750001562,6.0,1.2,1.0,0.0,2.0,0.0,2000000.0,0.0,0.0,1.263157894736842,0.21052631578947367,0.42105263157894735,0.2631578947368421,2.0,0.0,0.05263157894736842,1.1888827976069465
2022MND__2022-04-08-MND-S3__Bot3.2 - 2022-04-08 11-45-28 - after missed 2 min_chunk1.mp4,2022MND,2022-04-08-MND-S3,2022-04-08-MND-S3,1,8,middle,0.0,0.0,False,False,False,True,0.29259896729776247,0.0,0.0,1.0,0.0,4.0,1.0,0.0,1.0,0.0,2.0,1.0,0.0,0.0,0.0,0.0,0.0,0.0,1.0,1.0,0.0,0.0,1.0,3.0,1.0,1.0,0.0,0.0,0.0,1.0,4.0,5.0,17.0,5.0,3.0,0.0,1.0,0.0,0.0,0.0,0.0,15.0,0.0,0.0,0.0,0.0,1.0,0.0,,,1.0,0.11764705882352941,23.0,1.0,22.999977000023,0.9583332934027794,0.0,0.0,0.0,0.0,0.0,0.0,0.0,0.0,0.0,1.0,0.0,1000000.0,0.0,15.0,0.0,21.0,1.0,0.9047619047619048,1.0,1.0,0.0,2000000.0,0.0,0.0,1.5161290322580645,0.2903225806451613,0.8387096774193549,0.2903225806451613,2.4838709677419355,0.45161290322580644,0.0,1.6905514868838794
2022MND__2022-04-08-MND-S3__Bot3.1 - 2022-04-08 10-53-26 - problem 47min10sec - end then 2 min missed_chunk2.mp4,2022MND,2022-04-08-MND-S3,2022-04-08-MND-S3,2,8,middle,0.0,0.0,False,False,False,True,0.3580000000000001,0.0,0.0,1.0,0.0,3.0,1.0,0.0,0.0,0.0,2.0,1.0,0.0,0.0,0.0,1.0,0.0,0.0,1.0,0.0,1.0,0.0,1.0,,0.0,0.0,0.0,0.0,0.0,1.0,4.0,4.0,6.0,5.0,1.0,1.0,0.0,0.0,0.0,0.0,0.0,12.0,0.0,0.0,0.0,0.0,1.6666666666666667,0.6666666666666666,,,1.3333333333333333,0.3333333333333333,11.0,4.0,2.749999312500172,0.7333332844444478,0.0,0.0,0.0,0.0,0.0,0.0,0.0,0.0,0.0,0.0,0.0,0.0,0.0,10.0,0.0,13.0,1.4444444444444444,1.0,0.0,1.0,0.0,1000000.0,0.0,0.0,1.6153846153846154,0.07692307692307693,0.46153846153846156,0.15384615384615385,2.076923076923077,0.07692307692307693,0.07692307692307693,0.5830022727548111
2022MND__2022-04-08-MND-S3__Bot3.2 - 2022-04-08 11-45-28 - after missed 2 min_chunk2.mp4,2022MND,2022-04-08-MND-S3,2022-04-08-MND-S3,3,8,middle,0.0,0.0,False,False,False,True,0.5929824561403509,1.0,0.0,1.0,0.0,3.0,1.0,0.0,1.0,0.0,1.0,1.0,0.0,0.0,0.0,0.0,0.0,0.0,1.0,0.0,1.0,0.0,1.0,,0.0,0.0,0.0,0.0,0.0,0.0,1.0,3.0,15.0,4.0,9.0,0.0,2.0,1.0,0.0,0.0,0.0,11.0,0.0,0.0,0.0,0.0,1.0,0.0,1.0,0.0,0.9333333333333333,0.2,20.0,0.0,20000000.0,0.9999999500000024,0.0,0.0,0.0,0.0,0.0,0.0,0.0,0.0,0.0,0.0,0.0,0.0,0.0,11.0,0.0,16.0,0.9411764705882353,0.7647058823529411,0.0,3.0,0.0,3000000.0,0.0,0.0,0.7647058823529411,0.29411764705882354,0.4117647058823529,0.23529411764705882,2.0294117647058822,0.029411764705882353,0.0,1.2135740610165755
2022MND__2022-04-08-MND-S3__Bot3.1 - 2022-04-08 10-53-26 - problem 47min10sec - end then 2 min missed_chunk3.mp4,2022MND,2022-04-08-MND-S3,2022-04-08-MND-S3,4,8,middle,0.0,0.0,False,False,False,True,0.5576923076923077,1.0,0.0,1.0,0.0,4.0,0.0,0.0,0.0,0.0,3.0,2.0,2.0,0.0,0.0,0.0,0.0,1.0,1.0,0.0,1.0,0.0,1.0,,0.0,0.0,0.0,0.0,0.0,1.0,10.0,2.0,11.0,9.0,4.0,0.0,0.0,0.0,0.0,0.0,0.0,22.0,0.0,0.0,0.0,0.0,1.3,0.3,,,1.1666666666666667,0.16666666666666666,26.0,2.0,12.99999350000325,0.9285713954081645,0.0,0.0,0.0,0.0,0.0,0.0,0.0,0.0,0.0,0.0,0.0,0.0,2.0,7.0,0.22222219753086697,20.0,1.25,1.0,1.0,0.0,0.0,1000000.0,0.0,0.0,1.9090909090909092,0.2727272727272727,0.6363636363636364,0.45454545454545453,2.1818181818181817,0.18181818181818182,0.045454545454545456,2.185607658331486
2022MND__2022-04-08-MND-S3__Bot3.2 - 2022-04-08 11-45-28 - after missed 2 min_chunk3.mp4,2022MND,2022-04-08-MND-S3,2022-04-08-MND-S3,5,8,middle,0.0,0.0,False,False,False,True,0.3784722222222221,0.0,0.0,0.0,0.0,3.0,0.0,0.0,1.0,0.0,,1.0,0.0,0.0,0.0,0.0,0.0,0.0,1.0,0.0,1.0,0.0,1.0,,0.0,0.0,0.0,0.0,0.0,2.0,0.0,0.0,9.0,2.0,2.0,0.0,3.0,0.0,0.0,0.0,0.0,0.0,0.0,0.0,0.0,0.0,,,,,0.0,0.0,11.0,0.0,11000000.0,0.9999999090909174,0.0,0.0,0.0,0.0,0.0,0.0,0.0,0.0,0.0,0.0,0.0,0.0,0.0,0.0,0.0,0.0,0.0,0.0,0.0,0.0,0.0,0.0,0.0,0.0,0.4117647058823529,0.5294117647058824,0.5882352941176471,0.058823529411764705,2.588235294117647,0.5882352941176471,0.0,1.5734888073590323
2022MND__2022-04-08-MND-S3__Bot3.1 - 2022-04-08 10-53-26 - problem 47min10sec - end then 2 min missed_chunk4.mp4,2022MND,2022-04-08-MND-S3,2022-04-08-MND-S3,6,8,middle,0.0,0.0,False,False,False,True,0.4571428571428573,0.0,0.0,1.0,0.0,4.0,1.0,0.0,0.0,0.0,2.0,2.0,2.0,0.0,0.0,0.0,0.0,0.0,1.0,0.0,1.0,0.0,1.0,,0.0,0.0,0.0,1.0,0.0,1.0,8.0,2.0,7.0,13.0,6.0,0.0,0.0,0.0,0.0,1.0,1.0,28.0,0.0,0.0,2.0,0.0,1.5,0.5,,,1.2857142857142858,0.2857142857142857,21.0,6.0,3.4999994166667636,0.7777777489711944,1.0,0.0,1.0,0.0,0.0,0.0,2.0,0.0,0.0,0.0,0.0,0.0,3.0,5.0,0.3749999531250059,21.0,1.4,1.0,0.0,4.0,0.0,4000000.0,0.0,0.0,0.7027027027027027,0.24324324324324326,0.5135135135135135,0.08108108108108109,2.4324324324324325,0.43243243243243246,0.02702702702702703,0.6314270386662643
2022MND__2022-04-08-MND-S3__Bot3.1 - 2022-04-08 10-53-26 - problem 47min10sec - end then 2 min missed_chunk5.mp4,2022MND,2022-04-08-MND-S3,2022-04-08-MND-S3,7,8,end,0.0,0.0,False,False,False,True,0.18925476603119584,0.0,0.0,1.0,0.0,4.0,1.0,0.0,1.0,1.0,2.0,2.0,2.0,0.0,0.0,0.0,1.0,0.0,1.0,0.0,1.0,0.0,1.0,,0.0,0.0,0.0,1.0,0.0,1.0,16.0,0.0,3.0,6.0,4.0,1.0,5.0,4.0,0.0,0.0,0.0,28.0,0.0,0.0,2.0,0.0,1.25,0.25,1.75,0.75,0.6666666666666666,0.0,22.0,6.0,3.666666055555657,0.7857142576530622,0.0,0.0,0.0,0.0,0.0,0.0,2.0,0.0,0.0,0.0,0.0,0.0,24.0,4.0,0.8571428265306134,29.0,1.2608695652173914,0.9565217391304348,3.0,1.0,0.0,4000000.0,0.0,0.0,1.2285714285714286,0.08571428571428572,0.34285714285714286,0.08571428571428572,2.2857142857142856,0.2857142857142857,0.08571428571428572,0.27420622723352067
2022MND__2022-04-08-MND-S5__BotB5 - 2022-04-08 10-54-31 - problem 7min30sec-10min_chunk1.mp4,2022MND,2022-04-08-MND-S5,2022-04-08-MND-S5,0,8,beginning,3.0,1.0,True,True,True,True,0.3920454545454546,0.0,0.0,0.0,0.0,3.0,1.0,0.0,1.0,0.0,2.0,1.0,0.0,0.0,1.0,0.0,0.0,1.0,0.0,0.0,0.0,0.0,1.0,,0.0,0.0,0.0,0.0,1.0,2.0,2.0,0.0,12.0,0.0,1.0,9.0,3.0,2.0,0.0,0.0,0.0,16.0,1.0,0.0,0.0,0.0,1.0,0.0,1.0,0.0,1.0,0.0,16.0,1.0,15.999984000016001,0.9411764152249167,0.0,0.0,0.0,0.0,1.0,0.0,0.0,0.0,0.0,0.0,0.0,0.0,3.0,13.0,0.18749998828125072,16.0,1.0,1.0,0.0,0.0,1.0,0.0,0.0,0.0,1.0769230769230769,0.11538461538461539,0.38461538461538464,0.07692307692307693,2.076923076923077,0.07692307692307693,0.0,0.2978125411931803
2022MND__2022-04-08-MND-S5__BotB5 - 2022-04-08 10-54-31 - problem 7min30sec-10min_chunk2.mp4,2022MND,2022-04-08-MND-S5,2022-04-08-MND-S5,1,8,middle,3.0,1.0,True,True,True,True,0.6663967611336032,1.0,0.0,1.0,0.0,3.0,0.0,0.0,1.0,0.0,2.0,1.0,0.0,0.0,0.0,0.0,0.0,0.0,0.0,0.0,0.0,0.0,1.0,,0.0,0.0,0.0,0.0,0.0,1.0,0.0,2.0,2.0,1.0,2.0,3.0,2.0,0.0,0.0,0.0,0.0,3.0,0.0,3.0,0.0,0.0,,,,,2.0,1.0,3.0,0.0,3000000.0,0.9999996666667778,0.0,0.0,0.0,0.0,0.0,3.0,0.0,0.0,0.0,0.0,0.0,0.0,0.0,3.0,0.0,4.0,2.0,1.0,0.0,0.0,0.0,0.0,0.0,0.0,1.0833333333333333,0.25,0.3333333333333333,0.0,2.25,0.25,0.0,0.6600784613676978
2022MND__2022-04-08-MND-S5__BotB5 - 2022-04-08 10-54-31 - problem 7min30sec-10min_chunk3.mp4,2022MND,2022-04-08-MND-S5,2022-04-08-MND-S5,2,8,middle,3.0,1.0,True,True,True,True,0.610876897133221,1.0,0.0,1.0,0.0,3.0,1.0,0.0,0.0,0.0,2.0,1.0,2.0,0.0,0.0,0.0,0.0,0.0,0.0,0.0,0.0,0.0,0.0,,0.0,0.0,0.0,0.0,0.0,1.0,1.0,2.0,6.0,0.0,0.0,2.0,0.0,1.0,0.0,0.0,1.0,5.0,0.0,1.0,0.0,0.0,2.0,1.0,1.0,0.0,1.5,0.5,8.0,0.0,8000000.0,0.9999998750000157,0.0,0.0,1.0,0.0,0.0,1.0,0.0,0.0,0.0,0.0,0.0,0.0,1.0,4.0,0.199999960000008,12.0,1.5,1.0,0.0,1.0,0.0,1000000.0,0.0,0.0,2.1,0.0,0.2,0.0,2.0,0.0,0.0,0.16543532572338807
2022MND__2022-04-08-MND-S5__BotB5 - 2022-04-08 10-54-31 - problem 7min30sec-10min_chunk4.mp4,2022MND,2022-04-08-MND-S5,2022-04-08-MND-S5,3,8,middle,3.0,1.0,True,True,True,True,0.42487479131886463,0.0,0.0,1.0,0.0,3.0,1.0,0.0,0.0,0.0,2.0,1.0,4.0,1.0,1.0,1.0,0.0,0.0,1.0,0.0,1.0,0.0,1.0,3.0,1.0,1.0,1.0,1.0,1.0,1.0,2.0,5.0,5.0,6.0,0.0,1.0,0.0,1.0,0.0,0.0,0.0,10.0,0.0,1.0,0.0,0.0,2.0,1.0,2.0,1.0,1.2,0.2,12.0,2.0,5.9999970000015,0.8571427959183717,0.0,0.0,0.0,0.0,0.0,1.0,0.0,0.0,0.0,0.0,0.0,0.0,4.0,4.0,0.4999999375000079,12.0,1.5,1.0,0.0,1.0,0.0,1000000.0,0.0,0.0,1.5333333333333334,0.13333333333333333,0.13333333333333333,0.06666666666666667,2.6666666666666665,0.4666666666666667,0.13333333333333333,0.5686644534431923
2022MND__2022-04-08-MND-S5__BotB5 - 2022-04-08 10-54-31 - problem 7min30sec-10min_chunk5.mp4,2022MND,2022-04-08-MND-S5,2022-04-08-MND-S5,4,8,middle,3.0,1.0,True,True,True,True,0.46959459459459474,0.0,0.0,1.0,0.0,3.0,1.0,0.0,0.0,0.0,2.0,1.0,3.0,1.0,0.0,1.0,0.0,0.0,1.0,0.0,0.0,0.0,1.0,,0.0,0.0,0.0,0.0,0.0,1.0,4.0,4.0,6.0,1.0,0.0,3.0,0.0,0.0,0.0,0.0,0.0,9.0,0.0,0.0,0.0,0.0,1.5,0.5,,,1.6666666666666667,0.6666666666666666,11.0,0.0,11000000.0,0.9999999090909174,0.0,0.0,0.0,0.0,0.0,0.0,0.0,0.0,0.0,0.0,0.0,0.0,0.0,9.0,0.0,16.0,1.6,1.0,0.0,1.0,0.0,1000000.0,0.0,0.0,1.25,0.08333333333333333,0.25,0.08333333333333333,2.25,0.16666666666666666,0.08333333333333333,0.26982780239073184
2022MND__2022-04-08-MND-S5__BotB5 - 2022-04-08 10-54-31 - problem 7min30sec-10min_chunk6.mp4,2022MND,2022-04-08-MND-S5,2022-04-08-MND-S5,5,8,middle,3.0,1.0,True,True,True,True,0.5323299888517279,0.0,0.0,1.0,0.0,3.0,1.0,0.0,0.0,0.0,2.0,1.0,0.0,0.0,0.0,0.0,0.0,0.0,0.0,0.0,0.0,0.0,1.0,,0.0,0.0,0.0,0.0,0.0,1.0,3.0,2.0,4.0,2.0,2.0,1.0,3.0,1.0,0.0,0.0,0.0,7.0,0.0,0.0,0.0,0.0,1.3333333333333333,0.3333333333333333,1.0,0.0,2.0,1.0,10.0,0.0,10000000.0,0.99999990000001,0.0,0.0,0.0,0.0,0.0,0.0,0.0,0.0,0.0,0.0,0.0,0.0,0.0,4.0,0.0,13.0,1.625,1.0,0.0,0.0,0.0,0.0,0.0,0.0,1.6923076923076923,0.15384615384615385,0.38461538461538464,0.23076923076923078,2.230769230769231,0.23076923076923078,0.0,1.1002467125238355
2022MND__2022-04-08-MND-S5__BotB5 - 2022-04-08 10-54-31 - problem 7min30sec-10min_chunk7.mp4,2022MND,2022-04-08-MND-S5,2022-04-08-MND-S5,6,8,middle,3.0,1.0,True,True,True,True,0.5700564971751412,0.0,0.0,0.0,0.0,3.0,0.0,0.0,1.0,1.0,2.0,2.0,0.0,0.0,0.0,0.0,0.0,0.0,1.0,0.0,0.0,0.0,1.0,3.0,1.0,1.0,0.0,0.0,0.0,2.0,6.0,5.0,10.0,8.0,4.0,0.0,11.0,0.0,1.0,0.0,0.0,15.0,0.0,1.0,0.0,0.0,1.3333333333333333,0.3333333333333333,,,1.3333333333333333,0.3333333333333333,22.0,2.0,10.99999450000275,0.9166666284722238,0.0,0.0,0.0,1.0,0.0,1.0,0.0,0.0,0.0,0.0,1.0,0.0,0.0,4.0,0.0,20.0,1.3333333333333333,1.0,0.0,0.0,1.0,0.0,0.0,0.0,0.5333333333333333,0.044444444444444446,0.17777777777777778,0.0,2.066666666666667,0.08888888888888889,0.0,-0.4236860944984952
2022MND__2022-04-08-MND-S5__BotB5 - 2022-04-08 10-54-31 - problem 7min30sec-10min_chunk8.mp4,2022MND,2022-04-08-MND-S5,2022-04-08-MND-S5,7,8,end,3.0,1.0,True,True,True,False,,,,,,,,,,,,,,,,,,,,,,,,,,,,,,,,,,,,,,,,,,,,,,,,,,,,,,,,,,,,,,,,,,,,,,,,,,,,,,,,,,,,,,,,
2022MND__2022-04-07-MND-S5__BotB4 - 2022-04-07 09-36-38 - time off by 3hrs (should be later)_chunk1.mp4,2022MND,2022-04-07-MND-S5,2022-04-07-MND-S5,0,8,beginning,2.0,1.0,True,True,True,True,0.35827759197324416,0.0,0.0,1.0,0.0,3.0,1.0,0.0,0.0,0.0,2.0,1.0,0.0,0.0,1.0,0.0,1.0,1.0,0.0,0.0,0.0,0.0,0.0,,0.0,0.0,0.0,0.0,0.0,2.0,0.0,3.0,9.0,0.0,1.0,6.0,3.0,3.0,0.0,1.0,0.0,13.0,0.0,1.0,0.0,0.0,,,1.0,0.0,1.0,0.0,12.0,0.0,12000000.0,0.9999999166666736,1.0,0.0,0.0,0.0,0.0,1.0,0.0,0.0,0.0,0.0,0.0,0.0,2.0,9.0,0.1818181652892577,12.0,1.0,1.0,0.0,0.0,0.0,0.0,0.0,0.0,0.7931034482758621,0.0,0.20689655172413793,0.0,2.0,0.0,0.0,-0.47301491161001835
2022MND__2022-04-07-MND-S5__BotB4 - 2022-04-07 09-36-38 - time off by 3hrs (should be later)_chunk2.mp4,2022MND,2022-04-07-MND-S5,2022-04-07-MND-S5,1,8,middle,2.0,1.0,True,True,True,True,0.5253212396069538,0.0,0.0,1.0,0.0,3.0,1.0,0.0,0.0,0.0,2.0,1.0,3.0,1.0,0.0,1.0,1.0,0.0,0.0,0.0,0.0,0.0,0.0,3.0,1.0,1.0,0.0,0.0,0.0,1.0,4.0,3.0,12.0,4.0,0.0,4.0,0.0,1.0,0.0,0.0,1.0,19.0,0.0,0.0,0.0,0.0,1.5,0.5,1.0,0.0,1.0,0.08333333333333333,18.0,1.0,17.999982000018,0.9473683711911383,0.0,0.0,1.0,0.0,0.0,0.0,0.0,0.0,0.0,1.0,0.0,1000000.0,3.0,11.0,0.21428569897959293,19.0,1.1176470588235294,0.9411764705882353,0.0,0.0,0.0,0.0,0.0,0.0,1.5263157894736843,0.15789473684210525,0.15789473684210525,0.05263157894736842,2.0,0.0,0.21052631578947367,0.6307624839099835
2022MND__2022-04-07-MND-S5__BotB4 - 2022-04-07 09-36-38 - time off by 3hrs (should be later)_chunk3.mp4,2022MND,2022-04-07-MND-S5,2022-04-07-MND-S5,2,8,middle,2.0,1.0,True,True,True,True,0.38888888888888884,0.0,0.0,1.0,0.0,3.0,1.0,0.0,0.0,0.0,3.0,2.0,3.0,1.0,0.0,0.0,1.0,0.0,0.0,0.0,0.0,0.0,1.0,,0.0,0.0,0.0,0.0,0.0,1.0,10.0,4.0,7.0,2.0,2.0,4.0,1.0,2.0,1.0,0.0,0.0,14.0,0.0,0.0,0.0,0.0,1.5,0.5,2.0,1.0,1.5714285714285714,0.7142857142857143,19.0,1.0,18.999981000019,0.9499999525000024,0.0,0.0,0.0,1.0,0.0,0.0,0.0,0.0,0.0,0.0,0.0,0.0,1.0,10.0,0.09090908264462885,30.0,1.5789473684210527,0.9473684210526315,0.0,0.0,0.0,0.0,0.0,0.0,,0.0,0.0,0.0,2.210526315789474,0.21052631578947367,0.0,-0.6171441482000752
2022MND__2022-04-07-MND-S5__BotB4 - 2022-04-07 09-36-38 - time off by 3hrs (should be later)_chunk4.mp4,2022MND,2022-04-07-MND-S5,2022-04-07-MND-S5,3,8,middle,2.0,1.0,True,True,True,True,0.33274231678487,0.0,0.0,1.0,0.0,3.0,1.0,0.0,0.0,0.0,3.0,2.0,3.0,1.0,0.0,1.0,1.0,0.0,0.0,0.0,1.0,0.0,1.0,3.0,1.0,1.0,0.0,0.0,0.0,1.0,5.0,6.0,8.0,2.0,3.0,1.0,0.0,1.0,0.0,0.0,0.0,17.0,0.0,0.0,0.0,0.0,1.75,0.75,2.0,1.0,1.375,0.375,15.0,1.0,14.999985000015002,0.9374999414062536,0.0,0.0,0.0,0.0,0.0,0.0,0.0,0.0,0.0,0.0,0.0,0.0,4.0,2.0,0.6666665555555741,20.0,1.5384615384615385,1.0,0.0,0.0,0.0,0.0,0.0,0.0,1.1904761904761905,0.09523809523809523,0.09523809523809523,0.09523809523809523,2.0,0.0,0.14285714285714285,0.3149829708095614
2022MND__2022-04-07-MND-S5__BotB4 - 2022-04-07 09-36-38 - time off by 3hrs (should be later)_chunk5.mp4,2022MND,2022-04-07-MND-S5,2022-04-07-MND-S5,4,8,middle,2.0,1.0,True,True,True,True,0.33565426170468204,0.0,0.0,1.0,0.0,3.0,1.0,0.0,0.0,0.0,2.0,2.0,3.0,1.0,0.0,1.0,1.0,0.0,1.0,1.0,0.0,0.0,1.0,3.0,1.0,1.0,1.0,0.0,0.0,1.0,7.0,4.0,10.0,4.0,4.0,3.0,4.0,0.0,2.0,0.0,0.0,22.0,0.0,0.0,0.0,0.0,1.4285714285714286,0.42857142857142855,,,1.3,0.3,19.0,2.0,9.499995250002375,0.9047618616780065,0.0,0.0,0.0,2.0,0.0,0.0,0.0,0.0,0.0,0.0,0.0,0.0,3.0,11.0,0.21428569897959293,23.0,1.3529411764705883,1.0,0.0,5.0,0.0,5000000.0,0.0,0.0,1.25,0.125,0.125,0.2916666666666667,2.25,0.25,0.08333333333333333,0.9080495887563793
2022MND__2022-04-07-MND-S5__BotB4 - 2022-04-07 09-36-38 - time off by 3hrs (should be later)_chunk6.mp4,2022MND,2022-04-07-MND-S5,2022-04-07-MND-S5,5,8,middle,2.0,1.0,True,True,True,True,0.41052631578947363,0.0,1.0,0.0,0.0,3.0,1.0,0.0,1.0,1.0,3.0,3.0,3.0,1.0,0.0,1.0,1.0,0.0,0.0,0.0,0.0,0.0,1.0,,0.0,0.0,0.0,0.0,0.0,2.0,3.0,4.0,5.0,5.0,1.0,1.0,10.0,6.0,0.0,0.0,1.0,0.0,0.0,0.0,0.0,0.0,2.0,1.0,1.6666666666666667,0.6666666666666666,1.4,0.4,18.0,1.0,17.999982000018,0.9473683711911383,0.0,0.0,1.0,0.0,0.0,0.0,0.0,0.0,0.0,0.0,0.0,0.0,0.0,0.0,0.0,19.0,1.5833333333333333,1.0,2.0,0.0,0.0,2000000.0,0.0,0.0,0.5,0.0,0.06666666666666667,0.0,2.0,0.0,0.0,-0.6162029595607823
2022MND__2022-04-07-MND-S5__BotB4 - 2022-04-07 09-36-38 - time off by 3hrs (should be later)_chunk7.mp4,2022MND,2022-04-07-MND-S5,2022-04-07-MND-S5,6,8,middle,2.0,1.0,True,True,True,True,0.686404139120437,1.0,0.0,0.0,0.0,3.0,0.0,0.0,1.0,1.0,,3.0,0.0,0.0,0.0,0.0,1.0,0.0,1.0,0.0,1.0,0.0,1.0,3.0,1.0,1.0,0.0,1.0,1.0,1.0,1.0,3.0,16.0,7.0,9.0,1.0,6.0,0.0,0.0,0.0,0.0,26.0,0.0,0.0,5.0,0.0,1.0,0.0,,,0.875,0.125,21.0,3.0,6.999997666667444,0.8749999635416682,0.0,0.0,0.0,0.0,0.0,0.0,5.0,0.0,0.0,1.0,0.0,1000000.0,5.0,13.0,0.27777776234567986,15.0,0.8823529411764706,0.7647058823529411,1.0,3.0,1.0,3.9999960000040002,0.0,0.0,0.8611111111111112,0.05555555555555555,0.1111111111111111,0.08333333333333333,2.2222222222222223,0.2222222222222222,0.0,-0.03029918410679579
2022MND__2022-04-07-MND-S5__BotB4 - 2022-04-07 09-36-38 - time off by 3hrs (should be later)_chunk8.mp4,2022MND,2022-04-07-MND-S5,2022-04-07-MND-S5,7,8,end,2.0,1.0,True,True,True,True,0.5792778649921508,0.0,0.0,0.0,1.0,3.0,0.0,0.0,1.0,1.0,,3.0,0.0,0.0,0.0,0.0,1.0,0.0,1.0,0.0,1.0,0.0,1.0,,0.0,0.0,0.0,1.0,0.0,2.0,1.0,2.0,5.0,6.0,10.0,1.0,11.0,0.0,0.0,0.0,0.0,2.0,0.0,0.0,0.0,0.0,1.0,0.0,,,1.0,0.0,10.0,2.0,4.99999750000125,0.8333332638888947,0.0,0.0,0.0,0.0,0.0,0.0,0.0,0.0,0.0,0.0,0.0,0.0,1.0,1.0,0.499999750000125,6.0,1.0,1.0,0.0,0.0,0.0,0.0,0.0,0.0,0.4482758620689655,0.034482758620689655,0.2413793103448276,0.034482758620689655,2.0689655172413794,0.06896551724137931,0.034482758620689655,-0.4264488941731685
2022MND__2022-04-07-MND-S3__Bot3 - 2022-04-07 12-36-39_chunk1.mp4,2022MND,2022-04-07-MND-S3,2022-04-07-MND-S3,0,8,beginning,0.0,0.0,False,False,False,True,0.39235525576166386,0.0,0.0,0.0,1.0,3.0,1.0,0.0,0.0,0.0,,1.0,0.0,0.0,0.0,0.0,0.0,0.0,1.0,0.0,0.0,0.0,1.0,,0.0,0.0,0.0,1.0,1.0,2.0,0.0,0.0,13.0,1.0,5.0,7.0,3.0,1.0,0.0,0.0,0.0,24.0,0.0,1.0,0.0,0.0,,,1.0,0.0,1.0,0.0,15.0,0.0,15000000.0,0.9999999333333378,0.0,0.0,0.0,0.0,0.0,1.0,0.0,0.0,0.0,0.0,0.0,0.0,0.0,13.0,0.0,14.0,1.0,1.0,0.0,0.0,0.0,0.0,0.0,0.0,1.0,0.2,0.52,0.12,2.04,0.04,0.0,0.693556380647847
2022MND__2022-04-07-MND-S3__Bot3 - 2022-04-07 12-36-39_chunk2.mp4,2022MND,2022-04-07-MND-S3,2022-04-07-MND-S3,1,8,middle,0.0,0.0,False,False,False,True,0.016666666666666607,1.0,0.0,1.0,0.0,3.0,1.0,0.0,0.0,0.0,1.0,1.0,0.0,0.0,0.0,0.0,0.0,0.0,1.0,0.0,0.0,0.0,1.0,,0.0,0.0,0.0,0.0,0.0,1.0,0.0,0.0,4.0,0.0,0.0,1.0,0.0,0.0,0.0,0.0,1.0,0.0,0.0,0.0,0.0,0.0,,,,,1.25,0.25,4.0,0.0,4000000.0,0.9999997500000625,0.0,0.0,1.0,0.0,0.0,0.0,0.0,0.0,0.0,0.0,0.0,0.0,0.0,0.0,0.0,5.0,1.25,1.0,0.0,0.0,0.0,0.0,0.0,0.0,2.5,0.0,0.5,0.0,2.5,0.5,0.5,0.3608448970444306
2022MND__2022-04-07-MND-S3__Bot3 - 2022-04-07 12-36-39_chunk3.mp4,2022MND,2022-04-07-MND-S3,2022-04-07-MND-S3,2,8,middle,0.0,0.0,False,False,False,True,0.3756281407035176,0.0,0.0,1.0,0.0,3.0,1.0,0.0,0.0,0.0,2.0,1.0,3.0,1.0,0.0,0.0,0.0,0.0,0.0,0.0,1.0,0.0,1.0,,0.0,0.0,0.0,0.0,0.0,1.0,1.0,1.0,5.0,2.0,1.0,1.0,0.0,0.0,0.0,0.0,0.0,5.0,0.0,0.0,0.0,0.0,2.0,1.0,,,1.4,0.4,7.0,1.0,6.9999930000070005,0.8749998906250137,0.0,0.0,0.0,0.0,0.0,0.0,0.0,0.0,0.0,0.0,0.0,0.0,0.0,2.0,0.0,9.0,1.5,1.0,1.0,0.0,0.0,1000000.0,0.0,0.0,2.25,0.125,0.25,0.0,2.25,0.25,0.125,0.7343684796780923
2022MND__2022-04-07-MND-S3__Bot3 - 2022-04-07 12-36-39_chunk4.mp4,2022MND,2022-04-07-MND-S3,2022-04-07-MND-S3,3,8,middle,0.0,0.0,False,False,False,True,0.3566326530612245,0.0,0.0,1.0,0.0,3.0,1.0,0.0,0.0,0.0,2.0,1.0,0.0,0.0,0.0,1.0,0.0,0.0,1.0,0.0,1.0,0.0,1.0,,0.0,0.0,0.0,1.0,0.0,1.0,5.0,1.0,5.0,4.0,3.0,2.0,0.0,2.0,0.0,0.0,0.0,10.0,0.0,0.0,2.0,0.0,1.2,0.2,1.0,0.0,1.2,0.2,12.0,4.0,2.9999992500001875,0.7499999531250029,0.0,0.0,0.0,0.0,0.0,0.0,2.0,0.0,0.0,0.0,0.0,0.0,0.0,9.0,0.0,14.0,1.1666666666666667,1.0,0.0,0.0,0.0,0.0,0.0,0.0,1.5,0.25,0.5,0.3333333333333333,2.25,0.25,0.0,1.6204358551671858
2022MND__2022-04-07-MND-S3__Bot3 - 2022-04-07 12-36-39_chunk5.mp4,2022MND,2022-04-07-MND-S3,2022-04-07-MND-S3,4,8,middle,0.0,0.0,False,False,False,True,0.3015075376884422,0.0,0.0,1.0,0.0,3.0,1.0,0.0,0.0,0.0,2.0,1.0,2.0,0.0,1.0,1.0,0.0,0.0,0.0,0.0,0.0,0.0,1.0,,0.0,0.0,0.0,0.0,1.0,1.0,0.0,0.0,0.0,0.0,0.0,0.0,0.0,0.0,0.0,0.0,0.0,0.0,0.0,0.0,0.0,0.0,,,,,,,0.0,0.0,0.0,0.0,0.0,0.0,0.0,0.0,0.0,0.0,0.0,0.0,0.0,0.0,0.0,0.0,0.0,0.0,0.0,0.0,,,0.0,0.0,0.0,0.0,0.0,0.0,1.4285714285714286,0.14285714285714285,0.14285714285714285,0.0,2.142857142857143,0.14285714285714285,0.2857142857142857,0.4038887621022817
2022MND__2022-04-07-MND-S3__Bot3 - 2022-04-07 12-36-39_chunk6.mp4,2022MND,2022-04-07-MND-S3,2022-04-07-MND-S3,5,8,middle,0.0,0.0,False,False,False,True,0.2572156196943971,0.0,0.0,1.0,0.0,3.0,1.0,0.0,0.0,0.0,2.0,1.0,3.0,1.0,1.0,1.0,0.0,0.0,1.0,0.0,0.0,0.0,0.0,3.0,1.0,1.0,0.0,0.0,0.0,1.0,2.0,4.0,4.0,9.0,0.0,1.0,0.0,2.0,0.0,0.0,0.0,13.0,0.0,0.0,0.0,0.0,1.0,0.0,1.5,0.5,1.25,0.25,10.0,7.0,1.428571224489825,0.588235259515573,0.0,0.0,0.0,0.0,0.0,0.0,0.0,0.0,0.0,0.0,0.0,0.0,0.0,7.0,0.0,10.0,1.25,1.0,1.0,0.0,1.0,0.9999990000010001,0.0,0.0,0.5384615384615384,0.0,0.07692307692307693,0.0,2.076923076923077,0.07692307692307693,0.15384615384615385,-0.5974135777029898
2022MND__2022-04-07-MND-S3__Bot3 - 2022-04-07 12-36-39_chunk7.mp4,2022MND,2022-04-07-MND-S3,2022-04-07-MND-S3,6,8,middle,0.0,0.0,False,False,False,True,0.5829159710628824,1.0,0.0,0.0,0.0,3.0,1.0,0.0,0.0,0.0,2.0,1.0,1.0,0.0,0.0,0.0,1.0,1.0,1.0,0.0,0.0,0.0,1.0,,0.0,0.0,0.0,0.0,0.0,1.0,5.0,1.0,7.0,2.0,0.0,0.0,0.0,1.0,0.0,0.0,0.0,8.0,0.0,0.0,0.0,0.0,1.0,0.0,2.0,1.0,1.0,0.0,13.0,0.0,13000000.0,0.9999999230769291,0.0,0.0,0.0,0.0,0.0,0.0,0.0,0.0,0.0,0.0,0.0,0.0,3.0,2.0,0.599999880000024,13.0,1.0833333333333333,1.0,0.0,0.0,0.0,0.0,0.0,0.0,2.6363636363636362,0.2727272727272727,0.36363636363636365,0.09090909090909091,2.090909090909091,0.09090909090909091,0.0,1.7152915076351247
2022MND__2022-04-07-MND-S3__Bot3 - 2022-04-07 12-36-39_chunk8.mp4,2022MND,2022-04-07-MND-S3,2022-04-07-MND-S3,7,8,end,0.0,0.0,False,False,False,True,0.40576230492196874,0.0,0.0,1.0,0.0,3.0,0.0,0.0,0.0,0.0,2.0,1.0,0.0,0.0,0.0,0.0,0.0,0.0,0.0,0.0,1.0,0.0,1.0,,0.0,0.0,0.0,0.0,1.0,1.0,0.0,0.0,0.0,0.0,0.0,0.0,0.0,0.0,0.0,0.0,0.0,0.0,0.0,0.0,0.0,0.0,,,,,,,0.0,0.0,0.0,0.0,0.0,0.0,0.0,0.0,0.0,0.0,0.0,0.0,0.0,0.0,0.0,0.0,0.0,0.0,0.0,0.0,,,1.0,0.0,0.0,1000000.0,0.0,0.0,0.8333333333333334,0.25,0.25,0.08333333333333333,2.1666666666666665,0.16666666666666666,0.0,0.7271489185437301
2022MND__2022-04-07-MND-S2__Bot2 - Zoom Meeting 2022-04-07 12-36-23 - controls issue_chunk1.mp4,2022MND,2022-04-07-MND-S2,2022-04-07-MND-S2,0,8,beginning,2.0,0.0,True,False,False,True,0.36459627329192545,0.0,0.0,0.0,1.0,3.0,0.0,0.0,1.0,0.0,,1.0,0.0,0.0,0.0,0.0,0.0,0.0,0.0,0.0,0.0,0.0,1.0,,0.0,0.0,0.0,0.0,1.0,2.0,1.0,2.0,8.0,5.0,0.0,10.0,8.0,2.0,0.0,0.0,0.0,13.0,0.0,1.0,0.0,0.0,1.0,0.0,1.0,0.0,1.0,0.0,16.0,0.0,16000000.0,0.9999999375000038,0.0,0.0,0.0,0.0,0.0,1.0,0.0,0.0,0.0,0.0,0.0,0.0,5.0,8.0,0.3846153550295881,11.0,1.0,1.0,0.0,0.0,0.0,0.0,0.0,0.0,0.37142857142857144,0.05714285714285714,0.2,0.0,2.0,0.0,0.0,-0.45242823504686003
2022MND__2022-04-07-MND-S2__Bot2 - Zoom Meeting 2022-04-07 12-36-23 - controls issue_chunk2.mp4,2022MND,2022-04-07-MND-S2,2022-04-07-MND-S2,1,8,middle,2.0,0.0,True,False,False,True,0.6407068062827226,1.0,0.0,1.0,0.0,3.0,1.0,0.0,1.0,1.0,2.0,1.0,0.0,0.0,0.0,0.0,0.0,0.0,0.0,0.0,0.0,0.0,0.0,,0.0,0.0,0.0,0.0,0.0,1.0,1.0,2.0,4.0,2.0,0.0,1.0,1.0,2.0,0.0,0.0,1.0,9.0,0.0,0.0,1.0,0.0,1.0,0.0,1.0,0.0,1.0,0.0,7.0,1.0,6.9999930000070005,0.8749998906250137,0.0,0.0,1.0,0.0,0.0,0.0,1.0,0.0,0.0,0.0,0.0,0.0,0.0,5.0,0.0,7.0,1.0,1.0,0.0,0.0,0.0,0.0,0.0,0.0,1.0714285714285714,0.0,0.2857142857142857,0.14285714285714285,2.0714285714285716,0.07142857142857142,0.07142857142857142,-0.01270110467069202
2022MND__2022-04-07-MND-S2__Bot2 - Zoom Meeting 2022-04-07 12-36-23 - controls issue_chunk3.mp4,2022MND,2022-04-07-MND-S2,2022-04-07-MND-S2,2,8,middle,2.0,0.0,True,False,False,True,0.359113712374582,0.0,0.0,1.0,0.0,3.0,1.0,0.0,1.0,0.0,2.0,1.0,3.0,1.0,1.0,1.0,1.0,1.0,0.0,0.0,1.0,0.0,1.0,2.0,1.0,0.0,0.0,1.0,0.0,1.0,5.0,4.0,4.0,3.0,1.0,1.0,1.0,0.0,0.0,1.0,0.0,12.0,1.0,0.0,1.0,0.0,1.4,0.4,,,1.25,0.25,11.0,1.0,10.999989000011,0.9166665902777842,1.0,0.0,0.0,0.0,1.0,0.0,1.0,0.0,0.0,0.0,0.0,0.0,3.0,2.0,0.599999880000024,12.0,1.3333333333333333,1.0,2.0,0.0,0.0,2000000.0,0.0,0.0,0.7857142857142857,0.2857142857142857,0.42857142857142855,0.14285714285714285,2.357142857142857,0.35714285714285715,0.42857142857142855,0.9806453494355649
2022MND__2022-04-07-MND-S2__Bot2 - Zoom Meeting 2022-04-07 12-36-23 - controls issue_chunk4.mp4,2022MND,2022-04-07-MND-S2,2022-04-07-MND-S2,3,8,middle,2.0,0.0,True,False,False,True,0.34260070052539415,0.0,0.0,1.0,0.0,3.0,1.0,0.0,1.0,0.0,2.0,1.0,3.0,1.0,0.0,1.0,0.0,0.0,1.0,0.0,1.0,0.0,1.0,3.0,1.0,1.0,0.0,0.0,0.0,1.0,7.0,3.0,7.0,10.0,2.0,2.0,1.0,4.0,0.0,0.0,0.0,26.0,0.0,0.0,0.0,0.0,1.6666666666666667,0.6666666666666666,1.25,0.25,1.7142857142857142,0.7142857142857143,20.0,3.0,6.666664444445185,0.8695651795841226,0.0,0.0,0.0,0.0,0.0,0.0,0.0,0.0,1.0,1.0,0.0,1000000.0,13.0,5.0,0.7222221820987677,22.0,1.5714285714285714,1.0,2.0,0.0,0.0,2000000.0,0.0,0.0,1.0,0.11538461538461539,0.3076923076923077,0.07692307692307693,2.1923076923076925,0.19230769230769232,0.2692307692307692,0.2602337774775952
2022MND__2022-04-07-MND-S2__Bot2 - Zoom Meeting 2022-04-07 12-36-23 - controls issue_chunk5.mp4,2022MND,2022-04-07-MND-S2,2022-04-07-MND-S2,4,8,middle,2.0,0.0,True,False,False,True,0.38250000000000006,0.0,0.0,1.0,0.0,3.0,1.0,0.0,1.0,1.0,2.0,1.0,3.0,1.0,1.0,1.0,1.0,0.0,1.0,0.0,1.0,0.0,1.0,3.0,1.0,1.0,0.0,0.0,1.0,1.0,6.0,5.0,9.0,4.0,1.0,1.0,1.0,3.0,1.0,0.0,0.0,20.0,1.0,0.0,0.0,0.0,1.8333333333333333,0.8333333333333334,1.3333333333333333,0.3333333333333333,1.0,0.0,19.0,3.0,6.333331222222926,0.863636324380167,0.0,0.0,0.0,1.0,1.0,0.0,0.0,0.0,0.0,0.0,0.0,0.0,11.0,7.0,0.6111110771604957,23.0,1.3529411764705883,1.0,1.0,1.0,0.0,2000000.0,0.0,0.0,1.0434782608695652,0.08695652173913043,0.21739130434782608,0.13043478260869565,2.217391304347826,0.21739130434782608,0.043478260869565216,0.2902437340127921
2022MND__2022-04-07-MND-S2__Bot2 - Zoom Meeting 2022-04-07 12-36-23 - controls issue_chunk6.mp4,2022MND,2022-04-07-MND-S2,2022-04-07-MND-S2,5,8,middle,2.0,0.0,True,False,False,False,,,,,,,,,,,,,,,,,,,,,,,,,,,,,,,,,,,,,,,,,,,,,,,,,,,,,,,,,,,,,,,,,,,,,,,,,,,,,,,,,,,,,,,,
2022MND__2022-04-07-MND-S2__Bot2 - Zoom Meeting 2022-04-07 12-36-23 - controls issue_chunk7.mp4,2022MND,2022-04-07-MND-S2,2022-04-07-MND-S2,6,8,middle,2.0,0.0,True,False,False,True,0.3826955074875209,0.0,0.0,1.0,0.0,3.0,1.0,0.0,1.0,1.0,3.0,2.0,2.0,0.0,0.0,0.0,1.0,0.0,0.0,0.0,0.0,0.0,1.0,3.0,1.0,1.0,0.0,1.0,1.0,1.0,8.0,4.0,5.0,7.0,1.0,0.0,2.0,2.0,0.0,0.0,1.0,24.0,0.0,1.0,1.0,0.0,1.375,0.375,1.5,0.5,1.8,0.8,20.0,2.0,9.9999950000025,0.9090908677685968,0.0,0.0,1.0,0.0,0.0,1.0,1.0,0.0,0.0,0.0,0.0,0.0,4.0,5.0,0.44444439506173394,23.0,1.5333333333333334,1.0,0.0,0.0,0.0,0.0,0.0,0.0,1.0416666666666667,0.0,0.08333333333333333,0.041666666666666664,2.1666666666666665,0.16666666666666666,0.0,-0.25698511210436187
2022MND__2022-04-07-MND-S2__Bot2 - Zoom Meeting 2022-04-07 12-36-23 - controls issue_chunk8.mp4,2022MND,2022-04-07-MND-S2,2022-04-07-MND-S2,7,8,end,2.0,0.0,True,False,False,True,0.398237885462555,0.0,1.0,0.0,0.0,3.0,0.0,0.0,1.0,1.0,2.0,2.0,0.0,0.0,0.0,0.0,0.0,0.0,0.0,0.0,1.0,0.0,1.0,,0.0,0.0,0.0,0.0,0.0,2.0,2.0,3.0,0.0,8.0,8.0,0.0,13.0,7.0,0.0,0.0,0.0,30.0,0.0,2.0,0.0,0.0,1.0,0.0,1.2857142857142858,0.2857142857142857,,,16.0,1.0,15.999984000016001,0.9411764152249167,0.0,0.0,0.0,0.0,0.0,2.0,0.0,0.0,0.0,0.0,0.0,0.0,11.0,5.0,0.6874999570312527,11.0,1.2222222222222223,1.0,1.0,1.0,0.0,2000000.0,0.0,0.0,0.26666666666666666,0.06666666666666667,0.16666666666666666,0.06666666666666667,2.066666666666667,0.06666666666666667,0.06666666666666667,-0.3144816235850764
2022MND__2022-04-08-MND-S6__MND_2-4_part1.mp4,2022MND,2022-04-08-MND-S6,2022-04-08-MND-S6,0,1,whole,0.0,0.0,False,False,False,True,0.6258503401360545,1.0,0.0,0.0,1.0,2.0,0.0,0.0,0.0,0.0,,1.0,0.0,0.0,0.0,0.0,0.0,0.0,0.0,0.0,0.0,0.0,0.0,,0.0,0.0,0.0,0.0,0.0,1.0,0.0,0.0,0.0,0.0,0.0,1.0,1.0,0.0,0.0,0.0,0.0,0.0,0.0,0.0,0.0,0.0,,,,,,,0.0,0.0,0.0,0.0,0.0,0.0,0.0,0.0,0.0,0.0,0.0,0.0,0.0,0.0,0.0,0.0,0.0,0.0,0.0,0.0,,,0.0,0.0,0.0,0.0,0.0,0.0,0.0,0.0,0.2,0.0,2.0,0.0,0.2,-0.8604649237120855
2022MND__2022-04-08-MND-S2__Bot2 - Zoom Meeting - Room 2 2022-04-08 10-54-08 - problem 52min50sec - 55min_chunk1.mp4,2022MND,2022-04-08-MND-S2,2022-04-08-MND-S2,0,8,beginning,0.0,0.0,False,False,False,True,0.23527944111776455,0.0,0.0,0.0,0.0,3.0,0.0,0.0,0.0,0.0,2.0,1.0,0.0,0.0,0.0,0.0,1.0,1.0,1.0,0.0,0.0,0.0,1.0,,0.0,0.0,0.0,1.0,1.0,2.0,0.0,1.0,10.0,2.0,2.0,7.0,11.0,3.0,0.0,2.0,0.0,26.0,0.0,0.0,1.0,0.0,,,1.3333333333333333,0.3333333333333333,1.0,0.0,15.0,2.0,7.499996250001875,0.8823528892733594,2.0,0.0,0.0,0.0,0.0,0.0,1.0,0.0,0.0,0.0,0.0,0.0,8.0,11.0,0.4210526094182837,14.0,1.0769230769230769,1.0,0.0,0.0,2.0,0.0,0.0,0.0,0.7931034482758621,0.034482758620689655,0.20689655172413793,0.034482758620689655,2.206896551724138,0.20689655172413793,0.0,-0.25799236717226964
2022MND__2022-04-08-MND-S2__Bot2 - Zoom Meeting - Room 2 2022-04-08 10-54-08 - problem 52min50sec - 55min_chunk2.mp4,2022MND,2022-04-08-MND-S2,2022-04-08-MND-S2,1,8,middle,0.0,0.0,False,False,False,True,0.40166340508806275,0.0,0.0,1.0,0.0,3.0,1.0,0.0,0.0,0.0,2.0,1.0,3.0,1.0,1.0,1.0,1.0,0.0,1.0,0.0,1.0,0.0,1.0,3.0,1.0,1.0,0.0,0.0,0.0,1.0,4.0,5.0,5.0,5.0,2.0,4.0,1.0,0.0,0.0,0.0,0.0,11.0,1.0,0.0,0.0,0.0,1.75,0.75,,,1.6,0.6,11.0,3.0,3.6666654444448517,0.7857142295918408,0.0,0.0,0.0,0.0,1.0,0.0,0.0,0.0,0.0,0.0,0.0,0.0,7.0,1.0,0.8749998906250137,15.0,1.6666666666666667,1.0,0.0,1.0,0.0,1000000.0,0.15789473684210525,0.15789473684210525,1.2105263157894737,0.15789473684210525,0.3684210526315789,0.05263157894736842,2.263157894736842,0.3157894736842105,0.15789473684210525,0.47649176970916024
2022MND__2022-04-08-MND-S2__Bot2 - Zoom Meeting - Room 2 2022-04-08 10-54-08 - problem 52min50sec - 55min_chunk3.mp4,2022MND,2022-04-08-MND-S2,2022-04-08-MND-S2,2,8,middle,0.0,0.0,False,False,False,True,0.3519163763066202,0.0,0.0,1.0,0.0,3.0,1.0,0.0,0.0,0.0,2.0,1.0,3.0,1.0,1.0,1.0,1.0,0.0,1.0,0.0,0.0,0.0,0.0,3.0,1.0,1.0,0.0,1.0,0.0,1.0,6.0,2.0,4.0,5.0,0.0,3.0,1.0,2.0,0.0,0.0,0.0,9.0,1.0,0.0,1.0,0.0,1.5,0.5,1.5,0.5,1.25,0.25,12.0,5.0,2.399999520000096,0.7058823114186875,0.0,0.0,0.0,0.0,1.0,0.0,1.0,0.0,0.0,0.0,0.0,0.0,4.0,3.0,0.57142848979593,17.0,1.4166666666666667,1.0,1.0,1.0,1.0,1.9999980000020001,0.0,0.0,1.4375,0.0,0.0625,0.1875,2.125,0.125,0.125,0.26749146153919995
2022MND__2022-04-08-MND-S2__Bot2 - Zoom Meeting - Room 2 2022-04-08 10-54-08 - problem 52min50sec - 55min_chunk4.mp4,2022MND,2022-04-08-MND-S2,2022-04-08-MND-S2,3,8,middle,0.0,0.0,False,False,False,True,0.3820160366552119,0.0,0.0,1.0,0.0,3.0,1.0,0.0,0.0,0.0,2.0,1.0,1.0,0.0,0.0,0.0,1.0,0.0,1.0,0.0,1.0,0.0,1.0,3.0,1.0,1.0,0.0,0.0,0.0,1.0,8.0,5.0,14.0,11.0,5.0,2.0,1.0,3.0,0.0,0.0,1.0,29.0,0.0,0.0,0.0,0.0,1.25,0.25,1.0,0.0,1.1428571428571428,0.2857142857142857,29.0,6.0,4.833332527777912,0.8285714048979599,0.0,0.0,1.0,0.0,0.0,0.0,0.0,0.0,0.0,0.0,0.0,0.0,6.0,9.0,0.39999997333333515,28.0,1.1666666666666667,0.9166666666666666,3.0,7.0,1.0,9.999990000010001,0.0,0.0,0.6944444444444444,0.08333333333333333,0.1111111111111111,0.16666666666666666,2.138888888888889,0.1388888888888889,0.0,0.1876270592520788
2022MND__2022-04-08-MND-S2__Bot2 - Zoom Meeting - Room 2 2022-04-08 10-54-08 - problem 52min50sec - 55min_chunk5.mp4,2022MND,2022-04-08-MND-S2,2022-04-08-MND-S2,4,8,middle,0.0,0.0,False,False,False,True,0.3817543859649124,0.0,1.0,0.0,0.0,3.0,0.0,0.0,0.0,0.0,2.0,2.0,1.0,0.0,0.0,0.0,1.0,0.0,1.0,0.0,1.0,0.0,1.0,,0.0,0.0,1.0,1.0,1.0,1.0,4.0,6.0,15.0,12.0,4.0,2.0,4.0,6.0,1.0,2.0,0.0,37.0,0.0,0.0,1.0,0.0,1.5,0.5,0.8333333333333334,0.0,1.0714285714285714,0.07142857142857142,35.0,1.0,34.999965000035004,0.9722221952160502,2.0,0.0,0.0,1.0,0.0,0.0,1.0,0.0,0.0,0.0,0.0,0.0,15.0,7.0,0.6818181508264477,26.0,1.0833333333333333,0.9583333333333334,3.0,0.0,0.0,3000000.0,0.0,0.0,0.8695652173913043,0.08695652173913043,0.1956521739130435,0.13043478260869565,2.0434782608695654,0.043478260869565216,0.021739130434782608,0.20528305082973008
2022MND__2022-04-08-MND-S2__Bot2 - Zoom Meeting - Room 2 2022-04-08 10-54-08 - problem 52min50sec - 55min_chunk6.mp4,2022MND,2022-04-08-MND-S2,2022-04-08-MND-S2,5,8,middle,0.0,0.0,False,False,False,True,0.5137466307277629,0.0,1.0,0.0,0.0,3.0,1.0,0.0,1.0,1.0,3.0,4.0,3.0,1.0,1.0,0.0,1.0,0.0,1.0,0.0,1.0,0.0,1.0,3.0,1.0,1.0,0.0,0.0,0.0,2.0,13.0,4.0,7.0,9.0,5.0,2.0,7.0,1.0,0.0,0.0,0.0,17.0,1.0,1.0,0.0,0.0,1.0769230769230769,0.07692307692307693,,,1.0,0.2857142857142857,28.0,2.0,13.9999930000035,0.9333333022222232,0.0,0.0,0.0,0.0,1.0,1.0,0.0,0.0,0.0,0.0,0.0,0.0,16.0,1.0,0.9411764152249167,21.0,1.05,0.9,2.0,0.0,0.0,2000000.0,0.0,0.0,1.0,0.08571428571428572,0.11428571428571428,0.2857142857142857,2.1714285714285713,0.17142857142857143,0.02857142857142857,0.6166270692541089
2022MND__2022-04-08-MND-S2__Bot2 - Zoom Meeting - Room 2 2022-04-08 10-54-08 - problem 52min50sec - 55min_chunk7.mp4,2022MND,2022-04-08-MND-S2,2022-04-08-MND-S2,6,8,middle,0.0,0.0,False,False,False,True,0.5878787878787879,0.0,0.0,0.0,0.0,3.0,0.0,1.0,1.0,0.0,,4.0,0.0,0.0,0.0,0.0,1.0,0.0,1.0,0.0,1.0,0.0,1.0,,0.0,0.0,0.0,1.0,1.0,1.0,1.0,7.0,24.0,6.0,23.0,1.0,4.0,1.0,0.0,3.0,0.0,4.0,0.0,0.0,1.0,0.0,1.0,0.0,0.0,0.0,0.16666666666666666,0.0,32.0,0.0,32000000.0,0.9999999687500011,3.0,0.0,0.0,0.0,0.0,0.0,1.0,0.0,0.0,0.0,0.0,0.0,2.0,2.0,0.49999987500003124,5.0,0.19230769230769232,0.19230769230769232,0.0,8.0,0.0,8000000.0,0.0,0.0,0.8857142857142857,0.38571428571428573,0.9857142857142858,0.07142857142857142,2.1714285714285713,0.15714285714285714,0.014285714285714285,1.2638487318175473
2022MND__2022-04-08-MND-S2__Bot2 - Zoom Meeting - Room 2 2022-04-08 10-54-08 - problem 52min50sec - 55min_chunk8.mp4,2022MND,2022-04-08-MND-S2,2022-04-08-MND-S2,7,8,end,0.0,0.0,False,False,False,True,0.4135802469135803,1.0,0.0,0.0,1.0,3.0,0.0,0.0,0.0,0.0,,4.0,0.0,0.0,0.0,0.0,0.0,0.0,0.0,0.0,0.0,0.0,0.0,,0.0,0.0,0.0,1.0,0.0,1.0,0.0,1.0,1.0,1.0,1.0,0.0,1.0,0.0,0.0,0.0,0.0,0.0,0.0,0.0,1.0,0.0,,,,,1.0,0.0,2.0,0.0,2000000.0,0.99999950000025,0.0,0.0,0.0,0.0,0.0,0.0,1.0,0.0,0.0,0.0,0.0,0.0,0.0,0.0,0.0,1.0,1.0,1.0,1.0,0.0,0.0,1000000.0,0.0,0.0,0.6666666666666666,0.0,0.16666666666666666,0.0,2.1666666666666665,0.16666666666666666,0.0,-0.5347823048436813
2022MND__2022-04-07-MND-S1__Bot1 - 2022-04-07 12-35-40 - glitch 2-4min_chunk1.mp4,2022MND,2022-04-07-MND-S1,2022-04-07-MND-S1,0,8,beginning,3.0,1.0,True,True,True,True,0.34004739336492884,0.0,0.0,1.0,0.0,3.0,1.0,0.0,0.0,0.0,2.0,1.0,0.0,0.0,0.0,0.0,0.0,0.0,0.0,0.0,0.0,0.0,0.0,,0.0,0.0,0.0,0.0,0.0,1.0,3.0,0.0,10.0,2.0,3.0,5.0,6.0,2.0,0.0,0.0,0.0,13.0,0.0,0.0,0.0,0.0,1.3333333333333333,0.3333333333333333,1.0,0.0,1.0,0.0,17.0,1.0,16.999983000017,0.9444443919753115,0.0,0.0,0.0,0.0,0.0,0.0,0.0,0.0,0.0,0.0,0.0,0.0,0.0,13.0,0.0,16.0,1.0666666666666667,1.0,0.0,0.0,1.0,0.0,0.0,0.0,0.08823529411764706,0.0,0.029411764705882353,0.0,2.0,0.0,0.0,-0.8173598712147968
2022MND__2022-04-07-MND-S1__Bot1 - 2022-04-07 12-35-40 - glitch 2-4min_chunk2.mp4,2022MND,2022-04-07-MND-S1,2022-04-07-MND-S1,1,8,middle,3.0,1.0,True,True,True,True,0.4093333333333333,0.0,0.0,1.0,0.0,3.0,1.0,0.0,0.0,0.0,2.0,1.0,3.0,1.0,1.0,0.0,0.0,0.0,0.0,0.0,0.0,0.0,0.0,,0.0,0.0,0.0,0.0,0.0,1.0,4.0,2.0,7.0,2.0,0.0,0.0,0.0,0.0,0.0,0.0,0.0,9.0,1.0,0.0,0.0,0.0,1.25,0.25,,,1.1428571428571428,0.14285714285714285,12.0,1.0,11.999988000012001,0.9230768520710114,0.0,0.0,0.0,0.0,1.0,0.0,0.0,0.0,0.0,0.0,0.0,0.0,0.0,5.0,0.0,13.0,1.1818181818181819,1.0,0.0,0.0,0.0,0.0,0.0,0.0,1.6666666666666667,0.0,0.0,0.0,2.0,0.0,0.0,-0.04625837654107475
2022MND__2022-04-07-MND-S1__Bot1 - 2022-04-07 12-35-40 - glitch 2-4min_chunk3.mp4,2022MND,2022-04-07-MND-S1,2022-04-07-MND-S1,2,8,middle,3.0,1.0,True,True,True,True,0.2908333333333333,0.0,0.0,1.0,0.0,3.0,1.0,0.0,0.0,0.0,2.0,1.0,1.0,0.0,0.0,0.0,0.0,0.0,1.0,0.0,0.0,0.0,1.0,,0.0,0.0,0.0,0.0,1.0,1.0,5.0,3.0,5.0,4.0,0.0,0.0,0.0,0.0,0.0,0.0,0.0,16.0,0.0,0.0,0.0,0.0,1.4,0.4,,,1.2,0.2,14.0,0.0,14000000.0,0.9999999285714337,0.0,0.0,0.0,0.0,0.0,0.0,0.0,0.0,0.0,0.0,0.0,0.0,0.0,15.0,0.0,13.0,1.3,1.0,0.0,0.0,0.0,0.0,0.0,0.0,1.3125,0.0,0.125,0.4375,2.0625,0.0625,0.125,0.774030288256426
2022MND__2022-04-07-MND-S1__Bot1 - 2022-04-07 12-35-40 - glitch 2-4min_chunk4.mp4,2022MND,2022-04-07-MND-S1,2022-04-07-MND-S1,3,8,middle,3.0,1.0,True,True,True,True,0.4378657487091222,1.0,0.0,1.0,0.0,3.0,1.0,0.0,0.0,0.0,2.0,1.0,2.0,0.0,0.0,0.0,0.0,0.0,0.0,0.0,0.0,0.0,1.0,,0.0,0.0,0.0,0.0,0.0,0.0,9.0,0.0,11.0,3.0,0.0,0.0,0.0,1.0,0.0,0.0,0.0,17.0,0.0,0.0,0.0,0.0,1.4444444444444444,0.4444444444444444,2.0,1.0,1.3636363636363635,0.36363636363636365,22.0,1.0,21.999978000022,0.9565216975425348,0.0,0.0,0.0,0.0,0.0,0.0,0.0,0.0,0.0,0.0,0.0,0.0,0.0,17.0,0.0,30.0,1.4285714285714286,1.0,2.0,1.0,0.0,3000000.0,0.0,0.0,1.2,0.05,0.05,0.15,2.0,0.0,0.0,0.26458820678779843
2022MND__2022-04-07-MND-S1__Bot1 - 2022-04-07 12-35-40 - glitch 2-4min_chunk5.mp4,2022MND,2022-04-07-MND-S1,2022-04-07-MND-S1,4,8,middle,3.0,1.0,True,True,True,True,0.28724394785847296,0.0,0.0,1.0,0.0,3.0,1.0,0.0,0.0,0.0,2.0,1.0,3.0,1.0,0.0,0.0,0.0,0.0,1.0,0.0,1.0,0.0,1.0,,0.0,0.0,0.0,0.0,1.0,1.0,7.0,2.0,8.0,4.0,1.0,0.0,0.0,0.0,0.0,0.0,1.0,13.0,0.0,1.0,0.0,0.0,1.4285714285714286,0.42857142857142855,,,1.375,0.375,18.0,1.0,17.999982000018,0.9473683711911383,0.0,0.0,1.0,0.0,0.0,1.0,0.0,0.0,0.0,0.0,0.0,0.0,0.0,13.0,0.0,21.0,1.4,1.0,0.0,0.0,0.0,0.0,0.0,0.0,1.5625,0.0625,0.125,0.1875,2.0625,0.0625,0.0,0.5763842349316824
2022MND__2022-04-07-MND-S1__Bot1 - 2022-04-07 12-35-40 - glitch 2-4min_chunk6.mp4,2022MND,2022-04-07-MND-S1,2022-04-07-MND-S1,5,8,middle,3.0,1.0,True,True,True,True,0.5150631681243927,0.0,0.0,1.0,0.0,3.0,1.0,0.0,1.0,0.0,3.0,1.0,3.0,1.0,1.0,1.0,0.0,0.0,0.0,0.0,0.0,0.0,1.0,,0.0,0.0,0.0,0.0,0.0,1.0,3.0,2.0,3.0,5.0,1.0,2.0,3.0,1.0,0.0,0.0,1.0,7.0,1.0,0.0,0.0,1.0,1.6666666666666667,0.6666666666666666,1.0,0.0,1.3333333333333333,0.3333333333333333,10.0,1.0,9.999990000010001,0.9090908264462886,0.0,0.0,1.0,0.0,1.0,0.0,0.0,1.0,0.0,0.0,0.0,0.0,0.0,2.0,0.0,10.0,1.4285714285714286,1.0,0.0,0.0,0.0,0.0,0.0,0.0,1.4705882352941178,0.11764705882352941,0.5294117647058824,0.47058823529411764,2.235294117647059,0.23529411764705882,0.0,1.3928826887041394
2022MND__2022-04-07-MND-S1__Bot1 - 2022-04-07 12-35-40 - glitch 2-4min_chunk7.mp4,2022MND,2022-04-07-MND-S1,2022-04-07-MND-S1,6,8,middle,3.0,1.0,True,True,True,True,0.4461538461538461,1.0,0.0,0.0,0.0,3.0,0.0,0.0,1.0,1.0,2.0,1.0,0.0,0.0,0.0,0.0,0.0,0.0,1.0,0.0,1.0,0.0,1.0,3.0,1.0,1.0,0.0,1.0,0.0,1.0,3.0,2.0,12.0,8.0,1.0,0.0,0.0,0.0,0.0,0.0,0.0,17.0,0.0,0.0,2.0,0.0,1.0,0.0,,,1.0,0.0,18.0,4.0,4.499998875000281,0.8181817809917372,0.0,0.0,0.0,0.0,0.0,0.0,2.0,0.0,0.0,0.0,0.0,0.0,0.0,4.0,0.0,15.0,1.0,1.0,2.0,1.0,0.0,3000000.0,0.0,0.0,1.2272727272727273,0.09090909090909091,0.3181818181818182,0.5454545454545454,2.1363636363636362,0.13636363636363635,0.0,1.3379726377316354
2022MND__2022-04-07-MND-S1__Bot1 - 2022-04-07 12-35-40 - glitch 2-4min_chunk8.mp4,2022MND,2022-04-07-MND-S1,2022-04-07-MND-S1,7,8,end,3.0,1.0,True,True,True,True,0.6466165413533835,1.0,0.0,0.0,0.0,3.0,0.0,0.0,0.0,0.0,,1.0,0.0,0.0,0.0,0.0,0.0,0.0,1.0,0.0,1.0,0.0,1.0,,0.0,0.0,0.0,1.0,0.0,1.0,0.0,0.0,6.0,3.0,8.0,0.0,2.0,0.0,0.0,0.0,0.0,6.0,0.0,0.0,1.0,0.0,,,,,1.0,0.0,7.0,2.0,3.499998250000875,0.7777776913580343,0.0,0.0,0.0,0.0,0.0,0.0,1.0,0.0,0.0,0.0,0.0,0.0,0.0,5.0,0.0,6.0,1.0,1.0,0.0,0.0,0.0,0.0,0.0,0.0,1.4285714285714286,0.21428571428571427,0.8571428571428571,0.2857142857142857,2.2857142857142856,0.2857142857142857,0.07142857142857142,1.335810590799091
2022MND__2022-04-08-MND-S1__Bot1 - 2022-04-08 10-53-19_chunk1.mp4,2022MND,2022-04-08-MND-S1,2022-04-08-MND-S1,0,8,beginning,1.0,0.0,True,False,False,True,0.36473214285714284,0.0,0.0,0.0,1.0,3.0,0.0,0.0,0.0,0.0,,1.0,0.0,0.0,0.0,0.0,0.0,0.0,0.0,0.0,0.0,0.0,1.0,,0.0,0.0,0.0,1.0,1.0,2.0,0.0,4.0,8.0,0.0,1.0,7.0,5.0,1.0,0.0,0.0,0.0,9.0,0.0,0.0,0.0,0.0,,,1.0,0.0,1.0,0.0,9.0,0.0,9000000.0,0.9999998888889013,0.0,0.0,0.0,0.0,0.0,0.0,0.0,0.0,0.0,0.0,0.0,0.0,1.0,8.0,0.11111109876543349,9.0,1.0,1.0,0.0,1.0,0.0,1000000.0,0.0,0.0,1.5833333333333333,0.08333333333333333,0.625,0.0,2.0416666666666665,0.041666666666666664,0.08333333333333333,0.2434676725732501
2022MND__2022-04-08-MND-S1__Bot1 - 2022-04-08 10-53-19_chunk2.mp4,2022MND,2022-04-08-MND-S1,2022-04-08-MND-S1,1,8,middle,1.0,0.0,True,False,False,True,0.4664570230607965,0.0,0.0,1.0,0.0,3.0,1.0,0.0,0.0,0.0,2.0,1.0,3.0,1.0,0.0,0.0,0.0,0.0,0.0,0.0,0.0,0.0,0.0,,0.0,0.0,0.0,0.0,0.0,1.0,3.0,3.0,6.0,4.0,0.0,1.0,2.0,1.0,0.0,0.0,0.0,11.0,0.0,0.0,0.0,0.0,1.6666666666666667,0.6666666666666666,2.0,1.0,1.5,0.5,13.0,1.0,12.999987000013,0.9285713622449028,0.0,0.0,0.0,0.0,0.0,0.0,0.0,0.0,0.0,0.0,0.0,0.0,0.0,7.0,0.0,16.0,1.6,1.0,0.0,0.0,0.0,0.0,0.0,0.0,1.1333333333333333,0.0,0.13333333333333333,0.13333333333333333,2.1333333333333333,0.13333333333333333,0.13333333333333333,-0.0040821688331040456
2022MND__2022-04-08-MND-S1__Bot1 - 2022-04-08 10-53-19_chunk3.mp4,2022MND,2022-04-08-MND-S1,2022-04-08-MND-S1,2,8,middle,1.0,0.0,True,False,False,True,0.47,0.0,0.0,1.0,0.0,3.0,1.0,0.0,0.0,0.0,2.0,1.0,3.0,1.0,0.0,1.0,0.0,0.0,0.0,0.0,0.0,0.0,0.0,3.0,1.0,1.0,0.0,0.0,0.0,1.0,5.0,6.0,10.0,3.0,0.0,4.0,2.0,2.0,0.0,0.0,0.0,25.0,0.0,0.0,0.0,0.0,1.2,0.2,1.5,0.5,1.2,0.2,20.0,0.0,20000000.0,0.9999999500000024,0.0,0.0,0.0,0.0,0.0,0.0,0.0,0.0,0.0,0.0,0.0,0.0,1.0,18.0,0.05263157617728546,21.0,1.2352941176470589,1.0,0.0,1.0,0.0,1000000.0,0.0,0.0,1.28,0.0,0.04,0.08,2.04,0.04,0.12,-0.05352091380313275
2022MND__2022-04-08-MND-S1__Bot1 - 2022-04-08 10-53-19_chunk4.mp4,2022MND,2022-04-08-MND-S1,2022-04-08-MND-S1,3,8,middle,1.0,0.0,True,False,False,True,0.3569007263922519,0.0,0.0,1.0,0.0,3.0,1.0,0.0,0.0,0.0,2.0,1.0,3.0,1.0,0.0,1.0,0.0,0.0,0.0,0.0,0.0,0.0,1.0,3.0,1.0,1.0,0.0,0.0,1.0,1.0,5.0,2.0,4.0,5.0,0.0,1.0,0.0,1.0,0.0,0.0,0.0,9.0,0.0,0.0,0.0,0.0,1.4,0.4,1.0,0.0,1.5,0.5,10.0,4.0,2.499999375000156,0.7142856632653098,0.0,0.0,0.0,0.0,0.0,0.0,0.0,0.0,0.0,0.0,0.0,0.0,0.0,4.0,0.0,14.0,1.4,1.0,0.0,0.0,0.0,0.0,0.0,0.0,3.0,0.09090909090909091,0.45454545454545453,0.18181818181818182,2.090909090909091,0.09090909090909091,0.45454545454545453,1.3783860484425448
2022MND__2022-04-08-MND-S1__Bot1 - 2022-04-08 10-53-19_chunk5.mp4,2022MND,2022-04-08-MND-S1,2022-04-08-MND-S1,4,8,middle,1.0,0.0,True,False,False,True,0.20083333333333342,0.0,0.0,1.0,0.0,3.0,1.0,0.0,0.0,0.0,2.0,1.0,3.0,1.0,0.0,0.0,0.0,0.0,0.0,0.0,0.0,0.0,1.0,2.0,1.0,0.0,0.0,1.0,0.0,1.0,2.0,5.0,6.0,3.0,0.0,0.0,1.0,0.0,0.0,0.0,0.0,15.0,0.0,0.0,0.0,0.0,1.5,0.5,,,1.3333333333333333,0.3333333333333333,8.0,3.0,2.666665777778074,0.7272726611570308,0.0,0.0,0.0,0.0,0.0,0.0,0.0,0.0,0.0,0.0,0.0,0.0,1.0,4.0,0.199999960000008,11.0,1.375,1.0,0.0,0.0,0.0,0.0,0.0,0.0,,0.06666666666666667,0.13333333333333333,0.06666666666666667,2.1333333333333333,0.13333333333333333,0.2,0.00642123066939599
2022MND__2022-04-08-MND-S1__Bot1 - 2022-04-08 10-53-19_chunk6.mp4,2022MND,2022-04-08-MND-S1,2022-04-08-MND-S1,5,8,middle,1.0,0.0,True,False,False,True,0.48143594787312516,0.0,0.0,0.0,0.0,3.0,1.0,0.0,1.0,1.0,2.0,1.0,0.0,0.0,0.0,0.0,0.0,0.0,0.0,0.0,0.0,0.0,1.0,,0.0,0.0,0.0,0.0,0.0,1.0,3.0,1.0,3.0,4.0,0.0,1.0,9.0,3.0,0.0,0.0,1.0,17.0,0.0,0.0,0.0,0.0,1.0,0.0,1.6666666666666667,0.6666666666666666,1.3333333333333333,0.3333333333333333,10.0,2.0,4.99999750000125,0.8333332638888947,0.0,0.0,1.0,0.0,0.0,0.0,0.0,0.0,0.0,0.0,0.0,0.0,8.0,6.0,0.5714285306122479,12.0,1.3333333333333333,1.0,0.0,0.0,0.0,0.0,0.0,0.0,0.5714285714285714,0.09523809523809523,0.09523809523809523,0.19047619047619047,2.0476190476190474,0.14285714285714285,0.23809523809523808,0.22879361243368176
2022MND__2022-04-08-MND-S1__Bot1 - 2022-04-08 10-53-19_chunk7.mp4,2022MND,2022-04-08-MND-S1,2022-04-08-MND-S1,6,8,middle,1.0,0.0,True,False,False,True,0.5173288250211328,0.0,0.0,0.0,0.0,3.0,0.0,0.0,1.0,1.0,2.0,1.0,1.0,0.0,0.0,0.0,1.0,0.0,1.0,0.0,1.0,0.0,1.0,,0.0,0.0,0.0,1.0,1.0,1.0,3.0,4.0,4.0,3.0,1.0,2.0,7.0,5.0,1.0,0.0,0.0,10.0,0.0,0.0,1.0,0.0,2.0,1.0,1.0,0.0,0.75,0.0,14.0,1.0,13.999986000014001,0.9333332711111153,0.0,0.0,0.0,1.0,0.0,0.0,1.0,0.0,0.0,0.0,0.0,0.0,6.0,1.0,0.857142734693895,14.0,1.1666666666666667,0.9166666666666666,0.0,0.0,0.0,0.0,0.0,0.0,0.34782608695652173,0.08695652173913043,0.13043478260869565,0.043478260869565216,2.0,0.0,0.34782608695652173,-0.2470265875038217
2022MND__2022-04-08-MND-S1__Bot1 - 2022-04-08 10-53-19_chunk8.mp4,2022MND,2022-04-08-MND-S1,2022-04-08-MND-S1,7,8,end,1.0,0.0,True,False,False,True,0.5759162303664922,1.0,0.0,1.0,0.0,3.0,0.0,0.0,0.0,0.0,2.0,1.0,1.0,0.0,0.0,0.0,0.0,0.0,1.0,0.0,1.0,0.0,1.0,3.0,1.0,1.0,0.0,0.0,0.0,1.0,2.0,2.0,5.0,3.0,1.0,0.0,1.0,0.0,0.0,0.0,0.0,8.0,0.0,0.0,0.0,0.0,1.0,0.0,,,1.0,0.0,8.0,1.0,7.9999920000080005,0.8888887901234679,0.0,0.0,0.0,0.0,0.0,0.0,0.0,0.0,0.0,1.0,0.0,1000000.0,0.0,7.0,0.0,7.0,1.0,1.0,0.0,0.0,0.0,0.0,0.0,0.0,0.2727272727272727,0.09090909090909091,0.2727272727272727,0.18181818181818182,2.1818181818181817,0.18181818181818182,0.09090909090909091,0.04604806216270881
2022MND__2022-04-08-MND-S9__Bot3 - 2022-04-08 13-01-56 - problem 55min30sec - 57min20sec_chunk1.mp4,2022MND,2022-04-08-MND-S9,2022-04-08-MND-S9,0,8,beginning,0.0,0.0,False,False,False,False,,,,,,,,,,,,,,,,,,,,,,,,,,,,,,,,,,,,,,,,,,,,,,,,,,,,,,,,,,,,,,,,,,,,,,,,,,,,,,,,,,,,,,,,
2022MND__2022-04-08-MND-S9__Bot3 - 2022-04-08 13-01-56 - problem 55min30sec - 57min20sec_chunk2.mp4,2022MND,2022-04-08-MND-S9,2022-04-08-MND-S9,1,8,middle,0.0,0.0,False,False,False,True,0.3580756013745705,0.0,0.0,1.0,0.0,3.0,1.0,0.0,0.0,0.0,2.0,1.0,0.0,0.0,0.0,0.0,0.0,0.0,0.0,0.0,0.0,0.0,1.0,,0.0,0.0,0.0,0.0,0.0,1.0,3.0,6.0,10.0,4.0,1.0,2.0,0.0,1.0,0.0,0.0,0.0,19.0,0.0,0.0,0.0,0.0,1.0,0.0,1.0,0.0,1.1111111111111112,0.1111111111111111,17.0,0.0,17000000.0,0.999999941176474,0.0,0.0,0.0,0.0,0.0,0.0,0.0,0.0,0.0,0.0,0.0,0.0,0.0,16.0,0.0,14.0,1.0769230769230769,1.0,0.0,2.0,0.0,2000000.0,0.0,0.0,1.631578947368421,0.21052631578947367,0.3684210526315789,0.42105263157894735,2.1052631578947367,0.10526315789473684,0.3157894736842105,1.727352235037413
2022MND__2022-04-08-MND-S9__Bot3 - 2022-04-08 13-01-56 - problem 55min30sec - 57min20sec_chunk3.mp4,2022MND,2022-04-08-MND-S9,2022-04-08-MND-S9,2,8,middle,0.0,0.0,False,False,False,True,0.5149729995090822,0.0,0.0,1.0,0.0,4.0,1.0,0.0,0.0,0.0,2.0,1.0,3.0,1.0,1.0,1.0,0.0,0.0,1.0,0.0,1.0,0.0,1.0,,0.0,0.0,0.0,0.0,1.0,1.0,1.0,6.0,8.0,2.0,1.0,6.0,3.0,0.0,0.0,0.0,2.0,10.0,0.0,0.0,0.0,0.0,2.0,1.0,,,1.8571428571428572,0.8571428571428571,11.0,0.0,11000000.0,0.9999999090909174,0.0,0.0,2.0,0.0,0.0,0.0,0.0,0.0,0.0,0.0,0.0,0.0,0.0,4.0,0.0,15.0,1.875,1.0,0.0,0.0,0.0,0.0,0.0,0.0,1.55,0.35,0.65,0.35,2.2,0.2,0.0,2.0792259912001034
2022MND__2022-04-08-MND-S9__Bot3 - 2022-04-08 13-01-56 - problem 55min30sec - 57min20sec_chunk4.mp4,2022MND,2022-04-08-MND-S9,2022-04-08-MND-S9,3,8,middle,0.0,0.0,False,False,False,True,0.3833333333333333,0.0,0.0,1.0,0.0,3.0,1.0,0.0,0.0,0.0,2.0,1.0,3.0,1.0,0.0,0.0,0.0,0.0,0.0,0.0,1.0,0.0,1.0,3.0,1.0,1.0,1.0,0.0,0.0,1.0,8.0,4.0,7.0,5.0,0.0,1.0,0.0,1.0,0.0,0.0,1.0,20.0,0.0,0.0,0.0,0.0,1.5,0.5,2.0,1.0,1.7142857142857142,0.7142857142857143,18.0,4.0,4.499998875000281,0.8181817809917372,0.0,0.0,1.0,0.0,0.0,0.0,0.0,0.0,0.0,0.0,0.0,0.0,0.0,2.0,0.0,26.0,1.625,1.0,0.0,1.0,1.0,0.9999990000010001,0.0,0.0,1.3,0.05,0.15,0.25,2.1,0.1,0.05,0.5404823267200798
2022MND__2022-04-08-MND-S9__Bot3 - 2022-04-08 13-01-56 - problem 55min30sec - 57min20sec_chunk5.mp4,2022MND,2022-04-08-MND-S9,2022-04-08-MND-S9,4,8,middle,0.0,0.0,False,False,False,True,0.2825040128410916,0.0,0.0,1.0,0.0,3.0,1.0,0.0,0.0,0.0,2.0,1.0,3.0,1.0,0.0,0.0,0.0,0.0,0.0,0.0,1.0,0.0,1.0,3.0,1.0,1.0,0.0,0.0,0.0,1.0,6.0,3.0,5.0,3.0,1.0,2.0,0.0,1.0,1.0,0.0,1.0,13.0,0.0,0.0,0.0,0.0,1.1666666666666667,0.16666666666666666,1.0,0.0,1.0,0.0,13.0,2.0,6.499996750001625,0.8666666088888928,0.0,0.0,1.0,1.0,0.0,0.0,0.0,0.0,0.0,1.0,0.0,1000000.0,0.0,6.0,0.0,13.0,1.0833333333333333,1.0,0.0,0.0,1.0,0.0,0.0,0.0,1.7692307692307692,0.07692307692307693,0.3076923076923077,0.15384615384615385,2.1538461538461537,0.15384615384615385,0.3076923076923077,0.6581598001859811
2022MND__2022-04-08-MND-S9__Bot3 - 2022-04-08 13-01-56 - problem 55min30sec - 57min20sec_chunk6.mp4,2022MND,2022-04-08-MND-S9,2022-04-08-MND-S9,5,8,middle,0.0,0.0,False,False,False,True,0.34391143911439115,0.0,0.0,1.0,0.0,3.0,1.0,0.0,1.0,0.0,2.0,2.0,4.0,1.0,0.0,0.0,1.0,1.0,0.0,0.0,0.0,0.0,1.0,3.0,1.0,1.0,0.0,0.0,0.0,1.0,9.0,3.0,4.0,7.0,2.0,1.0,4.0,1.0,0.0,0.0,2.0,15.0,0.0,0.0,0.0,0.0,1.4444444444444444,0.4444444444444444,,,1.5,0.5,17.0,3.0,5.666664777778407,0.8499999575000021,0.0,0.0,2.0,0.0,0.0,0.0,0.0,0.0,0.0,1.0,0.0,1000000.0,3.0,2.0,0.599999880000024,19.0,1.4615384615384615,1.0,0.0,2.0,1.0,1.9999980000020001,0.0,0.0,0.8888888888888888,0.037037037037037035,0.14814814814814814,0.1111111111111111,2.185185185185185,0.18518518518518517,0.07407407407407407,-0.02709223445291224
2022MND__2022-04-08-MND-S9__Bot3 - 2022-04-08 13-01-56 - problem 55min30sec - 57min20sec_chunk7.mp4,2022MND,2022-04-08-MND-S9,2022-04-08-MND-S9,6,8,middle,0.0,0.0,False,False,False,True,0.3358024691358026,0.0,1.0,0.0,0.0,3.0,1.0,0.0,1.0,1.0,2.0,2.0,0.0,0.0,0.0,0.0,1.0,0.0,1.0,0.0,0.0,0.0,1.0,3.0,1.0,1.0,0.0,0.0,0.0,2.0,9.0,3.0,9.0,6.0,0.0,4.0,9.0,0.0,1.0,0.0,2.0,29.0,0.0,0.0,0.0,0.0,1.0,0.0,,,1.0,0.0,23.0,1.0,22.999977000023,0.9583332934027794,0.0,0.0,2.0,1.0,0.0,0.0,0.0,0.0,0.0,0.0,0.0,0.0,9.0,7.0,0.5624999648437522,18.0,1.0,1.0,1.0,0.0,0.0,1000000.0,0.0,0.0,0.2903225806451613,0.0967741935483871,0.22580645161290322,0.06451612903225806,2.032258064516129,0.03225806451612903,0.0,-0.1884242962995892
2022MND__2022-04-08-MND-S9__Bot3 - 2022-04-08 13-01-56 - problem 55min30sec - 57min20sec_chunk8.mp4,2022MND,2022-04-08-MND-S9,2022-04-08-MND-S9,7,8,end,0.0,0.0,False,False,False,True,0.47117794486215536,0.0,0.0,0.0,1.0,3.0,0.0,0.0,1.0,1.0,,2.0,0.0,0.0,0.0,0.0,1.0,0.0,0.0,0.0,0.0,0.0,1.0,,0.0,0.0,0.0,0.0,0.0,2.0,5.0,4.0,3.0,0.0,4.0,0.0,6.0,0.0,0.0,0.0,0.0,5.0,0.0,1.0,0.0,0.0,1.2,0.2,,,1.0,0.3333333333333333,8.0,0.0,8000000.0,0.9999998750000157,0.0,0.0,0.0,0.0,0.0,1.0,0.0,0.0,0.0,0.0,0.0,0.0,2.0,1.0,0.6666664444445185,9.0,1.125,0.875,0.0,0.0,0.0,0.0,0.0,0.0,0.15384615384615385,0.34615384615384615,0.5,0.11538461538461539,2.1538461538461537,0.15384615384615385,0.0,0.8492456988010527
2022MND__2022-04-08-MND-S11__BotB5 - 2022-04-08 13-02-42_chunk1.mp4,2022MND,2022-04-08-MND-S11,2022-04-08-MND-S11,0,8,beginning,2.0,0.0,True,False,False,True,0.254746835443038,0.0,0.0,0.0,1.0,3.0,0.0,0.0,0.0,0.0,,1.0,0.0,0.0,0.0,0.0,0.0,0.0,0.0,0.0,0.0,0.0,1.0,,0.0,0.0,0.0,0.0,0.0,2.0,0.0,2.0,9.0,0.0,2.0,3.0,13.0,2.0,0.0,0.0,0.0,12.0,0.0,0.0,0.0,0.0,,,1.0,0.0,0.8888888888888888,0.0,11.0,0.0,11000000.0,0.9999999090909174,0.0,0.0,0.0,0.0,0.0,0.0,0.0,0.0,0.0,0.0,0.0,0.0,2.0,10.0,0.16666665277777895,10.0,0.9090909090909091,0.9090909090909091,0.0,3.0,0.0,3000000.0,0.0,0.0,0.40540540540540543,0.02702702702702703,0.10810810810810811,0.0,2.0,0.0,0.0,-0.5552461279765827
2022MND__2022-04-08-MND-S11__BotB5 - 2022-04-08 13-02-42_chunk2.mp4,2022MND,2022-04-08-MND-S11,2022-04-08-MND-S11,1,8,middle,2.0,0.0,True,False,False,True,0.47290969899665547,0.0,0.0,1.0,0.0,3.0,0.0,0.0,0.0,0.0,2.0,1.0,0.0,0.0,0.0,0.0,0.0,1.0,0.0,0.0,0.0,0.0,0.0,,0.0,0.0,0.0,0.0,1.0,1.0,2.0,2.0,6.0,3.0,1.0,0.0,0.0,2.0,0.0,0.0,0.0,9.0,0.0,0.0,0.0,0.0,1.0,0.0,2.0,1.0,1.6666666666666667,0.6666666666666666,12.0,1.0,11.999988000012001,0.9230768520710114,0.0,0.0,0.0,0.0,0.0,0.0,0.0,0.0,0.0,0.0,0.0,0.0,3.0,4.0,0.4285713673469475,16.0,1.6,1.0,1.0,1.0,0.0,2000000.0,0.0,0.0,0.9166666666666666,0.08333333333333333,0.25,0.0,2.0,0.0,0.16666666666666666,-0.08221494629515419
2022MND__2022-04-08-MND-S11__BotB5 - 2022-04-08 13-02-42_chunk3.mp4,2022MND,2022-04-08-MND-S11,2022-04-08-MND-S11,2,8,middle,2.0,0.0,True,False,False,True,0.4006968641114981,0.0,0.0,1.0,0.0,3.0,1.0,0.0,0.0,0.0,2.0,1.0,3.0,1.0,0.0,0.0,0.0,0.0,0.0,0.0,1.0,0.0,1.0,,0.0,0.0,0.0,0.0,0.0,1.0,3.0,6.0,10.0,6.0,0.0,1.0,0.0,0.0,0.0,1.0,0.0,19.0,0.0,0.0,0.0,0.0,1.3333333333333333,0.3333333333333333,,,1.5,0.5,17.0,2.0,8.499995750002125,0.8947367950138528,1.0,0.0,0.0,0.0,0.0,0.0,0.0,0.0,0.0,0.0,0.0,0.0,1.0,6.0,0.1428571224489825,19.0,1.4615384615384615,1.0,0.0,0.0,0.0,0.0,0.0,0.0,0.9,0.05,0.05,0.15,2.15,0.15,0.05,0.11803102829701655
2022MND__2022-04-08-MND-S11__BotB5 - 2022-04-08 13-02-42_chunk4.mp4,2022MND,2022-04-08-MND-S11,2022-04-08-MND-S11,3,8,middle,2.0,0.0,True,False,False,True,0.2753001715265866,0.0,0.0,1.0,0.0,3.0,1.0,0.0,0.0,0.0,2.0,1.0,3.0,1.0,0.0,1.0,0.0,0.0,0.0,0.0,1.0,0.0,1.0,,0.0,0.0,0.0,0.0,0.0,1.0,5.0,3.0,9.0,2.0,1.0,3.0,0.0,6.0,1.0,0.0,0.0,12.0,0.0,0.0,0.0,0.0,1.6,0.6,1.3333333333333333,0.3333333333333333,1.4444444444444444,0.4444444444444444,19.0,2.0,9.499995250002375,0.9047618616780065,0.0,0.0,0.0,1.0,0.0,0.0,0.0,0.0,0.0,0.0,0.0,0.0,3.0,8.0,0.2727272479338866,29.0,1.45,1.0,0.0,0.0,0.0,0.0,0.0,0.0,0.7368421052631579,0.05263157894736842,0.10526315789473684,0.0,2.0526315789473686,0.05263157894736842,0.10526315789473684,-0.29180326508519105
2022MND__2022-04-08-MND-S11__BotB5 - 2022-04-08 13-02-42_chunk5.mp4,2022MND,2022-04-08-MND-S11,2022-04-08-MND-S11,4,8,middle,2.0,0.0,True,False,False,True,0.14757929883138576,0.0,0.0,1.0,0.0,3.0,1.0,0.0,0.0,1.0,2.0,1.0,0.0,0.0,0.0,1.0,1.0,1.0,0.0,0.0,0.0,0.0,0.0,,0.0,0.0,0.0,0.0,0.0,1.0,0.0,8.0,12.0,3.0,1.0,4.0,3.0,2.0,0.0,0.0,0.0,23.0,0.0,0.0,0.0,0.0,,,1.0,0.0,1.0,0.08333333333333333,16.0,1.0,15.999984000016001,0.9411764152249167,0.0,0.0,0.0,0.0,0.0,0.0,0.0,0.0,0.0,0.0,0.0,0.0,4.0,2.0,0.6666665555555741,14.0,1.0,0.9285714285714286,0.0,0.0,0.0,0.0,0.0,0.0,0.72,0.0,0.08,0.0,2.0,0.0,0.0,-0.5087276953342089
2022MND__2022-04-08-MND-S11__BotB5 - 2022-04-08 13-02-42_chunk6.mp4,2022MND,2022-04-08-MND-S11,2022-04-08-MND-S11,5,8,middle,2.0,0.0,True,False,False,True,0.5595833333333333,0.0,0.0,1.0,0.0,3.0,1.0,0.0,1.0,1.0,2.0,1.0,1.0,0.0,1.0,1.0,1.0,0.0,1.0,0.0,0.0,0.0,1.0,3.0,1.0,1.0,0.0,0.0,0.0,1.0,6.0,2.0,8.0,6.0,0.0,2.0,1.0,5.0,0.0,0.0,0.0,0.0,0.0,1.0,0.0,0.0,1.5,0.5,1.2,0.2,1.7142857142857142,0.7142857142857143,21.0,3.0,6.999997666667444,0.8749999635416682,0.0,0.0,0.0,0.0,0.0,1.0,0.0,0.0,0.0,0.0,0.0,0.0,0.0,0.0,0.0,27.0,1.5,1.0,1.0,1.0,0.0,2000000.0,0.0,0.0,1.2352941176470589,0.058823529411764705,0.23529411764705882,0.0,1.9411764705882353,0.0,0.0,-0.02374498182801249
2022MND__2022-04-08-MND-S11__BotB5 - 2022-04-08 13-02-42_chunk7.mp4,2022MND,2022-04-08-MND-S11,2022-04-08-MND-S11,6,8,middle,2.0,0.0,True,False,False,True,0.3355780022446688,0.0,1.0,0.0,0.0,3.0,1.0,0.0,1.0,1.0,2.0,2.0,0.0,0.0,0.0,0.0,1.0,0.0,1.0,0.0,1.0,0.0,1.0,,0.0,0.0,0.0,0.0,0.0,2.0,1.0,8.0,3.0,13.0,1.0,4.0,12.0,2.0,0.0,0.0,1.0,7.0,0.0,0.0,0.0,0.0,1.0,0.0,1.0,0.0,2.0,1.0,11.0,6.0,1.8333330277778286,0.6470587854671302,0.0,0.0,1.0,0.0,0.0,0.0,0.0,0.0,0.0,0.0,0.0,0.0,4.0,0.0,0.9999997500000625,7.0,1.4,1.0,1.0,2.0,0.0,3000000.0,0.0,0.0,0.3181818181818182,0.022727272727272728,0.09090909090909091,0.045454545454545456,2.022727272727273,0.022727272727272728,0.0,-0.5117056951677353
2022MND__2022-04-08-MND-S11__BotB5 - 2022-04-08 13-02-42_chunk8.mp4,2022MND,2022-04-08-MND-S11,2022-04-08-MND-S11,7,8,end,2.0,0.0,True,False,False,True,0.6215384615384616,1.0,0.0,0.0,1.0,3.0,0.0,0.0,1.0,0.0,,2.0,0.0,0.0,1.0,0.0,0.0,0.0,1.0,0.0,1.0,0.0,1.0,,0.0,0.0,0.0,0.0,0.0,2.0,0.0,0.0,1.0,1.0,5.0,1.0,3.0,1.0,0.0,0.0,0.0,1.0,1.0,0.0,0.0,0.0,,,1.0,0.0,0.0,0.0,3.0,0.0,3000000.0,0.9999996666667778,0.0,0.0,0.0,0.0,1.0,0.0,0.0,0.0,0.0,0.0,0.0,0.0,0.0,0.0,0.0,1.0,0.5,0.5,1.0,0.0,0.0,1000000.0,0.0,0.0,0.17647058823529413,0.058823529411764705,0.47058823529411764,0.058823529411764705,2.1176470588235294,0.11764705882352941,0.11764705882352941,-0.4074516546766425
2022MND__2022-04-08-MND-S12__MND_3-4_part1.mp4,2022MND,2022-04-08-MND-S12,2022-04-08-MND-S12,0,1,whole,0.0,0.0,False,False,False,True,0.17682926829268286,0.0,0.0,0.0,1.0,2.0,0.0,0.0,0.0,0.0,,1.0,0.0,0.0,0.0,0.0,0.0,0.0,0.0,0.0,0.0,0.0,1.0,,0.0,0.0,0.0,0.0,0.0,0.0,0.0,1.0,0.0,0.0,0.0,0.0,1.0,0.0,0.0,0.0,0.0,0.0,0.0,0.0,0.0,0.0,,,,,,,0.0,0.0,0.0,0.0,0.0,0.0,0.0,0.0,0.0,0.0,0.0,0.0,0.0,0.0,0.0,0.0,0.0,0.0,0.0,0.0,,,0.0,0.0,0.0,0.0,0.0,0.0,0.16666666666666666,0.0,0.16666666666666666,0.0,2.0,0.0,0.16666666666666666,-0.7790442689949845
2022MND__2022-04-07-MND-S6__BotB5 - 2022-04-07 12-37-34_chunk1.mp4,2022MND,2022-04-07-MND-S6,2022-04-07-MND-S6,0,8,beginning,2.0,1.0,True,True,True,True,0.32630469161834474,0.0,0.0,0.0,0.0,3.0,0.0,0.0,0.0,0.0,1.0,1.0,0.0,0.0,0.0,0.0,0.0,0.0,0.0,0.0,0.0,0.0,1.0,,0.0,0.0,0.0,1.0,1.0,2.0,0.0,5.0,11.0,0.0,2.0,7.0,3.0,0.0,0.0,0.0,0.0,8.0,0.0,0.0,0.0,0.0,,,,,0.6363636363636364,0.0,11.0,0.0,11000000.0,0.9999999090909174,0.0,0.0,0.0,0.0,0.0,0.0,0.0,0.0,0.0,0.0,0.0,0.0,0.0,8.0,0.0,7.0,0.6363636363636364,0.6363636363636364,0.0,0.0,0.0,0.0,0.0,0.0,0.19230769230769232,0.038461538461538464,0.07692307692307693,0.0,2.0,0.0,0.0,-0.614008917589488
2022MND__2022-04-07-MND-S6__BotB5 - 2022-04-07 12-37-34_chunk2.mp4,2022MND,2022-04-07-MND-S6,2022-04-07-MND-S6,1,8,middle,2.0,1.0,True,True,True,True,0.09833333333333338,0.0,0.0,1.0,0.0,3.0,1.0,0.0,0.0,0.0,2.0,1.0,0.0,0.0,0.0,0.0,0.0,0.0,1.0,0.0,0.0,0.0,1.0,,0.0,0.0,0.0,1.0,0.0,1.0,0.0,2.0,6.0,0.0,0.0,2.0,1.0,1.0,0.0,0.0,1.0,7.0,0.0,0.0,0.0,0.0,,,1.0,0.0,1.1666666666666667,0.16666666666666666,7.0,0.0,7000000.0,0.9999998571428775,0.0,0.0,1.0,0.0,0.0,0.0,0.0,0.0,0.0,0.0,0.0,0.0,0.0,6.0,0.0,8.0,1.1428571428571428,1.0,0.0,0.0,0.0,0.0,0.0,0.0,2.7777777777777777,0.0,0.1111111111111111,0.0,2.0,0.0,0.5555555555555556,0.496545988239599
2022MND__2022-04-07-MND-S6__BotB5 - 2022-04-07 12-37-34_chunk3.mp4,2022MND,2022-04-07-MND-S6,2022-04-07-MND-S6,2,8,middle,2.0,1.0,True,True,True,True,0.547222222222222,1.0,0.0,1.0,0.0,3.0,1.0,0.0,0.0,0.0,2.0,1.0,3.0,1.0,1.0,1.0,0.0,0.0,0.0,0.0,0.0,0.0,0.0,3.0,1.0,1.0,0.0,0.0,0.0,0.0,3.0,4.0,7.0,6.0,0.0,1.0,0.0,0.0,0.0,0.0,0.0,12.0,0.0,0.0,0.0,0.0,1.6666666666666667,0.6666666666666666,,,1.4285714285714286,0.42857142857142855,12.0,3.0,3.999998666667111,0.7999999466666703,0.0,0.0,0.0,0.0,0.0,0.0,0.0,0.0,0.0,1.0,0.0,1000000.0,0.0,8.0,0.0,15.0,1.5,1.0,0.0,1.0,0.0,1000000.0,0.0,0.0,2.3333333333333335,0.0,0.16666666666666666,0.08333333333333333,2.3333333333333335,0.3333333333333333,0.16666666666666666,0.46862568157901335
2022MND__2022-04-07-MND-S6__BotB5 - 2022-04-07 12-37-34_chunk4.mp4,2022MND,2022-04-07-MND-S6,2022-04-07-MND-S6,3,8,middle,2.0,1.0,True,True,True,True,0.3701814058956916,0.0,0.0,1.0,0.0,3.0,1.0,0.0,0.0,0.0,2.0,1.0,0.0,0.0,0.0,0.0,0.0,0.0,1.0,0.0,1.0,0.0,1.0,3.0,1.0,1.0,0.0,0.0,0.0,1.0,4.0,6.0,8.0,3.0,0.0,0.0,1.0,0.0,0.0,0.0,0.0,11.0,0.0,0.0,0.0,0.0,1.25,0.25,,,1.5,0.5,12.0,2.0,5.9999970000015,0.8571427959183717,0.0,0.0,0.0,0.0,0.0,0.0,0.0,0.0,0.0,0.0,0.0,0.0,0.0,5.0,0.0,17.0,1.4166666666666667,1.0,0.0,0.0,0.0,0.0,0.0,0.0,1.2307692307692308,0.07692307692307693,0.15384615384615385,0.3076923076923077,2.076923076923077,0.07692307692307693,0.07692307692307693,0.7444034189492249
2022MND__2022-04-07-MND-S6__BotB5 - 2022-04-07 12-37-34_chunk5.mp4,2022MND,2022-04-07-MND-S6,2022-04-07-MND-S6,4,8,middle,2.0,1.0,True,True,True,True,0.3375209380234505,0.0,0.0,1.0,0.0,3.0,1.0,1.0,0.0,0.0,2.0,2.0,3.0,1.0,1.0,1.0,0.0,0.0,1.0,1.0,0.0,0.0,1.0,,0.0,0.0,0.0,0.0,0.0,1.0,2.0,8.0,12.0,0.0,1.0,1.0,0.0,0.0,0.0,0.0,0.0,22.0,1.0,1.0,0.0,0.0,1.5,0.5,,,1.25,0.25,14.0,0.0,14000000.0,0.9999999285714337,0.0,0.0,0.0,0.0,1.0,1.0,0.0,0.0,0.0,0.0,0.0,0.0,1.0,18.0,0.05263157617728546,18.0,1.2857142857142858,1.0,0.0,1.0,0.0,1000000.0,0.0,0.0,0.7916666666666666,0.041666666666666664,0.125,0.25,2.1666666666666665,0.125,0.08333333333333333,0.2591056921856339
2022MND__2022-04-07-MND-S6__BotB5 - 2022-04-07 12-37-34_chunk6.mp4,2022MND,2022-04-07-MND-S6,2022-04-07-MND-S6,5,8,middle,2.0,1.0,True,True,True,False,,,,,,,,,,,,,,,,,,,,,,,,,,,,,,,,,,,,,,,,,,,,,,,,,,,,,,,,,,,,,,,,,,,,,,,,,,,,,,,,,,,,,,,,
2022MND__2022-04-07-MND-S6__BotB5 - 2022-04-07 12-37-34_chunk7.mp4,2022MND,2022-04-07-MND-S6,2022-04-07-MND-S6,6,8,middle,2.0,1.0,True,True,True,True,0.2906148867313916,0.0,0.0,1.0,0.0,3.0,1.0,0.0,0.0,0.0,2.0,1.0,1.0,0.0,0.0,0.0,0.0,0.0,1.0,0.0,1.0,0.0,1.0,,0.0,0.0,0.0,1.0,0.0,1.0,3.0,7.0,10.0,1.0,1.0,2.0,2.0,1.0,0.0,0.0,0.0,19.0,0.0,0.0,1.0,0.0,1.3333333333333333,0.3333333333333333,1.0,0.0,1.5,0.5,15.0,0.0,15000000.0,0.9999999333333378,0.0,0.0,0.0,0.0,0.0,0.0,1.0,0.0,0.0,0.0,0.0,0.0,0.0,8.0,0.0,20.0,1.4285714285714286,1.0,0.0,0.0,0.0,0.0,0.0,0.0,1.1,0.05,0.2,0.1,2.1,0.1,0.0,0.10221495040652757
2022MND__2022-04-07-MND-S6__BotB5 - 2022-04-07 12-37-34_chunk8.mp4,2022MND,2022-04-07-MND-S6,2022-04-07-MND-S6,7,8,end,2.0,1.0,True,True,True,True,0.42952127659574457,0.0,1.0,0.0,0.0,3.0,0.0,0.0,1.0,1.0,2.0,2.0,0.0,0.0,0.0,0.0,1.0,0.0,0.0,0.0,0.0,0.0,1.0,,0.0,0.0,0.0,0.0,0.0,2.0,0.0,1.0,3.0,4.0,4.0,1.0,7.0,2.0,0.0,0.0,0.0,14.0,0.0,0.0,0.0,0.0,,,1.5,0.5,1.0,0.0,8.0,1.0,7.9999920000080005,0.8888887901234679,0.0,0.0,0.0,0.0,0.0,0.0,0.0,0.0,0.0,0.0,0.0,0.0,7.0,0.0,0.9999998571428775,6.0,1.2,1.0,0.0,0.0,0.0,0.0,0.0,0.0,0.8571428571428571,0.21428571428571427,0.2857142857142857,0.0,2.0714285714285716,0.07142857142857142,0.07142857142857142,0.4079634114775426
2022MND__2022-04-08-MND-S7__Bot1 - 2022-04-08 13-01-44 - 60min40sec-61min10sec_chunk1.mp4,2022MND,2022-04-08-MND-S7,2022-04-08-MND-S7,0,8,beginning,1.0,1.0,True,True,True,True,0.46398467432950197,0.0,0.0,1.0,0.0,3.0,0.0,0.0,0.0,0.0,1.0,1.0,0.0,0.0,0.0,0.0,0.0,0.0,0.0,0.0,0.0,0.0,1.0,,0.0,0.0,0.0,1.0,1.0,1.0,0.0,2.0,9.0,0.0,8.0,8.0,5.0,1.0,0.0,1.0,0.0,8.0,0.0,0.0,1.0,0.0,,,1.0,0.0,0.8888888888888888,0.0,10.0,0.0,10000000.0,0.99999990000001,1.0,0.0,0.0,0.0,0.0,0.0,1.0,0.0,0.0,0.0,0.0,0.0,0.0,8.0,0.0,9.0,0.9,0.9,0.0,1.0,0.0,1000000.0,0.0,0.0,0.8787878787878788,0.09090909090909091,0.6060606060606061,0.06060606060606061,2.242424242424242,0.21212121212121213,0.030303030303030304,0.06692107676789984
2022MND__2022-04-08-MND-S7__Bot1 - 2022-04-08 13-01-44 - 60min40sec-61min10sec_chunk2.mp4,2022MND,2022-04-08-MND-S7,2022-04-08-MND-S7,1,8,middle,1.0,1.0,True,True,True,True,0.43444909344490923,0.0,0.0,1.0,0.0,3.0,1.0,0.0,0.0,0.0,2.0,1.0,3.0,1.0,0.0,1.0,0.0,0.0,1.0,0.0,0.0,0.0,1.0,,0.0,0.0,0.0,1.0,0.0,1.0,5.0,0.0,3.0,3.0,1.0,0.0,4.0,1.0,0.0,0.0,0.0,7.0,0.0,0.0,1.0,0.0,1.2,0.2,1.0,0.0,1.0,0.0,11.0,1.0,10.999989000011,0.9166665902777842,0.0,0.0,0.0,0.0,0.0,0.0,1.0,0.0,0.0,0.0,0.0,0.0,0.0,7.0,0.0,10.0,1.1111111111111112,1.0,0.0,0.0,0.0,0.0,0.0,0.0,2.076923076923077,0.07692307692307693,1.0,0.46153846153846156,2.3076923076923075,0.3076923076923077,0.0,1.5070647845930008
2022MND__2022-04-08-MND-S7__Bot1 - 2022-04-08 13-01-44 - 60min40sec-61min10sec_chunk3.mp4,2022MND,2022-04-08-MND-S7,2022-04-08-MND-S7,2,8,middle,1.0,1.0,True,True,True,True,0.3659663865546219,1.0,0.0,1.0,0.0,4.0,1.0,0.0,0.0,0.0,3.0,2.0,3.0,1.0,1.0,1.0,0.0,0.0,1.0,0.0,0.0,0.0,0.0,,0.0,0.0,0.0,1.0,0.0,1.0,4.0,0.0,4.0,4.0,0.0,0.0,0.0,2.0,0.0,0.0,0.0,8.0,1.0,0.0,1.0,0.0,1.25,0.25,1.0,0.0,1.0,0.0,12.0,2.0,5.9999970000015,0.8571427959183717,0.0,0.0,0.0,0.0,1.0,0.0,1.0,0.0,0.0,0.0,0.0,0.0,1.0,7.0,0.12499998437500197,11.0,1.1,1.0,0.0,0.0,0.0,0.0,0.0,0.0,2.125,0.0,0.125,0.0,2.5,0.5,0.0,0.17764842393095315
2022MND__2022-04-08-MND-S7__Bot1 - 2022-04-08 13-01-44 - 60min40sec-61min10sec_chunk4.mp4,2022MND,2022-04-08-MND-S7,2022-04-08-MND-S7,3,8,middle,1.0,1.0,True,True,True,True,0.32671957671957674,1.0,0.0,1.0,0.0,3.0,1.0,0.0,0.0,0.0,3.0,2.0,4.0,1.0,0.0,1.0,1.0,1.0,1.0,0.0,1.0,0.0,1.0,,0.0,0.0,0.0,0.0,1.0,1.0,3.0,2.0,7.0,5.0,0.0,2.0,0.0,2.0,0.0,1.0,1.0,14.0,0.0,1.0,0.0,0.0,1.3333333333333333,0.3333333333333333,2.0,1.0,1.5714285714285714,0.5714285714285714,15.0,2.0,7.499996250001875,0.8823528892733594,1.0,0.0,1.0,0.0,0.0,1.0,0.0,0.0,0.0,0.0,0.0,0.0,4.0,8.0,0.3333333055555579,19.0,1.5833333333333333,1.0,0.0,1.0,0.0,1000000.0,0.0,0.0,1.6470588235294117,0.058823529411764705,0.17647058823529413,0.0,2.4705882352941178,0.47058823529411764,0.0,0.17741192982600185
2022MND__2022-04-08-MND-S7__Bot1 - 2022-04-08 13-01-44 - 60min40sec-61min10sec_chunk5.mp4,2022MND,2022-04-08-MND-S7,2022-04-08-MND-S7,4,8,middle,1.0,1.0,True,True,True,True,0.39844660194174764,0.0,0.0,1.0,0.0,3.0,1.0,0.0,0.0,0.0,3.0,2.0,3.0,1.0,1.0,1.0,1.0,0.0,1.0,0.0,0.0,0.0,0.0,,0.0,0.0,0.0,0.0,0.0,1.0,8.0,4.0,7.0,5.0,0.0,0.0,0.0,5.0,0.0,0.0,0.0,12.0,0.0,0.0,1.0,0.0,1.4285714285714286,0.42857142857142855,1.8,0.8,1.2857142857142858,0.2857142857142857,24.0,0.0,24000000.0,0.999999958333335,0.0,0.0,0.0,0.0,0.0,0.0,1.0,0.0,0.0,0.0,0.0,0.0,8.0,2.0,0.7999999200000081,28.0,1.4736842105263157,1.0,1.0,0.0,0.0,1000000.0,0.0,0.0,1.588235294117647,0.0,0.11764705882352941,0.11764705882352941,2.176470588235294,0.17647058823529413,0.23529411764705882,0.1825339354767843
2022MND__2022-04-08-MND-S7__Bot1 - 2022-04-08 13-01-44 - 60min40sec-61min10sec_chunk6.mp4,2022MND,2022-04-08-MND-S7,2022-04-08-MND-S7,5,8,middle,1.0,1.0,True,True,True,True,0.42473118279569877,0.0,0.0,1.0,0.0,4.0,1.0,0.0,0.0,0.0,3.0,2.0,2.0,0.0,0.0,1.0,1.0,0.0,1.0,0.0,0.0,0.0,1.0,,0.0,0.0,1.0,1.0,0.0,1.0,3.0,2.0,8.0,3.0,2.0,1.0,0.0,3.0,0.0,0.0,0.0,11.0,0.0,0.0,1.0,0.0,2.0,1.0,1.3333333333333333,0.3333333333333333,1.625,0.625,17.0,0.0,17000000.0,0.999999941176474,0.0,0.0,0.0,0.0,0.0,0.0,1.0,0.0,0.0,0.0,0.0,0.0,6.0,4.0,0.599999940000006,23.0,1.6428571428571428,1.0,0.0,0.0,0.0,0.0,0.0,0.0,2.9166666666666665,0.08333333333333333,0.4166666666666667,0.5,2.5,0.4166666666666667,0.08333333333333333,2.030041545820162
2022MND__2022-04-08-MND-S7__Bot1 - 2022-04-08 13-01-44 - 60min40sec-61min10sec_chunk7.mp4,2022MND,2022-04-08-MND-S7,2022-04-08-MND-S7,6,8,middle,1.0,1.0,True,True,True,True,0.4664850136239782,0.0,1.0,0.0,0.0,3.0,0.0,0.0,1.0,1.0,3.0,3.0,1.0,0.0,0.0,0.0,1.0,0.0,0.0,0.0,0.0,0.0,1.0,,0.0,0.0,0.0,0.0,0.0,2.0,2.0,7.0,2.0,6.0,0.0,2.0,32.0,8.0,0.0,0.0,0.0,8.0,0.0,0.0,0.0,0.0,1.0,0.0,1.125,0.125,1.0,0.0,17.0,1.0,16.999983000017,0.9444443919753115,0.0,0.0,0.0,0.0,0.0,0.0,0.0,0.0,0.0,0.0,0.0,0.0,7.0,1.0,0.8749998906250137,12.0,1.0909090909090908,1.0,0.0,1.0,0.0,1000000.0,0.0,0.0,0.10204081632653061,0.0,0.04081632653061224,0.0,1.9183673469387754,0.0,0.0,-0.8106155432730441
2022MND__2022-04-08-MND-S7__Bot1 - 2022-04-08 13-01-44 - 60min40sec-61min10sec_chunk8.mp4,2022MND,2022-04-08-MND-S7,2022-04-08-MND-S7,7,8,end,1.0,1.0,True,True,True,True,0.5286576168929109,0.0,1.0,0.0,0.0,3.0,0.0,0.0,1.0,1.0,3.0,3.0,3.0,1.0,0.0,0.0,1.0,0.0,0.0,0.0,0.0,0.0,1.0,,0.0,0.0,0.0,0.0,0.0,2.0,3.0,4.0,0.0,2.0,4.0,0.0,10.0,3.0,0.0,0.0,0.0,16.0,0.0,0.0,0.0,0.0,1.0,0.0,1.0,0.0,,,8.0,0.0,8000000.0,0.9999998750000157,0.0,0.0,0.0,0.0,0.0,0.0,0.0,0.0,0.0,0.0,0.0,0.0,3.0,3.0,0.49999991666668053,6.0,1.0,1.0,0.0,2.0,0.0,2000000.0,0.0,0.0,0.3888888888888889,0.0,0.1111111111111111,0.0,2.0,0.05555555555555555,0.16666666666666666,-0.6704833960388498
2022MND__2022-04-08-MND-S8__Bot2 - Zoom Meeting - Room 2 2022-04-08 13-02-14_chunk1.mp4,2022MND,2022-04-08-MND-S8,2022-04-08-MND-S8,0,8,beginning,1.0,0.0,True,False,False,False,,,,,,,,,,,,,,,,,,,,,,,,,,,,,,,,,,,,,,,,,,,,,,,,,,,,,,,,,,,,,,,,,,,,,,,,,,,,,,,,,,,,,,,,
2022MND__2022-04-08-MND-S8__Bot2 - Zoom Meeting - Room 2 2022-04-08 13-02-14_chunk2.mp4,2022MND,2022-04-08-MND-S8,2022-04-08-MND-S8,1,8,middle,1.0,0.0,True,False,False,True,0.5406666666666666,1.0,0.0,1.0,0.0,4.0,1.0,0.0,0.0,0.0,2.0,1.0,0.0,0.0,0.0,1.0,0.0,0.0,0.0,0.0,0.0,0.0,1.0,,0.0,0.0,0.0,0.0,0.0,1.0,0.0,3.0,9.0,1.0,0.0,2.0,0.0,3.0,0.0,0.0,0.0,13.0,0.0,0.0,0.0,0.0,,,1.0,0.0,0.8888888888888888,0.0,13.0,0.0,13000000.0,0.9999999230769291,0.0,0.0,0.0,0.0,0.0,0.0,0.0,0.0,0.0,0.0,0.0,0.0,0.0,12.0,0.0,11.0,0.9166666666666666,0.9166666666666666,1.0,0.0,0.0,1000000.0,0.0,0.0,1.5714285714285714,0.07142857142857142,0.07142857142857142,0.07142857142857142,2.0,0.0,0.0,0.3526193770987754
2022MND__2022-04-08-MND-S8__Bot2 - Zoom Meeting - Room 2 2022-04-08 13-02-14_chunk3.mp4,2022MND,2022-04-08-MND-S8,2022-04-08-MND-S8,2,8,middle,1.0,0.0,True,False,False,True,0.16428571428571437,0.0,0.0,1.0,0.0,3.0,0.0,0.0,0.0,0.0,2.0,1.0,0.0,0.0,0.0,0.0,0.0,0.0,0.0,0.0,1.0,0.0,1.0,,0.0,0.0,0.0,0.0,0.0,0.0,0.0,9.0,2.0,6.0,7.0,5.0,1.0,0.0,0.0,0.0,0.0,16.0,0.0,0.0,0.0,0.0,,,,,1.0,0.0,7.0,1.0,6.9999930000070005,0.8749998906250137,0.0,0.0,0.0,0.0,0.0,0.0,0.0,0.0,0.0,0.0,0.0,0.0,0.0,16.0,0.0,2.0,1.0,1.0,3.0,3.0,0.0,6000000.0,0.0,0.0,0.7142857142857143,0.2619047619047619,0.40476190476190477,0.35714285714285715,2.261904761904762,0.2619047619047619,0.11904761904761904,1.3378583764974585
2022MND__2022-04-08-MND-S8__Bot2 - Zoom Meeting - Room 2 2022-04-08 13-02-14_chunk4.mp4,2022MND,2022-04-08-MND-S8,2022-04-08-MND-S8,3,8,middle,1.0,0.0,True,False,False,True,0.26425631981187525,0.0,0.0,1.0,0.0,3.0,1.0,0.0,0.0,0.0,2.0,1.0,0.0,0.0,0.0,0.0,0.0,0.0,1.0,0.0,1.0,0.0,1.0,,0.0,0.0,0.0,0.0,0.0,1.0,2.0,9.0,18.0,13.0,5.0,1.0,0.0,1.0,0.0,0.0,1.0,34.0,0.0,0.0,0.0,0.0,1.0,0.0,1.0,0.0,0.8888888888888888,0.05555555555555555,29.0,5.0,5.799998840000232,0.8529411513840839,0.0,0.0,1.0,0.0,0.0,0.0,0.0,0.0,0.0,0.0,0.0,0.0,0.0,10.0,0.0,19.0,0.9047619047619048,0.8571428571428571,3.0,4.0,0.0,7000000.0,0.0,0.0,1.4864864864864864,0.1891891891891892,0.3783783783783784,0.2702702702702703,2.135135135135135,0.13513513513513514,0.0,1.2295254652221566
2022MND__2022-04-08-MND-S8__Bot2 - Zoom Meeting - Room 2 2022-04-08 13-02-14_chunk5.mp4,2022MND,2022-04-08-MND-S8,2022-04-08-MND-S8,4,8,middle,1.0,0.0,True,False,False,True,0.23161080074487894,0.0,0.0,1.0,0.0,3.0,0.0,0.0,0.0,0.0,2.0,1.0,0.0,0.0,0.0,0.0,0.0,0.0,0.0,1.0,0.0,0.0,1.0,,0.0,0.0,0.0,0.0,0.0,1.0,2.0,5.0,8.0,6.0,1.0,1.0,0.0,1.0,0.0,0.0,0.0,16.0,0.0,0.0,0.0,0.0,1.0,0.0,1.0,0.0,1.125,0.125,12.0,5.0,2.399999520000096,0.7058823114186875,0.0,0.0,0.0,0.0,0.0,0.0,0.0,0.0,0.0,0.0,0.0,0.0,0.0,11.0,0.0,12.0,1.0909090909090908,1.0,0.0,0.0,0.0,0.0,0.0,0.0,1.35,0.1,0.1,0.0,2.15,0.15,0.15,0.1955660312638838
2022MND__2022-04-08-MND-S8__Bot2 - Zoom Meeting - Room 2 2022-04-08 13-02-14_chunk6.mp4,2022MND,2022-04-08-MND-S8,2022-04-08-MND-S8,5,8,middle,1.0,0.0,True,False,False,True,0.3991370010787485,0.0,0.0,1.0,0.0,3.0,0.0,0.0,0.0,0.0,2.0,1.0,0.0,0.0,0.0,0.0,0.0,0.0,0.0,0.0,1.0,0.0,1.0,,0.0,0.0,0.0,0.0,1.0,1.0,3.0,12.0,12.0,5.0,8.0,2.0,3.0,1.0,3.0,0.0,0.0,27.0,0.0,0.0,0.0,0.0,1.0,0.0,2.0,1.0,1.1666666666666667,0.3333333333333333,18.0,3.0,5.999998000000667,0.8571428163265326,0.0,0.0,0.0,3.0,0.0,0.0,0.0,0.0,0.0,0.0,0.0,0.0,0.0,9.0,0.0,19.0,1.1875,0.875,0.0,2.0,0.0,2000000.0,0.0,0.0,0.8378378378378378,0.21621621621621623,0.35135135135135137,0.2702702702702703,2.108108108108108,0.10810810810810811,0.0,1.0198136338278851
2022MND__2022-04-08-MND-S8__Bot2 - Zoom Meeting - Room 2 2022-04-08 13-02-14_chunk7.mp4,2022MND,2022-04-08-MND-S8,2022-04-08-MND-S8,6,8,middle,1.0,0.0,True,False,False,True,0.5622950819672132,1.0,0.0,0.0,0.0,3.0,0.0,0.0,1.0,1.0,,1.0,0.0,0.0,0.0,0.0,0.0,0.0,1.0,0.0,1.0,0.0,1.0,,0.0,0.0,0.0,0.0,0.0,1.0,3.0,2.0,8.0,5.0,9.0,5.0,11.0,0.0,0.0,0.0,0.0,4.0,0.0,0.0,0.0,0.0,1.0,0.0,,,0.5,0.25,16.0,1.0,15.999984000016001,0.9411764152249167,0.0,0.0,0.0,0.0,0.0,0.0,0.0,0.0,0.0,0.0,0.0,0.0,1.0,1.0,0.499999750000125,7.0,0.6363636363636364,0.45454545454545453,0.0,0.0,1.0,0.0,0.0,0.0,0.18181818181818182,0.18181818181818182,0.36363636363636365,0.12121212121212122,2.090909090909091,0.09090909090909091,0.030303030303030304,0.2245117962862023
2022MND__2022-04-08-MND-S8__Bot2 - Zoom Meeting - Room 2 2022-04-08 13-02-14_chunk8.mp4,2022MND,2022-04-08-MND-S8,2022-04-08-MND-S8,7,8,end,1.0,0.0,True,False,False,True,0.30810810810810807,0.0,0.0,0.0,1.0,4.0,0.0,0.0,1.0,0.0,,1.0,0.0,0.0,1.0,0.0,0.0,0.0,1.0,0.0,1.0,0.0,1.0,,0.0,0.0,0.0,1.0,1.0,1.0,0.0,2.0,10.0,8.0,9.0,0.0,3.0,0.0,0.0,0.0,0.0,0.0,1.0,0.0,1.0,0.0,,,,,1.0,0.0,15.0,1.0,14.999985000015002,0.9374999414062536,0.0,0.0,0.0,0.0,1.0,0.0,1.0,0.0,0.0,0.0,0.0,0.0,0.0,0.0,0.0,10.0,1.0,1.0,0.0,0.0,0.0,0.0,0.0,0.0,1.0,0.3333333333333333,1.0,0.2916666666666667,2.375,0.375,0.041666666666666664,1.6120095478629164
2022MND__2022-04-08-MND-S10__BotB4 - 2022-04-08 01-03-01 - problem 53min20sec - 56min20sec_chunk1.mp4,2022MND,2022-04-08-MND-S10,2022-04-08-MND-S10,0,8,beginning,0.0,0.0,False,False,False,True,0.24541284403669716,0.0,0.0,1.0,0.0,3.0,1.0,0.0,0.0,0.0,2.0,1.0,3.0,1.0,1.0,0.0,1.0,1.0,1.0,0.0,1.0,0.0,1.0,,0.0,0.0,0.0,1.0,1.0,1.0,0.0,6.0,11.0,4.0,3.0,0.0,4.0,1.0,0.0,0.0,0.0,14.0,0.0,0.0,0.0,0.0,,,2.0,1.0,1.1818181818181819,0.18181818181818182,16.0,0.0,16000000.0,0.9999999375000038,0.0,0.0,0.0,0.0,0.0,0.0,0.0,0.0,0.0,0.0,0.0,0.0,8.0,6.0,0.5714285306122479,15.0,1.25,1.0,0.0,0.0,0.0,0.0,0.0,,,0.0,0.0,0.0,,,0.0,-0.6171441482000752
2022MND__2022-04-08-MND-S10__BotB4 - 2022-04-08 01-03-01 - problem 53min20sec - 56min20sec_chunk2.mp4,2022MND,2022-04-08-MND-S10,2022-04-08-MND-S10,1,8,middle,0.0,0.0,False,False,False,True,0.5517241379310345,1.0,0.0,1.0,0.0,3.0,1.0,0.0,0.0,0.0,3.0,2.0,3.0,1.0,0.0,0.0,1.0,0.0,1.0,1.0,0.0,0.0,1.0,3.0,1.0,1.0,0.0,0.0,0.0,1.0,2.0,1.0,3.0,1.0,0.0,1.0,0.0,0.0,0.0,0.0,0.0,6.0,0.0,0.0,0.0,0.0,2.0,1.0,,,1.3333333333333333,0.3333333333333333,6.0,0.0,6000000.0,0.9999998333333611,0.0,0.0,0.0,0.0,0.0,0.0,0.0,0.0,0.0,0.0,0.0,0.0,3.0,2.0,0.599999880000024,8.0,1.6,1.0,0.0,0.0,0.0,0.0,0.0,0.0,1.0,0.14285714285714285,0.14285714285714285,0.0,2.4285714285714284,0.42857142857142855,0.0,0.19452136425830743
2022MND__2022-04-08-MND-S10__BotB4 - 2022-04-08 01-03-01 - problem 53min20sec - 56min20sec_chunk3.mp4,2022MND,2022-04-08-MND-S10,2022-04-08-MND-S10,2,8,middle,0.0,0.0,False,False,False,True,0.14148580968280466,0.0,0.0,1.0,0.0,3.0,1.0,0.0,0.0,0.0,2.0,2.0,3.0,1.0,1.0,1.0,1.0,1.0,0.0,0.0,0.0,0.0,1.0,3.0,1.0,1.0,0.0,0.0,1.0,1.0,5.0,5.0,4.0,3.0,0.0,3.0,0.0,1.0,0.0,0.0,1.0,13.0,0.0,0.0,0.0,0.0,1.6,0.6,2.0,1.0,1.0,0.25,9.0,2.0,4.499997750001125,0.8181817438016598,0.0,0.0,1.0,0.0,0.0,0.0,0.0,0.0,0.0,0.0,0.0,0.0,4.0,9.0,0.3076922840236705,14.0,1.4,0.9,0.0,0.0,0.0,0.0,0.0,0.0,1.9285714285714286,0.0,0.07142857142857142,0.21428571428571427,2.0,0.0,0.07142857142857142,0.5682063532329854
2022MND__2022-04-08-MND-S10__BotB4 - 2022-04-08 01-03-01 - problem 53min20sec - 56min20sec_chunk4.mp4,2022MND,2022-04-08-MND-S10,2022-04-08-MND-S10,3,8,middle,0.0,0.0,False,False,False,True,0.6129173989455186,1.0,1.0,0.0,0.0,3.0,1.0,1.0,0.0,0.0,4.0,4.0,3.0,1.0,1.0,1.0,1.0,0.0,0.0,1.0,0.0,0.0,1.0,3.0,1.0,1.0,0.0,0.0,0.0,1.0,3.0,4.0,10.0,3.0,0.0,0.0,0.0,1.0,0.0,0.0,0.0,17.0,1.0,3.0,0.0,1.0,2.0,1.0,2.0,1.0,1.7,0.7,16.0,1.0,15.999984000016001,0.9411764152249167,0.0,0.0,0.0,0.0,1.0,3.0,0.0,1.0,0.0,0.0,0.0,0.0,6.0,11.0,0.35294115570934376,25.0,1.7857142857142858,1.0,0.0,2.0,0.0,2000000.0,0.0,0.0,1.1363636363636365,0.09090909090909091,0.18181818181818182,0.09090909090909091,2.4545454545454546,0.45454545454545453,0.045454545454545456,0.26155352105857754
2022MND__2022-04-08-MND-S10__BotB4 - 2022-04-08 01-03-01 - problem 53min20sec - 56min20sec_chunk5.mp4,2022MND,2022-04-08-MND-S10,2022-04-08-MND-S10,4,8,middle,0.0,0.0,False,False,False,True,0.5084745762711864,1.0,0.0,1.0,0.0,3.0,1.0,0.0,0.0,0.0,3.0,3.0,3.0,1.0,0.0,1.0,1.0,0.0,0.0,0.0,1.0,0.0,1.0,2.0,1.0,0.0,0.0,1.0,0.0,1.0,6.0,4.0,5.0,3.0,2.0,2.0,0.0,3.0,0.0,0.0,0.0,11.0,0.0,0.0,0.0,0.0,1.75,0.75,2.0,1.0,1.4,0.4,16.0,1.0,15.999984000016001,0.9411764152249167,0.0,0.0,0.0,0.0,0.0,0.0,0.0,0.0,0.0,0.0,0.0,0.0,5.0,2.0,0.7142856122449125,18.0,1.6363636363636365,1.0,0.0,0.0,0.0,0.0,0.0,0.0,0.875,0.125,0.1875,0.0625,2.125,0.125,0.0625,0.2045491577007712
2022MND__2022-04-08-MND-S10__BotB4 - 2022-04-08 01-03-01 - problem 53min20sec - 56min20sec_chunk6.mp4,2022MND,2022-04-08-MND-S10,2022-04-08-MND-S10,5,8,middle,0.0,0.0,False,False,False,True,0.25602409638554224,0.0,0.0,0.0,0.0,3.0,1.0,0.0,1.0,1.0,3.0,3.0,3.0,1.0,1.0,1.0,1.0,0.0,0.0,0.0,0.0,0.0,1.0,3.0,1.0,1.0,0.0,0.0,0.0,2.0,2.0,2.0,6.0,3.0,1.0,3.0,6.0,2.0,0.0,0.0,1.0,8.0,1.0,0.0,0.0,0.0,1.5,0.5,1.5,0.5,1.2,0.2,12.0,1.0,11.999988000012001,0.9230768520710114,0.0,0.0,1.0,0.0,1.0,0.0,0.0,0.0,0.0,0.0,0.0,0.0,2.0,2.0,0.49999987500003124,12.0,1.3333333333333333,1.0,0.0,0.0,0.0,0.0,0.0,0.0,0.7272727272727273,0.045454545454545456,0.13636363636363635,0.09090909090909091,2.0,0.0,0.0,-0.11853520041405728
2022MND__2022-04-08-MND-S10__BotB4 - 2022-04-08 01-03-01 - problem 53min20sec - 56min20sec_chunk7.mp4,2022MND,2022-04-08-MND-S10,2022-04-08-MND-S10,6,8,middle,0.0,0.0,False,False,False,True,0.32792207792207795,0.0,0.0,0.0,0.0,3.0,1.0,1.0,1.0,0.0,3.0,3.0,0.0,0.0,1.0,1.0,1.0,0.0,1.0,0.0,0.0,1.0,1.0,,0.0,0.0,1.0,1.0,1.0,1.0,1.0,8.0,16.0,3.0,3.0,1.0,7.0,0.0,0.0,0.0,0.0,15.0,2.0,0.0,1.0,0.0,2.0,1.0,,,1.0,0.0,19.0,1.0,18.999981000019,0.9499999525000024,0.0,0.0,0.0,0.0,2.0,0.0,1.0,0.0,0.0,0.0,0.0,0.0,2.0,11.0,0.15384614201183525,9.0,1.125,1.0,0.0,0.0,0.0,0.0,0.0,0.0,0.5454545454545454,0.030303030303030304,0.06060606060606061,0.030303030303030304,2.212121212121212,0.21212121212121213,0.0,-0.4050381207380968
2022MND__2022-04-08-MND-S10__BotB4 - 2022-04-08 01-03-01 - problem 53min20sec - 56min20sec_chunk8.mp4,2022MND,2022-04-08-MND-S10,2022-04-08-MND-S10,7,8,end,0.0,0.0,False,False,False,True,0.5570866141732282,1.0,0.0,0.0,1.0,3.0,0.0,1.0,0.0,0.0,,3.0,0.0,0.0,0.0,0.0,0.0,0.0,0.0,0.0,0.0,0.0,0.0,,0.0,0.0,0.0,1.0,0.0,1.0,0.0,0.0,4.0,2.0,4.0,0.0,1.0,0.0,0.0,2.0,0.0,10.0,0.0,0.0,0.0,0.0,,,,,1.0,0.0,5.0,1.0,4.999995000005001,0.8333331944444675,2.0,0.0,0.0,0.0,0.0,0.0,0.0,0.0,0.0,0.0,0.0,0.0,0.0,10.0,0.0,4.0,1.0,1.0,1.0,0.0,0.0,1000000.0,0.0,0.0,0.4166666666666667,0.0,0.16666666666666666,0.0,2.0,0.0,0.08333333333333333,-0.6569132869193329
2022MND__2022-04-08-MND-S4__BotB4 - 2022-04-08 06-54-34 - time wrong (probably 4hrs early)_chunk1.mp4,2022MND,2022-04-08-MND-S4,2022-04-08-MND-S4,0,8,beginning,1.0,0.0,True,False,False,True,0.2549905838041431,0.0,0.0,1.0,0.0,3.0,1.0,0.0,0.0,0.0,2.0,1.0,0.0,0.0,0.0,0.0,0.0,0.0,1.0,0.0,1.0,0.0,1.0,,0.0,0.0,0.0,0.0,1.0,2.0,3.0,3.0,10.0,1.0,2.0,10.0,2.0,1.0,0.0,0.0,0.0,12.0,0.0,0.0,0.0,0.0,2.0,1.0,1.0,0.0,1.0,0.1,14.0,1.0,13.999986000014001,0.9333332711111153,0.0,0.0,0.0,0.0,0.0,0.0,0.0,0.0,0.0,0.0,0.0,0.0,2.0,9.0,0.1818181652892577,17.0,1.2142857142857142,0.9285714285714286,0.0,1.0,0.0,1000000.0,0.0,0.0,0.896551724137931,0.06896551724137931,0.2413793103448276,0.034482758620689655,2.0689655172413794,0.06896551724137931,0.0,-0.07072311535908604
2022MND__2022-04-08-MND-S4__BotB4 - 2022-04-08 06-54-34 - time wrong (probably 4hrs early)_chunk2.mp4,2022MND,2022-04-08-MND-S4,2022-04-08-MND-S4,1,8,middle,1.0,0.0,True,False,False,True,0.2848360655737705,0.0,0.0,1.0,0.0,3.0,1.0,0.0,0.0,0.0,2.0,1.0,3.0,1.0,0.0,0.0,1.0,1.0,0.0,0.0,1.0,0.0,1.0,3.0,1.0,1.0,0.0,0.0,1.0,1.0,1.0,3.0,3.0,3.0,0.0,0.0,0.0,1.0,0.0,0.0,0.0,3.0,0.0,0.0,0.0,0.0,2.0,1.0,2.0,1.0,1.0,0.0,6.0,2.0,2.99999850000075,0.7499999062500118,0.0,0.0,0.0,0.0,0.0,0.0,0.0,0.0,0.0,0.0,0.0,0.0,1.0,2.0,0.33333322222225925,7.0,1.4,1.0,0.0,0.0,0.0,0.0,0.0,0.0,1.6,0.1,1.0,0.4,2.2,0.2,0.1,1.2258639217476182
2022MND__2022-04-08-MND-S4__BotB4 - 2022-04-08 06-54-34 - time wrong (probably 4hrs early)_chunk3.mp4,2022MND,2022-04-08-MND-S4,2022-04-08-MND-S4,2,8,middle,1.0,0.0,True,False,False,True,0.22713085234093633,0.0,0.0,1.0,0.0,3.0,1.0,0.0,0.0,0.0,2.0,1.0,0.0,0.0,0.0,0.0,0.0,0.0,1.0,0.0,1.0,0.0,1.0,3.0,1.0,1.0,0.0,0.0,0.0,1.0,7.0,2.0,7.0,4.0,4.0,3.0,1.0,0.0,0.0,0.0,0.0,11.0,0.0,0.0,0.0,0.0,1.4285714285714286,0.42857142857142855,,,1.2857142857142858,0.2857142857142857,17.0,0.0,17000000.0,0.999999941176474,0.0,0.0,0.0,0.0,0.0,0.0,0.0,0.0,0.0,0.0,0.0,0.0,0.0,11.0,0.0,19.0,1.3571428571428572,1.0,0.0,1.0,0.0,1000000.0,0.0,0.0,1.2,0.25,0.35,0.35,2.3,0.3,0.0,1.5117189645267406
2022MND__2022-04-08-MND-S4__BotB4 - 2022-04-08 06-54-34 - time wrong (probably 4hrs early)_chunk4.mp4,2022MND,2022-04-08-MND-S4,2022-04-08-MND-S4,3,8,middle,1.0,0.0,True,False,False,True,0.34824414715719065,0.0,0.0,1.0,0.0,3.0,1.0,0.0,0.0,0.0,2.0,1.0,3.0,1.0,0.0,0.0,0.0,0.0,0.0,0.0,0.0,0.0,1.0,3.0,1.0,1.0,0.0,0.0,1.0,1.0,8.0,5.0,8.0,8.0,0.0,0.0,0.0,0.0,0.0,0.0,1.0,19.0,0.0,0.0,0.0,0.0,1.75,0.75,,,1.125,0.125,17.0,3.0,5.666664777778407,0.8499999575000021,0.0,0.0,1.0,0.0,0.0,0.0,0.0,0.0,0.0,1.0,1.0,0.9999990000010001,4.0,0.0,0.9999997500000625,23.0,1.4375,1.0,0.0,0.0,0.0,0.0,0.0,0.0,1.380952380952381,0.047619047619047616,0.14285714285714285,0.047619047619047616,2.0,0.09523809523809523,0.047619047619047616,0.1110992529293573
2022MND__2022-04-08-MND-S4__BotB4 - 2022-04-08 06-54-34 - time wrong (probably 4hrs early)_chunk5.mp4,2022MND,2022-04-08-MND-S4,2022-04-08-MND-S4,4,8,middle,1.0,0.0,True,False,False,True,0.32101120915812076,0.0,0.0,1.0,0.0,3.0,1.0,0.0,0.0,0.0,3.0,2.0,3.0,1.0,0.0,0.0,1.0,0.0,0.0,0.0,0.0,0.0,0.0,3.0,1.0,1.0,1.0,0.0,0.0,1.0,0.0,2.0,5.0,10.0,0.0,0.0,0.0,5.0,0.0,0.0,0.0,7.0,0.0,0.0,0.0,0.0,,,1.6,0.6,1.2,0.2,15.0,4.0,3.749999062500234,0.7894736426592819,0.0,0.0,0.0,0.0,0.0,0.0,0.0,0.0,0.0,0.0,0.0,0.0,7.0,0.0,0.9999998571428775,14.0,1.4,1.0,0.0,1.0,0.0,1000000.0,0.0,0.0,1.0,0.0,0.07142857142857142,0.0,2.4285714285714284,0.42857142857142855,0.42857142857142855,-0.37194099540947906
2022MND__2022-04-08-MND-S4__BotB4 - 2022-04-08 06-54-34 - time wrong (probably 4hrs early)_chunk6.mp4,2022MND,2022-04-08-MND-S4,2022-04-08-MND-S4,5,8,middle,1.0,0.0,True,False,False,True,0.36130952380952364,0.0,0.0,1.0,0.0,3.0,1.0,0.0,0.0,0.0,4.0,3.0,3.0,1.0,0.0,0.0,1.0,1.0,0.0,0.0,1.0,0.0,1.0,3.0,1.0,1.0,0.0,0.0,0.0,1.0,8.0,7.0,8.0,2.0,1.0,0.0,0.0,2.0,1.0,0.0,0.0,17.0,0.0,0.0,0.0,0.0,1.375,0.375,1.0,0.0,0.875,0.0,17.0,2.0,8.499995750002125,0.8947367950138528,0.0,0.0,0.0,1.0,0.0,0.0,0.0,0.0,0.0,0.0,0.0,0.0,3.0,4.0,0.4285713673469475,20.0,1.1111111111111112,0.9444444444444444,0.0,1.0,0.0,1000000.0,0.0,0.0,1.1176470588235294,0.058823529411764705,0.17647058823529413,0.23529411764705882,2.1176470588235294,0.11764705882352941,0.0,0.45299744331761177
2022MND__2022-04-08-MND-S4__BotB4 - 2022-04-08 06-54-34 - time wrong (probably 4hrs early)_chunk7.mp4,2022MND,2022-04-08-MND-S4,2022-04-08-MND-S4,6,8,middle,1.0,0.0,True,False,False,True,0.4256827183656451,0.0,1.0,0.0,0.0,4.0,1.0,0.0,0.0,1.0,4.0,4.0,3.0,1.0,0.0,1.0,1.0,0.0,1.0,0.0,1.0,0.0,1.0,3.0,1.0,1.0,1.0,1.0,0.0,2.0,13.0,2.0,2.0,13.0,6.0,2.0,2.0,4.0,0.0,0.0,0.0,18.0,0.0,0.0,0.0,0.0,1.3333333333333333,0.3333333333333333,1.5,0.5,1.0,0.0,27.0,4.0,6.749998312500422,0.8709677138397511,0.0,0.0,0.0,0.0,0.0,0.0,0.0,0.0,0.0,1.0,0.0,1000000.0,18.0,0.0,0.9999999444444475,23.0,1.3529411764705883,1.0,0.0,0.0,0.0,0.0,0.0,0.0,1.8928571428571428,0.21428571428571427,0.35714285714285715,0.2857142857142857,2.1785714285714284,0.17857142857142858,0.10714285714285714,1.5626252717967297
2022MND__2022-04-08-MND-S4__BotB4 - 2022-04-08 06-54-34 - time wrong (probably 4hrs early)_chunk8.mp4,2022MND,2022-04-08-MND-S4,2022-04-08-MND-S4,7,8,end,1.0,0.0,True,False,False,True,0.4936507936507937,1.0,1.0,0.0,0.0,3.0,0.0,0.0,0.0,0.0,4.0,4.0,2.0,0.0,0.0,0.0,0.0,0.0,0.0,0.0,0.0,0.0,1.0,,0.0,0.0,0.0,0.0,0.0,1.0,2.0,0.0,2.0,3.0,4.0,0.0,2.0,0.0,1.0,0.0,0.0,5.0,0.0,0.0,0.0,0.0,1.5,0.5,,,1.5,0.5,5.0,1.0,4.999995000005001,0.8333331944444675,0.0,0.0,0.0,1.0,0.0,0.0,0.0,0.0,0.0,0.0,1.0,0.0,1.0,0.0,0.9999990000010001,6.0,1.5,1.0,0.0,0.0,0.0,0.0,0.0,0.0,0.75,0.3333333333333333,0.3333333333333333,0.0,2.0833333333333335,0.08333333333333333,0.16666666666666666,0.8276735284063713
