session_group,conference_id,session_mean_num_extends_existing_idea,session_beginning_num_extends_existing_idea,session_middle_num_extends_existing_idea,session_end_num_extends_existing_idea,session_delta_num_extends_existing_idea,session_mean_num_ambiguous,session_beginning_num_ambiguous,session_middle_num_ambiguous,session_end_num_ambiguous,session_delta_num_ambiguous,session_mean_num_asks_rhetorical_question,session_beginning_num_asks_rhetorical_question,session_middle_num_asks_rhetorical_question,session_end_num_asks_rhetorical_question,session_delta_num_asks_rhetorical_question,session_mean_num_joint_framing,session_beginning_num_joint_framing,session_middle_num_joint_framing,session_end_num_joint_framing,session_delta_num_joint_framing,session_mean_num_supports_or_validates,session_beginning_num_supports_or_validates,session_middle_num_supports_or_validates,session_end_num_supports_or_validates,session_delta_num_supports_or_validates,session_mean_num_returns_to_earlier_idea,session_beginning_num_returns_to_earlier_idea,session_middle_num_returns_to_earlier_idea,session_end_num_returns_to_earlier_idea,session_delta_num_returns_to_earlier_idea,session_mean_num_proposes_process,session_beginning_num_proposes_process,session_middle_num_proposes_process,session_end_num_proposes_process,session_delta_num_proposes_process,session_mean_num_yields_floor,session_beginning_num_yields_floor,session_middle_num_yields_floor,session_end_num_yields_floor,session_delta_num_yields_floor,session_mean_num_invites_contribution,session_beginning_num_invites_contribution,session_middle_num_invites_contribution,session_end_num_invites_contribution,session_delta_num_invites_contribution,session_mean_num_proposes_new_idea,session_beginning_num_proposes_new_idea,session_middle_num_proposes_new_idea,session_end_num_proposes_new_idea,session_delta_num_proposes_new_idea,session_mean_num_expertise_complementarity,session_beginning_num_expertise_complementarity,session_middle_num_expertise_complementarity,session_end_num_expertise_complementarity,session_delta_num_expertise_complementarity,session_mean_num_individual_framing,session_beginning_num_individual_framing,session_middle_num_individual_framing,session_end_num_individual_framing,session_delta_num_individual_framing,session_mean_num_frames_shared_problem,session_beginning_num_frames_shared_problem,session_middle_num_frames_shared_problem,session_end_num_frames_shared_problem,session_delta_num_frames_shared_problem,session_mean_num_checks_consensus,session_beginning_num_checks_consensus,session_middle_num_checks_consensus,session_end_num_checks_consensus,session_delta_num_checks_consensus,session_mean_num_shares_domain_knowledge,session_beginning_num_shares_domain_knowledge,session_middle_num_shares_domain_knowledge,session_end_num_shares_domain_knowledge,session_delta_num_shares_domain_knowledge,session_mean_num_synthesizes_contributions,session_beginning_num_synthesizes_contributions,session_middle_num_synthesizes_contributions,session_end_num_synthesizes_contributions,session_delta_num_synthesizes_contributions,session_mean_num_societal_significance,session_beginning_num_societal_significance,session_middle_num_societal_significance,session_end_num_societal_significance,session_delta_num_societal_significance,session_mean_num_shares_personal_experience,session_beginning_num_shares_personal_experience,session_middle_num_shares_personal_experience,session_end_num_shares_personal_experience,session_delta_num_shares_personal_experience,session_mean_num_explicit_role_assignment,session_beginning_num_explicit_role_assignment,session_middle_num_explicit_role_assignment,session_end_num_explicit_role_assignment,session_delta_num_explicit_role_assignment,session_mean_num_uses_humor,session_beginning_num_uses_humor,session_middle_num_uses_humor,session_end_num_uses_humor,session_delta_num_uses_humor,session_mean_num_scope_calibration,session_beginning_num_scope_calibration,session_middle_num_scope_calibration,session_end_num_scope_calibration,session_delta_num_scope_calibration,session_mean_num_raises_concern,session_beginning_num_raises_concern,session_middle_num_raises_concern,session_end_num_raises_concern,session_delta_num_raises_concern,session_mean_num_critiques_or_challenges,session_beginning_num_critiques_or_challenges,session_middle_num_critiques_or_challenges,session_end_num_critiques_or_challenges,session_delta_num_critiques_or_challenges,session_mean_num_redirects_idea,session_beginning_num_redirects_idea,session_middle_num_redirects_idea,session_end_num_redirects_idea,session_delta_num_redirects_idea,session_mean_num_None,session_beginning_num_None,session_middle_num_None,session_end_num_None,session_delta_num_None,session_mean_num_asks_clarifying_question,session_beginning_num_asks_clarifying_question,session_middle_num_asks_clarifying_question,session_end_num_asks_clarifying_question,session_delta_num_asks_clarifying_question,session_mean_num_shares_data_or_findings,session_beginning_num_shares_data_or_findings,session_middle_num_shares_data_or_findings,session_end_num_shares_data_or_findings,session_delta_num_shares_data_or_findings,session_mean_num_asks_factual_question,session_beginning_num_asks_factual_question,session_middle_num_asks_factual_question,session_end_num_asks_factual_question,session_delta_num_asks_factual_question,session_mean_num_redirects_speaker,session_beginning_num_redirects_speaker,session_middle_num_redirects_speaker,session_end_num_redirects_speaker,session_delta_num_redirects_speaker,session_mean_num_vague_future_reference,session_beginning_num_vague_future_reference,session_middle_num_vague_future_reference,session_end_num_vague_future_reference,session_delta_num_vague_future_reference,session_mean_num_setback_response_defends,session_beginning_num_setback_response_defends,session_middle_num_setback_response_defends,session_end_num_setback_response_defends,session_delta_num_setback_response_defends,session_mean_num_combines_ideas,session_beginning_num_combines_ideas,session_middle_num_combines_ideas,session_end_num_combines_ideas,session_delta_num_combines_ideas,session_mean_num_translates_terminology,session_beginning_num_translates_terminology,session_middle_num_translates_terminology,session_end_num_translates_terminology,session_delta_num_translates_terminology,session_mean_num_attributes_to_other,session_beginning_num_attributes_to_other,session_middle_num_attributes_to_other,session_end_num_attributes_to_other,session_delta_num_attributes_to_other,session_mean_num_connects_methods,session_beginning_num_connects_methods,session_middle_num_connects_methods,session_end_num_connects_methods,session_delta_num_connects_methods,session_mean_num_asks_for_opinion,session_beginning_num_asks_for_opinion,session_middle_num_asks_for_opinion,session_end_num_asks_for_opinion,session_delta_num_asks_for_opinion,session_mean_num_setback_response_accepts_builds,session_beginning_num_setback_response_accepts_builds,session_middle_num_setback_response_accepts_builds,session_end_num_setback_response_accepts_builds,session_delta_num_setback_response_accepts_builds,session_mean_num_asks_for_elaboration,session_beginning_num_asks_for_elaboration,session_middle_num_asks_for_elaboration,session_end_num_asks_for_elaboration,session_delta_num_asks_for_elaboration,session_mean_num_expresses_appreciation,session_beginning_num_expresses_appreciation,session_middle_num_expresses_appreciation,session_end_num_expresses_appreciation,session_delta_num_expresses_appreciation,session_mean_num_records_or_documents,session_beginning_num_records_or_documents,session_middle_num_records_or_documents,session_end_num_records_or_documents,session_delta_num_records_or_documents,session_mean_num_summarizes_for_group,session_beginning_num_summarizes_for_group,session_middle_num_summarizes_for_group,session_end_num_summarizes_for_group,session_delta_num_summarizes_for_group,session_mean_num_manages_tension,session_beginning_num_manages_tension,session_middle_num_manages_tension,session_end_num_manages_tension,session_delta_num_manages_tension,session_mean_num_specific_future_plan,session_beginning_num_specific_future_plan,session_middle_num_specific_future_plan,session_end_num_specific_future_plan,session_delta_num_specific_future_plan,session_mean_num_identifies_common_ground,session_beginning_num_identifies_common_ground,session_middle_num_identifies_common_ground,session_end_num_identifies_common_ground,session_delta_num_identifies_common_ground,session_mean_num_funding_priority_alignment,session_beginning_num_funding_priority_alignment,session_middle_num_funding_priority_alignment,session_end_num_funding_priority_alignment,session_delta_num_funding_priority_alignment,session_mean_num_resolves_contradiction,session_beginning_num_resolves_contradiction,session_middle_num_resolves_contradiction,session_end_num_resolves_contradiction,session_delta_num_resolves_contradiction,session_mean_num_shares_method_or_approach,session_beginning_num_shares_method_or_approach,session_middle_num_shares_method_or_approach,session_end_num_shares_method_or_approach,session_delta_num_shares_method_or_approach,session_mean_num_proposes_next_step,session_beginning_num_proposes_next_step,session_middle_num_proposes_next_step,session_end_num_proposes_next_step,session_delta_num_proposes_next_step,session_mean_num_encourages_participation,session_beginning_num_encourages_participation,session_middle_num_encourages_participation,session_end_num_encourages_participation,session_delta_num_encourages_participation,session_mean_num_compares_options,session_beginning_num_compares_options,session_middle_num_compares_options,session_end_num_compares_options,session_delta_num_compares_options,session_mean_num_setback_response_explores,session_beginning_num_setback_response_explores,session_middle_num_setback_response_explores,session_end_num_setback_response_explores,session_delta_num_setback_response_explores,session_mean_num_reframes_cross_disciplinarily,session_beginning_num_reframes_cross_disciplinarily,session_middle_num_reframes_cross_disciplinarily,session_end_num_reframes_cross_disciplinarily,session_delta_num_reframes_cross_disciplinarily,session_mean_num_setback_response_redirects,session_beginning_num_setback_response_redirects,session_middle_num_setback_response_redirects,session_end_num_setback_response_redirects,session_delta_num_setback_response_redirects,session_mean_num_implicit_role_suggestion,session_beginning_num_implicit_role_suggestion,session_middle_num_implicit_role_suggestion,session_end_num_implicit_role_suggestion,session_delta_num_implicit_role_suggestion,session_mean_num_expresses_enthusiasm,session_beginning_num_expresses_enthusiasm,session_middle_num_expresses_enthusiasm,session_end_num_expresses_enthusiasm,session_delta_num_expresses_enthusiasm,session_mean_num_challenges_attribution,session_beginning_num_challenges_attribution,session_middle_num_challenges_attribution,session_end_num_challenges_attribution,session_delta_num_challenges_attribution,session_mean_num_calls_for_decision,session_beginning_num_calls_for_decision,session_middle_num_calls_for_decision,session_end_num_calls_for_decision,session_delta_num_calls_for_decision,session_mean_num_novelty_recognized_other,session_beginning_num_novelty_recognized_other,session_middle_num_novelty_recognized_other,session_end_num_novelty_recognized_other,session_delta_num_novelty_recognized_other,session_mean_num_method_complementarity,session_beginning_num_method_complementarity,session_middle_num_method_complementarity,session_end_num_method_complementarity,session_delta_num_method_complementarity,session_mean_num_field_significance,session_beginning_num_field_significance,session_middle_num_field_significance,session_end_num_field_significance,session_delta_num_field_significance,session_mean_num_devil_advocate,session_beginning_num_devil_advocate,session_middle_num_devil_advocate,session_end_num_devil_advocate,session_delta_num_devil_advocate,session_mean_num_gatekeeps,session_beginning_num_gatekeeps,session_middle_num_gatekeeps,session_end_num_gatekeeps,session_delta_num_gatekeeps,session_mean_num_claims_own_idea,session_beginning_num_claims_own_idea,session_middle_num_claims_own_idea,session_end_num_claims_own_idea,session_delta_num_claims_own_idea,session_mean_num_defends,session_beginning_num_defends,session_middle_num_defends,session_end_num_defends,session_delta_num_defends,session_mean_num_novelty_recognized_self,session_beginning_num_novelty_recognized_self,session_middle_num_novelty_recognized_self,session_end_num_novelty_recognized_self,session_delta_num_novelty_recognized_self,session_mean_num_named_next_step,session_beginning_num_named_next_step,session_middle_num_named_next_step,session_end_num_named_next_step,session_delta_num_named_next_step,session_mean_num_explores_possibility,session_beginning_num_explores_possibility,session_middle_num_explores_possibility,session_end_num_explores_possibility,session_delta_num_explores_possibility,session_mean_num_resource_complementarity,session_beginning_num_resource_complementarity,session_middle_num_resource_complementarity,session_end_num_resource_complementarity,session_delta_num_resource_complementarity,session_mean_num_shares_factual_knowledge,session_beginning_num_shares_factual_knowledge,session_middle_num_shares_factual_knowledge,session_end_num_shares_factual_knowledge,session_delta_num_shares_factual_knowledge,session_mean_num_evaluates,session_beginning_num_evaluates,session_middle_num_evaluates,session_end_num_evaluates,session_delta_num_evaluates,num_teams,num_funded_teams,has_teams,has_funded_teams
2020_11_05_NES_S1,2020NES,2.875,0.0,5.25,1.0,1.0,5.875,11.5,4.0,4.0,-7.5,0.125,0.0,0.25,0.0,0.0,4.125,4.0,6.25,0.0,-4.0,1.875,2.0,2.75,0.0,-2.0,0.625,0.0,1.25,0.0,0.0,1.25,0.0,2.5,0.0,0.0,0.0,0.0,0.0,0.0,0.0,1.375,0.5,1.75,1.5,1.0,2.0,2.5,2.25,1.0,-1.5,0.25,0.0,0.5,0.0,0.0,3.5,5.0,3.5,2.0,-3.0,0.5,1.0,0.5,0.0,-1.0,0.25,0.0,0.5,0.0,0.0,4.875,9.5,4.0,2.0,-7.5,0.875,1.0,1.0,0.5,-0.5,0.125,0.5,0.0,0.0,-0.5,0.25,0.0,0.5,0.0,0.0,0.0,0.0,0.0,0.0,0.0,0.5,0.5,0.5,0.5,0.0,0.25,0.5,0.25,0.0,-0.5,1.375,2.0,1.75,0.0,-2.0,0.875,1.5,0.75,0.5,-1.0,0.0,0.0,0.0,0.0,0.0,0.75,3.0,0.0,0.0,-3.0,0.5,1.0,0.5,0.0,-1.0,0.0,0.0,0.0,0.0,0.0,1.75,1.5,2.25,1.0,-0.5,0.125,0.0,0.0,0.5,0.5,0.0,0.0,0.0,0.0,0.0,0.125,0.5,0.0,0.0,-0.5,0.625,1.0,0.75,0.0,-1.0,0.0,0.0,0.0,0.0,0.0,0.375,0.5,0.5,0.0,-0.5,0.0,0.0,0.0,0.0,0.0,0.75,1.0,0.75,0.5,-0.5,0.125,0.0,0.25,0.0,0.0,0.125,0.0,0.25,0.0,0.0,0.375,0.0,0.25,1.0,1.0,0.25,0.0,0.5,0.0,0.0,0.0,0.0,0.0,0.0,0.0,0.0,0.0,0.0,0.0,0.0,0.0,0.0,0.0,0.0,0.0,0.375,0.5,0.5,0.0,-0.5,0.375,1.0,0.25,0.0,-1.0,0.125,0.5,0.0,0.0,-0.5,0.25,0.5,0.0,0.5,0.0,0.25,0.0,0.5,0.0,0.0,0.375,0.0,0.5,0.5,0.5,0.125,0.0,0.25,0.0,0.0,0.25,0.5,0.25,0.0,-0.5,0.0,0.0,0.0,0.0,0.0,0.0,0.0,0.0,0.0,0.0,0.0,0.0,0.0,0.0,0.0,0.0,0.0,0.0,0.0,0.0,0.0,0.0,0.0,0.0,0.0,0.0,0.0,0.0,0.0,0.0,0.0,0.0,0.0,0.0,0.0,0.0,0.0,0.0,0.0,0.0,0.0,0.0,0.0,0.0,0.0,0.0,0.0,0.0,0.0,0.0,0.0,0.0,0.0,0.0,0.0,0.0,0.0,0.0,0.0,0.0,0.0,0.0,0.0,0.0,0.0,0.0,0.0,0.0,0.0,0.0,0.0,0.0,0.0,0.0,0.0,0.0,0.0,0.0,0.0,0.0,0.0,0.0,0.0,0.0,0.0,0.0,0.0,0.0,0.0,0.0,0.0,0.0,0.0,0.0,0.0,1,0,True,False
2020_11_05_NES_S2,2020NES,2.75,1.0,2.6666666666666665,5.0,4.0,3.25,0.0,4.0,2.0,2.0,0.0,0.0,0.0,0.0,0.0,3.625,0.0,4.166666666666667,4.0,4.0,1.75,0.0,2.3333333333333335,0.0,0.0,0.25,0.0,0.3333333333333333,0.0,0.0,1.0,4.0,0.6666666666666666,0.0,-4.0,1.625,10.0,0.3333333333333333,1.0,-9.0,1.25,4.0,0.8333333333333334,1.0,-3.0,1.625,1.0,1.8333333333333333,1.0,0.0,0.0,0.0,0.0,0.0,0.0,5.75,13.0,5.166666666666667,2.0,-11.0,0.5,0.0,0.6666666666666666,0.0,0.0,0.125,0.0,0.0,1.0,1.0,4.25,11.0,3.5,2.0,-9.0,0.375,0.0,0.5,0.0,0.0,0.375,0.0,0.16666666666666666,2.0,2.0,0.5,1.0,0.3333333333333333,1.0,0.0,0.375,2.0,0.0,1.0,-1.0,0.75,0.0,0.6666666666666666,2.0,2.0,0.0,0.0,0.0,0.0,0.0,0.625,0.0,0.6666666666666666,1.0,1.0,0.375,0.0,0.5,0.0,0.0,0.25,0.0,0.3333333333333333,0.0,0.0,2.0,0.0,2.6666666666666665,0.0,0.0,0.25,0.0,0.3333333333333333,0.0,0.0,0.125,0.0,0.16666666666666666,0.0,0.0,1.0,0.0,1.3333333333333333,0.0,0.0,0.5,4.0,0.0,0.0,-4.0,0.0,0.0,0.0,0.0,0.0,0.0,0.0,0.0,0.0,0.0,0.25,0.0,0.3333333333333333,0.0,0.0,0.125,0.0,0.16666666666666666,0.0,0.0,0.0,0.0,0.0,0.0,0.0,0.125,0.0,0.0,1.0,1.0,0.5,1.0,0.5,0.0,-1.0,0.0,0.0,0.0,0.0,0.0,0.0,0.0,0.0,0.0,0.0,0.0,0.0,0.0,0.0,0.0,0.375,2.0,0.0,1.0,-1.0,0.0,0.0,0.0,0.0,0.0,0.125,0.0,0.16666666666666666,0.0,0.0,0.0,0.0,0.0,0.0,0.0,0.25,1.0,0.16666666666666666,0.0,-1.0,0.25,0.0,0.3333333333333333,0.0,0.0,0.0,0.0,0.0,0.0,0.0,0.25,0.0,0.3333333333333333,0.0,0.0,0.25,0.0,0.16666666666666666,1.0,1.0,0.0,0.0,0.0,0.0,0.0,0.25,0.0,0.3333333333333333,0.0,0.0,0.0,0.0,0.0,0.0,0.0,0.125,0.0,0.16666666666666666,0.0,0.0,0.125,0.0,0.16666666666666666,0.0,0.0,0.125,0.0,0.0,1.0,1.0,0.0,0.0,0.0,0.0,0.0,0.0,0.0,0.0,0.0,0.0,0.125,0.0,0.0,1.0,1.0,0.0,0.0,0.0,0.0,0.0,0.0,0.0,0.0,0.0,0.0,0.0,0.0,0.0,0.0,0.0,0.125,0.0,0.16666666666666666,0.0,0.0,0.0,0.0,0.0,0.0,0.0,0.0,0.0,0.0,0.0,0.0,0.0,0.0,0.0,0.0,0.0,0.125,0.0,0.16666666666666666,0.0,0.0,0.0,0.0,0.0,0.0,0.0,0.0,0.0,0.0,0.0,0.0,0.0,0.0,0.0,0.0,0.0,0.0,0.0,0.0,0.0,0.0,0.0,0.0,0.0,0.0,0.0,3,0,True,False
2020_11_05_NES_S3,2020NES,2.5714285714285716,1.5,3.0,2.0,0.5,6.285714285714286,2.5,8.5,3.5,1.0,0.0,0.0,0.0,0.0,0.0,4.285714285714286,3.5,4.0,6.0,2.5,2.857142857142857,2.0,2.25,4.5,2.5,0.14285714285714285,0.0,0.0,0.5,0.5,0.8571428571428571,2.0,0.0,2.5,0.5,0.2857142857142857,0.5,0.25,0.0,-0.5,1.8571428571428572,3.0,1.0,2.5,-0.5,1.8571428571428572,1.5,2.5,0.5,-1.0,0.5714285714285714,1.0,0.5,0.0,-1.0,4.571428571428571,4.5,3.25,5.5,1.0,0.5714285714285714,1.5,0.25,0.5,-1.0,0.14285714285714285,0.0,0.0,0.5,0.5,2.5714285714285716,3.5,2.75,2.5,-1.0,1.2857142857142858,0.5,0.75,2.5,2.0,0.0,0.0,0.0,0.0,0.0,0.0,0.0,0.0,0.0,0.0,0.0,0.0,0.0,0.0,0.0,0.5714285714285714,0.5,0.5,1.0,0.5,0.2857142857142857,0.5,0.25,0.5,0.0,0.5714285714285714,0.5,0.5,0.5,0.0,0.2857142857142857,0.0,0.5,0.0,0.0,0.14285714285714285,0.0,0.25,0.0,0.0,2.5714285714285716,0.0,4.5,0.0,0.0,1.0,2.5,0.5,1.0,-1.5,0.2857142857142857,1.0,0.0,0.0,-1.0,1.1428571428571428,0.5,1.75,0.0,-0.5,0.2857142857142857,1.0,0.0,0.0,-1.0,0.14285714285714285,0.0,0.25,0.0,0.0,0.0,0.0,0.0,0.0,0.0,0.7142857142857143,0.0,0.75,1.0,1.0,0.0,0.0,0.0,0.0,0.0,0.2857142857142857,0.0,0.5,0.0,0.0,0.2857142857142857,0.0,0.5,0.0,0.0,0.42857142857142855,0.5,0.25,1.0,0.5,0.0,0.0,0.0,0.0,0.0,0.0,0.0,0.0,0.0,0.0,0.8571428571428571,0.0,0.0,3.0,3.0,0.42857142857142855,0.0,0.0,1.5,1.5,0.0,0.0,0.0,0.0,0.0,0.0,0.0,0.0,0.0,0.0,0.2857142857142857,0.0,0.0,1.0,1.0,0.14285714285714285,0.0,0.25,0.0,0.0,0.14285714285714285,0.0,0.25,0.0,0.0,0.14285714285714285,0.0,0.0,0.5,0.5,0.0,0.0,0.0,0.0,0.0,0.0,0.0,0.0,0.0,0.0,0.5714285714285714,0.5,0.75,0.5,0.0,0.0,0.0,0.0,0.0,0.0,0.0,0.0,0.0,0.0,0.0,0.14285714285714285,0.0,0.25,0.0,0.0,0.0,0.0,0.0,0.0,0.0,0.14285714285714285,0.0,0.25,0.0,0.0,0.0,0.0,0.0,0.0,0.0,0.0,0.0,0.0,0.0,0.0,0.0,0.0,0.0,0.0,0.0,0.0,0.0,0.0,0.0,0.0,0.0,0.0,0.0,0.0,0.0,0.0,0.0,0.0,0.0,0.0,0.0,0.0,0.0,0.0,0.0,0.14285714285714285,0.0,0.0,0.5,0.5,0.0,0.0,0.0,0.0,0.0,0.0,0.0,0.0,0.0,0.0,0.0,0.0,0.0,0.0,0.0,0.0,0.0,0.0,0.0,0.0,0.0,0.0,0.0,0.0,0.0,0.0,0.0,0.0,0.0,0.0,0.0,0.0,0.0,0.0,0.0,0.0,0.0,0.0,0.0,0.0,3,1,True,True
2020_11_05_NES_S4,2020NES,2.3333333333333335,1.1666666666666667,4.0,0.8333333333333334,-0.33333333333333337,3.3333333333333335,0.6666666666666666,6.5,1.8333333333333333,1.1666666666666665,0.16666666666666666,0.0,0.25,0.16666666666666666,0.16666666666666666,3.25,1.0,7.5,0.6666666666666666,-0.33333333333333337,0.8333333333333334,0.16666666666666666,2.0,0.16666666666666666,0.0,0.3333333333333333,0.0,0.75,0.16666666666666666,0.16666666666666666,1.1666666666666667,1.5,0.75,1.5,0.0,0.08333333333333333,0.0,0.0,0.16666666666666666,0.16666666666666666,1.3333333333333333,2.1666666666666665,0.75,0.5,-1.6666666666666665,0.6666666666666666,0.16666666666666666,1.25,0.3333333333333333,0.16666666666666666,0.0,0.0,0.0,0.0,0.0,2.8333333333333335,2.3333333333333335,4.5,0.5,-1.8333333333333335,0.4166666666666667,0.16666666666666666,0.75,0.3333333333333333,0.16666666666666666,0.25,0.0,0.5,0.16666666666666666,0.16666666666666666,3.75,3.0,5.5,0.8333333333333334,-2.1666666666666665,0.5833333333333334,0.16666666666666666,1.25,0.16666666666666666,0.0,0.0,0.0,0.0,0.0,0.0,0.16666666666666666,0.16666666666666666,0.25,0.16666666666666666,0.0,0.16666666666666666,0.3333333333333333,0.0,0.3333333333333333,0.0,0.3333333333333333,0.16666666666666666,0.5,0.16666666666666666,0.0,0.16666666666666666,0.0,0.25,0.16666666666666666,0.16666666666666666,0.25,0.16666666666666666,0.5,0.0,-0.16666666666666666,0.3333333333333333,0.0,0.75,0.16666666666666666,0.16666666666666666,0.25,0.0,0.75,0.0,0.0,0.08333333333333333,0.0,0.25,0.0,0.0,0.5833333333333334,0.16666666666666666,1.5,0.16666666666666666,0.0,0.0,0.0,0.0,0.0,0.0,0.3333333333333333,0.16666666666666666,0.75,0.16666666666666666,0.0,0.0,0.0,0.0,0.0,0.0,0.08333333333333333,0.0,0.25,0.0,0.0,0.0,0.0,0.0,0.0,0.0,0.3333333333333333,0.0,1.0,0.0,0.0,0.0,0.0,0.0,0.0,0.0,0.08333333333333333,0.0,0.25,0.0,0.0,0.0,0.0,0.0,0.0,0.0,0.8333333333333334,0.16666666666666666,2.0,0.16666666666666666,0.0,0.0,0.0,0.0,0.0,0.0,0.16666666666666666,0.0,0.5,0.0,0.0,0.5833333333333334,1.1666666666666667,0.0,1.1666666666666667,0.0,0.0,0.0,0.0,0.0,0.0,0.08333333333333333,0.0,0.0,0.16666666666666666,0.16666666666666666,0.0,0.0,0.0,0.0,0.0,0.08333333333333333,0.16666666666666666,0.0,0.0,-0.16666666666666666,0.25,0.0,0.25,0.3333333333333333,0.3333333333333333,0.25,0.16666666666666666,0.5,0.16666666666666666,0.0,0.16666666666666666,0.0,0.5,0.0,0.0,0.08333333333333333,0.0,0.25,0.0,0.0,0.25,0.16666666666666666,0.25,0.3333333333333333,0.16666666666666666,0.25,0.0,0.5,0.16666666666666666,0.16666666666666666,0.3333333333333333,0.0,1.0,0.0,0.0,0.0,0.0,0.0,0.0,0.0,0.0,0.0,0.0,0.0,0.0,0.0,0.0,0.0,0.0,0.0,0.08333333333333333,0.16666666666666666,0.0,0.0,-0.16666666666666666,0.3333333333333333,0.16666666666666666,0.75,0.16666666666666666,0.0,0.0,0.0,0.0,0.0,0.0,0.08333333333333333,0.0,0.25,0.0,0.0,0.08333333333333333,0.0,0.25,0.0,0.0,0.08333333333333333,0.16666666666666666,0.0,0.16666666666666666,0.0,0.0,0.0,0.0,0.0,0.0,0.0,0.0,0.0,0.0,0.0,0.0,0.0,0.0,0.0,0.0,0.0,0.0,0.0,0.0,0.0,0.0,0.0,0.0,0.0,0.0,0.0,0.0,0.0,0.0,0.0,0.0,0.0,0.0,0.0,0.0,0.0,0.0,0.0,0.0,0.0,0.0,0.0,0.0,0.0,0.0,0.0,0.0,0.0,0.0,0.0,0.0,0.0,0.0,0.0,0.0,3,2,True,True
2020_11_05_NES_S5,2020NES,2.3,2.5,3.25,1.5,-1.0,2.1,0.25,5.0,0.25,0.0,0.3,0.75,0.0,0.5,-0.25,3.7,4.75,4.0,2.75,-2.0,1.1,0.25,1.5,1.25,1.0,0.6,0.25,1.0,0.5,0.25,1.8,1.75,0.25,3.5,1.75,0.1,0.25,0.0,0.25,0.0,2.2,2.25,0.75,3.0,0.75,0.9,1.25,1.0,0.5,-0.75,0.3,0.75,0.0,0.5,-0.25,3.7,2.75,5.25,2.0,-0.75,0.4,0.5,0.5,0.5,0.0,0.1,0.25,0.0,0.25,0.0,3.2,2.5,4.5,1.25,-1.25,0.7,0.75,0.75,0.5,-0.25,0.1,0.25,0.0,0.25,0.0,1.5,0.75,1.5,1.5,0.75,0.4,0.0,0.0,1.0,1.0,1.4,0.0,0.5,3.0,3.0,0.6,0.25,1.0,0.25,0.0,0.6,0.75,0.75,0.0,-0.75,0.5,0.25,1.0,0.0,-0.25,0.2,0.25,0.25,0.0,-0.25,0.8,0.0,2.0,0.0,0.0,0.2,0.0,0.25,0.25,0.25,0.2,0.0,0.5,0.0,0.0,0.3,0.0,0.75,0.0,0.0,0.1,0.0,0.25,0.0,0.0,0.4,0.0,0.25,0.75,0.75,0.1,0.0,0.25,0.0,0.0,0.1,0.0,0.25,0.0,0.0,0.1,0.0,0.25,0.0,0.0,0.1,0.0,0.25,0.0,0.0,0.1,0.0,0.25,0.0,0.0,0.3,0.0,0.5,0.25,0.25,0.1,0.0,0.25,0.0,0.0,0.1,0.0,0.25,0.0,0.0,1.2,0.0,0.25,2.75,2.75,0.1,0.0,0.0,0.25,0.25,0.1,0.0,0.0,0.25,0.25,0.1,0.0,0.0,0.25,0.25,0.1,0.0,0.0,0.25,0.25,0.1,0.0,0.0,0.25,0.25,0.0,0.0,0.0,0.0,0.0,0.0,0.0,0.0,0.0,0.0,0.0,0.0,0.0,0.0,0.0,0.0,0.0,0.0,0.0,0.0,0.0,0.0,0.0,0.0,0.0,0.0,0.0,0.0,0.0,0.0,0.0,0.0,0.0,0.0,0.0,0.0,0.0,0.0,0.0,0.0,0.0,0.0,0.0,0.0,0.0,0.0,0.0,0.0,0.0,0.0,0.0,0.0,0.0,0.0,0.0,0.0,0.0,0.0,0.0,0.0,0.0,0.0,0.0,0.0,0.0,0.0,0.0,0.0,0.0,0.0,0.0,0.0,0.0,0.0,0.0,0.0,0.0,0.0,0.0,0.0,0.0,0.0,0.0,0.0,0.0,0.0,0.0,0.0,0.0,0.0,0.0,0.0,0.0,0.0,0.0,0.0,0.0,0.0,0.0,0.0,0.0,0.0,0.0,0.0,0.0,0.0,0.0,0.0,0.0,0.0,0.0,0.0,0.0,0.0,0.0,0.0,0.0,0.0,0.0,0.0,0.0,0.0,0.0,0.0,0.0,0.0,0.0,0.0,0.0,0.0,4,2,True,True
2020_11_05_NES_S6,2020NES,1.2727272727272727,1.0,2.5,0.8333333333333334,-0.16666666666666663,3.0,3.6666666666666665,4.0,0.6666666666666666,-3.0,0.09090909090909091,0.16666666666666666,0.0,0.0,-0.16666666666666666,3.272727272727273,1.5,11.0,1.5,0.0,1.0,0.8333333333333334,2.0,0.3333333333333333,-0.5,0.36363636363636365,0.16666666666666666,0.5,0.3333333333333333,0.16666666666666666,0.45454545454545453,0.6666666666666666,0.5,0.5,-0.16666666666666663,0.45454545454545453,0.3333333333333333,0.5,0.3333333333333333,0.0,2.5454545454545454,3.5,3.0,2.5,-1.0,1.2727272727272727,0.8333333333333334,3.5,0.6666666666666666,-0.16666666666666674,0.45454545454545453,0.5,0.5,0.16666666666666666,-0.33333333333333337,3.4545454545454546,4.333333333333333,4.5,3.0,-1.333333333333333,0.18181818181818182,0.3333333333333333,0.0,0.3333333333333333,0.0,0.36363636363636365,0.16666666666666666,1.0,0.16666666666666666,0.0,2.3636363636363638,3.5,2.0,2.3333333333333335,-1.1666666666666665,1.4545454545454546,1.8333333333333333,2.0,0.3333333333333333,-1.5,0.0,0.0,0.0,0.0,0.0,0.5454545454545454,0.6666666666666666,1.0,0.3333333333333333,-0.3333333333333333,0.0,0.0,0.0,0.0,0.0,0.2727272727272727,0.16666666666666666,1.0,0.16666666666666666,0.0,0.09090909090909091,0.0,0.0,0.16666666666666666,0.16666666666666666,1.0,0.6666666666666666,2.5,0.3333333333333333,-0.3333333333333333,0.09090909090909091,0.16666666666666666,0.0,0.16666666666666666,0.0,0.09090909090909091,0.0,0.5,0.0,0.0,0.18181818181818182,0.0,0.0,0.3333333333333333,0.3333333333333333,0.45454545454545453,0.0,2.0,0.16666666666666666,0.16666666666666666,0.09090909090909091,0.0,0.5,0.0,0.0,0.0,0.0,0.0,0.0,0.0,0.36363636363636365,0.5,0.5,0.3333333333333333,-0.16666666666666669,0.0,0.0,0.0,0.0,0.0,0.0,0.0,0.0,0.0,0.0,0.09090909090909091,0.0,0.5,0.0,0.0,0.0,0.0,0.0,0.0,0.0,0.09090909090909091,0.0,0.5,0.0,0.0,0.7272727272727273,0.3333333333333333,2.0,0.5,0.16666666666666669,0.6363636363636364,0.6666666666666666,1.5,0.0,-0.6666666666666666,0.0,0.0,0.0,0.0,0.0,0.0,0.0,0.0,0.0,0.0,0.2727272727272727,0.0,0.0,0.5,0.5,0.09090909090909091,0.16666666666666666,0.0,0.16666666666666666,0.0,0.0,0.0,0.0,0.0,0.0,0.0,0.0,0.0,0.0,0.0,0.0,0.0,0.0,0.0,0.0,0.45454545454545453,0.3333333333333333,1.0,0.16666666666666666,-0.16666666666666666,0.2727272727272727,0.16666666666666666,0.5,0.16666666666666666,0.0,0.0,0.0,0.0,0.0,0.0,0.7272727272727273,1.1666666666666667,0.5,0.16666666666666666,-1.0,0.2727272727272727,0.3333333333333333,0.0,0.3333333333333333,0.0,0.18181818181818182,0.16666666666666666,0.0,0.16666666666666666,0.0,0.0,0.0,0.0,0.0,0.0,0.0,0.0,0.0,0.0,0.0,0.18181818181818182,0.0,1.0,0.0,0.0,0.0,0.0,0.0,0.0,0.0,0.0,0.0,0.0,0.0,0.0,0.36363636363636365,0.3333333333333333,1.0,0.16666666666666666,-0.16666666666666666,0.0,0.0,0.0,0.0,0.0,0.0,0.0,0.0,0.0,0.0,0.0,0.0,0.0,0.0,0.0,0.18181818181818182,0.0,1.0,0.0,0.0,0.0,0.0,0.0,0.0,0.0,0.0,0.0,0.0,0.0,0.0,0.0,0.0,0.0,0.0,0.0,0.0,0.0,0.0,0.0,0.0,0.0,0.0,0.0,0.0,0.0,0.0,0.0,0.0,0.0,0.0,0.0,0.0,0.0,0.0,0.0,0.0,0.0,0.0,0.0,0.0,0.0,0.0,0.0,0.0,0.0,0.0,0.0,0.0,0.0,0.0,0.0,0.0,0.0,0.0,0.0,3,0,True,False
2020_11_06_NES_S1,2020NES,2.7777777777777777,2.0,5.333333333333333,1.0,-1.0,1.7777777777777777,1.75,3.0,1.0,-0.75,0.0,0.0,0.0,0.0,0.0,3.111111111111111,3.75,4.0,0.75,-3.0,1.3333333333333333,2.25,1.0,0.75,-1.5,0.1111111111111111,0.25,0.0,0.0,-0.25,0.4444444444444444,0.75,0.3333333333333333,0.75,0.0,0.1111111111111111,0.0,0.3333333333333333,0.0,0.0,0.3333333333333333,0.5,0.3333333333333333,0.25,-0.25,2.5555555555555554,3.5,3.0,1.0,-2.5,0.0,0.0,0.0,0.0,0.0,5.111111111111111,4.0,9.666666666666666,2.0,-2.0,0.3333333333333333,0.5,0.3333333333333333,0.0,-0.5,0.0,0.0,0.0,0.0,0.0,2.7777777777777777,3.0,4.333333333333333,1.75,-1.25,0.6666666666666666,1.25,0.3333333333333333,0.75,-0.5,0.0,0.0,0.0,0.0,0.0,0.2222222222222222,0.25,0.0,0.25,0.0,0.0,0.0,0.0,0.0,0.0,0.2222222222222222,0.0,0.3333333333333333,0.25,0.25,0.0,0.0,0.0,0.0,0.0,0.8888888888888888,0.75,1.6666666666666667,0.0,-0.75,0.1111111111111111,0.0,0.3333333333333333,0.0,0.0,0.0,0.0,0.0,0.0,0.0,2.4444444444444446,0.0,0.6666666666666666,5.0,5.0,0.7777777777777778,0.25,2.0,0.0,-0.25,0.1111111111111111,0.0,0.3333333333333333,0.0,0.0,0.7777777777777778,0.5,1.3333333333333333,0.75,0.25,0.0,0.0,0.0,0.0,0.0,0.1111111111111111,0.25,0.0,0.0,-0.25,0.0,0.0,0.0,0.0,0.0,0.4444444444444444,0.0,1.3333333333333333,0.0,0.0,0.0,0.0,0.0,0.0,0.0,0.4444444444444444,0.5,0.6666666666666666,0.0,-0.5,0.3333333333333333,0.25,0.6666666666666666,0.0,-0.25,0.3333333333333333,0.5,0.3333333333333333,0.0,-0.5,0.1111111111111111,0.25,0.0,0.0,-0.25,0.4444444444444444,0.25,1.0,0.25,0.0,0.0,0.0,0.0,0.0,0.0,0.0,0.0,0.0,0.0,0.0,0.0,0.0,0.0,0.0,0.0,0.0,0.0,0.0,0.0,0.0,0.0,0.0,0.0,0.0,0.0,0.0,0.0,0.0,0.0,0.0,0.3333333333333333,0.75,0.0,0.5,-0.25,0.0,0.0,0.0,0.0,0.0,0.3333333333333333,0.0,1.0,0.0,0.0,0.0,0.0,0.0,0.0,0.0,0.0,0.0,0.0,0.0,0.0,0.1111111111111111,0.0,0.3333333333333333,0.0,0.0,0.1111111111111111,0.0,0.3333333333333333,0.0,0.0,0.0,0.0,0.0,0.0,0.0,0.0,0.0,0.0,0.0,0.0,0.0,0.0,0.0,0.0,0.0,0.0,0.0,0.0,0.0,0.0,0.0,0.0,0.0,0.0,0.0,0.0,0.0,0.0,0.0,0.0,0.1111111111111111,0.0,0.3333333333333333,0.0,0.0,0.0,0.0,0.0,0.0,0.0,0.1111111111111111,0.0,0.3333333333333333,0.0,0.0,0.0,0.0,0.0,0.0,0.0,0.0,0.0,0.0,0.0,0.0,0.0,0.0,0.0,0.0,0.0,0.0,0.0,0.0,0.0,0.0,0.0,0.0,0.0,0.0,0.0,0.0,0.0,0.0,0.0,0.0,0.0,0.0,0.0,0.0,0.0,0.0,0.0,0.0,0.0,0.0,0.0,0.0,0.0,0.0,0.0,0.0,0.0,0.0,0.0,0.0,2,1,True,True
2020_11_06_NES_S10,2020NES,1.6666666666666667,1.2,3.5,0.4,-0.7999999999999999,7.666666666666667,4.2,11.0,5.2,1.0,0.1111111111111111,0.0,0.5,0.0,0.0,2.0,0.8,0.5,2.8,1.9999999999999998,1.0,0.6,2.0,0.4,-0.19999999999999996,0.3333333333333333,0.2,1.0,0.0,-0.2,1.2222222222222223,1.0,1.0,1.8,0.8,0.2222222222222222,0.0,1.0,0.0,0.0,1.7777777777777777,2.2,1.0,2.6,0.3999999999999999,1.3333333333333333,1.0,2.5,0.6,-0.4,0.0,0.0,0.0,0.0,0.0,4.0,3.8,5.5,3.4,-0.3999999999999999,0.3333333333333333,0.2,1.0,0.0,-0.2,0.0,0.0,0.0,0.0,0.0,5.0,4.6,5.0,4.6,0.0,0.4444444444444444,0.2,1.0,0.2,0.0,0.1111111111111111,0.0,0.0,0.2,0.2,0.1111111111111111,0.0,0.5,0.0,0.0,0.0,0.0,0.0,0.0,0.0,1.4444444444444444,0.8,1.5,2.0,1.2,0.0,0.0,0.0,0.0,0.0,0.6666666666666666,0.0,0.0,1.2,1.2,0.5555555555555556,0.2,0.5,0.6,0.39999999999999997,0.3333333333333333,0.0,0.0,0.6,0.6,0.3333333333333333,0.4,0.0,0.6,0.19999999999999996,0.8888888888888888,0.6,2.0,0.2,-0.39999999999999997,0.1111111111111111,0.2,0.0,0.0,-0.2,1.1111111111111112,0.8,1.5,0.6,-0.20000000000000007,0.0,0.0,0.0,0.0,0.0,0.0,0.0,0.0,0.0,0.0,0.0,0.0,0.0,0.0,0.0,0.1111111111111111,0.0,0.5,0.0,0.0,0.4444444444444444,0.4,1.0,0.0,-0.4,0.1111111111111111,0.2,0.0,0.2,0.0,0.3333333333333333,0.6,0.0,0.0,-0.6,1.1111111111111112,0.6,1.5,0.8,0.20000000000000007,0.0,0.0,0.0,0.0,0.0,0.3333333333333333,0.2,1.0,0.0,-0.2,0.3333333333333333,0.0,0.0,0.6,0.6,0.0,0.0,0.0,0.0,0.0,0.1111111111111111,0.2,0.0,0.0,-0.2,0.1111111111111111,0.0,0.5,0.0,0.0,0.1111111111111111,0.0,0.0,0.2,0.2,0.1111111111111111,0.2,0.0,0.2,0.0,0.2222222222222222,0.0,0.0,0.4,0.4,0.0,0.0,0.0,0.0,0.0,0.0,0.0,0.0,0.0,0.0,0.0,0.0,0.0,0.0,0.0,0.2222222222222222,0.0,0.0,0.4,0.4,1.0,0.0,3.0,0.6,0.6,0.1111111111111111,0.0,0.0,0.2,0.2,0.1111111111111111,0.0,0.5,0.0,0.0,0.0,0.0,0.0,0.0,0.0,0.0,0.0,0.0,0.0,0.0,0.0,0.0,0.0,0.0,0.0,0.0,0.0,0.0,0.0,0.0,0.0,0.0,0.0,0.0,0.0,0.0,0.0,0.0,0.0,0.0,0.0,0.0,0.0,0.0,0.0,0.1111111111111111,0.0,0.0,0.2,0.2,0.1111111111111111,0.0,0.0,0.2,0.2,0.0,0.0,0.0,0.0,0.0,0.0,0.0,0.0,0.0,0.0,0.0,0.0,0.0,0.0,0.0,0.0,0.0,0.0,0.0,0.0,0.0,0.0,0.0,0.0,0.0,0.0,0.0,0.0,0.0,0.0,0.0,0.0,0.0,0.0,0.0,0.0,0.0,0.0,0.0,0.0,0.0,0.0,0.0,0.0,0.0,0,0,False,False
2020_11_06_NES_S11,2020NES,1.9090909090909092,0.2,4.0,0.0,-0.2,3.6363636363636362,1.0,7.0,0.2,-0.8,0.09090909090909091,0.0,0.2,0.0,0.0,3.6363636363636362,1.6,6.4,0.0,-1.6,1.4545454545454546,0.6,2.6,0.0,-0.6,0.09090909090909091,0.0,0.2,0.0,0.0,0.5454545454545454,0.6,0.4,0.8,0.20000000000000007,0.09090909090909091,0.2,0.0,0.0,-0.2,1.0909090909090908,1.0,1.4,0.4,-0.6,1.0909090909090908,0.8,1.6,0.0,-0.8,0.09090909090909091,0.0,0.2,0.0,0.0,4.636363636363637,1.2,9.0,0.2,-1.0,0.45454545454545453,0.4,0.6,0.0,-0.4,0.09090909090909091,0.0,0.2,0.0,0.0,3.272727272727273,1.0,6.0,0.4,-0.6,1.0909090909090908,0.2,2.2,0.2,0.0,0.09090909090909091,0.0,0.2,0.0,0.0,0.2727272727272727,0.2,0.4,0.0,-0.2,0.0,0.0,0.0,0.0,0.0,0.9090909090909091,0.6,1.4,0.4,-0.19999999999999996,0.09090909090909091,0.0,0.2,0.0,0.0,0.5454545454545454,0.2,0.8,0.2,0.0,0.8181818181818182,0.0,1.8,0.0,0.0,0.2727272727272727,0.2,0.4,0.0,-0.2,0.6363636363636364,0.0,1.2,0.2,0.2,0.8181818181818182,0.4,1.4,0.2,-0.2,0.09090909090909091,0.0,0.2,0.0,0.0,0.6363636363636364,0.0,1.2,0.2,0.2,0.0,0.0,0.0,0.0,0.0,0.0,0.0,0.0,0.0,0.0,0.18181818181818182,0.0,0.4,0.0,0.0,0.36363636363636365,0.2,0.6,0.0,-0.2,0.09090909090909091,0.0,0.2,0.0,0.0,0.18181818181818182,0.2,0.2,0.0,-0.2,0.0,0.0,0.0,0.0,0.0,0.5454545454545454,0.0,1.2,0.0,0.0,0.09090909090909091,0.0,0.2,0.0,0.0,0.2727272727272727,0.2,0.4,0.0,-0.2,0.2727272727272727,0.2,0.2,0.4,0.2,0.5454545454545454,0.2,1.0,0.2,0.0,0.18181818181818182,0.2,0.2,0.0,-0.2,0.09090909090909091,0.0,0.2,0.0,0.0,0.0,0.0,0.0,0.0,0.0,0.18181818181818182,0.0,0.4,0.0,0.0,0.2727272727272727,0.0,0.6,0.0,0.0,0.0,0.0,0.0,0.0,0.0,0.09090909090909091,0.0,0.2,0.0,0.0,0.0,0.0,0.0,0.0,0.0,0.18181818181818182,0.2,0.2,0.0,-0.2,0.5454545454545454,0.2,1.0,0.0,-0.2,0.18181818181818182,0.0,0.4,0.0,0.0,0.09090909090909091,0.2,0.0,0.0,-0.2,0.09090909090909091,0.0,0.2,0.0,0.0,0.09090909090909091,0.0,0.2,0.0,0.0,0.18181818181818182,0.0,0.4,0.0,0.0,0.09090909090909091,0.0,0.2,0.0,0.0,0.0,0.0,0.0,0.0,0.0,0.0,0.0,0.0,0.0,0.0,0.0,0.0,0.0,0.0,0.0,0.0,0.0,0.0,0.0,0.0,0.0,0.0,0.0,0.0,0.0,0.0,0.0,0.0,0.0,0.0,0.0,0.0,0.0,0.0,0.0,0.0,0.0,0.0,0.0,0.0,0.0,0.0,0.0,0.0,0.0,0.0,0.0,0.0,0.0,0.0,0.0,0.0,0.0,0.0,0.0,0.0,0.0,0.0,0.0,0.0,0.0,0.0,0.0,0.0,0.0,0.0,0.0,0.0,0.0,0.0,3,1,True,True
2020_11_06_NES_S12,2020NES,0.875,0.0,1.5,1.3333333333333333,1.3333333333333333,1.625,2.0,3.5,0.0,-2.0,0.125,0.3333333333333333,0.0,0.0,-0.3333333333333333,2.375,2.3333333333333335,0.0,4.0,1.6666666666666665,0.875,1.3333333333333333,0.5,0.6666666666666666,-0.6666666666666666,0.125,0.0,0.0,0.3333333333333333,0.3333333333333333,1.375,2.6666666666666665,0.0,1.0,-1.6666666666666665,1.5,3.6666666666666665,0.5,0.0,-3.6666666666666665,1.125,1.3333333333333333,0.5,1.3333333333333333,0.0,0.75,0.6666666666666666,1.0,0.6666666666666666,0.0,0.0,0.0,0.0,0.0,0.0,5.5,10.0,4.5,1.6666666666666667,-8.333333333333334,0.5,0.6666666666666666,0.5,0.3333333333333333,-0.3333333333333333,0.125,0.3333333333333333,0.0,0.0,-0.3333333333333333,5.5,8.0,6.0,2.6666666666666665,-5.333333333333334,0.625,0.6666666666666666,1.0,0.3333333333333333,-0.3333333333333333,0.0,0.0,0.0,0.0,0.0,0.75,1.3333333333333333,0.5,0.3333333333333333,-1.0,0.125,0.3333333333333333,0.0,0.0,-0.3333333333333333,1.375,1.6666666666666667,0.5,1.6666666666666667,0.0,0.0,0.0,0.0,0.0,0.0,0.75,0.6666666666666666,1.5,0.3333333333333333,-0.3333333333333333,0.375,0.3333333333333333,0.5,0.3333333333333333,0.0,0.5,0.0,1.0,0.6666666666666666,0.6666666666666666,0.0,0.0,0.0,0.0,0.0,1.25,1.0,2.5,0.6666666666666666,-0.33333333333333337,0.125,0.0,0.5,0.0,0.0,1.125,2.0,0.5,0.6666666666666666,-1.3333333333333335,0.0,0.0,0.0,0.0,0.0,0.25,0.0,0.5,0.3333333333333333,0.3333333333333333,0.0,0.0,0.0,0.0,0.0,0.375,0.3333333333333333,0.0,0.6666666666666666,0.3333333333333333,0.0,0.0,0.0,0.0,0.0,0.125,0.0,0.0,0.3333333333333333,0.3333333333333333,0.375,0.0,1.5,0.0,0.0,0.25,0.0,1.0,0.0,0.0,0.125,0.0,0.5,0.0,0.0,0.5,1.0,0.5,0.0,-1.0,0.75,1.0,0.0,1.0,0.0,0.25,0.6666666666666666,0.0,0.0,-0.6666666666666666,0.0,0.0,0.0,0.0,0.0,0.0,0.0,0.0,0.0,0.0,0.0,0.0,0.0,0.0,0.0,0.375,0.6666666666666666,0.5,0.0,-0.6666666666666666,0.5,0.3333333333333333,0.5,0.6666666666666666,0.3333333333333333,0.25,0.3333333333333333,0.5,0.0,-0.3333333333333333,0.125,0.0,0.0,0.3333333333333333,0.3333333333333333,0.0,0.0,0.0,0.0,0.0,0.5,1.0,0.5,0.0,-1.0,0.25,0.3333333333333333,0.0,0.3333333333333333,0.0,0.0,0.0,0.0,0.0,0.0,0.0,0.0,0.0,0.0,0.0,0.125,0.0,0.5,0.0,0.0,0.0,0.0,0.0,0.0,0.0,0.125,0.3333333333333333,0.0,0.0,-0.3333333333333333,0.0,0.0,0.0,0.0,0.0,0.0,0.0,0.0,0.0,0.0,0.0,0.0,0.0,0.0,0.0,0.0,0.0,0.0,0.0,0.0,0.125,0.0,0.5,0.0,0.0,0.0,0.0,0.0,0.0,0.0,0.0,0.0,0.0,0.0,0.0,0.125,0.0,0.5,0.0,0.0,0.0,0.0,0.0,0.0,0.0,0.0,0.0,0.0,0.0,0.0,0.0,0.0,0.0,0.0,0.0,0.0,0.0,0.0,0.0,0.0,0.0,0.0,0.0,0.0,0.0,0.0,0.0,0.0,0.0,0.0,0.0,0.0,0.0,0.0,0.0,2,1,True,True
2020_11_06_NES_S2,2020NES,1.4444444444444444,0.0,1.8571428571428572,0.0,0.0,2.2222222222222223,0.0,2.857142857142857,0.0,0.0,0.0,0.0,0.0,0.0,0.0,3.3333333333333335,0.0,4.285714285714286,0.0,0.0,1.6666666666666667,0.0,2.0,1.0,1.0,0.4444444444444444,0.0,0.5714285714285714,0.0,0.0,1.6666666666666667,5.0,1.2857142857142858,1.0,-4.0,0.0,0.0,0.0,0.0,0.0,2.2222222222222223,6.0,2.0,0.0,-6.0,0.8888888888888888,0.0,1.1428571428571428,0.0,0.0,0.1111111111111111,0.0,0.14285714285714285,0.0,0.0,4.666666666666667,0.0,6.0,0.0,0.0,1.0,0.0,1.2857142857142858,0.0,0.0,0.0,0.0,0.0,0.0,0.0,3.3333333333333335,0.0,4.285714285714286,0.0,0.0,0.5555555555555556,0.0,0.7142857142857143,0.0,0.0,0.0,0.0,0.0,0.0,0.0,1.3333333333333333,2.0,1.4285714285714286,0.0,-2.0,0.1111111111111111,1.0,0.0,0.0,-1.0,0.8888888888888888,4.0,0.5714285714285714,0.0,-4.0,0.2222222222222222,0.0,0.2857142857142857,0.0,0.0,0.4444444444444444,0.0,0.5714285714285714,0.0,0.0,0.4444444444444444,0.0,0.5714285714285714,0.0,0.0,0.0,0.0,0.0,0.0,0.0,6.111111111111111,0.0,7.857142857142857,0.0,0.0,0.3333333333333333,0.0,0.42857142857142855,0.0,0.0,0.0,0.0,0.0,0.0,0.0,0.5555555555555556,0.0,0.7142857142857143,0.0,0.0,0.1111111111111111,0.0,0.14285714285714285,0.0,0.0,0.0,0.0,0.0,0.0,0.0,0.0,0.0,0.0,0.0,0.0,0.2222222222222222,0.0,0.2857142857142857,0.0,0.0,0.0,0.0,0.0,0.0,0.0,0.1111111111111111,0.0,0.14285714285714285,0.0,0.0,0.1111111111111111,0.0,0.14285714285714285,0.0,0.0,0.3333333333333333,0.0,0.42857142857142855,0.0,0.0,0.0,0.0,0.0,0.0,0.0,0.1111111111111111,0.0,0.14285714285714285,0.0,0.0,0.4444444444444444,0.0,0.2857142857142857,2.0,2.0,0.5555555555555556,0.0,0.5714285714285714,1.0,1.0,0.0,0.0,0.0,0.0,0.0,0.0,0.0,0.0,0.0,0.0,0.0,0.0,0.0,0.0,0.0,0.2222222222222222,0.0,0.2857142857142857,0.0,0.0,0.7777777777777778,2.0,0.7142857142857143,0.0,-2.0,0.0,0.0,0.0,0.0,0.0,0.1111111111111111,0.0,0.14285714285714285,0.0,0.0,0.1111111111111111,0.0,0.0,1.0,1.0,0.2222222222222222,0.0,0.2857142857142857,0.0,0.0,0.0,0.0,0.0,0.0,0.0,0.0,0.0,0.0,0.0,0.0,0.1111111111111111,0.0,0.14285714285714285,0.0,0.0,0.0,0.0,0.0,0.0,0.0,0.0,0.0,0.0,0.0,0.0,0.0,0.0,0.0,0.0,0.0,0.0,0.0,0.0,0.0,0.0,0.1111111111111111,0.0,0.14285714285714285,0.0,0.0,0.0,0.0,0.0,0.0,0.0,0.0,0.0,0.0,0.0,0.0,0.0,0.0,0.0,0.0,0.0,0.0,0.0,0.0,0.0,0.0,0.0,0.0,0.0,0.0,0.0,0.0,0.0,0.0,0.0,0.0,0.0,0.0,0.0,0.0,0.0,0.0,0.0,0.0,0.0,0.0,0.0,0.0,0.0,0.0,0.0,0.0,0.0,0.0,0.0,0.0,0.0,0.0,0.0,0.0,0.0,0.0,0.0,0.0,0.0,0.0,0.0,0.0,0.0,0.0,0.0,3,0,True,False
2020_11_06_NES_S3,2020NES,1.5,1.0,2.5,0.0,-1.0,2.5,3.0,0.5,6.0,3.0,0.0,0.0,0.0,0.0,0.0,9.0,6.0,12.0,6.0,0.0,5.25,2.0,6.5,6.0,4.0,1.25,0.0,2.5,0.0,0.0,2.0,1.0,2.0,3.0,2.0,0.0,0.0,0.0,0.0,0.0,2.25,4.0,2.5,0.0,-4.0,2.5,4.0,3.0,0.0,-4.0,0.0,0.0,0.0,0.0,0.0,8.5,8.0,8.5,9.0,1.0,0.75,0.0,1.0,1.0,1.0,0.0,0.0,0.0,0.0,0.0,6.25,6.0,5.5,8.0,2.0,4.0,3.0,6.0,1.0,-2.0,0.0,0.0,0.0,0.0,0.0,0.25,0.0,0.5,0.0,0.0,0.0,0.0,0.0,0.0,0.0,1.0,0.0,2.0,0.0,0.0,0.25,0.0,0.5,0.0,0.0,1.75,2.0,2.5,0.0,-2.0,1.25,0.0,2.5,0.0,0.0,0.25,0.0,0.5,0.0,0.0,0.75,0.0,1.5,0.0,0.0,1.25,3.0,0.5,1.0,-2.0,0.0,0.0,0.0,0.0,0.0,0.75,0.0,1.0,1.0,1.0,0.0,0.0,0.0,0.0,0.0,0.0,0.0,0.0,0.0,0.0,0.25,0.0,0.5,0.0,0.0,0.25,1.0,0.0,0.0,-1.0,0.5,0.0,0.5,1.0,1.0,0.25,0.0,0.5,0.0,0.0,0.25,0.0,0.5,0.0,0.0,1.0,0.0,1.5,1.0,1.0,0.0,0.0,0.0,0.0,0.0,0.25,0.0,0.5,0.0,0.0,0.0,0.0,0.0,0.0,0.0,0.5,0.0,1.0,0.0,0.0,0.0,0.0,0.0,0.0,0.0,0.5,0.0,1.0,0.0,0.0,0.5,0.0,1.0,0.0,0.0,0.25,0.0,0.5,0.0,0.0,0.25,1.0,0.0,0.0,-1.0,0.0,0.0,0.0,0.0,0.0,0.0,0.0,0.0,0.0,0.0,0.25,0.0,0.5,0.0,0.0,0.75,2.0,0.5,0.0,-2.0,0.25,0.0,0.5,0.0,0.0,0.25,0.0,0.5,0.0,0.0,0.0,0.0,0.0,0.0,0.0,0.25,0.0,0.5,0.0,0.0,0.25,0.0,0.5,0.0,0.0,0.25,0.0,0.5,0.0,0.0,0.0,0.0,0.0,0.0,0.0,0.0,0.0,0.0,0.0,0.0,0.0,0.0,0.0,0.0,0.0,0.0,0.0,0.0,0.0,0.0,0.25,0.0,0.5,0.0,0.0,0.0,0.0,0.0,0.0,0.0,0.0,0.0,0.0,0.0,0.0,0.0,0.0,0.0,0.0,0.0,0.25,0.0,0.5,0.0,0.0,0.0,0.0,0.0,0.0,0.0,0.0,0.0,0.0,0.0,0.0,0.0,0.0,0.0,0.0,0.0,0.0,0.0,0.0,0.0,0.0,0.0,0.0,0.0,0.0,0.0,0.0,0.0,0.0,0.0,0.0,3,2,True,True
2020_11_06_NES_S4,2020NES,1.625,2.5,1.0,2.0,-0.5,4.625,2.5,6.25,3.5,1.0,0.0,0.0,0.0,0.0,0.0,2.125,4.0,1.0,2.5,-1.5,1.125,1.0,0.5,2.5,1.5,0.375,0.0,0.75,0.0,0.0,0.5,0.5,0.5,0.5,0.0,1.375,5.5,0.0,0.0,-5.5,1.75,1.0,1.25,3.5,2.5,0.75,0.5,1.25,0.0,-0.5,0.5,0.5,0.5,0.5,0.0,5.375,9.0,5.25,2.0,-7.0,0.5,0.0,0.75,0.5,0.5,0.0,0.0,0.0,0.0,0.0,7.875,11.0,8.75,3.0,-8.0,0.375,0.5,0.25,0.5,0.0,0.375,0.0,0.5,0.5,0.5,0.75,1.5,0.75,0.0,-1.5,0.0,0.0,0.0,0.0,0.0,0.5,0.5,0.5,0.5,0.0,0.0,0.0,0.0,0.0,0.0,0.875,0.0,1.25,1.0,1.0,0.75,1.0,0.5,1.0,0.0,0.125,0.5,0.0,0.0,-0.5,0.75,0.0,0.5,2.0,2.0,1.5,1.5,2.25,0.0,-1.5,0.0,0.0,0.0,0.0,0.0,1.0,0.0,2.0,0.0,0.0,0.125,0.5,0.0,0.0,-0.5,0.125,0.0,0.25,0.0,0.0,0.125,0.5,0.0,0.0,-0.5,0.125,0.0,0.25,0.0,0.0,0.125,0.0,0.25,0.0,0.0,0.125,0.0,0.0,0.5,0.5,0.125,0.0,0.25,0.0,0.0,1.125,2.0,1.0,0.5,-1.5,0.0,0.0,0.0,0.0,0.0,0.0,0.0,0.0,0.0,0.0,0.375,0.0,0.5,0.5,0.5,0.25,0.0,0.25,0.5,0.5,0.0,0.0,0.0,0.0,0.0,0.25,0.5,0.25,0.0,-0.5,0.0,0.0,0.0,0.0,0.0,0.125,0.0,0.0,0.5,0.5,0.125,0.0,0.25,0.0,0.0,0.25,0.0,0.25,0.5,0.5,0.625,0.0,1.0,0.5,0.5,0.125,0.0,0.0,0.5,0.5,0.25,1.0,0.0,0.0,-1.0,0.625,0.0,1.0,0.5,0.5,0.0,0.0,0.0,0.0,0.0,0.125,0.0,0.25,0.0,0.0,0.0,0.0,0.0,0.0,0.0,0.125,0.0,0.25,0.0,0.0,0.0,0.0,0.0,0.0,0.0,0.125,0.0,0.25,0.0,0.0,0.0,0.0,0.0,0.0,0.0,0.0,0.0,0.0,0.0,0.0,0.0,0.0,0.0,0.0,0.0,0.125,0.0,0.0,0.5,0.5,0.0,0.0,0.0,0.0,0.0,0.0,0.0,0.0,0.0,0.0,0.0,0.0,0.0,0.0,0.0,0.0,0.0,0.0,0.0,0.0,0.0,0.0,0.0,0.0,0.0,0.0,0.0,0.0,0.0,0.0,0.0,0.0,0.0,0.0,0.0,0.0,0.0,0.0,0.0,0.0,0.0,0.0,0.0,0.0,0.0,0.0,0.0,0.0,0.0,0.0,2,0,True,False
2020_11_06_NES_S6,2020NES,2.3333333333333335,2.3333333333333335,,2.3333333333333335,0.0,1.6666666666666667,1.6666666666666667,,1.6666666666666667,0.0,0.0,0.0,,0.0,0.0,4.666666666666667,4.666666666666667,,4.666666666666667,0.0,2.0,2.0,,2.0,0.0,0.0,0.0,,0.0,0.0,1.0,1.0,,1.0,0.0,0.3333333333333333,0.3333333333333333,,0.3333333333333333,0.0,0.0,0.0,,0.0,0.0,1.3333333333333333,1.3333333333333333,,1.3333333333333333,0.0,0.0,0.0,,0.0,0.0,8.333333333333334,8.333333333333334,,8.333333333333334,0.0,0.3333333333333333,0.3333333333333333,,0.3333333333333333,0.0,0.0,0.0,,0.0,0.0,5.333333333333333,5.333333333333333,,5.333333333333333,0.0,0.6666666666666666,0.6666666666666666,,0.6666666666666666,0.0,0.0,0.0,,0.0,0.0,1.0,1.0,,1.0,0.0,0.0,0.0,,0.0,0.0,0.3333333333333333,0.3333333333333333,,0.3333333333333333,0.0,0.0,0.0,,0.0,0.0,1.0,1.0,,1.0,0.0,0.0,0.0,,0.0,0.0,0.6666666666666666,0.6666666666666666,,0.6666666666666666,0.0,0.0,0.0,,0.0,0.0,0.3333333333333333,0.3333333333333333,,0.3333333333333333,0.0,0.0,0.0,,0.0,0.0,1.0,1.0,,1.0,0.0,0.0,0.0,,0.0,0.0,0.0,0.0,,0.0,0.0,0.0,0.0,,0.0,0.0,1.0,1.0,,1.0,0.0,0.3333333333333333,0.3333333333333333,,0.3333333333333333,0.0,0.0,0.0,,0.0,0.0,0.3333333333333333,0.3333333333333333,,0.3333333333333333,0.0,2.3333333333333335,2.3333333333333335,,2.3333333333333335,0.0,0.0,0.0,,0.0,0.0,0.6666666666666666,0.6666666666666666,,0.6666666666666666,0.0,0.3333333333333333,0.3333333333333333,,0.3333333333333333,0.0,0.0,0.0,,0.0,0.0,0.0,0.0,,0.0,0.0,0.0,0.0,,0.0,0.0,0.0,0.0,,0.0,0.0,0.3333333333333333,0.3333333333333333,,0.3333333333333333,0.0,0.0,0.0,,0.0,0.0,0.0,0.0,,0.0,0.0,0.0,0.0,,0.0,0.0,0.0,0.0,,0.0,0.0,0.0,0.0,,0.0,0.0,0.0,0.0,,0.0,0.0,0.0,0.0,,0.0,0.0,0.0,0.0,,0.0,0.0,0.0,0.0,,0.0,0.0,0.0,0.0,,0.0,0.0,0.0,0.0,,0.0,0.0,0.0,0.0,,0.0,0.0,0.0,0.0,,0.0,0.0,0.0,0.0,,0.0,0.0,0.0,0.0,,0.0,0.0,0.0,0.0,,0.0,0.0,0.3333333333333333,0.3333333333333333,,0.3333333333333333,0.0,0.0,0.0,,0.0,0.0,0.0,0.0,,0.0,0.0,0.0,0.0,,0.0,0.0,0.0,0.0,,0.0,0.0,0.0,0.0,,0.0,0.0,0.0,0.0,,0.0,0.0,0.0,0.0,,0.0,0.0,0.0,0.0,,0.0,0.0,0.0,0.0,,0.0,0.0,2,0,True,False
2020_11_06_NES_S7,2020NES,1.75,0.3333333333333333,2.75,0.6666666666666666,0.3333333333333333,3.125,1.3333333333333333,5.25,0.0,-1.3333333333333333,0.0,0.0,0.0,0.0,0.0,2.75,0.3333333333333333,4.5,1.0,0.6666666666666667,1.5,0.3333333333333333,2.25,0.6666666666666666,0.3333333333333333,0.0,0.0,0.0,0.0,0.0,1.625,2.0,0.5,1.6666666666666667,-0.33333333333333326,0.0,0.0,0.0,0.0,0.0,1.625,3.3333333333333335,0.75,0.0,-3.3333333333333335,0.625,0.0,1.0,0.3333333333333333,0.3333333333333333,0.0,0.0,0.0,0.0,0.0,4.125,3.6666666666666665,5.5,0.0,-3.6666666666666665,0.25,0.3333333333333333,0.25,0.0,-0.3333333333333333,0.125,0.0,0.0,0.3333333333333333,0.3333333333333333,4.875,4.0,6.25,0.6666666666666666,-3.3333333333333335,0.25,0.0,0.5,0.0,0.0,0.0,0.0,0.0,0.0,0.0,0.375,0.0,0.5,0.3333333333333333,0.3333333333333333,0.0,0.0,0.0,0.0,0.0,0.25,0.0,0.5,0.0,0.0,0.0,0.0,0.0,0.0,0.0,0.5,0.0,1.0,0.0,0.0,0.75,0.3333333333333333,1.25,0.0,-0.3333333333333333,0.0,0.0,0.0,0.0,0.0,2.625,0.0,4.5,1.0,1.0,0.5,0.6666666666666666,0.5,0.0,-0.6666666666666666,0.125,0.0,0.25,0.0,0.0,1.0,0.0,1.75,0.3333333333333333,0.3333333333333333,0.0,0.0,0.0,0.0,0.0,0.0,0.0,0.0,0.0,0.0,0.0,0.0,0.0,0.0,0.0,0.125,0.0,0.25,0.0,0.0,0.125,0.0,0.25,0.0,0.0,0.125,0.0,0.25,0.0,0.0,0.0,0.0,0.0,0.0,0.0,0.375,0.3333333333333333,0.5,0.0,-0.3333333333333333,0.0,0.0,0.0,0.0,0.0,0.0,0.0,0.0,0.0,0.0,0.75,0.0,0.0,2.0,2.0,0.0,0.0,0.0,0.0,0.0,0.0,0.0,0.0,0.0,0.0,0.125,0.0,0.0,0.3333333333333333,0.3333333333333333,0.125,0.0,0.25,0.0,0.0,0.125,0.0,0.25,0.0,0.0,0.0,0.0,0.0,0.0,0.0,0.0,0.0,0.0,0.0,0.0,0.0,0.0,0.0,0.0,0.0,0.125,0.0,0.25,0.0,0.0,0.0,0.0,0.0,0.0,0.0,0.25,0.0,0.5,0.0,0.0,0.0,0.0,0.0,0.0,0.0,0.25,0.0,0.5,0.0,0.0,0.0,0.0,0.0,0.0,0.0,0.0,0.0,0.0,0.0,0.0,0.0,0.0,0.0,0.0,0.0,0.0,0.0,0.0,0.0,0.0,0.0,0.0,0.0,0.0,0.0,0.0,0.0,0.0,0.0,0.0,0.0,0.0,0.0,0.0,0.0,0.0,0.0,0.0,0.0,0.0,0.0,0.0,0.0,0.0,0.0,0.0,0.0,0.0,0.0,0.0,0.0,0.0,0.0,0.0,0.0,0.0,0.0,0.0,0.0,0.0,0.0,0.0,0.0,0.0,0.0,0.0,0.0,0.0,0.0,0.0,0.0,0.0,0.0,0.0,0.0,0.0,0.0,0.0,0.0,0.0,0.0,0.0,0.0,0.0,0.0,0.0,0.0,0.0,0.0,0.0,2,0,True,False
2020_11_06_NES_S8,2020NES,3.25,0.0,4.333333333333333,0.0,0.0,6.125,0.0,8.166666666666666,0.0,0.0,0.25,0.0,0.3333333333333333,0.0,0.0,2.5,0.0,3.3333333333333335,0.0,0.0,2.125,0.0,2.8333333333333335,0.0,0.0,0.75,0.0,1.0,0.0,0.0,3.125,13.0,2.0,0.0,-13.0,0.0,0.0,0.0,0.0,0.0,2.625,9.0,2.0,0.0,-9.0,1.0,0.0,1.3333333333333333,0.0,0.0,0.0,0.0,0.0,0.0,0.0,7.125,10.0,7.833333333333333,0.0,-10.0,0.25,0.0,0.3333333333333333,0.0,0.0,0.25,0.0,0.3333333333333333,0.0,0.0,4.75,10.0,4.666666666666667,0.0,-10.0,1.0,0.0,1.3333333333333333,0.0,0.0,0.0,0.0,0.0,0.0,0.0,0.375,0.0,0.5,0.0,0.0,0.125,1.0,0.0,0.0,-1.0,3.125,2.0,3.8333333333333335,0.0,-2.0,0.25,0.0,0.3333333333333333,0.0,0.0,2.25,0.0,3.0,0.0,0.0,0.25,0.0,0.3333333333333333,0.0,0.0,0.0,0.0,0.0,0.0,0.0,1.625,0.0,2.1666666666666665,0.0,0.0,1.375,2.0,1.5,0.0,-2.0,0.125,0.0,0.16666666666666666,0.0,0.0,0.75,0.0,1.0,0.0,0.0,0.125,0.0,0.16666666666666666,0.0,0.0,0.125,0.0,0.16666666666666666,0.0,0.0,0.125,0.0,0.16666666666666666,0.0,0.0,0.125,0.0,0.16666666666666666,0.0,0.0,0.125,0.0,0.16666666666666666,0.0,0.0,0.375,0.0,0.5,0.0,0.0,0.25,0.0,0.3333333333333333,0.0,0.0,0.25,0.0,0.3333333333333333,0.0,0.0,0.0,0.0,0.0,0.0,0.0,0.375,0.0,0.5,0.0,0.0,0.75,2.0,0.6666666666666666,0.0,-2.0,1.0,0.0,1.3333333333333333,0.0,0.0,0.0,0.0,0.0,0.0,0.0,0.125,0.0,0.16666666666666666,0.0,0.0,0.0,0.0,0.0,0.0,0.0,0.125,0.0,0.16666666666666666,0.0,0.0,0.25,0.0,0.3333333333333333,0.0,0.0,0.0,0.0,0.0,0.0,0.0,0.75,0.0,1.0,0.0,0.0,0.0,0.0,0.0,0.0,0.0,0.25,0.0,0.3333333333333333,0.0,0.0,0.125,0.0,0.16666666666666666,0.0,0.0,0.0,0.0,0.0,0.0,0.0,0.125,0.0,0.16666666666666666,0.0,0.0,0.0,0.0,0.0,0.0,0.0,0.0,0.0,0.0,0.0,0.0,0.25,0.0,0.16666666666666666,1.0,1.0,0.0,0.0,0.0,0.0,0.0,0.0,0.0,0.0,0.0,0.0,0.0,0.0,0.0,0.0,0.0,0.125,0.0,0.16666666666666666,0.0,0.0,0.25,0.0,0.3333333333333333,0.0,0.0,0.0,0.0,0.0,0.0,0.0,0.0,0.0,0.0,0.0,0.0,0.0,0.0,0.0,0.0,0.0,0.0,0.0,0.0,0.0,0.0,0.0,0.0,0.0,0.0,0.0,0.0,0.0,0.0,0.0,0.0,0.0,0.0,0.0,0.0,0.0,0.0,0.0,0.0,0.0,0.0,0.0,0.0,0.0,0.0,0.0,0.0,0.0,0.0,0.0,0.0,3,0,True,False
2020_11_06_NES_S9,2020NES,1.75,0.0,2.3333333333333335,0.0,0.0,5.75,1.0,7.5,0.0,-1.0,0.0,0.0,0.0,0.0,0.0,3.875,3.0,4.666666666666667,0.0,-3.0,1.125,0.0,1.5,0.0,0.0,0.25,0.0,0.3333333333333333,0.0,0.0,0.75,4.0,0.16666666666666666,1.0,-3.0,0.0,0.0,0.0,0.0,0.0,2.0,11.0,0.8333333333333334,0.0,-11.0,1.125,0.0,1.5,0.0,0.0,0.125,0.0,0.16666666666666666,0.0,0.0,5.625,11.0,5.666666666666667,0.0,-11.0,0.375,2.0,0.16666666666666666,0.0,-2.0,0.0,0.0,0.0,0.0,0.0,5.125,12.0,4.833333333333333,0.0,-12.0,0.625,0.0,0.8333333333333334,0.0,0.0,0.125,0.0,0.16666666666666666,0.0,0.0,0.25,0.0,0.3333333333333333,0.0,0.0,0.0,0.0,0.0,0.0,0.0,0.0,0.0,0.0,0.0,0.0,0.0,0.0,0.0,0.0,0.0,1.5,0.0,2.0,0.0,0.0,0.5,0.0,0.6666666666666666,0.0,0.0,0.25,0.0,0.3333333333333333,0.0,0.0,7.375,0.0,9.833333333333334,0.0,0.0,0.5,0.0,0.6666666666666666,0.0,0.0,0.0,0.0,0.0,0.0,0.0,1.125,0.0,1.5,0.0,0.0,0.0,0.0,0.0,0.0,0.0,0.125,0.0,0.16666666666666666,0.0,0.0,0.0,0.0,0.0,0.0,0.0,0.625,0.0,0.8333333333333334,0.0,0.0,0.125,0.0,0.16666666666666666,0.0,0.0,0.0,0.0,0.0,0.0,0.0,0.25,0.0,0.3333333333333333,0.0,0.0,0.875,0.0,1.1666666666666667,0.0,0.0,0.0,0.0,0.0,0.0,0.0,0.0,0.0,0.0,0.0,0.0,0.125,0.0,0.16666666666666666,0.0,0.0,0.0,0.0,0.0,0.0,0.0,0.125,0.0,0.16666666666666666,0.0,0.0,0.0,0.0,0.0,0.0,0.0,0.0,0.0,0.0,0.0,0.0,0.125,0.0,0.16666666666666666,0.0,0.0,0.125,0.0,0.16666666666666666,0.0,0.0,0.25,0.0,0.3333333333333333,0.0,0.0,0.25,0.0,0.3333333333333333,0.0,0.0,0.0,0.0,0.0,0.0,0.0,0.0,0.0,0.0,0.0,0.0,0.25,0.0,0.3333333333333333,0.0,0.0,0.125,0.0,0.16666666666666666,0.0,0.0,0.125,0.0,0.16666666666666666,0.0,0.0,0.0,0.0,0.0,0.0,0.0,0.0,0.0,0.0,0.0,0.0,0.0,0.0,0.0,0.0,0.0,0.0,0.0,0.0,0.0,0.0,0.0,0.0,0.0,0.0,0.0,0.0,0.0,0.0,0.0,0.0,0.125,0.0,0.16666666666666666,0.0,0.0,0.25,0.0,0.3333333333333333,0.0,0.0,0.0,0.0,0.0,0.0,0.0,0.0,0.0,0.0,0.0,0.0,0.0,0.0,0.0,0.0,0.0,0.0,0.0,0.0,0.0,0.0,0.0,0.0,0.0,0.0,0.0,0.0,0.0,0.0,0.0,0.0,0.0,0.0,0.0,0.0,0.0,0.0,0.0,0.0,0.0,0.0,0.0,0.0,0.0,0.0,0.0,0.0,0.0,0.0,0.0,0.0,2,2,True,True
2021-05-20-ABI-S1,2021ABI,1.3333333333333333,0.0,1.7142857142857142,0.0,0.0,0.1111111111111111,0.0,0.14285714285714285,0.0,0.0,0.0,0.0,0.0,0.0,0.0,4.111111111111111,1.0,4.857142857142857,2.0,1.0,1.6666666666666667,0.0,1.7142857142857142,3.0,3.0,0.0,0.0,0.0,0.0,0.0,1.0,3.0,0.5714285714285714,2.0,-1.0,0.0,0.0,0.0,0.0,0.0,0.4444444444444444,0.0,0.42857142857142855,1.0,1.0,1.2222222222222223,6.0,0.7142857142857143,0.0,-6.0,0.3333333333333333,0.0,0.42857142857142855,0.0,0.0,3.888888888888889,6.0,4.142857142857143,0.0,-6.0,0.2222222222222222,0.0,0.2857142857142857,0.0,0.0,0.3333333333333333,0.0,0.42857142857142855,0.0,0.0,1.3333333333333333,6.0,0.8571428571428571,0.0,-6.0,0.6666666666666666,0.0,0.8571428571428571,0.0,0.0,0.0,0.0,0.0,0.0,0.0,0.3333333333333333,0.0,0.42857142857142855,0.0,0.0,0.0,0.0,0.0,0.0,0.0,0.3333333333333333,0.0,0.42857142857142855,0.0,0.0,0.0,0.0,0.0,0.0,0.0,0.6666666666666666,0.0,0.7142857142857143,1.0,1.0,0.2222222222222222,0.0,0.2857142857142857,0.0,0.0,0.0,0.0,0.0,0.0,0.0,0.0,0.0,0.0,0.0,0.0,0.6666666666666666,0.0,0.42857142857142855,3.0,3.0,0.0,0.0,0.0,0.0,0.0,0.0,0.0,0.0,0.0,0.0,0.0,0.0,0.0,0.0,0.0,0.1111111111111111,0.0,0.14285714285714285,0.0,0.0,0.0,0.0,0.0,0.0,0.0,0.0,0.0,0.0,0.0,0.0,0.0,0.0,0.0,0.0,0.0,0.0,0.0,0.0,0.0,0.0,0.0,0.0,0.0,0.0,0.0,0.7777777777777778,0.0,1.0,0.0,0.0,0.1111111111111111,0.0,0.14285714285714285,0.0,0.0,0.0,0.0,0.0,0.0,0.0,0.3333333333333333,0.0,0.2857142857142857,1.0,1.0,0.3333333333333333,0.0,0.42857142857142855,0.0,0.0,0.4444444444444444,0.0,0.2857142857142857,2.0,2.0,0.0,0.0,0.0,0.0,0.0,0.0,0.0,0.0,0.0,0.0,0.0,0.0,0.0,0.0,0.0,0.0,0.0,0.0,0.0,0.0,0.0,0.0,0.0,0.0,0.0,1.2222222222222223,0.0,1.5714285714285714,0.0,0.0,1.1111111111111112,0.0,0.7142857142857143,5.0,5.0,0.0,0.0,0.0,0.0,0.0,0.1111111111111111,0.0,0.14285714285714285,0.0,0.0,0.0,0.0,0.0,0.0,0.0,0.3333333333333333,0.0,0.42857142857142855,0.0,0.0,0.0,0.0,0.0,0.0,0.0,0.0,0.0,0.0,0.0,0.0,0.2222222222222222,0.0,0.0,2.0,2.0,0.0,0.0,0.0,0.0,0.0,0.0,0.0,0.0,0.0,0.0,0.0,0.0,0.0,0.0,0.0,0.0,0.0,0.0,0.0,0.0,0.0,0.0,0.0,0.0,0.0,0.0,0.0,0.0,0.0,0.0,0.0,0.0,0.0,0.0,0.0,0.0,0.0,0.0,0.0,0.0,0.0,0.0,0.0,0.0,0.0,0.0,0.0,0.0,0.0,0.0,0.0,0.0,0.0,0.0,0.0,0.0,0.0,0.0,0.0,0.0,0.0,0.0,0.0,0.0,0.0,0.0,0.0,0.0,0.0,0.0,0.0,0.0,0.0,0.0,0.0,0,0,False,False
2021-05-20-ABI-S2,2021ABI,1.2727272727272727,0.0,1.5555555555555556,0.0,0.0,0.36363636363636365,0.0,0.4444444444444444,0.0,0.0,0.0,0.0,0.0,0.0,0.0,3.4545454545454546,0.0,4.222222222222222,0.0,0.0,1.6363636363636365,0.0,2.0,0.0,0.0,0.2727272727272727,0.0,0.3333333333333333,0.0,0.0,1.6363636363636365,2.0,1.5555555555555556,2.0,0.0,0.0,0.0,0.0,0.0,0.0,0.9090909090909091,8.0,0.1111111111111111,1.0,-7.0,1.0,0.0,1.2222222222222223,0.0,0.0,0.09090909090909091,0.0,0.1111111111111111,0.0,0.0,2.272727272727273,11.0,1.4444444444444444,1.0,-10.0,0.18181818181818182,0.0,0.2222222222222222,0.0,0.0,0.09090909090909091,0.0,0.1111111111111111,0.0,0.0,0.7272727272727273,0.0,0.7777777777777778,1.0,1.0,0.2727272727272727,0.0,0.3333333333333333,0.0,0.0,0.0,0.0,0.0,0.0,0.0,0.2727272727272727,1.0,0.2222222222222222,0.0,-1.0,0.0,0.0,0.0,0.0,0.0,0.9090909090909091,0.0,1.1111111111111112,0.0,0.0,0.0,0.0,0.0,0.0,0.0,0.5454545454545454,0.0,0.6666666666666666,0.0,0.0,0.45454545454545453,0.0,0.5555555555555556,0.0,0.0,0.0,0.0,0.0,0.0,0.0,0.0,0.0,0.0,0.0,0.0,0.9090909090909091,1.0,1.0,0.0,-1.0,0.2727272727272727,0.0,0.3333333333333333,0.0,0.0,0.18181818181818182,0.0,0.2222222222222222,0.0,0.0,0.0,0.0,0.0,0.0,0.0,0.0,0.0,0.0,0.0,0.0,0.0,0.0,0.0,0.0,0.0,0.09090909090909091,0.0,0.1111111111111111,0.0,0.0,0.09090909090909091,0.0,0.1111111111111111,0.0,0.0,0.0,0.0,0.0,0.0,0.0,0.0,0.0,0.0,0.0,0.0,0.2727272727272727,0.0,0.3333333333333333,0.0,0.0,0.0,0.0,0.0,0.0,0.0,0.18181818181818182,0.0,0.2222222222222222,0.0,0.0,0.09090909090909091,0.0,0.1111111111111111,0.0,0.0,0.0,0.0,0.0,0.0,0.0,0.0,0.0,0.0,0.0,0.0,0.18181818181818182,0.0,0.2222222222222222,0.0,0.0,0.0,0.0,0.0,0.0,0.0,0.0,0.0,0.0,0.0,0.0,0.0,0.0,0.0,0.0,0.0,0.0,0.0,0.0,0.0,0.0,2.6363636363636362,10.0,2.111111111111111,0.0,-10.0,1.0909090909090908,0.0,1.3333333333333333,0.0,0.0,0.0,0.0,0.0,0.0,0.0,0.2727272727272727,0.0,0.3333333333333333,0.0,0.0,0.09090909090909091,0.0,0.1111111111111111,0.0,0.0,0.2727272727272727,0.0,0.3333333333333333,0.0,0.0,0.0,0.0,0.0,0.0,0.0,0.0,0.0,0.0,0.0,0.0,0.0,0.0,0.0,0.0,0.0,0.0,0.0,0.0,0.0,0.0,0.09090909090909091,0.0,0.1111111111111111,0.0,0.0,0.0,0.0,0.0,0.0,0.0,0.09090909090909091,0.0,0.1111111111111111,0.0,0.0,0.0,0.0,0.0,0.0,0.0,0.0,0.0,0.0,0.0,0.0,0.0,0.0,0.0,0.0,0.0,0.0,0.0,0.0,0.0,0.0,0.0,0.0,0.0,0.0,0.0,0.0,0.0,0.0,0.0,0.0,0.0,0.0,0.0,0.0,0.0,0.0,0.0,0.0,0.0,0.0,0.0,0.0,0.0,0.0,0.0,0.0,0.0,0.0,0.0,0.0,0.0,0.0,0.0,0.0,0.0,1,0,True,False
2021-05-20-ABI-S3,2021ABI,1.25,0.0,1.6666666666666667,0.0,0.0,0.125,0.0,0.16666666666666666,0.0,0.0,0.0,0.0,0.0,0.0,0.0,6.75,10.0,7.333333333333333,0.0,-10.0,1.25,6.0,0.6666666666666666,0.0,-6.0,0.0,0.0,0.0,0.0,0.0,1.375,8.0,0.5,0.0,-8.0,0.0,0.0,0.0,0.0,0.0,0.5,0.0,0.6666666666666666,0.0,0.0,1.125,4.0,0.8333333333333334,0.0,-4.0,0.125,0.0,0.16666666666666666,0.0,0.0,1.125,0.0,1.5,0.0,0.0,0.5,0.0,0.6666666666666666,0.0,0.0,0.0,0.0,0.0,0.0,0.0,1.875,7.0,1.3333333333333333,0.0,-7.0,0.625,1.0,0.6666666666666666,0.0,-1.0,0.0,0.0,0.0,0.0,0.0,1.0,6.0,0.3333333333333333,0.0,-6.0,0.0,0.0,0.0,0.0,0.0,0.125,0.0,0.16666666666666666,0.0,0.0,0.125,0.0,0.16666666666666666,0.0,0.0,0.5,0.0,0.6666666666666666,0.0,0.0,0.125,0.0,0.16666666666666666,0.0,0.0,0.0,0.0,0.0,0.0,0.0,0.0,0.0,0.0,0.0,0.0,0.5,3.0,0.16666666666666666,0.0,-3.0,0.0,0.0,0.0,0.0,0.0,0.125,0.0,0.16666666666666666,0.0,0.0,0.0,0.0,0.0,0.0,0.0,0.0,0.0,0.0,0.0,0.0,0.0,0.0,0.0,0.0,0.0,0.0,0.0,0.0,0.0,0.0,0.0,0.0,0.0,0.0,0.0,0.0,0.0,0.0,0.0,0.0,0.25,0.0,0.3333333333333333,0.0,0.0,0.5,0.0,0.6666666666666666,0.0,0.0,0.125,0.0,0.16666666666666666,0.0,0.0,0.375,0.0,0.5,0.0,0.0,0.5,0.0,0.3333333333333333,2.0,2.0,0.25,1.0,0.16666666666666666,0.0,-1.0,0.0,0.0,0.0,0.0,0.0,0.0,0.0,0.0,0.0,0.0,0.0,0.0,0.0,0.0,0.0,0.0,0.0,0.0,0.0,0.0,0.0,0.0,0.0,0.0,0.0,0.0,0.0,0.0,0.0,0.0,0.875,0.0,1.1666666666666667,0.0,0.0,0.625,0.0,0.6666666666666666,1.0,1.0,0.0,0.0,0.0,0.0,0.0,0.0,0.0,0.0,0.0,0.0,0.0,0.0,0.0,0.0,0.0,0.0,0.0,0.0,0.0,0.0,0.0,0.0,0.0,0.0,0.0,0.0,0.0,0.0,0.0,0.0,0.0,0.0,0.0,0.0,0.0,0.0,0.0,0.0,0.0,0.0,0.0,0.0,0.0,0.0,0.0,0.0,0.0,0.0,0.0,0.0,0.0,0.0,0.0,0.0,0.0,0.0,0.0,0.0,0.0,0.0,0.0,0.0,0.0,0.0,0.0,0.0,0.0,0.0,0.0,0.0,0.0,0.0,0.0,0.0,0.0,0.0,0.0,0.0,0.0,0.0,0.0,0.0,0.0,0.0,0.0,0.0,0.0,0.0,0.0,0.0,0.0,0.0,0.0,0.0,0.0,0.0,0.0,0.0,0.0,0.0,0.0,0.0,0.0,0.0,0.0,0.0,0.0,0.0,0.0,0.0,1,1,True,True
2021-05-20-ABI-S4,2021ABI,1.625,0.0,2.1666666666666665,0.0,0.0,0.125,0.0,0.16666666666666666,0.0,0.0,0.0,0.0,0.0,0.0,0.0,6.125,1.0,8.0,0.0,-1.0,1.0,0.0,1.3333333333333333,0.0,0.0,0.0,0.0,0.0,0.0,0.0,0.875,4.0,0.3333333333333333,1.0,-3.0,0.0,0.0,0.0,0.0,0.0,0.375,0.0,0.5,0.0,0.0,0.25,0.0,0.3333333333333333,0.0,0.0,0.125,0.0,0.16666666666666666,0.0,0.0,5.875,10.0,5.833333333333333,2.0,-8.0,1.875,1.0,2.3333333333333335,0.0,-1.0,0.0,0.0,0.0,0.0,0.0,2.75,11.0,1.5,2.0,-9.0,1.0,0.0,1.3333333333333333,0.0,0.0,0.0,0.0,0.0,0.0,0.0,0.375,0.0,0.5,0.0,0.0,0.0,0.0,0.0,0.0,0.0,0.25,0.0,0.3333333333333333,0.0,0.0,0.375,0.0,0.5,0.0,0.0,1.0,1.0,1.1666666666666667,0.0,-1.0,1.0,0.0,1.3333333333333333,0.0,0.0,0.0,0.0,0.0,0.0,0.0,0.0,0.0,0.0,0.0,0.0,0.5,3.0,0.16666666666666666,0.0,-3.0,0.125,0.0,0.16666666666666666,0.0,0.0,0.125,0.0,0.16666666666666666,0.0,0.0,0.0,0.0,0.0,0.0,0.0,0.0,0.0,0.0,0.0,0.0,0.0,0.0,0.0,0.0,0.0,0.0,0.0,0.0,0.0,0.0,0.0,0.0,0.0,0.0,0.0,0.0,0.0,0.0,0.0,0.0,0.125,0.0,0.16666666666666666,0.0,0.0,0.625,0.0,0.8333333333333334,0.0,0.0,0.125,0.0,0.16666666666666666,0.0,0.0,0.125,0.0,0.16666666666666666,0.0,0.0,0.625,0.0,0.6666666666666666,1.0,1.0,0.125,0.0,0.16666666666666666,0.0,0.0,0.0,0.0,0.0,0.0,0.0,0.0,0.0,0.0,0.0,0.0,0.0,0.0,0.0,0.0,0.0,0.0,0.0,0.0,0.0,0.0,0.0,0.0,0.0,0.0,0.0,0.0,0.0,0.0,0.0,0.0,1.5,0.0,2.0,0.0,0.0,0.75,0.0,1.0,0.0,0.0,0.0,0.0,0.0,0.0,0.0,0.0,0.0,0.0,0.0,0.0,0.0,0.0,0.0,0.0,0.0,0.125,0.0,0.16666666666666666,0.0,0.0,0.0,0.0,0.0,0.0,0.0,0.0,0.0,0.0,0.0,0.0,0.0,0.0,0.0,0.0,0.0,0.0,0.0,0.0,0.0,0.0,0.0,0.0,0.0,0.0,0.0,0.0,0.0,0.0,0.0,0.0,0.0,0.0,0.0,0.0,0.0,0.0,0.0,0.0,0.0,0.0,0.0,0.0,0.0,0.0,0.0,0.0,0.0,0.0,0.0,0.0,0.0,0.0,0.0,0.0,0.0,0.0,0.0,0.0,0.0,0.0,0.0,0.0,0.0,0.0,0.0,0.125,0.0,0.16666666666666666,0.0,0.0,0.0,0.0,0.0,0.0,0.0,0.0,0.0,0.0,0.0,0.0,0.0,0.0,0.0,0.0,0.0,0.0,0.0,0.0,0.0,0.0,2,2,True,True
2021-05-20-ABI-S5,2021ABI,1.0,0.0,1.3333333333333333,0.0,0.0,0.25,0.0,0.3333333333333333,0.0,0.0,0.0,0.0,0.0,0.0,0.0,3.375,7.0,3.1666666666666665,1.0,-6.0,2.5,3.0,2.8333333333333335,0.0,-3.0,0.0,0.0,0.0,0.0,0.0,1.25,5.0,0.5,2.0,-3.0,0.0,0.0,0.0,0.0,0.0,0.25,2.0,0.0,0.0,-2.0,0.25,0.0,0.3333333333333333,0.0,0.0,0.5,0.0,0.6666666666666666,0.0,0.0,1.875,3.0,2.0,0.0,-3.0,0.5,0.0,0.6666666666666666,0.0,0.0,0.0,0.0,0.0,0.0,0.0,3.375,4.0,3.8333333333333335,0.0,-4.0,1.125,1.0,1.3333333333333333,0.0,-1.0,0.0,0.0,0.0,0.0,0.0,0.375,1.0,0.3333333333333333,0.0,-1.0,0.0,0.0,0.0,0.0,0.0,0.125,1.0,0.0,0.0,-1.0,0.0,0.0,0.0,0.0,0.0,0.125,0.0,0.16666666666666666,0.0,0.0,0.25,0.0,0.3333333333333333,0.0,0.0,0.0,0.0,0.0,0.0,0.0,0.0,0.0,0.0,0.0,0.0,1.5,1.0,1.8333333333333333,0.0,-1.0,0.625,0.0,0.8333333333333334,0.0,0.0,0.5,0.0,0.6666666666666666,0.0,0.0,0.0,0.0,0.0,0.0,0.0,0.0,0.0,0.0,0.0,0.0,0.125,0.0,0.16666666666666666,0.0,0.0,0.0,0.0,0.0,0.0,0.0,0.0,0.0,0.0,0.0,0.0,0.125,0.0,0.16666666666666666,0.0,0.0,0.0,0.0,0.0,0.0,0.0,0.375,2.0,0.16666666666666666,0.0,-2.0,0.0,0.0,0.0,0.0,0.0,0.25,1.0,0.16666666666666666,0.0,-1.0,0.0,0.0,0.0,0.0,0.0,0.25,1.0,0.16666666666666666,0.0,-1.0,0.125,0.0,0.16666666666666666,0.0,0.0,0.0,0.0,0.0,0.0,0.0,0.0,0.0,0.0,0.0,0.0,0.125,0.0,0.16666666666666666,0.0,0.0,0.0,0.0,0.0,0.0,0.0,0.0,0.0,0.0,0.0,0.0,2.75,2.0,3.3333333333333335,0.0,-2.0,0.625,1.0,0.6666666666666666,0.0,-1.0,0.0,0.0,0.0,0.0,0.0,0.0,0.0,0.0,0.0,0.0,0.0,0.0,0.0,0.0,0.0,0.0,0.0,0.0,0.0,0.0,0.0,0.0,0.0,0.0,0.0,0.0,0.0,0.0,0.0,0.0,0.125,1.0,0.0,0.0,-1.0,0.0,0.0,0.0,0.0,0.0,0.0,0.0,0.0,0.0,0.0,0.0,0.0,0.0,0.0,0.0,0.0,0.0,0.0,0.0,0.0,0.0,0.0,0.0,0.0,0.0,0.0,0.0,0.0,0.0,0.0,0.0,0.0,0.0,0.0,0.0,0.0,0.0,0.0,0.0,0.0,0.0,0.0,0.0,0.0,0.0,0.0,0.0,0.0,0.0,0.0,0.0,0.0,0.0,0.0,0.0,0.0,0.0,0.0,0.0,0.0,0.0,0.0,0.0,0.0,0.0,0.0,0.0,0.0,0.0,0.0,0.0,0.0,0.0,0.0,0.0,1,0,True,False
2021-05-20-ABI-S6,2021ABI,1.125,0.0,1.1666666666666667,2.0,2.0,0.0,0.0,0.0,0.0,0.0,0.25,0.0,0.3333333333333333,0.0,0.0,7.25,7.0,7.666666666666667,5.0,-2.0,1.375,2.0,1.1666666666666667,2.0,0.0,0.0,0.0,0.0,0.0,0.0,1.125,6.0,0.3333333333333333,1.0,-5.0,0.0,0.0,0.0,0.0,0.0,0.0,0.0,0.0,0.0,0.0,0.75,0.0,0.8333333333333334,1.0,1.0,0.125,0.0,0.16666666666666666,0.0,0.0,2.375,7.0,2.0,0.0,-7.0,0.75,0.0,0.8333333333333334,1.0,1.0,0.0,0.0,0.0,0.0,0.0,2.625,15.0,0.8333333333333334,1.0,-14.0,1.0,0.0,1.1666666666666667,1.0,1.0,0.0,0.0,0.0,0.0,0.0,0.625,0.0,0.8333333333333334,0.0,0.0,0.0,0.0,0.0,0.0,0.0,0.5,1.0,0.3333333333333333,1.0,0.0,0.0,0.0,0.0,0.0,0.0,0.625,2.0,0.5,0.0,-2.0,0.75,0.0,1.0,0.0,0.0,0.0,0.0,0.0,0.0,0.0,0.125,0.0,0.0,1.0,1.0,1.0,3.0,0.6666666666666666,1.0,-2.0,0.5,0.0,0.6666666666666666,0.0,0.0,0.5,1.0,0.3333333333333333,1.0,0.0,0.0,0.0,0.0,0.0,0.0,0.0,0.0,0.0,0.0,0.0,0.0,0.0,0.0,0.0,0.0,0.0,0.0,0.0,0.0,0.0,0.0,0.0,0.0,0.0,0.0,0.0,0.0,0.0,0.0,0.0,0.125,0.0,0.16666666666666666,0.0,0.0,0.5,0.0,0.6666666666666666,0.0,0.0,0.0,0.0,0.0,0.0,0.0,0.125,0.0,0.16666666666666666,0.0,0.0,0.0,0.0,0.0,0.0,0.0,0.0,0.0,0.0,0.0,0.0,0.0,0.0,0.0,0.0,0.0,0.0,0.0,0.0,0.0,0.0,0.0,0.0,0.0,0.0,0.0,0.0,0.0,0.0,0.0,0.0,0.0,0.0,0.0,0.0,0.0,0.0,0.0,0.0,0.0,0.0,0.875,0.0,1.1666666666666667,0.0,0.0,0.375,1.0,0.3333333333333333,0.0,-1.0,0.0,0.0,0.0,0.0,0.0,0.0,0.0,0.0,0.0,0.0,0.25,0.0,0.3333333333333333,0.0,0.0,0.25,0.0,0.3333333333333333,0.0,0.0,0.0,0.0,0.0,0.0,0.0,0.0,0.0,0.0,0.0,0.0,0.125,0.0,0.0,1.0,1.0,0.0,0.0,0.0,0.0,0.0,0.0,0.0,0.0,0.0,0.0,0.0,0.0,0.0,0.0,0.0,0.0,0.0,0.0,0.0,0.0,0.0,0.0,0.0,0.0,0.0,0.0,0.0,0.0,0.0,0.0,0.0,0.0,0.0,0.0,0.0,0.0,0.0,0.0,0.0,0.0,0.0,0.0,0.0,0.0,0.0,0.0,0.0,0.0,0.0,0.0,0.0,0.0,0.0,0.0,0.0,0.0,0.0,0.0,0.0,0.0,0.0,0.0,0.0,0.0,0.0,0.0,0.0,0.0,0.0,0.0,0.0,0.0,0.0,0.0,0.0,2,1,True,True
2021-05-20-ABI-S7,2021ABI,0.75,0.0,1.0,0.0,0.0,0.0,0.0,0.0,0.0,0.0,0.0,0.0,0.0,0.0,0.0,5.625,4.0,6.5,2.0,-2.0,1.0,1.0,1.1666666666666667,0.0,-1.0,0.0,0.0,0.0,0.0,0.0,1.625,8.0,0.5,2.0,-6.0,0.0,0.0,0.0,0.0,0.0,0.5,0.0,0.6666666666666666,0.0,0.0,1.125,0.0,1.5,0.0,0.0,0.25,0.0,0.3333333333333333,0.0,0.0,2.625,0.0,3.5,0.0,0.0,0.125,0.0,0.16666666666666666,0.0,0.0,0.0,0.0,0.0,0.0,0.0,1.625,6.0,1.1666666666666667,0.0,-6.0,0.375,0.0,0.5,0.0,0.0,0.0,0.0,0.0,0.0,0.0,0.0,0.0,0.0,0.0,0.0,0.0,0.0,0.0,0.0,0.0,0.125,0.0,0.0,1.0,1.0,0.125,0.0,0.16666666666666666,0.0,0.0,0.125,0.0,0.16666666666666666,0.0,0.0,0.125,0.0,0.16666666666666666,0.0,0.0,0.0,0.0,0.0,0.0,0.0,0.0,0.0,0.0,0.0,0.0,0.375,2.0,0.16666666666666666,0.0,-2.0,0.0,0.0,0.0,0.0,0.0,0.25,0.0,0.3333333333333333,0.0,0.0,0.0,0.0,0.0,0.0,0.0,0.0,0.0,0.0,0.0,0.0,0.0,0.0,0.0,0.0,0.0,0.0,0.0,0.0,0.0,0.0,0.0,0.0,0.0,0.0,0.0,0.0,0.0,0.0,0.0,0.0,0.0,0.0,0.0,0.0,0.0,0.375,0.0,0.5,0.0,0.0,0.0,0.0,0.0,0.0,0.0,0.375,0.0,0.5,0.0,0.0,0.375,0.0,0.16666666666666666,2.0,2.0,0.125,0.0,0.16666666666666666,0.0,0.0,0.0,0.0,0.0,0.0,0.0,0.0,0.0,0.0,0.0,0.0,0.0,0.0,0.0,0.0,0.0,0.0,0.0,0.0,0.0,0.0,0.0,0.0,0.0,0.0,0.0,0.0,0.0,0.0,0.0,0.0,1.5,1.0,1.8333333333333333,0.0,-1.0,0.5,0.0,0.5,1.0,1.0,0.0,0.0,0.0,0.0,0.0,0.0,0.0,0.0,0.0,0.0,0.0,0.0,0.0,0.0,0.0,0.5,1.0,0.5,0.0,-1.0,0.0,0.0,0.0,0.0,0.0,0.0,0.0,0.0,0.0,0.0,0.0,0.0,0.0,0.0,0.0,0.0,0.0,0.0,0.0,0.0,0.0,0.0,0.0,0.0,0.0,0.0,0.0,0.0,0.0,0.0,0.0,0.0,0.0,0.0,0.0,0.0,0.0,0.0,0.0,0.0,0.0,0.0,0.0,0.0,0.0,0.0,0.0,0.0,0.0,0.0,0.0,0.0,0.0,0.0,0.0,0.0,0.0,0.0,0.0,0.0,0.0,0.0,0.0,0.0,0.0,0.0,0.0,0.0,0.0,0.0,0.0,0.0,0.0,0.0,0.0,0.0,0.0,0.0,0.0,0.0,0.0,0.0,0.0,0.0,0.0,0.0,0.0,0.0,0.0,0.0,1,1,True,True
2021-05-20-ABI-S8,2021ABI,1.25,0.0,1.5,1.0,1.0,0.0,0.0,0.0,0.0,0.0,0.0,0.0,0.0,0.0,0.0,4.125,1.0,5.0,2.0,1.0,2.125,0.0,2.6666666666666665,1.0,1.0,0.0,0.0,0.0,0.0,0.0,5.5,39.0,0.8333333333333334,0.0,-39.0,0.0,0.0,0.0,0.0,0.0,0.0,0.0,0.0,0.0,0.0,0.625,0.0,0.6666666666666666,1.0,1.0,0.0,0.0,0.0,0.0,0.0,1.5,0.0,1.6666666666666667,2.0,2.0,0.375,0.0,0.5,0.0,0.0,0.25,0.0,0.16666666666666666,1.0,1.0,2.75,0.0,3.3333333333333335,2.0,2.0,0.375,0.0,0.5,0.0,0.0,0.0,0.0,0.0,0.0,0.0,0.125,1.0,0.0,0.0,-1.0,0.0,0.0,0.0,0.0,0.0,0.25,0.0,0.16666666666666666,1.0,1.0,0.0,0.0,0.0,0.0,0.0,0.125,0.0,0.0,1.0,1.0,0.5,0.0,0.5,1.0,1.0,0.0,0.0,0.0,0.0,0.0,0.0,0.0,0.0,0.0,0.0,0.875,0.0,1.0,1.0,1.0,0.5,0.0,0.6666666666666666,0.0,0.0,0.875,0.0,1.1666666666666667,0.0,0.0,0.0,0.0,0.0,0.0,0.0,0.0,0.0,0.0,0.0,0.0,0.0,0.0,0.0,0.0,0.0,0.0,0.0,0.0,0.0,0.0,0.0,0.0,0.0,0.0,0.0,0.0,0.0,0.0,0.0,0.0,0.0,0.0,0.0,0.0,0.0,0.625,0.0,0.6666666666666666,1.0,1.0,0.125,0.0,0.0,1.0,1.0,0.375,0.0,0.5,0.0,0.0,0.0,0.0,0.0,0.0,0.0,0.0,0.0,0.0,0.0,0.0,0.125,0.0,0.16666666666666666,0.0,0.0,0.0,0.0,0.0,0.0,0.0,0.0,0.0,0.0,0.0,0.0,0.0,0.0,0.0,0.0,0.0,0.0,0.0,0.0,0.0,0.0,0.0,0.0,0.0,0.0,0.0,3.0,0.0,3.6666666666666665,2.0,2.0,1.375,0.0,1.6666666666666667,1.0,1.0,0.0,0.0,0.0,0.0,0.0,0.0,0.0,0.0,0.0,0.0,0.0,0.0,0.0,0.0,0.0,0.0,0.0,0.0,0.0,0.0,0.125,0.0,0.16666666666666666,0.0,0.0,0.0,0.0,0.0,0.0,0.0,0.125,0.0,0.16666666666666666,0.0,0.0,0.0,0.0,0.0,0.0,0.0,0.0,0.0,0.0,0.0,0.0,0.0,0.0,0.0,0.0,0.0,0.0,0.0,0.0,0.0,0.0,0.0,0.0,0.0,0.0,0.0,0.0,0.0,0.0,0.0,0.0,0.125,0.0,0.16666666666666666,0.0,0.0,0.0,0.0,0.0,0.0,0.0,0.0,0.0,0.0,0.0,0.0,0.0,0.0,0.0,0.0,0.0,0.0,0.0,0.0,0.0,0.0,0.0,0.0,0.0,0.0,0.0,0.0,0.0,0.0,0.0,0.0,0.0,0.0,0.0,0.0,0.0,0.0,0.0,0.0,0.0,0.0,0,0,False,False
2021-05-21-ABI-S1,2021ABI,2.111111111111111,0.0,2.7142857142857144,0.0,0.0,0.0,0.0,0.0,0.0,0.0,0.3333333333333333,0.0,0.42857142857142855,0.0,0.0,8.11111111111111,10.0,8.714285714285714,2.0,-8.0,2.111111111111111,0.0,2.5714285714285716,1.0,1.0,0.0,0.0,0.0,0.0,0.0,1.0,0.0,1.2857142857142858,0.0,0.0,0.0,0.0,0.0,0.0,0.0,0.3333333333333333,0.0,0.42857142857142855,0.0,0.0,0.6666666666666666,0.0,0.8571428571428571,0.0,0.0,0.3333333333333333,0.0,0.42857142857142855,0.0,0.0,2.0,8.0,1.4285714285714286,0.0,-8.0,1.0,0.0,1.2857142857142858,0.0,0.0,0.0,0.0,0.0,0.0,0.0,2.888888888888889,13.0,1.7142857142857142,1.0,-12.0,1.1111111111111112,2.0,1.1428571428571428,0.0,-2.0,0.0,0.0,0.0,0.0,0.0,0.3333333333333333,0.0,0.42857142857142855,0.0,0.0,0.0,0.0,0.0,0.0,0.0,0.3333333333333333,1.0,0.2857142857142857,0.0,-1.0,0.1111111111111111,0.0,0.14285714285714285,0.0,0.0,0.2222222222222222,0.0,0.2857142857142857,0.0,0.0,0.2222222222222222,0.0,0.2857142857142857,0.0,0.0,0.1111111111111111,0.0,0.14285714285714285,0.0,0.0,0.0,0.0,0.0,0.0,0.0,1.3333333333333333,2.0,1.4285714285714286,0.0,-2.0,0.0,0.0,0.0,0.0,0.0,0.4444444444444444,0.0,0.42857142857142855,1.0,1.0,0.0,0.0,0.0,0.0,0.0,0.0,0.0,0.0,0.0,0.0,0.0,0.0,0.0,0.0,0.0,0.0,0.0,0.0,0.0,0.0,0.1111111111111111,0.0,0.14285714285714285,0.0,0.0,0.0,0.0,0.0,0.0,0.0,0.1111111111111111,0.0,0.14285714285714285,0.0,0.0,0.6666666666666666,1.0,0.7142857142857143,0.0,-1.0,0.0,0.0,0.0,0.0,0.0,0.6666666666666666,2.0,0.5714285714285714,0.0,-2.0,0.0,0.0,0.0,0.0,0.0,0.0,0.0,0.0,0.0,0.0,0.1111111111111111,0.0,0.14285714285714285,0.0,0.0,0.0,0.0,0.0,0.0,0.0,0.0,0.0,0.0,0.0,0.0,0.0,0.0,0.0,0.0,0.0,0.0,0.0,0.0,0.0,0.0,0.0,0.0,0.0,0.0,0.0,1.6666666666666667,0.0,2.142857142857143,0.0,0.0,0.7777777777777778,0.0,0.8571428571428571,1.0,1.0,0.0,0.0,0.0,0.0,0.0,0.1111111111111111,0.0,0.14285714285714285,0.0,0.0,0.0,0.0,0.0,0.0,0.0,0.5555555555555556,0.0,0.7142857142857143,0.0,0.0,0.0,0.0,0.0,0.0,0.0,0.0,0.0,0.0,0.0,0.0,0.1111111111111111,0.0,0.14285714285714285,0.0,0.0,0.0,0.0,0.0,0.0,0.0,0.0,0.0,0.0,0.0,0.0,0.0,0.0,0.0,0.0,0.0,0.0,0.0,0.0,0.0,0.0,0.0,0.0,0.0,0.0,0.0,0.0,0.0,0.0,0.0,0.0,0.0,0.0,0.0,0.0,0.0,0.0,0.0,0.0,0.0,0.0,0.0,0.0,0.0,0.0,0.0,0.0,0.0,0.0,0.0,0.0,0.0,0.0,0.0,0.0,0.0,0.0,0.0,0.0,0.0,0.0,0.0,0.0,0.0,0.0,0.0,0.0,0.0,0.0,0.0,0.0,0.0,0.0,0.0,0.0,0.0,0,0,False,False
2021-05-21-ABI-S10,2021ABI,0.25,0.0,0.3333333333333333,0.0,0.0,0.0,0.0,0.0,0.0,0.0,0.0,0.0,0.0,0.0,0.0,2.375,0.0,3.0,1.0,1.0,1.375,0.0,1.8333333333333333,0.0,0.0,0.0,0.0,0.0,0.0,0.0,1.5,3.0,1.3333333333333333,1.0,-2.0,0.0,0.0,0.0,0.0,0.0,0.75,0.0,1.0,0.0,0.0,1.0,0.0,1.3333333333333333,0.0,0.0,0.0,0.0,0.0,0.0,0.0,2.375,10.0,1.5,0.0,-10.0,0.375,0.0,0.5,0.0,0.0,0.0,0.0,0.0,0.0,0.0,3.0,10.0,2.3333333333333335,0.0,-10.0,1.625,0.0,2.1666666666666665,0.0,0.0,0.0,0.0,0.0,0.0,0.0,0.25,0.0,0.3333333333333333,0.0,0.0,0.0,0.0,0.0,0.0,0.0,0.25,0.0,0.3333333333333333,0.0,0.0,0.0,0.0,0.0,0.0,0.0,0.0,0.0,0.0,0.0,0.0,0.125,0.0,0.16666666666666666,0.0,0.0,0.125,0.0,0.16666666666666666,0.0,0.0,0.0,0.0,0.0,0.0,0.0,0.75,0.0,1.0,0.0,0.0,0.375,0.0,0.5,0.0,0.0,0.0,0.0,0.0,0.0,0.0,0.0,0.0,0.0,0.0,0.0,0.0,0.0,0.0,0.0,0.0,0.0,0.0,0.0,0.0,0.0,0.0,0.0,0.0,0.0,0.0,0.0,0.0,0.0,0.0,0.0,0.0,0.0,0.0,0.0,0.0,0.0,0.0,0.0,0.0,0.0,0.25,0.0,0.3333333333333333,0.0,0.0,0.125,0.0,0.16666666666666666,0.0,0.0,0.25,0.0,0.3333333333333333,0.0,0.0,0.75,0.0,1.0,0.0,0.0,0.125,0.0,0.16666666666666666,0.0,0.0,0.0,0.0,0.0,0.0,0.0,0.0,0.0,0.0,0.0,0.0,0.0,0.0,0.0,0.0,0.0,0.0,0.0,0.0,0.0,0.0,0.0,0.0,0.0,0.0,0.0,0.0,0.0,0.0,0.0,0.0,0.625,0.0,0.8333333333333334,0.0,0.0,0.625,0.0,0.8333333333333334,0.0,0.0,0.125,0.0,0.16666666666666666,0.0,0.0,0.125,0.0,0.16666666666666666,0.0,0.0,0.125,0.0,0.16666666666666666,0.0,0.0,0.25,0.0,0.3333333333333333,0.0,0.0,0.0,0.0,0.0,0.0,0.0,0.0,0.0,0.0,0.0,0.0,0.25,0.0,0.3333333333333333,0.0,0.0,0.0,0.0,0.0,0.0,0.0,0.0,0.0,0.0,0.0,0.0,0.0,0.0,0.0,0.0,0.0,0.0,0.0,0.0,0.0,0.0,0.0,0.0,0.0,0.0,0.0,0.0,0.0,0.0,0.0,0.0,0.0,0.0,0.0,0.0,0.0,0.0,0.0,0.0,0.0,0.0,0.0,0.0,0.0,0.0,0.0,0.0,0.0,0.0,0.0,0.0,0.125,0.0,0.16666666666666666,0.0,0.0,0.0,0.0,0.0,0.0,0.0,0.0,0.0,0.0,0.0,0.0,0.0,0.0,0.0,0.0,0.0,0.0,0.0,0.0,0.0,0.0,0,0,False,False
2021-05-21-ABI-S11,2021ABI,0.75,0.0,1.0,0.0,0.0,0.0,0.0,0.0,0.0,0.0,0.25,0.0,0.3333333333333333,0.0,0.0,5.625,7.0,6.333333333333333,0.0,-7.0,1.25,0.0,1.6666666666666667,0.0,0.0,0.0,0.0,0.0,0.0,0.0,1.375,0.0,1.8333333333333333,0.0,0.0,0.0,0.0,0.0,0.0,0.0,1.125,7.0,0.3333333333333333,0.0,-7.0,0.75,0.0,1.0,0.0,0.0,0.125,0.0,0.16666666666666666,0.0,0.0,2.625,2.0,3.0,1.0,-1.0,0.5,0.0,0.6666666666666666,0.0,0.0,0.0,0.0,0.0,0.0,0.0,2.875,7.0,2.5,1.0,-6.0,0.75,1.0,0.8333333333333334,0.0,-1.0,0.0,0.0,0.0,0.0,0.0,0.375,0.0,0.5,0.0,0.0,0.0,0.0,0.0,0.0,0.0,1.0,0.0,1.3333333333333333,0.0,0.0,0.125,1.0,0.0,0.0,-1.0,0.25,0.0,0.3333333333333333,0.0,0.0,0.25,0.0,0.3333333333333333,0.0,0.0,0.0,0.0,0.0,0.0,0.0,0.0,0.0,0.0,0.0,0.0,0.375,0.0,0.5,0.0,0.0,0.0,0.0,0.0,0.0,0.0,0.625,0.0,0.8333333333333334,0.0,0.0,0.0,0.0,0.0,0.0,0.0,0.0,0.0,0.0,0.0,0.0,0.0,0.0,0.0,0.0,0.0,0.0,0.0,0.0,0.0,0.0,0.0,0.0,0.0,0.0,0.0,0.0,0.0,0.0,0.0,0.0,0.0,0.0,0.0,0.0,0.0,0.625,0.0,0.8333333333333334,0.0,0.0,0.0,0.0,0.0,0.0,0.0,0.625,0.0,0.8333333333333334,0.0,0.0,0.125,0.0,0.16666666666666666,0.0,0.0,0.0,0.0,0.0,0.0,0.0,0.0,0.0,0.0,0.0,0.0,0.0,0.0,0.0,0.0,0.0,0.0,0.0,0.0,0.0,0.0,0.0,0.0,0.0,0.0,0.0,0.0,0.0,0.0,0.0,0.0,0.0,0.0,0.0,0.0,0.0,2.25,0.0,3.0,0.0,0.0,0.875,0.0,1.1666666666666667,0.0,0.0,0.0,0.0,0.0,0.0,0.0,0.0,0.0,0.0,0.0,0.0,0.0,0.0,0.0,0.0,0.0,0.125,1.0,0.0,0.0,-1.0,0.0,0.0,0.0,0.0,0.0,0.0,0.0,0.0,0.0,0.0,0.125,0.0,0.16666666666666666,0.0,0.0,0.0,0.0,0.0,0.0,0.0,0.0,0.0,0.0,0.0,0.0,0.0,0.0,0.0,0.0,0.0,0.0,0.0,0.0,0.0,0.0,0.0,0.0,0.0,0.0,0.0,0.0,0.0,0.0,0.0,0.0,0.0,0.0,0.0,0.0,0.0,0.0,0.0,0.0,0.0,0.0,0.0,0.0,0.0,0.0,0.0,0.0,0.0,0.0,0.0,0.0,0.0,0.0,0.0,0.0,0.0,0.0,0.0,0.0,0.0,0.0,0.0,0.0,0.0,0.0,0.0,0.0,0.0,0.0,0.0,0.0,0.0,0.0,0.0,0.0,0.0,2,1,True,True
2021-05-21-ABI-S12,2021ABI,0.5,0.0,0.625,0.0,0.0,0.0,0.0,0.0,0.0,0.0,0.1,0.0,0.125,0.0,0.0,3.9,2.0,4.5,1.0,-1.0,1.4,1.0,1.625,0.0,-1.0,0.0,0.0,0.0,0.0,0.0,2.5,1.0,2.375,5.0,4.0,0.0,0.0,0.0,0.0,0.0,0.0,0.0,0.0,0.0,0.0,1.0,0.0,1.25,0.0,0.0,0.2,0.0,0.25,0.0,0.0,4.4,10.0,4.25,0.0,-10.0,0.1,0.0,0.125,0.0,0.0,0.0,0.0,0.0,0.0,0.0,2.6,9.0,2.125,0.0,-9.0,0.4,1.0,0.375,0.0,-1.0,0.0,0.0,0.0,0.0,0.0,0.4,0.0,0.5,0.0,0.0,0.0,0.0,0.0,0.0,0.0,0.9,0.0,0.875,2.0,2.0,0.1,0.0,0.125,0.0,0.0,0.3,0.0,0.375,0.0,0.0,0.4,0.0,0.5,0.0,0.0,0.0,0.0,0.0,0.0,0.0,0.0,0.0,0.0,0.0,0.0,0.7,0.0,0.875,0.0,0.0,0.3,0.0,0.375,0.0,0.0,0.8,0.0,0.75,2.0,2.0,0.0,0.0,0.0,0.0,0.0,0.0,0.0,0.0,0.0,0.0,0.0,0.0,0.0,0.0,0.0,0.1,0.0,0.125,0.0,0.0,0.0,0.0,0.0,0.0,0.0,0.1,0.0,0.125,0.0,0.0,0.0,0.0,0.0,0.0,0.0,0.4,0.0,0.5,0.0,0.0,0.3,0.0,0.375,0.0,0.0,0.3,0.0,0.375,0.0,0.0,0.3,0.0,0.375,0.0,0.0,0.0,0.0,0.0,0.0,0.0,0.1,0.0,0.125,0.0,0.0,0.0,0.0,0.0,0.0,0.0,0.0,0.0,0.0,0.0,0.0,0.0,0.0,0.0,0.0,0.0,0.0,0.0,0.0,0.0,0.0,0.0,0.0,0.0,0.0,0.0,2.1,0.0,2.625,0.0,0.0,1.2,0.0,1.5,0.0,0.0,0.0,0.0,0.0,0.0,0.0,0.0,0.0,0.0,0.0,0.0,0.0,0.0,0.0,0.0,0.0,0.1,0.0,0.125,0.0,0.0,0.0,0.0,0.0,0.0,0.0,0.0,0.0,0.0,0.0,0.0,0.3,0.0,0.375,0.0,0.0,0.0,0.0,0.0,0.0,0.0,0.0,0.0,0.0,0.0,0.0,0.0,0.0,0.0,0.0,0.0,0.1,1.0,0.0,0.0,-1.0,0.0,0.0,0.0,0.0,0.0,0.0,0.0,0.0,0.0,0.0,0.0,0.0,0.0,0.0,0.0,0.0,0.0,0.0,0.0,0.0,0.0,0.0,0.0,0.0,0.0,0.0,0.0,0.0,0.0,0.0,0.0,0.0,0.0,0.0,0.0,0.0,0.0,0.0,0.0,0.0,0.0,0.0,0.0,0.0,0.0,0.0,0.0,0.0,0.0,0.0,0.0,0.0,0.0,0.0,0.0,3,1,True,True
2021-05-21-ABI-S13,2021ABI,0.7777777777777778,0.0,1.0,0.0,0.0,0.0,0.0,0.0,0.0,0.0,0.0,0.0,0.0,0.0,0.0,6.222222222222222,4.0,7.428571428571429,0.0,-4.0,1.0,0.0,1.2857142857142858,0.0,0.0,0.2222222222222222,0.0,0.2857142857142857,0.0,0.0,0.5555555555555556,2.0,0.42857142857142855,0.0,-2.0,0.0,0.0,0.0,0.0,0.0,0.8888888888888888,5.0,0.42857142857142855,0.0,-5.0,0.2222222222222222,0.0,0.2857142857142857,0.0,0.0,0.1111111111111111,0.0,0.14285714285714285,0.0,0.0,3.5555555555555554,4.0,3.857142857142857,1.0,-3.0,0.5555555555555556,2.0,0.42857142857142855,0.0,-2.0,0.0,0.0,0.0,0.0,0.0,1.8888888888888888,7.0,1.4285714285714286,0.0,-7.0,0.4444444444444444,1.0,0.42857142857142855,0.0,-1.0,0.0,0.0,0.0,0.0,0.0,0.6666666666666666,0.0,0.8571428571428571,0.0,0.0,0.0,0.0,0.0,0.0,0.0,0.3333333333333333,0.0,0.42857142857142855,0.0,0.0,0.0,0.0,0.0,0.0,0.0,0.7777777777777778,0.0,1.0,0.0,0.0,0.5555555555555556,0.0,0.7142857142857143,0.0,0.0,0.0,0.0,0.0,0.0,0.0,0.0,0.0,0.0,0.0,0.0,0.4444444444444444,1.0,0.42857142857142855,0.0,-1.0,0.0,0.0,0.0,0.0,0.0,0.1111111111111111,0.0,0.14285714285714285,0.0,0.0,0.0,0.0,0.0,0.0,0.0,0.0,0.0,0.0,0.0,0.0,0.0,0.0,0.0,0.0,0.0,0.0,0.0,0.0,0.0,0.0,0.1111111111111111,0.0,0.14285714285714285,0.0,0.0,0.0,0.0,0.0,0.0,0.0,0.1111111111111111,0.0,0.14285714285714285,0.0,0.0,0.3333333333333333,0.0,0.42857142857142855,0.0,0.0,0.0,0.0,0.0,0.0,0.0,0.2222222222222222,0.0,0.2857142857142857,0.0,0.0,0.4444444444444444,0.0,0.5714285714285714,0.0,0.0,0.1111111111111111,0.0,0.14285714285714285,0.0,0.0,0.0,0.0,0.0,0.0,0.0,0.1111111111111111,0.0,0.14285714285714285,0.0,0.0,0.0,0.0,0.0,0.0,0.0,0.1111111111111111,0.0,0.14285714285714285,0.0,0.0,0.0,0.0,0.0,0.0,0.0,0.0,0.0,0.0,0.0,0.0,1.4444444444444444,1.0,1.5714285714285714,1.0,0.0,0.3333333333333333,3.0,0.0,0.0,-3.0,0.0,0.0,0.0,0.0,0.0,0.0,0.0,0.0,0.0,0.0,0.2222222222222222,0.0,0.2857142857142857,0.0,0.0,0.0,0.0,0.0,0.0,0.0,0.0,0.0,0.0,0.0,0.0,0.0,0.0,0.0,0.0,0.0,0.2222222222222222,0.0,0.2857142857142857,0.0,0.0,0.0,0.0,0.0,0.0,0.0,0.0,0.0,0.0,0.0,0.0,0.0,0.0,0.0,0.0,0.0,0.0,0.0,0.0,0.0,0.0,0.0,0.0,0.0,0.0,0.0,0.0,0.0,0.0,0.0,0.0,0.0,0.0,0.0,0.0,0.0,0.0,0.0,0.0,0.0,0.0,0.0,0.0,0.0,0.0,0.0,0.0,0.0,0.0,0.0,0.0,0.0,0.0,0.0,0.0,0.0,0.0,0.0,0.0,0.0,0.0,0.0,0.0,0.0,0.0,0.0,0.0,0.0,0.0,0.0,0.0,0.0,0.0,0.0,0.0,0.0,2,1,True,True
2021-05-21-ABI-S14,2021ABI,0.7142857142857143,0.0,0.8,1.0,1.0,0.42857142857142855,0.0,0.6,0.0,0.0,0.0,0.0,0.0,0.0,0.0,6.285714285714286,4.0,5.6,12.0,8.0,0.7142857142857143,1.0,0.4,2.0,1.0,0.0,0.0,0.0,0.0,0.0,1.0,4.0,0.2,2.0,-2.0,0.0,0.0,0.0,0.0,0.0,0.14285714285714285,0.0,0.2,0.0,0.0,0.42857142857142855,1.0,0.2,1.0,0.0,0.14285714285714285,0.0,0.2,0.0,0.0,3.7142857142857144,10.0,3.0,1.0,-9.0,0.2857142857142857,0.0,0.4,0.0,0.0,0.0,0.0,0.0,0.0,0.0,3.0,10.0,2.0,1.0,-9.0,0.7142857142857143,0.0,1.0,0.0,0.0,0.0,0.0,0.0,0.0,0.0,0.0,0.0,0.0,0.0,0.0,0.0,0.0,0.0,0.0,0.0,0.42857142857142855,0.0,0.4,1.0,1.0,0.0,0.0,0.0,0.0,0.0,0.14285714285714285,0.0,0.2,0.0,0.0,0.2857142857142857,0.0,0.4,0.0,0.0,0.0,0.0,0.0,0.0,0.0,0.0,0.0,0.0,0.0,0.0,0.14285714285714285,0.0,0.2,0.0,0.0,0.14285714285714285,0.0,0.2,0.0,0.0,0.2857142857142857,0.0,0.4,0.0,0.0,0.0,0.0,0.0,0.0,0.0,0.0,0.0,0.0,0.0,0.0,0.0,0.0,0.0,0.0,0.0,0.0,0.0,0.0,0.0,0.0,0.0,0.0,0.0,0.0,0.0,0.0,0.0,0.0,0.0,0.0,0.0,0.0,0.0,0.0,0.0,1.0,0.0,1.2,1.0,1.0,0.0,0.0,0.0,0.0,0.0,0.5714285714285714,0.0,0.6,1.0,1.0,0.2857142857142857,0.0,0.0,2.0,2.0,0.14285714285714285,0.0,0.2,0.0,0.0,0.0,0.0,0.0,0.0,0.0,0.0,0.0,0.0,0.0,0.0,0.0,0.0,0.0,0.0,0.0,0.0,0.0,0.0,0.0,0.0,0.0,0.0,0.0,0.0,0.0,0.0,0.0,0.0,0.0,0.0,1.1428571428571428,0.0,1.4,1.0,1.0,0.5714285714285714,1.0,0.2,2.0,1.0,0.0,0.0,0.0,0.0,0.0,0.2857142857142857,0.0,0.2,1.0,1.0,0.0,0.0,0.0,0.0,0.0,0.14285714285714285,0.0,0.2,0.0,0.0,0.0,0.0,0.0,0.0,0.0,0.0,0.0,0.0,0.0,0.0,0.0,0.0,0.0,0.0,0.0,0.0,0.0,0.0,0.0,0.0,0.0,0.0,0.0,0.0,0.0,0.0,0.0,0.0,0.0,0.0,0.0,0.0,0.0,0.0,0.0,0.0,0.0,0.0,0.0,0.0,0.0,0.0,0.0,0.0,0.0,0.0,0.0,0.0,0.0,0.0,0.0,0.0,0.0,0.0,0.0,0.0,0.0,0.0,0.0,0.0,0.0,0.0,0.0,0.0,0.0,0.0,0.0,0.0,0.0,0.0,0.0,0.0,0.0,0.0,0.0,0.0,0.0,0.0,0.0,0.0,0.0,0.0,0.0,0.0,0.0,0.0,0.0,0.0,0.0,0.0,3,0,True,False
2021-05-21-ABI-S15,2021ABI,2.4285714285714284,0.0,3.2,1.0,1.0,0.0,0.0,0.0,0.0,0.0,0.0,0.0,0.0,0.0,0.0,6.857142857142857,8.0,7.8,1.0,-7.0,1.5714285714285714,0.0,2.0,1.0,1.0,0.0,0.0,0.0,0.0,0.0,1.0,1.0,1.0,1.0,0.0,0.0,0.0,0.0,0.0,0.0,0.42857142857142855,0.0,0.4,1.0,1.0,1.0,3.0,0.8,0.0,-3.0,0.14285714285714285,0.0,0.2,0.0,0.0,2.5714285714285716,3.0,2.8,1.0,-2.0,0.14285714285714285,1.0,0.0,0.0,-1.0,0.0,0.0,0.0,0.0,0.0,2.5714285714285716,8.0,1.8,1.0,-7.0,1.0,1.0,1.0,1.0,0.0,0.0,0.0,0.0,0.0,0.0,0.14285714285714285,0.0,0.2,0.0,0.0,0.0,0.0,0.0,0.0,0.0,1.1428571428571428,0.0,1.2,2.0,2.0,0.14285714285714285,1.0,0.0,0.0,-1.0,0.42857142857142855,0.0,0.6,0.0,0.0,0.14285714285714285,0.0,0.2,0.0,0.0,0.0,0.0,0.0,0.0,0.0,0.0,0.0,0.0,0.0,0.0,0.8571428571428571,0.0,1.0,1.0,1.0,0.14285714285714285,0.0,0.2,0.0,0.0,0.5714285714285714,0.0,0.8,0.0,0.0,0.0,0.0,0.0,0.0,0.0,0.0,0.0,0.0,0.0,0.0,0.0,0.0,0.0,0.0,0.0,0.0,0.0,0.0,0.0,0.0,0.0,0.0,0.0,0.0,0.0,0.0,0.0,0.0,0.0,0.0,0.0,0.0,0.0,0.0,0.0,0.7142857142857143,0.0,1.0,0.0,0.0,0.0,0.0,0.0,0.0,0.0,0.42857142857142855,0.0,0.6,0.0,0.0,0.5714285714285714,0.0,0.2,3.0,3.0,0.5714285714285714,0.0,0.8,0.0,0.0,0.14285714285714285,0.0,0.0,1.0,1.0,0.0,0.0,0.0,0.0,0.0,0.0,0.0,0.0,0.0,0.0,0.14285714285714285,0.0,0.2,0.0,0.0,0.0,0.0,0.0,0.0,0.0,0.0,0.0,0.0,0.0,0.0,2.7142857142857144,0.0,3.6,1.0,1.0,1.1428571428571428,0.0,1.4,1.0,1.0,0.0,0.0,0.0,0.0,0.0,0.0,0.0,0.0,0.0,0.0,0.0,0.0,0.0,0.0,0.0,0.0,0.0,0.0,0.0,0.0,0.0,0.0,0.0,0.0,0.0,0.0,0.0,0.0,0.0,0.0,0.2857142857142857,0.0,0.4,0.0,0.0,0.0,0.0,0.0,0.0,0.0,0.0,0.0,0.0,0.0,0.0,0.0,0.0,0.0,0.0,0.0,0.14285714285714285,0.0,0.2,0.0,0.0,0.0,0.0,0.0,0.0,0.0,0.0,0.0,0.0,0.0,0.0,0.0,0.0,0.0,0.0,0.0,0.0,0.0,0.0,0.0,0.0,0.0,0.0,0.0,0.0,0.0,0.0,0.0,0.0,0.0,0.0,0.0,0.0,0.0,0.0,0.0,0.0,0.0,0.0,0.0,0.0,0.0,0.0,0.0,0.0,0.0,0.0,0.0,0.0,0.0,0.0,0.0,0.0,0.0,0.0,0.0,2,1,True,True
2021-05-21-ABI-S16,2021ABI,1.1428571428571428,0.0,0.8,4.0,4.0,0.0,0.0,0.0,0.0,0.0,0.0,0.0,0.0,0.0,0.0,8.142857142857142,0.0,8.6,14.0,14.0,1.4285714285714286,0.0,1.0,5.0,5.0,0.0,0.0,0.0,0.0,0.0,0.5714285714285714,0.0,0.6,1.0,1.0,0.0,0.0,0.0,0.0,0.0,0.42857142857142855,0.0,0.4,1.0,1.0,0.42857142857142855,0.0,0.6,0.0,0.0,0.2857142857142857,1.0,0.2,0.0,-1.0,2.142857142857143,6.0,1.8,0.0,-6.0,0.14285714285714285,0.0,0.2,0.0,0.0,0.0,0.0,0.0,0.0,0.0,4.285714285714286,8.0,4.0,2.0,-6.0,1.0,0.0,1.4,0.0,0.0,0.0,0.0,0.0,0.0,0.0,0.0,0.0,0.0,0.0,0.0,0.0,0.0,0.0,0.0,0.0,0.2857142857142857,1.0,0.2,0.0,-1.0,0.0,0.0,0.0,0.0,0.0,0.14285714285714285,0.0,0.2,0.0,0.0,0.2857142857142857,0.0,0.4,0.0,0.0,0.0,0.0,0.0,0.0,0.0,0.0,0.0,0.0,0.0,0.0,0.7142857142857143,1.0,0.6,1.0,0.0,0.0,0.0,0.0,0.0,0.0,0.5714285714285714,4.0,0.0,0.0,-4.0,0.0,0.0,0.0,0.0,0.0,0.0,0.0,0.0,0.0,0.0,0.0,0.0,0.0,0.0,0.0,0.0,0.0,0.0,0.0,0.0,0.0,0.0,0.0,0.0,0.0,0.0,0.0,0.0,0.0,0.0,0.0,0.0,0.0,0.0,0.0,0.2857142857142857,0.0,0.4,0.0,0.0,0.14285714285714285,0.0,0.0,1.0,1.0,0.0,0.0,0.0,0.0,0.0,0.2857142857142857,0.0,0.0,2.0,2.0,0.2857142857142857,0.0,0.2,1.0,1.0,0.0,0.0,0.0,0.0,0.0,0.0,0.0,0.0,0.0,0.0,0.0,0.0,0.0,0.0,0.0,0.0,0.0,0.0,0.0,0.0,0.0,0.0,0.0,0.0,0.0,0.0,0.0,0.0,0.0,0.0,1.1428571428571428,0.0,1.2,2.0,2.0,1.2857142857142858,5.0,0.8,0.0,-5.0,0.0,0.0,0.0,0.0,0.0,0.0,0.0,0.0,0.0,0.0,0.0,0.0,0.0,0.0,0.0,0.14285714285714285,0.0,0.2,0.0,0.0,0.0,0.0,0.0,0.0,0.0,0.0,0.0,0.0,0.0,0.0,0.0,0.0,0.0,0.0,0.0,0.0,0.0,0.0,0.0,0.0,0.0,0.0,0.0,0.0,0.0,0.0,0.0,0.0,0.0,0.0,0.0,0.0,0.0,0.0,0.0,0.0,0.0,0.0,0.0,0.0,0.0,0.0,0.0,0.0,0.0,0.0,0.0,0.0,0.0,0.0,0.0,0.0,0.0,0.0,0.0,0.0,0.0,0.0,0.0,0.0,0.0,0.0,0.0,0.0,0.0,0.0,0.0,0.0,0.0,0.0,0.0,0.0,0.0,0.0,0.0,0.0,0.0,0.0,0.0,0.0,0.0,0.0,0.0,0.0,0.0,0.0,0.0,0.0,0.0,0.0,0,0,False,False
2021-05-21-ABI-S2,2021ABI,0.375,0.0,0.3333333333333333,1.0,1.0,0.125,0.0,0.0,1.0,1.0,0.0,0.0,0.0,0.0,0.0,4.25,6.0,3.8333333333333335,5.0,-1.0,1.125,1.0,1.0,2.0,1.0,0.0,0.0,0.0,0.0,0.0,1.25,4.0,0.16666666666666666,5.0,1.0,0.125,0.0,0.0,1.0,1.0,0.75,2.0,0.16666666666666666,3.0,1.0,0.5,0.0,0.5,1.0,1.0,0.125,0.0,0.16666666666666666,0.0,0.0,3.625,3.0,3.5,5.0,2.0,0.25,0.0,0.3333333333333333,0.0,0.0,0.0,0.0,0.0,0.0,0.0,1.625,4.0,1.1666666666666667,2.0,-2.0,0.625,0.0,0.6666666666666666,1.0,1.0,0.0,0.0,0.0,0.0,0.0,0.25,0.0,0.3333333333333333,0.0,0.0,0.0,0.0,0.0,0.0,0.0,0.0,0.0,0.0,0.0,0.0,0.0,0.0,0.0,0.0,0.0,0.375,0.0,0.3333333333333333,1.0,1.0,0.125,0.0,0.16666666666666666,0.0,0.0,0.0,0.0,0.0,0.0,0.0,0.0,0.0,0.0,0.0,0.0,0.75,0.0,1.0,0.0,0.0,0.375,0.0,0.3333333333333333,1.0,1.0,0.125,0.0,0.16666666666666666,0.0,0.0,0.0,0.0,0.0,0.0,0.0,0.125,0.0,0.0,1.0,1.0,0.0,0.0,0.0,0.0,0.0,0.0,0.0,0.0,0.0,0.0,0.0,0.0,0.0,0.0,0.0,0.0,0.0,0.0,0.0,0.0,0.25,0.0,0.0,2.0,2.0,0.125,0.0,0.16666666666666666,0.0,0.0,0.0,0.0,0.0,0.0,0.0,0.375,0.0,0.3333333333333333,1.0,1.0,0.125,0.0,0.0,1.0,1.0,0.125,1.0,0.0,0.0,-1.0,0.125,0.0,0.0,1.0,1.0,0.0,0.0,0.0,0.0,0.0,0.0,0.0,0.0,0.0,0.0,0.125,0.0,0.0,1.0,1.0,0.0,0.0,0.0,0.0,0.0,0.0,0.0,0.0,0.0,0.0,2.875,3.0,3.1666666666666665,1.0,-2.0,0.75,1.0,0.8333333333333334,0.0,-1.0,0.0,0.0,0.0,0.0,0.0,0.0,0.0,0.0,0.0,0.0,0.375,0.0,0.5,0.0,0.0,0.125,1.0,0.0,0.0,-1.0,0.0,0.0,0.0,0.0,0.0,0.0,0.0,0.0,0.0,0.0,0.125,0.0,0.0,1.0,1.0,0.0,0.0,0.0,0.0,0.0,0.0,0.0,0.0,0.0,0.0,0.0,0.0,0.0,0.0,0.0,0.0,0.0,0.0,0.0,0.0,0.0,0.0,0.0,0.0,0.0,0.0,0.0,0.0,0.0,0.0,0.0,0.0,0.0,0.0,0.0,0.0,0.0,0.0,0.0,0.0,0.0,0.0,0.0,0.0,0.0,0.0,0.0,0.0,0.0,0.0,0.0,0.0,0.0,0.0,0.0,0.0,0.0,0.0,0.0,0.0,0.0,0.0,0.0,0.0,0.0,0.0,0.0,0.0,0.0,0.0,0.0,0.0,0.0,0.0,0.0,0,0,False,False
2021-05-21-ABI-S3,2021ABI,0.3,0.0,0.375,0.0,0.0,0.0,0.0,0.0,0.0,0.0,0.0,0.0,0.0,0.0,0.0,4.1,9.0,4.0,0.0,-9.0,2.1,2.0,2.375,0.0,-2.0,0.0,0.0,0.0,0.0,0.0,0.9,5.0,0.5,0.0,-5.0,0.0,0.0,0.0,0.0,0.0,0.6,4.0,0.25,0.0,-4.0,0.2,0.0,0.25,0.0,0.0,0.2,1.0,0.125,0.0,-1.0,1.6,3.0,1.5,1.0,-2.0,0.3,0.0,0.375,0.0,0.0,0.1,0.0,0.125,0.0,0.0,2.2,7.0,1.875,0.0,-7.0,0.4,0.0,0.5,0.0,0.0,0.0,0.0,0.0,0.0,0.0,0.2,0.0,0.25,0.0,0.0,0.0,0.0,0.0,0.0,0.0,0.3,1.0,0.25,0.0,-1.0,0.0,0.0,0.0,0.0,0.0,0.3,0.0,0.375,0.0,0.0,0.7,0.0,0.875,0.0,0.0,0.0,0.0,0.0,0.0,0.0,0.0,0.0,0.0,0.0,0.0,1.3,5.0,0.875,1.0,-4.0,0.2,0.0,0.25,0.0,0.0,0.4,1.0,0.375,0.0,-1.0,0.0,0.0,0.0,0.0,0.0,0.0,0.0,0.0,0.0,0.0,0.0,0.0,0.0,0.0,0.0,0.0,0.0,0.0,0.0,0.0,0.0,0.0,0.0,0.0,0.0,0.0,0.0,0.0,0.0,0.0,0.0,0.0,0.0,0.0,0.0,0.5,0.0,0.625,0.0,0.0,0.0,0.0,0.0,0.0,0.0,0.4,0.0,0.5,0.0,0.0,0.4,2.0,0.25,0.0,-2.0,0.1,0.0,0.125,0.0,0.0,0.1,0.0,0.125,0.0,0.0,0.0,0.0,0.0,0.0,0.0,0.0,0.0,0.0,0.0,0.0,0.1,0.0,0.125,0.0,0.0,0.0,0.0,0.0,0.0,0.0,0.0,0.0,0.0,0.0,0.0,1.5,1.0,1.75,0.0,-1.0,0.3,1.0,0.25,0.0,-1.0,0.0,0.0,0.0,0.0,0.0,0.0,0.0,0.0,0.0,0.0,0.2,0.0,0.25,0.0,0.0,0.0,0.0,0.0,0.0,0.0,0.0,0.0,0.0,0.0,0.0,0.0,0.0,0.0,0.0,0.0,0.2,1.0,0.125,0.0,-1.0,0.0,0.0,0.0,0.0,0.0,0.0,0.0,0.0,0.0,0.0,0.0,0.0,0.0,0.0,0.0,0.0,0.0,0.0,0.0,0.0,0.0,0.0,0.0,0.0,0.0,0.0,0.0,0.0,0.0,0.0,0.0,0.0,0.0,0.0,0.0,0.0,0.0,0.0,0.0,0.0,0.0,0.0,0.0,0.0,0.0,0.0,0.0,0.0,0.0,0.0,0.0,0.0,0.0,0.0,0.0,0.0,0.0,0.0,0.0,0.0,0.0,0.0,0.0,0.0,0.0,0.0,0.0,0.0,0.0,0.0,0.0,0.0,0.0,0.0,0.0,1,0,True,False
2021-05-21-ABI-S4,2021ABI,1.1111111111111112,0.0,1.4285714285714286,0.0,0.0,0.1111111111111111,0.0,0.14285714285714285,0.0,0.0,0.1111111111111111,0.0,0.14285714285714285,0.0,0.0,6.111111111111111,1.0,7.714285714285714,0.0,-1.0,1.7777777777777777,0.0,2.2857142857142856,0.0,0.0,0.1111111111111111,0.0,0.14285714285714285,0.0,0.0,0.5555555555555556,2.0,0.42857142857142855,0.0,-2.0,0.0,0.0,0.0,0.0,0.0,0.4444444444444444,0.0,0.5714285714285714,0.0,0.0,0.8888888888888888,0.0,1.1428571428571428,0.0,0.0,0.1111111111111111,0.0,0.14285714285714285,0.0,0.0,1.8888888888888888,9.0,1.1428571428571428,0.0,-9.0,0.6666666666666666,0.0,0.8571428571428571,0.0,0.0,0.0,0.0,0.0,0.0,0.0,2.888888888888889,9.0,2.4285714285714284,0.0,-9.0,0.5555555555555556,0.0,0.7142857142857143,0.0,0.0,0.0,0.0,0.0,0.0,0.0,0.8888888888888888,0.0,1.1428571428571428,0.0,0.0,0.0,0.0,0.0,0.0,0.0,1.0,0.0,1.2857142857142858,0.0,0.0,0.1111111111111111,0.0,0.14285714285714285,0.0,0.0,0.4444444444444444,0.0,0.5714285714285714,0.0,0.0,0.1111111111111111,0.0,0.14285714285714285,0.0,0.0,0.0,0.0,0.0,0.0,0.0,0.0,0.0,0.0,0.0,0.0,0.7777777777777778,0.0,1.0,0.0,0.0,0.3333333333333333,0.0,0.42857142857142855,0.0,0.0,0.1111111111111111,0.0,0.14285714285714285,0.0,0.0,0.0,0.0,0.0,0.0,0.0,0.0,0.0,0.0,0.0,0.0,0.0,0.0,0.0,0.0,0.0,0.0,0.0,0.0,0.0,0.0,0.1111111111111111,0.0,0.14285714285714285,0.0,0.0,0.0,0.0,0.0,0.0,0.0,0.1111111111111111,0.0,0.14285714285714285,0.0,0.0,0.4444444444444444,0.0,0.5714285714285714,0.0,0.0,0.1111111111111111,0.0,0.14285714285714285,0.0,0.0,0.1111111111111111,0.0,0.14285714285714285,0.0,0.0,0.3333333333333333,1.0,0.2857142857142857,0.0,-1.0,0.0,0.0,0.0,0.0,0.0,0.0,0.0,0.0,0.0,0.0,0.0,0.0,0.0,0.0,0.0,0.0,0.0,0.0,0.0,0.0,0.0,0.0,0.0,0.0,0.0,0.0,0.0,0.0,0.0,0.0,0.0,0.0,0.0,0.0,0.0,0.4444444444444444,0.0,0.5714285714285714,0.0,0.0,0.8888888888888888,0.0,1.1428571428571428,0.0,0.0,0.0,0.0,0.0,0.0,0.0,0.0,0.0,0.0,0.0,0.0,0.1111111111111111,0.0,0.14285714285714285,0.0,0.0,0.1111111111111111,0.0,0.14285714285714285,0.0,0.0,0.0,0.0,0.0,0.0,0.0,0.0,0.0,0.0,0.0,0.0,0.2222222222222222,0.0,0.2857142857142857,0.0,0.0,0.0,0.0,0.0,0.0,0.0,0.0,0.0,0.0,0.0,0.0,0.0,0.0,0.0,0.0,0.0,0.0,0.0,0.0,0.0,0.0,0.0,0.0,0.0,0.0,0.0,0.0,0.0,0.0,0.0,0.0,0.0,0.0,0.0,0.0,0.0,0.0,0.0,0.0,0.0,0.0,0.0,0.0,0.0,0.0,0.0,0.0,0.0,0.0,0.0,0.0,0.0,0.0,0.0,0.0,0.0,0.0,0.0,0.0,0.0,0.0,0.0,0.0,0.0,0.0,0.0,0.0,0.0,0.0,0.0,0.0,0.0,0.0,0.0,0.0,0.0,2,0,True,False
2021-05-21-ABI-S5,2021ABI,1.7,0.0,2.125,0.0,0.0,0.0,0.0,0.0,0.0,0.0,0.0,0.0,0.0,0.0,0.0,7.2,2.0,8.625,1.0,-1.0,1.8,0.0,2.25,0.0,0.0,0.0,0.0,0.0,0.0,0.0,1.4,4.0,1.125,1.0,-3.0,0.0,0.0,0.0,0.0,0.0,0.4,0.0,0.5,0.0,0.0,1.0,0.0,1.125,1.0,1.0,0.2,0.0,0.25,0.0,0.0,2.2,9.0,1.625,0.0,-9.0,0.7,2.0,0.625,0.0,-2.0,0.1,0.0,0.125,0.0,0.0,1.7,9.0,1.0,0.0,-9.0,1.1,0.0,1.375,0.0,0.0,0.0,0.0,0.0,0.0,0.0,0.5,0.0,0.625,0.0,0.0,0.0,0.0,0.0,0.0,0.0,0.2,0.0,0.25,0.0,0.0,0.1,0.0,0.125,0.0,0.0,0.6,0.0,0.75,0.0,0.0,0.5,0.0,0.625,0.0,0.0,0.0,0.0,0.0,0.0,0.0,0.0,0.0,0.0,0.0,0.0,0.4,0.0,0.5,0.0,0.0,0.0,0.0,0.0,0.0,0.0,0.0,0.0,0.0,0.0,0.0,0.0,0.0,0.0,0.0,0.0,0.0,0.0,0.0,0.0,0.0,0.0,0.0,0.0,0.0,0.0,0.2,0.0,0.25,0.0,0.0,0.1,0.0,0.125,0.0,0.0,0.0,0.0,0.0,0.0,0.0,0.1,0.0,0.125,0.0,0.0,0.1,0.0,0.125,0.0,0.0,0.2,0.0,0.25,0.0,0.0,0.2,0.0,0.25,0.0,0.0,0.3,0.0,0.375,0.0,0.0,0.2,0.0,0.25,0.0,0.0,0.0,0.0,0.0,0.0,0.0,0.0,0.0,0.0,0.0,0.0,0.1,1.0,0.0,0.0,-1.0,0.0,0.0,0.0,0.0,0.0,0.0,0.0,0.0,0.0,0.0,0.0,0.0,0.0,0.0,0.0,0.5,0.0,0.625,0.0,0.0,0.8,0.0,1.0,0.0,0.0,0.0,0.0,0.0,0.0,0.0,0.0,0.0,0.0,0.0,0.0,0.1,0.0,0.125,0.0,0.0,0.1,0.0,0.125,0.0,0.0,0.0,0.0,0.0,0.0,0.0,0.0,0.0,0.0,0.0,0.0,0.3,0.0,0.375,0.0,0.0,0.0,0.0,0.0,0.0,0.0,0.0,0.0,0.0,0.0,0.0,0.0,0.0,0.0,0.0,0.0,0.1,0.0,0.125,0.0,0.0,0.0,0.0,0.0,0.0,0.0,0.0,0.0,0.0,0.0,0.0,0.0,0.0,0.0,0.0,0.0,0.0,0.0,0.0,0.0,0.0,0.0,0.0,0.0,0.0,0.0,0.0,0.0,0.0,0.0,0.0,0.0,0.0,0.0,0.0,0.0,0.0,0.0,0.0,0.0,0.0,0.0,0.0,0.0,0.0,0.0,0.0,0.0,0.0,0.0,0.0,0.0,0.0,0.0,0.0,0.0,0,0,False,False
2021-05-21-ABI-S6,2021ABI,0.7,0.0,0.875,0.0,0.0,0.0,0.0,0.0,0.0,0.0,0.0,0.0,0.0,0.0,0.0,8.2,8.0,9.125,1.0,-7.0,2.5,2.0,2.875,0.0,-2.0,0.2,0.0,0.25,0.0,0.0,1.9,9.0,0.875,3.0,-6.0,0.0,0.0,0.0,0.0,0.0,0.4,1.0,0.375,0.0,-1.0,0.8,0.0,1.0,0.0,0.0,0.0,0.0,0.0,0.0,0.0,1.4,5.0,1.125,0.0,-5.0,0.1,0.0,0.125,0.0,0.0,0.0,0.0,0.0,0.0,0.0,2.9,10.0,2.375,0.0,-10.0,0.9,0.0,1.125,0.0,0.0,0.0,0.0,0.0,0.0,0.0,0.1,0.0,0.125,0.0,0.0,0.0,0.0,0.0,0.0,0.0,0.2,0.0,0.25,0.0,0.0,0.0,0.0,0.0,0.0,0.0,0.4,0.0,0.5,0.0,0.0,0.1,0.0,0.125,0.0,0.0,0.0,0.0,0.0,0.0,0.0,0.0,0.0,0.0,0.0,0.0,0.5,0.0,0.625,0.0,0.0,0.1,0.0,0.125,0.0,0.0,0.3,0.0,0.375,0.0,0.0,0.0,0.0,0.0,0.0,0.0,0.0,0.0,0.0,0.0,0.0,0.0,0.0,0.0,0.0,0.0,0.1,0.0,0.125,0.0,0.0,0.0,0.0,0.0,0.0,0.0,0.0,0.0,0.0,0.0,0.0,0.0,0.0,0.0,0.0,0.0,0.3,0.0,0.375,0.0,0.0,0.1,0.0,0.125,0.0,0.0,0.5,0.0,0.625,0.0,0.0,0.2,0.0,0.25,0.0,0.0,0.0,0.0,0.0,0.0,0.0,0.1,0.0,0.125,0.0,0.0,0.0,0.0,0.0,0.0,0.0,0.0,0.0,0.0,0.0,0.0,0.0,0.0,0.0,0.0,0.0,0.0,0.0,0.0,0.0,0.0,0.0,0.0,0.0,0.0,0.0,1.4,0.0,1.75,0.0,0.0,0.4,2.0,0.125,1.0,-1.0,0.2,0.0,0.25,0.0,0.0,0.0,0.0,0.0,0.0,0.0,0.1,0.0,0.125,0.0,0.0,0.1,0.0,0.125,0.0,0.0,0.0,0.0,0.0,0.0,0.0,0.0,0.0,0.0,0.0,0.0,0.0,0.0,0.0,0.0,0.0,0.0,0.0,0.0,0.0,0.0,0.0,0.0,0.0,0.0,0.0,0.0,0.0,0.0,0.0,0.0,0.0,0.0,0.0,0.0,0.0,0.0,0.0,0.0,0.0,0.0,0.0,0.0,0.0,0.0,0.0,0.0,0.0,0.0,0.0,0.0,0.0,0.0,0.0,0.0,0.0,0.0,0.0,0.0,0.0,0.0,0.0,0.0,0.0,0.0,0.0,0.0,0.0,0.0,0.0,0.0,0.0,0.0,0.0,0.0,0.0,0.0,0.0,0.0,0.0,0.0,0.0,0.0,0.0,0.0,0.0,0.0,0.0,0.0,0.0,0.0,0,0,False,False
2021-05-21-ABI-S7,2021ABI,0.875,0.0,1.1666666666666667,0.0,0.0,0.25,0.0,0.3333333333333333,0.0,0.0,0.0,0.0,0.0,0.0,0.0,6.0,2.0,5.0,16.0,14.0,1.125,0.0,1.1666666666666667,2.0,2.0,0.0,0.0,0.0,0.0,0.0,0.75,3.0,0.3333333333333333,1.0,-2.0,0.0,0.0,0.0,0.0,0.0,0.375,0.0,0.16666666666666666,2.0,2.0,0.75,0.0,0.8333333333333334,1.0,1.0,0.125,0.0,0.16666666666666666,0.0,0.0,3.0,4.0,3.1666666666666665,1.0,-3.0,0.0,0.0,0.0,0.0,0.0,0.0,0.0,0.0,0.0,0.0,1.125,4.0,0.8333333333333334,0.0,-4.0,0.5,1.0,0.5,0.0,-1.0,0.0,0.0,0.0,0.0,0.0,0.5,0.0,0.6666666666666666,0.0,0.0,0.0,0.0,0.0,0.0,0.0,0.125,0.0,0.0,1.0,1.0,0.0,0.0,0.0,0.0,0.0,0.25,0.0,0.16666666666666666,1.0,1.0,0.375,0.0,0.5,0.0,0.0,0.125,0.0,0.0,1.0,1.0,0.0,0.0,0.0,0.0,0.0,0.5,0.0,0.6666666666666666,0.0,0.0,0.125,0.0,0.0,1.0,1.0,0.125,0.0,0.16666666666666666,0.0,0.0,0.0,0.0,0.0,0.0,0.0,0.0,0.0,0.0,0.0,0.0,0.0,0.0,0.0,0.0,0.0,0.0,0.0,0.0,0.0,0.0,0.0,0.0,0.0,0.0,0.0,0.0,0.0,0.0,0.0,0.0,0.0,0.0,0.0,0.0,0.0,0.375,0.0,0.3333333333333333,1.0,1.0,0.0,0.0,0.0,0.0,0.0,0.5,0.0,0.6666666666666666,0.0,0.0,0.375,0.0,0.3333333333333333,1.0,1.0,0.0,0.0,0.0,0.0,0.0,0.0,0.0,0.0,0.0,0.0,0.0,0.0,0.0,0.0,0.0,0.0,0.0,0.0,0.0,0.0,0.375,0.0,0.16666666666666666,2.0,2.0,0.0,0.0,0.0,0.0,0.0,0.0,0.0,0.0,0.0,0.0,2.5,0.0,2.8333333333333335,3.0,3.0,2.125,0.0,2.6666666666666665,1.0,1.0,0.0,0.0,0.0,0.0,0.0,0.0,0.0,0.0,0.0,0.0,0.5,0.0,0.6666666666666666,0.0,0.0,0.25,0.0,0.3333333333333333,0.0,0.0,0.0,0.0,0.0,0.0,0.0,0.0,0.0,0.0,0.0,0.0,0.0,0.0,0.0,0.0,0.0,0.0,0.0,0.0,0.0,0.0,0.0,0.0,0.0,0.0,0.0,0.0,0.0,0.0,0.0,0.0,0.0,0.0,0.0,0.0,0.0,0.0,0.0,0.0,0.0,0.0,0.0,0.0,0.0,0.0,0.0,0.0,0.0,0.0,0.0,0.0,0.0,0.0,0.0,0.0,0.0,0.0,0.0,0.0,0.0,0.0,0.0,0.0,0.0,0.0,0.0,0.0,0.0,0.0,0.0,0.0,0.0,0.0,0.0,0.0,0.0,0.0,0.0,0.0,0.0,0.0,0.0,0.0,0.0,0.0,0.0,0.0,0.0,0.0,0.0,0.0,3,1,True,True
2021-05-21-ABI-S8,2021ABI,1.5,0.0,1.5,3.0,3.0,0.0,0.0,0.0,0.0,0.0,0.25,0.0,0.3333333333333333,0.0,0.0,5.625,0.0,7.0,3.0,3.0,1.625,0.0,1.3333333333333333,5.0,5.0,0.0,0.0,0.0,0.0,0.0,1.875,0.0,2.3333333333333335,1.0,1.0,0.0,0.0,0.0,0.0,0.0,0.625,0.0,0.6666666666666666,1.0,1.0,1.375,0.0,1.5,2.0,2.0,0.25,0.0,0.16666666666666666,1.0,1.0,4.125,9.0,3.8333333333333335,1.0,-8.0,0.625,0.0,0.6666666666666666,1.0,1.0,0.0,0.0,0.0,0.0,0.0,2.75,5.0,2.6666666666666665,1.0,-4.0,0.75,0.0,0.8333333333333334,1.0,1.0,0.0,0.0,0.0,0.0,0.0,0.875,1.0,0.8333333333333334,1.0,0.0,0.0,0.0,0.0,0.0,0.0,1.0,0.0,1.0,2.0,2.0,0.125,0.0,0.0,1.0,1.0,0.75,0.0,1.0,0.0,0.0,0.875,0.0,1.1666666666666667,0.0,0.0,0.125,0.0,0.16666666666666666,0.0,0.0,0.0,0.0,0.0,0.0,0.0,0.75,0.0,0.6666666666666666,2.0,2.0,0.5,0.0,0.6666666666666666,0.0,0.0,0.375,0.0,0.5,0.0,0.0,0.0,0.0,0.0,0.0,0.0,0.0,0.0,0.0,0.0,0.0,0.0,0.0,0.0,0.0,0.0,0.0,0.0,0.0,0.0,0.0,0.25,0.0,0.0,2.0,2.0,0.0,0.0,0.0,0.0,0.0,0.0,0.0,0.0,0.0,0.0,0.5,0.0,0.6666666666666666,0.0,0.0,0.0,0.0,0.0,0.0,0.0,0.125,0.0,0.16666666666666666,0.0,0.0,0.5,1.0,0.0,3.0,2.0,0.125,0.0,0.0,1.0,1.0,0.0,0.0,0.0,0.0,0.0,0.0,0.0,0.0,0.0,0.0,0.0,0.0,0.0,0.0,0.0,0.0,0.0,0.0,0.0,0.0,0.0,0.0,0.0,0.0,0.0,0.0,0.0,0.0,0.0,0.0,1.0,3.0,0.8333333333333334,0.0,-3.0,0.375,0.0,0.5,0.0,0.0,0.0,0.0,0.0,0.0,0.0,0.0,0.0,0.0,0.0,0.0,0.0,0.0,0.0,0.0,0.0,0.0,0.0,0.0,0.0,0.0,0.0,0.0,0.0,0.0,0.0,0.0,0.0,0.0,0.0,0.0,0.375,0.0,0.3333333333333333,1.0,1.0,0.0,0.0,0.0,0.0,0.0,0.0,0.0,0.0,0.0,0.0,0.0,0.0,0.0,0.0,0.0,0.0,0.0,0.0,0.0,0.0,0.0,0.0,0.0,0.0,0.0,0.0,0.0,0.0,0.0,0.0,0.0,0.0,0.0,0.0,0.0,0.0,0.0,0.0,0.0,0.0,0.0,0.0,0.0,0.0,0.0,0.0,0.0,0.0,0.0,0.0,0.0,0.0,0.0,0.0,0.0,0.0,0.0,0.0,0.0,0.0,0.0,0.0,0.0,0.0,0.0,0.0,0.0,0.0,0.0,0.0,0.0,0.0,0.0,0.0,0.0,3,0,True,False
2021-05-21-ABI-S9,2021ABI,1.1428571428571428,0.0,1.2,2.0,2.0,0.0,0.0,0.0,0.0,0.0,0.14285714285714285,0.0,0.2,0.0,0.0,6.857142857142857,0.0,6.4,16.0,16.0,0.8571428571428571,0.0,0.4,4.0,4.0,0.0,0.0,0.0,0.0,0.0,1.0,6.0,0.2,0.0,-6.0,0.0,0.0,0.0,0.0,0.0,0.42857142857142855,1.0,0.4,0.0,-1.0,0.42857142857142855,0.0,0.4,1.0,1.0,0.0,0.0,0.0,0.0,0.0,2.857142857142857,9.0,2.2,0.0,-9.0,0.2857142857142857,0.0,0.4,0.0,0.0,0.0,0.0,0.0,0.0,0.0,2.142857142857143,9.0,1.0,1.0,-8.0,0.5714285714285714,0.0,0.8,0.0,0.0,0.0,0.0,0.0,0.0,0.0,0.14285714285714285,0.0,0.2,0.0,0.0,0.0,0.0,0.0,0.0,0.0,0.14285714285714285,1.0,0.0,0.0,-1.0,0.0,0.0,0.0,0.0,0.0,0.14285714285714285,0.0,0.2,0.0,0.0,0.14285714285714285,0.0,0.2,0.0,0.0,0.14285714285714285,0.0,0.2,0.0,0.0,0.0,0.0,0.0,0.0,0.0,0.14285714285714285,0.0,0.2,0.0,0.0,0.14285714285714285,0.0,0.2,0.0,0.0,0.0,0.0,0.0,0.0,0.0,0.0,0.0,0.0,0.0,0.0,0.0,0.0,0.0,0.0,0.0,0.0,0.0,0.0,0.0,0.0,0.0,0.0,0.0,0.0,0.0,0.0,0.0,0.0,0.0,0.0,0.0,0.0,0.0,0.0,0.0,0.0,0.0,0.0,0.0,0.0,0.7142857142857143,0.0,0.8,1.0,1.0,0.0,0.0,0.0,0.0,0.0,0.5714285714285714,0.0,0.8,0.0,0.0,0.2857142857142857,0.0,0.0,2.0,2.0,0.2857142857142857,0.0,0.2,1.0,1.0,0.0,0.0,0.0,0.0,0.0,0.0,0.0,0.0,0.0,0.0,0.0,0.0,0.0,0.0,0.0,0.0,0.0,0.0,0.0,0.0,0.0,0.0,0.0,0.0,0.0,0.0,0.0,0.0,0.0,0.0,1.8571428571428572,0.0,2.2,2.0,2.0,2.2857142857142856,13.0,0.2,2.0,-11.0,0.0,0.0,0.0,0.0,0.0,0.0,0.0,0.0,0.0,0.0,0.0,0.0,0.0,0.0,0.0,0.0,0.0,0.0,0.0,0.0,0.0,0.0,0.0,0.0,0.0,0.0,0.0,0.0,0.0,0.0,0.0,0.0,0.0,0.0,0.0,0.0,0.0,0.0,0.0,0.0,0.0,0.0,0.0,0.0,0.0,0.0,0.0,0.0,0.0,0.0,0.0,0.0,0.0,0.0,0.0,0.0,0.0,0.0,0.0,0.0,0.0,0.0,0.0,0.0,0.0,0.0,0.0,0.0,0.0,0.0,0.0,0.0,0.0,0.0,0.0,0.0,0.0,0.0,0.0,0.0,0.0,0.0,0.0,0.0,0.0,0.0,0.0,0.0,0.0,0.0,0.0,0.0,0.0,0.0,0.0,0.0,0.0,0.0,0.0,0.0,0.0,0.0,0.0,0.0,0.0,0.0,0.0,0.0,0.0,0.0,2,0,True,False
2021-10-07-CMC-S1,2021CMC,1.875,0.0,2.0,3.0,3.0,3.25,0.0,4.0,2.0,2.0,0.0,0.0,0.0,0.0,0.0,2.25,0.0,2.8333333333333335,1.0,1.0,1.25,0.0,1.0,4.0,4.0,0.125,0.0,0.16666666666666666,0.0,0.0,3.25,4.0,2.8333333333333335,5.0,1.0,0.375,0.0,0.5,0.0,0.0,3.0,14.0,1.5,1.0,-13.0,1.25,0.0,1.6666666666666667,0.0,0.0,0.125,1.0,0.0,0.0,-1.0,9.125,12.0,10.0,1.0,-11.0,0.125,0.0,0.16666666666666666,0.0,0.0,0.0,0.0,0.0,0.0,0.0,3.875,12.0,3.1666666666666665,0.0,-12.0,1.375,0.0,1.6666666666666667,1.0,1.0,0.0,0.0,0.0,0.0,0.0,0.25,0.0,0.3333333333333333,0.0,0.0,0.375,0.0,0.16666666666666666,2.0,2.0,1.875,4.0,0.8333333333333334,6.0,2.0,0.0,0.0,0.0,0.0,0.0,0.75,0.0,0.6666666666666666,2.0,2.0,0.125,0.0,0.16666666666666666,0.0,0.0,0.125,0.0,0.16666666666666666,0.0,0.0,5.125,4.0,6.166666666666667,0.0,-4.0,1.75,1.0,2.0,1.0,0.0,0.0,0.0,0.0,0.0,0.0,2.125,0.0,2.8333333333333335,0.0,0.0,0.0,0.0,0.0,0.0,0.0,0.0,0.0,0.0,0.0,0.0,0.0,0.0,0.0,0.0,0.0,0.125,0.0,0.16666666666666666,0.0,0.0,0.0,0.0,0.0,0.0,0.0,0.125,0.0,0.16666666666666666,0.0,0.0,0.0,0.0,0.0,0.0,0.0,0.5,0.0,0.5,1.0,1.0,0.0,0.0,0.0,0.0,0.0,0.5,0.0,0.6666666666666666,0.0,0.0,1.125,0.0,0.6666666666666666,5.0,5.0,0.625,0.0,0.5,2.0,2.0,0.125,0.0,0.16666666666666666,0.0,0.0,0.125,0.0,0.0,1.0,1.0,0.125,0.0,0.16666666666666666,0.0,0.0,0.125,0.0,0.16666666666666666,0.0,0.0,0.125,0.0,0.0,1.0,1.0,0.125,0.0,0.16666666666666666,0.0,0.0,1.125,0.0,1.5,0.0,0.0,0.25,1.0,0.0,1.0,0.0,0.25,0.0,0.3333333333333333,0.0,0.0,0.0,0.0,0.0,0.0,0.0,0.0,0.0,0.0,0.0,0.0,0.125,0.0,0.16666666666666666,0.0,0.0,0.0,0.0,0.0,0.0,0.0,0.25,0.0,0.3333333333333333,0.0,0.0,0.375,1.0,0.16666666666666666,1.0,0.0,0.0,0.0,0.0,0.0,0.0,0.25,0.0,0.16666666666666666,1.0,1.0,0.0,0.0,0.0,0.0,0.0,0.0,0.0,0.0,0.0,0.0,0.0,0.0,0.0,0.0,0.0,0.0,0.0,0.0,0.0,0.0,0.0,0.0,0.0,0.0,0.0,0.0,0.0,0.0,0.0,0.0,0.0,0.0,0.0,0.0,0.0,0.0,0.0,0.0,0.0,0.0,0.125,0.0,0.0,1.0,1.0,0.0,0.0,0.0,0.0,0.0,0.0,0.0,0.0,0.0,0.0,0.0,0.0,0.0,0.0,0.0,0.0,0.0,0.0,0.0,0.0,1,1,True,True
2021-10-07-CMC-S2,2021CMC,1.125,0.0,1.5,0.0,0.0,3.875,0.0,5.166666666666667,0.0,0.0,0.25,0.0,0.3333333333333333,0.0,0.0,2.375,0.0,3.1666666666666665,0.0,0.0,2.125,0.0,2.8333333333333335,0.0,0.0,0.25,0.0,0.3333333333333333,0.0,0.0,2.125,5.0,2.0,0.0,-5.0,0.25,0.0,0.3333333333333333,0.0,0.0,2.5,6.0,2.3333333333333335,0.0,-6.0,2.375,6.0,2.1666666666666665,0.0,-6.0,0.0,0.0,0.0,0.0,0.0,3.25,6.0,3.3333333333333335,0.0,-6.0,0.5,0.0,0.6666666666666666,0.0,0.0,0.0,0.0,0.0,0.0,0.0,4.0,6.0,4.333333333333333,0.0,-6.0,1.75,0.0,2.3333333333333335,0.0,0.0,0.0,0.0,0.0,0.0,0.0,0.375,0.0,0.5,0.0,0.0,0.0,0.0,0.0,0.0,0.0,0.75,0.0,1.0,0.0,0.0,0.0,0.0,0.0,0.0,0.0,0.875,0.0,1.1666666666666667,0.0,0.0,0.25,0.0,0.3333333333333333,0.0,0.0,0.0,0.0,0.0,0.0,0.0,0.625,1.0,0.6666666666666666,0.0,-1.0,1.625,1.0,2.0,0.0,-1.0,0.0,0.0,0.0,0.0,0.0,0.75,0.0,1.0,0.0,0.0,0.125,0.0,0.16666666666666666,0.0,0.0,0.0,0.0,0.0,0.0,0.0,0.0,0.0,0.0,0.0,0.0,0.0,0.0,0.0,0.0,0.0,0.125,0.0,0.16666666666666666,0.0,0.0,0.375,0.0,0.5,0.0,0.0,0.0,0.0,0.0,0.0,0.0,0.375,0.0,0.5,0.0,0.0,0.0,0.0,0.0,0.0,0.0,0.125,0.0,0.16666666666666666,0.0,0.0,0.75,0.0,1.0,0.0,0.0,0.75,0.0,1.0,0.0,0.0,0.125,0.0,0.16666666666666666,0.0,0.0,0.5,1.0,0.5,0.0,-1.0,0.0,0.0,0.0,0.0,0.0,0.0,0.0,0.0,0.0,0.0,0.0,0.0,0.0,0.0,0.0,0.0,0.0,0.0,0.0,0.0,0.5,0.0,0.6666666666666666,0.0,0.0,0.125,0.0,0.16666666666666666,0.0,0.0,0.125,0.0,0.16666666666666666,0.0,0.0,0.0,0.0,0.0,0.0,0.0,0.0,0.0,0.0,0.0,0.0,0.25,0.0,0.3333333333333333,0.0,0.0,0.0,0.0,0.0,0.0,0.0,0.0,0.0,0.0,0.0,0.0,0.125,0.0,0.16666666666666666,0.0,0.0,0.0,0.0,0.0,0.0,0.0,0.0,0.0,0.0,0.0,0.0,0.0,0.0,0.0,0.0,0.0,0.0,0.0,0.0,0.0,0.0,0.0,0.0,0.0,0.0,0.0,0.0,0.0,0.0,0.0,0.0,0.0,0.0,0.0,0.0,0.0,0.0,0.0,0.0,0.0,0.0,0.0,0.0,0.0,0.0,0.0,0.0,0.0,0.0,0.0,0.0,0.0,0.0,0.0,0.0,0.0,0.0,0.0,0.0,0.0,0.0,0.0,0.0,0.0,0.0,0.0,0.0,0.0,0.0,0.0,0.0,0.0,0.0,0.0,0.0,0.0,1,1,True,True
2021-10-07-CMC-S3,2021CMC,1.25,1.0,1.5,0.0,-1.0,0.25,0.0,0.3333333333333333,0.0,0.0,0.0,0.0,0.0,0.0,0.0,6.875,15.0,6.666666666666667,0.0,-15.0,3.125,2.0,3.8333333333333335,0.0,-2.0,0.125,0.0,0.16666666666666666,0.0,0.0,1.0,1.0,0.5,4.0,3.0,0.0,0.0,0.0,0.0,0.0,0.5,0.0,0.6666666666666666,0.0,0.0,1.25,2.0,1.3333333333333333,0.0,-2.0,0.25,0.0,0.3333333333333333,0.0,0.0,3.25,0.0,3.5,5.0,5.0,0.75,1.0,0.8333333333333334,0.0,-1.0,0.0,0.0,0.0,0.0,0.0,2.25,2.0,1.6666666666666667,6.0,4.0,1.25,2.0,1.3333333333333333,0.0,-2.0,0.0,0.0,0.0,0.0,0.0,0.375,1.0,0.3333333333333333,0.0,-1.0,0.0,0.0,0.0,0.0,0.0,0.625,0.0,0.8333333333333334,0.0,0.0,0.125,0.0,0.16666666666666666,0.0,0.0,0.5,0.0,0.6666666666666666,0.0,0.0,0.25,0.0,0.3333333333333333,0.0,0.0,0.25,0.0,0.3333333333333333,0.0,0.0,0.0,0.0,0.0,0.0,0.0,0.375,1.0,0.3333333333333333,0.0,-1.0,0.25,0.0,0.3333333333333333,0.0,0.0,0.0,0.0,0.0,0.0,0.0,0.0,0.0,0.0,0.0,0.0,0.0,0.0,0.0,0.0,0.0,0.0,0.0,0.0,0.0,0.0,0.125,0.0,0.16666666666666666,0.0,0.0,0.0,0.0,0.0,0.0,0.0,0.0,0.0,0.0,0.0,0.0,0.125,0.0,0.16666666666666666,0.0,0.0,0.375,0.0,0.5,0.0,0.0,0.0,0.0,0.0,0.0,0.0,0.25,0.0,0.3333333333333333,0.0,0.0,0.375,0.0,0.5,0.0,0.0,0.375,0.0,0.5,0.0,0.0,0.0,0.0,0.0,0.0,0.0,0.0,0.0,0.0,0.0,0.0,0.0,0.0,0.0,0.0,0.0,0.0,0.0,0.0,0.0,0.0,0.0,0.0,0.0,0.0,0.0,0.0,0.0,0.0,0.0,0.0,1.25,2.0,1.3333333333333333,0.0,-2.0,0.625,0.0,0.8333333333333334,0.0,0.0,0.0,0.0,0.0,0.0,0.0,0.0,0.0,0.0,0.0,0.0,0.0,0.0,0.0,0.0,0.0,0.0,0.0,0.0,0.0,0.0,0.0,0.0,0.0,0.0,0.0,0.0,0.0,0.0,0.0,0.0,0.375,0.0,0.5,0.0,0.0,0.0,0.0,0.0,0.0,0.0,0.0,0.0,0.0,0.0,0.0,0.0,0.0,0.0,0.0,0.0,0.0,0.0,0.0,0.0,0.0,0.0,0.0,0.0,0.0,0.0,0.0,0.0,0.0,0.0,0.0,0.0,0.0,0.0,0.0,0.0,0.0,0.0,0.0,0.0,0.0,0.0,0.0,0.0,0.0,0.0,0.0,0.0,0.0,0.0,0.0,0.0,0.0,0.0,0.0,0.0,0.0,0.0,0.0,0.0,0.0,0.0,0.0,0.0,0.0,0.0,0.0,0.0,0.0,0.0,0.0,0.0,0.0,0.0,0.0,0.0,3,2,True,True
2021-10-07-CMC-S4,2021CMC,3.2857142857142856,3.0,3.4,3.0,0.0,0.2857142857142857,0.0,0.4,0.0,0.0,0.14285714285714285,0.0,0.2,0.0,0.0,12.0,16.0,9.8,19.0,3.0,3.0,8.0,2.6,0.0,-8.0,0.5714285714285714,0.0,0.8,0.0,0.0,0.8571428571428571,3.0,0.6,0.0,-3.0,0.0,0.0,0.0,0.0,0.0,0.8571428571428571,0.0,1.2,0.0,0.0,1.7142857142857142,4.0,1.6,0.0,-4.0,0.2857142857142857,1.0,0.2,0.0,-1.0,2.5714285714285716,0.0,3.6,0.0,0.0,0.2857142857142857,0.0,0.2,1.0,1.0,0.0,0.0,0.0,0.0,0.0,2.857142857142857,3.0,3.0,2.0,-1.0,1.1428571428571428,2.0,1.0,1.0,-1.0,0.0,0.0,0.0,0.0,0.0,0.2857142857142857,2.0,0.0,0.0,-2.0,0.0,0.0,0.0,0.0,0.0,1.2857142857142858,0.0,1.0,4.0,4.0,0.0,0.0,0.0,0.0,0.0,0.2857142857142857,0.0,0.4,0.0,0.0,0.0,0.0,0.0,0.0,0.0,0.0,0.0,0.0,0.0,0.0,0.0,0.0,0.0,0.0,0.0,1.5714285714285714,2.0,1.0,4.0,2.0,0.0,0.0,0.0,0.0,0.0,0.2857142857142857,0.0,0.4,0.0,0.0,0.0,0.0,0.0,0.0,0.0,0.0,0.0,0.0,0.0,0.0,0.0,0.0,0.0,0.0,0.0,0.0,0.0,0.0,0.0,0.0,0.0,0.0,0.0,0.0,0.0,0.0,0.0,0.0,0.0,0.0,0.14285714285714285,0.0,0.2,0.0,0.0,0.14285714285714285,0.0,0.2,0.0,0.0,0.0,0.0,0.0,0.0,0.0,0.14285714285714285,0.0,0.2,0.0,0.0,1.2857142857142858,0.0,0.0,9.0,9.0,0.14285714285714285,1.0,0.0,0.0,-1.0,0.0,0.0,0.0,0.0,0.0,0.0,0.0,0.0,0.0,0.0,0.0,0.0,0.0,0.0,0.0,0.0,0.0,0.0,0.0,0.0,0.0,0.0,0.0,0.0,0.0,0.0,0.0,0.0,0.0,0.0,0.8571428571428571,0.0,1.2,0.0,0.0,1.2857142857142858,1.0,1.2,2.0,1.0,0.14285714285714285,0.0,0.2,0.0,0.0,0.0,0.0,0.0,0.0,0.0,0.0,0.0,0.0,0.0,0.0,0.2857142857142857,1.0,0.2,0.0,-1.0,0.0,0.0,0.0,0.0,0.0,0.0,0.0,0.0,0.0,0.0,0.14285714285714285,0.0,0.0,1.0,1.0,0.0,0.0,0.0,0.0,0.0,0.0,0.0,0.0,0.0,0.0,0.0,0.0,0.0,0.0,0.0,0.0,0.0,0.0,0.0,0.0,0.0,0.0,0.0,0.0,0.0,0.0,0.0,0.0,0.0,0.0,0.0,0.0,0.0,0.0,0.0,0.0,0.0,0.0,0.0,0.0,0.0,0.0,0.0,0.0,0.0,0.0,0.0,0.0,0.0,0.0,0.0,0.0,0.0,0.0,0.0,0.0,0.0,0.0,0.0,0.0,0.0,0.0,0.0,0.0,0.0,0.0,0.0,0.0,0.0,0.0,0.0,0.0,0.0,0.0,0.0,1,1,True,True
2021-10-07-CMC-S5,2021CMC,1.5,0.0,2.0,0.0,0.0,0.0,0.0,0.0,0.0,0.0,0.125,0.0,0.16666666666666666,0.0,0.0,5.25,4.0,6.333333333333333,0.0,-4.0,1.375,0.0,1.8333333333333333,0.0,0.0,0.0,0.0,0.0,0.0,0.0,0.875,3.0,0.5,1.0,-2.0,0.0,0.0,0.0,0.0,0.0,0.75,0.0,1.0,0.0,0.0,0.125,0.0,0.16666666666666666,0.0,0.0,0.25,0.0,0.3333333333333333,0.0,0.0,1.5,4.0,1.3333333333333333,0.0,-4.0,0.375,0.0,0.5,0.0,0.0,0.0,0.0,0.0,0.0,0.0,2.75,4.0,3.0,0.0,-4.0,0.75,0.0,1.0,0.0,0.0,0.0,0.0,0.0,0.0,0.0,0.0,0.0,0.0,0.0,0.0,0.0,0.0,0.0,0.0,0.0,0.75,0.0,1.0,0.0,0.0,0.0,0.0,0.0,0.0,0.0,0.5,0.0,0.6666666666666666,0.0,0.0,0.25,0.0,0.3333333333333333,0.0,0.0,0.0,0.0,0.0,0.0,0.0,0.0,0.0,0.0,0.0,0.0,2.375,1.0,3.0,0.0,-1.0,0.5,0.0,0.6666666666666666,0.0,0.0,0.625,0.0,0.8333333333333334,0.0,0.0,0.0,0.0,0.0,0.0,0.0,0.0,0.0,0.0,0.0,0.0,0.0,0.0,0.0,0.0,0.0,0.0,0.0,0.0,0.0,0.0,0.0,0.0,0.0,0.0,0.0,0.0,0.0,0.0,0.0,0.0,0.125,0.0,0.16666666666666666,0.0,0.0,0.25,0.0,0.3333333333333333,0.0,0.0,0.0,0.0,0.0,0.0,0.0,0.375,0.0,0.5,0.0,0.0,0.375,0.0,0.5,0.0,0.0,0.375,2.0,0.16666666666666666,0.0,-2.0,0.125,0.0,0.16666666666666666,0.0,0.0,0.125,0.0,0.16666666666666666,0.0,0.0,0.0,0.0,0.0,0.0,0.0,0.125,0.0,0.16666666666666666,0.0,0.0,0.0,0.0,0.0,0.0,0.0,0.0,0.0,0.0,0.0,0.0,1.0,0.0,1.3333333333333333,0.0,0.0,2.875,6.0,2.8333333333333335,0.0,-6.0,0.0,0.0,0.0,0.0,0.0,0.0,0.0,0.0,0.0,0.0,0.375,0.0,0.5,0.0,0.0,0.125,0.0,0.16666666666666666,0.0,0.0,0.0,0.0,0.0,0.0,0.0,0.0,0.0,0.0,0.0,0.0,0.0,0.0,0.0,0.0,0.0,0.0,0.0,0.0,0.0,0.0,0.0,0.0,0.0,0.0,0.0,0.0,0.0,0.0,0.0,0.0,0.0,0.0,0.0,0.0,0.0,0.0,0.0,0.0,0.0,0.0,0.0,0.0,0.0,0.0,0.0,0.0,0.0,0.0,0.0,0.0,0.0,0.0,0.0,0.0,0.0,0.0,0.0,0.0,0.0,0.0,0.0,0.0,0.0,0.0,0.0,0.0,0.0,0.0,0.0,0.0,0.0,0.0,0.0,0.0,0.0,0.0,0.0,0.0,0.0,0.0,0.0,0.0,0.0,0.0,0.0,0.0,0.0,0.0,0.0,0.0,1,1,True,True
2021-10-07-CMC-S6,2021CMC,1.25,0.0,1.6666666666666667,0.0,0.0,0.75,0.0,1.0,0.0,0.0,0.0,0.0,0.0,0.0,0.0,7.0,8.0,8.0,0.0,-8.0,1.25,0.0,1.6666666666666667,0.0,0.0,0.0,0.0,0.0,0.0,0.0,1.0,4.0,0.5,1.0,-3.0,0.0,0.0,0.0,0.0,0.0,0.5,0.0,0.6666666666666666,0.0,0.0,1.375,4.0,1.1666666666666667,0.0,-4.0,0.25,0.0,0.3333333333333333,0.0,0.0,1.875,2.0,2.1666666666666665,0.0,-2.0,0.625,1.0,0.6666666666666666,0.0,-1.0,0.125,0.0,0.16666666666666666,0.0,0.0,3.375,4.0,3.8333333333333335,0.0,-4.0,0.625,1.0,0.6666666666666666,0.0,-1.0,0.0,0.0,0.0,0.0,0.0,1.375,9.0,0.3333333333333333,0.0,-9.0,0.0,0.0,0.0,0.0,0.0,0.25,1.0,0.16666666666666666,0.0,-1.0,0.0,0.0,0.0,0.0,0.0,0.75,1.0,0.8333333333333334,0.0,-1.0,0.625,0.0,0.8333333333333334,0.0,0.0,0.0,0.0,0.0,0.0,0.0,0.0,0.0,0.0,0.0,0.0,0.875,1.0,1.0,0.0,-1.0,0.125,0.0,0.16666666666666666,0.0,0.0,0.125,0.0,0.16666666666666666,0.0,0.0,0.0,0.0,0.0,0.0,0.0,0.0,0.0,0.0,0.0,0.0,0.125,0.0,0.16666666666666666,0.0,0.0,0.0,0.0,0.0,0.0,0.0,0.0,0.0,0.0,0.0,0.0,0.0,0.0,0.0,0.0,0.0,0.0,0.0,0.0,0.0,0.0,0.125,0.0,0.16666666666666666,0.0,0.0,0.125,1.0,0.0,0.0,-1.0,0.375,1.0,0.3333333333333333,0.0,-1.0,0.125,0.0,0.16666666666666666,0.0,0.0,0.0,0.0,0.0,0.0,0.0,0.0,0.0,0.0,0.0,0.0,0.0,0.0,0.0,0.0,0.0,0.0,0.0,0.0,0.0,0.0,0.0,0.0,0.0,0.0,0.0,0.0,0.0,0.0,0.0,0.0,0.0,0.0,0.0,0.0,0.0,1.625,0.0,2.1666666666666665,0.0,0.0,0.25,0.0,0.3333333333333333,0.0,0.0,0.0,0.0,0.0,0.0,0.0,0.0,0.0,0.0,0.0,0.0,0.0,0.0,0.0,0.0,0.0,0.0,0.0,0.0,0.0,0.0,0.0,0.0,0.0,0.0,0.0,0.0,0.0,0.0,0.0,0.0,0.375,0.0,0.5,0.0,0.0,0.0,0.0,0.0,0.0,0.0,0.0,0.0,0.0,0.0,0.0,0.0,0.0,0.0,0.0,0.0,0.0,0.0,0.0,0.0,0.0,0.0,0.0,0.0,0.0,0.0,0.0,0.0,0.0,0.0,0.0,0.0,0.0,0.0,0.0,0.0,0.0,0.0,0.0,0.0,0.0,0.0,0.0,0.0,0.0,0.0,0.0,0.0,0.0,0.0,0.0,0.0,0.0,0.0,0.0,0.0,0.0,0.0,0.0,0.0,0.0,0.0,0.0,0.0,0.0,0.0,0.0,0.0,0.0,0.0,0.0,0.0,0.0,0.0,0.0,0.0,0,0,False,False
2021-10-07-CMC-S7,2021CMC,2.125,0.0,2.5,2.0,2.0,0.125,0.0,0.16666666666666666,0.0,0.0,0.0,0.0,0.0,0.0,0.0,6.875,2.0,7.666666666666667,7.0,5.0,2.5,1.0,2.5,4.0,3.0,0.0,0.0,0.0,0.0,0.0,1.5,10.0,0.3333333333333333,0.0,-10.0,0.0,0.0,0.0,0.0,0.0,1.25,1.0,1.3333333333333333,1.0,0.0,1.25,2.0,1.1666666666666667,1.0,-1.0,0.125,0.0,0.16666666666666666,0.0,0.0,6.0,2.0,7.333333333333333,2.0,0.0,0.625,1.0,0.6666666666666666,0.0,-1.0,0.0,0.0,0.0,0.0,0.0,4.5,0.0,5.833333333333333,1.0,1.0,0.375,0.0,0.3333333333333333,1.0,1.0,0.0,0.0,0.0,0.0,0.0,1.625,12.0,0.16666666666666666,0.0,-12.0,0.0,0.0,0.0,0.0,0.0,1.625,3.0,0.8333333333333334,5.0,2.0,0.0,0.0,0.0,0.0,0.0,0.375,0.0,0.5,0.0,0.0,0.25,0.0,0.3333333333333333,0.0,0.0,0.125,0.0,0.16666666666666666,0.0,0.0,0.0,0.0,0.0,0.0,0.0,1.0,1.0,1.1666666666666667,0.0,-1.0,0.0,0.0,0.0,0.0,0.0,0.125,0.0,0.16666666666666666,0.0,0.0,0.125,1.0,0.0,0.0,-1.0,0.0,0.0,0.0,0.0,0.0,0.0,0.0,0.0,0.0,0.0,0.0,0.0,0.0,0.0,0.0,0.0,0.0,0.0,0.0,0.0,0.0,0.0,0.0,0.0,0.0,0.0,0.0,0.0,0.0,0.0,0.375,0.0,0.3333333333333333,1.0,1.0,0.0,0.0,0.0,0.0,0.0,0.125,1.0,0.0,0.0,-1.0,0.5,0.0,0.0,4.0,4.0,0.0,0.0,0.0,0.0,0.0,0.125,0.0,0.16666666666666666,0.0,0.0,0.125,0.0,0.16666666666666666,0.0,0.0,0.0,0.0,0.0,0.0,0.0,0.0,0.0,0.0,0.0,0.0,0.0,0.0,0.0,0.0,0.0,0.0,0.0,0.0,0.0,0.0,1.5,0.0,1.8333333333333333,1.0,1.0,0.125,0.0,0.0,1.0,1.0,0.0,0.0,0.0,0.0,0.0,0.0,0.0,0.0,0.0,0.0,0.25,1.0,0.16666666666666666,0.0,-1.0,0.125,0.0,0.16666666666666666,0.0,0.0,0.0,0.0,0.0,0.0,0.0,0.0,0.0,0.0,0.0,0.0,0.0,0.0,0.0,0.0,0.0,0.0,0.0,0.0,0.0,0.0,0.0,0.0,0.0,0.0,0.0,0.0,0.0,0.0,0.0,0.0,0.0,0.0,0.0,0.0,0.0,0.0,0.0,0.0,0.0,0.0,0.0,0.0,0.0,0.0,0.0,0.0,0.0,0.0,0.0,0.0,0.0,0.0,0.0,0.0,0.0,0.0,0.0,0.0,0.0,0.0,0.0,0.0,0.0,0.0,0.0,0.0,0.0,0.0,0.0,0.0,0.0,0.0,0.0,0.0,0.0,0.0,0.0,0.0,0.0,0.0,0.0,0.0,0.0,0.0,0.0,0.0,0.0,0.0,0.0,0.0,0,0,False,False
2021-10-08-CMC-S1,2021CMC,1.375,0.0,1.6666666666666667,1.0,1.0,3.125,0.0,1.3333333333333333,17.0,17.0,0.0,0.0,0.0,0.0,0.0,1.125,0.0,0.8333333333333334,4.0,4.0,2.125,1.0,2.5,1.0,0.0,0.0,0.0,0.0,0.0,0.0,2.875,7.0,1.8333333333333333,5.0,-2.0,0.125,0.0,0.16666666666666666,0.0,0.0,2.5,13.0,1.0,1.0,-12.0,0.625,0.0,0.8333333333333334,0.0,0.0,0.375,1.0,0.3333333333333333,0.0,-1.0,6.375,12.0,5.833333333333333,4.0,-8.0,0.25,0.0,0.16666666666666666,1.0,1.0,0.125,0.0,0.0,1.0,1.0,2.5,12.0,1.3333333333333333,0.0,-12.0,1.625,0.0,0.8333333333333334,8.0,8.0,0.0,0.0,0.0,0.0,0.0,0.5,1.0,0.3333333333333333,1.0,0.0,0.25,2.0,0.0,0.0,-2.0,1.375,3.0,0.8333333333333334,3.0,0.0,0.0,0.0,0.0,0.0,0.0,0.125,0.0,0.16666666666666666,0.0,0.0,0.0,0.0,0.0,0.0,0.0,0.0,0.0,0.0,0.0,0.0,9.25,0.0,11.333333333333334,6.0,6.0,0.375,0.0,0.5,0.0,0.0,0.0,0.0,0.0,0.0,0.0,0.875,0.0,1.1666666666666667,0.0,0.0,0.0,0.0,0.0,0.0,0.0,0.125,0.0,0.0,1.0,1.0,0.0,0.0,0.0,0.0,0.0,0.0,0.0,0.0,0.0,0.0,0.0,0.0,0.0,0.0,0.0,0.0,0.0,0.0,0.0,0.0,0.0,0.0,0.0,0.0,0.0,0.625,0.0,0.8333333333333334,0.0,0.0,0.0,0.0,0.0,0.0,0.0,0.0,0.0,0.0,0.0,0.0,0.75,1.0,0.0,5.0,4.0,0.75,0.0,0.3333333333333333,4.0,4.0,0.25,0.0,0.3333333333333333,0.0,0.0,0.0,0.0,0.0,0.0,0.0,0.0,0.0,0.0,0.0,0.0,0.25,0.0,0.3333333333333333,0.0,0.0,0.125,1.0,0.0,0.0,-1.0,0.0,0.0,0.0,0.0,0.0,0.0,0.0,0.0,0.0,0.0,0.0,0.0,0.0,0.0,0.0,0.125,0.0,0.16666666666666666,0.0,0.0,0.0,0.0,0.0,0.0,0.0,0.0,0.0,0.0,0.0,0.0,0.125,0.0,0.16666666666666666,0.0,0.0,0.0,0.0,0.0,0.0,0.0,0.125,1.0,0.0,0.0,-1.0,0.125,0.0,0.16666666666666666,0.0,0.0,0.0,0.0,0.0,0.0,0.0,0.0,0.0,0.0,0.0,0.0,0.0,0.0,0.0,0.0,0.0,0.0,0.0,0.0,0.0,0.0,0.0,0.0,0.0,0.0,0.0,0.0,0.0,0.0,0.0,0.0,0.0,0.0,0.0,0.0,0.0,0.0,0.0,0.0,0.0,0.0,0.0,0.0,0.0,0.0,0.0,0.0,0.0,0.0,0.0,0.0,0.0,0.0,0.0,0.0,0.0,0.0,0.0,0.0,0.0,0.0,0.0,0.0,0.0,0.0,0.0,0.0,0.0,0.0,0.0,0.0,0.0,0.0,0.0,0.0,0.0,3,2,True,True
2021-10-08-CMC-S10,2021CMC,3.625,1.0,4.166666666666667,3.0,2.0,9.125,6.0,10.333333333333334,5.0,-1.0,0.125,0.0,0.16666666666666666,0.0,0.0,3.5,1.0,3.6666666666666665,5.0,4.0,3.75,1.0,3.8333333333333335,6.0,5.0,1.125,0.0,1.5,0.0,0.0,2.875,13.0,1.6666666666666667,0.0,-13.0,0.125,0.0,0.16666666666666666,0.0,0.0,2.625,14.0,1.1666666666666667,0.0,-14.0,1.75,1.0,2.0,1.0,0.0,0.0,0.0,0.0,0.0,0.0,5.875,0.0,6.833333333333333,6.0,6.0,0.0,0.0,0.0,0.0,0.0,0.125,0.0,0.0,1.0,1.0,3.125,2.0,3.3333333333333335,3.0,1.0,0.5,0.0,0.3333333333333333,2.0,2.0,0.0,0.0,0.0,0.0,0.0,4.25,14.0,3.0,2.0,-12.0,0.0,0.0,0.0,0.0,0.0,0.25,1.0,0.16666666666666666,0.0,-1.0,0.125,0.0,0.16666666666666666,0.0,0.0,2.125,0.0,2.5,2.0,2.0,2.0,0.0,2.3333333333333335,2.0,2.0,0.125,0.0,0.0,1.0,1.0,0.5,1.0,0.16666666666666666,2.0,1.0,0.375,1.0,0.3333333333333333,0.0,-1.0,0.125,0.0,0.16666666666666666,0.0,0.0,0.375,0.0,0.3333333333333333,1.0,1.0,0.25,1.0,0.16666666666666666,0.0,-1.0,0.0,0.0,0.0,0.0,0.0,0.25,0.0,0.3333333333333333,0.0,0.0,0.0,0.0,0.0,0.0,0.0,0.0,0.0,0.0,0.0,0.0,0.125,0.0,0.16666666666666666,0.0,0.0,0.0,0.0,0.0,0.0,0.0,0.875,1.0,1.0,0.0,-1.0,0.125,0.0,0.16666666666666666,0.0,0.0,0.25,0.0,0.3333333333333333,0.0,0.0,0.375,0.0,0.16666666666666666,2.0,2.0,0.25,0.0,0.3333333333333333,0.0,0.0,0.125,0.0,0.16666666666666666,0.0,0.0,0.25,1.0,0.16666666666666666,0.0,-1.0,0.125,0.0,0.16666666666666666,0.0,0.0,0.375,0.0,0.5,0.0,0.0,0.625,2.0,0.5,0.0,-2.0,0.0,0.0,0.0,0.0,0.0,0.25,0.0,0.3333333333333333,0.0,0.0,0.25,0.0,0.16666666666666666,1.0,1.0,0.25,0.0,0.3333333333333333,0.0,0.0,0.25,1.0,0.0,1.0,0.0,0.0,0.0,0.0,0.0,0.0,0.125,0.0,0.16666666666666666,0.0,0.0,0.125,0.0,0.16666666666666666,0.0,0.0,0.0,0.0,0.0,0.0,0.0,0.125,1.0,0.0,0.0,-1.0,0.0,0.0,0.0,0.0,0.0,0.25,0.0,0.0,2.0,2.0,0.0,0.0,0.0,0.0,0.0,0.0,0.0,0.0,0.0,0.0,0.0,0.0,0.0,0.0,0.0,0.125,0.0,0.16666666666666666,0.0,0.0,0.0,0.0,0.0,0.0,0.0,0.0,0.0,0.0,0.0,0.0,0.0,0.0,0.0,0.0,0.0,0.0,0.0,0.0,0.0,0.0,0.0,0.0,0.0,0.0,0.0,0.0,0.0,0.0,0.0,0.0,0.0,0.0,0.0,0.0,0.0,0.0,0.0,0.0,0.0,0.0,0.0,0.0,0.0,0.0,0.0,0,0,False,False
2021-10-08-CMC-S11,2021CMC,1.375,0.0,1.8333333333333333,0.0,0.0,4.375,0.0,5.833333333333333,0.0,0.0,0.5,0.0,0.6666666666666666,0.0,0.0,0.875,0.0,1.1666666666666667,0.0,0.0,1.0,0.0,1.3333333333333333,0.0,0.0,0.25,0.0,0.3333333333333333,0.0,0.0,1.75,5.0,1.5,0.0,-5.0,0.0,0.0,0.0,0.0,0.0,3.75,9.0,3.5,0.0,-9.0,1.375,0.0,1.8333333333333333,0.0,0.0,0.0,0.0,0.0,0.0,0.0,4.625,0.0,6.166666666666667,0.0,0.0,0.125,0.0,0.16666666666666666,0.0,0.0,0.125,0.0,0.16666666666666666,0.0,0.0,3.875,0.0,5.166666666666667,0.0,0.0,1.375,0.0,1.8333333333333333,0.0,0.0,0.0,0.0,0.0,0.0,0.0,1.625,11.0,0.3333333333333333,0.0,-11.0,0.375,0.0,0.5,0.0,0.0,1.25,3.0,1.1666666666666667,0.0,-3.0,0.0,0.0,0.0,0.0,0.0,0.125,0.0,0.16666666666666666,0.0,0.0,0.875,0.0,1.1666666666666667,0.0,0.0,0.25,0.0,0.3333333333333333,0.0,0.0,3.375,0.0,0.16666666666666666,26.0,26.0,1.375,2.0,1.5,0.0,-2.0,0.0,0.0,0.0,0.0,0.0,1.0,0.0,1.3333333333333333,0.0,0.0,0.375,0.0,0.5,0.0,0.0,0.0,0.0,0.0,0.0,0.0,0.375,0.0,0.5,0.0,0.0,0.125,0.0,0.16666666666666666,0.0,0.0,0.125,0.0,0.16666666666666666,0.0,0.0,0.0,0.0,0.0,0.0,0.0,0.375,0.0,0.5,0.0,0.0,0.25,0.0,0.3333333333333333,0.0,0.0,0.0,0.0,0.0,0.0,0.0,0.125,0.0,0.16666666666666666,0.0,0.0,0.875,1.0,1.0,0.0,-1.0,0.5,0.0,0.6666666666666666,0.0,0.0,0.0,0.0,0.0,0.0,0.0,0.25,0.0,0.3333333333333333,0.0,0.0,0.0,0.0,0.0,0.0,0.0,0.0,0.0,0.0,0.0,0.0,0.0,0.0,0.0,0.0,0.0,0.25,0.0,0.3333333333333333,0.0,0.0,0.375,0.0,0.5,0.0,0.0,0.0,0.0,0.0,0.0,0.0,0.375,0.0,0.5,0.0,0.0,0.125,0.0,0.16666666666666666,0.0,0.0,0.0,0.0,0.0,0.0,0.0,0.125,0.0,0.16666666666666666,0.0,0.0,0.0,0.0,0.0,0.0,0.0,0.0,0.0,0.0,0.0,0.0,0.375,1.0,0.3333333333333333,0.0,-1.0,0.0,0.0,0.0,0.0,0.0,0.125,0.0,0.16666666666666666,0.0,0.0,0.0,0.0,0.0,0.0,0.0,0.0,0.0,0.0,0.0,0.0,0.0,0.0,0.0,0.0,0.0,0.0,0.0,0.0,0.0,0.0,0.0,0.0,0.0,0.0,0.0,0.0,0.0,0.0,0.0,0.0,0.0,0.0,0.0,0.0,0.0,0.0,0.0,0.0,0.0,0.0,0.0,0.0,0.0,0.0,0.0,0.0,0.0,0.0,0.0,0.0,0.0,0.0,0.0,0.0,0.0,0.0,0.0,0.0,0.0,0.0,0.0,0.0,0.0,0.0,0.0,1,0,True,False
2021-10-08-CMC-S12,2021CMC,2.25,0.0,2.5,3.0,3.0,0.0,0.0,0.0,0.0,0.0,0.25,0.0,0.3333333333333333,0.0,0.0,6.375,2.0,6.833333333333333,8.0,6.0,2.125,1.0,2.6666666666666665,0.0,-1.0,0.0,0.0,0.0,0.0,0.0,0.25,0.0,0.16666666666666666,1.0,1.0,0.0,0.0,0.0,0.0,0.0,0.375,0.0,0.5,0.0,0.0,1.5,1.0,1.8333333333333333,0.0,-1.0,0.625,1.0,0.5,1.0,0.0,2.125,8.0,1.5,0.0,-8.0,0.375,0.0,0.5,0.0,0.0,0.0,0.0,0.0,0.0,0.0,3.0,8.0,2.1666666666666665,3.0,-5.0,0.625,0.0,0.6666666666666666,1.0,1.0,0.0,0.0,0.0,0.0,0.0,0.5,1.0,0.5,0.0,-1.0,0.0,0.0,0.0,0.0,0.0,0.0,0.0,0.0,0.0,0.0,0.0,0.0,0.0,0.0,0.0,0.75,2.0,0.6666666666666666,0.0,-2.0,0.5,0.0,0.6666666666666666,0.0,0.0,0.0,0.0,0.0,0.0,0.0,0.0,0.0,0.0,0.0,0.0,0.75,0.0,1.0,0.0,0.0,0.125,0.0,0.16666666666666666,0.0,0.0,0.625,0.0,0.5,2.0,2.0,0.0,0.0,0.0,0.0,0.0,0.0,0.0,0.0,0.0,0.0,0.0,0.0,0.0,0.0,0.0,0.0,0.0,0.0,0.0,0.0,0.0,0.0,0.0,0.0,0.0,0.0,0.0,0.0,0.0,0.0,0.25,0.0,0.16666666666666666,1.0,1.0,0.625,3.0,0.3333333333333333,0.0,-3.0,0.375,1.0,0.3333333333333333,0.0,-1.0,0.375,0.0,0.3333333333333333,1.0,1.0,0.125,0.0,0.0,1.0,1.0,0.125,0.0,0.16666666666666666,0.0,0.0,0.0,0.0,0.0,0.0,0.0,0.125,0.0,0.16666666666666666,0.0,0.0,0.0,0.0,0.0,0.0,0.0,0.0,0.0,0.0,0.0,0.0,0.0,0.0,0.0,0.0,0.0,0.0,0.0,0.0,0.0,0.0,1.75,0.0,2.0,2.0,2.0,1.375,6.0,0.8333333333333334,0.0,-6.0,0.0,0.0,0.0,0.0,0.0,0.0,0.0,0.0,0.0,0.0,0.125,0.0,0.16666666666666666,0.0,0.0,0.125,0.0,0.16666666666666666,0.0,0.0,0.0,0.0,0.0,0.0,0.0,0.0,0.0,0.0,0.0,0.0,0.75,2.0,0.6666666666666666,0.0,-2.0,0.0,0.0,0.0,0.0,0.0,0.0,0.0,0.0,0.0,0.0,0.0,0.0,0.0,0.0,0.0,0.0,0.0,0.0,0.0,0.0,0.0,0.0,0.0,0.0,0.0,0.0,0.0,0.0,0.0,0.0,0.0,0.0,0.0,0.0,0.0,0.0,0.0,0.0,0.0,0.0,0.0,0.0,0.0,0.0,0.0,0.0,0.0,0.0,0.0,0.0,0.0,0.0,0.0,0.0,0.0,0.0,0.0,0.0,0.0,0.0,0.0,0.0,0.0,0.0,0.0,0.0,0.0,0.0,0.0,0.0,0.0,0.0,0.0,0.0,0.0,1,0,True,False
2021-10-08-CMC-S13,2021CMC,2.0,0.0,2.6666666666666665,0.0,0.0,1.125,0.0,1.5,0.0,0.0,0.0,0.0,0.0,0.0,0.0,7.75,0.0,9.666666666666666,4.0,4.0,2.25,0.0,2.8333333333333335,1.0,1.0,0.0,0.0,0.0,0.0,0.0,2.375,9.0,1.1666666666666667,3.0,-6.0,0.0,0.0,0.0,0.0,0.0,0.25,0.0,0.3333333333333333,0.0,0.0,1.25,0.0,1.5,1.0,1.0,0.25,0.0,0.16666666666666666,1.0,1.0,4.0,10.0,3.6666666666666665,0.0,-10.0,0.75,0.0,1.0,0.0,0.0,0.0,0.0,0.0,0.0,0.0,4.375,10.0,3.1666666666666665,6.0,-4.0,1.75,0.0,1.8333333333333333,3.0,3.0,0.0,0.0,0.0,0.0,0.0,0.25,1.0,0.16666666666666666,0.0,-1.0,0.0,0.0,0.0,0.0,0.0,0.625,0.0,0.5,2.0,2.0,0.375,2.0,0.16666666666666666,0.0,-2.0,0.625,0.0,0.8333333333333334,0.0,0.0,0.375,0.0,0.5,0.0,0.0,0.0,0.0,0.0,0.0,0.0,0.0,0.0,0.0,0.0,0.0,1.0,1.0,1.1666666666666667,0.0,-1.0,0.25,0.0,0.3333333333333333,0.0,0.0,0.25,0.0,0.3333333333333333,0.0,0.0,0.0,0.0,0.0,0.0,0.0,0.0,0.0,0.0,0.0,0.0,0.0,0.0,0.0,0.0,0.0,0.0,0.0,0.0,0.0,0.0,0.0,0.0,0.0,0.0,0.0,0.0,0.0,0.0,0.0,0.0,0.0,0.0,0.0,0.0,0.0,0.75,0.0,0.8333333333333334,1.0,1.0,0.125,0.0,0.16666666666666666,0.0,0.0,0.375,0.0,0.5,0.0,0.0,0.875,2.0,0.5,2.0,0.0,0.875,0.0,1.1666666666666667,0.0,0.0,0.125,0.0,0.16666666666666666,0.0,0.0,0.0,0.0,0.0,0.0,0.0,0.0,0.0,0.0,0.0,0.0,0.125,0.0,0.16666666666666666,0.0,0.0,0.0,0.0,0.0,0.0,0.0,0.0,0.0,0.0,0.0,0.0,0.625,0.0,0.8333333333333334,0.0,0.0,0.625,3.0,0.3333333333333333,0.0,-3.0,0.0,0.0,0.0,0.0,0.0,0.0,0.0,0.0,0.0,0.0,0.125,0.0,0.16666666666666666,0.0,0.0,0.125,0.0,0.16666666666666666,0.0,0.0,0.0,0.0,0.0,0.0,0.0,0.0,0.0,0.0,0.0,0.0,0.375,1.0,0.3333333333333333,0.0,-1.0,0.0,0.0,0.0,0.0,0.0,0.0,0.0,0.0,0.0,0.0,0.0,0.0,0.0,0.0,0.0,0.0,0.0,0.0,0.0,0.0,0.0,0.0,0.0,0.0,0.0,0.0,0.0,0.0,0.0,0.0,0.0,0.0,0.0,0.0,0.0,0.0,0.0,0.0,0.0,0.0,0.0,0.0,0.0,0.0,0.0,0.0,0.0,0.0,0.0,0.0,0.0,0.0,0.0,0.0,0.0,0.0,0.0,0.0,0.0,0.0,0.0,0.0,0.0,0.0,0.0,0.0,0.0,0.0,0.0,0.0,0.0,0.0,0.0,0.0,0.0,2,1,True,True
2021-10-08-CMC-S14,2021CMC,1.125,0.0,1.3333333333333333,1.0,1.0,1.375,0.0,1.8333333333333333,0.0,0.0,0.0,0.0,0.0,0.0,0.0,9.5,0.0,11.5,7.0,7.0,1.625,3.0,1.5,1.0,-2.0,0.25,0.0,0.3333333333333333,0.0,0.0,1.625,7.0,0.8333333333333334,1.0,-6.0,0.0,0.0,0.0,0.0,0.0,0.25,0.0,0.3333333333333333,0.0,0.0,0.5,0.0,0.6666666666666666,0.0,0.0,0.125,0.0,0.16666666666666666,0.0,0.0,4.875,10.0,4.5,2.0,-8.0,0.375,0.0,0.5,0.0,0.0,0.0,0.0,0.0,0.0,0.0,5.875,10.0,5.333333333333333,5.0,-5.0,2.375,0.0,3.0,1.0,1.0,0.0,0.0,0.0,0.0,0.0,0.0,0.0,0.0,0.0,0.0,0.0,0.0,0.0,0.0,0.0,0.625,0.0,0.5,2.0,2.0,0.0,0.0,0.0,0.0,0.0,0.75,0.0,1.0,0.0,0.0,0.375,0.0,0.5,0.0,0.0,0.0,0.0,0.0,0.0,0.0,0.0,0.0,0.0,0.0,0.0,1.125,0.0,1.5,0.0,0.0,0.25,0.0,0.3333333333333333,0.0,0.0,0.125,0.0,0.16666666666666666,0.0,0.0,0.0,0.0,0.0,0.0,0.0,0.0,0.0,0.0,0.0,0.0,0.0,0.0,0.0,0.0,0.0,0.0,0.0,0.0,0.0,0.0,0.0,0.0,0.0,0.0,0.0,0.0,0.0,0.0,0.0,0.0,0.0,0.0,0.0,0.0,0.0,0.625,0.0,0.6666666666666666,1.0,1.0,0.125,0.0,0.16666666666666666,0.0,0.0,0.25,0.0,0.3333333333333333,0.0,0.0,0.625,0.0,0.16666666666666666,4.0,4.0,0.125,0.0,0.16666666666666666,0.0,0.0,0.0,0.0,0.0,0.0,0.0,0.0,0.0,0.0,0.0,0.0,0.0,0.0,0.0,0.0,0.0,0.0,0.0,0.0,0.0,0.0,0.0,0.0,0.0,0.0,0.0,0.0,0.0,0.0,0.0,0.0,1.125,0.0,1.5,0.0,0.0,1.125,2.0,0.8333333333333334,2.0,0.0,0.0,0.0,0.0,0.0,0.0,0.0,0.0,0.0,0.0,0.0,0.125,0.0,0.16666666666666666,0.0,0.0,0.125,0.0,0.16666666666666666,0.0,0.0,0.0,0.0,0.0,0.0,0.0,0.0,0.0,0.0,0.0,0.0,0.125,0.0,0.16666666666666666,0.0,0.0,0.0,0.0,0.0,0.0,0.0,0.0,0.0,0.0,0.0,0.0,0.0,0.0,0.0,0.0,0.0,0.0,0.0,0.0,0.0,0.0,0.0,0.0,0.0,0.0,0.0,0.0,0.0,0.0,0.0,0.0,0.0,0.0,0.0,0.0,0.0,0.0,0.0,0.0,0.0,0.0,0.0,0.0,0.0,0.0,0.0,0.0,0.0,0.0,0.0,0.0,0.0,0.0,0.0,0.0,0.0,0.0,0.0,0.0,0.0,0.0,0.0,0.0,0.0,0.0,0.0,0.0,0.0,0.0,0.0,0.0,0.0,0.0,0.0,0.0,0.0,2,1,True,True
2021-10-08-CMC-S2,2021CMC,2.125,0.0,2.1666666666666665,4.0,4.0,0.75,0.0,1.0,0.0,0.0,0.125,0.0,0.16666666666666666,0.0,0.0,6.375,6.0,6.333333333333333,7.0,1.0,2.875,0.0,2.8333333333333335,6.0,6.0,0.375,0.0,0.5,0.0,0.0,0.625,1.0,0.6666666666666666,0.0,-1.0,0.0,0.0,0.0,0.0,0.0,0.25,0.0,0.3333333333333333,0.0,0.0,1.25,0.0,1.5,1.0,1.0,0.0,0.0,0.0,0.0,0.0,6.875,3.0,8.666666666666666,0.0,-3.0,0.75,0.0,1.0,0.0,0.0,0.0,0.0,0.0,0.0,0.0,3.875,8.0,3.6666666666666665,1.0,-7.0,0.875,0.0,1.0,1.0,1.0,0.0,0.0,0.0,0.0,0.0,0.125,0.0,0.0,1.0,1.0,0.0,0.0,0.0,0.0,0.0,0.5,0.0,0.5,1.0,1.0,0.0,0.0,0.0,0.0,0.0,0.875,0.0,1.0,1.0,1.0,1.375,0.0,1.6666666666666667,1.0,1.0,0.0,0.0,0.0,0.0,0.0,0.0,0.0,0.0,0.0,0.0,1.75,0.0,2.3333333333333335,0.0,0.0,1.125,0.0,1.0,3.0,3.0,0.25,0.0,0.3333333333333333,0.0,0.0,0.125,0.0,0.16666666666666666,0.0,0.0,0.0,0.0,0.0,0.0,0.0,0.0,0.0,0.0,0.0,0.0,0.0,0.0,0.0,0.0,0.0,0.0,0.0,0.0,0.0,0.0,0.0,0.0,0.0,0.0,0.0,0.0,0.0,0.0,0.0,0.0,0.25,0.0,0.3333333333333333,0.0,0.0,0.125,0.0,0.0,1.0,1.0,0.25,0.0,0.3333333333333333,0.0,0.0,0.875,5.0,0.16666666666666666,1.0,-4.0,0.0,0.0,0.0,0.0,0.0,0.0,0.0,0.0,0.0,0.0,0.0,0.0,0.0,0.0,0.0,0.0,0.0,0.0,0.0,0.0,0.0,0.0,0.0,0.0,0.0,0.0,0.0,0.0,0.0,0.0,0.0,0.0,0.0,0.0,0.0,2.125,0.0,2.5,2.0,2.0,1.0,1.0,1.0,1.0,0.0,0.0,0.0,0.0,0.0,0.0,0.0,0.0,0.0,0.0,0.0,0.25,0.0,0.3333333333333333,0.0,0.0,0.125,0.0,0.0,1.0,1.0,0.0,0.0,0.0,0.0,0.0,0.0,0.0,0.0,0.0,0.0,0.375,0.0,0.5,0.0,0.0,0.0,0.0,0.0,0.0,0.0,0.0,0.0,0.0,0.0,0.0,0.0,0.0,0.0,0.0,0.0,0.0,0.0,0.0,0.0,0.0,0.0,0.0,0.0,0.0,0.0,0.25,0.0,0.16666666666666666,1.0,1.0,0.0,0.0,0.0,0.0,0.0,0.0,0.0,0.0,0.0,0.0,0.0,0.0,0.0,0.0,0.0,0.0,0.0,0.0,0.0,0.0,0.0,0.0,0.0,0.0,0.0,0.0,0.0,0.0,0.0,0.0,0.0,0.0,0.0,0.0,0.0,0.0,0.0,0.0,0.0,0.0,0.0,0.0,0.0,0.0,0.0,1,0,True,False
2021-10-08-CMC-S3,2021CMC,2.25,0.0,2.6666666666666665,2.0,2.0,6.0,1.0,7.833333333333333,0.0,-1.0,0.0,0.0,0.0,0.0,0.0,3.875,0.0,3.5,10.0,10.0,4.5,0.0,4.833333333333333,7.0,7.0,0.25,0.0,0.3333333333333333,0.0,0.0,2.375,5.0,2.0,2.0,-3.0,0.125,0.0,0.16666666666666666,0.0,0.0,3.625,12.0,2.6666666666666665,1.0,-11.0,1.625,0.0,2.0,1.0,1.0,0.0,0.0,0.0,0.0,0.0,6.25,13.0,6.166666666666667,0.0,-13.0,0.5,0.0,0.6666666666666666,0.0,0.0,0.25,0.0,0.16666666666666666,1.0,1.0,5.75,14.0,5.0,2.0,-12.0,2.75,0.0,3.1666666666666665,3.0,3.0,0.0,0.0,0.0,0.0,0.0,0.625,0.0,0.5,2.0,2.0,0.25,1.0,0.16666666666666666,0.0,-1.0,1.5,1.0,1.0,5.0,4.0,0.125,0.0,0.16666666666666666,0.0,0.0,0.625,0.0,0.6666666666666666,1.0,1.0,0.5,0.0,0.6666666666666666,0.0,0.0,0.375,0.0,0.5,0.0,0.0,1.875,0.0,2.5,0.0,0.0,1.75,3.0,1.8333333333333333,0.0,-3.0,0.0,0.0,0.0,0.0,0.0,1.625,0.0,1.8333333333333333,2.0,2.0,0.125,0.0,0.16666666666666666,0.0,0.0,0.0,0.0,0.0,0.0,0.0,0.125,0.0,0.0,1.0,1.0,0.0,0.0,0.0,0.0,0.0,0.0,0.0,0.0,0.0,0.0,1.0,0.0,1.1666666666666667,1.0,1.0,0.625,0.0,0.8333333333333334,0.0,0.0,0.875,0.0,1.1666666666666667,0.0,0.0,0.0,0.0,0.0,0.0,0.0,0.5,0.0,0.5,1.0,1.0,1.125,1.0,0.8333333333333334,3.0,2.0,1.125,1.0,1.3333333333333333,0.0,-1.0,0.125,0.0,0.16666666666666666,0.0,0.0,0.125,0.0,0.0,1.0,1.0,0.0,0.0,0.0,0.0,0.0,0.25,0.0,0.3333333333333333,0.0,0.0,0.5,0.0,0.6666666666666666,0.0,0.0,0.0,0.0,0.0,0.0,0.0,1.875,0.0,2.3333333333333335,1.0,1.0,0.25,2.0,0.0,0.0,-2.0,0.125,0.0,0.16666666666666666,0.0,0.0,0.125,0.0,0.16666666666666666,0.0,0.0,0.0,0.0,0.0,0.0,0.0,0.25,0.0,0.3333333333333333,0.0,0.0,0.0,0.0,0.0,0.0,0.0,0.0,0.0,0.0,0.0,0.0,0.625,0.0,0.6666666666666666,1.0,1.0,0.0,0.0,0.0,0.0,0.0,0.0,0.0,0.0,0.0,0.0,0.0,0.0,0.0,0.0,0.0,0.0,0.0,0.0,0.0,0.0,0.25,0.0,0.3333333333333333,0.0,0.0,0.125,0.0,0.16666666666666666,0.0,0.0,0.0,0.0,0.0,0.0,0.0,0.0,0.0,0.0,0.0,0.0,0.0,0.0,0.0,0.0,0.0,0.0,0.0,0.0,0.0,0.0,0.0,0.0,0.0,0.0,0.0,0.0,0.0,0.0,0.0,0.0,0.0,0.0,0.0,0.0,0.0,0.0,0.0,0.0,0.0,0.0,0.0,0.0,0.0,0.0,0.0,1,1,True,True
2021-10-08-CMC-S4,2021CMC,2.25,0.0,3.0,0.0,0.0,0.0,0.0,0.0,0.0,0.0,0.125,0.0,0.16666666666666666,0.0,0.0,9.375,3.0,10.5,9.0,6.0,1.875,1.0,1.6666666666666667,4.0,3.0,0.0,0.0,0.0,0.0,0.0,1.25,4.0,0.5,3.0,-1.0,0.0,0.0,0.0,0.0,0.0,1.125,0.0,1.3333333333333333,1.0,1.0,1.25,0.0,1.3333333333333333,2.0,2.0,0.0,0.0,0.0,0.0,0.0,2.5,9.0,1.6666666666666667,1.0,-8.0,0.375,0.0,0.5,0.0,0.0,0.0,0.0,0.0,0.0,0.0,3.625,10.0,2.6666666666666665,3.0,-7.0,1.0,0.0,1.1666666666666667,1.0,1.0,0.0,0.0,0.0,0.0,0.0,0.125,1.0,0.0,0.0,-1.0,0.0,0.0,0.0,0.0,0.0,0.25,0.0,0.16666666666666666,1.0,1.0,0.125,0.0,0.16666666666666666,0.0,0.0,0.25,0.0,0.3333333333333333,0.0,0.0,0.5,0.0,0.6666666666666666,0.0,0.0,0.0,0.0,0.0,0.0,0.0,0.0,0.0,0.0,0.0,0.0,0.5,1.0,0.5,0.0,-1.0,0.375,0.0,0.5,0.0,0.0,0.625,0.0,0.6666666666666666,1.0,1.0,0.0,0.0,0.0,0.0,0.0,0.0,0.0,0.0,0.0,0.0,0.0,0.0,0.0,0.0,0.0,0.0,0.0,0.0,0.0,0.0,0.0,0.0,0.0,0.0,0.0,0.0,0.0,0.0,0.0,0.0,0.0,0.0,0.0,0.0,0.0,0.5,0.0,0.5,1.0,1.0,0.125,1.0,0.0,0.0,-1.0,0.5,0.0,0.6666666666666666,0.0,0.0,0.125,0.0,0.0,1.0,1.0,0.625,1.0,0.6666666666666666,0.0,-1.0,0.0,0.0,0.0,0.0,0.0,0.0,0.0,0.0,0.0,0.0,0.0,0.0,0.0,0.0,0.0,0.0,0.0,0.0,0.0,0.0,0.0,0.0,0.0,0.0,0.0,0.0,0.0,0.0,0.0,0.0,0.25,0.0,0.16666666666666666,1.0,1.0,1.125,2.0,1.1666666666666667,0.0,-2.0,0.0,0.0,0.0,0.0,0.0,0.0,0.0,0.0,0.0,0.0,0.0,0.0,0.0,0.0,0.0,0.25,0.0,0.3333333333333333,0.0,0.0,0.0,0.0,0.0,0.0,0.0,0.0,0.0,0.0,0.0,0.0,0.0,0.0,0.0,0.0,0.0,0.0,0.0,0.0,0.0,0.0,0.0,0.0,0.0,0.0,0.0,0.0,0.0,0.0,0.0,0.0,0.0,0.0,0.0,0.0,0.0,0.0,0.0,0.0,0.0,0.0,0.0,0.0,0.0,0.0,0.0,0.0,0.0,0.0,0.0,0.0,0.0,0.0,0.0,0.0,0.0,0.0,0.0,0.0,0.0,0.0,0.0,0.0,0.0,0.0,0.0,0.0,0.0,0.0,0.0,0.0,0.0,0.0,0.0,0.0,0.0,0.0,0.0,0.0,0.0,0.0,0.0,0.0,0.0,0.0,0.0,0.0,0.0,0.0,0.0,0.0,1,1,True,True
2021-10-08-CMC-S5,2021CMC,2.5,0.0,2.6666666666666665,4.0,4.0,0.875,0.0,0.16666666666666666,6.0,6.0,0.125,0.0,0.16666666666666666,0.0,0.0,1.75,0.0,1.8333333333333333,3.0,3.0,2.125,0.0,2.1666666666666665,4.0,4.0,0.125,0.0,0.16666666666666666,0.0,0.0,3.375,8.0,2.3333333333333335,5.0,-3.0,0.25,0.0,0.3333333333333333,0.0,0.0,3.75,15.0,2.3333333333333335,1.0,-14.0,1.25,0.0,1.6666666666666667,0.0,0.0,0.5,1.0,0.5,0.0,-1.0,5.375,14.0,4.5,2.0,-12.0,0.375,0.0,0.16666666666666666,2.0,2.0,0.625,4.0,0.0,1.0,-3.0,3.0,14.0,1.6666666666666667,0.0,-14.0,1.0,0.0,1.0,2.0,2.0,0.0,0.0,0.0,0.0,0.0,0.625,0.0,0.6666666666666666,1.0,1.0,0.125,0.0,0.16666666666666666,0.0,0.0,1.625,4.0,1.0,3.0,-1.0,0.0,0.0,0.0,0.0,0.0,0.25,0.0,0.3333333333333333,0.0,0.0,0.25,0.0,0.3333333333333333,0.0,0.0,0.0,0.0,0.0,0.0,0.0,4.875,0.0,4.666666666666667,11.0,11.0,1.0,0.0,1.1666666666666667,1.0,1.0,0.125,0.0,0.16666666666666666,0.0,0.0,0.75,0.0,1.0,0.0,0.0,0.0,0.0,0.0,0.0,0.0,0.125,0.0,0.16666666666666666,0.0,0.0,0.0,0.0,0.0,0.0,0.0,0.25,0.0,0.3333333333333333,0.0,0.0,0.0,0.0,0.0,0.0,0.0,0.0,0.0,0.0,0.0,0.0,0.125,0.0,0.16666666666666666,0.0,0.0,0.75,0.0,0.8333333333333334,1.0,1.0,0.0,0.0,0.0,0.0,0.0,0.125,0.0,0.16666666666666666,0.0,0.0,1.0,3.0,0.0,5.0,2.0,0.5,0.0,0.16666666666666666,3.0,3.0,0.25,0.0,0.3333333333333333,0.0,0.0,0.0,0.0,0.0,0.0,0.0,0.0,0.0,0.0,0.0,0.0,0.125,0.0,0.16666666666666666,0.0,0.0,0.0,0.0,0.0,0.0,0.0,0.0,0.0,0.0,0.0,0.0,0.25,0.0,0.3333333333333333,0.0,0.0,0.0,0.0,0.0,0.0,0.0,0.25,0.0,0.3333333333333333,0.0,0.0,0.0,0.0,0.0,0.0,0.0,0.0,0.0,0.0,0.0,0.0,0.125,0.0,0.16666666666666666,0.0,0.0,0.0,0.0,0.0,0.0,0.0,0.0,0.0,0.0,0.0,0.0,0.125,0.0,0.0,1.0,1.0,0.0,0.0,0.0,0.0,0.0,0.125,0.0,0.16666666666666666,0.0,0.0,0.0,0.0,0.0,0.0,0.0,0.125,0.0,0.16666666666666666,0.0,0.0,0.0,0.0,0.0,0.0,0.0,0.0,0.0,0.0,0.0,0.0,0.0,0.0,0.0,0.0,0.0,0.125,0.0,0.0,1.0,1.0,0.0,0.0,0.0,0.0,0.0,0.0,0.0,0.0,0.0,0.0,0.0,0.0,0.0,0.0,0.0,0.0,0.0,0.0,0.0,0.0,0.0,0.0,0.0,0.0,0.0,0.0,0.0,0.0,0.0,0.0,0.0,0.0,0.0,0.0,0.0,3,2,True,True
2021-10-08-CMC-S6,2021CMC,0.75,0.0,1.0,0.0,0.0,0.0,0.0,0.0,0.0,0.0,0.125,0.0,0.16666666666666666,0.0,0.0,5.125,0.0,6.166666666666667,4.0,4.0,2.125,0.0,2.1666666666666665,4.0,4.0,0.125,0.0,0.16666666666666666,0.0,0.0,1.875,3.0,1.3333333333333333,4.0,1.0,0.0,0.0,0.0,0.0,0.0,0.5,0.0,0.6666666666666666,0.0,0.0,0.375,0.0,0.5,0.0,0.0,0.0,0.0,0.0,0.0,0.0,4.0,10.0,3.3333333333333335,2.0,-8.0,0.25,0.0,0.16666666666666666,1.0,1.0,0.125,0.0,0.16666666666666666,0.0,0.0,3.25,10.0,2.3333333333333335,2.0,-8.0,1.25,0.0,1.1666666666666667,3.0,3.0,0.0,0.0,0.0,0.0,0.0,1.0,1.0,1.1666666666666667,0.0,-1.0,0.0,0.0,0.0,0.0,0.0,1.0,0.0,0.6666666666666666,4.0,4.0,0.125,0.0,0.16666666666666666,0.0,0.0,0.125,0.0,0.16666666666666666,0.0,0.0,0.25,0.0,0.3333333333333333,0.0,0.0,0.0,0.0,0.0,0.0,0.0,0.0,0.0,0.0,0.0,0.0,1.125,0.0,1.1666666666666667,2.0,2.0,0.25,0.0,0.3333333333333333,0.0,0.0,0.0,0.0,0.0,0.0,0.0,0.0,0.0,0.0,0.0,0.0,0.0,0.0,0.0,0.0,0.0,0.0,0.0,0.0,0.0,0.0,0.0,0.0,0.0,0.0,0.0,0.0,0.0,0.0,0.0,0.0,0.0,0.0,0.0,0.0,0.0,0.0,0.0,0.0,0.0,0.0,0.625,0.0,0.8333333333333334,0.0,0.0,0.125,0.0,0.16666666666666666,0.0,0.0,0.25,0.0,0.16666666666666666,1.0,1.0,0.625,0.0,0.3333333333333333,3.0,3.0,0.125,0.0,0.16666666666666666,0.0,0.0,0.0,0.0,0.0,0.0,0.0,0.0,0.0,0.0,0.0,0.0,0.0,0.0,0.0,0.0,0.0,0.125,0.0,0.0,1.0,1.0,0.0,0.0,0.0,0.0,0.0,0.0,0.0,0.0,0.0,0.0,0.125,0.0,0.16666666666666666,0.0,0.0,1.125,0.0,1.5,0.0,0.0,0.25,0.0,0.3333333333333333,0.0,0.0,0.0,0.0,0.0,0.0,0.0,0.25,0.0,0.3333333333333333,0.0,0.0,0.125,0.0,0.16666666666666666,0.0,0.0,0.0,0.0,0.0,0.0,0.0,0.0,0.0,0.0,0.0,0.0,0.25,0.0,0.16666666666666666,1.0,1.0,0.0,0.0,0.0,0.0,0.0,0.0,0.0,0.0,0.0,0.0,0.0,0.0,0.0,0.0,0.0,0.0,0.0,0.0,0.0,0.0,0.0,0.0,0.0,0.0,0.0,0.0,0.0,0.0,0.0,0.0,0.0,0.0,0.0,0.0,0.0,0.0,0.0,0.0,0.0,0.0,0.0,0.0,0.0,0.0,0.0,0.0,0.0,0.0,0.0,0.0,0.0,0.0,0.0,0.0,0.0,0.0,0.0,0.0,0.0,0.0,0.0,0.0,0.0,0.0,0.0,0.0,0.0,0.0,0.0,0.0,0.0,0.0,0.0,0.0,0.0,2,0,True,False
2021-10-08-CMC-S7,2021CMC,0.25,0.0,0.3333333333333333,0.0,0.0,0.0,0.0,0.0,0.0,0.0,0.125,0.0,0.16666666666666666,0.0,0.0,4.625,0.0,5.333333333333333,5.0,5.0,3.125,1.0,3.3333333333333335,4.0,3.0,0.125,0.0,0.16666666666666666,0.0,0.0,2.75,3.0,2.6666666666666665,3.0,0.0,0.0,0.0,0.0,0.0,0.0,0.75,0.0,1.0,0.0,0.0,0.375,0.0,0.5,0.0,0.0,0.0,0.0,0.0,0.0,0.0,2.375,11.0,1.1666666666666667,1.0,-10.0,0.25,0.0,0.16666666666666666,1.0,1.0,0.125,0.0,0.0,1.0,1.0,2.875,11.0,1.6666666666666667,2.0,-9.0,0.75,0.0,0.6666666666666666,2.0,2.0,0.0,0.0,0.0,0.0,0.0,0.875,1.0,1.0,0.0,-1.0,0.0,0.0,0.0,0.0,0.0,1.25,0.0,0.8333333333333334,5.0,5.0,0.25,0.0,0.3333333333333333,0.0,0.0,0.125,0.0,0.16666666666666666,0.0,0.0,0.125,0.0,0.16666666666666666,0.0,0.0,0.125,0.0,0.16666666666666666,0.0,0.0,0.0,0.0,0.0,0.0,0.0,1.625,0.0,1.6666666666666667,3.0,3.0,0.25,0.0,0.3333333333333333,0.0,0.0,0.25,1.0,0.16666666666666666,0.0,-1.0,0.0,0.0,0.0,0.0,0.0,0.0,0.0,0.0,0.0,0.0,0.0,0.0,0.0,0.0,0.0,0.0,0.0,0.0,0.0,0.0,0.0,0.0,0.0,0.0,0.0,0.0,0.0,0.0,0.0,0.0,0.0,0.0,0.0,0.0,0.0,0.375,0.0,0.5,0.0,0.0,0.0,0.0,0.0,0.0,0.0,0.125,0.0,0.16666666666666666,0.0,0.0,0.75,0.0,0.3333333333333333,4.0,4.0,0.25,0.0,0.3333333333333333,0.0,0.0,0.0,0.0,0.0,0.0,0.0,0.0,0.0,0.0,0.0,0.0,0.0,0.0,0.0,0.0,0.0,0.125,0.0,0.16666666666666666,0.0,0.0,0.0,0.0,0.0,0.0,0.0,0.0,0.0,0.0,0.0,0.0,0.5,0.0,0.6666666666666666,0.0,0.0,0.625,0.0,0.8333333333333334,0.0,0.0,0.0,0.0,0.0,0.0,0.0,0.0,0.0,0.0,0.0,0.0,0.25,0.0,0.3333333333333333,0.0,0.0,0.125,0.0,0.16666666666666666,0.0,0.0,0.0,0.0,0.0,0.0,0.0,0.0,0.0,0.0,0.0,0.0,0.375,1.0,0.16666666666666666,1.0,0.0,0.0,0.0,0.0,0.0,0.0,0.0,0.0,0.0,0.0,0.0,0.0,0.0,0.0,0.0,0.0,0.0,0.0,0.0,0.0,0.0,0.0,0.0,0.0,0.0,0.0,0.0,0.0,0.0,0.0,0.0,0.0,0.0,0.0,0.0,0.0,0.0,0.0,0.0,0.0,0.0,0.0,0.0,0.0,0.0,0.0,0.0,0.0,0.0,0.0,0.0,0.0,0.0,0.0,0.0,0.0,0.125,0.0,0.16666666666666666,0.0,0.0,0.0,0.0,0.0,0.0,0.0,0.0,0.0,0.0,0.0,0.0,0.0,0.0,0.0,0.0,0.0,2,0,True,False
2021-10-08-CMC-S8,2021CMC,1.125,0.0,1.0,3.0,3.0,0.375,0.0,0.5,0.0,0.0,0.25,0.0,0.3333333333333333,0.0,0.0,7.0,1.0,7.833333333333333,8.0,7.0,1.125,0.0,1.3333333333333333,1.0,1.0,0.0,0.0,0.0,0.0,0.0,0.375,0.0,0.3333333333333333,1.0,1.0,0.0,0.0,0.0,0.0,0.0,0.625,3.0,0.3333333333333333,0.0,-3.0,1.75,1.0,2.1666666666666665,0.0,-1.0,0.25,0.0,0.3333333333333333,0.0,0.0,2.625,0.0,3.5,0.0,0.0,0.5,0.0,0.6666666666666666,0.0,0.0,0.0,0.0,0.0,0.0,0.0,3.375,8.0,2.6666666666666665,3.0,-5.0,0.25,0.0,0.3333333333333333,0.0,0.0,0.0,0.0,0.0,0.0,0.0,0.25,1.0,0.16666666666666666,0.0,-1.0,0.0,0.0,0.0,0.0,0.0,0.5,4.0,0.0,0.0,-4.0,0.0,0.0,0.0,0.0,0.0,0.375,2.0,0.16666666666666666,0.0,-2.0,0.625,0.0,0.8333333333333334,0.0,0.0,0.0,0.0,0.0,0.0,0.0,0.0,0.0,0.0,0.0,0.0,0.625,0.0,0.8333333333333334,0.0,0.0,0.125,0.0,0.16666666666666666,0.0,0.0,0.25,0.0,0.16666666666666666,1.0,1.0,0.0,0.0,0.0,0.0,0.0,0.0,0.0,0.0,0.0,0.0,0.0,0.0,0.0,0.0,0.0,0.0,0.0,0.0,0.0,0.0,0.0,0.0,0.0,0.0,0.0,0.0,0.0,0.0,0.0,0.0,0.5,0.0,0.6666666666666666,0.0,0.0,0.25,0.0,0.16666666666666666,1.0,1.0,0.25,1.0,0.16666666666666666,0.0,-1.0,0.375,0.0,0.3333333333333333,1.0,1.0,0.125,0.0,0.0,1.0,1.0,0.375,0.0,0.5,0.0,0.0,0.0,0.0,0.0,0.0,0.0,0.125,0.0,0.16666666666666666,0.0,0.0,0.0,0.0,0.0,0.0,0.0,0.0,0.0,0.0,0.0,0.0,0.0,0.0,0.0,0.0,0.0,0.0,0.0,0.0,0.0,0.0,2.0,0.0,2.5,1.0,1.0,1.5,9.0,0.5,0.0,-9.0,0.125,1.0,0.0,0.0,-1.0,0.0,0.0,0.0,0.0,0.0,0.0,0.0,0.0,0.0,0.0,0.0,0.0,0.0,0.0,0.0,0.0,0.0,0.0,0.0,0.0,0.0,0.0,0.0,0.0,0.0,0.375,1.0,0.3333333333333333,0.0,-1.0,0.0,0.0,0.0,0.0,0.0,0.0,0.0,0.0,0.0,0.0,0.0,0.0,0.0,0.0,0.0,0.0,0.0,0.0,0.0,0.0,0.0,0.0,0.0,0.0,0.0,0.0,0.0,0.0,0.0,0.0,0.0,0.0,0.0,0.0,0.0,0.0,0.0,0.0,0.0,0.0,0.0,0.0,0.0,0.0,0.0,0.0,0.0,0.0,0.0,0.0,0.0,0.0,0.0,0.0,0.0,0.0,0.0,0.0,0.0,0.0,0.0,0.0,0.0,0.0,0.0,0.0,0.0,0.0,0.0,0.0,0.0,0.0,0.0,0.0,0.0,0,0,False,False
2021-10-08-CMC-S9,2021CMC,2.75,2.0,3.0,2.0,0.0,0.375,0.0,0.5,0.0,0.0,0.0,0.0,0.0,0.0,0.0,5.5,3.0,6.833333333333333,0.0,-3.0,3.625,2.0,3.5,6.0,4.0,0.125,0.0,0.0,1.0,1.0,1.875,1.0,2.0,2.0,1.0,0.0,0.0,0.0,0.0,0.0,0.75,3.0,0.5,0.0,-3.0,1.75,1.0,2.0,1.0,0.0,0.0,0.0,0.0,0.0,0.0,5.625,3.0,6.833333333333333,1.0,-2.0,0.75,2.0,0.6666666666666666,0.0,-2.0,0.0,0.0,0.0,0.0,0.0,4.375,1.0,5.333333333333333,2.0,1.0,1.25,0.0,1.6666666666666667,0.0,0.0,0.0,0.0,0.0,0.0,0.0,1.0,0.0,1.3333333333333333,0.0,0.0,0.0,0.0,0.0,0.0,0.0,1.75,1.0,1.8333333333333333,2.0,1.0,0.125,0.0,0.0,1.0,1.0,0.125,0.0,0.16666666666666666,0.0,0.0,0.125,0.0,0.16666666666666666,0.0,0.0,0.0,0.0,0.0,0.0,0.0,0.0,0.0,0.0,0.0,0.0,0.75,1.0,0.6666666666666666,1.0,0.0,0.0,0.0,0.0,0.0,0.0,0.5,0.0,0.6666666666666666,0.0,0.0,0.0,0.0,0.0,0.0,0.0,0.0,0.0,0.0,0.0,0.0,0.0,0.0,0.0,0.0,0.0,0.0,0.0,0.0,0.0,0.0,0.0,0.0,0.0,0.0,0.0,0.0,0.0,0.0,0.0,0.0,0.0,0.0,0.0,0.0,0.0,0.75,0.0,0.8333333333333334,1.0,1.0,0.0,0.0,0.0,0.0,0.0,0.375,0.0,0.5,0.0,0.0,0.5,1.0,0.3333333333333333,1.0,0.0,1.5,0.0,2.0,0.0,0.0,0.0,0.0,0.0,0.0,0.0,0.0,0.0,0.0,0.0,0.0,0.0,0.0,0.0,0.0,0.0,0.125,0.0,0.16666666666666666,0.0,0.0,0.0,0.0,0.0,0.0,0.0,0.0,0.0,0.0,0.0,0.0,0.5,1.0,0.5,0.0,-1.0,0.75,1.0,0.6666666666666666,1.0,0.0,0.0,0.0,0.0,0.0,0.0,0.0,0.0,0.0,0.0,0.0,0.0,0.0,0.0,0.0,0.0,0.25,1.0,0.16666666666666666,0.0,-1.0,0.0,0.0,0.0,0.0,0.0,0.0,0.0,0.0,0.0,0.0,0.5,0.0,0.3333333333333333,2.0,2.0,0.0,0.0,0.0,0.0,0.0,0.0,0.0,0.0,0.0,0.0,0.0,0.0,0.0,0.0,0.0,0.0,0.0,0.0,0.0,0.0,0.0,0.0,0.0,0.0,0.0,0.0,0.0,0.0,0.0,0.0,0.0,0.0,0.0,0.0,0.0,0.0,0.0,0.0,0.0,0.0,0.0,0.0,0.0,0.0,0.0,0.0,0.0,0.0,0.0,0.0,0.0,0.0,0.0,0.0,0.0,0.0,0.0,0.0,0.0,0.0,0.0,0.0,0.0,0.0,0.0,0.0,0.0,0.0,0.0,0.0,0.0,0.0,0.0,0.0,0.0,2,0,True,False
2021-11-04-NES-S1,2021NES,1.2,1.0,1.375,0.0,-1.0,2.8,5.0,2.875,0.0,-5.0,0.1,0.0,0.125,0.0,0.0,5.5,9.0,5.75,0.0,-9.0,1.7,3.0,1.75,0.0,-3.0,0.9,0.0,1.125,0.0,0.0,1.9,0.0,2.375,0.0,0.0,0.2,0.0,0.25,0.0,0.0,1.1,2.0,1.125,0.0,-2.0,0.5,1.0,0.5,0.0,-1.0,0.1,1.0,0.0,0.0,-1.0,2.4,2.0,2.75,0.0,-2.0,0.5,0.0,0.625,0.0,0.0,0.2,0.0,0.25,0.0,0.0,2.3,5.0,2.25,0.0,-5.0,2.1,2.0,2.375,0.0,-2.0,0.2,0.0,0.25,0.0,0.0,0.2,0.0,0.25,0.0,0.0,0.0,0.0,0.0,0.0,0.0,0.7,1.0,0.75,0.0,-1.0,0.1,0.0,0.125,0.0,0.0,0.5,0.0,0.625,0.0,0.0,0.5,1.0,0.5,0.0,-1.0,0.3,0.0,0.375,0.0,0.0,1.2,0.0,1.5,0.0,0.0,0.3,1.0,0.25,0.0,-1.0,0.3,1.0,0.25,0.0,-1.0,0.3,0.0,0.375,0.0,0.0,0.2,1.0,0.125,0.0,-1.0,0.0,0.0,0.0,0.0,0.0,0.0,0.0,0.0,0.0,0.0,0.4,0.0,0.5,0.0,0.0,0.0,0.0,0.0,0.0,0.0,0.1,0.0,0.125,0.0,0.0,0.3,0.0,0.375,0.0,0.0,0.8,4.0,0.5,0.0,-4.0,0.0,0.0,0.0,0.0,0.0,0.2,0.0,0.25,0.0,0.0,0.6,0.0,0.75,0.0,0.0,0.6,0.0,0.75,0.0,0.0,0.1,0.0,0.125,0.0,0.0,0.0,0.0,0.0,0.0,0.0,0.0,0.0,0.0,0.0,0.0,0.4,4.0,0.0,0.0,-4.0,0.0,0.0,0.0,0.0,0.0,0.1,0.0,0.125,0.0,0.0,0.6,1.0,0.625,0.0,-1.0,0.1,0.0,0.125,0.0,0.0,0.1,0.0,0.125,0.0,0.0,0.1,0.0,0.125,0.0,0.0,0.0,0.0,0.0,0.0,0.0,0.2,0.0,0.25,0.0,0.0,0.0,0.0,0.0,0.0,0.0,0.0,0.0,0.0,0.0,0.0,0.0,0.0,0.0,0.0,0.0,0.0,0.0,0.0,0.0,0.0,0.1,0.0,0.125,0.0,0.0,0.0,0.0,0.0,0.0,0.0,0.0,0.0,0.0,0.0,0.0,0.2,0.0,0.25,0.0,0.0,0.0,0.0,0.0,0.0,0.0,0.0,0.0,0.0,0.0,0.0,0.0,0.0,0.0,0.0,0.0,0.0,0.0,0.0,0.0,0.0,0.0,0.0,0.0,0.0,0.0,0.0,0.0,0.0,0.0,0.0,0.0,0.0,0.0,0.0,0.0,0.0,0.0,0.0,0.0,0.0,0.0,0.0,0.0,0.0,0.0,0.0,0.0,0.0,0.0,0.0,2,1,True,True
2021-11-04-NES-S2,2021NES,1.6666666666666667,1.0,2.25,0.0,-1.0,7.666666666666667,8.0,9.5,0.0,-8.0,0.0,0.0,0.0,0.0,0.0,3.8333333333333335,4.0,4.5,1.0,-3.0,1.5,0.0,2.25,0.0,0.0,0.16666666666666666,0.0,0.25,0.0,0.0,1.5,1.0,0.5,6.0,5.0,0.0,0.0,0.0,0.0,0.0,1.8333333333333333,0.0,2.5,1.0,1.0,1.5,1.0,2.0,0.0,-1.0,0.0,0.0,0.0,0.0,0.0,2.1666666666666665,6.0,1.75,0.0,-6.0,0.3333333333333333,0.0,0.5,0.0,0.0,0.0,0.0,0.0,0.0,0.0,5.333333333333333,8.0,6.0,0.0,-8.0,1.0,1.0,1.0,1.0,0.0,0.16666666666666666,0.0,0.25,0.0,0.0,0.5,0.0,0.75,0.0,0.0,0.8333333333333334,0.0,0.0,5.0,5.0,0.6666666666666666,0.0,0.25,3.0,3.0,0.0,0.0,0.0,0.0,0.0,1.6666666666666667,4.0,1.5,0.0,-4.0,0.16666666666666666,0.0,0.25,0.0,0.0,0.0,0.0,0.0,0.0,0.0,0.6666666666666666,0.0,1.0,0.0,0.0,1.5,1.0,1.25,3.0,2.0,0.16666666666666666,1.0,0.0,0.0,-1.0,0.3333333333333333,2.0,0.0,0.0,-2.0,0.0,0.0,0.0,0.0,0.0,0.16666666666666666,0.0,0.25,0.0,0.0,0.16666666666666666,0.0,0.25,0.0,0.0,1.0,2.0,1.0,0.0,-2.0,0.0,0.0,0.0,0.0,0.0,0.16666666666666666,0.0,0.25,0.0,0.0,0.3333333333333333,0.0,0.5,0.0,0.0,1.3333333333333333,1.0,1.75,0.0,-1.0,0.0,0.0,0.0,0.0,0.0,0.5,2.0,0.25,0.0,-2.0,0.8333333333333334,0.0,0.0,5.0,5.0,1.0,0.0,1.0,2.0,2.0,0.3333333333333333,0.0,0.5,0.0,0.0,0.16666666666666666,0.0,0.25,0.0,0.0,0.16666666666666666,0.0,0.0,1.0,1.0,0.16666666666666666,0.0,0.25,0.0,0.0,0.0,0.0,0.0,0.0,0.0,0.3333333333333333,0.0,0.5,0.0,0.0,0.16666666666666666,1.0,0.0,0.0,-1.0,0.0,0.0,0.0,0.0,0.0,0.0,0.0,0.0,0.0,0.0,0.16666666666666666,0.0,0.25,0.0,0.0,0.0,0.0,0.0,0.0,0.0,0.3333333333333333,1.0,0.25,0.0,-1.0,0.16666666666666666,0.0,0.25,0.0,0.0,0.0,0.0,0.0,0.0,0.0,0.0,0.0,0.0,0.0,0.0,0.0,0.0,0.0,0.0,0.0,0.0,0.0,0.0,0.0,0.0,0.0,0.0,0.0,0.0,0.0,0.0,0.0,0.0,0.0,0.0,0.0,0.0,0.0,0.0,0.0,0.0,0.0,0.0,0.0,0.0,0.0,0.0,0.0,0.0,0.0,0.0,0.0,0.0,0.0,0.0,0.0,0.0,0.0,0.0,0.0,0.0,0.0,0.0,0.0,0.0,0.0,0.0,0.0,0.0,0.0,0.0,0.0,0.0,0.0,0.0,0.0,0.0,0.0,0.0,0.0,0.0,0.0,0.0,0.0,0.0,0.0,0.0,0.0,0.0,0.0,2,0,True,False
2021-11-04-NES-S3,2021NES,1.625,0.0,2.0,1.0,1.0,2.875,0.0,3.8333333333333335,0.0,0.0,0.0,0.0,0.0,0.0,0.0,1.75,0.0,1.6666666666666667,4.0,4.0,1.25,1.0,1.5,0.0,-1.0,0.25,0.0,0.16666666666666666,1.0,1.0,3.625,7.0,2.3333333333333335,8.0,1.0,1.375,7.0,0.3333333333333333,2.0,-5.0,1.75,3.0,1.8333333333333333,0.0,-3.0,1.125,0.0,1.3333333333333333,1.0,1.0,0.0,0.0,0.0,0.0,0.0,3.75,7.0,3.8333333333333335,0.0,-7.0,0.375,0.0,0.5,0.0,0.0,0.125,0.0,0.16666666666666666,0.0,0.0,3.0,7.0,2.6666666666666665,1.0,-6.0,1.875,0.0,2.0,3.0,3.0,0.0,0.0,0.0,0.0,0.0,0.25,0.0,0.3333333333333333,0.0,0.0,0.125,0.0,0.0,1.0,1.0,1.0,2.0,0.5,3.0,1.0,0.125,0.0,0.16666666666666666,0.0,0.0,0.375,0.0,0.5,0.0,0.0,0.625,0.0,0.8333333333333334,0.0,0.0,0.25,0.0,0.3333333333333333,0.0,0.0,1.625,0.0,1.6666666666666667,3.0,3.0,1.25,4.0,1.0,0.0,-4.0,0.0,0.0,0.0,0.0,0.0,0.25,0.0,0.3333333333333333,0.0,0.0,0.25,0.0,0.16666666666666666,1.0,1.0,0.0,0.0,0.0,0.0,0.0,0.0,0.0,0.0,0.0,0.0,0.125,0.0,0.16666666666666666,0.0,0.0,0.25,0.0,0.3333333333333333,0.0,0.0,0.125,0.0,0.16666666666666666,0.0,0.0,0.125,0.0,0.16666666666666666,0.0,0.0,0.375,0.0,0.5,0.0,0.0,0.0,0.0,0.0,0.0,0.0,0.0,0.0,0.0,0.0,0.0,0.375,1.0,0.0,2.0,1.0,1.125,2.0,0.6666666666666666,3.0,1.0,0.25,0.0,0.3333333333333333,0.0,0.0,0.125,1.0,0.0,0.0,-1.0,0.0,0.0,0.0,0.0,0.0,0.125,0.0,0.16666666666666666,0.0,0.0,0.125,0.0,0.0,1.0,1.0,0.0,0.0,0.0,0.0,0.0,0.375,0.0,0.5,0.0,0.0,0.125,0.0,0.16666666666666666,0.0,0.0,0.375,0.0,0.5,0.0,0.0,0.0,0.0,0.0,0.0,0.0,0.0,0.0,0.0,0.0,0.0,0.125,0.0,0.16666666666666666,0.0,0.0,0.0,0.0,0.0,0.0,0.0,0.0,0.0,0.0,0.0,0.0,0.0,0.0,0.0,0.0,0.0,0.0,0.0,0.0,0.0,0.0,0.0,0.0,0.0,0.0,0.0,0.0,0.0,0.0,0.0,0.0,0.0,0.0,0.0,0.0,0.0,0.0,0.0,0.0,0.0,0.0,0.0,0.0,0.0,0.0,0.0,0.0,0.0,0.0,0.0,0.0,0.0,0.0,0.0,0.0,0.0,0.0,0.0,0.0,0.0,0.0,0.0,0.0,0.0,0.0,0.0,0.0,0.0,0.0,0.0,0.0,0.0,0.0,0.0,0.0,0.0,0.0,0.0,0.0,0.0,0.0,0.0,0.0,0.0,0.0,0.0,0.0,0.0,0.0,0.0,0.0,2,1,True,True
2021-11-04-NES-S4,2021NES,3.142857142857143,0.0,4.0,2.0,2.0,9.428571428571429,1.0,10.0,15.0,14.0,0.0,0.0,0.0,0.0,0.0,3.142857142857143,3.0,2.4,7.0,4.0,3.5714285714285716,1.0,3.8,5.0,4.0,0.2857142857142857,0.0,0.4,0.0,0.0,1.5714285714285714,2.0,1.0,4.0,2.0,0.2857142857142857,0.0,0.4,0.0,0.0,2.142857142857143,1.0,2.8,0.0,-1.0,2.0,1.0,2.6,0.0,-1.0,0.14285714285714285,0.0,0.2,0.0,0.0,5.0,12.0,3.8,4.0,-8.0,0.42857142857142855,1.0,0.2,1.0,0.0,0.0,0.0,0.0,0.0,0.0,5.714285714285714,10.0,4.8,6.0,-4.0,2.142857142857143,0.0,1.0,10.0,10.0,0.0,0.0,0.0,0.0,0.0,0.42857142857142855,0.0,0.6,0.0,0.0,0.14285714285714285,0.0,0.0,1.0,1.0,0.8571428571428571,0.0,0.4,4.0,4.0,0.14285714285714285,0.0,0.2,0.0,0.0,1.1428571428571428,1.0,1.4,0.0,-1.0,0.8571428571428571,1.0,0.8,1.0,0.0,0.0,0.0,0.0,0.0,0.0,0.42857142857142855,0.0,0.6,0.0,0.0,0.7142857142857143,1.0,0.6,1.0,0.0,0.0,0.0,0.0,0.0,0.0,0.5714285714285714,0.0,0.6,1.0,1.0,0.14285714285714285,0.0,0.2,0.0,0.0,0.0,0.0,0.0,0.0,0.0,0.14285714285714285,0.0,0.2,0.0,0.0,0.14285714285714285,0.0,0.2,0.0,0.0,0.14285714285714285,0.0,0.2,0.0,0.0,0.2857142857142857,1.0,0.0,1.0,0.0,0.5714285714285714,0.0,0.6,1.0,1.0,0.42857142857142855,0.0,0.4,1.0,1.0,0.14285714285714285,1.0,0.0,0.0,-1.0,0.14285714285714285,0.0,0.2,0.0,0.0,1.0,0.0,0.6,4.0,4.0,0.7142857142857143,0.0,0.8,1.0,1.0,0.14285714285714285,0.0,0.2,0.0,0.0,0.0,0.0,0.0,0.0,0.0,0.0,0.0,0.0,0.0,0.0,0.42857142857142855,0.0,0.4,1.0,1.0,0.2857142857142857,0.0,0.4,0.0,0.0,0.14285714285714285,1.0,0.0,0.0,-1.0,0.7142857142857143,0.0,1.0,0.0,0.0,0.0,0.0,0.0,0.0,0.0,0.0,0.0,0.0,0.0,0.0,0.2857142857142857,0.0,0.4,0.0,0.0,0.0,0.0,0.0,0.0,0.0,0.5714285714285714,0.0,0.4,2.0,2.0,0.0,0.0,0.0,0.0,0.0,0.0,0.0,0.0,0.0,0.0,0.14285714285714285,0.0,0.2,0.0,0.0,0.0,0.0,0.0,0.0,0.0,0.14285714285714285,0.0,0.0,1.0,1.0,0.0,0.0,0.0,0.0,0.0,0.0,0.0,0.0,0.0,0.0,0.14285714285714285,0.0,0.2,0.0,0.0,0.0,0.0,0.0,0.0,0.0,0.0,0.0,0.0,0.0,0.0,0.0,0.0,0.0,0.0,0.0,0.0,0.0,0.0,0.0,0.0,0.0,0.0,0.0,0.0,0.0,0.0,0.0,0.0,0.0,0.0,0.0,0.0,0.0,0.0,0.0,0.0,0.0,0.0,0.0,0.0,0.0,0.0,0.0,0.0,0.0,0.0,0.0,0.0,0.0,0.0,1,0,True,False
2021-11-04-NES-S5,2021NES,1.625,0.0,2.1666666666666665,0.0,0.0,5.75,0.0,7.666666666666667,0.0,0.0,0.125,0.0,0.16666666666666666,0.0,0.0,0.75,0.0,1.0,0.0,0.0,2.5,0.0,2.3333333333333335,6.0,6.0,0.25,0.0,0.3333333333333333,0.0,0.0,2.125,10.0,0.5,4.0,-6.0,1.125,9.0,0.0,0.0,-9.0,1.0,3.0,0.6666666666666666,1.0,-2.0,1.25,0.0,1.6666666666666667,0.0,0.0,0.0,0.0,0.0,0.0,0.0,5.875,10.0,5.833333333333333,2.0,-8.0,0.125,0.0,0.16666666666666666,0.0,0.0,0.25,0.0,0.16666666666666666,1.0,1.0,5.625,10.0,5.833333333333333,0.0,-10.0,0.25,0.0,0.3333333333333333,0.0,0.0,0.125,0.0,0.16666666666666666,0.0,0.0,0.5,0.0,0.5,1.0,1.0,0.625,5.0,0.0,0.0,-5.0,0.5,0.0,0.16666666666666666,3.0,3.0,0.0,0.0,0.0,0.0,0.0,0.625,0.0,0.8333333333333334,0.0,0.0,0.75,0.0,1.0,0.0,0.0,0.25,0.0,0.3333333333333333,0.0,0.0,1.125,0.0,0.6666666666666666,5.0,5.0,0.875,2.0,0.8333333333333334,0.0,-2.0,0.125,0.0,0.16666666666666666,0.0,0.0,1.25,0.0,1.5,1.0,1.0,0.125,0.0,0.16666666666666666,0.0,0.0,0.125,0.0,0.0,1.0,1.0,0.0,0.0,0.0,0.0,0.0,0.25,0.0,0.3333333333333333,0.0,0.0,0.125,0.0,0.16666666666666666,0.0,0.0,0.125,0.0,0.16666666666666666,0.0,0.0,0.125,0.0,0.16666666666666666,0.0,0.0,1.125,0.0,1.5,0.0,0.0,0.125,0.0,0.16666666666666666,0.0,0.0,0.0,0.0,0.0,0.0,0.0,1.25,0.0,0.16666666666666666,9.0,9.0,0.125,0.0,0.16666666666666666,0.0,0.0,0.125,0.0,0.16666666666666666,0.0,0.0,0.0,0.0,0.0,0.0,0.0,0.25,2.0,0.0,0.0,-2.0,0.125,0.0,0.16666666666666666,0.0,0.0,0.25,0.0,0.3333333333333333,0.0,0.0,0.0,0.0,0.0,0.0,0.0,0.25,0.0,0.3333333333333333,0.0,0.0,0.0,0.0,0.0,0.0,0.0,0.0,0.0,0.0,0.0,0.0,0.5,0.0,0.6666666666666666,0.0,0.0,0.0,0.0,0.0,0.0,0.0,0.375,0.0,0.5,0.0,0.0,0.0,0.0,0.0,0.0,0.0,0.125,0.0,0.16666666666666666,0.0,0.0,0.25,0.0,0.3333333333333333,0.0,0.0,0.0,0.0,0.0,0.0,0.0,0.125,1.0,0.0,0.0,-1.0,0.0,0.0,0.0,0.0,0.0,0.0,0.0,0.0,0.0,0.0,0.25,0.0,0.3333333333333333,0.0,0.0,0.0,0.0,0.0,0.0,0.0,0.0,0.0,0.0,0.0,0.0,0.0,0.0,0.0,0.0,0.0,0.0,0.0,0.0,0.0,0.0,0.0,0.0,0.0,0.0,0.0,0.0,0.0,0.0,0.0,0.0,0.0,0.0,0.0,0.0,0.0,0.0,0.0,0.0,0.0,0.0,0.0,0.0,0.0,0.0,0.0,0.0,0.0,0.0,0.0,0.0,3,1,True,True
2021-11-04-NES-S6,2021NES,0.0,0.0,0.0,0.0,0.0,0.0,0.0,0.0,0.0,0.0,0.0,0.0,0.0,0.0,0.0,0.0,0.0,0.0,0.0,0.0,0.0,0.0,0.0,0.0,0.0,0.0,0.0,0.0,0.0,0.0,4.0,11.0,0.5,4.0,-7.0,0.25,0.0,0.0,1.0,1.0,2.75,0.0,4.5,2.0,2.0,0.0,0.0,0.0,0.0,0.0,0.0,0.0,0.0,0.0,0.0,8.5,13.0,9.5,2.0,-11.0,0.0,0.0,0.0,0.0,0.0,0.25,0.0,0.0,1.0,1.0,4.5,0.0,8.0,2.0,2.0,0.0,0.0,0.0,0.0,0.0,0.0,0.0,0.0,0.0,0.0,3.25,13.0,0.0,0.0,-13.0,0.0,0.0,0.0,0.0,0.0,0.25,0.0,0.5,0.0,0.0,0.0,0.0,0.0,0.0,0.0,0.0,0.0,0.0,0.0,0.0,0.0,0.0,0.0,0.0,0.0,0.0,0.0,0.0,0.0,0.0,0.0,0.0,0.0,0.0,0.0,0.5,0.0,1.0,0.0,0.0,0.0,0.0,0.0,0.0,0.0,0.75,0.0,1.5,0.0,0.0,0.0,0.0,0.0,0.0,0.0,0.25,0.0,0.5,0.0,0.0,0.0,0.0,0.0,0.0,0.0,0.0,0.0,0.0,0.0,0.0,0.0,0.0,0.0,0.0,0.0,0.0,0.0,0.0,0.0,0.0,0.0,0.0,0.0,0.0,0.0,0.0,0.0,0.0,0.0,0.0,0.0,0.0,0.0,0.0,0.0,0.25,0.0,0.5,0.0,0.0,1.25,0.0,1.5,2.0,2.0,0.0,0.0,0.0,0.0,0.0,0.25,0.0,0.0,1.0,1.0,0.25,0.0,0.0,1.0,1.0,0.25,0.0,0.0,1.0,1.0,0.0,0.0,0.0,0.0,0.0,0.0,0.0,0.0,0.0,0.0,0.0,0.0,0.0,0.0,0.0,0.25,0.0,0.5,0.0,0.0,0.0,0.0,0.0,0.0,0.0,0.0,0.0,0.0,0.0,0.0,0.0,0.0,0.0,0.0,0.0,0.0,0.0,0.0,0.0,0.0,0.0,0.0,0.0,0.0,0.0,0.0,0.0,0.0,0.0,0.0,0.0,0.0,0.0,0.0,0.0,0.25,0.0,0.0,1.0,1.0,0.0,0.0,0.0,0.0,0.0,0.0,0.0,0.0,0.0,0.0,0.0,0.0,0.0,0.0,0.0,0.0,0.0,0.0,0.0,0.0,0.0,0.0,0.0,0.0,0.0,0.0,0.0,0.0,0.0,0.0,0.0,0.0,0.0,0.0,0.0,0.0,0.0,0.0,0.0,0.0,0.0,0.0,0.0,0.0,0.0,0.0,0.0,0.0,0.0,0.0,0.0,0.0,0.0,0.0,0.0,0.0,0.0,0.0,0.0,0.0,0.0,0.0,0.0,0.0,0.0,0.0,0.0,0.0,0.0,0.0,0.0,0.0,0.0,0.0,0.0,1,1,True,True
2021-11-05-NES-S1,2021NES,1.4166666666666667,0.0,1.7,0.0,0.0,3.75,0.0,4.5,0.0,0.0,0.08333333333333333,0.0,0.1,0.0,0.0,4.833333333333333,0.0,5.8,0.0,0.0,2.0833333333333335,0.0,2.5,0.0,0.0,0.08333333333333333,0.0,0.1,0.0,0.0,3.0,9.0,1.9,8.0,-1.0,0.25,0.0,0.3,0.0,0.0,1.6666666666666667,9.0,1.1,0.0,-9.0,0.8333333333333334,0.0,1.0,0.0,0.0,0.25,1.0,0.2,0.0,-1.0,4.833333333333333,8.0,5.0,0.0,-8.0,0.16666666666666666,0.0,0.2,0.0,0.0,0.16666666666666666,0.0,0.2,0.0,0.0,4.416666666666667,8.0,4.5,0.0,-8.0,1.25,0.0,1.5,0.0,0.0,0.08333333333333333,0.0,0.1,0.0,0.0,0.5833333333333334,3.0,0.4,0.0,-3.0,0.5,4.0,0.2,0.0,-4.0,0.8333333333333334,4.0,0.4,2.0,-2.0,0.0,0.0,0.0,0.0,0.0,1.0833333333333333,0.0,1.3,0.0,0.0,0.75,0.0,0.9,0.0,0.0,0.25,0.0,0.3,0.0,0.0,3.5,0.0,4.2,0.0,0.0,1.25,2.0,1.2,1.0,-1.0,0.5833333333333334,0.0,0.7,0.0,0.0,1.1666666666666667,3.0,1.1,0.0,-3.0,0.25,0.0,0.3,0.0,0.0,0.08333333333333333,0.0,0.1,0.0,0.0,0.16666666666666666,0.0,0.2,0.0,0.0,0.25,0.0,0.3,0.0,0.0,0.08333333333333333,0.0,0.1,0.0,0.0,0.3333333333333333,0.0,0.4,0.0,0.0,0.08333333333333333,0.0,0.1,0.0,0.0,0.6666666666666666,0.0,0.8,0.0,0.0,0.0,0.0,0.0,0.0,0.0,0.25,0.0,0.3,0.0,0.0,0.6666666666666666,1.0,0.6,1.0,0.0,0.6666666666666666,3.0,0.5,0.0,-3.0,0.16666666666666666,0.0,0.2,0.0,0.0,0.0,0.0,0.0,0.0,0.0,0.0,0.0,0.0,0.0,0.0,0.0,0.0,0.0,0.0,0.0,0.4166666666666667,1.0,0.4,0.0,-1.0,0.25,0.0,0.3,0.0,0.0,0.3333333333333333,0.0,0.4,0.0,0.0,0.08333333333333333,0.0,0.1,0.0,0.0,0.0,0.0,0.0,0.0,0.0,0.25,0.0,0.3,0.0,0.0,0.0,0.0,0.0,0.0,0.0,0.08333333333333333,0.0,0.1,0.0,0.0,0.0,0.0,0.0,0.0,0.0,0.08333333333333333,0.0,0.1,0.0,0.0,0.25,0.0,0.3,0.0,0.0,0.0,0.0,0.0,0.0,0.0,0.0,0.0,0.0,0.0,0.0,0.0,0.0,0.0,0.0,0.0,0.0,0.0,0.0,0.0,0.0,0.0,0.0,0.0,0.0,0.0,0.0,0.0,0.0,0.0,0.0,0.0,0.0,0.0,0.0,0.0,0.0,0.0,0.0,0.0,0.0,0.0,0.0,0.0,0.0,0.0,0.0,0.0,0.0,0.0,0.0,0.0,0.0,0.0,0.0,0.0,0.0,0.0,0.0,0.0,0.0,0.0,0.0,0.0,0.0,0.0,0.0,0.0,0.0,0.0,0.0,0.0,0.0,0.0,0.0,0.0,4,1,True,True
2021-11-05-NES-S10,2021NES,2.3333333333333335,0.0,3.0,2.0,2.0,5.5,0.0,7.5,3.0,3.0,0.16666666666666666,0.0,0.25,0.0,0.0,1.1666666666666667,0.0,1.0,3.0,3.0,4.0,0.0,5.5,2.0,2.0,0.16666666666666666,0.0,0.25,0.0,0.0,2.1666666666666665,5.0,1.25,3.0,-2.0,1.1666666666666667,7.0,0.0,0.0,-7.0,3.8333333333333335,2.0,4.5,3.0,1.0,1.3333333333333333,0.0,1.75,1.0,1.0,0.0,0.0,0.0,0.0,0.0,4.833333333333333,9.0,4.25,3.0,-6.0,0.0,0.0,0.0,0.0,0.0,0.8333333333333334,1.0,0.25,3.0,2.0,6.166666666666667,9.0,6.5,2.0,-7.0,1.3333333333333333,0.0,1.25,3.0,3.0,0.0,0.0,0.0,0.0,0.0,0.8333333333333334,0.0,1.0,1.0,1.0,0.0,0.0,0.0,0.0,0.0,1.8333333333333333,1.0,1.75,3.0,2.0,0.0,0.0,0.0,0.0,0.0,0.3333333333333333,0.0,0.5,0.0,0.0,1.0,0.0,1.5,0.0,0.0,0.5,0.0,0.75,0.0,0.0,2.0,0.0,2.0,4.0,4.0,1.5,3.0,1.25,1.0,-2.0,0.0,0.0,0.0,0.0,0.0,0.5,1.0,0.25,1.0,0.0,0.0,0.0,0.0,0.0,0.0,0.0,0.0,0.0,0.0,0.0,0.0,0.0,0.0,0.0,0.0,0.3333333333333333,0.0,0.0,2.0,2.0,0.16666666666666666,0.0,0.25,0.0,0.0,0.0,0.0,0.0,0.0,0.0,0.0,0.0,0.0,0.0,0.0,1.0,1.0,1.0,1.0,0.0,0.0,0.0,0.0,0.0,0.0,0.6666666666666666,0.0,0.75,1.0,1.0,0.16666666666666666,0.0,0.25,0.0,0.0,0.8333333333333334,0.0,1.0,1.0,1.0,0.5,0.0,0.75,0.0,0.0,0.16666666666666666,0.0,0.25,0.0,0.0,0.16666666666666666,0.0,0.25,0.0,0.0,0.16666666666666666,1.0,0.0,0.0,-1.0,0.16666666666666666,0.0,0.25,0.0,0.0,0.16666666666666666,0.0,0.25,0.0,0.0,0.0,0.0,0.0,0.0,0.0,0.0,0.0,0.0,0.0,0.0,0.0,0.0,0.0,0.0,0.0,0.16666666666666666,0.0,0.25,0.0,0.0,0.16666666666666666,0.0,0.25,0.0,0.0,0.3333333333333333,0.0,0.5,0.0,0.0,0.0,0.0,0.0,0.0,0.0,0.0,0.0,0.0,0.0,0.0,0.0,0.0,0.0,0.0,0.0,0.0,0.0,0.0,0.0,0.0,0.0,0.0,0.0,0.0,0.0,0.0,0.0,0.0,0.0,0.0,0.0,0.0,0.0,0.0,0.0,0.0,0.0,0.0,0.0,0.0,0.0,0.0,0.0,0.0,0.0,0.0,0.0,0.0,0.0,0.0,0.0,0.0,0.0,0.0,0.0,0.0,0.0,0.0,0.0,0.0,0.0,0.0,0.0,0.0,0.0,0.0,0.0,0.0,0.0,0.0,0.0,0.0,0.0,0.0,0.0,0.0,0.0,0.0,0.0,0.0,0.0,0.0,0.0,0.0,0.0,0.0,0.0,0.0,0.0,0.0,1,1,True,True
2021-11-05-NES-S11,2021NES,1.625,0.0,2.1666666666666665,0.0,0.0,1.625,0.0,2.1666666666666665,0.0,0.0,0.0,0.0,0.0,0.0,0.0,4.75,0.0,5.833333333333333,3.0,3.0,2.375,1.0,2.8333333333333335,1.0,0.0,0.125,0.0,0.16666666666666666,0.0,0.0,2.25,8.0,1.3333333333333333,2.0,-6.0,0.25,0.0,0.3333333333333333,0.0,0.0,2.125,7.0,1.5,1.0,-6.0,0.625,0.0,0.8333333333333334,0.0,0.0,0.0,0.0,0.0,0.0,0.0,2.875,9.0,2.3333333333333335,0.0,-9.0,1.125,0.0,1.5,0.0,0.0,0.25,0.0,0.16666666666666666,1.0,1.0,3.625,9.0,3.3333333333333335,0.0,-9.0,0.75,0.0,1.0,0.0,0.0,0.0,0.0,0.0,0.0,0.0,0.125,0.0,0.16666666666666666,0.0,0.0,0.0,0.0,0.0,0.0,0.0,0.5,2.0,0.3333333333333333,0.0,-2.0,0.0,0.0,0.0,0.0,0.0,0.75,0.0,1.0,0.0,0.0,0.375,0.0,0.5,0.0,0.0,0.25,0.0,0.3333333333333333,0.0,0.0,3.25,0.0,4.333333333333333,0.0,0.0,0.875,0.0,1.1666666666666667,0.0,0.0,0.0,0.0,0.0,0.0,0.0,0.75,1.0,0.8333333333333334,0.0,-1.0,0.125,0.0,0.16666666666666666,0.0,0.0,0.375,0.0,0.3333333333333333,1.0,1.0,0.0,0.0,0.0,0.0,0.0,0.125,0.0,0.16666666666666666,0.0,0.0,0.125,0.0,0.16666666666666666,0.0,0.0,0.125,0.0,0.16666666666666666,0.0,0.0,0.375,0.0,0.5,0.0,0.0,0.375,1.0,0.3333333333333333,0.0,-1.0,0.0,0.0,0.0,0.0,0.0,0.125,0.0,0.16666666666666666,0.0,0.0,0.625,0.0,0.16666666666666666,4.0,4.0,0.625,0.0,0.8333333333333334,0.0,0.0,0.125,0.0,0.0,1.0,1.0,0.0,0.0,0.0,0.0,0.0,0.125,0.0,0.0,1.0,1.0,0.375,0.0,0.5,0.0,0.0,0.25,0.0,0.3333333333333333,0.0,0.0,0.125,0.0,0.16666666666666666,0.0,0.0,0.25,0.0,0.3333333333333333,0.0,0.0,0.0,0.0,0.0,0.0,0.0,0.125,0.0,0.16666666666666666,0.0,0.0,0.125,0.0,0.16666666666666666,0.0,0.0,0.0,0.0,0.0,0.0,0.0,0.0,0.0,0.0,0.0,0.0,0.0,0.0,0.0,0.0,0.0,0.0,0.0,0.0,0.0,0.0,0.25,0.0,0.16666666666666666,1.0,1.0,0.0,0.0,0.0,0.0,0.0,0.0,0.0,0.0,0.0,0.0,0.0,0.0,0.0,0.0,0.0,0.0,0.0,0.0,0.0,0.0,0.0,0.0,0.0,0.0,0.0,0.125,0.0,0.16666666666666666,0.0,0.0,0.0,0.0,0.0,0.0,0.0,0.0,0.0,0.0,0.0,0.0,0.0,0.0,0.0,0.0,0.0,0.0,0.0,0.0,0.0,0.0,0.0,0.0,0.0,0.0,0.0,0.0,0.0,0.0,0.0,0.0,0.0,0.0,0.0,0.0,0.0,0.0,0.0,0.0,0.0,0.0,0.0,0.0,0.0,0.0,0.0,1,1,True,True
2021-11-05-NES-S12,2021NES,1.2857142857142858,0.0,1.8,0.0,0.0,2.5714285714285716,0.0,3.4,1.0,1.0,0.0,0.0,0.0,0.0,0.0,3.142857142857143,0.0,4.2,1.0,1.0,1.8571428571428572,0.0,2.2,2.0,2.0,0.2857142857142857,0.0,0.2,1.0,1.0,2.5714285714285716,4.0,2.2,3.0,-1.0,0.42857142857142855,0.0,0.4,1.0,1.0,3.142857142857143,10.0,2.2,1.0,-9.0,2.142857142857143,0.0,3.0,0.0,0.0,0.2857142857142857,0.0,0.4,0.0,0.0,5.571428571428571,9.0,4.8,6.0,-3.0,0.14285714285714285,0.0,0.2,0.0,0.0,0.0,0.0,0.0,0.0,0.0,5.428571428571429,9.0,4.8,5.0,-4.0,1.0,0.0,1.4,0.0,0.0,0.42857142857142855,0.0,0.2,2.0,2.0,0.42857142857142855,0.0,0.6,0.0,0.0,0.14285714285714285,0.0,0.2,0.0,0.0,0.42857142857142855,2.0,0.2,0.0,-2.0,0.14285714285714285,0.0,0.2,0.0,0.0,0.7142857142857143,0.0,0.6,2.0,2.0,0.2857142857142857,0.0,0.4,0.0,0.0,0.14285714285714285,0.0,0.2,0.0,0.0,1.1428571428571428,0.0,1.6,0.0,0.0,0.8571428571428571,2.0,0.8,0.0,-2.0,0.14285714285714285,0.0,0.2,0.0,0.0,0.5714285714285714,2.0,0.4,0.0,-2.0,0.2857142857142857,0.0,0.4,0.0,0.0,0.14285714285714285,0.0,0.0,1.0,1.0,0.0,0.0,0.0,0.0,0.0,0.2857142857142857,0.0,0.2,1.0,1.0,0.0,0.0,0.0,0.0,0.0,0.14285714285714285,0.0,0.2,0.0,0.0,0.14285714285714285,0.0,0.2,0.0,0.0,0.8571428571428571,0.0,1.0,1.0,1.0,0.0,0.0,0.0,0.0,0.0,0.0,0.0,0.0,0.0,0.0,0.42857142857142855,0.0,0.2,2.0,2.0,0.42857142857142855,0.0,0.6,0.0,0.0,0.0,0.0,0.0,0.0,0.0,0.0,0.0,0.0,0.0,0.0,0.2857142857142857,0.0,0.4,0.0,0.0,0.2857142857142857,0.0,0.4,0.0,0.0,0.5714285714285714,0.0,0.6,1.0,1.0,0.14285714285714285,0.0,0.0,1.0,1.0,0.0,0.0,0.0,0.0,0.0,0.14285714285714285,0.0,0.2,0.0,0.0,0.14285714285714285,0.0,0.0,1.0,1.0,0.0,0.0,0.0,0.0,0.0,0.0,0.0,0.0,0.0,0.0,0.42857142857142855,0.0,0.6,0.0,0.0,0.0,0.0,0.0,0.0,0.0,0.0,0.0,0.0,0.0,0.0,0.42857142857142855,1.0,0.4,0.0,-1.0,0.0,0.0,0.0,0.0,0.0,0.0,0.0,0.0,0.0,0.0,0.0,0.0,0.0,0.0,0.0,0.0,0.0,0.0,0.0,0.0,0.14285714285714285,0.0,0.2,0.0,0.0,0.0,0.0,0.0,0.0,0.0,0.0,0.0,0.0,0.0,0.0,0.0,0.0,0.0,0.0,0.0,0.0,0.0,0.0,0.0,0.0,0.0,0.0,0.0,0.0,0.0,0.0,0.0,0.0,0.0,0.0,0.0,0.0,0.0,0.0,0.0,0.0,0.0,0.0,0.0,0.0,0.0,0.0,0.0,0.0,0.0,0.0,0.0,0.0,0.0,0.0,0,0,False,False
2021-11-05-NES-S2,2021NES,1.75,0.0,2.3333333333333335,0.0,0.0,1.875,1.0,2.3333333333333335,0.0,-1.0,0.125,0.0,0.16666666666666666,0.0,0.0,2.375,0.0,2.8333333333333335,2.0,2.0,1.0,1.0,1.0,1.0,0.0,0.375,0.0,0.5,0.0,0.0,1.125,2.0,0.3333333333333333,5.0,3.0,1.125,8.0,0.16666666666666666,0.0,-8.0,1.125,2.0,1.1666666666666667,0.0,-2.0,0.5,1.0,0.5,0.0,-1.0,0.125,0.0,0.16666666666666666,0.0,0.0,5.0,11.0,4.833333333333333,0.0,-11.0,0.0,0.0,0.0,0.0,0.0,0.25,0.0,0.0,2.0,2.0,2.875,11.0,2.0,0.0,-11.0,0.75,0.0,0.8333333333333334,1.0,1.0,0.0,0.0,0.0,0.0,0.0,0.25,0.0,0.0,2.0,2.0,0.375,0.0,0.16666666666666666,2.0,2.0,0.0,0.0,0.0,0.0,0.0,0.0,0.0,0.0,0.0,0.0,0.125,0.0,0.16666666666666666,0.0,0.0,0.75,0.0,0.8333333333333334,1.0,1.0,0.125,1.0,0.0,0.0,-1.0,7.0,1.0,8.333333333333334,5.0,4.0,0.125,1.0,0.0,0.0,-1.0,0.25,0.0,0.3333333333333333,0.0,0.0,0.5,0.0,0.5,1.0,1.0,0.375,1.0,0.3333333333333333,0.0,-1.0,0.0,0.0,0.0,0.0,0.0,0.0,0.0,0.0,0.0,0.0,0.125,0.0,0.16666666666666666,0.0,0.0,0.0,0.0,0.0,0.0,0.0,0.0,0.0,0.0,0.0,0.0,0.0,0.0,0.0,0.0,0.0,0.75,1.0,0.8333333333333334,0.0,-1.0,0.0,0.0,0.0,0.0,0.0,0.125,0.0,0.16666666666666666,0.0,0.0,0.5,0.0,0.3333333333333333,2.0,2.0,1.25,0.0,0.8333333333333334,5.0,5.0,0.0,0.0,0.0,0.0,0.0,0.125,0.0,0.0,1.0,1.0,0.0,0.0,0.0,0.0,0.0,0.0,0.0,0.0,0.0,0.0,0.0,0.0,0.0,0.0,0.0,0.0,0.0,0.0,0.0,0.0,0.125,1.0,0.0,0.0,-1.0,0.125,0.0,0.0,1.0,1.0,0.125,0.0,0.16666666666666666,0.0,0.0,0.25,0.0,0.3333333333333333,0.0,0.0,0.0,0.0,0.0,0.0,0.0,0.0,0.0,0.0,0.0,0.0,0.0,0.0,0.0,0.0,0.0,0.0,0.0,0.0,0.0,0.0,0.0,0.0,0.0,0.0,0.0,0.0,0.0,0.0,0.0,0.0,0.0,0.0,0.0,0.0,0.0,0.0,0.0,0.0,0.0,0.0,0.0,0.0,0.0,0.0,0.0,0.125,0.0,0.16666666666666666,0.0,0.0,0.0,0.0,0.0,0.0,0.0,0.25,1.0,0.16666666666666666,0.0,-1.0,0.0,0.0,0.0,0.0,0.0,0.0,0.0,0.0,0.0,0.0,0.0,0.0,0.0,0.0,0.0,0.0,0.0,0.0,0.0,0.0,0.0,0.0,0.0,0.0,0.0,0.0,0.0,0.0,0.0,0.0,0.0,0.0,0.0,0.0,0.0,0.0,0.0,0.0,0.0,0.0,1,0,True,False
2021-11-05-NES-S3,2021NES,1.9090909090909092,0.0,2.3333333333333335,0.0,0.0,3.0,3.0,3.3333333333333335,0.0,-3.0,0.0,0.0,0.0,0.0,0.0,2.5454545454545454,0.0,3.111111111111111,0.0,0.0,1.4545454545454546,0.0,1.6666666666666667,1.0,1.0,0.6363636363636364,0.0,0.7777777777777778,0.0,0.0,2.5454545454545454,5.0,1.7777777777777777,7.0,2.0,0.2727272727272727,1.0,0.2222222222222222,0.0,-1.0,2.1818181818181817,9.0,1.6666666666666667,0.0,-9.0,0.8181818181818182,1.0,0.8888888888888888,0.0,-1.0,0.09090909090909091,0.0,0.1111111111111111,0.0,0.0,3.5454545454545454,10.0,3.2222222222222223,0.0,-10.0,0.36363636363636365,1.0,0.3333333333333333,0.0,-1.0,0.36363636363636365,0.0,0.4444444444444444,0.0,0.0,3.1818181818181817,10.0,2.7777777777777777,0.0,-10.0,1.5454545454545454,0.0,1.8888888888888888,0.0,0.0,0.0,0.0,0.0,0.0,0.0,0.5454545454545454,0.0,0.6666666666666666,0.0,0.0,0.18181818181818182,2.0,0.0,0.0,-2.0,0.2727272727272727,0.0,0.3333333333333333,0.0,0.0,0.0,0.0,0.0,0.0,0.0,0.2727272727272727,0.0,0.3333333333333333,0.0,0.0,0.2727272727272727,0.0,0.3333333333333333,0.0,0.0,0.2727272727272727,0.0,0.3333333333333333,0.0,0.0,0.0,0.0,0.0,0.0,0.0,0.8181818181818182,2.0,0.5555555555555556,2.0,0.0,0.09090909090909091,0.0,0.1111111111111111,0.0,0.0,0.45454545454545453,0.0,0.5555555555555556,0.0,0.0,0.09090909090909091,1.0,0.0,0.0,-1.0,0.09090909090909091,0.0,0.1111111111111111,0.0,0.0,0.0,0.0,0.0,0.0,0.0,0.0,0.0,0.0,0.0,0.0,0.0,0.0,0.0,0.0,0.0,0.0,0.0,0.0,0.0,0.0,0.18181818181818182,0.0,0.2222222222222222,0.0,0.0,0.09090909090909091,0.0,0.1111111111111111,0.0,0.0,0.0,0.0,0.0,0.0,0.0,0.2727272727272727,0.0,0.3333333333333333,0.0,0.0,0.2727272727272727,2.0,0.1111111111111111,0.0,-2.0,1.0909090909090908,0.0,1.3333333333333333,0.0,0.0,0.09090909090909091,0.0,0.1111111111111111,0.0,0.0,0.18181818181818182,0.0,0.2222222222222222,0.0,0.0,0.0,0.0,0.0,0.0,0.0,0.18181818181818182,0.0,0.2222222222222222,0.0,0.0,0.09090909090909091,0.0,0.1111111111111111,0.0,0.0,0.09090909090909091,0.0,0.1111111111111111,0.0,0.0,0.0,0.0,0.0,0.0,0.0,0.0,0.0,0.0,0.0,0.0,0.09090909090909091,0.0,0.1111111111111111,0.0,0.0,0.18181818181818182,0.0,0.2222222222222222,0.0,0.0,0.0,0.0,0.0,0.0,0.0,0.0,0.0,0.0,0.0,0.0,0.0,0.0,0.0,0.0,0.0,0.0,0.0,0.0,0.0,0.0,0.0,0.0,0.0,0.0,0.0,0.0,0.0,0.0,0.0,0.0,0.0,0.0,0.0,0.0,0.0,0.0,0.0,0.0,0.0,0.0,0.0,0.0,0.0,0.0,0.0,0.0,0.0,0.0,0.0,0.0,0.0,0.0,0.0,0.0,0.0,0.09090909090909091,0.0,0.1111111111111111,0.0,0.0,0.0,0.0,0.0,0.0,0.0,0.0,0.0,0.0,0.0,0.0,0.0,0.0,0.0,0.0,0.0,0.0,0.0,0.0,0.0,0.0,0.0,0.0,0.0,0.0,0.0,0.0,0.0,0.0,0.0,0.0,0.0,0.0,0.0,0.0,0.0,0.0,0.0,0.0,0.0,0.0,4,0,True,False
2021-11-05-NES-S4,2021NES,1.3333333333333333,0.0,1.6,0.0,0.0,0.25,0.0,0.3,0.0,0.0,0.16666666666666666,0.0,0.2,0.0,0.0,2.4166666666666665,0.0,2.9,0.0,0.0,0.9166666666666666,0.0,1.1,0.0,0.0,0.16666666666666666,0.0,0.2,0.0,0.0,2.0,4.0,1.5,5.0,1.0,0.4166666666666667,0.0,0.5,0.0,0.0,2.25,11.0,1.6,0.0,-11.0,0.4166666666666667,0.0,0.5,0.0,0.0,0.0,0.0,0.0,0.0,0.0,2.25,12.0,1.5,0.0,-12.0,0.3333333333333333,1.0,0.3,0.0,-1.0,0.08333333333333333,0.0,0.1,0.0,0.0,2.4166666666666665,12.0,1.7,0.0,-12.0,0.9166666666666666,0.0,1.1,0.0,0.0,0.0,0.0,0.0,0.0,0.0,0.3333333333333333,1.0,0.3,0.0,-1.0,0.08333333333333333,0.0,0.1,0.0,0.0,0.16666666666666666,0.0,0.1,1.0,1.0,0.0,0.0,0.0,0.0,0.0,0.6666666666666666,0.0,0.8,0.0,0.0,0.16666666666666666,0.0,0.2,0.0,0.0,0.0,0.0,0.0,0.0,0.0,8.166666666666666,0.0,9.8,0.0,0.0,0.16666666666666666,0.0,0.1,1.0,1.0,0.08333333333333333,0.0,0.1,0.0,0.0,0.3333333333333333,0.0,0.3,1.0,1.0,0.16666666666666666,0.0,0.2,0.0,0.0,0.0,0.0,0.0,0.0,0.0,0.0,0.0,0.0,0.0,0.0,0.08333333333333333,0.0,0.1,0.0,0.0,0.0,0.0,0.0,0.0,0.0,0.08333333333333333,0.0,0.1,0.0,0.0,0.16666666666666666,0.0,0.2,0.0,0.0,0.16666666666666666,0.0,0.2,0.0,0.0,0.0,0.0,0.0,0.0,0.0,0.08333333333333333,0.0,0.1,0.0,0.0,0.25,0.0,0.3,0.0,0.0,0.16666666666666666,0.0,0.2,0.0,0.0,0.16666666666666666,0.0,0.1,1.0,1.0,0.0,0.0,0.0,0.0,0.0,0.08333333333333333,0.0,0.0,1.0,1.0,0.0,0.0,0.0,0.0,0.0,0.08333333333333333,0.0,0.1,0.0,0.0,0.0,0.0,0.0,0.0,0.0,0.16666666666666666,0.0,0.2,0.0,0.0,0.0,0.0,0.0,0.0,0.0,0.08333333333333333,0.0,0.1,0.0,0.0,0.0,0.0,0.0,0.0,0.0,0.0,0.0,0.0,0.0,0.0,0.08333333333333333,0.0,0.1,0.0,0.0,0.0,0.0,0.0,0.0,0.0,0.0,0.0,0.0,0.0,0.0,0.0,0.0,0.0,0.0,0.0,0.0,0.0,0.0,0.0,0.0,0.0,0.0,0.0,0.0,0.0,0.0,0.0,0.0,0.0,0.0,0.0,0.0,0.0,0.0,0.0,0.0,0.0,0.0,0.0,0.0,0.0,0.0,0.0,0.0,0.0,0.0,0.0,0.0,0.0,0.0,0.0,0.0,0.0,0.0,0.0,0.0,0.0,0.0,0.0,0.0,0.0,0.0,0.0,0.0,0.0,0.0,0.0,0.0,0.0,0.0,0.0,0.0,0.0,0.0,0.0,0.0,0.0,0.0,0.0,0.0,0.0,0.0,0.0,0.0,0.0,0.0,0.0,0.0,0.0,0.0,1,1,True,True
2021-11-05-NES-S5,2021NES,1.5833333333333333,0.0,1.9,0.0,0.0,2.5833333333333335,0.0,3.1,0.0,0.0,0.0,0.0,0.0,0.0,0.0,1.0,0.0,1.2,0.0,0.0,1.3333333333333333,0.0,1.6,0.0,0.0,0.16666666666666666,0.0,0.2,0.0,0.0,2.25,6.0,1.4,7.0,1.0,0.16666666666666666,2.0,0.0,0.0,-2.0,2.25,10.0,1.7,0.0,-10.0,0.75,0.0,0.9,0.0,0.0,0.0,0.0,0.0,0.0,0.0,5.0,9.0,5.1,0.0,-9.0,0.4166666666666667,0.0,0.5,0.0,0.0,0.0,0.0,0.0,0.0,0.0,3.6666666666666665,9.0,3.5,0.0,-9.0,0.8333333333333334,0.0,1.0,0.0,0.0,0.4166666666666667,1.0,0.4,0.0,-1.0,0.5,1.0,0.5,0.0,-1.0,0.0,0.0,0.0,0.0,0.0,0.9166666666666666,4.0,0.7,0.0,-4.0,0.0,0.0,0.0,0.0,0.0,0.16666666666666666,0.0,0.2,0.0,0.0,0.3333333333333333,0.0,0.4,0.0,0.0,0.0,0.0,0.0,0.0,0.0,2.3333333333333335,0.0,2.8,0.0,0.0,0.8333333333333334,1.0,0.8,1.0,0.0,0.25,0.0,0.3,0.0,0.0,0.6666666666666666,1.0,0.7,0.0,-1.0,0.0,0.0,0.0,0.0,0.0,0.08333333333333333,0.0,0.1,0.0,0.0,0.0,0.0,0.0,0.0,0.0,0.0,0.0,0.0,0.0,0.0,0.16666666666666666,0.0,0.2,0.0,0.0,0.16666666666666666,0.0,0.2,0.0,0.0,0.16666666666666666,0.0,0.2,0.0,0.0,1.25,1.0,1.4,0.0,-1.0,0.0,0.0,0.0,0.0,0.0,0.0,0.0,0.0,0.0,0.0,0.75,2.0,0.7,0.0,-2.0,0.3333333333333333,0.0,0.4,0.0,0.0,0.16666666666666666,0.0,0.2,0.0,0.0,0.3333333333333333,0.0,0.3,1.0,1.0,0.08333333333333333,0.0,0.1,0.0,0.0,0.25,1.0,0.2,0.0,-1.0,0.5833333333333334,1.0,0.6,0.0,-1.0,0.0,0.0,0.0,0.0,0.0,0.5,0.0,0.6,0.0,0.0,0.0,0.0,0.0,0.0,0.0,0.0,0.0,0.0,0.0,0.0,0.3333333333333333,0.0,0.4,0.0,0.0,0.0,0.0,0.0,0.0,0.0,0.08333333333333333,0.0,0.1,0.0,0.0,0.0,0.0,0.0,0.0,0.0,0.0,0.0,0.0,0.0,0.0,0.0,0.0,0.0,0.0,0.0,0.0,0.0,0.0,0.0,0.0,0.08333333333333333,0.0,0.1,0.0,0.0,0.0,0.0,0.0,0.0,0.0,0.0,0.0,0.0,0.0,0.0,0.0,0.0,0.0,0.0,0.0,0.0,0.0,0.0,0.0,0.0,0.0,0.0,0.0,0.0,0.0,0.0,0.0,0.0,0.0,0.0,0.0,0.0,0.0,0.0,0.0,0.0,0.0,0.0,0.0,0.0,0.08333333333333333,0.0,0.1,0.0,0.0,0.0,0.0,0.0,0.0,0.0,0.0,0.0,0.0,0.0,0.0,0.0,0.0,0.0,0.0,0.0,0.0,0.0,0.0,0.0,0.0,3,2,True,True
2021-11-05-NES-S6,2021NES,0.9166666666666666,0.0,1.1,0.0,0.0,2.3333333333333335,0.0,2.8,0.0,0.0,0.08333333333333333,0.0,0.1,0.0,0.0,1.5,0.0,1.8,0.0,0.0,1.0,0.0,1.1,1.0,1.0,0.08333333333333333,0.0,0.1,0.0,0.0,1.9166666666666667,3.0,1.2,8.0,5.0,0.16666666666666666,0.0,0.2,0.0,0.0,2.4166666666666665,8.0,2.1,0.0,-8.0,1.0833333333333333,0.0,1.3,0.0,0.0,0.0,0.0,0.0,0.0,0.0,4.333333333333333,6.0,4.6,0.0,-6.0,0.16666666666666666,0.0,0.2,0.0,0.0,0.16666666666666666,0.0,0.2,0.0,0.0,5.166666666666667,6.0,5.6,0.0,-6.0,0.8333333333333334,0.0,1.0,0.0,0.0,0.16666666666666666,0.0,0.2,0.0,0.0,0.08333333333333333,0.0,0.1,0.0,0.0,0.16666666666666666,2.0,0.0,0.0,-2.0,0.4166666666666667,2.0,0.3,0.0,-2.0,0.0,0.0,0.0,0.0,0.0,0.6666666666666666,0.0,0.8,0.0,0.0,0.25,0.0,0.3,0.0,0.0,0.25,0.0,0.3,0.0,0.0,1.0,0.0,1.2,0.0,0.0,0.9166666666666666,3.0,0.5,3.0,0.0,0.4166666666666667,0.0,0.5,0.0,0.0,0.8333333333333334,0.0,1.0,0.0,0.0,0.16666666666666666,1.0,0.1,0.0,-1.0,0.08333333333333333,0.0,0.1,0.0,0.0,0.08333333333333333,0.0,0.1,0.0,0.0,0.16666666666666666,0.0,0.2,0.0,0.0,0.0,0.0,0.0,0.0,0.0,0.16666666666666666,0.0,0.2,0.0,0.0,0.16666666666666666,0.0,0.2,0.0,0.0,0.3333333333333333,0.0,0.4,0.0,0.0,0.08333333333333333,0.0,0.1,0.0,0.0,0.08333333333333333,0.0,0.1,0.0,0.0,0.25,0.0,0.2,1.0,1.0,0.08333333333333333,1.0,0.0,0.0,-1.0,0.16666666666666666,0.0,0.1,1.0,1.0,0.16666666666666666,0.0,0.1,1.0,1.0,0.0,0.0,0.0,0.0,0.0,0.0,0.0,0.0,0.0,0.0,0.6666666666666666,0.0,0.8,0.0,0.0,0.08333333333333333,0.0,0.1,0.0,0.0,0.16666666666666666,0.0,0.2,0.0,0.0,0.0,0.0,0.0,0.0,0.0,0.08333333333333333,0.0,0.1,0.0,0.0,0.08333333333333333,0.0,0.1,0.0,0.0,0.08333333333333333,0.0,0.1,0.0,0.0,0.08333333333333333,0.0,0.1,0.0,0.0,0.0,0.0,0.0,0.0,0.0,0.08333333333333333,0.0,0.1,0.0,0.0,0.16666666666666666,0.0,0.2,0.0,0.0,0.0,0.0,0.0,0.0,0.0,0.08333333333333333,0.0,0.1,0.0,0.0,0.0,0.0,0.0,0.0,0.0,0.0,0.0,0.0,0.0,0.0,0.0,0.0,0.0,0.0,0.0,0.0,0.0,0.0,0.0,0.0,0.0,0.0,0.0,0.0,0.0,0.0,0.0,0.0,0.0,0.0,0.0,0.0,0.0,0.0,0.0,0.0,0.0,0.0,0.0,0.0,0.0,0.0,0.0,0.0,0.0,0.0,0.0,0.0,0.0,0.0,0.0,0.0,0.0,0.0,0.0,0.0,0.0,0.0,0.0,0.0,0.0,0.0,0.0,0.0,0.0,4,1,True,True
2021-11-05-NES-S7,2021NES,1.4285714285714286,0.0,1.8,1.0,1.0,8.571428571428571,0.0,10.8,6.0,6.0,0.0,0.0,0.0,0.0,0.0,2.5714285714285716,7.0,2.0,1.0,-6.0,1.8571428571428572,0.0,1.6,5.0,5.0,0.42857142857142855,0.0,0.6,0.0,0.0,4.0,7.0,3.4,4.0,-3.0,1.7142857142857142,8.0,0.8,0.0,-8.0,4.285714285714286,15.0,2.6,2.0,-13.0,1.5714285714285714,0.0,2.0,1.0,1.0,0.0,0.0,0.0,0.0,0.0,9.285714285714286,13.0,9.2,6.0,-7.0,0.14285714285714285,0.0,0.2,0.0,0.0,0.5714285714285714,0.0,0.2,3.0,3.0,9.857142857142858,19.0,9.2,4.0,-15.0,0.7142857142857143,0.0,0.8,1.0,1.0,0.14285714285714285,0.0,0.2,0.0,0.0,1.4285714285714286,1.0,1.2,3.0,2.0,1.0,6.0,0.2,0.0,-6.0,0.8571428571428571,0.0,0.6,3.0,3.0,0.0,0.0,0.0,0.0,0.0,2.2857142857142856,0.0,3.0,1.0,1.0,0.42857142857142855,0.0,0.6,0.0,0.0,0.14285714285714285,0.0,0.0,1.0,1.0,1.4285714285714286,0.0,0.0,10.0,10.0,1.1428571428571428,4.0,0.8,0.0,-4.0,0.0,0.0,0.0,0.0,0.0,1.2857142857142858,1.0,1.2,2.0,1.0,0.0,0.0,0.0,0.0,0.0,0.0,0.0,0.0,0.0,0.0,0.0,0.0,0.0,0.0,0.0,0.0,0.0,0.0,0.0,0.0,0.2857142857142857,0.0,0.4,0.0,0.0,0.14285714285714285,0.0,0.2,0.0,0.0,0.42857142857142855,0.0,0.6,0.0,0.0,1.0,1.0,1.0,1.0,0.0,0.0,0.0,0.0,0.0,0.0,0.5714285714285714,0.0,0.8,0.0,0.0,0.42857142857142855,1.0,0.2,1.0,0.0,0.42857142857142855,2.0,0.0,1.0,-1.0,0.2857142857142857,0.0,0.4,0.0,0.0,0.0,0.0,0.0,0.0,0.0,0.14285714285714285,0.0,0.2,0.0,0.0,0.2857142857142857,0.0,0.4,0.0,0.0,0.14285714285714285,0.0,0.0,1.0,1.0,0.0,0.0,0.0,0.0,0.0,0.2857142857142857,0.0,0.2,1.0,1.0,0.2857142857142857,0.0,0.4,0.0,0.0,0.14285714285714285,0.0,0.2,0.0,0.0,0.7142857142857143,0.0,1.0,0.0,0.0,0.2857142857142857,0.0,0.4,0.0,0.0,0.0,0.0,0.0,0.0,0.0,0.0,0.0,0.0,0.0,0.0,0.0,0.0,0.0,0.0,0.0,0.2857142857142857,0.0,0.4,0.0,0.0,0.0,0.0,0.0,0.0,0.0,0.0,0.0,0.0,0.0,0.0,0.0,0.0,0.0,0.0,0.0,0.0,0.0,0.0,0.0,0.0,0.0,0.0,0.0,0.0,0.0,0.0,0.0,0.0,0.0,0.0,0.0,0.0,0.0,0.0,0.0,0.0,0.0,0.0,0.0,0.0,0.0,0.0,0.0,0.0,0.0,0.0,0.0,0.0,0.0,0.0,0.0,0.0,0.0,0.0,0.0,0.0,0.0,0.0,0.0,0.0,0.0,0.0,0.0,0.0,0.0,0.0,0.0,0.0,0.0,0.0,0.0,0.0,0.0,0.0,0.0,2,0,True,False
2021-11-05-NES-S8,2021NES,2.25,0.0,3.0,0.0,0.0,2.125,0.0,2.8333333333333335,0.0,0.0,0.0,0.0,0.0,0.0,0.0,1.125,0.0,1.5,0.0,0.0,1.625,0.0,2.1666666666666665,0.0,0.0,0.25,0.0,0.3333333333333333,0.0,0.0,3.375,9.0,3.0,0.0,-9.0,0.25,2.0,0.0,0.0,-2.0,2.375,8.0,1.8333333333333333,0.0,-8.0,1.25,0.0,1.6666666666666667,0.0,0.0,0.0,0.0,0.0,0.0,0.0,2.875,9.0,2.3333333333333335,0.0,-9.0,0.0,0.0,0.0,0.0,0.0,0.0,0.0,0.0,0.0,0.0,3.125,9.0,2.6666666666666665,0.0,-9.0,0.5,0.0,0.6666666666666666,0.0,0.0,0.0,0.0,0.0,0.0,0.0,1.25,0.0,1.6666666666666667,0.0,0.0,0.25,2.0,0.0,0.0,-2.0,0.125,0.0,0.16666666666666666,0.0,0.0,0.0,0.0,0.0,0.0,0.0,0.625,0.0,0.8333333333333334,0.0,0.0,0.375,0.0,0.5,0.0,0.0,0.0,0.0,0.0,0.0,0.0,1.375,0.0,1.8333333333333333,0.0,0.0,1.125,5.0,0.6666666666666666,0.0,-5.0,0.125,0.0,0.16666666666666666,0.0,0.0,0.875,0.0,1.1666666666666667,0.0,0.0,0.0,0.0,0.0,0.0,0.0,0.125,0.0,0.16666666666666666,0.0,0.0,0.0,0.0,0.0,0.0,0.0,0.125,0.0,0.16666666666666666,0.0,0.0,0.0,0.0,0.0,0.0,0.0,0.125,0.0,0.16666666666666666,0.0,0.0,0.125,0.0,0.16666666666666666,0.0,0.0,0.125,0.0,0.16666666666666666,0.0,0.0,0.0,0.0,0.0,0.0,0.0,0.0,0.0,0.0,0.0,0.0,1.5,3.0,1.5,0.0,-3.0,1.375,3.0,1.3333333333333333,0.0,-3.0,0.0,0.0,0.0,0.0,0.0,0.5,1.0,0.5,0.0,-1.0,0.0,0.0,0.0,0.0,0.0,0.125,0.0,0.16666666666666666,0.0,0.0,0.0,0.0,0.0,0.0,0.0,0.0,0.0,0.0,0.0,0.0,0.5,0.0,0.6666666666666666,0.0,0.0,0.25,0.0,0.3333333333333333,0.0,0.0,0.0,0.0,0.0,0.0,0.0,0.125,0.0,0.16666666666666666,0.0,0.0,0.0,0.0,0.0,0.0,0.0,0.0,0.0,0.0,0.0,0.0,0.0,0.0,0.0,0.0,0.0,0.0,0.0,0.0,0.0,0.0,0.125,0.0,0.16666666666666666,0.0,0.0,0.0,0.0,0.0,0.0,0.0,0.25,2.0,0.0,0.0,-2.0,0.0,0.0,0.0,0.0,0.0,0.0,0.0,0.0,0.0,0.0,0.0,0.0,0.0,0.0,0.0,0.0,0.0,0.0,0.0,0.0,0.0,0.0,0.0,0.0,0.0,0.125,0.0,0.16666666666666666,0.0,0.0,0.0,0.0,0.0,0.0,0.0,0.0,0.0,0.0,0.0,0.0,0.0,0.0,0.0,0.0,0.0,0.0,0.0,0.0,0.0,0.0,0.0,0.0,0.0,0.0,0.0,0.0,0.0,0.0,0.0,0.0,0.0,0.0,0.0,0.0,0.0,0,0,False,False
2021-11-05-NES-S9,2021NES,2.5714285714285716,0.0,3.6,0.0,0.0,4.285714285714286,0.0,5.4,3.0,3.0,0.0,0.0,0.0,0.0,0.0,6.285714285714286,1.0,8.6,0.0,-1.0,2.4285714285714284,0.0,2.8,3.0,3.0,0.14285714285714285,0.0,0.2,0.0,0.0,2.7142857142857144,8.0,1.8,2.0,-6.0,0.7142857142857143,5.0,0.0,0.0,-5.0,1.4285714285714286,4.0,1.2,0.0,-4.0,1.2857142857142858,0.0,1.6,1.0,1.0,0.14285714285714285,1.0,0.0,0.0,-1.0,4.428571428571429,9.0,3.6,4.0,-5.0,0.5714285714285714,2.0,0.4,0.0,-2.0,0.0,0.0,0.0,0.0,0.0,5.571428571428571,10.0,5.8,0.0,-10.0,0.2857142857142857,0.0,0.4,0.0,0.0,0.14285714285714285,0.0,0.2,0.0,0.0,1.4285714285714286,5.0,0.4,3.0,-2.0,0.14285714285714285,0.0,0.2,0.0,0.0,0.7142857142857143,2.0,0.4,1.0,-1.0,0.2857142857142857,0.0,0.4,0.0,0.0,0.8571428571428571,0.0,1.2,0.0,0.0,0.7142857142857143,0.0,0.8,1.0,1.0,0.42857142857142855,1.0,0.4,0.0,-1.0,0.14285714285714285,0.0,0.2,0.0,0.0,1.1428571428571428,0.0,1.4,1.0,1.0,0.7142857142857143,0.0,1.0,0.0,0.0,1.7142857142857142,2.0,2.0,0.0,-2.0,0.42857142857142855,1.0,0.4,0.0,-1.0,0.14285714285714285,0.0,0.2,0.0,0.0,0.42857142857142855,0.0,0.6,0.0,0.0,0.2857142857142857,0.0,0.2,1.0,1.0,0.0,0.0,0.0,0.0,0.0,0.0,0.0,0.0,0.0,0.0,0.14285714285714285,0.0,0.2,0.0,0.0,0.42857142857142855,0.0,0.6,0.0,0.0,0.14285714285714285,0.0,0.2,0.0,0.0,0.14285714285714285,0.0,0.2,0.0,0.0,0.42857142857142855,0.0,0.0,3.0,3.0,1.0,2.0,1.0,0.0,-2.0,0.0,0.0,0.0,0.0,0.0,0.14285714285714285,1.0,0.0,0.0,-1.0,0.0,0.0,0.0,0.0,0.0,0.0,0.0,0.0,0.0,0.0,0.5714285714285714,0.0,0.6,1.0,1.0,0.14285714285714285,0.0,0.2,0.0,0.0,0.14285714285714285,0.0,0.0,1.0,1.0,0.0,0.0,0.0,0.0,0.0,0.2857142857142857,2.0,0.0,0.0,-2.0,0.14285714285714285,0.0,0.2,0.0,0.0,0.14285714285714285,0.0,0.2,0.0,0.0,0.14285714285714285,0.0,0.2,0.0,0.0,0.0,0.0,0.0,0.0,0.0,0.14285714285714285,0.0,0.2,0.0,0.0,0.0,0.0,0.0,0.0,0.0,0.0,0.0,0.0,0.0,0.0,0.2857142857142857,1.0,0.2,0.0,-1.0,0.0,0.0,0.0,0.0,0.0,0.0,0.0,0.0,0.0,0.0,0.0,0.0,0.0,0.0,0.0,0.0,0.0,0.0,0.0,0.0,0.0,0.0,0.0,0.0,0.0,0.0,0.0,0.0,0.0,0.0,0.0,0.0,0.0,0.0,0.0,0.0,0.0,0.0,0.0,0.0,0.0,0.0,0.0,0.0,0.0,0.0,0.0,0.0,0.0,0.0,0.0,0.0,0.0,0.0,0.0,0.0,0.0,0.0,0.0,0.0,0.0,0.0,0.0,0.0,0.0,1,0,True,False
2021_04_22_MND_S1,2021MND,1.5,0.0,1.6666666666666667,2.0,2.0,0.0,0.0,0.0,0.0,0.0,0.0,0.0,0.0,0.0,0.0,7.625,2.0,8.833333333333334,6.0,4.0,1.125,0.0,1.3333333333333333,1.0,1.0,0.0,0.0,0.0,0.0,0.0,1.625,6.0,1.0,1.0,-5.0,0.0,0.0,0.0,0.0,0.0,0.125,0.0,0.16666666666666666,0.0,0.0,0.875,1.0,1.0,0.0,-1.0,0.5,0.0,0.6666666666666666,0.0,0.0,2.375,9.0,1.6666666666666667,0.0,-9.0,0.5,0.0,0.5,1.0,1.0,0.0,0.0,0.0,0.0,0.0,2.625,8.0,1.8333333333333333,2.0,-6.0,0.25,0.0,0.16666666666666666,1.0,1.0,0.0,0.0,0.0,0.0,0.0,0.25,0.0,0.16666666666666666,1.0,1.0,0.0,0.0,0.0,0.0,0.0,0.125,0.0,0.0,1.0,1.0,0.0,0.0,0.0,0.0,0.0,0.0,0.0,0.0,0.0,0.0,0.125,0.0,0.0,1.0,1.0,0.0,0.0,0.0,0.0,0.0,0.0,0.0,0.0,0.0,0.0,0.875,1.0,1.0,0.0,-1.0,0.25,0.0,0.3333333333333333,0.0,0.0,0.25,0.0,0.3333333333333333,0.0,0.0,0.0,0.0,0.0,0.0,0.0,0.0,0.0,0.0,0.0,0.0,0.0,0.0,0.0,0.0,0.0,0.0,0.0,0.0,0.0,0.0,0.0,0.0,0.0,0.0,0.0,0.0,0.0,0.0,0.0,0.0,0.125,0.0,0.0,1.0,1.0,0.25,0.0,0.16666666666666666,1.0,1.0,0.0,0.0,0.0,0.0,0.0,0.75,0.0,0.8333333333333334,1.0,1.0,0.125,0.0,0.16666666666666666,0.0,0.0,0.125,0.0,0.16666666666666666,0.0,0.0,0.0,0.0,0.0,0.0,0.0,0.125,0.0,0.0,1.0,1.0,0.0,0.0,0.0,0.0,0.0,0.0,0.0,0.0,0.0,0.0,0.0,0.0,0.0,0.0,0.0,0.0,0.0,0.0,0.0,0.0,1.375,1.0,1.5,1.0,0.0,1.5,2.0,1.1666666666666667,3.0,1.0,0.0,0.0,0.0,0.0,0.0,0.0,0.0,0.0,0.0,0.0,0.0,0.0,0.0,0.0,0.0,0.125,0.0,0.16666666666666666,0.0,0.0,0.0,0.0,0.0,0.0,0.0,0.0,0.0,0.0,0.0,0.0,0.125,0.0,0.16666666666666666,0.0,0.0,0.0,0.0,0.0,0.0,0.0,0.0,0.0,0.0,0.0,0.0,0.0,0.0,0.0,0.0,0.0,0.0,0.0,0.0,0.0,0.0,0.0,0.0,0.0,0.0,0.0,0.0,0.0,0.0,0.0,0.0,0.0,0.0,0.0,0.0,0.0,0.0,0.0,0.0,0.0,0.0,0.0,0.0,0.0,0.0,0.0,0.0,0.0,0.0,0.0,0.0,0.0,0.0,0.0,0.0,0.0,0.0,0.0,0.0,0.0,0.0,0.0,0.0,0.0,0.0,0.0,0.0,0.0,0.0,0.0,0.0,0.0,0.0,0.0,0.0,0.0,1,1,True,True
2021_04_22_MND_S2,2021MND,0.0,0.0,,0.0,0.0,0.0,0.0,,0.0,0.0,0.0,0.0,,0.0,0.0,0.0,0.0,,0.0,0.0,0.0,0.0,,0.0,0.0,0.0,0.0,,0.0,0.0,0.0,0.0,,0.0,0.0,0.0,0.0,,0.0,0.0,0.0,0.0,,0.0,0.0,0.0,0.0,,0.0,0.0,0.0,0.0,,0.0,0.0,1.0,1.0,,1.0,0.0,0.0,0.0,,0.0,0.0,0.0,0.0,,0.0,0.0,0.0,0.0,,0.0,0.0,0.0,0.0,,0.0,0.0,0.0,0.0,,0.0,0.0,0.0,0.0,,0.0,0.0,0.0,0.0,,0.0,0.0,0.0,0.0,,0.0,0.0,0.0,0.0,,0.0,0.0,0.0,0.0,,0.0,0.0,0.0,0.0,,0.0,0.0,0.0,0.0,,0.0,0.0,0.0,0.0,,0.0,0.0,0.0,0.0,,0.0,0.0,0.0,0.0,,0.0,0.0,0.0,0.0,,0.0,0.0,0.0,0.0,,0.0,0.0,0.0,0.0,,0.0,0.0,0.0,0.0,,0.0,0.0,0.0,0.0,,0.0,0.0,0.0,0.0,,0.0,0.0,0.0,0.0,,0.0,0.0,0.0,0.0,,0.0,0.0,0.0,0.0,,0.0,0.0,0.0,0.0,,0.0,0.0,0.0,0.0,,0.0,0.0,0.0,0.0,,0.0,0.0,0.0,0.0,,0.0,0.0,0.0,0.0,,0.0,0.0,0.0,0.0,,0.0,0.0,0.0,0.0,,0.0,0.0,0.0,0.0,,0.0,0.0,0.0,0.0,,0.0,0.0,0.0,0.0,,0.0,0.0,1.0,1.0,,1.0,0.0,0.0,0.0,,0.0,0.0,0.0,0.0,,0.0,0.0,0.0,0.0,,0.0,0.0,0.0,0.0,,0.0,0.0,0.0,0.0,,0.0,0.0,0.0,0.0,,0.0,0.0,0.0,0.0,,0.0,0.0,0.0,0.0,,0.0,0.0,0.0,0.0,,0.0,0.0,0.0,0.0,,0.0,0.0,0.0,0.0,,0.0,0.0,0.0,0.0,,0.0,0.0,0.0,0.0,,0.0,0.0,0.0,0.0,,0.0,0.0,0.0,0.0,,0.0,0.0,0.0,0.0,,0.0,0.0,0.0,0.0,,0.0,0.0,0.0,0.0,,0.0,0.0,0.0,0.0,,0.0,0.0,0.0,0.0,,0.0,0.0,0.0,0.0,,0.0,0.0,0.0,0.0,,0.0,0.0,0.0,0.0,,0.0,0.0,0,0,False,False
2021_04_22_MND_S3,2021MND,2.3333333333333335,3.0,2.5714285714285716,0.0,-3.0,4.111111111111111,4.0,4.571428571428571,1.0,-3.0,0.0,0.0,0.0,0.0,0.0,4.444444444444445,5.0,5.0,0.0,-5.0,3.3333333333333335,7.0,3.2857142857142856,0.0,-7.0,0.5555555555555556,0.0,0.7142857142857143,0.0,0.0,0.5555555555555556,1.0,0.5714285714285714,0.0,-1.0,0.3333333333333333,2.0,0.14285714285714285,0.0,-2.0,0.3333333333333333,0.0,0.42857142857142855,0.0,0.0,1.8888888888888888,3.0,2.0,0.0,-3.0,0.0,0.0,0.0,0.0,0.0,3.0,8.0,2.7142857142857144,0.0,-8.0,0.2222222222222222,0.0,0.2857142857142857,0.0,0.0,0.0,0.0,0.0,0.0,0.0,3.3333333333333335,3.0,3.7142857142857144,1.0,-2.0,1.2222222222222223,0.0,1.5714285714285714,0.0,0.0,0.0,0.0,0.0,0.0,0.0,0.3333333333333333,0.0,0.42857142857142855,0.0,0.0,0.0,0.0,0.0,0.0,0.0,0.3333333333333333,0.0,0.42857142857142855,0.0,0.0,0.0,0.0,0.0,0.0,0.0,1.2222222222222223,1.0,1.4285714285714286,0.0,-1.0,0.5555555555555556,2.0,0.42857142857142855,0.0,-2.0,0.5555555555555556,1.0,0.5714285714285714,0.0,-1.0,0.3333333333333333,0.0,0.42857142857142855,0.0,0.0,1.0,1.0,1.1428571428571428,0.0,-1.0,0.1111111111111111,0.0,0.14285714285714285,0.0,0.0,1.1111111111111112,1.0,1.2857142857142858,0.0,-1.0,0.1111111111111111,0.0,0.14285714285714285,0.0,0.0,0.0,0.0,0.0,0.0,0.0,0.0,0.0,0.0,0.0,0.0,0.2222222222222222,0.0,0.2857142857142857,0.0,0.0,0.0,0.0,0.0,0.0,0.0,0.2222222222222222,1.0,0.14285714285714285,0.0,-1.0,0.0,0.0,0.0,0.0,0.0,1.1111111111111112,3.0,1.0,0.0,-3.0,0.0,0.0,0.0,0.0,0.0,0.1111111111111111,0.0,0.14285714285714285,0.0,0.0,0.1111111111111111,0.0,0.0,1.0,1.0,0.1111111111111111,0.0,0.14285714285714285,0.0,0.0,0.2222222222222222,0.0,0.2857142857142857,0.0,0.0,0.0,0.0,0.0,0.0,0.0,0.0,0.0,0.0,0.0,0.0,0.3333333333333333,0.0,0.42857142857142855,0.0,0.0,0.0,0.0,0.0,0.0,0.0,0.0,0.0,0.0,0.0,0.0,0.3333333333333333,1.0,0.2857142857142857,0.0,-1.0,0.1111111111111111,0.0,0.14285714285714285,0.0,0.0,0.0,0.0,0.0,0.0,0.0,1.1111111111111112,0.0,1.4285714285714286,0.0,0.0,0.0,0.0,0.0,0.0,0.0,0.0,0.0,0.0,0.0,0.0,0.0,0.0,0.0,0.0,0.0,0.0,0.0,0.0,0.0,0.0,0.2222222222222222,0.0,0.2857142857142857,0.0,0.0,0.0,0.0,0.0,0.0,0.0,0.0,0.0,0.0,0.0,0.0,0.0,0.0,0.0,0.0,0.0,0.0,0.0,0.0,0.0,0.0,0.0,0.0,0.0,0.0,0.0,0.0,0.0,0.0,0.0,0.0,0.0,0.0,0.0,0.0,0.0,0.0,0.0,0.0,0.0,0.0,0.0,0.0,0.0,0.0,0.0,0.0,0.0,0.0,0.0,0.0,0.0,0.0,0.0,0.0,0.0,0.0,0.0,0.0,0.0,0.0,0.0,0.0,0.0,0.0,0.0,0.0,0.0,0.0,0.0,0.0,0.0,0.0,0.0,0.0,0.0,1,0,True,False
2021_04_22_MND_S4,2021MND,1.875,0.0,1.8333333333333333,4.0,4.0,0.0,0.0,0.0,0.0,0.0,0.0,0.0,0.0,0.0,0.0,8.75,5.0,10.666666666666666,1.0,-4.0,1.75,0.0,1.6666666666666667,4.0,4.0,0.0,0.0,0.0,0.0,0.0,1.125,3.0,1.0,0.0,-3.0,0.0,0.0,0.0,0.0,0.0,0.0,0.0,0.0,0.0,0.0,1.0,1.0,1.0,1.0,0.0,0.125,0.0,0.16666666666666666,0.0,0.0,2.125,5.0,2.0,0.0,-5.0,0.375,0.0,0.5,0.0,0.0,0.0,0.0,0.0,0.0,0.0,3.25,7.0,2.6666666666666665,3.0,-4.0,0.25,0.0,0.3333333333333333,0.0,0.0,0.0,0.0,0.0,0.0,0.0,0.5,0.0,0.3333333333333333,2.0,2.0,0.0,0.0,0.0,0.0,0.0,0.0,0.0,0.0,0.0,0.0,0.25,0.0,0.3333333333333333,0.0,0.0,0.375,0.0,0.3333333333333333,1.0,1.0,0.5,0.0,0.5,1.0,1.0,0.0,0.0,0.0,0.0,0.0,0.0,0.0,0.0,0.0,0.0,0.25,0.0,0.16666666666666666,1.0,1.0,0.25,0.0,0.3333333333333333,0.0,0.0,0.125,0.0,0.16666666666666666,0.0,0.0,0.0,0.0,0.0,0.0,0.0,0.0,0.0,0.0,0.0,0.0,0.0,0.0,0.0,0.0,0.0,0.0,0.0,0.0,0.0,0.0,0.0,0.0,0.0,0.0,0.0,0.0,0.0,0.0,0.0,0.0,0.0,0.0,0.0,0.0,0.0,0.125,0.0,0.16666666666666666,0.0,0.0,0.0,0.0,0.0,0.0,0.0,0.5,0.0,0.6666666666666666,0.0,0.0,0.0,0.0,0.0,0.0,0.0,0.0,0.0,0.0,0.0,0.0,0.0,0.0,0.0,0.0,0.0,0.0,0.0,0.0,0.0,0.0,0.0,0.0,0.0,0.0,0.0,0.0,0.0,0.0,0.0,0.0,0.0,0.0,0.0,0.0,0.0,0.0,0.0,0.0,0.0,0.0,1.75,0.0,1.8333333333333333,3.0,3.0,1.0,0.0,1.0,2.0,2.0,0.0,0.0,0.0,0.0,0.0,0.0,0.0,0.0,0.0,0.0,0.0,0.0,0.0,0.0,0.0,0.125,0.0,0.16666666666666666,0.0,0.0,0.0,0.0,0.0,0.0,0.0,0.0,0.0,0.0,0.0,0.0,0.125,0.0,0.16666666666666666,0.0,0.0,0.0,0.0,0.0,0.0,0.0,0.0,0.0,0.0,0.0,0.0,0.0,0.0,0.0,0.0,0.0,0.0,0.0,0.0,0.0,0.0,0.0,0.0,0.0,0.0,0.0,0.0,0.0,0.0,0.0,0.0,0.0,0.0,0.0,0.0,0.0,0.0,0.0,0.0,0.0,0.0,0.0,0.0,0.0,0.0,0.0,0.0,0.0,0.0,0.0,0.0,0.0,0.0,0.0,0.0,0.0,0.0,0.0,0.0,0.0,0.0,0.0,0.0,0.0,0.0,0.0,0.0,0.0,0.0,0.0,0.0,0.0,0.0,0.0,0.0,0.0,1,1,True,True
2021_04_22_MND_S5,2021MND,0.875,0.0,1.1666666666666667,0.0,0.0,0.125,0.0,0.16666666666666666,0.0,0.0,0.125,0.0,0.16666666666666666,0.0,0.0,7.125,5.0,7.666666666666667,6.0,1.0,2.125,0.0,2.3333333333333335,3.0,3.0,0.0,0.0,0.0,0.0,0.0,0.625,0.0,0.8333333333333334,0.0,0.0,0.0,0.0,0.0,0.0,0.0,0.375,0.0,0.5,0.0,0.0,1.125,0.0,1.3333333333333333,1.0,1.0,0.125,0.0,0.16666666666666666,0.0,0.0,3.0,2.0,2.8333333333333335,5.0,3.0,1.0,0.0,1.1666666666666667,1.0,1.0,0.0,0.0,0.0,0.0,0.0,2.875,6.0,2.6666666666666665,1.0,-5.0,0.875,0.0,1.1666666666666667,0.0,0.0,0.0,0.0,0.0,0.0,0.0,0.75,1.0,0.6666666666666666,1.0,0.0,0.0,0.0,0.0,0.0,0.0,0.125,0.0,0.16666666666666666,0.0,0.0,0.0,0.0,0.0,0.0,0.0,0.25,0.0,0.3333333333333333,0.0,0.0,0.75,0.0,0.8333333333333334,1.0,1.0,0.375,0.0,0.5,0.0,0.0,0.125,0.0,0.16666666666666666,0.0,0.0,0.75,0.0,1.0,0.0,0.0,0.75,0.0,1.0,0.0,0.0,0.25,0.0,0.3333333333333333,0.0,0.0,0.0,0.0,0.0,0.0,0.0,0.0,0.0,0.0,0.0,0.0,0.0,0.0,0.0,0.0,0.0,0.0,0.0,0.0,0.0,0.0,0.0,0.0,0.0,0.0,0.0,0.0,0.0,0.0,0.0,0.0,0.0,0.0,0.0,0.0,0.0,0.25,0.0,0.16666666666666666,1.0,1.0,0.0,0.0,0.0,0.0,0.0,0.5,0.0,0.6666666666666666,0.0,0.0,0.625,0.0,0.16666666666666666,4.0,4.0,0.0,0.0,0.0,0.0,0.0,0.0,0.0,0.0,0.0,0.0,0.0,0.0,0.0,0.0,0.0,0.0,0.0,0.0,0.0,0.0,0.0,0.0,0.0,0.0,0.0,0.0,0.0,0.0,0.0,0.0,0.0,0.0,0.0,0.0,0.0,1.0,0.0,1.0,2.0,2.0,0.5,0.0,0.6666666666666666,0.0,0.0,0.0,0.0,0.0,0.0,0.0,0.0,0.0,0.0,0.0,0.0,0.0,0.0,0.0,0.0,0.0,0.0,0.0,0.0,0.0,0.0,0.0,0.0,0.0,0.0,0.0,0.0,0.0,0.0,0.0,0.0,0.25,0.0,0.3333333333333333,0.0,0.0,0.0,0.0,0.0,0.0,0.0,0.0,0.0,0.0,0.0,0.0,0.0,0.0,0.0,0.0,0.0,0.0,0.0,0.0,0.0,0.0,0.0,0.0,0.0,0.0,0.0,0.0,0.0,0.0,0.0,0.0,0.0,0.0,0.0,0.0,0.0,0.0,0.0,0.0,0.0,0.0,0.0,0.0,0.0,0.0,0.0,0.0,0.0,0.0,0.0,0.0,0.0,0.0,0.0,0.0,0.0,0.0,0.0,0.0,0.0,0.0,0.0,0.0,0.0,0.0,0.0,0.0,0.0,0.0,0.0,0.0,0.0,0.0,0.0,0.0,0.0,0,0,False,False
2021_04_22_MND_S6,2021MND,0.0,0.0,0.0,0.0,0.0,0.0,0.0,0.0,0.0,0.0,0.0,0.0,0.0,0.0,0.0,2.6666666666666665,5.0,0.0,3.0,-2.0,0.0,0.0,0.0,0.0,0.0,0.0,0.0,0.0,0.0,0.0,2.0,3.0,0.0,3.0,0.0,0.0,0.0,0.0,0.0,0.0,0.6666666666666666,1.0,0.0,1.0,0.0,0.3333333333333333,0.0,1.0,0.0,0.0,0.0,0.0,0.0,0.0,0.0,4.333333333333333,10.0,1.0,2.0,-8.0,0.0,0.0,0.0,0.0,0.0,0.0,0.0,0.0,0.0,0.0,4.333333333333333,11.0,0.0,2.0,-9.0,0.0,0.0,0.0,0.0,0.0,0.0,0.0,0.0,0.0,0.0,0.0,0.0,0.0,0.0,0.0,0.0,0.0,0.0,0.0,0.0,0.3333333333333333,1.0,0.0,0.0,-1.0,0.0,0.0,0.0,0.0,0.0,0.0,0.0,0.0,0.0,0.0,0.0,0.0,0.0,0.0,0.0,0.0,0.0,0.0,0.0,0.0,0.0,0.0,0.0,0.0,0.0,0.0,0.0,0.0,0.0,0.0,0.0,0.0,0.0,0.0,0.0,0.0,0.0,0.0,0.0,0.0,0.0,0.0,0.0,0.0,0.0,0.0,0.0,0.0,0.0,0.0,0.0,0.0,0.0,0.0,0.0,0.0,0.0,0.0,0.0,0.0,0.0,0.0,0.0,0.0,0.0,0.0,0.0,0.0,0.0,0.0,0.0,0.0,0.0,0.0,0.0,0.0,0.0,0.0,0.0,0.0,0.3333333333333333,1.0,0.0,0.0,-1.0,0.0,0.0,0.0,0.0,0.0,0.0,0.0,0.0,0.0,0.0,0.0,0.0,0.0,0.0,0.0,0.0,0.0,0.0,0.0,0.0,0.0,0.0,0.0,0.0,0.0,0.0,0.0,0.0,0.0,0.0,0.0,0.0,0.0,0.0,0.0,0.0,0.0,0.0,0.0,0.0,0.0,0.0,0.0,0.0,0.0,0.3333333333333333,0.0,0.0,1.0,1.0,0.3333333333333333,1.0,0.0,0.0,-1.0,0.0,0.0,0.0,0.0,0.0,0.0,0.0,0.0,0.0,0.0,0.0,0.0,0.0,0.0,0.0,0.0,0.0,0.0,0.0,0.0,0.0,0.0,0.0,0.0,0.0,0.0,0.0,0.0,0.0,0.0,0.3333333333333333,1.0,0.0,0.0,-1.0,0.0,0.0,0.0,0.0,0.0,0.0,0.0,0.0,0.0,0.0,0.0,0.0,0.0,0.0,0.0,0.0,0.0,0.0,0.0,0.0,0.0,0.0,0.0,0.0,0.0,0.0,0.0,0.0,0.0,0.0,0.0,0.0,0.0,0.0,0.0,0.0,0.0,0.0,0.0,0.0,0.0,0.0,0.0,0.0,0.0,0.0,0.0,0.0,0.0,0.0,0.0,0.0,0.0,0.0,0.0,0.0,0.0,0.0,0.0,0.0,0.0,0.0,0.0,0.0,0.0,0.0,0.0,0.0,0.0,0.0,0.0,0.0,0.0,0.0,0.0,0,0,False,False
2021_04_22_MND_S7,2021MND,2.875,0.0,3.1666666666666665,4.0,4.0,0.125,0.0,0.16666666666666666,0.0,0.0,0.0,0.0,0.0,0.0,0.0,8.375,3.0,9.833333333333334,5.0,2.0,1.75,1.0,1.8333333333333333,2.0,1.0,0.0,0.0,0.0,0.0,0.0,1.5,4.0,1.0,2.0,-2.0,0.0,0.0,0.0,0.0,0.0,0.125,0.0,0.16666666666666666,0.0,0.0,1.0,1.0,1.1666666666666667,0.0,-1.0,0.0,0.0,0.0,0.0,0.0,3.875,9.0,3.6666666666666665,0.0,-9.0,0.125,0.0,0.16666666666666666,0.0,0.0,0.125,0.0,0.16666666666666666,0.0,0.0,1.875,10.0,0.6666666666666666,1.0,-9.0,0.875,0.0,1.1666666666666667,0.0,0.0,0.0,0.0,0.0,0.0,0.0,0.625,2.0,0.0,3.0,1.0,0.0,0.0,0.0,0.0,0.0,1.125,2.0,0.16666666666666666,6.0,4.0,0.375,0.0,0.3333333333333333,1.0,1.0,0.625,0.0,0.6666666666666666,1.0,1.0,0.375,0.0,0.16666666666666666,2.0,2.0,0.0,0.0,0.0,0.0,0.0,0.0,0.0,0.0,0.0,0.0,0.625,0.0,0.8333333333333334,0.0,0.0,0.125,0.0,0.16666666666666666,0.0,0.0,0.375,0.0,0.3333333333333333,1.0,1.0,0.0,0.0,0.0,0.0,0.0,0.0,0.0,0.0,0.0,0.0,0.0,0.0,0.0,0.0,0.0,0.0,0.0,0.0,0.0,0.0,0.0,0.0,0.0,0.0,0.0,0.0,0.0,0.0,0.0,0.0,0.125,0.0,0.16666666666666666,0.0,0.0,0.5,0.0,0.6666666666666666,0.0,0.0,0.0,0.0,0.0,0.0,0.0,0.375,0.0,0.5,0.0,0.0,0.875,0.0,0.5,4.0,4.0,0.25,0.0,0.3333333333333333,0.0,0.0,0.0,0.0,0.0,0.0,0.0,0.125,0.0,0.16666666666666666,0.0,0.0,0.0,0.0,0.0,0.0,0.0,0.0,0.0,0.0,0.0,0.0,0.0,0.0,0.0,0.0,0.0,0.0,0.0,0.0,0.0,0.0,1.25,0.0,1.5,1.0,1.0,0.5,0.0,0.16666666666666666,3.0,3.0,0.0,0.0,0.0,0.0,0.0,0.0,0.0,0.0,0.0,0.0,0.0,0.0,0.0,0.0,0.0,0.5,0.0,0.5,1.0,1.0,0.0,0.0,0.0,0.0,0.0,0.0,0.0,0.0,0.0,0.0,0.25,0.0,0.16666666666666666,1.0,1.0,0.0,0.0,0.0,0.0,0.0,0.0,0.0,0.0,0.0,0.0,0.0,0.0,0.0,0.0,0.0,0.0,0.0,0.0,0.0,0.0,0.0,0.0,0.0,0.0,0.0,0.0,0.0,0.0,0.0,0.0,0.0,0.0,0.0,0.0,0.0,0.0,0.0,0.0,0.0,0.0,0.0,0.0,0.0,0.0,0.0,0.0,0.0,0.0,0.0,0.0,0.0,0.0,0.0,0.0,0.0,0.0,0.0,0.0,0.0,0.0,0.0,0.0,0.0,0.0,0.0,0.0,0.0,0.0,0.0,0.0,0.0,0.0,0.0,0.0,0.0,2,0,True,False
2021_04_22_MND_S8,2021MND,2.2857142857142856,1.0,3.0,0.0,-1.0,4.714285714285714,0.0,6.4,1.0,1.0,0.0,0.0,0.0,0.0,0.0,4.571428571428571,2.0,5.8,1.0,-1.0,2.142857142857143,0.0,3.0,0.0,0.0,1.2857142857142858,0.0,1.8,0.0,0.0,1.4285714285714286,5.0,1.0,0.0,-5.0,0.2857142857142857,1.0,0.2,0.0,-1.0,1.2857142857142858,7.0,0.4,0.0,-7.0,2.0,0.0,2.8,0.0,0.0,0.14285714285714285,0.0,0.2,0.0,0.0,4.285714285714286,6.0,4.8,0.0,-6.0,0.2857142857142857,1.0,0.2,0.0,-1.0,0.2857142857142857,0.0,0.4,0.0,0.0,3.0,6.0,3.0,0.0,-6.0,1.7142857142857142,0.0,2.4,0.0,0.0,0.0,0.0,0.0,0.0,0.0,0.8571428571428571,1.0,1.0,0.0,-1.0,0.0,0.0,0.0,0.0,0.0,1.0,2.0,1.0,0.0,-2.0,0.2857142857142857,0.0,0.4,0.0,0.0,0.42857142857142855,0.0,0.6,0.0,0.0,0.42857142857142855,0.0,0.6,0.0,0.0,0.42857142857142855,0.0,0.6,0.0,0.0,1.0,0.0,0.8,3.0,3.0,0.7142857142857143,2.0,0.6,0.0,-2.0,0.5714285714285714,0.0,0.8,0.0,0.0,1.4285714285714286,2.0,1.6,0.0,-2.0,0.0,0.0,0.0,0.0,0.0,0.0,0.0,0.0,0.0,0.0,0.14285714285714285,0.0,0.2,0.0,0.0,0.7142857142857143,0.0,1.0,0.0,0.0,0.14285714285714285,0.0,0.2,0.0,0.0,0.0,0.0,0.0,0.0,0.0,0.0,0.0,0.0,0.0,0.0,0.14285714285714285,0.0,0.2,0.0,0.0,0.14285714285714285,0.0,0.2,0.0,0.0,0.0,0.0,0.0,0.0,0.0,0.8571428571428571,1.0,1.0,0.0,-1.0,0.2857142857142857,0.0,0.4,0.0,0.0,0.0,0.0,0.0,0.0,0.0,0.14285714285714285,0.0,0.2,0.0,0.0,0.0,0.0,0.0,0.0,0.0,0.2857142857142857,1.0,0.2,0.0,-1.0,0.8571428571428571,0.0,1.2,0.0,0.0,0.14285714285714285,0.0,0.2,0.0,0.0,1.4285714285714286,0.0,2.0,0.0,0.0,0.0,0.0,0.0,0.0,0.0,0.2857142857142857,0.0,0.4,0.0,0.0,0.2857142857142857,0.0,0.4,0.0,0.0,0.0,0.0,0.0,0.0,0.0,0.2857142857142857,0.0,0.4,0.0,0.0,0.0,0.0,0.0,0.0,0.0,0.0,0.0,0.0,0.0,0.0,0.14285714285714285,1.0,0.0,0.0,-1.0,0.0,0.0,0.0,0.0,0.0,0.14285714285714285,0.0,0.2,0.0,0.0,0.0,0.0,0.0,0.0,0.0,0.0,0.0,0.0,0.0,0.0,0.14285714285714285,0.0,0.2,0.0,0.0,0.0,0.0,0.0,0.0,0.0,0.0,0.0,0.0,0.0,0.0,0.0,0.0,0.0,0.0,0.0,0.0,0.0,0.0,0.0,0.0,0.0,0.0,0.0,0.0,0.0,0.0,0.0,0.0,0.0,0.0,0.0,0.0,0.0,0.0,0.0,0.0,0.0,0.0,0.0,0.0,0.0,0.0,0.0,0.0,0.0,0.0,0.0,0.0,0.0,0.0,3,0,True,False
2021_04_23_MND_S1,2021MND,2.25,0.0,3.0,0.0,0.0,5.875,10.0,6.166666666666667,0.0,-10.0,0.125,0.0,0.16666666666666666,0.0,0.0,4.25,1.0,5.333333333333333,1.0,0.0,2.0,1.0,2.3333333333333335,1.0,0.0,0.25,0.0,0.3333333333333333,0.0,0.0,1.5,2.0,1.0,4.0,2.0,0.25,0.0,0.3333333333333333,0.0,0.0,1.75,4.0,0.16666666666666666,9.0,5.0,1.75,1.0,2.1666666666666665,0.0,-1.0,0.125,0.0,0.16666666666666666,0.0,0.0,5.75,5.0,5.0,11.0,6.0,0.625,1.0,0.5,1.0,0.0,0.125,0.0,0.16666666666666666,0.0,0.0,5.375,11.0,3.3333333333333335,12.0,1.0,1.125,0.0,1.5,0.0,0.0,0.0,0.0,0.0,0.0,0.0,0.875,1.0,0.8333333333333334,1.0,0.0,0.0,0.0,0.0,0.0,0.0,0.25,0.0,0.3333333333333333,0.0,0.0,0.0,0.0,0.0,0.0,0.0,0.375,0.0,0.5,0.0,0.0,0.875,0.0,1.1666666666666667,0.0,0.0,0.375,1.0,0.3333333333333333,0.0,-1.0,0.875,0.0,1.0,1.0,1.0,0.75,2.0,0.6666666666666666,0.0,-2.0,0.625,0.0,0.8333333333333334,0.0,0.0,1.375,3.0,1.3333333333333333,0.0,-3.0,0.125,0.0,0.16666666666666666,0.0,0.0,0.125,0.0,0.16666666666666666,0.0,0.0,0.125,0.0,0.16666666666666666,0.0,0.0,0.25,0.0,0.3333333333333333,0.0,0.0,0.0,0.0,0.0,0.0,0.0,0.0,0.0,0.0,0.0,0.0,0.125,0.0,0.16666666666666666,0.0,0.0,0.5,1.0,0.5,0.0,-1.0,0.0,0.0,0.0,0.0,0.0,0.375,1.0,0.3333333333333333,0.0,-1.0,0.5,0.0,0.6666666666666666,0.0,0.0,0.125,0.0,0.16666666666666666,0.0,0.0,0.0,0.0,0.0,0.0,0.0,0.0,0.0,0.0,0.0,0.0,0.0,0.0,0.0,0.0,0.0,0.375,0.0,0.5,0.0,0.0,0.0,0.0,0.0,0.0,0.0,0.25,0.0,0.3333333333333333,0.0,0.0,1.25,0.0,1.6666666666666667,0.0,0.0,0.25,0.0,0.3333333333333333,0.0,0.0,0.0,0.0,0.0,0.0,0.0,0.125,0.0,0.16666666666666666,0.0,0.0,0.0,0.0,0.0,0.0,0.0,0.25,0.0,0.3333333333333333,0.0,0.0,0.0,0.0,0.0,0.0,0.0,0.0,0.0,0.0,0.0,0.0,0.125,0.0,0.16666666666666666,0.0,0.0,0.0,0.0,0.0,0.0,0.0,0.0,0.0,0.0,0.0,0.0,0.0,0.0,0.0,0.0,0.0,0.0,0.0,0.0,0.0,0.0,0.0,0.0,0.0,0.0,0.0,0.0,0.0,0.0,0.0,0.0,0.0,0.0,0.0,0.0,0.0,0.0,0.0,0.0,0.0,0.0,0.0,0.0,0.0,0.0,0.0,0.0,0.0,0.0,0.0,0.0,0.0,0.0,0.0,0.0,0.0,0.0,0.0,0.0,0.0,0.0,0.0,0.0,0.0,0.0,0.0,0.0,0.0,0.0,0.0,0.0,0.0,0.0,0.0,0.0,0.0,3,0,True,False
2021_04_23_MND_S10,2021MND,1.7142857142857142,0.0,2.4,0.0,0.0,0.0,0.0,0.0,0.0,0.0,0.2857142857142857,0.0,0.4,0.0,0.0,6.285714285714286,0.0,7.0,9.0,9.0,2.5714285714285716,2.0,2.4,4.0,2.0,0.0,0.0,0.0,0.0,0.0,1.5714285714285714,3.0,1.2,2.0,-1.0,0.0,0.0,0.0,0.0,0.0,2.0,10.0,0.8,0.0,-10.0,1.1428571428571428,0.0,1.6,0.0,0.0,0.14285714285714285,0.0,0.2,0.0,0.0,2.5714285714285716,10.0,1.4,1.0,-9.0,0.2857142857142857,0.0,0.2,1.0,1.0,0.14285714285714285,0.0,0.2,0.0,0.0,4.857142857142857,13.0,3.6,3.0,-10.0,0.5714285714285714,0.0,0.8,0.0,0.0,0.0,0.0,0.0,0.0,0.0,0.2857142857142857,0.0,0.2,1.0,1.0,0.0,0.0,0.0,0.0,0.0,0.5714285714285714,0.0,0.8,0.0,0.0,0.0,0.0,0.0,0.0,0.0,0.2857142857142857,0.0,0.4,0.0,0.0,0.2857142857142857,0.0,0.4,0.0,0.0,0.0,0.0,0.0,0.0,0.0,0.14285714285714285,1.0,0.0,0.0,-1.0,1.1428571428571428,0.0,1.2,2.0,2.0,0.42857142857142855,0.0,0.4,1.0,1.0,0.8571428571428571,0.0,0.6,3.0,3.0,0.2857142857142857,2.0,0.0,0.0,-2.0,0.0,0.0,0.0,0.0,0.0,0.0,0.0,0.0,0.0,0.0,0.0,0.0,0.0,0.0,0.0,0.0,0.0,0.0,0.0,0.0,0.0,0.0,0.0,0.0,0.0,0.0,0.0,0.0,0.0,0.0,0.2857142857142857,0.0,0.4,0.0,0.0,0.0,0.0,0.0,0.0,0.0,0.14285714285714285,0.0,0.2,0.0,0.0,0.8571428571428571,0.0,0.8,2.0,2.0,0.14285714285714285,0.0,0.2,0.0,0.0,0.0,0.0,0.0,0.0,0.0,0.0,0.0,0.0,0.0,0.0,0.0,0.0,0.0,0.0,0.0,0.0,0.0,0.0,0.0,0.0,0.0,0.0,0.0,0.0,0.0,0.0,0.0,0.0,0.0,0.0,0.7142857142857143,0.0,0.6,2.0,2.0,0.5714285714285714,0.0,0.8,0.0,0.0,0.0,0.0,0.0,0.0,0.0,0.0,0.0,0.0,0.0,0.0,0.14285714285714285,0.0,0.2,0.0,0.0,0.14285714285714285,0.0,0.2,0.0,0.0,0.0,0.0,0.0,0.0,0.0,0.0,0.0,0.0,0.0,0.0,0.2857142857142857,0.0,0.4,0.0,0.0,0.0,0.0,0.0,0.0,0.0,0.0,0.0,0.0,0.0,0.0,0.0,0.0,0.0,0.0,0.0,0.0,0.0,0.0,0.0,0.0,0.0,0.0,0.0,0.0,0.0,0.0,0.0,0.0,0.0,0.0,0.0,0.0,0.0,0.0,0.0,0.0,0.0,0.0,0.0,0.0,0.0,0.0,0.0,0.0,0.0,0.0,0.0,0.0,0.0,0.0,0.0,0.0,0.0,0.0,0.0,0.0,0.0,0.0,0.0,0.0,0.0,0.0,0.0,0.0,0.0,0.0,0.0,0.0,0.0,0.0,0.0,0.0,0.0,0.0,0.0,0,0,False,False
2021_04_23_MND_S11,2021MND,3.3333333333333335,1.0,4.0,3.0,2.0,7.5,1.0,10.5,2.0,1.0,0.0,0.0,0.0,0.0,0.0,6.0,4.0,6.5,6.0,2.0,2.1666666666666665,1.0,2.25,3.0,2.0,0.16666666666666666,0.0,0.25,0.0,0.0,1.5,0.0,1.25,4.0,4.0,0.3333333333333333,1.0,0.25,0.0,-1.0,0.16666666666666666,1.0,0.0,0.0,-1.0,1.5,2.0,1.75,0.0,-2.0,0.0,0.0,0.0,0.0,0.0,5.0,4.0,5.5,4.0,0.0,0.5,2.0,0.25,0.0,-2.0,0.16666666666666666,0.0,0.0,1.0,1.0,4.5,5.0,5.25,1.0,-4.0,1.1666666666666667,2.0,1.25,0.0,-2.0,0.0,0.0,0.0,0.0,0.0,0.8333333333333334,1.0,0.75,1.0,0.0,0.5,1.0,0.5,0.0,-1.0,0.6666666666666666,0.0,0.75,1.0,1.0,0.0,0.0,0.0,0.0,0.0,0.3333333333333333,0.0,0.5,0.0,0.0,0.3333333333333333,0.0,0.5,0.0,0.0,0.5,0.0,0.75,0.0,0.0,1.8333333333333333,0.0,2.0,3.0,3.0,1.5,2.0,1.25,2.0,0.0,1.3333333333333333,0.0,2.0,0.0,0.0,3.6666666666666665,1.0,5.0,1.0,0.0,0.0,0.0,0.0,0.0,0.0,0.0,0.0,0.0,0.0,0.0,0.16666666666666666,0.0,0.25,0.0,0.0,0.16666666666666666,0.0,0.25,0.0,0.0,0.0,0.0,0.0,0.0,0.0,0.16666666666666666,0.0,0.25,0.0,0.0,0.16666666666666666,1.0,0.0,0.0,-1.0,0.3333333333333333,0.0,0.5,0.0,0.0,0.0,0.0,0.0,0.0,0.0,0.16666666666666666,0.0,0.25,0.0,0.0,0.5,0.0,0.0,3.0,3.0,1.6666666666666667,1.0,1.0,5.0,4.0,1.1666666666666667,0.0,1.0,3.0,3.0,0.0,0.0,0.0,0.0,0.0,0.0,0.0,0.0,0.0,0.0,0.0,0.0,0.0,0.0,0.0,0.0,0.0,0.0,0.0,0.0,0.16666666666666666,0.0,0.25,0.0,0.0,0.6666666666666666,1.0,0.75,0.0,-1.0,0.0,0.0,0.0,0.0,0.0,0.0,0.0,0.0,0.0,0.0,0.0,0.0,0.0,0.0,0.0,0.0,0.0,0.0,0.0,0.0,0.16666666666666666,0.0,0.25,0.0,0.0,0.0,0.0,0.0,0.0,0.0,0.0,0.0,0.0,0.0,0.0,0.0,0.0,0.0,0.0,0.0,0.0,0.0,0.0,0.0,0.0,0.0,0.0,0.0,0.0,0.0,0.0,0.0,0.0,0.0,0.0,0.16666666666666666,1.0,0.0,0.0,-1.0,0.0,0.0,0.0,0.0,0.0,0.0,0.0,0.0,0.0,0.0,0.0,0.0,0.0,0.0,0.0,0.0,0.0,0.0,0.0,0.0,0.0,0.0,0.0,0.0,0.0,0.0,0.0,0.0,0.0,0.0,0.0,0.0,0.0,0.0,0.0,0.0,0.0,0.0,0.0,0.0,0.0,0.0,0.0,0.0,0.0,0.0,0.0,0.0,0.0,0.0,0.0,0.0,0.0,0.0,0.0,3,1,True,True
2021_04_23_MND_S12,2021MND,3.0,0.0,3.2,5.0,5.0,6.714285714285714,0.0,7.2,11.0,11.0,0.42857142857142855,0.0,0.6,0.0,0.0,2.0,0.0,2.0,4.0,4.0,2.0,0.0,2.4,2.0,2.0,0.14285714285714285,0.0,0.2,0.0,0.0,1.1428571428571428,1.0,0.8,3.0,2.0,0.2857142857142857,0.0,0.4,0.0,0.0,0.42857142857142855,0.0,0.4,1.0,1.0,1.0,0.0,1.2,1.0,1.0,0.2857142857142857,0.0,0.4,0.0,0.0,7.428571428571429,9.0,7.6,5.0,-4.0,0.2857142857142857,0.0,0.2,1.0,1.0,0.14285714285714285,0.0,0.0,1.0,1.0,5.285714285714286,9.0,4.4,6.0,-3.0,0.42857142857142855,0.0,0.4,1.0,1.0,0.0,0.0,0.0,0.0,0.0,0.8571428571428571,1.0,0.4,3.0,2.0,0.14285714285714285,0.0,0.2,0.0,0.0,0.7142857142857143,0.0,0.4,3.0,3.0,0.0,0.0,0.0,0.0,0.0,0.8571428571428571,0.0,1.0,1.0,1.0,0.7142857142857143,0.0,1.0,0.0,0.0,0.5714285714285714,0.0,0.8,0.0,0.0,0.14285714285714285,0.0,0.0,1.0,1.0,1.4285714285714286,0.0,1.6,2.0,2.0,0.8571428571428571,0.0,1.2,0.0,0.0,1.5714285714285714,0.0,1.8,2.0,2.0,0.0,0.0,0.0,0.0,0.0,0.0,0.0,0.0,0.0,0.0,0.14285714285714285,0.0,0.2,0.0,0.0,0.0,0.0,0.0,0.0,0.0,0.0,0.0,0.0,0.0,0.0,0.14285714285714285,0.0,0.2,0.0,0.0,0.14285714285714285,0.0,0.2,0.0,0.0,0.2857142857142857,0.0,0.4,0.0,0.0,0.14285714285714285,0.0,0.2,0.0,0.0,0.14285714285714285,0.0,0.2,0.0,0.0,1.1428571428571428,1.0,0.2,6.0,5.0,0.0,0.0,0.0,0.0,0.0,0.14285714285714285,0.0,0.0,1.0,1.0,0.0,0.0,0.0,0.0,0.0,0.0,0.0,0.0,0.0,0.0,0.0,0.0,0.0,0.0,0.0,0.0,0.0,0.0,0.0,0.0,0.0,0.0,0.0,0.0,0.0,1.5714285714285714,0.0,2.2,0.0,0.0,0.14285714285714285,1.0,0.0,0.0,-1.0,0.0,0.0,0.0,0.0,0.0,0.14285714285714285,0.0,0.2,0.0,0.0,0.0,0.0,0.0,0.0,0.0,0.0,0.0,0.0,0.0,0.0,0.0,0.0,0.0,0.0,0.0,0.0,0.0,0.0,0.0,0.0,0.0,0.0,0.0,0.0,0.0,0.0,0.0,0.0,0.0,0.0,0.0,0.0,0.0,0.0,0.0,0.0,0.0,0.0,0.0,0.0,0.0,0.0,0.0,0.0,0.0,0.0,0.0,0.0,0.0,0.0,0.0,0.0,0.0,0.0,0.0,0.0,0.0,0.0,0.0,0.0,0.0,0.0,0.0,0.0,0.0,0.0,0.0,0.0,0.0,0.0,0.0,0.0,0.0,0.0,0.0,0.0,0.0,0.0,0.0,0.0,0.0,0.0,0.0,0.0,0.0,0.0,0.0,0.0,0.0,0.0,0.0,0.0,0.0,0.0,0.0,0.0,0.0,0.0,0.0,0.0,1,0,True,False
2021_04_23_MND_S13,2021MND,2.5,0.0,3.75,0.0,0.0,5.0,0.0,7.5,0.0,0.0,0.0,0.0,0.0,0.0,0.0,3.3333333333333335,0.0,5.0,0.0,0.0,2.3333333333333335,0.0,3.5,0.0,0.0,0.6666666666666666,0.0,1.0,0.0,0.0,2.0,5.0,1.75,0.0,-5.0,1.5,9.0,0.0,0.0,-9.0,1.5,3.0,1.5,0.0,-3.0,0.8333333333333334,0.0,1.25,0.0,0.0,0.0,0.0,0.0,0.0,0.0,4.333333333333333,9.0,4.25,0.0,-9.0,0.6666666666666666,0.0,1.0,0.0,0.0,0.0,0.0,0.0,0.0,0.0,5.333333333333333,9.0,5.75,0.0,-9.0,0.8333333333333334,0.0,1.25,0.0,0.0,0.0,0.0,0.0,0.0,0.0,0.0,0.0,0.0,0.0,0.0,0.16666666666666666,1.0,0.0,0.0,-1.0,0.3333333333333333,1.0,0.25,0.0,-1.0,0.16666666666666666,0.0,0.25,0.0,0.0,0.16666666666666666,0.0,0.25,0.0,0.0,0.16666666666666666,0.0,0.25,0.0,0.0,0.5,0.0,0.75,0.0,0.0,5.0,0.0,0.0,30.0,30.0,0.5,0.0,0.75,0.0,0.0,0.6666666666666666,0.0,1.0,0.0,0.0,1.0,0.0,1.5,0.0,0.0,0.3333333333333333,2.0,0.0,0.0,-2.0,0.0,0.0,0.0,0.0,0.0,0.0,0.0,0.0,0.0,0.0,0.16666666666666666,0.0,0.25,0.0,0.0,0.16666666666666666,0.0,0.25,0.0,0.0,0.16666666666666666,0.0,0.25,0.0,0.0,0.0,0.0,0.0,0.0,0.0,0.5,0.0,0.75,0.0,0.0,0.0,0.0,0.0,0.0,0.0,0.0,0.0,0.0,0.0,0.0,0.6666666666666666,1.0,0.75,0.0,-1.0,0.0,0.0,0.0,0.0,0.0,0.16666666666666666,0.0,0.25,0.0,0.0,0.0,0.0,0.0,0.0,0.0,0.16666666666666666,0.0,0.25,0.0,0.0,0.0,0.0,0.0,0.0,0.0,0.0,0.0,0.0,0.0,0.0,0.0,0.0,0.0,0.0,0.0,0.16666666666666666,0.0,0.25,0.0,0.0,0.0,0.0,0.0,0.0,0.0,0.16666666666666666,0.0,0.25,0.0,0.0,0.0,0.0,0.0,0.0,0.0,0.16666666666666666,0.0,0.25,0.0,0.0,0.16666666666666666,0.0,0.25,0.0,0.0,0.0,0.0,0.0,0.0,0.0,0.0,0.0,0.0,0.0,0.0,0.5,1.0,0.5,0.0,-1.0,0.0,0.0,0.0,0.0,0.0,0.0,0.0,0.0,0.0,0.0,0.0,0.0,0.0,0.0,0.0,0.0,0.0,0.0,0.0,0.0,0.0,0.0,0.0,0.0,0.0,0.0,0.0,0.0,0.0,0.0,0.0,0.0,0.0,0.0,0.0,0.0,0.0,0.0,0.0,0.0,0.0,0.0,0.0,0.0,0.0,0.0,0.0,0.0,0.0,0.0,0.0,0.0,0.0,0.0,0.0,0.0,0.0,0.0,0.0,0.0,0.0,0.0,0.0,0.0,0.0,0.0,0.0,0.0,0.0,0.0,0.0,0.0,0.0,0.0,0.0,0,0,False,False
2021_04_23_MND_S14,2021MND,3.142857142857143,2.0,4.0,0.0,-2.0,6.714285714285714,0.0,8.8,3.0,3.0,0.14285714285714285,0.0,0.2,0.0,0.0,2.0,4.0,1.8,1.0,-3.0,1.8571428571428572,1.0,1.8,3.0,2.0,0.42857142857142855,0.0,0.2,2.0,2.0,1.8571428571428572,1.0,1.4,5.0,4.0,0.5714285714285714,1.0,0.4,1.0,0.0,0.2857142857142857,0.0,0.2,1.0,1.0,2.0,1.0,2.4,1.0,0.0,0.0,0.0,0.0,0.0,0.0,6.428571428571429,7.0,7.6,0.0,-7.0,0.2857142857142857,1.0,0.2,0.0,-1.0,0.2857142857142857,1.0,0.0,1.0,0.0,4.714285714285714,5.0,5.6,0.0,-5.0,1.7142857142857142,3.0,1.8,0.0,-3.0,0.0,0.0,0.0,0.0,0.0,1.0,1.0,1.2,0.0,-1.0,0.2857142857142857,0.0,0.4,0.0,0.0,0.5714285714285714,0.0,0.8,0.0,0.0,0.14285714285714285,0.0,0.2,0.0,0.0,0.2857142857142857,1.0,0.2,0.0,-1.0,0.2857142857142857,0.0,0.4,0.0,0.0,0.42857142857142855,0.0,0.6,0.0,0.0,0.5714285714285714,0.0,0.6,1.0,1.0,1.4285714285714286,1.0,1.6,1.0,0.0,0.8571428571428571,0.0,1.2,0.0,0.0,2.5714285714285716,0.0,3.4,1.0,1.0,0.0,0.0,0.0,0.0,0.0,0.0,0.0,0.0,0.0,0.0,0.0,0.0,0.0,0.0,0.0,0.2857142857142857,1.0,0.2,0.0,-1.0,0.0,0.0,0.0,0.0,0.0,0.5714285714285714,0.0,0.8,0.0,0.0,0.14285714285714285,1.0,0.0,0.0,-1.0,1.0,1.0,1.2,0.0,-1.0,0.0,0.0,0.0,0.0,0.0,0.42857142857142855,0.0,0.6,0.0,0.0,0.7142857142857143,0.0,0.2,4.0,4.0,1.0,1.0,0.0,6.0,5.0,1.0,0.0,1.0,2.0,2.0,0.0,0.0,0.0,0.0,0.0,0.14285714285714285,0.0,0.0,1.0,1.0,0.14285714285714285,0.0,0.0,1.0,1.0,0.0,0.0,0.0,0.0,0.0,0.0,0.0,0.0,0.0,0.0,1.0,1.0,1.2,0.0,-1.0,0.0,0.0,0.0,0.0,0.0,0.14285714285714285,0.0,0.2,0.0,0.0,0.0,0.0,0.0,0.0,0.0,0.2857142857142857,0.0,0.4,0.0,0.0,0.2857142857142857,0.0,0.4,0.0,0.0,0.0,0.0,0.0,0.0,0.0,0.14285714285714285,0.0,0.2,0.0,0.0,0.14285714285714285,0.0,0.2,0.0,0.0,0.0,0.0,0.0,0.0,0.0,0.0,0.0,0.0,0.0,0.0,0.0,0.0,0.0,0.0,0.0,0.0,0.0,0.0,0.0,0.0,0.0,0.0,0.0,0.0,0.0,0.0,0.0,0.0,0.0,0.0,0.0,0.0,0.0,0.0,0.0,0.0,0.0,0.0,0.0,0.0,0.0,0.0,0.0,0.0,0.0,0.0,0.0,0.0,0.0,0.0,0.0,0.0,0.0,0.0,0.0,0.0,0.0,0.0,0.0,0.0,0.0,0.0,0.0,0.0,0.0,0.0,0.0,0.0,0.0,0.0,0.0,0.0,0.0,0.0,0.0,1,0,True,False
2021_04_23_MND_S15,2021MND,3.142857142857143,0.0,4.2,1.0,1.0,2.7142857142857144,0.0,2.0,9.0,9.0,0.0,0.0,0.0,0.0,0.0,2.857142857142857,0.0,3.6,2.0,2.0,1.7142857142857142,0.0,1.6,4.0,4.0,0.14285714285714285,0.0,0.0,1.0,1.0,1.5714285714285714,3.0,1.4,1.0,-2.0,0.2857142857142857,1.0,0.2,0.0,-1.0,2.142857142857143,3.0,2.0,2.0,-1.0,1.2857142857142858,0.0,1.8,0.0,0.0,0.0,0.0,0.0,0.0,0.0,6.0,6.0,7.0,1.0,-5.0,0.42857142857142855,0.0,0.6,0.0,0.0,0.0,0.0,0.0,0.0,0.0,4.285714285714286,6.0,4.2,3.0,-3.0,1.0,0.0,1.0,2.0,2.0,0.0,0.0,0.0,0.0,0.0,0.0,0.0,0.0,0.0,0.0,0.0,0.0,0.0,0.0,0.0,0.42857142857142855,1.0,0.2,1.0,0.0,0.14285714285714285,0.0,0.2,0.0,0.0,0.5714285714285714,0.0,0.4,2.0,2.0,0.2857142857142857,0.0,0.2,1.0,1.0,0.0,0.0,0.0,0.0,0.0,1.2857142857142858,0.0,0.8,5.0,5.0,0.8571428571428571,3.0,0.2,2.0,-1.0,0.14285714285714285,0.0,0.2,0.0,0.0,2.0,7.0,1.2,1.0,-6.0,0.2857142857142857,1.0,0.0,1.0,0.0,0.0,0.0,0.0,0.0,0.0,0.0,0.0,0.0,0.0,0.0,0.14285714285714285,0.0,0.2,0.0,0.0,0.0,0.0,0.0,0.0,0.0,0.2857142857142857,0.0,0.0,2.0,2.0,0.0,0.0,0.0,0.0,0.0,0.42857142857142855,0.0,0.6,0.0,0.0,0.14285714285714285,0.0,0.0,1.0,1.0,0.0,0.0,0.0,0.0,0.0,0.2857142857142857,0.0,0.0,2.0,2.0,1.2857142857142858,0.0,1.0,4.0,4.0,0.2857142857142857,0.0,0.4,0.0,0.0,0.14285714285714285,1.0,0.0,0.0,-1.0,0.2857142857142857,0.0,0.4,0.0,0.0,0.0,0.0,0.0,0.0,0.0,0.0,0.0,0.0,0.0,0.0,0.14285714285714285,0.0,0.2,0.0,0.0,0.14285714285714285,0.0,0.2,0.0,0.0,0.42857142857142855,2.0,0.2,0.0,-2.0,0.0,0.0,0.0,0.0,0.0,0.0,0.0,0.0,0.0,0.0,0.14285714285714285,0.0,0.2,0.0,0.0,0.2857142857142857,0.0,0.4,0.0,0.0,0.0,0.0,0.0,0.0,0.0,0.0,0.0,0.0,0.0,0.0,0.14285714285714285,0.0,0.0,1.0,1.0,0.0,0.0,0.0,0.0,0.0,0.14285714285714285,0.0,0.2,0.0,0.0,0.0,0.0,0.0,0.0,0.0,0.0,0.0,0.0,0.0,0.0,0.0,0.0,0.0,0.0,0.0,0.0,0.0,0.0,0.0,0.0,0.0,0.0,0.0,0.0,0.0,0.0,0.0,0.0,0.0,0.0,0.0,0.0,0.0,0.0,0.0,0.0,0.0,0.0,0.0,0.0,0.0,0.0,0.0,0.0,0.0,0.0,0.0,0.0,0.0,0.0,0.0,0.0,0.0,0.0,0.0,0.0,0.0,0.0,0.0,0.0,0.0,0.0,0.0,0.0,0.0,0,0,False,False
2021_04_23_MND_S16,2021MND,0.7142857142857143,1.0,0.8,0.0,-1.0,0.14285714285714285,0.0,0.2,0.0,0.0,0.0,0.0,0.0,0.0,0.0,8.0,11.0,8.2,4.0,-7.0,2.0,2.0,2.4,0.0,-2.0,0.0,0.0,0.0,0.0,0.0,0.8571428571428571,0.0,0.8,2.0,2.0,0.0,0.0,0.0,0.0,0.0,0.2857142857142857,2.0,0.0,0.0,-2.0,1.0,1.0,1.2,0.0,-1.0,0.42857142857142855,0.0,0.6,0.0,0.0,2.4285714285714284,2.0,0.8,11.0,9.0,0.2857142857142857,1.0,0.0,1.0,0.0,0.0,0.0,0.0,0.0,0.0,3.857142857142857,5.0,2.2,11.0,6.0,1.2857142857142858,1.0,1.6,0.0,-1.0,0.0,0.0,0.0,0.0,0.0,0.42857142857142855,2.0,0.2,0.0,-2.0,0.0,0.0,0.0,0.0,0.0,0.42857142857142855,0.0,0.0,3.0,3.0,0.0,0.0,0.0,0.0,0.0,0.2857142857142857,1.0,0.2,0.0,-1.0,0.0,0.0,0.0,0.0,0.0,0.0,0.0,0.0,0.0,0.0,0.0,0.0,0.0,0.0,0.0,0.7142857142857143,0.0,1.0,0.0,0.0,0.14285714285714285,0.0,0.2,0.0,0.0,0.2857142857142857,1.0,0.2,0.0,-1.0,0.0,0.0,0.0,0.0,0.0,0.0,0.0,0.0,0.0,0.0,0.0,0.0,0.0,0.0,0.0,0.0,0.0,0.0,0.0,0.0,0.14285714285714285,0.0,0.2,0.0,0.0,0.0,0.0,0.0,0.0,0.0,0.14285714285714285,0.0,0.2,0.0,0.0,0.42857142857142855,1.0,0.2,1.0,0.0,0.0,0.0,0.0,0.0,0.0,0.42857142857142855,0.0,0.6,0.0,0.0,0.2857142857142857,0.0,0.4,0.0,0.0,0.0,0.0,0.0,0.0,0.0,0.0,0.0,0.0,0.0,0.0,0.0,0.0,0.0,0.0,0.0,0.0,0.0,0.0,0.0,0.0,0.0,0.0,0.0,0.0,0.0,0.0,0.0,0.0,0.0,0.0,0.0,0.0,0.0,0.0,0.0,1.8571428571428572,1.0,2.4,0.0,-1.0,0.42857142857142855,0.0,0.2,2.0,2.0,0.14285714285714285,0.0,0.0,1.0,1.0,0.0,0.0,0.0,0.0,0.0,0.0,0.0,0.0,0.0,0.0,0.0,0.0,0.0,0.0,0.0,0.0,0.0,0.0,0.0,0.0,0.0,0.0,0.0,0.0,0.0,0.14285714285714285,0.0,0.0,1.0,1.0,0.0,0.0,0.0,0.0,0.0,0.0,0.0,0.0,0.0,0.0,0.0,0.0,0.0,0.0,0.0,0.0,0.0,0.0,0.0,0.0,0.0,0.0,0.0,0.0,0.0,0.0,0.0,0.0,0.0,0.0,0.0,0.0,0.0,0.0,0.0,0.0,0.0,0.0,0.0,0.0,0.0,0.0,0.0,0.0,0.0,0.0,0.0,0.0,0.0,0.0,0.0,0.0,0.0,0.0,0.0,0.0,0.0,0.0,0.0,0.0,0.0,0.0,0.0,0.0,0.0,0.0,0.0,0.0,0.0,0.0,0.0,0.0,0.0,0.0,0.0,3,0,True,False
2021_04_23_MND_S2,2021MND,2.142857142857143,0.0,1.4,8.0,8.0,0.14285714285714285,0.0,0.2,0.0,0.0,0.0,0.0,0.0,0.0,0.0,6.428571428571429,1.0,6.4,12.0,11.0,1.8571428571428572,0.0,1.0,8.0,8.0,0.14285714285714285,0.0,0.2,0.0,0.0,1.4285714285714286,5.0,0.8,1.0,-4.0,0.0,0.0,0.0,0.0,0.0,0.2857142857142857,0.0,0.0,2.0,2.0,0.7142857142857143,0.0,1.0,0.0,0.0,0.14285714285714285,0.0,0.2,0.0,0.0,3.4285714285714284,9.0,2.8,1.0,-8.0,0.42857142857142855,0.0,0.6,0.0,0.0,0.2857142857142857,0.0,0.0,2.0,2.0,2.5714285714285716,9.0,1.6,1.0,-8.0,1.7142857142857142,0.0,2.4,0.0,0.0,0.0,0.0,0.0,0.0,0.0,0.2857142857142857,0.0,0.4,0.0,0.0,0.0,0.0,0.0,0.0,0.0,0.5714285714285714,2.0,0.4,0.0,-2.0,0.0,0.0,0.0,0.0,0.0,0.0,0.0,0.0,0.0,0.0,0.42857142857142855,0.0,0.6,0.0,0.0,0.0,0.0,0.0,0.0,0.0,0.0,0.0,0.0,0.0,0.0,0.5714285714285714,0.0,0.8,0.0,0.0,0.14285714285714285,0.0,0.2,0.0,0.0,0.14285714285714285,0.0,0.2,0.0,0.0,0.0,0.0,0.0,0.0,0.0,0.0,0.0,0.0,0.0,0.0,0.0,0.0,0.0,0.0,0.0,0.0,0.0,0.0,0.0,0.0,0.0,0.0,0.0,0.0,0.0,0.0,0.0,0.0,0.0,0.0,0.0,0.0,0.0,0.0,0.0,0.5714285714285714,0.0,0.8,0.0,0.0,0.0,0.0,0.0,0.0,0.0,0.5714285714285714,0.0,0.8,0.0,0.0,0.7142857142857143,1.0,0.0,4.0,3.0,0.0,0.0,0.0,0.0,0.0,0.0,0.0,0.0,0.0,0.0,0.14285714285714285,0.0,0.2,0.0,0.0,0.0,0.0,0.0,0.0,0.0,0.14285714285714285,0.0,0.2,0.0,0.0,0.0,0.0,0.0,0.0,0.0,0.0,0.0,0.0,0.0,0.0,1.1428571428571428,0.0,1.2,2.0,2.0,0.2857142857142857,0.0,0.4,0.0,0.0,0.0,0.0,0.0,0.0,0.0,0.0,0.0,0.0,0.0,0.0,0.0,0.0,0.0,0.0,0.0,0.0,0.0,0.0,0.0,0.0,0.0,0.0,0.0,0.0,0.0,0.0,0.0,0.0,0.0,0.0,0.14285714285714285,0.0,0.0,1.0,1.0,0.0,0.0,0.0,0.0,0.0,0.0,0.0,0.0,0.0,0.0,0.0,0.0,0.0,0.0,0.0,0.0,0.0,0.0,0.0,0.0,0.0,0.0,0.0,0.0,0.0,0.0,0.0,0.0,0.0,0.0,0.0,0.0,0.0,0.0,0.0,0.0,0.0,0.0,0.0,0.0,0.0,0.0,0.0,0.0,0.0,0.0,0.0,0.0,0.0,0.0,0.0,0.0,0.0,0.0,0.0,0.0,0.0,0.0,0.0,0.0,0.0,0.0,0.0,0.0,0.0,0.0,0.0,0.0,0.0,0.0,0.0,0.0,0.0,0.0,0.0,2,1,True,True
2021_04_23_MND_S3,2021MND,1.2857142857142858,0.0,1.8,0.0,0.0,0.7142857142857143,0.0,1.0,0.0,0.0,0.0,0.0,0.0,0.0,0.0,0.2857142857142857,0.0,0.4,0.0,0.0,1.4285714285714286,0.0,2.0,0.0,0.0,0.0,0.0,0.0,0.0,0.0,1.1428571428571428,1.0,1.4,0.0,-1.0,0.42857142857142855,0.0,0.6,0.0,0.0,0.8571428571428571,0.0,1.2,0.0,0.0,0.7142857142857143,0.0,1.0,0.0,0.0,0.0,0.0,0.0,0.0,0.0,8.0,8.0,9.2,2.0,-6.0,0.14285714285714285,0.0,0.2,0.0,0.0,0.0,0.0,0.0,0.0,0.0,4.714285714285714,8.0,4.6,2.0,-6.0,0.14285714285714285,0.0,0.2,0.0,0.0,0.0,0.0,0.0,0.0,0.0,0.42857142857142855,0.0,0.4,1.0,1.0,0.0,0.0,0.0,0.0,0.0,0.14285714285714285,0.0,0.2,0.0,0.0,0.0,0.0,0.0,0.0,0.0,0.5714285714285714,0.0,0.8,0.0,0.0,0.0,0.0,0.0,0.0,0.0,0.0,0.0,0.0,0.0,0.0,0.5714285714285714,1.0,0.6,0.0,-1.0,0.7142857142857143,0.0,1.0,0.0,0.0,0.5714285714285714,0.0,0.8,0.0,0.0,1.4285714285714286,0.0,2.0,0.0,0.0,0.0,0.0,0.0,0.0,0.0,0.0,0.0,0.0,0.0,0.0,0.0,0.0,0.0,0.0,0.0,0.0,0.0,0.0,0.0,0.0,0.0,0.0,0.0,0.0,0.0,0.0,0.0,0.0,0.0,0.0,0.14285714285714285,0.0,0.2,0.0,0.0,0.42857142857142855,0.0,0.6,0.0,0.0,0.0,0.0,0.0,0.0,0.0,0.0,0.0,0.0,0.0,0.0,0.14285714285714285,0.0,0.2,0.0,0.0,0.14285714285714285,0.0,0.2,0.0,0.0,0.0,0.0,0.0,0.0,0.0,0.0,0.0,0.0,0.0,0.0,0.0,0.0,0.0,0.0,0.0,0.14285714285714285,0.0,0.2,0.0,0.0,0.14285714285714285,0.0,0.2,0.0,0.0,0.14285714285714285,0.0,0.2,0.0,0.0,0.2857142857142857,0.0,0.4,0.0,0.0,0.0,0.0,0.0,0.0,0.0,0.2857142857142857,0.0,0.4,0.0,0.0,0.0,0.0,0.0,0.0,0.0,0.0,0.0,0.0,0.0,0.0,0.14285714285714285,0.0,0.2,0.0,0.0,0.0,0.0,0.0,0.0,0.0,0.0,0.0,0.0,0.0,0.0,0.0,0.0,0.0,0.0,0.0,0.0,0.0,0.0,0.0,0.0,0.0,0.0,0.0,0.0,0.0,0.0,0.0,0.0,0.0,0.0,0.0,0.0,0.0,0.0,0.0,0.0,0.0,0.0,0.0,0.0,0.0,0.0,0.0,0.0,0.0,0.0,0.0,0.0,0.0,0.0,0.0,0.0,0.0,0.0,0.0,0.0,0.0,0.0,0.0,0.0,0.0,0.0,0.0,0.0,0.0,0.0,0.0,0.0,0.0,0.0,0.0,0.0,0.0,0.0,0.0,0.0,0.0,0.0,0.0,0.0,0.0,0.0,0.0,0.0,0.0,0.0,0.0,0.0,0.0,0.0,2,0,True,False
2021_04_23_MND_S4,2021MND,1.1111111111111112,0.0,1.4285714285714286,0.0,0.0,0.2222222222222222,0.0,0.2857142857142857,0.0,0.0,0.0,0.0,0.0,0.0,0.0,8.666666666666666,14.0,9.142857142857142,0.0,-14.0,2.3333333333333335,4.0,2.4285714285714284,0.0,-4.0,0.1111111111111111,0.0,0.14285714285714285,0.0,0.0,1.5555555555555556,3.0,1.5714285714285714,0.0,-3.0,0.0,0.0,0.0,0.0,0.0,0.3333333333333333,1.0,0.2857142857142857,0.0,-1.0,0.3333333333333333,1.0,0.2857142857142857,0.0,-1.0,0.1111111111111111,1.0,0.0,0.0,-1.0,2.6666666666666665,0.0,3.2857142857142856,1.0,1.0,0.3333333333333333,1.0,0.2857142857142857,0.0,-1.0,0.1111111111111111,0.0,0.14285714285714285,0.0,0.0,3.888888888888889,5.0,4.142857142857143,1.0,-4.0,0.6666666666666666,1.0,0.7142857142857143,0.0,-1.0,0.0,0.0,0.0,0.0,0.0,0.2222222222222222,1.0,0.14285714285714285,0.0,-1.0,0.0,0.0,0.0,0.0,0.0,0.6666666666666666,0.0,0.8571428571428571,0.0,0.0,0.2222222222222222,1.0,0.14285714285714285,0.0,-1.0,0.1111111111111111,0.0,0.14285714285714285,0.0,0.0,0.3333333333333333,1.0,0.2857142857142857,0.0,-1.0,0.3333333333333333,2.0,0.14285714285714285,0.0,-2.0,0.0,0.0,0.0,0.0,0.0,0.5555555555555556,0.0,0.7142857142857143,0.0,0.0,0.4444444444444444,0.0,0.5714285714285714,0.0,0.0,0.5555555555555556,1.0,0.5714285714285714,0.0,-1.0,0.0,0.0,0.0,0.0,0.0,0.0,0.0,0.0,0.0,0.0,0.0,0.0,0.0,0.0,0.0,0.0,0.0,0.0,0.0,0.0,0.0,0.0,0.0,0.0,0.0,0.0,0.0,0.0,0.0,0.0,0.0,0.0,0.0,0.0,0.0,0.4444444444444444,0.0,0.5714285714285714,0.0,0.0,0.0,0.0,0.0,0.0,0.0,0.4444444444444444,1.0,0.42857142857142855,0.0,-1.0,0.2222222222222222,0.0,0.2857142857142857,0.0,0.0,0.0,0.0,0.0,0.0,0.0,0.0,0.0,0.0,0.0,0.0,0.0,0.0,0.0,0.0,0.0,0.0,0.0,0.0,0.0,0.0,0.0,0.0,0.0,0.0,0.0,0.0,0.0,0.0,0.0,0.0,0.0,0.0,0.0,0.0,0.0,0.7777777777777778,0.0,1.0,0.0,0.0,0.2222222222222222,0.0,0.2857142857142857,0.0,0.0,0.0,0.0,0.0,0.0,0.0,0.0,0.0,0.0,0.0,0.0,0.1111111111111111,0.0,0.14285714285714285,0.0,0.0,0.0,0.0,0.0,0.0,0.0,0.0,0.0,0.0,0.0,0.0,0.0,0.0,0.0,0.0,0.0,0.2222222222222222,0.0,0.2857142857142857,0.0,0.0,0.0,0.0,0.0,0.0,0.0,0.0,0.0,0.0,0.0,0.0,0.0,0.0,0.0,0.0,0.0,0.0,0.0,0.0,0.0,0.0,0.0,0.0,0.0,0.0,0.0,0.0,0.0,0.0,0.0,0.0,0.0,0.0,0.0,0.0,0.0,0.0,0.0,0.0,0.0,0.0,0.0,0.0,0.0,0.0,0.0,0.0,0.0,0.0,0.0,0.0,0.0,0.0,0.0,0.0,0.0,0.0,0.0,0.0,0.0,0.0,0.0,0.0,0.0,0.0,0.0,0.0,0.0,0.0,0.0,0.0,0.0,0.0,0.0,0.0,0.0,0,0,False,False
2021_04_23_MND_S5,2021MND,1.5714285714285714,0.0,1.6,3.0,3.0,0.14285714285714285,0.0,0.2,0.0,0.0,0.0,0.0,0.0,0.0,0.0,6.285714285714286,5.0,7.4,2.0,-3.0,1.5714285714285714,2.0,1.0,4.0,2.0,0.0,0.0,0.0,0.0,0.0,1.1428571428571428,4.0,0.2,3.0,-1.0,0.0,0.0,0.0,0.0,0.0,1.4285714285714286,7.0,0.4,1.0,-6.0,0.7142857142857143,1.0,0.8,0.0,-1.0,0.2857142857142857,0.0,0.4,0.0,0.0,2.2857142857142856,8.0,1.6,0.0,-8.0,0.42857142857142855,0.0,0.6,0.0,0.0,0.0,0.0,0.0,0.0,0.0,1.5714285714285714,0.0,2.0,1.0,1.0,1.2857142857142858,0.0,1.8,0.0,0.0,0.0,0.0,0.0,0.0,0.0,0.14285714285714285,0.0,0.2,0.0,0.0,0.0,0.0,0.0,0.0,0.0,0.42857142857142855,0.0,0.6,0.0,0.0,0.14285714285714285,0.0,0.0,1.0,1.0,0.2857142857142857,0.0,0.4,0.0,0.0,0.2857142857142857,0.0,0.4,0.0,0.0,0.14285714285714285,0.0,0.2,0.0,0.0,0.0,0.0,0.0,0.0,0.0,1.0,1.0,1.2,0.0,-1.0,0.2857142857142857,0.0,0.4,0.0,0.0,0.2857142857142857,0.0,0.2,1.0,1.0,0.0,0.0,0.0,0.0,0.0,0.0,0.0,0.0,0.0,0.0,0.0,0.0,0.0,0.0,0.0,0.0,0.0,0.0,0.0,0.0,0.0,0.0,0.0,0.0,0.0,0.0,0.0,0.0,0.0,0.0,0.0,0.0,0.0,0.0,0.0,0.5714285714285714,0.0,0.8,0.0,0.0,0.0,0.0,0.0,0.0,0.0,0.2857142857142857,0.0,0.4,0.0,0.0,0.5714285714285714,3.0,0.2,0.0,-3.0,0.0,0.0,0.0,0.0,0.0,0.0,0.0,0.0,0.0,0.0,0.0,0.0,0.0,0.0,0.0,0.0,0.0,0.0,0.0,0.0,0.0,0.0,0.0,0.0,0.0,0.0,0.0,0.0,0.0,0.0,0.0,0.0,0.0,0.0,0.0,2.5714285714285716,8.0,1.8,1.0,-7.0,0.42857142857142855,0.0,0.6,0.0,0.0,0.0,0.0,0.0,0.0,0.0,0.0,0.0,0.0,0.0,0.0,0.14285714285714285,0.0,0.2,0.0,0.0,0.2857142857142857,1.0,0.2,0.0,-1.0,0.0,0.0,0.0,0.0,0.0,0.0,0.0,0.0,0.0,0.0,0.0,0.0,0.0,0.0,0.0,0.0,0.0,0.0,0.0,0.0,0.0,0.0,0.0,0.0,0.0,0.0,0.0,0.0,0.0,0.0,0.0,0.0,0.0,0.0,0.0,0.0,0.0,0.0,0.0,0.0,0.0,0.0,0.0,0.0,0.0,0.0,0.0,0.0,0.0,0.0,0.0,0.0,0.0,0.0,0.0,0.0,0.0,0.0,0.0,0.0,0.0,0.0,0.0,0.0,0.0,0.0,0.0,0.0,0.0,0.0,0.0,0.0,0.0,0.0,0.0,0.0,0.0,0.0,0.0,0.0,0.0,0.0,0.0,0.0,0.0,0.0,0.0,0.0,0.0,0.0,2,1,True,True
2021_04_23_MND_S6,2021MND,0.5714285714285714,0.0,0.8,0.0,0.0,0.5714285714285714,0.0,0.6,1.0,1.0,0.14285714285714285,0.0,0.2,0.0,0.0,2.4285714285714284,0.0,3.2,1.0,1.0,2.0,0.0,2.8,0.0,0.0,0.14285714285714285,0.0,0.2,0.0,0.0,2.142857142857143,0.0,2.8,1.0,1.0,0.0,0.0,0.0,0.0,0.0,0.8571428571428571,1.0,0.8,1.0,0.0,0.7142857142857143,0.0,1.0,0.0,0.0,0.0,0.0,0.0,0.0,0.0,5.285714285714286,9.0,5.6,0.0,-9.0,0.14285714285714285,0.0,0.2,0.0,0.0,0.14285714285714285,0.0,0.0,1.0,1.0,3.5714285714285716,9.0,3.2,0.0,-9.0,0.42857142857142855,0.0,0.2,2.0,2.0,0.0,0.0,0.0,0.0,0.0,0.2857142857142857,0.0,0.4,0.0,0.0,0.0,0.0,0.0,0.0,0.0,0.8571428571428571,0.0,0.4,4.0,4.0,0.0,0.0,0.0,0.0,0.0,0.0,0.0,0.0,0.0,0.0,0.42857142857142855,0.0,0.6,0.0,0.0,0.14285714285714285,0.0,0.2,0.0,0.0,3.4285714285714284,0.0,2.2,13.0,13.0,1.0,0.0,1.2,1.0,1.0,0.8571428571428571,0.0,1.2,0.0,0.0,1.0,0.0,1.0,2.0,2.0,0.14285714285714285,0.0,0.2,0.0,0.0,0.2857142857142857,0.0,0.4,0.0,0.0,0.0,0.0,0.0,0.0,0.0,0.0,0.0,0.0,0.0,0.0,0.0,0.0,0.0,0.0,0.0,0.0,0.0,0.0,0.0,0.0,0.0,0.0,0.0,0.0,0.0,0.42857142857142855,0.0,0.4,1.0,1.0,0.14285714285714285,0.0,0.2,0.0,0.0,0.7142857142857143,0.0,1.0,0.0,0.0,0.7142857142857143,0.0,0.0,5.0,5.0,0.42857142857142855,0.0,0.0,3.0,3.0,0.0,0.0,0.0,0.0,0.0,0.7142857142857143,0.0,0.0,5.0,5.0,0.0,0.0,0.0,0.0,0.0,0.0,0.0,0.0,0.0,0.0,0.0,0.0,0.0,0.0,0.0,0.0,0.0,0.0,0.0,0.0,1.0,0.0,1.4,0.0,0.0,0.2857142857142857,0.0,0.2,1.0,1.0,0.0,0.0,0.0,0.0,0.0,0.0,0.0,0.0,0.0,0.0,0.0,0.0,0.0,0.0,0.0,0.0,0.0,0.0,0.0,0.0,0.0,0.0,0.0,0.0,0.0,0.0,0.0,0.0,0.0,0.0,0.0,0.0,0.0,0.0,0.0,0.0,0.0,0.0,0.0,0.0,0.2857142857142857,0.0,0.0,2.0,2.0,0.0,0.0,0.0,0.0,0.0,0.0,0.0,0.0,0.0,0.0,0.0,0.0,0.0,0.0,0.0,0.0,0.0,0.0,0.0,0.0,0.0,0.0,0.0,0.0,0.0,0.0,0.0,0.0,0.0,0.0,0.0,0.0,0.0,0.0,0.0,0.0,0.0,0.0,0.0,0.0,0.0,0.0,0.0,0.0,0.0,0.0,0.0,0.0,0.0,0.0,0.0,0.0,0.0,0.0,0.0,0.0,0.0,0.0,0.0,0.0,0.0,0.0,0.0,0.0,0.0,2,0,True,False
2021_04_23_MND_S7,2021MND,0.5714285714285714,0.0,0.8,0.0,0.0,0.0,0.0,0.0,0.0,0.0,0.0,0.0,0.0,0.0,0.0,5.428571428571429,0.0,7.2,2.0,2.0,1.0,0.0,1.4,0.0,0.0,0.0,0.0,0.0,0.0,0.0,0.7142857142857143,1.0,0.4,2.0,1.0,0.0,0.0,0.0,0.0,0.0,0.5714285714285714,0.0,0.8,0.0,0.0,0.5714285714285714,0.0,0.8,0.0,0.0,0.14285714285714285,0.0,0.2,0.0,0.0,2.2857142857142856,9.0,1.4,0.0,-9.0,0.7142857142857143,0.0,1.0,0.0,0.0,0.14285714285714285,0.0,0.0,1.0,1.0,2.5714285714285716,9.0,1.8,0.0,-9.0,1.1428571428571428,0.0,1.4,1.0,1.0,0.0,0.0,0.0,0.0,0.0,0.2857142857142857,0.0,0.4,0.0,0.0,0.0,0.0,0.0,0.0,0.0,0.2857142857142857,0.0,0.2,1.0,1.0,0.14285714285714285,0.0,0.2,0.0,0.0,0.2857142857142857,0.0,0.4,0.0,0.0,0.42857142857142855,0.0,0.6,0.0,0.0,0.0,0.0,0.0,0.0,0.0,0.0,0.0,0.0,0.0,0.0,0.2857142857142857,0.0,0.4,0.0,0.0,0.14285714285714285,0.0,0.2,0.0,0.0,0.5714285714285714,0.0,0.8,0.0,0.0,0.2857142857142857,1.0,0.2,0.0,-1.0,0.0,0.0,0.0,0.0,0.0,0.0,0.0,0.0,0.0,0.0,0.0,0.0,0.0,0.0,0.0,0.0,0.0,0.0,0.0,0.0,0.0,0.0,0.0,0.0,0.0,0.0,0.0,0.0,0.0,0.0,0.14285714285714285,0.0,0.2,0.0,0.0,0.14285714285714285,0.0,0.2,0.0,0.0,0.14285714285714285,0.0,0.2,0.0,0.0,0.8571428571428571,1.0,0.2,4.0,3.0,0.14285714285714285,0.0,0.2,0.0,0.0,0.0,0.0,0.0,0.0,0.0,0.2857142857142857,1.0,0.0,1.0,0.0,0.0,0.0,0.0,0.0,0.0,0.14285714285714285,0.0,0.2,0.0,0.0,0.0,0.0,0.0,0.0,0.0,0.0,0.0,0.0,0.0,0.0,1.1428571428571428,0.0,1.4,1.0,1.0,1.0,0.0,0.4,5.0,5.0,0.0,0.0,0.0,0.0,0.0,0.0,0.0,0.0,0.0,0.0,0.14285714285714285,0.0,0.2,0.0,0.0,0.14285714285714285,0.0,0.2,0.0,0.0,0.2857142857142857,0.0,0.4,0.0,0.0,0.0,0.0,0.0,0.0,0.0,0.2857142857142857,0.0,0.4,0.0,0.0,0.0,0.0,0.0,0.0,0.0,0.0,0.0,0.0,0.0,0.0,0.0,0.0,0.0,0.0,0.0,0.0,0.0,0.0,0.0,0.0,0.0,0.0,0.0,0.0,0.0,0.0,0.0,0.0,0.0,0.0,0.0,0.0,0.0,0.0,0.0,0.0,0.0,0.0,0.0,0.0,0.0,0.0,0.0,0.0,0.0,0.0,0.0,0.0,0.0,0.0,0.0,0.0,0.0,0.0,0.0,0.0,0.0,0.0,0.0,0.0,0.0,0.0,0.0,0.0,0.0,0.0,0.0,0.0,0.0,0.0,0.0,0.0,0.0,0.0,0.0,1,0,True,False
2021_04_23_MND_S8,2021MND,3.0,3.0,3.6,0.0,-3.0,3.7142857142857144,3.0,4.6,0.0,-3.0,0.0,0.0,0.0,0.0,0.0,5.714285714285714,8.0,6.4,0.0,-8.0,1.4285714285714286,2.0,1.4,1.0,-1.0,0.8571428571428571,0.0,1.2,0.0,0.0,1.4285714285714286,3.0,1.0,2.0,-1.0,0.14285714285714285,0.0,0.2,0.0,0.0,2.5714285714285716,0.0,2.4,6.0,6.0,0.8571428571428571,2.0,0.8,0.0,-2.0,0.0,0.0,0.0,0.0,0.0,3.142857142857143,1.0,2.8,7.0,6.0,0.42857142857142855,0.0,0.6,0.0,0.0,0.2857142857142857,0.0,0.2,1.0,1.0,3.2857142857142856,2.0,2.6,8.0,6.0,1.2857142857142858,0.0,1.8,0.0,0.0,0.0,0.0,0.0,0.0,0.0,0.42857142857142855,0.0,0.6,0.0,0.0,0.0,0.0,0.0,0.0,0.0,0.5714285714285714,0.0,0.4,2.0,2.0,0.2857142857142857,0.0,0.4,0.0,0.0,0.2857142857142857,0.0,0.4,0.0,0.0,0.2857142857142857,0.0,0.4,0.0,0.0,0.2857142857142857,1.0,0.2,0.0,-1.0,0.42857142857142855,0.0,0.6,0.0,0.0,0.8571428571428571,2.0,0.8,0.0,-2.0,0.5714285714285714,0.0,0.8,0.0,0.0,0.42857142857142855,1.0,0.4,0.0,-1.0,0.0,0.0,0.0,0.0,0.0,0.0,0.0,0.0,0.0,0.0,0.0,0.0,0.0,0.0,0.0,0.14285714285714285,0.0,0.2,0.0,0.0,0.14285714285714285,1.0,0.0,0.0,-1.0,0.2857142857142857,0.0,0.4,0.0,0.0,0.0,0.0,0.0,0.0,0.0,0.8571428571428571,2.0,0.8,0.0,-2.0,0.0,0.0,0.0,0.0,0.0,0.0,0.0,0.0,0.0,0.0,0.42857142857142855,1.0,0.4,0.0,-1.0,0.7142857142857143,0.0,1.0,0.0,0.0,0.42857142857142855,0.0,0.6,0.0,0.0,0.14285714285714285,0.0,0.2,0.0,0.0,0.0,0.0,0.0,0.0,0.0,0.5714285714285714,2.0,0.4,0.0,-2.0,0.5714285714285714,0.0,0.8,0.0,0.0,0.0,0.0,0.0,0.0,0.0,0.7142857142857143,2.0,0.6,0.0,-2.0,0.0,0.0,0.0,0.0,0.0,0.14285714285714285,1.0,0.0,0.0,-1.0,0.14285714285714285,0.0,0.2,0.0,0.0,0.0,0.0,0.0,0.0,0.0,0.2857142857142857,0.0,0.4,0.0,0.0,0.0,0.0,0.0,0.0,0.0,0.0,0.0,0.0,0.0,0.0,0.0,0.0,0.0,0.0,0.0,0.0,0.0,0.0,0.0,0.0,0.0,0.0,0.0,0.0,0.0,0.0,0.0,0.0,0.0,0.0,0.0,0.0,0.0,0.0,0.0,0.0,0.0,0.0,0.0,0.0,0.0,0.0,0.0,0.0,0.0,0.0,0.0,0.0,0.0,0.0,0.0,0.0,0.0,0.0,0.0,0.0,0.0,0.0,0.0,0.0,0.0,0.0,0.0,0.0,0.0,0.0,0.0,0.0,0.0,0.0,0.0,0.0,0.0,0.0,0.0,0.0,0.0,0.0,0.0,0.0,0.0,0.0,0.0,0.0,0.0,0.0,0.0,0.0,0.0,0.0,0,0,False,False
2021_04_23_MND_S9,2021MND,3.2857142857142856,2.0,4.2,0.0,-2.0,7.285714285714286,15.0,7.2,0.0,-15.0,0.2857142857142857,0.0,0.4,0.0,0.0,1.8571428571428572,0.0,2.4,1.0,1.0,0.42857142857142855,0.0,0.6,0.0,0.0,0.14285714285714285,0.0,0.2,0.0,0.0,0.5714285714285714,0.0,0.4,2.0,2.0,0.0,0.0,0.0,0.0,0.0,1.0,2.0,0.4,3.0,1.0,2.0,3.0,2.2,0.0,-3.0,0.0,0.0,0.0,0.0,0.0,8.142857142857142,7.0,7.8,11.0,4.0,0.2857142857142857,0.0,0.2,1.0,1.0,0.0,0.0,0.0,0.0,0.0,6.142857142857143,6.0,5.2,11.0,5.0,0.8571428571428571,0.0,1.2,0.0,0.0,0.0,0.0,0.0,0.0,0.0,0.42857142857142855,2.0,0.2,0.0,-2.0,0.0,0.0,0.0,0.0,0.0,1.1428571428571428,3.0,0.4,3.0,0.0,0.0,0.0,0.0,0.0,0.0,1.5714285714285714,1.0,2.0,0.0,-1.0,0.5714285714285714,0.0,0.8,0.0,0.0,0.14285714285714285,0.0,0.2,0.0,0.0,0.5714285714285714,0.0,0.6,1.0,1.0,1.0,2.0,1.0,0.0,-2.0,0.5714285714285714,0.0,0.8,0.0,0.0,2.4285714285714284,3.0,2.6,1.0,-2.0,0.14285714285714285,0.0,0.2,0.0,0.0,0.0,0.0,0.0,0.0,0.0,0.14285714285714285,0.0,0.2,0.0,0.0,0.14285714285714285,0.0,0.2,0.0,0.0,0.14285714285714285,1.0,0.0,0.0,-1.0,0.0,0.0,0.0,0.0,0.0,0.42857142857142855,1.0,0.4,0.0,-1.0,0.8571428571428571,1.0,1.0,0.0,-1.0,0.0,0.0,0.0,0.0,0.0,0.2857142857142857,0.0,0.4,0.0,0.0,0.7142857142857143,0.0,1.0,0.0,0.0,0.14285714285714285,0.0,0.0,1.0,1.0,0.14285714285714285,0.0,0.2,0.0,0.0,0.0,0.0,0.0,0.0,0.0,0.0,0.0,0.0,0.0,0.0,0.0,0.0,0.0,0.0,0.0,0.0,0.0,0.0,0.0,0.0,0.0,0.0,0.0,0.0,0.0,1.1428571428571428,5.0,0.6,0.0,-5.0,0.0,0.0,0.0,0.0,0.0,0.14285714285714285,0.0,0.2,0.0,0.0,0.0,0.0,0.0,0.0,0.0,0.14285714285714285,0.0,0.2,0.0,0.0,0.0,0.0,0.0,0.0,0.0,0.2857142857142857,0.0,0.4,0.0,0.0,0.0,0.0,0.0,0.0,0.0,0.14285714285714285,0.0,0.2,0.0,0.0,0.0,0.0,0.0,0.0,0.0,0.0,0.0,0.0,0.0,0.0,0.0,0.0,0.0,0.0,0.0,0.0,0.0,0.0,0.0,0.0,0.0,0.0,0.0,0.0,0.0,0.0,0.0,0.0,0.0,0.0,0.0,0.0,0.0,0.0,0.0,0.0,0.0,0.0,0.0,0.0,0.0,0.0,0.0,0.0,0.0,0.2857142857142857,0.0,0.4,0.0,0.0,0.0,0.0,0.0,0.0,0.0,0.0,0.0,0.0,0.0,0.0,0.0,0.0,0.0,0.0,0.0,0.0,0.0,0.0,0.0,0.0,0.0,0.0,0.0,0.0,0.0,2,0,True,False
2021_06_10_SLU_S1,2021SLU,1.875,0.0,2.3333333333333335,1.0,1.0,4.625,0.0,5.333333333333333,5.0,5.0,0.0,0.0,0.0,0.0,0.0,4.0,0.0,2.6666666666666665,16.0,16.0,1.875,0.0,1.8333333333333333,4.0,4.0,0.5,0.0,0.5,1.0,1.0,2.875,8.0,1.5,6.0,-2.0,0.125,0.0,0.16666666666666666,0.0,0.0,2.25,9.0,1.5,0.0,-9.0,0.75,0.0,1.0,0.0,0.0,0.125,0.0,0.16666666666666666,0.0,0.0,4.875,10.0,4.166666666666667,4.0,-6.0,0.375,0.0,0.5,0.0,0.0,0.375,1.0,0.3333333333333333,0.0,-1.0,5.0,10.0,4.5,3.0,-7.0,0.875,0.0,1.0,1.0,1.0,0.0,0.0,0.0,0.0,0.0,0.25,0.0,0.16666666666666666,1.0,1.0,0.25,1.0,0.0,1.0,0.0,1.375,1.0,1.1666666666666667,3.0,2.0,0.375,0.0,0.0,3.0,3.0,0.0,0.0,0.0,0.0,0.0,0.5,0.0,0.3333333333333333,2.0,2.0,0.25,0.0,0.3333333333333333,0.0,0.0,6.25,0.0,8.166666666666666,1.0,1.0,1.0,0.0,1.1666666666666667,1.0,1.0,0.25,0.0,0.3333333333333333,0.0,0.0,1.625,0.0,1.8333333333333333,2.0,2.0,0.125,0.0,0.0,1.0,1.0,0.0,0.0,0.0,0.0,0.0,0.0,0.0,0.0,0.0,0.0,0.5,0.0,0.6666666666666666,0.0,0.0,0.0,0.0,0.0,0.0,0.0,0.375,0.0,0.5,0.0,0.0,0.0,0.0,0.0,0.0,0.0,0.625,0.0,0.6666666666666666,1.0,1.0,0.0,0.0,0.0,0.0,0.0,0.625,0.0,0.8333333333333334,0.0,0.0,1.0,0.0,0.5,5.0,5.0,0.5,2.0,0.16666666666666666,1.0,-1.0,0.375,0.0,0.3333333333333333,1.0,1.0,0.125,0.0,0.16666666666666666,0.0,0.0,0.125,0.0,0.0,1.0,1.0,0.25,2.0,0.0,0.0,-2.0,0.0,0.0,0.0,0.0,0.0,0.125,0.0,0.0,1.0,1.0,0.125,0.0,0.16666666666666666,0.0,0.0,0.125,0.0,0.16666666666666666,0.0,0.0,0.25,1.0,0.16666666666666666,0.0,-1.0,0.0,0.0,0.0,0.0,0.0,0.0,0.0,0.0,0.0,0.0,0.0,0.0,0.0,0.0,0.0,0.0,0.0,0.0,0.0,0.0,0.0,0.0,0.0,0.0,0.0,0.375,2.0,0.16666666666666666,0.0,-2.0,0.0,0.0,0.0,0.0,0.0,0.125,0.0,0.0,1.0,1.0,0.0,0.0,0.0,0.0,0.0,0.0,0.0,0.0,0.0,0.0,0.0,0.0,0.0,0.0,0.0,0.0,0.0,0.0,0.0,0.0,0.125,0.0,0.0,1.0,1.0,0.0,0.0,0.0,0.0,0.0,0.0,0.0,0.0,0.0,0.0,0.0,0.0,0.0,0.0,0.0,0.0,0.0,0.0,0.0,0.0,0.0,0.0,0.0,0.0,0.0,0.0,0.0,0.0,0.0,0.0,0.0,0.0,0.0,0.0,0.0,0.0,0.0,0.0,0.0,0.0,3,1,True,True
2021_06_10_SLU_S2,2021SLU,2.6666666666666665,0.0,3.4285714285714284,0.0,0.0,2.2222222222222223,0.0,2.857142857142857,0.0,0.0,0.0,0.0,0.0,0.0,0.0,4.222222222222222,0.0,5.428571428571429,0.0,0.0,2.111111111111111,1.0,2.5714285714285716,0.0,-1.0,0.1111111111111111,0.0,0.14285714285714285,0.0,0.0,1.3333333333333333,4.0,1.0,1.0,-3.0,0.1111111111111111,0.0,0.14285714285714285,0.0,0.0,1.7777777777777777,9.0,0.8571428571428571,1.0,-8.0,0.8888888888888888,0.0,1.1428571428571428,0.0,0.0,0.1111111111111111,0.0,0.14285714285714285,0.0,0.0,5.111111111111111,9.0,5.285714285714286,0.0,-9.0,0.5555555555555556,0.0,0.7142857142857143,0.0,0.0,0.1111111111111111,1.0,0.0,0.0,-1.0,4.888888888888889,9.0,5.0,0.0,-9.0,1.2222222222222223,0.0,1.5714285714285714,0.0,0.0,0.0,0.0,0.0,0.0,0.0,0.4444444444444444,0.0,0.5714285714285714,0.0,0.0,0.0,0.0,0.0,0.0,0.0,0.3333333333333333,1.0,0.14285714285714285,1.0,0.0,0.2222222222222222,0.0,0.2857142857142857,0.0,0.0,0.1111111111111111,0.0,0.14285714285714285,0.0,0.0,0.2222222222222222,0.0,0.2857142857142857,0.0,0.0,0.2222222222222222,0.0,0.2857142857142857,0.0,0.0,0.2222222222222222,0.0,0.2857142857142857,0.0,0.0,0.6666666666666666,0.0,0.5714285714285714,2.0,2.0,0.1111111111111111,0.0,0.14285714285714285,0.0,0.0,1.2222222222222223,1.0,1.2857142857142858,1.0,0.0,0.0,0.0,0.0,0.0,0.0,0.1111111111111111,0.0,0.14285714285714285,0.0,0.0,0.0,0.0,0.0,0.0,0.0,0.3333333333333333,0.0,0.42857142857142855,0.0,0.0,0.3333333333333333,0.0,0.42857142857142855,0.0,0.0,0.1111111111111111,0.0,0.14285714285714285,0.0,0.0,0.1111111111111111,0.0,0.14285714285714285,0.0,0.0,0.5555555555555556,0.0,0.7142857142857143,0.0,0.0,0.0,0.0,0.0,0.0,0.0,0.2222222222222222,0.0,0.2857142857142857,0.0,0.0,0.2222222222222222,0.0,0.2857142857142857,0.0,0.0,0.2222222222222222,1.0,0.14285714285714285,0.0,-1.0,0.0,0.0,0.0,0.0,0.0,0.2222222222222222,1.0,0.14285714285714285,0.0,-1.0,0.1111111111111111,0.0,0.14285714285714285,0.0,0.0,0.3333333333333333,1.0,0.2857142857142857,0.0,-1.0,0.4444444444444444,0.0,0.5714285714285714,0.0,0.0,0.0,0.0,0.0,0.0,0.0,0.2222222222222222,0.0,0.2857142857142857,0.0,0.0,0.3333333333333333,0.0,0.42857142857142855,0.0,0.0,0.2222222222222222,0.0,0.2857142857142857,0.0,0.0,0.0,0.0,0.0,0.0,0.0,0.1111111111111111,0.0,0.14285714285714285,0.0,0.0,0.6666666666666666,0.0,0.8571428571428571,0.0,0.0,0.0,0.0,0.0,0.0,0.0,0.4444444444444444,0.0,0.5714285714285714,0.0,0.0,0.2222222222222222,0.0,0.2857142857142857,0.0,0.0,0.0,0.0,0.0,0.0,0.0,0.1111111111111111,0.0,0.14285714285714285,0.0,0.0,0.0,0.0,0.0,0.0,0.0,0.2222222222222222,0.0,0.2857142857142857,0.0,0.0,0.0,0.0,0.0,0.0,0.0,0.0,0.0,0.0,0.0,0.0,0.0,0.0,0.0,0.0,0.0,0.0,0.0,0.0,0.0,0.0,0.0,0.0,0.0,0.0,0.0,0.1111111111111111,0.0,0.14285714285714285,0.0,0.0,0.0,0.0,0.0,0.0,0.0,0.0,0.0,0.0,0.0,0.0,0.0,0.0,0.0,0.0,0.0,0.0,0.0,0.0,0.0,0.0,0.0,0.0,0.0,0.0,0.0,2,1,True,True
2021_06_10_SLU_S3,2021SLU,1.5555555555555556,0.0,2.0,0.0,0.0,1.2222222222222223,0.0,1.5714285714285714,0.0,0.0,0.0,0.0,0.0,0.0,0.0,7.111111111111111,0.0,9.142857142857142,0.0,0.0,1.1111111111111112,0.0,1.4285714285714286,0.0,0.0,0.4444444444444444,0.0,0.5714285714285714,0.0,0.0,1.6666666666666667,5.0,1.2857142857142858,1.0,-4.0,1.0,8.0,0.14285714285714285,0.0,-8.0,1.5555555555555556,2.0,1.5714285714285714,1.0,-1.0,1.4444444444444444,0.0,1.8571428571428572,0.0,0.0,0.0,0.0,0.0,0.0,0.0,2.111111111111111,12.0,1.0,0.0,-12.0,0.1111111111111111,0.0,0.14285714285714285,0.0,0.0,0.2222222222222222,0.0,0.2857142857142857,0.0,0.0,2.5555555555555554,12.0,1.5714285714285714,0.0,-12.0,1.1111111111111112,0.0,1.4285714285714286,0.0,0.0,0.0,0.0,0.0,0.0,0.0,0.3333333333333333,1.0,0.2857142857142857,0.0,-1.0,0.0,0.0,0.0,0.0,0.0,1.0,1.0,1.1428571428571428,0.0,-1.0,0.0,0.0,0.0,0.0,0.0,0.2222222222222222,0.0,0.2857142857142857,0.0,0.0,0.2222222222222222,0.0,0.2857142857142857,0.0,0.0,0.2222222222222222,0.0,0.2857142857142857,0.0,0.0,3.111111111111111,0.0,4.0,0.0,0.0,0.1111111111111111,0.0,0.14285714285714285,0.0,0.0,0.1111111111111111,0.0,0.14285714285714285,0.0,0.0,0.3333333333333333,0.0,0.42857142857142855,0.0,0.0,0.0,0.0,0.0,0.0,0.0,0.1111111111111111,0.0,0.14285714285714285,0.0,0.0,0.0,0.0,0.0,0.0,0.0,0.2222222222222222,0.0,0.2857142857142857,0.0,0.0,0.0,0.0,0.0,0.0,0.0,0.1111111111111111,0.0,0.14285714285714285,0.0,0.0,0.1111111111111111,0.0,0.14285714285714285,0.0,0.0,0.5555555555555556,0.0,0.7142857142857143,0.0,0.0,0.0,0.0,0.0,0.0,0.0,0.1111111111111111,0.0,0.14285714285714285,0.0,0.0,0.3333333333333333,0.0,0.42857142857142855,0.0,0.0,0.0,0.0,0.0,0.0,0.0,0.1111111111111111,0.0,0.14285714285714285,0.0,0.0,0.0,0.0,0.0,0.0,0.0,0.1111111111111111,0.0,0.14285714285714285,0.0,0.0,0.0,0.0,0.0,0.0,0.0,0.0,0.0,0.0,0.0,0.0,0.0,0.0,0.0,0.0,0.0,0.2222222222222222,0.0,0.2857142857142857,0.0,0.0,0.2222222222222222,0.0,0.2857142857142857,0.0,0.0,0.2222222222222222,0.0,0.2857142857142857,0.0,0.0,0.3333333333333333,0.0,0.42857142857142855,0.0,0.0,0.2222222222222222,0.0,0.2857142857142857,0.0,0.0,0.0,0.0,0.0,0.0,0.0,0.0,0.0,0.0,0.0,0.0,0.0,0.0,0.0,0.0,0.0,0.0,0.0,0.0,0.0,0.0,0.0,0.0,0.0,0.0,0.0,0.3333333333333333,0.0,0.42857142857142855,0.0,0.0,0.0,0.0,0.0,0.0,0.0,0.0,0.0,0.0,0.0,0.0,0.1111111111111111,0.0,0.14285714285714285,0.0,0.0,0.3333333333333333,0.0,0.42857142857142855,0.0,0.0,0.0,0.0,0.0,0.0,0.0,0.0,0.0,0.0,0.0,0.0,0.0,0.0,0.0,0.0,0.0,0.0,0.0,0.0,0.0,0.0,0.0,0.0,0.0,0.0,0.0,0.0,0.0,0.0,0.0,0.0,0.0,0.0,0.0,0.0,0.0,0.0,0.0,0.0,0.0,0.0,0.0,0.0,0.0,0.0,0.0,1,0,True,False
2021_06_10_SLU_S4,2021SLU,2.5714285714285716,0.0,3.6,0.0,0.0,1.2857142857142858,0.0,1.8,0.0,0.0,0.2857142857142857,0.0,0.4,0.0,0.0,6.285714285714286,1.0,6.6,10.0,9.0,2.2857142857142856,0.0,2.4,4.0,4.0,0.0,0.0,0.0,0.0,0.0,1.7142857142857142,8.0,0.6,1.0,-7.0,0.7142857142857143,0.0,1.0,0.0,0.0,3.142857142857143,13.0,1.8,0.0,-13.0,1.5714285714285714,0.0,2.2,0.0,0.0,0.0,0.0,0.0,0.0,0.0,7.428571428571429,13.0,7.8,0.0,-13.0,0.2857142857142857,1.0,0.0,1.0,0.0,0.14285714285714285,0.0,0.2,0.0,0.0,6.0,13.0,5.0,4.0,-9.0,1.8571428571428572,0.0,1.6,5.0,5.0,0.0,0.0,0.0,0.0,0.0,0.0,0.0,0.0,0.0,0.0,0.2857142857142857,2.0,0.0,0.0,-2.0,2.142857142857143,7.0,1.6,0.0,-7.0,1.0,0.0,1.4,0.0,0.0,0.5714285714285714,0.0,0.6,1.0,1.0,0.14285714285714285,0.0,0.2,0.0,0.0,0.0,0.0,0.0,0.0,0.0,0.0,0.0,0.0,0.0,0.0,1.7142857142857142,1.0,1.8,2.0,1.0,0.5714285714285714,0.0,0.8,0.0,0.0,0.42857142857142855,0.0,0.6,0.0,0.0,0.0,0.0,0.0,0.0,0.0,0.0,0.0,0.0,0.0,0.0,0.0,0.0,0.0,0.0,0.0,0.14285714285714285,0.0,0.2,0.0,0.0,0.0,0.0,0.0,0.0,0.0,0.42857142857142855,0.0,0.6,0.0,0.0,0.14285714285714285,0.0,0.2,0.0,0.0,0.5714285714285714,0.0,0.8,0.0,0.0,0.14285714285714285,0.0,0.2,0.0,0.0,0.0,0.0,0.0,0.0,0.0,0.5714285714285714,3.0,0.2,0.0,-3.0,0.42857142857142855,1.0,0.4,0.0,-1.0,1.1428571428571428,0.0,1.6,0.0,0.0,0.2857142857142857,2.0,0.0,0.0,-2.0,0.0,0.0,0.0,0.0,0.0,0.5714285714285714,0.0,0.8,0.0,0.0,0.14285714285714285,0.0,0.2,0.0,0.0,0.0,0.0,0.0,0.0,0.0,0.5714285714285714,0.0,0.8,0.0,0.0,0.42857142857142855,1.0,0.2,1.0,0.0,0.0,0.0,0.0,0.0,0.0,0.0,0.0,0.0,0.0,0.0,0.0,0.0,0.0,0.0,0.0,0.0,0.0,0.0,0.0,0.0,0.0,0.0,0.0,0.0,0.0,0.0,0.0,0.0,0.0,0.0,0.5714285714285714,0.0,0.8,0.0,0.0,0.0,0.0,0.0,0.0,0.0,0.14285714285714285,0.0,0.2,0.0,0.0,0.0,0.0,0.0,0.0,0.0,0.0,0.0,0.0,0.0,0.0,0.14285714285714285,0.0,0.2,0.0,0.0,0.14285714285714285,0.0,0.2,0.0,0.0,0.0,0.0,0.0,0.0,0.0,0.0,0.0,0.0,0.0,0.0,0.0,0.0,0.0,0.0,0.0,0.0,0.0,0.0,0.0,0.0,0.0,0.0,0.0,0.0,0.0,0.0,0.0,0.0,0.0,0.0,0.0,0.0,0.0,0.0,0.0,0.0,0.0,0.0,0.0,0.0,0.0,0.0,0.0,0.0,0.0,2,2,True,True
2021_06_10_SLU_S5,2021SLU,2.142857142857143,0.0,2.6,2.0,2.0,2.142857142857143,0.0,2.8,1.0,1.0,0.0,0.0,0.0,0.0,0.0,4.857142857142857,1.0,4.0,13.0,12.0,1.7142857142857142,1.0,1.8,2.0,1.0,0.0,0.0,0.0,0.0,0.0,1.4285714285714286,4.0,0.8,2.0,-2.0,0.14285714285714285,0.0,0.2,0.0,0.0,2.2857142857142856,9.0,1.2,1.0,-8.0,1.5714285714285714,0.0,2.0,1.0,1.0,0.2857142857142857,0.0,0.2,1.0,1.0,4.428571428571429,9.0,4.4,0.0,-9.0,0.5714285714285714,1.0,0.4,1.0,0.0,0.0,0.0,0.0,0.0,0.0,4.857142857142857,9.0,4.6,2.0,-7.0,0.8571428571428571,0.0,1.0,1.0,1.0,0.0,0.0,0.0,0.0,0.0,0.42857142857142855,0.0,0.6,0.0,0.0,0.0,0.0,0.0,0.0,0.0,0.2857142857142857,1.0,0.2,0.0,-1.0,0.42857142857142855,0.0,0.0,3.0,3.0,0.8571428571428571,1.0,1.0,0.0,-1.0,0.0,0.0,0.0,0.0,0.0,0.0,0.0,0.0,0.0,0.0,0.42857142857142855,0.0,0.6,0.0,0.0,0.5714285714285714,2.0,0.2,1.0,-1.0,0.2857142857142857,0.0,0.4,0.0,0.0,1.2857142857142858,3.0,1.0,1.0,-2.0,0.2857142857142857,0.0,0.4,0.0,0.0,0.0,0.0,0.0,0.0,0.0,0.0,0.0,0.0,0.0,0.0,0.42857142857142855,0.0,0.0,3.0,3.0,0.14285714285714285,0.0,0.2,0.0,0.0,0.14285714285714285,0.0,0.2,0.0,0.0,0.0,0.0,0.0,0.0,0.0,0.42857142857142855,0.0,0.6,0.0,0.0,0.0,0.0,0.0,0.0,0.0,0.5714285714285714,0.0,0.8,0.0,0.0,0.42857142857142855,0.0,0.4,1.0,1.0,0.14285714285714285,0.0,0.2,0.0,0.0,0.2857142857142857,0.0,0.2,1.0,1.0,0.0,0.0,0.0,0.0,0.0,0.14285714285714285,0.0,0.2,0.0,0.0,0.42857142857142855,0.0,0.6,0.0,0.0,0.42857142857142855,0.0,0.4,1.0,1.0,0.0,0.0,0.0,0.0,0.0,0.14285714285714285,0.0,0.0,1.0,1.0,0.5714285714285714,2.0,0.4,0.0,-2.0,0.0,0.0,0.0,0.0,0.0,0.0,0.0,0.0,0.0,0.0,0.14285714285714285,0.0,0.0,1.0,1.0,0.42857142857142855,0.0,0.4,1.0,1.0,0.0,0.0,0.0,0.0,0.0,0.14285714285714285,0.0,0.2,0.0,0.0,0.0,0.0,0.0,0.0,0.0,0.0,0.0,0.0,0.0,0.0,0.2857142857142857,0.0,0.4,0.0,0.0,0.0,0.0,0.0,0.0,0.0,0.0,0.0,0.0,0.0,0.0,0.0,0.0,0.0,0.0,0.0,0.0,0.0,0.0,0.0,0.0,0.0,0.0,0.0,0.0,0.0,0.0,0.0,0.0,0.0,0.0,0.0,0.0,0.0,0.0,0.0,0.0,0.0,0.0,0.0,0.0,0.0,0.0,0.0,0.0,0.0,0.0,0.0,0.0,0.0,0.0,0.0,0.0,0.0,0.0,0.0,0.0,0.0,0.0,0.0,0.0,0.0,0.0,0.0,0.0,0.0,2,1,True,True
2021_06_10_SLU_S6,2021SLU,2.7777777777777777,0.0,3.5714285714285716,0.0,0.0,2.888888888888889,0.0,3.7142857142857144,0.0,0.0,0.1111111111111111,0.0,0.14285714285714285,0.0,0.0,6.222222222222222,0.0,7.857142857142857,1.0,1.0,2.0,1.0,2.4285714285714284,0.0,-1.0,1.1111111111111112,0.0,1.4285714285714286,0.0,0.0,1.6666666666666667,5.0,1.2857142857142858,1.0,-4.0,0.8888888888888888,7.0,0.14285714285714285,0.0,-7.0,1.8888888888888888,5.0,1.7142857142857142,0.0,-5.0,1.0,0.0,1.2857142857142858,0.0,0.0,0.1111111111111111,0.0,0.14285714285714285,0.0,0.0,4.555555555555555,9.0,4.571428571428571,0.0,-9.0,0.3333333333333333,1.0,0.2857142857142857,0.0,-1.0,0.4444444444444444,1.0,0.42857142857142855,0.0,-1.0,5.222222222222222,11.0,5.0,1.0,-10.0,1.2222222222222223,0.0,1.5714285714285714,0.0,0.0,0.0,0.0,0.0,0.0,0.0,0.1111111111111111,0.0,0.14285714285714285,0.0,0.0,0.1111111111111111,1.0,0.0,0.0,-1.0,0.8888888888888888,0.0,1.1428571428571428,0.0,0.0,0.1111111111111111,0.0,0.14285714285714285,0.0,0.0,1.1111111111111112,1.0,1.2857142857142858,0.0,-1.0,0.5555555555555556,0.0,0.7142857142857143,0.0,0.0,0.3333333333333333,0.0,0.42857142857142855,0.0,0.0,0.8888888888888888,0.0,1.1428571428571428,0.0,0.0,0.5555555555555556,0.0,0.7142857142857143,0.0,0.0,0.0,0.0,0.0,0.0,0.0,1.2222222222222223,0.0,1.5714285714285714,0.0,0.0,0.0,0.0,0.0,0.0,0.0,0.1111111111111111,0.0,0.14285714285714285,0.0,0.0,0.2222222222222222,0.0,0.2857142857142857,0.0,0.0,0.4444444444444444,0.0,0.5714285714285714,0.0,0.0,0.0,0.0,0.0,0.0,0.0,0.2222222222222222,0.0,0.2857142857142857,0.0,0.0,0.1111111111111111,0.0,0.14285714285714285,0.0,0.0,0.5555555555555556,0.0,0.7142857142857143,0.0,0.0,0.1111111111111111,0.0,0.14285714285714285,0.0,0.0,0.5555555555555556,0.0,0.7142857142857143,0.0,0.0,0.6666666666666666,2.0,0.5714285714285714,0.0,-2.0,0.4444444444444444,0.0,0.5714285714285714,0.0,0.0,0.1111111111111111,0.0,0.14285714285714285,0.0,0.0,0.1111111111111111,1.0,0.0,0.0,-1.0,0.0,0.0,0.0,0.0,0.0,0.0,0.0,0.0,0.0,0.0,0.2222222222222222,1.0,0.14285714285714285,0.0,-1.0,0.1111111111111111,0.0,0.14285714285714285,0.0,0.0,0.1111111111111111,0.0,0.14285714285714285,0.0,0.0,0.1111111111111111,0.0,0.14285714285714285,0.0,0.0,0.0,0.0,0.0,0.0,0.0,0.1111111111111111,0.0,0.14285714285714285,0.0,0.0,0.1111111111111111,0.0,0.14285714285714285,0.0,0.0,0.3333333333333333,0.0,0.42857142857142855,0.0,0.0,0.0,0.0,0.0,0.0,0.0,0.0,0.0,0.0,0.0,0.0,0.0,0.0,0.0,0.0,0.0,0.0,0.0,0.0,0.0,0.0,0.0,0.0,0.0,0.0,0.0,0.0,0.0,0.0,0.0,0.0,0.0,0.0,0.0,0.0,0.0,0.0,0.0,0.0,0.0,0.0,0.0,0.0,0.0,0.0,0.0,0.0,0.0,0.0,0.0,0.0,0.0,0.0,0.0,0.0,0.0,0.0,0.0,0.0,0.0,0.0,0.0,0.0,0.0,0.0,0.0,0.0,0.0,0.0,0.0,0.0,0.0,0.0,0.0,0.0,0.0,0.0,0.0,0.0,0.0,0.0,0.0,0.0,0.0,0.0,0.0,0.0,0.0,0.0,0.0,0.0,2,0,True,False
2021_06_10_SLU_S7,2021SLU,1.75,0.0,2.3333333333333335,0.0,0.0,0.0,0.0,0.0,0.0,0.0,0.0,0.0,0.0,0.0,0.0,7.875,6.0,8.666666666666666,5.0,-1.0,0.875,0.0,0.5,4.0,4.0,0.0,0.0,0.0,0.0,0.0,1.75,6.0,0.5,5.0,-1.0,0.125,0.0,0.16666666666666666,0.0,0.0,0.625,0.0,0.6666666666666666,1.0,1.0,0.875,1.0,0.8333333333333334,1.0,0.0,0.125,0.0,0.16666666666666666,0.0,0.0,2.0,5.0,1.6666666666666667,1.0,-4.0,0.375,0.0,0.3333333333333333,1.0,1.0,0.0,0.0,0.0,0.0,0.0,2.75,5.0,2.6666666666666665,1.0,-4.0,0.75,0.0,0.6666666666666666,2.0,2.0,0.0,0.0,0.0,0.0,0.0,0.25,0.0,0.3333333333333333,0.0,0.0,0.0,0.0,0.0,0.0,0.0,0.25,0.0,0.16666666666666666,1.0,1.0,0.125,0.0,0.16666666666666666,0.0,0.0,0.5,0.0,0.6666666666666666,0.0,0.0,0.25,0.0,0.16666666666666666,1.0,1.0,0.0,0.0,0.0,0.0,0.0,0.0,0.0,0.0,0.0,0.0,0.75,2.0,0.5,1.0,-1.0,0.375,0.0,0.3333333333333333,1.0,1.0,0.125,0.0,0.16666666666666666,0.0,0.0,0.0,0.0,0.0,0.0,0.0,0.125,0.0,0.16666666666666666,0.0,0.0,0.0,0.0,0.0,0.0,0.0,0.0,0.0,0.0,0.0,0.0,0.0,0.0,0.0,0.0,0.0,0.0,0.0,0.0,0.0,0.0,0.125,0.0,0.16666666666666666,0.0,0.0,0.125,0.0,0.16666666666666666,0.0,0.0,0.25,0.0,0.16666666666666666,1.0,1.0,0.375,0.0,0.5,0.0,0.0,0.25,1.0,0.0,1.0,0.0,0.0,0.0,0.0,0.0,0.0,0.0,0.0,0.0,0.0,0.0,0.0,0.0,0.0,0.0,0.0,0.125,1.0,0.0,0.0,-1.0,0.0,0.0,0.0,0.0,0.0,0.0,0.0,0.0,0.0,0.0,0.0,0.0,0.0,0.0,0.0,0.625,0.0,0.8333333333333334,0.0,0.0,0.375,3.0,0.0,0.0,-3.0,0.25,1.0,0.16666666666666666,0.0,-1.0,0.0,0.0,0.0,0.0,0.0,0.0,0.0,0.0,0.0,0.0,0.25,1.0,0.16666666666666666,0.0,-1.0,0.0,0.0,0.0,0.0,0.0,0.0,0.0,0.0,0.0,0.0,0.125,0.0,0.16666666666666666,0.0,0.0,0.0,0.0,0.0,0.0,0.0,0.0,0.0,0.0,0.0,0.0,0.0,0.0,0.0,0.0,0.0,0.0,0.0,0.0,0.0,0.0,0.0,0.0,0.0,0.0,0.0,0.0,0.0,0.0,0.0,0.0,0.0,0.0,0.0,0.0,0.0,0.0,0.0,0.0,0.0,0.0,0.0,0.0,0.0,0.0,0.0,0.0,0.0,0.0,0.0,0.0,0.125,0.0,0.0,1.0,1.0,0.0,0.0,0.0,0.0,0.0,0.0,0.0,0.0,0.0,0.0,0.0,0.0,0.0,0.0,0.0,0.0,0.0,0.0,0.0,0.0,0,0,False,False
2021_06_11_SLU_S1,2021SLU,2.0,0.0,2.6666666666666665,0.0,0.0,3.125,0.0,4.166666666666667,0.0,0.0,0.0,0.0,0.0,0.0,0.0,9.625,0.0,9.166666666666666,22.0,22.0,1.625,0.0,2.1666666666666665,0.0,0.0,0.625,0.0,0.8333333333333334,0.0,0.0,2.125,6.0,1.8333333333333333,0.0,-6.0,0.125,0.0,0.16666666666666666,0.0,0.0,3.0,12.0,2.0,0.0,-12.0,1.125,0.0,1.5,0.0,0.0,0.0,0.0,0.0,0.0,0.0,4.125,13.0,3.0,2.0,-11.0,0.375,0.0,0.5,0.0,0.0,0.25,0.0,0.3333333333333333,0.0,0.0,4.625,12.0,4.166666666666667,0.0,-12.0,1.25,0.0,1.6666666666666667,0.0,0.0,0.0,0.0,0.0,0.0,0.0,0.25,0.0,0.3333333333333333,0.0,0.0,0.125,1.0,0.0,0.0,-1.0,0.375,0.0,0.5,0.0,0.0,0.25,0.0,0.3333333333333333,0.0,0.0,1.0,0.0,1.3333333333333333,0.0,0.0,0.75,0.0,1.0,0.0,0.0,0.375,0.0,0.5,0.0,0.0,8.75,0.0,1.8333333333333333,59.0,59.0,1.125,0.0,1.5,0.0,0.0,0.0,0.0,0.0,0.0,0.0,0.75,0.0,1.0,0.0,0.0,0.125,0.0,0.16666666666666666,0.0,0.0,0.0,0.0,0.0,0.0,0.0,0.0,0.0,0.0,0.0,0.0,0.125,0.0,0.16666666666666666,0.0,0.0,0.375,0.0,0.5,0.0,0.0,0.5,0.0,0.6666666666666666,0.0,0.0,0.125,0.0,0.16666666666666666,0.0,0.0,0.5,0.0,0.6666666666666666,0.0,0.0,0.125,0.0,0.16666666666666666,0.0,0.0,0.125,0.0,0.16666666666666666,0.0,0.0,0.0,0.0,0.0,0.0,0.0,0.125,0.0,0.16666666666666666,0.0,0.0,0.125,0.0,0.16666666666666666,0.0,0.0,0.0,0.0,0.0,0.0,0.0,0.0,0.0,0.0,0.0,0.0,0.25,0.0,0.3333333333333333,0.0,0.0,0.25,1.0,0.16666666666666666,0.0,-1.0,0.0,0.0,0.0,0.0,0.0,0.125,0.0,0.16666666666666666,0.0,0.0,0.375,0.0,0.5,0.0,0.0,0.375,2.0,0.16666666666666666,0.0,-2.0,0.0,0.0,0.0,0.0,0.0,0.25,0.0,0.3333333333333333,0.0,0.0,0.125,0.0,0.16666666666666666,0.0,0.0,0.0,0.0,0.0,0.0,0.0,0.0,0.0,0.0,0.0,0.0,0.375,1.0,0.3333333333333333,0.0,-1.0,0.0,0.0,0.0,0.0,0.0,0.25,0.0,0.3333333333333333,0.0,0.0,0.0,0.0,0.0,0.0,0.0,0.0,0.0,0.0,0.0,0.0,0.0,0.0,0.0,0.0,0.0,0.0,0.0,0.0,0.0,0.0,0.0,0.0,0.0,0.0,0.0,0.0,0.0,0.0,0.0,0.0,0.0,0.0,0.0,0.0,0.0,0.0,0.0,0.0,0.0,0.0,0.0,0.0,0.0,0.0,0.0,0.0,0.0,0.0,0.0,0.0,0.0,0.0,0.0,0.0,0.0,0.0,0.0,0.0,0.0,0.0,0.0,0.0,0.0,0.0,0.0,3,1,True,True
2021_06_11_SLU_S10,2021SLU,5.444444444444445,0.0,7.0,0.0,0.0,8.555555555555555,3.0,10.571428571428571,0.0,-3.0,0.4444444444444444,0.0,0.5714285714285714,0.0,0.0,4.444444444444445,1.0,5.571428571428571,0.0,-1.0,2.4444444444444446,0.0,3.142857142857143,0.0,0.0,0.3333333333333333,0.0,0.42857142857142855,0.0,0.0,1.1111111111111112,5.0,0.42857142857142855,2.0,-3.0,1.3333333333333333,7.0,0.7142857142857143,0.0,-7.0,0.3333333333333333,1.0,0.2857142857142857,0.0,-1.0,2.0,3.0,2.142857142857143,0.0,-3.0,0.0,0.0,0.0,0.0,0.0,6.111111111111111,11.0,6.285714285714286,0.0,-11.0,0.1111111111111111,0.0,0.14285714285714285,0.0,0.0,0.1111111111111111,0.0,0.14285714285714285,0.0,0.0,5.777777777777778,10.0,6.0,0.0,-10.0,0.6666666666666666,0.0,0.8571428571428571,0.0,0.0,0.0,0.0,0.0,0.0,0.0,0.1111111111111111,0.0,0.14285714285714285,0.0,0.0,0.0,0.0,0.0,0.0,0.0,1.5555555555555556,1.0,1.7142857142857142,1.0,0.0,0.0,0.0,0.0,0.0,0.0,0.4444444444444444,0.0,0.5714285714285714,0.0,0.0,1.0,0.0,1.2857142857142858,0.0,0.0,0.1111111111111111,0.0,0.14285714285714285,0.0,0.0,0.6666666666666666,0.0,0.8571428571428571,0.0,0.0,1.2222222222222223,2.0,1.2857142857142858,0.0,-2.0,0.4444444444444444,0.0,0.5714285714285714,0.0,0.0,1.5555555555555556,0.0,2.0,0.0,0.0,0.0,0.0,0.0,0.0,0.0,0.0,0.0,0.0,0.0,0.0,0.0,0.0,0.0,0.0,0.0,0.1111111111111111,0.0,0.14285714285714285,0.0,0.0,0.3333333333333333,1.0,0.2857142857142857,0.0,-1.0,0.0,0.0,0.0,0.0,0.0,0.0,0.0,0.0,0.0,0.0,1.2222222222222223,0.0,1.5714285714285714,0.0,0.0,0.0,0.0,0.0,0.0,0.0,0.4444444444444444,0.0,0.5714285714285714,0.0,0.0,0.7777777777777778,1.0,0.8571428571428571,0.0,-1.0,0.4444444444444444,0.0,0.42857142857142855,1.0,1.0,0.2222222222222222,0.0,0.2857142857142857,0.0,0.0,0.0,0.0,0.0,0.0,0.0,0.0,0.0,0.0,0.0,0.0,0.0,0.0,0.0,0.0,0.0,0.0,0.0,0.0,0.0,0.0,0.0,0.0,0.0,0.0,0.0,0.0,0.0,0.0,0.0,0.0,0.0,0.0,0.0,0.0,0.0,0.2222222222222222,0.0,0.2857142857142857,0.0,0.0,0.2222222222222222,0.0,0.2857142857142857,0.0,0.0,0.0,0.0,0.0,0.0,0.0,0.0,0.0,0.0,0.0,0.0,0.0,0.0,0.0,0.0,0.0,0.0,0.0,0.0,0.0,0.0,0.5555555555555556,0.0,0.7142857142857143,0.0,0.0,0.0,0.0,0.0,0.0,0.0,0.1111111111111111,0.0,0.14285714285714285,0.0,0.0,0.0,0.0,0.0,0.0,0.0,0.0,0.0,0.0,0.0,0.0,0.0,0.0,0.0,0.0,0.0,0.0,0.0,0.0,0.0,0.0,0.0,0.0,0.0,0.0,0.0,0.0,0.0,0.0,0.0,0.0,0.0,0.0,0.0,0.0,0.0,0.0,0.0,0.0,0.0,0.0,0.0,0.0,0.0,0.0,0.0,0.0,0.0,0.0,0.0,0.0,0.0,0.0,0.0,0.0,0.0,0.0,0.0,0.0,0.0,0.0,0.0,0.0,0.0,0.0,0.0,1,0,True,False
2021_06_11_SLU_S11,2021SLU,2.75,0.0,3.6666666666666665,0.0,0.0,4.75,0.0,6.333333333333333,0.0,0.0,0.625,0.0,0.8333333333333334,0.0,0.0,3.0,0.0,4.0,0.0,0.0,2.875,0.0,3.6666666666666665,1.0,1.0,0.25,0.0,0.3333333333333333,0.0,0.0,1.75,5.0,1.3333333333333333,1.0,-4.0,0.25,0.0,0.3333333333333333,0.0,0.0,3.375,11.0,2.6666666666666665,0.0,-11.0,1.0,0.0,1.3333333333333333,0.0,0.0,0.125,0.0,0.16666666666666666,0.0,0.0,6.25,11.0,5.333333333333333,7.0,-4.0,0.375,0.0,0.5,0.0,0.0,0.0,0.0,0.0,0.0,0.0,5.0,11.0,4.5,2.0,-9.0,1.125,0.0,1.5,0.0,0.0,0.0,0.0,0.0,0.0,0.0,0.75,1.0,0.8333333333333334,0.0,-1.0,0.25,0.0,0.3333333333333333,0.0,0.0,0.75,0.0,0.6666666666666666,2.0,2.0,0.0,0.0,0.0,0.0,0.0,0.625,0.0,0.6666666666666666,1.0,1.0,2.125,0.0,2.8333333333333335,0.0,0.0,0.0,0.0,0.0,0.0,0.0,1.25,0.0,1.0,4.0,4.0,1.375,0.0,1.3333333333333333,3.0,3.0,0.125,0.0,0.16666666666666666,0.0,0.0,0.75,0.0,0.6666666666666666,2.0,2.0,0.125,0.0,0.16666666666666666,0.0,0.0,0.0,0.0,0.0,0.0,0.0,0.0,0.0,0.0,0.0,0.0,0.0,0.0,0.0,0.0,0.0,0.125,0.0,0.16666666666666666,0.0,0.0,0.0,0.0,0.0,0.0,0.0,0.375,0.0,0.5,0.0,0.0,0.25,0.0,0.3333333333333333,0.0,0.0,0.25,0.0,0.3333333333333333,0.0,0.0,0.125,0.0,0.16666666666666666,0.0,0.0,1.25,1.0,0.6666666666666666,5.0,4.0,0.5,2.0,0.3333333333333333,0.0,-2.0,0.25,0.0,0.3333333333333333,0.0,0.0,0.125,0.0,0.0,1.0,1.0,0.0,0.0,0.0,0.0,0.0,0.25,0.0,0.3333333333333333,0.0,0.0,0.25,0.0,0.3333333333333333,0.0,0.0,0.125,0.0,0.16666666666666666,0.0,0.0,0.375,0.0,0.5,0.0,0.0,0.25,0.0,0.16666666666666666,1.0,1.0,0.25,1.0,0.16666666666666666,0.0,-1.0,0.0,0.0,0.0,0.0,0.0,0.125,0.0,0.16666666666666666,0.0,0.0,0.25,0.0,0.3333333333333333,0.0,0.0,0.0,0.0,0.0,0.0,0.0,0.0,0.0,0.0,0.0,0.0,0.0,0.0,0.0,0.0,0.0,0.125,0.0,0.16666666666666666,0.0,0.0,0.0,0.0,0.0,0.0,0.0,0.0,0.0,0.0,0.0,0.0,0.0,0.0,0.0,0.0,0.0,0.0,0.0,0.0,0.0,0.0,0.0,0.0,0.0,0.0,0.0,0.0,0.0,0.0,0.0,0.0,0.0,0.0,0.0,0.0,0.0,0.0,0.0,0.0,0.0,0.0,0.0,0.0,0.0,0.0,0.0,0.0,0.0,0.0,0.0,0.0,0.0,0.0,0.0,0.0,0.0,0.0,0.0,0.0,0.0,0.0,0.0,0.0,0.0,0.0,0.0,0.0,0.0,0.0,0.0,0.0,2,1,True,True
2021_06_11_SLU_S12,2021SLU,2.625,0.0,3.1666666666666665,2.0,2.0,5.875,1.0,5.666666666666667,12.0,11.0,0.0,0.0,0.0,0.0,0.0,6.0,2.0,7.0,4.0,2.0,2.125,0.0,2.8333333333333335,0.0,0.0,0.5,0.0,0.6666666666666666,0.0,0.0,2.375,3.0,1.3333333333333333,8.0,5.0,0.25,0.0,0.3333333333333333,0.0,0.0,2.25,2.0,2.3333333333333335,2.0,0.0,2.125,0.0,2.6666666666666665,1.0,1.0,0.0,0.0,0.0,0.0,0.0,3.0,7.0,2.6666666666666665,1.0,-6.0,0.5,1.0,0.5,0.0,-1.0,0.125,0.0,0.16666666666666666,0.0,0.0,6.375,7.0,6.5,5.0,-2.0,1.125,1.0,1.1666666666666667,1.0,0.0,0.0,0.0,0.0,0.0,0.0,0.25,0.0,0.3333333333333333,0.0,0.0,0.125,1.0,0.0,0.0,-1.0,0.75,1.0,0.8333333333333334,0.0,-1.0,0.125,0.0,0.16666666666666666,0.0,0.0,1.125,0.0,1.3333333333333333,1.0,1.0,0.875,0.0,1.1666666666666667,0.0,0.0,0.25,0.0,0.3333333333333333,0.0,0.0,0.5,0.0,0.6666666666666666,0.0,0.0,0.625,0.0,0.6666666666666666,1.0,1.0,0.25,0.0,0.3333333333333333,0.0,0.0,2.625,2.0,2.6666666666666665,3.0,1.0,0.25,0.0,0.3333333333333333,0.0,0.0,0.125,0.0,0.16666666666666666,0.0,0.0,0.375,0.0,0.5,0.0,0.0,0.125,0.0,0.16666666666666666,0.0,0.0,0.0,0.0,0.0,0.0,0.0,0.0,0.0,0.0,0.0,0.0,0.25,0.0,0.3333333333333333,0.0,0.0,0.25,0.0,0.3333333333333333,0.0,0.0,0.0,0.0,0.0,0.0,0.0,0.125,0.0,0.16666666666666666,0.0,0.0,0.25,1.0,0.0,1.0,0.0,0.125,0.0,0.16666666666666666,0.0,0.0,0.125,0.0,0.16666666666666666,0.0,0.0,0.25,0.0,0.3333333333333333,0.0,0.0,0.125,0.0,0.16666666666666666,0.0,0.0,0.0,0.0,0.0,0.0,0.0,0.125,0.0,0.16666666666666666,0.0,0.0,0.0,0.0,0.0,0.0,0.0,0.25,0.0,0.16666666666666666,1.0,1.0,0.375,1.0,0.3333333333333333,0.0,-1.0,0.125,1.0,0.0,0.0,-1.0,0.0,0.0,0.0,0.0,0.0,0.0,0.0,0.0,0.0,0.0,0.25,0.0,0.3333333333333333,0.0,0.0,0.0,0.0,0.0,0.0,0.0,0.125,0.0,0.16666666666666666,0.0,0.0,0.0,0.0,0.0,0.0,0.0,0.0,0.0,0.0,0.0,0.0,0.0,0.0,0.0,0.0,0.0,0.0,0.0,0.0,0.0,0.0,0.0,0.0,0.0,0.0,0.0,0.0,0.0,0.0,0.0,0.0,0.125,0.0,0.16666666666666666,0.0,0.0,0.0,0.0,0.0,0.0,0.0,0.125,0.0,0.0,1.0,1.0,0.0,0.0,0.0,0.0,0.0,0.0,0.0,0.0,0.0,0.0,0.0,0.0,0.0,0.0,0.0,0.0,0.0,0.0,0.0,0.0,0.0,0.0,0.0,0.0,0.0,0.0,0.0,0.0,0.0,0.0,0.0,0.0,0.0,0.0,0.0,1,0,True,False
2021_06_11_SLU_S13,2021SLU,3.375,0.0,4.333333333333333,1.0,1.0,6.5,0.0,8.666666666666666,0.0,0.0,0.0,0.0,0.0,0.0,0.0,2.125,0.0,2.5,2.0,2.0,2.0,1.0,2.0,3.0,2.0,0.375,0.0,0.3333333333333333,1.0,1.0,1.75,6.0,1.0,2.0,-4.0,0.25,0.0,0.3333333333333333,0.0,0.0,2.125,9.0,1.3333333333333333,0.0,-9.0,1.0,0.0,1.3333333333333333,0.0,0.0,0.125,1.0,0.0,0.0,-1.0,4.75,8.0,4.666666666666667,2.0,-6.0,0.75,0.0,1.0,0.0,0.0,0.375,0.0,0.5,0.0,0.0,4.25,8.0,4.166666666666667,1.0,-7.0,1.125,0.0,1.5,0.0,0.0,0.0,0.0,0.0,0.0,0.0,1.0,1.0,0.5,4.0,3.0,0.25,1.0,0.16666666666666666,0.0,-1.0,2.125,8.0,0.8333333333333334,4.0,-4.0,0.0,0.0,0.0,0.0,0.0,0.0,0.0,0.0,0.0,0.0,1.0,0.0,1.1666666666666667,1.0,1.0,0.25,0.0,0.3333333333333333,0.0,0.0,0.875,0.0,1.1666666666666667,0.0,0.0,0.875,1.0,1.0,0.0,-1.0,0.875,0.0,1.1666666666666667,0.0,0.0,1.375,0.0,1.6666666666666667,1.0,1.0,0.125,0.0,0.16666666666666666,0.0,0.0,0.0,0.0,0.0,0.0,0.0,0.0,0.0,0.0,0.0,0.0,0.125,0.0,0.16666666666666666,0.0,0.0,0.125,0.0,0.16666666666666666,0.0,0.0,0.75,0.0,1.0,0.0,0.0,0.0,0.0,0.0,0.0,0.0,1.125,0.0,1.3333333333333333,1.0,1.0,0.0,0.0,0.0,0.0,0.0,0.25,0.0,0.3333333333333333,0.0,0.0,0.5,2.0,0.0,2.0,0.0,0.5,0.0,0.6666666666666666,0.0,0.0,0.25,0.0,0.0,2.0,2.0,0.125,0.0,0.16666666666666666,0.0,0.0,0.125,1.0,0.0,0.0,-1.0,0.0,0.0,0.0,0.0,0.0,0.0,0.0,0.0,0.0,0.0,0.25,0.0,0.16666666666666666,1.0,1.0,0.875,4.0,0.5,0.0,-4.0,0.0,0.0,0.0,0.0,0.0,0.0,0.0,0.0,0.0,0.0,0.0,0.0,0.0,0.0,0.0,0.125,0.0,0.16666666666666666,0.0,0.0,0.125,0.0,0.16666666666666666,0.0,0.0,0.0,0.0,0.0,0.0,0.0,0.0,0.0,0.0,0.0,0.0,0.25,0.0,0.16666666666666666,1.0,1.0,0.0,0.0,0.0,0.0,0.0,0.0,0.0,0.0,0.0,0.0,0.0,0.0,0.0,0.0,0.0,0.0,0.0,0.0,0.0,0.0,0.0,0.0,0.0,0.0,0.0,0.0,0.0,0.0,0.0,0.0,0.0,0.0,0.0,0.0,0.0,0.0,0.0,0.0,0.0,0.0,0.0,0.0,0.0,0.0,0.0,0.0,0.0,0.0,0.0,0.0,0.0,0.0,0.0,0.0,0.0,0.0,0.0,0.0,0.0,0.0,0.0,0.0,0.0,0.0,0.0,0.0,0.0,0.0,0.0,0.0,0.0,0.0,0.0,0.0,0.0,2,0,True,False
2021_06_11_SLU_S2,2021SLU,0.7777777777777778,1.0,0.8571428571428571,0.0,-1.0,0.0,0.0,0.0,0.0,0.0,0.0,0.0,0.0,0.0,0.0,5.222222222222222,3.0,6.285714285714286,0.0,-3.0,1.2222222222222223,0.0,1.5714285714285714,0.0,0.0,0.0,0.0,0.0,0.0,0.0,1.3333333333333333,1.0,1.4285714285714286,1.0,0.0,1.0,9.0,0.0,0.0,-9.0,0.3333333333333333,0.0,0.42857142857142855,0.0,0.0,0.8888888888888888,1.0,1.0,0.0,-1.0,0.3333333333333333,1.0,0.2857142857142857,0.0,-1.0,2.4444444444444446,11.0,1.5714285714285714,0.0,-11.0,0.7777777777777778,0.0,1.0,0.0,0.0,0.1111111111111111,0.0,0.14285714285714285,0.0,0.0,3.111111111111111,11.0,2.4285714285714284,0.0,-11.0,0.8888888888888888,1.0,1.0,0.0,-1.0,0.0,0.0,0.0,0.0,0.0,0.2222222222222222,1.0,0.14285714285714285,0.0,-1.0,0.1111111111111111,0.0,0.0,1.0,1.0,0.4444444444444444,2.0,0.14285714285714285,1.0,-1.0,0.0,0.0,0.0,0.0,0.0,0.6666666666666666,0.0,0.8571428571428571,0.0,0.0,0.1111111111111111,0.0,0.14285714285714285,0.0,0.0,0.0,0.0,0.0,0.0,0.0,0.5555555555555556,0.0,0.7142857142857143,0.0,0.0,1.0,0.0,1.2857142857142858,0.0,0.0,0.0,0.0,0.0,0.0,0.0,0.3333333333333333,0.0,0.42857142857142855,0.0,0.0,0.0,0.0,0.0,0.0,0.0,0.0,0.0,0.0,0.0,0.0,0.0,0.0,0.0,0.0,0.0,0.1111111111111111,0.0,0.14285714285714285,0.0,0.0,0.0,0.0,0.0,0.0,0.0,0.1111111111111111,0.0,0.14285714285714285,0.0,0.0,0.0,0.0,0.0,0.0,0.0,0.5555555555555556,0.0,0.7142857142857143,0.0,0.0,0.0,0.0,0.0,0.0,0.0,0.2222222222222222,0.0,0.2857142857142857,0.0,0.0,0.2222222222222222,1.0,0.14285714285714285,0.0,-1.0,0.6666666666666666,0.0,0.8571428571428571,0.0,0.0,0.6666666666666666,0.0,0.8571428571428571,0.0,0.0,0.0,0.0,0.0,0.0,0.0,0.0,0.0,0.0,0.0,0.0,0.1111111111111111,1.0,0.0,0.0,-1.0,0.0,0.0,0.0,0.0,0.0,0.0,0.0,0.0,0.0,0.0,0.6666666666666666,0.0,0.8571428571428571,0.0,0.0,0.3333333333333333,0.0,0.42857142857142855,0.0,0.0,0.0,0.0,0.0,0.0,0.0,0.0,0.0,0.0,0.0,0.0,0.0,0.0,0.0,0.0,0.0,0.0,0.0,0.0,0.0,0.0,0.0,0.0,0.0,0.0,0.0,0.0,0.0,0.0,0.0,0.0,0.2222222222222222,0.0,0.2857142857142857,0.0,0.0,0.0,0.0,0.0,0.0,0.0,0.0,0.0,0.0,0.0,0.0,0.0,0.0,0.0,0.0,0.0,0.0,0.0,0.0,0.0,0.0,0.0,0.0,0.0,0.0,0.0,0.1111111111111111,0.0,0.14285714285714285,0.0,0.0,0.0,0.0,0.0,0.0,0.0,0.0,0.0,0.0,0.0,0.0,0.0,0.0,0.0,0.0,0.0,0.0,0.0,0.0,0.0,0.0,0.0,0.0,0.0,0.0,0.0,0.0,0.0,0.0,0.0,0.0,0.0,0.0,0.0,0.0,0.0,0.0,0.0,0.0,0.0,0.0,0.0,0.0,0.0,0.0,0.0,0,0,False,False
2021_06_11_SLU_S3,2021SLU,1.4444444444444444,0.0,1.8571428571428572,0.0,0.0,0.2222222222222222,0.0,0.2857142857142857,0.0,0.0,0.1111111111111111,0.0,0.14285714285714285,0.0,0.0,5.666666666666667,2.0,6.857142857142857,1.0,-1.0,1.1111111111111112,0.0,1.4285714285714286,0.0,0.0,0.0,0.0,0.0,0.0,0.0,0.4444444444444444,1.0,0.2857142857142857,1.0,0.0,0.0,0.0,0.0,0.0,0.0,0.1111111111111111,0.0,0.14285714285714285,0.0,0.0,0.4444444444444444,0.0,0.5714285714285714,0.0,0.0,0.1111111111111111,0.0,0.14285714285714285,0.0,0.0,2.2222222222222223,6.0,2.0,0.0,-6.0,0.3333333333333333,0.0,0.42857142857142855,0.0,0.0,0.0,0.0,0.0,0.0,0.0,2.3333333333333335,4.0,2.4285714285714284,0.0,-4.0,0.7777777777777778,0.0,1.0,0.0,0.0,0.0,0.0,0.0,0.0,0.0,0.1111111111111111,0.0,0.14285714285714285,0.0,0.0,0.0,0.0,0.0,0.0,0.0,0.1111111111111111,0.0,0.14285714285714285,0.0,0.0,0.0,0.0,0.0,0.0,0.0,0.0,0.0,0.0,0.0,0.0,0.1111111111111111,0.0,0.14285714285714285,0.0,0.0,0.1111111111111111,0.0,0.14285714285714285,0.0,0.0,0.0,0.0,0.0,0.0,0.0,0.4444444444444444,0.0,0.5714285714285714,0.0,0.0,0.5555555555555556,0.0,0.7142857142857143,0.0,0.0,0.2222222222222222,0.0,0.2857142857142857,0.0,0.0,0.0,0.0,0.0,0.0,0.0,0.0,0.0,0.0,0.0,0.0,0.0,0.0,0.0,0.0,0.0,0.0,0.0,0.0,0.0,0.0,0.0,0.0,0.0,0.0,0.0,0.0,0.0,0.0,0.0,0.0,0.0,0.0,0.0,0.0,0.0,0.3333333333333333,0.0,0.42857142857142855,0.0,0.0,0.0,0.0,0.0,0.0,0.0,0.2222222222222222,0.0,0.2857142857142857,0.0,0.0,0.7777777777777778,1.0,0.8571428571428571,0.0,-1.0,0.1111111111111111,0.0,0.14285714285714285,0.0,0.0,0.0,0.0,0.0,0.0,0.0,0.2222222222222222,0.0,0.2857142857142857,0.0,0.0,0.0,0.0,0.0,0.0,0.0,0.0,0.0,0.0,0.0,0.0,0.0,0.0,0.0,0.0,0.0,0.0,0.0,0.0,0.0,0.0,0.8888888888888888,4.0,0.5714285714285714,0.0,-4.0,0.2222222222222222,1.0,0.14285714285714285,0.0,-1.0,0.0,0.0,0.0,0.0,0.0,0.0,0.0,0.0,0.0,0.0,0.2222222222222222,0.0,0.2857142857142857,0.0,0.0,0.1111111111111111,0.0,0.14285714285714285,0.0,0.0,0.0,0.0,0.0,0.0,0.0,0.0,0.0,0.0,0.0,0.0,0.1111111111111111,0.0,0.14285714285714285,0.0,0.0,0.0,0.0,0.0,0.0,0.0,0.0,0.0,0.0,0.0,0.0,0.0,0.0,0.0,0.0,0.0,0.0,0.0,0.0,0.0,0.0,0.0,0.0,0.0,0.0,0.0,0.0,0.0,0.0,0.0,0.0,0.0,0.0,0.0,0.0,0.0,0.0,0.0,0.0,0.0,0.0,0.0,0.0,0.0,0.0,0.0,0.0,0.0,0.0,0.0,0.0,0.0,0.0,0.0,0.0,0.0,0.0,0.0,0.0,0.0,0.0,0.0,0.0,0.0,0.0,0.0,0.0,0.0,0.0,0.0,0.0,0.0,0.0,0.0,0.0,0.0,1,1,True,True
2021_06_11_SLU_S4,2021SLU,2.875,0.0,3.5,2.0,2.0,3.875,0.0,4.333333333333333,5.0,5.0,0.0,0.0,0.0,0.0,0.0,3.75,0.0,3.0,12.0,12.0,1.25,2.0,0.8333333333333334,3.0,1.0,0.125,0.0,0.0,1.0,1.0,2.625,9.0,0.8333333333333334,7.0,-2.0,1.375,8.0,0.5,0.0,-8.0,2.5,4.0,2.0,4.0,0.0,1.5,0.0,1.8333333333333333,1.0,1.0,0.0,0.0,0.0,0.0,0.0,6.25,10.0,6.666666666666667,0.0,-10.0,0.25,0.0,0.3333333333333333,0.0,0.0,0.0,0.0,0.0,0.0,0.0,4.625,10.0,4.0,3.0,-7.0,1.375,0.0,0.6666666666666666,7.0,7.0,0.0,0.0,0.0,0.0,0.0,0.25,0.0,0.3333333333333333,0.0,0.0,0.0,0.0,0.0,0.0,0.0,0.75,2.0,0.6666666666666666,0.0,-2.0,0.0,0.0,0.0,0.0,0.0,0.75,0.0,0.8333333333333334,1.0,1.0,0.25,0.0,0.3333333333333333,0.0,0.0,0.25,0.0,0.3333333333333333,0.0,0.0,3.25,0.0,4.333333333333333,0.0,0.0,0.625,1.0,0.3333333333333333,2.0,1.0,0.0,0.0,0.0,0.0,0.0,0.5,0.0,0.5,1.0,1.0,0.125,0.0,0.0,1.0,1.0,0.0,0.0,0.0,0.0,0.0,0.0,0.0,0.0,0.0,0.0,0.375,0.0,0.5,0.0,0.0,0.0,0.0,0.0,0.0,0.0,0.125,0.0,0.0,1.0,1.0,0.0,0.0,0.0,0.0,0.0,0.75,0.0,1.0,0.0,0.0,0.25,0.0,0.16666666666666666,1.0,1.0,0.25,0.0,0.16666666666666666,1.0,1.0,0.5,1.0,0.16666666666666666,2.0,1.0,0.625,0.0,0.16666666666666666,4.0,4.0,0.375,0.0,0.16666666666666666,2.0,2.0,0.0,0.0,0.0,0.0,0.0,0.0,0.0,0.0,0.0,0.0,0.125,0.0,0.16666666666666666,0.0,0.0,0.0,0.0,0.0,0.0,0.0,0.125,0.0,0.16666666666666666,0.0,0.0,0.0,0.0,0.0,0.0,0.0,0.25,0.0,0.3333333333333333,0.0,0.0,0.125,1.0,0.0,0.0,-1.0,0.0,0.0,0.0,0.0,0.0,0.0,0.0,0.0,0.0,0.0,0.25,0.0,0.16666666666666666,1.0,1.0,0.0,0.0,0.0,0.0,0.0,0.0,0.0,0.0,0.0,0.0,0.25,0.0,0.0,2.0,2.0,0.0,0.0,0.0,0.0,0.0,0.125,0.0,0.0,1.0,1.0,0.125,0.0,0.0,1.0,1.0,0.0,0.0,0.0,0.0,0.0,0.0,0.0,0.0,0.0,0.0,0.0,0.0,0.0,0.0,0.0,0.0,0.0,0.0,0.0,0.0,0.0,0.0,0.0,0.0,0.0,0.0,0.0,0.0,0.0,0.0,0.125,0.0,0.0,1.0,1.0,0.0,0.0,0.0,0.0,0.0,0.0,0.0,0.0,0.0,0.0,0.0,0.0,0.0,0.0,0.0,0.0,0.0,0.0,0.0,0.0,0.0,0.0,0.0,0.0,0.0,2,1,True,True
2021_06_11_SLU_S5,2021SLU,2.625,1.0,3.3333333333333335,0.0,-1.0,1.75,0.0,2.3333333333333335,0.0,0.0,0.0,0.0,0.0,0.0,0.0,6.375,3.0,7.166666666666667,5.0,2.0,2.125,1.0,2.1666666666666665,3.0,2.0,0.25,0.0,0.16666666666666666,1.0,1.0,1.75,2.0,0.5,9.0,7.0,0.5,0.0,0.6666666666666666,0.0,0.0,2.25,13.0,0.8333333333333334,0.0,-13.0,1.25,1.0,1.5,0.0,-1.0,0.125,1.0,0.0,0.0,-1.0,4.75,11.0,4.5,0.0,-11.0,0.5,2.0,0.3333333333333333,0.0,-2.0,0.125,0.0,0.16666666666666666,0.0,0.0,4.125,11.0,3.6666666666666665,0.0,-11.0,1.625,0.0,1.6666666666666667,3.0,3.0,0.0,0.0,0.0,0.0,0.0,0.25,1.0,0.16666666666666666,0.0,-1.0,0.0,0.0,0.0,0.0,0.0,0.625,3.0,0.3333333333333333,0.0,-3.0,0.0,0.0,0.0,0.0,0.0,0.375,0.0,0.5,0.0,0.0,0.0,0.0,0.0,0.0,0.0,0.25,0.0,0.3333333333333333,0.0,0.0,0.0,0.0,0.0,0.0,0.0,0.75,0.0,0.6666666666666666,2.0,2.0,0.125,0.0,0.16666666666666666,0.0,0.0,1.5,0.0,1.8333333333333333,1.0,1.0,0.125,0.0,0.16666666666666666,0.0,0.0,0.0,0.0,0.0,0.0,0.0,0.0,0.0,0.0,0.0,0.0,0.125,0.0,0.16666666666666666,0.0,0.0,0.125,0.0,0.16666666666666666,0.0,0.0,0.125,0.0,0.16666666666666666,0.0,0.0,0.625,0.0,0.8333333333333334,0.0,0.0,0.625,0.0,0.6666666666666666,1.0,1.0,0.0,0.0,0.0,0.0,0.0,0.25,0.0,0.3333333333333333,0.0,0.0,0.125,0.0,0.16666666666666666,0.0,0.0,0.625,0.0,0.3333333333333333,3.0,3.0,0.125,0.0,0.0,1.0,1.0,0.0,0.0,0.0,0.0,0.0,0.0,0.0,0.0,0.0,0.0,0.125,0.0,0.16666666666666666,0.0,0.0,0.0,0.0,0.0,0.0,0.0,0.0,0.0,0.0,0.0,0.0,0.625,0.0,0.8333333333333334,0.0,0.0,0.5,0.0,0.6666666666666666,0.0,0.0,0.0,0.0,0.0,0.0,0.0,0.0,0.0,0.0,0.0,0.0,0.125,0.0,0.16666666666666666,0.0,0.0,0.25,0.0,0.3333333333333333,0.0,0.0,0.0,0.0,0.0,0.0,0.0,0.0,0.0,0.0,0.0,0.0,0.125,0.0,0.16666666666666666,0.0,0.0,0.0,0.0,0.0,0.0,0.0,0.0,0.0,0.0,0.0,0.0,0.0,0.0,0.0,0.0,0.0,0.0,0.0,0.0,0.0,0.0,0.0,0.0,0.0,0.0,0.0,0.125,0.0,0.16666666666666666,0.0,0.0,0.0,0.0,0.0,0.0,0.0,0.0,0.0,0.0,0.0,0.0,0.0,0.0,0.0,0.0,0.0,0.0,0.0,0.0,0.0,0.0,0.0,0.0,0.0,0.0,0.0,0.0,0.0,0.0,0.0,0.0,0.0,0.0,0.0,0.0,0.0,0.0,0.0,0.0,0.0,0.0,0.0,0.0,0.0,0.0,0.0,0,0,False,False
2021_06_11_SLU_S6,2021SLU,5.625,0.0,6.5,6.0,6.0,5.875,0.0,6.5,8.0,8.0,0.0,0.0,0.0,0.0,0.0,5.125,1.0,4.833333333333333,11.0,10.0,2.375,0.0,2.8333333333333335,2.0,2.0,0.5,0.0,0.16666666666666666,3.0,3.0,1.375,4.0,0.6666666666666666,3.0,-1.0,1.0,7.0,0.16666666666666666,0.0,-7.0,1.125,1.0,1.1666666666666667,1.0,0.0,2.25,0.0,2.8333333333333335,1.0,1.0,0.125,0.0,0.16666666666666666,0.0,0.0,4.75,8.0,4.166666666666667,5.0,-3.0,0.5,1.0,0.5,0.0,-1.0,0.0,0.0,0.0,0.0,0.0,5.75,8.0,5.5,5.0,-3.0,1.0,0.0,1.0,2.0,2.0,0.0,0.0,0.0,0.0,0.0,0.125,0.0,0.16666666666666666,0.0,0.0,0.0,0.0,0.0,0.0,0.0,1.125,2.0,0.8333333333333334,2.0,0.0,0.0,0.0,0.0,0.0,0.0,0.625,0.0,0.8333333333333334,0.0,0.0,1.125,0.0,1.3333333333333333,1.0,1.0,0.125,0.0,0.16666666666666666,0.0,0.0,0.625,0.0,0.3333333333333333,3.0,3.0,1.25,1.0,1.3333333333333333,1.0,0.0,0.5,0.0,0.6666666666666666,0.0,0.0,1.125,0.0,1.1666666666666667,2.0,2.0,0.0,0.0,0.0,0.0,0.0,0.375,0.0,0.5,0.0,0.0,0.0,0.0,0.0,0.0,0.0,0.625,0.0,0.8333333333333334,0.0,0.0,0.0,0.0,0.0,0.0,0.0,0.0,0.0,0.0,0.0,0.0,0.0,0.0,0.0,0.0,0.0,0.25,0.0,0.3333333333333333,0.0,0.0,0.0,0.0,0.0,0.0,0.0,0.25,0.0,0.3333333333333333,0.0,0.0,0.25,0.0,0.16666666666666666,1.0,1.0,0.75,1.0,0.3333333333333333,3.0,2.0,0.125,0.0,0.16666666666666666,0.0,0.0,0.125,0.0,0.0,1.0,1.0,0.0,0.0,0.0,0.0,0.0,0.125,1.0,0.0,0.0,-1.0,0.0,0.0,0.0,0.0,0.0,0.375,0.0,0.5,0.0,0.0,0.25,0.0,0.3333333333333333,0.0,0.0,0.375,0.0,0.5,0.0,0.0,0.125,0.0,0.0,1.0,1.0,0.125,0.0,0.16666666666666666,0.0,0.0,0.125,0.0,0.0,1.0,1.0,0.25,0.0,0.3333333333333333,0.0,0.0,0.0,0.0,0.0,0.0,0.0,0.0,0.0,0.0,0.0,0.0,0.25,0.0,0.16666666666666666,1.0,1.0,0.0,0.0,0.0,0.0,0.0,0.0,0.0,0.0,0.0,0.0,0.0,0.0,0.0,0.0,0.0,0.0,0.0,0.0,0.0,0.0,0.0,0.0,0.0,0.0,0.0,0.0,0.0,0.0,0.0,0.0,0.0,0.0,0.0,0.0,0.0,0.0,0.0,0.0,0.0,0.0,0.0,0.0,0.0,0.0,0.0,0.0,0.0,0.0,0.0,0.0,0.0,0.0,0.0,0.0,0.0,0.0,0.0,0.0,0.0,0.0,0.0,0.0,0.0,0.0,0.0,0.0,0.0,0.0,0.0,0.0,0.0,0.0,0.0,0.0,0.0,3,0,True,False
2021_06_11_SLU_S7,2021SLU,1.125,0.0,1.1666666666666667,2.0,2.0,0.0,0.0,0.0,0.0,0.0,0.0,0.0,0.0,0.0,0.0,3.375,1.0,4.166666666666667,1.0,0.0,1.25,1.0,1.1666666666666667,2.0,1.0,0.0,0.0,0.0,0.0,0.0,0.625,2.0,0.5,0.0,-2.0,0.0,0.0,0.0,0.0,0.0,0.5,0.0,0.6666666666666666,0.0,0.0,1.125,0.0,1.3333333333333333,1.0,1.0,0.125,0.0,0.16666666666666666,0.0,0.0,3.25,9.0,2.6666666666666665,1.0,-8.0,0.375,0.0,0.3333333333333333,1.0,1.0,0.125,0.0,0.16666666666666666,0.0,0.0,3.25,10.0,2.1666666666666665,3.0,-7.0,0.625,0.0,0.5,2.0,2.0,0.0,0.0,0.0,0.0,0.0,0.0,0.0,0.0,0.0,0.0,0.0,0.0,0.0,0.0,0.0,0.375,1.0,0.16666666666666666,1.0,0.0,0.0,0.0,0.0,0.0,0.0,0.125,0.0,0.16666666666666666,0.0,0.0,0.125,0.0,0.16666666666666666,0.0,0.0,0.25,0.0,0.3333333333333333,0.0,0.0,0.0,0.0,0.0,0.0,0.0,0.875,1.0,0.8333333333333334,1.0,0.0,0.125,0.0,0.16666666666666666,0.0,0.0,0.125,0.0,0.16666666666666666,0.0,0.0,0.0,0.0,0.0,0.0,0.0,0.0,0.0,0.0,0.0,0.0,0.0,0.0,0.0,0.0,0.0,0.0,0.0,0.0,0.0,0.0,0.0,0.0,0.0,0.0,0.0,0.0,0.0,0.0,0.0,0.0,0.0,0.0,0.0,0.0,0.0,0.125,0.0,0.16666666666666666,0.0,0.0,0.25,2.0,0.0,0.0,-2.0,0.5,0.0,0.16666666666666666,3.0,3.0,0.75,1.0,0.16666666666666666,4.0,3.0,0.25,0.0,0.16666666666666666,1.0,1.0,0.0,0.0,0.0,0.0,0.0,0.0,0.0,0.0,0.0,0.0,0.0,0.0,0.0,0.0,0.0,0.0,0.0,0.0,0.0,0.0,0.0,0.0,0.0,0.0,0.0,0.0,0.0,0.0,0.0,0.0,0.375,1.0,0.3333333333333333,0.0,-1.0,0.875,2.0,0.3333333333333333,3.0,1.0,0.0,0.0,0.0,0.0,0.0,0.0,0.0,0.0,0.0,0.0,0.0,0.0,0.0,0.0,0.0,0.25,0.0,0.16666666666666666,1.0,1.0,0.0,0.0,0.0,0.0,0.0,0.0,0.0,0.0,0.0,0.0,0.0,0.0,0.0,0.0,0.0,0.0,0.0,0.0,0.0,0.0,0.0,0.0,0.0,0.0,0.0,0.0,0.0,0.0,0.0,0.0,0.0,0.0,0.0,0.0,0.0,0.0,0.0,0.0,0.0,0.0,0.0,0.0,0.0,0.0,0.0,0.0,0.0,0.0,0.0,0.0,0.0,0.0,0.0,0.0,0.0,0.0,0.0,0.0,0.0,0.0,0.0,0.0,0.0,0.0,0.0,0.0,0.0,0.0,0.0,0.0,0.0,0.0,0.0,0.0,0.0,0.0,0.0,0.0,0.0,0.0,0.0,0.0,0.0,0.0,0.0,0.0,0.0,0.0,0.0,0.0,1,1,True,True
2021_06_11_SLU_S8,2021SLU,3.125,0.0,3.8333333333333335,2.0,2.0,3.625,1.0,4.166666666666667,3.0,2.0,0.75,0.0,1.0,0.0,0.0,3.625,0.0,3.3333333333333335,9.0,9.0,2.375,1.0,2.5,3.0,2.0,0.5,0.0,0.6666666666666666,0.0,0.0,2.125,7.0,0.3333333333333333,8.0,1.0,0.375,1.0,0.16666666666666666,1.0,0.0,1.5,7.0,0.5,2.0,-5.0,1.375,0.0,1.8333333333333333,0.0,0.0,0.0,0.0,0.0,0.0,0.0,6.125,7.0,5.166666666666667,11.0,4.0,0.5,1.0,0.5,0.0,-1.0,0.375,0.0,0.3333333333333333,1.0,1.0,4.75,7.0,4.833333333333333,2.0,-5.0,1.125,0.0,1.1666666666666667,2.0,2.0,0.0,0.0,0.0,0.0,0.0,0.625,2.0,0.3333333333333333,1.0,-1.0,0.0,0.0,0.0,0.0,0.0,1.25,4.0,0.8333333333333334,1.0,-3.0,0.0,0.0,0.0,0.0,0.0,0.0,0.0,0.0,0.0,0.0,0.625,0.0,0.8333333333333334,0.0,0.0,0.375,0.0,0.5,0.0,0.0,0.375,0.0,0.3333333333333333,1.0,1.0,0.75,2.0,0.5,1.0,-1.0,0.0,0.0,0.0,0.0,0.0,1.75,1.0,1.6666666666666667,3.0,2.0,0.0,0.0,0.0,0.0,0.0,0.0,0.0,0.0,0.0,0.0,0.0,0.0,0.0,0.0,0.0,0.0,0.0,0.0,0.0,0.0,0.0,0.0,0.0,0.0,0.0,0.125,0.0,0.16666666666666666,0.0,0.0,0.125,0.0,0.0,1.0,1.0,0.875,0.0,1.1666666666666667,0.0,0.0,0.25,0.0,0.3333333333333333,0.0,0.0,0.5,0.0,0.6666666666666666,0.0,0.0,1.375,0.0,0.8333333333333334,6.0,6.0,0.375,1.0,0.3333333333333333,0.0,-1.0,0.125,0.0,0.0,1.0,1.0,0.25,1.0,0.0,1.0,0.0,0.25,0.0,0.0,2.0,2.0,0.0,0.0,0.0,0.0,0.0,0.0,0.0,0.0,0.0,0.0,0.125,0.0,0.16666666666666666,0.0,0.0,0.125,0.0,0.16666666666666666,0.0,0.0,0.0,0.0,0.0,0.0,0.0,0.125,0.0,0.16666666666666666,0.0,0.0,0.25,0.0,0.3333333333333333,0.0,0.0,0.0,0.0,0.0,0.0,0.0,0.125,0.0,0.16666666666666666,0.0,0.0,0.0,0.0,0.0,0.0,0.0,0.0,0.0,0.0,0.0,0.0,1.0,3.0,0.3333333333333333,3.0,0.0,0.0,0.0,0.0,0.0,0.0,0.0,0.0,0.0,0.0,0.0,0.0,0.0,0.0,0.0,0.0,0.0,0.0,0.0,0.0,0.0,0.0,0.0,0.0,0.0,0.0,0.0,0.0,0.0,0.0,0.0,0.0,0.0,0.0,0.0,0.0,0.0,0.0,0.0,0.0,0.0,0.0,0.0,0.0,0.0,0.0,0.0,0.0,0.0,0.0,0.0,0.0,0.0,0.0,0.0,0.0,0.0,0.0,0.0,0.0,0.0,0.0,0.0,0.0,0.0,0.0,0.0,0.0,0.0,0.0,0.0,0.0,0.0,0.0,0.0,0.0,2,2,True,True
2021_06_11_SLU_S9,2021SLU,3.3333333333333335,0.0,4.285714285714286,0.0,0.0,5.444444444444445,2.0,6.714285714285714,0.0,-2.0,0.1111111111111111,0.0,0.14285714285714285,0.0,0.0,3.4444444444444446,1.0,4.285714285714286,0.0,-1.0,2.2222222222222223,0.0,2.857142857142857,0.0,0.0,0.7777777777777778,0.0,1.0,0.0,0.0,1.6666666666666667,7.0,1.1428571428571428,0.0,-7.0,0.8888888888888888,6.0,0.2857142857142857,0.0,-6.0,1.7777777777777777,2.0,2.0,0.0,-2.0,1.7777777777777777,0.0,2.2857142857142856,0.0,0.0,0.0,0.0,0.0,0.0,0.0,5.444444444444445,7.0,6.0,0.0,-7.0,0.3333333333333333,2.0,0.14285714285714285,0.0,-2.0,0.0,0.0,0.0,0.0,0.0,5.777777777777778,7.0,6.428571428571429,0.0,-7.0,0.7777777777777778,0.0,1.0,0.0,0.0,0.0,0.0,0.0,0.0,0.0,0.1111111111111111,0.0,0.14285714285714285,0.0,0.0,0.0,0.0,0.0,0.0,0.0,0.4444444444444444,0.0,0.5714285714285714,0.0,0.0,0.0,0.0,0.0,0.0,0.0,0.7777777777777778,0.0,1.0,0.0,0.0,1.1111111111111112,0.0,1.4285714285714286,0.0,0.0,0.3333333333333333,0.0,0.42857142857142855,0.0,0.0,1.4444444444444444,0.0,1.8571428571428572,0.0,0.0,0.5555555555555556,0.0,0.7142857142857143,0.0,0.0,0.6666666666666666,0.0,0.8571428571428571,0.0,0.0,2.3333333333333335,2.0,2.7142857142857144,0.0,-2.0,0.2222222222222222,0.0,0.2857142857142857,0.0,0.0,0.2222222222222222,0.0,0.2857142857142857,0.0,0.0,0.3333333333333333,0.0,0.42857142857142855,0.0,0.0,0.4444444444444444,0.0,0.5714285714285714,0.0,0.0,0.1111111111111111,0.0,0.14285714285714285,0.0,0.0,0.0,0.0,0.0,0.0,0.0,0.1111111111111111,0.0,0.14285714285714285,0.0,0.0,0.2222222222222222,0.0,0.2857142857142857,0.0,0.0,0.0,0.0,0.0,0.0,0.0,0.0,0.0,0.0,0.0,0.0,0.2222222222222222,1.0,0.14285714285714285,0.0,-1.0,0.1111111111111111,0.0,0.14285714285714285,0.0,0.0,0.4444444444444444,1.0,0.42857142857142855,0.0,-1.0,0.2222222222222222,0.0,0.2857142857142857,0.0,0.0,0.0,0.0,0.0,0.0,0.0,0.3333333333333333,1.0,0.2857142857142857,0.0,-1.0,0.1111111111111111,0.0,0.14285714285714285,0.0,0.0,0.2222222222222222,0.0,0.2857142857142857,0.0,0.0,1.0,0.0,1.2857142857142858,0.0,0.0,0.0,0.0,0.0,0.0,0.0,0.2222222222222222,0.0,0.2857142857142857,0.0,0.0,0.0,0.0,0.0,0.0,0.0,0.0,0.0,0.0,0.0,0.0,0.1111111111111111,0.0,0.14285714285714285,0.0,0.0,0.0,0.0,0.0,0.0,0.0,0.0,0.0,0.0,0.0,0.0,0.0,0.0,0.0,0.0,0.0,0.0,0.0,0.0,0.0,0.0,0.1111111111111111,0.0,0.14285714285714285,0.0,0.0,0.1111111111111111,0.0,0.14285714285714285,0.0,0.0,0.0,0.0,0.0,0.0,0.0,0.0,0.0,0.0,0.0,0.0,0.1111111111111111,0.0,0.14285714285714285,0.0,0.0,0.0,0.0,0.0,0.0,0.0,0.0,0.0,0.0,0.0,0.0,0.0,0.0,0.0,0.0,0.0,0.0,0.0,0.0,0.0,0.0,0.0,0.0,0.0,0.0,0.0,0.0,0.0,0.0,0.0,0.0,0.0,0.0,0.0,0.0,0.0,0.0,0.0,0.0,0.0,0.0,0.0,0.0,0.0,0.0,0.0,1,0,True,False
2021_09_30_MZT_S1,2021MZT,3.0,4.0,,2.0,-2.0,1.0,2.0,,0.0,-2.0,0.0,0.0,,0.0,0.0,1.0,0.0,,2.0,2.0,0.5,1.0,,0.0,-1.0,0.0,0.0,,0.0,0.0,0.5,1.0,,0.0,-1.0,1.0,1.0,,1.0,0.0,2.0,3.0,,1.0,-2.0,1.0,2.0,,0.0,-2.0,0.0,0.0,,0.0,0.0,5.0,10.0,,0.0,-10.0,0.5,0.0,,1.0,1.0,0.0,0.0,,0.0,0.0,2.0,4.0,,0.0,-4.0,0.5,0.0,,1.0,1.0,0.0,0.0,,0.0,0.0,0.5,1.0,,0.0,-1.0,0.0,0.0,,0.0,0.0,0.5,1.0,,0.0,-1.0,0.5,1.0,,0.0,-1.0,0.0,0.0,,0.0,0.0,0.0,0.0,,0.0,0.0,0.0,0.0,,0.0,0.0,0.0,0.0,,0.0,0.0,0.5,1.0,,0.0,-1.0,0.0,0.0,,0.0,0.0,0.0,0.0,,0.0,0.0,0.5,0.0,,1.0,1.0,0.0,0.0,,0.0,0.0,0.0,0.0,,0.0,0.0,0.0,0.0,,0.0,0.0,0.0,0.0,,0.0,0.0,0.0,0.0,,0.0,0.0,0.0,0.0,,0.0,0.0,0.0,0.0,,0.0,0.0,0.0,0.0,,0.0,0.0,0.5,1.0,,0.0,-1.0,0.0,0.0,,0.0,0.0,0.0,0.0,,0.0,0.0,0.0,0.0,,0.0,0.0,0.0,0.0,,0.0,0.0,0.0,0.0,,0.0,0.0,0.0,0.0,,0.0,0.0,0.0,0.0,,0.0,0.0,0.0,0.0,,0.0,0.0,1.5,3.0,,0.0,-3.0,0.0,0.0,,0.0,0.0,0.5,1.0,,0.0,-1.0,0.0,0.0,,0.0,0.0,0.0,0.0,,0.0,0.0,0.5,1.0,,0.0,-1.0,0.0,0.0,,0.0,0.0,0.0,0.0,,0.0,0.0,0.0,0.0,,0.0,0.0,0.0,0.0,,0.0,0.0,0.0,0.0,,0.0,0.0,0.0,0.0,,0.0,0.0,0.0,0.0,,0.0,0.0,0.0,0.0,,0.0,0.0,0.0,0.0,,0.0,0.0,0.0,0.0,,0.0,0.0,0.0,0.0,,0.0,0.0,0.0,0.0,,0.0,0.0,0.0,0.0,,0.0,0.0,0.0,0.0,,0.0,0.0,0.0,0.0,,0.0,0.0,0.0,0.0,,0.0,0.0,0.0,0.0,,0.0,0.0,0.0,0.0,,0.0,0.0,2,1,True,True
2021_09_30_MZT_S2,2021MZT,3.8333333333333335,9.0,3.25,1.0,-8.0,3.0,1.0,4.0,1.0,0.0,0.3333333333333333,0.0,0.5,0.0,0.0,7.333333333333333,5.0,7.5,9.0,4.0,1.6666666666666667,2.0,1.75,1.0,-1.0,0.5,0.0,0.75,0.0,0.0,1.5,0.0,1.0,5.0,5.0,0.6666666666666666,0.0,1.0,0.0,0.0,0.5,0.0,0.5,1.0,1.0,1.5,2.0,1.5,1.0,-1.0,0.0,0.0,0.0,0.0,0.0,5.0,12.0,4.5,0.0,-12.0,0.5,0.0,0.25,2.0,2.0,0.0,0.0,0.0,0.0,0.0,2.6666666666666665,4.0,2.25,3.0,-1.0,1.1666666666666667,1.0,0.75,3.0,2.0,0.0,0.0,0.0,0.0,0.0,0.6666666666666666,0.0,0.5,2.0,2.0,0.0,0.0,0.0,0.0,0.0,1.0,0.0,0.75,3.0,3.0,0.16666666666666666,0.0,0.25,0.0,0.0,1.1666666666666667,0.0,1.75,0.0,0.0,2.0,5.0,1.5,1.0,-4.0,0.6666666666666666,1.0,0.75,0.0,-1.0,1.6666666666666667,0.0,1.75,3.0,3.0,2.0,0.0,2.5,2.0,2.0,0.16666666666666666,0.0,0.25,0.0,0.0,1.3333333333333333,0.0,1.25,3.0,3.0,0.16666666666666666,0.0,0.0,1.0,1.0,0.0,0.0,0.0,0.0,0.0,0.3333333333333333,0.0,0.25,1.0,1.0,0.3333333333333333,1.0,0.25,0.0,-1.0,0.0,0.0,0.0,0.0,0.0,0.0,0.0,0.0,0.0,0.0,0.16666666666666666,0.0,0.0,1.0,1.0,0.3333333333333333,2.0,0.0,0.0,-2.0,0.16666666666666666,1.0,0.0,0.0,-1.0,0.16666666666666666,1.0,0.0,0.0,-1.0,0.3333333333333333,1.0,0.25,0.0,-1.0,0.5,0.0,0.0,3.0,3.0,0.0,0.0,0.0,0.0,0.0,0.6666666666666666,0.0,0.5,2.0,2.0,0.0,0.0,0.0,0.0,0.0,0.3333333333333333,0.0,0.25,1.0,1.0,0.16666666666666666,0.0,0.25,0.0,0.0,0.3333333333333333,0.0,0.5,0.0,0.0,2.0,0.0,3.0,0.0,0.0,0.16666666666666666,0.0,0.25,0.0,0.0,0.16666666666666666,0.0,0.0,1.0,1.0,0.16666666666666666,0.0,0.0,1.0,1.0,0.16666666666666666,0.0,0.25,0.0,0.0,0.0,0.0,0.0,0.0,0.0,0.0,0.0,0.0,0.0,0.0,0.0,0.0,0.0,0.0,0.0,0.16666666666666666,0.0,0.25,0.0,0.0,0.0,0.0,0.0,0.0,0.0,0.0,0.0,0.0,0.0,0.0,0.0,0.0,0.0,0.0,0.0,0.16666666666666666,0.0,0.25,0.0,0.0,0.0,0.0,0.0,0.0,0.0,0.0,0.0,0.0,0.0,0.0,0.0,0.0,0.0,0.0,0.0,0.0,0.0,0.0,0.0,0.0,0.0,0.0,0.0,0.0,0.0,0.0,0.0,0.0,0.0,0.0,0.0,0.0,0.0,0.0,0.0,0.0,0.0,0.0,0.0,0.0,0.0,0.0,0.0,0.0,0.0,0.0,0.0,0.0,0.0,0.0,0.0,0.0,0.0,0.0,0.0,1,0,True,False
2021_09_30_MZT_S3,2021MZT,1.3333333333333333,0.0,1.5,2.0,2.0,1.5,0.0,0.0,9.0,9.0,0.0,0.0,0.0,0.0,0.0,3.1666666666666665,0.0,4.25,2.0,2.0,1.8333333333333333,0.0,1.75,4.0,4.0,0.3333333333333333,0.0,0.5,0.0,0.0,2.3333333333333335,0.0,1.75,7.0,7.0,0.0,0.0,0.0,0.0,0.0,1.6666666666666667,3.0,1.75,0.0,-3.0,1.6666666666666667,4.0,1.25,1.0,-3.0,0.0,0.0,0.0,0.0,0.0,4.333333333333333,4.0,5.25,1.0,-3.0,0.3333333333333333,0.0,0.25,1.0,1.0,0.0,0.0,0.0,0.0,0.0,3.3333333333333335,4.0,3.0,4.0,0.0,1.3333333333333333,0.0,1.75,1.0,1.0,0.0,0.0,0.0,0.0,0.0,0.0,0.0,0.0,0.0,0.0,0.0,0.0,0.0,0.0,0.0,0.5,0.0,0.25,2.0,2.0,0.0,0.0,0.0,0.0,0.0,0.0,0.0,0.0,0.0,0.0,0.5,0.0,0.5,1.0,1.0,0.0,0.0,0.0,0.0,0.0,0.3333333333333333,0.0,0.5,0.0,0.0,0.6666666666666666,0.0,1.0,0.0,0.0,0.16666666666666666,0.0,0.25,0.0,0.0,0.5,0.0,0.25,2.0,2.0,0.0,0.0,0.0,0.0,0.0,0.0,0.0,0.0,0.0,0.0,0.0,0.0,0.0,0.0,0.0,0.3333333333333333,0.0,0.5,0.0,0.0,0.16666666666666666,0.0,0.25,0.0,0.0,0.0,0.0,0.0,0.0,0.0,0.16666666666666666,0.0,0.0,1.0,1.0,0.3333333333333333,0.0,0.5,0.0,0.0,0.0,0.0,0.0,0.0,0.0,0.6666666666666666,0.0,0.75,1.0,1.0,0.16666666666666666,0.0,0.0,1.0,1.0,0.6666666666666666,0.0,0.75,1.0,1.0,0.3333333333333333,0.0,0.25,1.0,1.0,0.0,0.0,0.0,0.0,0.0,0.0,0.0,0.0,0.0,0.0,0.0,0.0,0.0,0.0,0.0,0.0,0.0,0.0,0.0,0.0,0.0,0.0,0.0,0.0,0.0,0.8333333333333334,0.0,1.25,0.0,0.0,0.3333333333333333,0.0,0.5,0.0,0.0,0.16666666666666666,0.0,0.0,1.0,1.0,0.0,0.0,0.0,0.0,0.0,0.0,0.0,0.0,0.0,0.0,0.0,0.0,0.0,0.0,0.0,0.0,0.0,0.0,0.0,0.0,0.16666666666666666,0.0,0.25,0.0,0.0,0.0,0.0,0.0,0.0,0.0,0.0,0.0,0.0,0.0,0.0,0.0,0.0,0.0,0.0,0.0,0.0,0.0,0.0,0.0,0.0,0.0,0.0,0.0,0.0,0.0,0.0,0.0,0.0,0.0,0.0,0.0,0.0,0.0,0.0,0.0,0.0,0.0,0.0,0.0,0.0,0.0,0.0,0.0,0.0,0.0,0.0,0.0,0.0,0.0,0.0,0.0,0.0,0.0,0.0,0.0,0.0,0.0,0.0,0.0,0.0,0.0,0.0,0.0,0.0,0.0,0.0,0.0,0.0,0.0,0.0,0.0,0.0,0.0,0.0,0.0,0.0,0.0,0.0,0.0,0.0,1,0,True,False
2021_09_30_MZT_S4,2021MZT,2.5,1.0,3.5,0.0,-1.0,7.0,1.0,10.25,0.0,-1.0,0.16666666666666666,0.0,0.25,0.0,0.0,5.833333333333333,4.0,7.75,0.0,-4.0,2.1666666666666665,0.0,3.25,0.0,0.0,0.6666666666666666,0.0,1.0,0.0,0.0,2.5,0.0,3.75,0.0,0.0,0.0,0.0,0.0,0.0,0.0,0.5,1.0,0.5,0.0,-1.0,1.0,1.0,1.25,0.0,-1.0,0.0,0.0,0.0,0.0,0.0,1.1666666666666667,2.0,1.25,0.0,-2.0,0.5,1.0,0.5,0.0,-1.0,1.0,0.0,1.5,0.0,0.0,0.8333333333333334,2.0,0.75,0.0,-2.0,4.333333333333333,1.0,6.25,0.0,-1.0,0.0,0.0,0.0,0.0,0.0,0.16666666666666666,0.0,0.25,0.0,0.0,0.0,0.0,0.0,0.0,0.0,0.16666666666666666,0.0,0.25,0.0,0.0,0.16666666666666666,0.0,0.25,0.0,0.0,0.6666666666666666,0.0,1.0,0.0,0.0,0.3333333333333333,0.0,0.5,0.0,0.0,0.0,0.0,0.0,0.0,0.0,1.6666666666666667,1.0,2.25,0.0,-1.0,1.0,1.0,1.25,0.0,-1.0,0.0,0.0,0.0,0.0,0.0,0.3333333333333333,0.0,0.5,0.0,0.0,0.16666666666666666,0.0,0.25,0.0,0.0,0.0,0.0,0.0,0.0,0.0,0.0,0.0,0.0,0.0,0.0,0.8333333333333334,1.0,1.0,0.0,-1.0,0.0,0.0,0.0,0.0,0.0,0.3333333333333333,0.0,0.5,0.0,0.0,0.16666666666666666,0.0,0.25,0.0,0.0,0.5,0.0,0.75,0.0,0.0,0.0,0.0,0.0,0.0,0.0,0.16666666666666666,0.0,0.25,0.0,0.0,1.0,0.0,1.5,0.0,0.0,2.8333333333333335,0.0,4.25,0.0,0.0,0.0,0.0,0.0,0.0,0.0,0.3333333333333333,0.0,0.5,0.0,0.0,0.0,0.0,0.0,0.0,0.0,0.0,0.0,0.0,0.0,0.0,0.0,0.0,0.0,0.0,0.0,0.0,0.0,0.0,0.0,0.0,0.8333333333333334,2.0,0.75,0.0,-2.0,0.3333333333333333,0.0,0.5,0.0,0.0,0.0,0.0,0.0,0.0,0.0,0.16666666666666666,0.0,0.25,0.0,0.0,0.0,0.0,0.0,0.0,0.0,0.0,0.0,0.0,0.0,0.0,0.0,0.0,0.0,0.0,0.0,0.0,0.0,0.0,0.0,0.0,0.0,0.0,0.0,0.0,0.0,0.0,0.0,0.0,0.0,0.0,0.0,0.0,0.0,0.0,0.0,0.0,0.0,0.0,0.0,0.0,0.0,0.0,0.0,0.0,0.0,0.0,0.0,0.0,0.0,0.0,0.0,0.0,0.0,0.0,0.0,0.0,0.0,0.0,0.0,0.0,0.16666666666666666,0.0,0.25,0.0,0.0,0.0,0.0,0.0,0.0,0.0,0.0,0.0,0.0,0.0,0.0,0.0,0.0,0.0,0.0,0.0,0.0,0.0,0.0,0.0,0.0,0.0,0.0,0.0,0.0,0.0,0.0,0.0,0.0,0.0,0.0,0.0,0.0,0.0,0.0,0.0,1,0,True,False
2021_09_30_MZT_S5,2021MZT,3.8333333333333335,8.0,3.25,2.0,-6.0,1.8333333333333333,2.0,2.25,0.0,-2.0,0.0,0.0,0.0,0.0,0.0,5.833333333333333,7.0,4.75,9.0,2.0,1.0,0.0,0.75,3.0,3.0,0.5,1.0,0.5,0.0,-1.0,2.5,1.0,0.25,13.0,12.0,0.0,0.0,0.0,0.0,0.0,1.5,2.0,0.5,5.0,3.0,1.5,1.0,1.75,1.0,0.0,0.5,1.0,0.5,0.0,-1.0,4.5,7.0,4.5,2.0,-5.0,0.0,0.0,0.0,0.0,0.0,0.0,0.0,0.0,0.0,0.0,2.6666666666666665,2.0,3.25,1.0,-1.0,1.8333333333333333,1.0,1.0,6.0,5.0,0.0,0.0,0.0,0.0,0.0,0.3333333333333333,0.0,0.25,1.0,1.0,0.0,0.0,0.0,0.0,0.0,0.16666666666666666,0.0,0.0,1.0,1.0,0.0,0.0,0.0,0.0,0.0,0.3333333333333333,0.0,0.5,0.0,0.0,0.0,0.0,0.0,0.0,0.0,0.6666666666666666,0.0,1.0,0.0,0.0,4.0,0.0,6.0,0.0,0.0,1.0,1.0,0.75,2.0,1.0,0.3333333333333333,0.0,0.5,0.0,0.0,0.5,0.0,0.25,2.0,2.0,0.0,0.0,0.0,0.0,0.0,0.0,0.0,0.0,0.0,0.0,0.0,0.0,0.0,0.0,0.0,0.16666666666666666,1.0,0.0,0.0,-1.0,0.16666666666666666,1.0,0.0,0.0,-1.0,0.6666666666666666,2.0,0.25,1.0,-1.0,0.3333333333333333,0.0,0.5,0.0,0.0,0.5,0.0,0.75,0.0,0.0,0.0,0.0,0.0,0.0,0.0,0.5,0.0,0.5,1.0,1.0,0.16666666666666666,1.0,0.0,0.0,-1.0,0.3333333333333333,0.0,0.5,0.0,0.0,0.0,0.0,0.0,0.0,0.0,0.0,0.0,0.0,0.0,0.0,0.0,0.0,0.0,0.0,0.0,0.16666666666666666,0.0,0.0,1.0,1.0,0.0,0.0,0.0,0.0,0.0,0.0,0.0,0.0,0.0,0.0,0.3333333333333333,0.0,0.5,0.0,0.0,0.0,0.0,0.0,0.0,0.0,0.0,0.0,0.0,0.0,0.0,0.0,0.0,0.0,0.0,0.0,0.0,0.0,0.0,0.0,0.0,0.16666666666666666,0.0,0.25,0.0,0.0,0.0,0.0,0.0,0.0,0.0,0.0,0.0,0.0,0.0,0.0,0.16666666666666666,1.0,0.0,0.0,-1.0,0.0,0.0,0.0,0.0,0.0,0.0,0.0,0.0,0.0,0.0,0.0,0.0,0.0,0.0,0.0,0.0,0.0,0.0,0.0,0.0,0.0,0.0,0.0,0.0,0.0,0.0,0.0,0.0,0.0,0.0,0.0,0.0,0.0,0.0,0.0,0.0,0.0,0.0,0.0,0.0,0.0,0.0,0.0,0.0,0.0,0.0,0.0,0.0,0.0,0.0,0.0,0.0,0.0,0.0,0.0,0.0,0.0,0.0,0.0,0.0,0.0,0.0,0.0,0.0,0.0,0.0,0.0,0.0,0.0,0.0,0.0,0.0,0.0,0.0,0.0,2,2,True,True
2021_09_30_MZT_S6,2021MZT,4.0,3.0,5.0,0.0,-3.0,4.571428571428571,6.0,2.4,14.0,8.0,0.0,0.0,0.0,0.0,0.0,6.285714285714286,3.0,6.8,7.0,4.0,1.0,0.0,1.0,2.0,2.0,0.42857142857142855,0.0,0.6,0.0,0.0,2.4285714285714284,5.0,0.8,8.0,3.0,0.14285714285714285,1.0,0.0,0.0,-1.0,1.2857142857142858,3.0,1.0,1.0,-2.0,1.5714285714285714,1.0,2.0,0.0,-1.0,0.2857142857142857,0.0,0.4,0.0,0.0,3.2857142857142856,4.0,3.4,2.0,-2.0,0.2857142857142857,1.0,0.2,0.0,-1.0,0.0,0.0,0.0,0.0,0.0,3.4285714285714284,5.0,3.6,1.0,-4.0,1.4285714285714286,1.0,0.8,5.0,4.0,0.0,0.0,0.0,0.0,0.0,1.1428571428571428,3.0,0.8,1.0,-2.0,0.14285714285714285,1.0,0.0,0.0,-1.0,0.0,0.0,0.0,0.0,0.0,0.2857142857142857,1.0,0.0,1.0,0.0,0.42857142857142855,0.0,0.6,0.0,0.0,0.2857142857142857,0.0,0.4,0.0,0.0,0.42857142857142855,0.0,0.6,0.0,0.0,2.5714285714285716,0.0,2.4,6.0,6.0,1.2857142857142858,2.0,1.0,2.0,0.0,0.42857142857142855,0.0,0.6,0.0,0.0,0.42857142857142855,0.0,0.4,1.0,1.0,0.0,0.0,0.0,0.0,0.0,0.0,0.0,0.0,0.0,0.0,0.0,0.0,0.0,0.0,0.0,0.42857142857142855,0.0,0.6,0.0,0.0,0.0,0.0,0.0,0.0,0.0,0.14285714285714285,0.0,0.0,1.0,1.0,0.2857142857142857,0.0,0.4,0.0,0.0,0.2857142857142857,1.0,0.2,0.0,-1.0,0.0,0.0,0.0,0.0,0.0,0.5714285714285714,0.0,0.8,0.0,0.0,0.14285714285714285,0.0,0.2,0.0,0.0,0.0,0.0,0.0,0.0,0.0,0.14285714285714285,0.0,0.2,0.0,0.0,0.0,0.0,0.0,0.0,0.0,0.14285714285714285,0.0,0.2,0.0,0.0,0.14285714285714285,1.0,0.0,0.0,-1.0,0.0,0.0,0.0,0.0,0.0,0.0,0.0,0.0,0.0,0.0,0.14285714285714285,0.0,0.2,0.0,0.0,0.0,0.0,0.0,0.0,0.0,0.14285714285714285,1.0,0.0,0.0,-1.0,0.0,0.0,0.0,0.0,0.0,0.0,0.0,0.0,0.0,0.0,0.42857142857142855,0.0,0.6,0.0,0.0,0.0,0.0,0.0,0.0,0.0,0.0,0.0,0.0,0.0,0.0,0.0,0.0,0.0,0.0,0.0,0.0,0.0,0.0,0.0,0.0,0.0,0.0,0.0,0.0,0.0,0.0,0.0,0.0,0.0,0.0,0.0,0.0,0.0,0.0,0.0,0.0,0.0,0.0,0.0,0.0,0.0,0.0,0.0,0.0,0.0,0.0,0.0,0.0,0.0,0.0,0.0,0.0,0.0,0.0,0.0,0.0,0.0,0.0,0.0,0.0,0.0,0.0,0.0,0.0,0.0,0.0,0.0,0.0,0.0,0.0,0.0,0.0,0.0,0.0,0.0,0.0,0.0,0.0,0.0,0.0,0.0,0.0,0.0,0.0,0.0,0.0,0.0,0.0,0.0,0.0,1,1,True,True
2021_09_30_MZT_S7,2021MZT,1.75,0.0,1.8571428571428572,2.0,2.0,1.6875,0.0,1.7142857142857142,3.0,3.0,0.125,0.0,0.14285714285714285,0.0,0.0,4.5,0.0,5.0,2.0,2.0,1.25,0.0,1.3571428571428572,1.0,1.0,0.125,0.0,0.14285714285714285,0.0,0.0,1.9375,8.0,1.4285714285714286,3.0,-5.0,0.1875,0.0,0.21428571428571427,0.0,0.0,2.4375,7.0,2.2142857142857144,1.0,-6.0,1.25,0.0,1.3571428571428572,1.0,1.0,0.0625,0.0,0.07142857142857142,0.0,0.0,3.6875,8.0,3.642857142857143,0.0,-8.0,0.25,0.0,0.2857142857142857,0.0,0.0,0.1875,0.0,0.21428571428571427,0.0,0.0,3.25,8.0,3.0,2.0,-6.0,0.8125,0.0,0.8571428571428571,1.0,1.0,0.0,0.0,0.0,0.0,0.0,0.625,0.0,0.6428571428571429,1.0,1.0,0.0,0.0,0.0,0.0,0.0,1.0,1.0,1.0714285714285714,0.0,-1.0,0.0,0.0,0.0,0.0,0.0,0.4375,0.0,0.42857142857142855,1.0,1.0,0.5,0.0,0.5,1.0,1.0,0.3125,0.0,0.35714285714285715,0.0,0.0,4.125,0.0,4.642857142857143,1.0,1.0,0.9375,0.0,1.0,1.0,1.0,0.25,0.0,0.2857142857142857,0.0,0.0,0.5,0.0,0.5,1.0,1.0,0.1875,0.0,0.14285714285714285,1.0,1.0,0.0625,0.0,0.07142857142857142,0.0,0.0,0.0625,0.0,0.0,1.0,1.0,0.0625,0.0,0.07142857142857142,0.0,0.0,0.0,0.0,0.0,0.0,0.0,0.0625,0.0,0.0,1.0,1.0,0.125,0.0,0.07142857142857142,1.0,1.0,0.4375,0.0,0.35714285714285715,2.0,2.0,0.125,0.0,0.14285714285714285,0.0,0.0,0.125,0.0,0.14285714285714285,0.0,0.0,0.625,1.0,0.6428571428571429,0.0,-1.0,0.625,0.0,0.5,3.0,3.0,0.1875,1.0,0.14285714285714285,0.0,-1.0,0.1875,0.0,0.07142857142857142,2.0,2.0,0.0,0.0,0.0,0.0,0.0,0.0625,0.0,0.07142857142857142,0.0,0.0,0.3125,0.0,0.35714285714285715,0.0,0.0,0.125,0.0,0.14285714285714285,0.0,0.0,0.625,0.0,0.7142857142857143,0.0,0.0,0.0,0.0,0.0,0.0,0.0,0.1875,0.0,0.14285714285714285,1.0,1.0,0.1875,0.0,0.21428571428571427,0.0,0.0,0.125,0.0,0.14285714285714285,0.0,0.0,0.25,0.0,0.2857142857142857,0.0,0.0,0.0,0.0,0.0,0.0,0.0,0.0625,0.0,0.07142857142857142,0.0,0.0,0.125,0.0,0.14285714285714285,0.0,0.0,0.0,0.0,0.0,0.0,0.0,0.0,0.0,0.0,0.0,0.0,0.0,0.0,0.0,0.0,0.0,0.0625,0.0,0.07142857142857142,0.0,0.0,0.0,0.0,0.0,0.0,0.0,0.0,0.0,0.0,0.0,0.0,0.0,0.0,0.0,0.0,0.0,0.0,0.0,0.0,0.0,0.0,0.0,0.0,0.0,0.0,0.0,0.0,0.0,0.0,0.0,0.0,0.0,0.0,0.0,0.0,0.0,0.0,0.0,0.0,0.0,0.0,0.0,0.0,0.0,0.0,0.0,0.0,0.0,0.0,0.0,0.0,0.0,0.0,0.0,0.0,0.0,8,5,True,True
2021_10_01_MZT_S1,2021MZT,1.8888888888888888,0.0,2.4285714285714284,0.0,0.0,0.7777777777777778,0.0,1.0,0.0,0.0,0.1111111111111111,0.0,0.14285714285714285,0.0,0.0,4.444444444444445,0.0,5.714285714285714,0.0,0.0,2.0,0.0,2.5714285714285716,0.0,0.0,0.3333333333333333,0.0,0.42857142857142855,0.0,0.0,0.6666666666666666,0.0,0.8571428571428571,0.0,0.0,1.0,4.0,0.5714285714285714,1.0,-3.0,0.2222222222222222,0.0,0.2857142857142857,0.0,0.0,0.8888888888888888,0.0,1.1428571428571428,0.0,0.0,0.0,0.0,0.0,0.0,0.0,2.3333333333333335,7.0,1.7142857142857142,2.0,-5.0,0.6666666666666666,0.0,0.8571428571428571,0.0,0.0,0.0,0.0,0.0,0.0,0.0,3.4444444444444446,7.0,3.142857142857143,2.0,-5.0,1.0,0.0,1.2857142857142858,0.0,0.0,0.2222222222222222,0.0,0.2857142857142857,0.0,0.0,0.3333333333333333,1.0,0.2857142857142857,0.0,-1.0,0.1111111111111111,0.0,0.14285714285714285,0.0,0.0,0.2222222222222222,0.0,0.2857142857142857,0.0,0.0,0.2222222222222222,0.0,0.2857142857142857,0.0,0.0,0.5555555555555556,0.0,0.7142857142857143,0.0,0.0,0.5555555555555556,0.0,0.7142857142857143,0.0,0.0,0.1111111111111111,0.0,0.14285714285714285,0.0,0.0,0.7777777777777778,0.0,1.0,0.0,0.0,0.7777777777777778,0.0,1.0,0.0,0.0,0.0,0.0,0.0,0.0,0.0,1.1111111111111112,0.0,1.4285714285714286,0.0,0.0,0.1111111111111111,1.0,0.0,0.0,-1.0,0.0,0.0,0.0,0.0,0.0,0.1111111111111111,0.0,0.14285714285714285,0.0,0.0,0.0,0.0,0.0,0.0,0.0,0.0,0.0,0.0,0.0,0.0,0.0,0.0,0.0,0.0,0.0,0.0,0.0,0.0,0.0,0.0,0.4444444444444444,0.0,0.5714285714285714,0.0,0.0,0.0,0.0,0.0,0.0,0.0,0.2222222222222222,0.0,0.2857142857142857,0.0,0.0,0.8888888888888888,0.0,1.1428571428571428,0.0,0.0,0.4444444444444444,0.0,0.5714285714285714,0.0,0.0,0.0,0.0,0.0,0.0,0.0,0.2222222222222222,0.0,0.2857142857142857,0.0,0.0,0.0,0.0,0.0,0.0,0.0,0.1111111111111111,0.0,0.14285714285714285,0.0,0.0,0.0,0.0,0.0,0.0,0.0,0.1111111111111111,0.0,0.14285714285714285,0.0,0.0,0.4444444444444444,0.0,0.5714285714285714,0.0,0.0,0.0,0.0,0.0,0.0,0.0,0.0,0.0,0.0,0.0,0.0,0.4444444444444444,0.0,0.5714285714285714,0.0,0.0,0.0,0.0,0.0,0.0,0.0,0.2222222222222222,1.0,0.14285714285714285,0.0,-1.0,0.0,0.0,0.0,0.0,0.0,0.0,0.0,0.0,0.0,0.0,0.1111111111111111,0.0,0.14285714285714285,0.0,0.0,0.0,0.0,0.0,0.0,0.0,0.1111111111111111,0.0,0.14285714285714285,0.0,0.0,0.0,0.0,0.0,0.0,0.0,0.0,0.0,0.0,0.0,0.0,0.0,0.0,0.0,0.0,0.0,0.0,0.0,0.0,0.0,0.0,0.0,0.0,0.0,0.0,0.0,0.1111111111111111,0.0,0.14285714285714285,0.0,0.0,0.0,0.0,0.0,0.0,0.0,0.0,0.0,0.0,0.0,0.0,0.0,0.0,0.0,0.0,0.0,0.0,0.0,0.0,0.0,0.0,0.0,0.0,0.0,0.0,0.0,0.0,0.0,0.0,0.0,0.0,0.0,0.0,0.0,0.0,0.0,2,0,True,False
2021_10_01_MZT_S10,2021MZT,2.2857142857142856,0.0,2.8,2.0,2.0,1.7142857142857142,0.0,1.4,5.0,5.0,0.14285714285714285,0.0,0.2,0.0,0.0,2.142857142857143,0.0,2.8,1.0,1.0,1.8571428571428572,0.0,2.4,1.0,1.0,0.2857142857142857,0.0,0.2,1.0,1.0,2.142857142857143,6.0,1.6,1.0,-5.0,0.14285714285714285,0.0,0.2,0.0,0.0,3.857142857142857,6.0,4.2,0.0,-6.0,0.8571428571428571,0.0,1.2,0.0,0.0,0.0,0.0,0.0,0.0,0.0,6.142857142857143,7.0,4.6,13.0,6.0,0.42857142857142855,0.0,0.6,0.0,0.0,0.14285714285714285,0.0,0.0,1.0,1.0,4.571428571428571,7.0,3.8,6.0,-1.0,0.42857142857142855,0.0,0.4,1.0,1.0,0.0,0.0,0.0,0.0,0.0,1.7142857142857142,0.0,0.6,9.0,9.0,0.0,0.0,0.0,0.0,0.0,0.5714285714285714,2.0,0.2,1.0,-1.0,0.14285714285714285,0.0,0.2,0.0,0.0,1.0,0.0,1.4,0.0,0.0,0.42857142857142855,0.0,0.6,0.0,0.0,0.14285714285714285,0.0,0.2,0.0,0.0,1.5714285714285714,0.0,0.2,10.0,10.0,1.4285714285714286,2.0,1.2,2.0,0.0,0.42857142857142855,0.0,0.6,0.0,0.0,0.8571428571428571,0.0,0.4,4.0,4.0,0.14285714285714285,0.0,0.2,0.0,0.0,0.0,0.0,0.0,0.0,0.0,0.0,0.0,0.0,0.0,0.0,0.14285714285714285,0.0,0.2,0.0,0.0,0.0,0.0,0.0,0.0,0.0,0.0,0.0,0.0,0.0,0.0,0.0,0.0,0.0,0.0,0.0,0.5714285714285714,0.0,0.8,0.0,0.0,0.0,0.0,0.0,0.0,0.0,0.14285714285714285,0.0,0.2,0.0,0.0,0.7142857142857143,1.0,0.4,2.0,1.0,0.0,0.0,0.0,0.0,0.0,0.14285714285714285,0.0,0.0,1.0,1.0,0.14285714285714285,1.0,0.0,0.0,-1.0,0.0,0.0,0.0,0.0,0.0,0.0,0.0,0.0,0.0,0.0,0.14285714285714285,0.0,0.0,1.0,1.0,0.0,0.0,0.0,0.0,0.0,0.42857142857142855,0.0,0.6,0.0,0.0,0.14285714285714285,0.0,0.2,0.0,0.0,0.14285714285714285,1.0,0.0,0.0,-1.0,0.0,0.0,0.0,0.0,0.0,0.0,0.0,0.0,0.0,0.0,0.0,0.0,0.0,0.0,0.0,0.0,0.0,0.0,0.0,0.0,0.0,0.0,0.0,0.0,0.0,0.14285714285714285,0.0,0.0,1.0,1.0,0.0,0.0,0.0,0.0,0.0,0.2857142857142857,2.0,0.0,0.0,-2.0,0.0,0.0,0.0,0.0,0.0,0.0,0.0,0.0,0.0,0.0,0.0,0.0,0.0,0.0,0.0,0.0,0.0,0.0,0.0,0.0,0.0,0.0,0.0,0.0,0.0,0.0,0.0,0.0,0.0,0.0,0.0,0.0,0.0,0.0,0.0,0.0,0.0,0.0,0.0,0.0,0.0,0.0,0.0,0.0,0.0,0.0,0.0,0.0,0.0,0.0,0.0,0.0,0.0,0.0,0.0,0.0,0.0,0.0,0.0,0.0,0.0,0.0,0.0,0.0,0.0,2,1,True,True
2021_10_01_MZT_S11,2021MZT,0.7142857142857143,0.0,1.0,0.0,0.0,6.857142857142857,0.0,7.2,12.0,12.0,0.0,0.0,0.0,0.0,0.0,3.0,0.0,2.6,8.0,8.0,1.8571428571428572,1.0,1.6,4.0,3.0,0.14285714285714285,0.0,0.0,1.0,1.0,2.0,3.0,1.8,2.0,-1.0,0.14285714285714285,0.0,0.2,0.0,0.0,2.4285714285714284,7.0,2.0,0.0,-7.0,1.5714285714285714,0.0,2.2,0.0,0.0,0.0,0.0,0.0,0.0,0.0,4.857142857142857,7.0,5.2,1.0,-6.0,0.0,0.0,0.0,0.0,0.0,0.7142857142857143,0.0,0.0,5.0,5.0,3.0,7.0,2.6,1.0,-6.0,1.1428571428571428,0.0,0.4,6.0,6.0,0.0,0.0,0.0,0.0,0.0,0.42857142857142855,1.0,0.4,0.0,-1.0,0.14285714285714285,1.0,0.0,0.0,-1.0,0.7142857142857143,1.0,0.6,1.0,0.0,0.14285714285714285,0.0,0.0,1.0,1.0,0.2857142857142857,0.0,0.4,0.0,0.0,0.0,0.0,0.0,0.0,0.0,0.14285714285714285,0.0,0.2,0.0,0.0,2.2857142857142856,0.0,3.2,0.0,0.0,1.1428571428571428,1.0,1.2,1.0,0.0,0.8571428571428571,0.0,1.2,0.0,0.0,1.8571428571428572,0.0,2.6,0.0,0.0,0.14285714285714285,0.0,0.2,0.0,0.0,0.0,0.0,0.0,0.0,0.0,0.0,0.0,0.0,0.0,0.0,0.2857142857142857,0.0,0.4,0.0,0.0,0.0,0.0,0.0,0.0,0.0,0.0,0.0,0.0,0.0,0.0,0.2857142857142857,0.0,0.4,0.0,0.0,0.2857142857142857,0.0,0.4,0.0,0.0,0.0,0.0,0.0,0.0,0.0,0.14285714285714285,0.0,0.2,0.0,0.0,0.5714285714285714,0.0,0.0,4.0,4.0,1.2857142857142858,1.0,0.2,7.0,6.0,0.2857142857142857,0.0,0.4,0.0,0.0,0.14285714285714285,0.0,0.2,0.0,0.0,0.0,0.0,0.0,0.0,0.0,0.14285714285714285,0.0,0.0,1.0,1.0,0.14285714285714285,0.0,0.0,1.0,1.0,0.0,0.0,0.0,0.0,0.0,0.7142857142857143,0.0,1.0,0.0,0.0,0.0,0.0,0.0,0.0,0.0,0.0,0.0,0.0,0.0,0.0,0.0,0.0,0.0,0.0,0.0,0.0,0.0,0.0,0.0,0.0,0.14285714285714285,0.0,0.0,1.0,1.0,0.0,0.0,0.0,0.0,0.0,0.0,0.0,0.0,0.0,0.0,0.14285714285714285,0.0,0.0,1.0,1.0,0.0,0.0,0.0,0.0,0.0,0.0,0.0,0.0,0.0,0.0,0.14285714285714285,0.0,0.2,0.0,0.0,0.0,0.0,0.0,0.0,0.0,0.0,0.0,0.0,0.0,0.0,0.0,0.0,0.0,0.0,0.0,0.0,0.0,0.0,0.0,0.0,0.0,0.0,0.0,0.0,0.0,0.0,0.0,0.0,0.0,0.0,0.0,0.0,0.0,0.0,0.0,0.0,0.0,0.0,0.0,0.0,0.0,0.0,0.0,0.0,0.0,0.0,0.0,0.0,0.0,0.0,0.0,0.0,0.0,0.0,0.0,0.0,0.0,0.0,0.0,0.0,2,2,True,True
2021_10_01_MZT_S12,2021MZT,2.0,2.0,2.2,1.0,-1.0,0.5714285714285714,1.0,0.6,0.0,-1.0,0.0,0.0,0.0,0.0,0.0,7.285714285714286,5.0,7.0,11.0,6.0,1.4285714285714286,2.0,1.2,2.0,0.0,0.0,0.0,0.0,0.0,0.0,0.42857142857142855,1.0,0.0,2.0,1.0,0.0,0.0,0.0,0.0,0.0,0.0,0.0,0.0,0.0,0.0,0.14285714285714285,1.0,0.0,0.0,-1.0,0.5714285714285714,1.0,0.2,2.0,1.0,1.7142857142857142,4.0,1.4,1.0,-3.0,0.5714285714285714,1.0,0.4,1.0,0.0,0.14285714285714285,1.0,0.0,0.0,-1.0,1.2857142857142858,4.0,1.0,0.0,-4.0,0.7142857142857143,1.0,0.6,1.0,0.0,0.0,0.0,0.0,0.0,0.0,0.0,0.0,0.0,0.0,0.0,0.42857142857142855,0.0,0.0,3.0,3.0,0.42857142857142855,0.0,0.6,0.0,0.0,0.14285714285714285,0.0,0.2,0.0,0.0,0.2857142857142857,0.0,0.4,0.0,0.0,0.0,0.0,0.0,0.0,0.0,0.0,0.0,0.0,0.0,0.0,0.0,0.0,0.0,0.0,0.0,0.2857142857142857,0.0,0.4,0.0,0.0,0.0,0.0,0.0,0.0,0.0,0.14285714285714285,0.0,0.2,0.0,0.0,0.14285714285714285,0.0,0.2,0.0,0.0,0.0,0.0,0.0,0.0,0.0,0.0,0.0,0.0,0.0,0.0,0.14285714285714285,1.0,0.0,0.0,-1.0,0.0,0.0,0.0,0.0,0.0,0.2857142857142857,0.0,0.4,0.0,0.0,0.42857142857142855,1.0,0.2,1.0,0.0,0.0,0.0,0.0,0.0,0.0,0.0,0.0,0.0,0.0,0.0,0.14285714285714285,0.0,0.2,0.0,0.0,0.14285714285714285,0.0,0.0,1.0,1.0,0.0,0.0,0.0,0.0,0.0,0.0,0.0,0.0,0.0,0.0,0.14285714285714285,0.0,0.2,0.0,0.0,0.14285714285714285,0.0,0.0,1.0,1.0,0.42857142857142855,1.0,0.4,0.0,-1.0,0.14285714285714285,0.0,0.0,1.0,1.0,0.0,0.0,0.0,0.0,0.0,0.8571428571428571,1.0,1.0,0.0,-1.0,0.7142857142857143,0.0,0.8,1.0,1.0,0.0,0.0,0.0,0.0,0.0,0.14285714285714285,0.0,0.2,0.0,0.0,0.0,0.0,0.0,0.0,0.0,0.2857142857142857,0.0,0.4,0.0,0.0,0.0,0.0,0.0,0.0,0.0,0.0,0.0,0.0,0.0,0.0,0.2857142857142857,0.0,0.0,2.0,2.0,0.0,0.0,0.0,0.0,0.0,0.0,0.0,0.0,0.0,0.0,0.0,0.0,0.0,0.0,0.0,0.0,0.0,0.0,0.0,0.0,0.14285714285714285,0.0,0.2,0.0,0.0,0.0,0.0,0.0,0.0,0.0,0.0,0.0,0.0,0.0,0.0,0.0,0.0,0.0,0.0,0.0,0.0,0.0,0.0,0.0,0.0,0.2857142857142857,0.0,0.2,1.0,1.0,0.14285714285714285,0.0,0.0,1.0,1.0,0.0,0.0,0.0,0.0,0.0,0.0,0.0,0.0,0.0,0.0,0.0,0.0,0.0,0.0,0.0,0.0,0.0,0.0,0.0,0.0,2,2,True,True
2021_10_01_MZT_S13,2021MZT,1.9285714285714286,0.0,2.0,3.0,3.0,3.7857142857142856,0.0,3.8333333333333335,7.0,7.0,0.07142857142857142,0.0,0.08333333333333333,0.0,0.0,3.4285714285714284,0.0,3.75,3.0,3.0,1.5,2.0,1.4166666666666667,2.0,0.0,0.21428571428571427,0.0,0.25,0.0,0.0,2.2857142857142856,8.0,1.8333333333333333,2.0,-6.0,0.14285714285714285,0.0,0.16666666666666666,0.0,0.0,1.6428571428571428,8.0,1.1666666666666667,1.0,-7.0,1.2142857142857142,0.0,1.25,2.0,2.0,0.2857142857142857,0.0,0.3333333333333333,0.0,0.0,5.285714285714286,8.0,5.333333333333333,2.0,-6.0,0.5714285714285714,0.0,0.6666666666666666,0.0,0.0,0.7142857142857143,0.0,0.8333333333333334,0.0,0.0,3.5,8.0,3.4166666666666665,0.0,-8.0,1.6428571428571428,0.0,1.75,2.0,2.0,0.0,0.0,0.0,0.0,0.0,0.35714285714285715,0.0,0.3333333333333333,1.0,1.0,0.0,0.0,0.0,0.0,0.0,0.7142857142857143,0.0,0.75,1.0,1.0,0.21428571428571427,0.0,0.25,0.0,0.0,0.35714285714285715,0.0,0.3333333333333333,1.0,1.0,0.42857142857142855,0.0,0.4166666666666667,1.0,1.0,0.07142857142857142,0.0,0.08333333333333333,0.0,0.0,1.7142857142857142,1.0,1.9166666666666667,0.0,-1.0,1.1428571428571428,2.0,1.0833333333333333,1.0,-1.0,0.21428571428571427,0.0,0.25,0.0,0.0,1.3571428571428572,0.0,1.5,1.0,1.0,0.14285714285714285,0.0,0.16666666666666666,0.0,0.0,0.0,0.0,0.0,0.0,0.0,0.0,0.0,0.0,0.0,0.0,0.14285714285714285,0.0,0.16666666666666666,0.0,0.0,0.0,0.0,0.0,0.0,0.0,0.21428571428571427,0.0,0.25,0.0,0.0,0.2857142857142857,0.0,0.25,1.0,1.0,0.42857142857142855,0.0,0.5,0.0,0.0,0.07142857142857142,0.0,0.08333333333333333,0.0,0.0,0.07142857142857142,0.0,0.08333333333333333,0.0,0.0,0.35714285714285715,0.0,0.25,2.0,2.0,0.8571428571428571,0.0,1.0,0.0,0.0,0.21428571428571427,0.0,0.25,0.0,0.0,0.0,0.0,0.0,0.0,0.0,0.0,0.0,0.0,0.0,0.0,0.14285714285714285,0.0,0.16666666666666666,0.0,0.0,0.21428571428571427,0.0,0.16666666666666666,1.0,1.0,0.07142857142857142,0.0,0.08333333333333333,0.0,0.0,0.7142857142857143,0.0,0.75,1.0,1.0,0.21428571428571427,0.0,0.0,3.0,3.0,0.0,0.0,0.0,0.0,0.0,0.0,0.0,0.0,0.0,0.0,0.14285714285714285,0.0,0.16666666666666666,0.0,0.0,0.2857142857142857,0.0,0.3333333333333333,0.0,0.0,0.07142857142857142,0.0,0.08333333333333333,0.0,0.0,0.0,0.0,0.0,0.0,0.0,0.2857142857142857,0.0,0.16666666666666666,2.0,2.0,0.0,0.0,0.0,0.0,0.0,0.0,0.0,0.0,0.0,0.0,0.0,0.0,0.0,0.0,0.0,0.0,0.0,0.0,0.0,0.0,0.07142857142857142,0.0,0.08333333333333333,0.0,0.0,0.0,0.0,0.0,0.0,0.0,0.0,0.0,0.0,0.0,0.0,0.0,0.0,0.0,0.0,0.0,0.0,0.0,0.0,0.0,0.0,0.0,0.0,0.0,0.0,0.0,0.0,0.0,0.0,0.0,0.0,0.0,0.0,0.0,0.0,0.0,0.0,0.0,0.0,0.0,0.0,0.0,0.0,0.0,0.0,0.0,0.0,0.0,0.0,0.0,0.0,4,4,True,True
2021_10_01_MZT_S2,2021MZT,2.375,0.0,3.1666666666666665,0.0,0.0,1.0,0.0,1.3333333333333333,0.0,0.0,0.125,0.0,0.16666666666666666,0.0,0.0,5.5,0.0,7.333333333333333,0.0,0.0,1.25,0.0,1.6666666666666667,0.0,0.0,0.125,0.0,0.16666666666666666,0.0,0.0,2.75,8.0,2.3333333333333335,0.0,-8.0,0.0,0.0,0.0,0.0,0.0,3.75,10.0,3.3333333333333335,0.0,-10.0,0.375,0.0,0.5,0.0,0.0,0.125,0.0,0.16666666666666666,0.0,0.0,2.5,8.0,2.0,0.0,-8.0,0.375,0.0,0.5,0.0,0.0,0.625,0.0,0.8333333333333334,0.0,0.0,2.25,8.0,1.6666666666666667,0.0,-8.0,0.75,0.0,1.0,0.0,0.0,0.0,0.0,0.0,0.0,0.0,0.5,1.0,0.5,0.0,-1.0,0.0,0.0,0.0,0.0,0.0,0.5,1.0,0.5,0.0,-1.0,0.0,0.0,0.0,0.0,0.0,0.0,0.0,0.0,0.0,0.0,0.375,0.0,0.5,0.0,0.0,0.375,0.0,0.5,0.0,0.0,3.875,0.0,5.166666666666667,0.0,0.0,0.75,1.0,0.8333333333333334,0.0,-1.0,0.125,0.0,0.16666666666666666,0.0,0.0,0.25,0.0,0.3333333333333333,0.0,0.0,0.25,0.0,0.3333333333333333,0.0,0.0,0.125,0.0,0.16666666666666666,0.0,0.0,0.0,0.0,0.0,0.0,0.0,0.125,0.0,0.16666666666666666,0.0,0.0,0.0,0.0,0.0,0.0,0.0,0.0,0.0,0.0,0.0,0.0,0.125,0.0,0.16666666666666666,0.0,0.0,0.625,0.0,0.8333333333333334,0.0,0.0,0.125,0.0,0.16666666666666666,0.0,0.0,0.125,0.0,0.16666666666666666,0.0,0.0,0.75,1.0,0.8333333333333334,0.0,-1.0,0.375,0.0,0.5,0.0,0.0,0.0,0.0,0.0,0.0,0.0,0.125,0.0,0.16666666666666666,0.0,0.0,0.0,0.0,0.0,0.0,0.0,0.125,0.0,0.16666666666666666,0.0,0.0,0.125,0.0,0.16666666666666666,0.0,0.0,0.125,0.0,0.16666666666666666,0.0,0.0,0.0,0.0,0.0,0.0,0.0,0.0,0.0,0.0,0.0,0.0,0.0,0.0,0.0,0.0,0.0,0.125,0.0,0.16666666666666666,0.0,0.0,0.0,0.0,0.0,0.0,0.0,0.0,0.0,0.0,0.0,0.0,0.0,0.0,0.0,0.0,0.0,0.0,0.0,0.0,0.0,0.0,0.0,0.0,0.0,0.0,0.0,0.0,0.0,0.0,0.0,0.0,0.0,0.0,0.0,0.0,0.0,0.0,0.0,0.0,0.0,0.0,0.0,0.0,0.0,0.0,0.0,0.0,0.0,0.0,0.0,0.0,0.0,0.0,0.0,0.0,0.0,0.0,0.0,0.0,0.0,0.0,0.125,0.0,0.16666666666666666,0.0,0.0,0.0,0.0,0.0,0.0,0.0,0.0,0.0,0.0,0.0,0.0,0.0,0.0,0.0,0.0,0.0,0.0,0.0,0.0,0.0,0.0,0.125,1.0,0.0,0.0,-1.0,0.0,0.0,0.0,0.0,0.0,0.0,0.0,0.0,0.0,0.0,1,0,True,False
2021_10_01_MZT_S3,2021MZT,1.8,0.0,2.25,0.0,0.0,2.1,0.0,2.625,0.0,0.0,0.0,0.0,0.0,0.0,0.0,2.8,0.0,3.25,2.0,2.0,0.4,0.0,0.5,0.0,0.0,0.3,0.0,0.375,0.0,0.0,1.2,3.0,1.0,1.0,-2.0,0.0,0.0,0.0,0.0,0.0,1.7,11.0,0.5,2.0,-9.0,0.7,0.0,0.875,0.0,0.0,0.0,0.0,0.0,0.0,0.0,4.0,11.0,3.625,0.0,-11.0,0.4,0.0,0.5,0.0,0.0,0.0,0.0,0.0,0.0,0.0,3.0,11.0,2.375,0.0,-11.0,0.7,0.0,0.625,2.0,2.0,0.0,0.0,0.0,0.0,0.0,0.1,0.0,0.125,0.0,0.0,0.0,0.0,0.0,0.0,0.0,0.2,1.0,0.0,1.0,0.0,0.0,0.0,0.0,0.0,0.0,0.6,0.0,0.75,0.0,0.0,0.2,0.0,0.25,0.0,0.0,0.0,0.0,0.0,0.0,0.0,3.6,0.0,4.5,0.0,0.0,0.4,0.0,0.5,0.0,0.0,0.3,0.0,0.375,0.0,0.0,0.9,1.0,1.0,0.0,-1.0,0.0,0.0,0.0,0.0,0.0,0.0,0.0,0.0,0.0,0.0,0.0,0.0,0.0,0.0,0.0,0.2,0.0,0.25,0.0,0.0,0.0,0.0,0.0,0.0,0.0,0.0,0.0,0.0,0.0,0.0,0.0,0.0,0.0,0.0,0.0,0.4,0.0,0.5,0.0,0.0,0.0,0.0,0.0,0.0,0.0,0.0,0.0,0.0,0.0,0.0,0.4,2.0,0.25,0.0,-2.0,0.2,0.0,0.25,0.0,0.0,0.3,0.0,0.25,1.0,1.0,0.0,0.0,0.0,0.0,0.0,0.0,0.0,0.0,0.0,0.0,0.4,0.0,0.5,0.0,0.0,0.1,0.0,0.125,0.0,0.0,0.0,0.0,0.0,0.0,0.0,1.0,0.0,1.25,0.0,0.0,0.1,1.0,0.0,0.0,-1.0,0.0,0.0,0.0,0.0,0.0,0.3,0.0,0.375,0.0,0.0,0.1,0.0,0.125,0.0,0.0,0.1,0.0,0.125,0.0,0.0,0.0,0.0,0.0,0.0,0.0,0.0,0.0,0.0,0.0,0.0,0.1,0.0,0.125,0.0,0.0,0.0,0.0,0.0,0.0,0.0,0.0,0.0,0.0,0.0,0.0,0.0,0.0,0.0,0.0,0.0,0.0,0.0,0.0,0.0,0.0,0.0,0.0,0.0,0.0,0.0,0.0,0.0,0.0,0.0,0.0,0.0,0.0,0.0,0.0,0.0,0.0,0.0,0.0,0.0,0.0,0.0,0.0,0.0,0.0,0.0,0.0,0.0,0.0,0.0,0.0,0.0,0.0,0.0,0.0,0.0,0.0,0.0,0.0,0.0,0.0,0.0,0.0,0.0,0.0,0.0,0.0,0.0,0.0,0.0,0.0,0.0,0.0,0.0,0.0,0.0,4,3,True,True
2021_10_01_MZT_S4,2021MZT,1.8,0.0,2.25,0.0,0.0,3.3,1.0,4.0,0.0,-1.0,0.0,0.0,0.0,0.0,0.0,4.2,2.0,4.75,2.0,0.0,1.8,0.0,2.125,1.0,1.0,0.0,0.0,0.0,0.0,0.0,2.2,6.0,1.875,1.0,-5.0,0.0,0.0,0.0,0.0,0.0,2.8,11.0,1.875,2.0,-9.0,0.8,0.0,1.0,0.0,0.0,0.0,0.0,0.0,0.0,0.0,4.4,8.0,4.5,0.0,-8.0,0.2,0.0,0.25,0.0,0.0,0.0,0.0,0.0,0.0,0.0,3.0,9.0,2.5,1.0,-8.0,1.8,1.0,2.0,1.0,0.0,0.0,0.0,0.0,0.0,0.0,0.5,0.0,0.625,0.0,0.0,0.0,0.0,0.0,0.0,0.0,1.1,3.0,0.875,1.0,-2.0,0.2,0.0,0.25,0.0,0.0,0.8,3.0,0.625,0.0,-3.0,0.7,0.0,0.875,0.0,0.0,0.2,0.0,0.25,0.0,0.0,0.9,0.0,0.875,2.0,2.0,1.1,2.0,1.125,0.0,-2.0,0.4,0.0,0.5,0.0,0.0,1.2,0.0,1.5,0.0,0.0,0.1,0.0,0.125,0.0,0.0,0.0,0.0,0.0,0.0,0.0,0.0,0.0,0.0,0.0,0.0,0.1,0.0,0.125,0.0,0.0,0.2,0.0,0.25,0.0,0.0,0.1,0.0,0.125,0.0,0.0,0.2,0.0,0.25,0.0,0.0,0.1,0.0,0.125,0.0,0.0,0.0,0.0,0.0,0.0,0.0,0.1,0.0,0.125,0.0,0.0,0.2,0.0,0.25,0.0,0.0,0.3,0.0,0.375,0.0,0.0,0.2,1.0,0.125,0.0,-1.0,0.0,0.0,0.0,0.0,0.0,0.0,0.0,0.0,0.0,0.0,0.2,0.0,0.25,0.0,0.0,0.1,0.0,0.125,0.0,0.0,0.1,0.0,0.125,0.0,0.0,0.4,0.0,0.5,0.0,0.0,0.1,0.0,0.125,0.0,0.0,0.1,1.0,0.0,0.0,-1.0,0.0,0.0,0.0,0.0,0.0,0.1,0.0,0.125,0.0,0.0,0.6,0.0,0.75,0.0,0.0,0.0,0.0,0.0,0.0,0.0,0.0,0.0,0.0,0.0,0.0,0.1,0.0,0.125,0.0,0.0,0.0,0.0,0.0,0.0,0.0,0.0,0.0,0.0,0.0,0.0,0.0,0.0,0.0,0.0,0.0,0.0,0.0,0.0,0.0,0.0,0.0,0.0,0.0,0.0,0.0,0.0,0.0,0.0,0.0,0.0,0.0,0.0,0.0,0.0,0.0,0.0,0.0,0.0,0.0,0.0,0.0,0.0,0.0,0.0,0.0,0.0,0.0,0.0,0.0,0.0,0.0,0.0,0.0,0.0,0.0,0.0,0.0,0.0,0.0,0.0,0.0,0.0,0.0,0.0,0.0,0.0,0.0,0.0,0.0,0.0,0.0,0.0,0.0,0.0,0.0,1,1,True,True
2021_10_01_MZT_S5,2021MZT,1.1,0.0,1.375,0.0,0.0,2.3,0.0,2.875,0.0,0.0,0.0,0.0,0.0,0.0,0.0,1.3,0.0,1.375,2.0,2.0,1.6,1.0,1.75,1.0,0.0,0.1,0.0,0.125,0.0,0.0,2.2,2.0,2.375,1.0,-1.0,0.0,0.0,0.0,0.0,0.0,1.8,8.0,1.0,2.0,-6.0,0.5,0.0,0.625,0.0,0.0,0.0,0.0,0.0,0.0,0.0,5.7,10.0,5.875,0.0,-10.0,0.2,0.0,0.25,0.0,0.0,0.1,0.0,0.125,0.0,0.0,5.0,10.0,4.75,2.0,-8.0,1.5,0.0,1.875,0.0,0.0,0.0,0.0,0.0,0.0,0.0,2.5,11.0,1.75,0.0,-11.0,0.1,0.0,0.125,0.0,0.0,1.2,2.0,1.125,1.0,-1.0,0.0,0.0,0.0,0.0,0.0,1.7,0.0,2.125,0.0,0.0,0.4,0.0,0.5,0.0,0.0,0.2,0.0,0.25,0.0,0.0,0.2,0.0,0.25,0.0,0.0,0.7,0.0,0.875,0.0,0.0,0.0,0.0,0.0,0.0,0.0,1.0,2.0,1.0,0.0,-2.0,0.3,0.0,0.375,0.0,0.0,0.0,0.0,0.0,0.0,0.0,0.0,0.0,0.0,0.0,0.0,0.5,0.0,0.625,0.0,0.0,0.2,0.0,0.25,0.0,0.0,0.1,0.0,0.125,0.0,0.0,0.2,0.0,0.25,0.0,0.0,1.5,0.0,1.875,0.0,0.0,0.1,0.0,0.125,0.0,0.0,0.1,0.0,0.125,0.0,0.0,0.3,0.0,0.375,0.0,0.0,0.5,0.0,0.625,0.0,0.0,0.3,0.0,0.25,1.0,1.0,0.0,0.0,0.0,0.0,0.0,0.0,0.0,0.0,0.0,0.0,0.3,0.0,0.375,0.0,0.0,0.1,0.0,0.125,0.0,0.0,0.0,0.0,0.0,0.0,0.0,0.4,0.0,0.5,0.0,0.0,0.0,0.0,0.0,0.0,0.0,0.1,0.0,0.125,0.0,0.0,0.1,0.0,0.125,0.0,0.0,0.0,0.0,0.0,0.0,0.0,0.0,0.0,0.0,0.0,0.0,0.0,0.0,0.0,0.0,0.0,0.0,0.0,0.0,0.0,0.0,0.0,0.0,0.0,0.0,0.0,0.0,0.0,0.0,0.0,0.0,0.0,0.0,0.0,0.0,0.0,0.0,0.0,0.0,0.0,0.0,0.0,0.0,0.0,0.0,0.0,0.1,0.0,0.125,0.0,0.0,0.0,0.0,0.0,0.0,0.0,0.0,0.0,0.0,0.0,0.0,0.0,0.0,0.0,0.0,0.0,0.0,0.0,0.0,0.0,0.0,0.0,0.0,0.0,0.0,0.0,0.0,0.0,0.0,0.0,0.0,0.0,0.0,0.0,0.0,0.0,0.0,0.0,0.0,0.0,0.0,0.0,0.0,0.0,0.0,0.0,0.0,0.0,0.0,0.0,0.0,3,1,True,True
2021_10_01_MZT_S6,2021MZT,2.0,0.0,2.2142857142857144,1.0,1.0,1.625,0.0,1.7857142857142858,1.0,1.0,0.0625,0.0,0.07142857142857142,0.0,0.0,2.8125,0.0,3.0,3.0,3.0,1.9375,2.0,2.0714285714285716,0.0,-2.0,0.25,0.0,0.2857142857142857,0.0,0.0,2.125,3.0,2.2142857142857144,0.0,-3.0,0.3125,1.0,0.2857142857142857,0.0,-1.0,1.75,8.0,1.3571428571428572,1.0,-7.0,0.75,0.0,0.7857142857142857,1.0,1.0,0.1875,0.0,0.21428571428571427,0.0,0.0,5.0,10.0,4.928571428571429,1.0,-9.0,0.0625,0.0,0.07142857142857142,0.0,0.0,0.3125,0.0,0.21428571428571427,2.0,2.0,4.0625,10.0,3.7857142857142856,2.0,-8.0,1.1875,0.0,1.2857142857142858,1.0,1.0,0.0625,0.0,0.07142857142857142,0.0,0.0,1.875,10.0,1.3571428571428572,1.0,-9.0,0.125,0.0,0.14285714285714285,0.0,0.0,0.875,1.0,0.7857142857142857,2.0,1.0,0.0,0.0,0.0,0.0,0.0,1.0,0.0,1.1428571428571428,0.0,0.0,0.25,0.0,0.2857142857142857,0.0,0.0,0.125,0.0,0.14285714285714285,0.0,0.0,0.5625,0.0,0.5,2.0,2.0,0.875,0.0,1.0,0.0,0.0,0.1875,0.0,0.21428571428571427,0.0,0.0,1.375,2.0,1.4285714285714286,0.0,-2.0,0.25,0.0,0.2857142857142857,0.0,0.0,0.125,0.0,0.07142857142857142,1.0,1.0,0.0,0.0,0.0,0.0,0.0,0.125,0.0,0.14285714285714285,0.0,0.0,0.1875,0.0,0.21428571428571427,0.0,0.0,0.0625,0.0,0.0,1.0,1.0,0.1875,0.0,0.21428571428571427,0.0,0.0,0.5,0.0,0.5714285714285714,0.0,0.0,0.0,0.0,0.0,0.0,0.0,0.0625,0.0,0.07142857142857142,0.0,0.0,0.5,0.0,0.5,1.0,1.0,0.5625,0.0,0.5714285714285714,1.0,1.0,0.0,0.0,0.0,0.0,0.0,0.125,1.0,0.07142857142857142,0.0,-1.0,0.0,0.0,0.0,0.0,0.0,0.125,0.0,0.14285714285714285,0.0,0.0,0.125,0.0,0.14285714285714285,0.0,0.0,0.0,0.0,0.0,0.0,0.0,0.25,0.0,0.2857142857142857,0.0,0.0,0.1875,0.0,0.21428571428571427,0.0,0.0,0.0625,0.0,0.07142857142857142,0.0,0.0,0.125,0.0,0.14285714285714285,0.0,0.0,0.0625,0.0,0.07142857142857142,0.0,0.0,0.1875,0.0,0.14285714285714285,1.0,1.0,0.0,0.0,0.0,0.0,0.0,0.0,0.0,0.0,0.0,0.0,0.125,0.0,0.14285714285714285,0.0,0.0,0.0625,0.0,0.07142857142857142,0.0,0.0,0.0625,0.0,0.07142857142857142,0.0,0.0,0.0,0.0,0.0,0.0,0.0,0.0,0.0,0.0,0.0,0.0,0.0625,0.0,0.07142857142857142,0.0,0.0,0.0,0.0,0.0,0.0,0.0,0.0,0.0,0.0,0.0,0.0,0.0,0.0,0.0,0.0,0.0,0.0,0.0,0.0,0.0,0.0,0.0,0.0,0.0,0.0,0.0,0.0,0.0,0.0,0.0,0.0,0.0,0.0,0.0,0.0,0.0,0.0,0.0,0.0,0.0,0.0,0.0,0.0,0.0,0.0,0.0,0.0,0.0,0.0,0.0,0.0,4,3,True,True
2021_10_01_MZT_S7,2021MZT,4.714285714285714,0.0,5.6,5.0,5.0,2.5714285714285716,2.0,3.2,0.0,-2.0,0.0,0.0,0.0,0.0,0.0,7.857142857142857,1.0,6.6,21.0,20.0,1.8571428571428572,1.0,1.2,6.0,5.0,0.14285714285714285,0.0,0.2,0.0,0.0,1.8571428571428572,7.0,1.0,1.0,-6.0,0.0,0.0,0.0,0.0,0.0,2.2857142857142856,12.0,0.8,0.0,-12.0,1.5714285714285714,0.0,2.0,1.0,1.0,0.14285714285714285,0.0,0.2,0.0,0.0,4.428571428571429,16.0,3.0,0.0,-16.0,0.7142857142857143,0.0,0.8,1.0,1.0,0.0,0.0,0.0,0.0,0.0,4.714285714285714,14.0,2.8,5.0,-9.0,1.7142857142857142,0.0,2.2,1.0,1.0,0.0,0.0,0.0,0.0,0.0,0.2857142857142857,0.0,0.2,1.0,1.0,0.0,0.0,0.0,0.0,0.0,0.42857142857142855,0.0,0.6,0.0,0.0,0.8571428571428571,0.0,0.6,3.0,3.0,0.5714285714285714,0.0,0.6,1.0,1.0,0.2857142857142857,0.0,0.2,1.0,1.0,0.14285714285714285,0.0,0.2,0.0,0.0,1.1428571428571428,1.0,1.4,0.0,-1.0,0.42857142857142855,0.0,0.4,1.0,1.0,0.0,0.0,0.0,0.0,0.0,0.2857142857142857,0.0,0.4,0.0,0.0,0.0,0.0,0.0,0.0,0.0,0.14285714285714285,1.0,0.0,0.0,-1.0,0.0,0.0,0.0,0.0,0.0,0.0,0.0,0.0,0.0,0.0,0.14285714285714285,0.0,0.0,1.0,1.0,0.14285714285714285,1.0,0.0,0.0,-1.0,0.0,0.0,0.0,0.0,0.0,0.2857142857142857,0.0,0.4,0.0,0.0,0.14285714285714285,0.0,0.0,1.0,1.0,0.14285714285714285,0.0,0.0,1.0,1.0,0.42857142857142855,1.0,0.0,2.0,1.0,0.2857142857142857,0.0,0.2,1.0,1.0,0.0,0.0,0.0,0.0,0.0,0.14285714285714285,0.0,0.2,0.0,0.0,0.0,0.0,0.0,0.0,0.0,0.14285714285714285,0.0,0.2,0.0,0.0,0.0,0.0,0.0,0.0,0.0,0.14285714285714285,0.0,0.2,0.0,0.0,0.7142857142857143,0.0,1.0,0.0,0.0,0.0,0.0,0.0,0.0,0.0,0.14285714285714285,1.0,0.0,0.0,-1.0,0.0,0.0,0.0,0.0,0.0,0.0,0.0,0.0,0.0,0.0,0.2857142857142857,0.0,0.0,2.0,2.0,0.0,0.0,0.0,0.0,0.0,0.0,0.0,0.0,0.0,0.0,0.0,0.0,0.0,0.0,0.0,0.14285714285714285,1.0,0.0,0.0,-1.0,0.14285714285714285,0.0,0.0,1.0,1.0,0.0,0.0,0.0,0.0,0.0,0.0,0.0,0.0,0.0,0.0,0.0,0.0,0.0,0.0,0.0,0.0,0.0,0.0,0.0,0.0,0.0,0.0,0.0,0.0,0.0,0.14285714285714285,1.0,0.0,0.0,-1.0,0.0,0.0,0.0,0.0,0.0,0.0,0.0,0.0,0.0,0.0,0.0,0.0,0.0,0.0,0.0,0.0,0.0,0.0,0.0,0.0,0.0,0.0,0.0,0.0,0.0,0.0,0.0,0.0,0.0,0.0,0.0,0.0,0.0,0.0,0.0,1,1,True,True
2021_10_01_MZT_S8,2021MZT,1.8571428571428572,0.0,2.4,1.0,1.0,4.285714285714286,0.0,3.4,13.0,13.0,0.14285714285714285,0.0,0.2,0.0,0.0,5.714285714285714,0.0,6.6,7.0,7.0,2.4285714285714284,0.0,3.2,1.0,1.0,0.8571428571428571,0.0,1.0,1.0,1.0,1.8571428571428572,2.0,1.6,3.0,1.0,0.0,0.0,0.0,0.0,0.0,1.0,4.0,0.6,0.0,-4.0,1.0,0.0,1.4,0.0,0.0,0.0,0.0,0.0,0.0,0.0,2.5714285714285716,7.0,2.0,1.0,-6.0,0.0,0.0,0.0,0.0,0.0,0.0,0.0,0.0,0.0,0.0,4.0,7.0,4.0,1.0,-6.0,1.5714285714285714,0.0,0.8,7.0,7.0,0.0,0.0,0.0,0.0,0.0,1.4285714285714286,6.0,0.8,0.0,-6.0,0.0,0.0,0.0,0.0,0.0,0.42857142857142855,0.0,0.2,2.0,2.0,0.0,0.0,0.0,0.0,0.0,1.2857142857142858,0.0,1.8,0.0,0.0,0.7142857142857143,0.0,0.8,1.0,1.0,0.42857142857142855,0.0,0.4,1.0,1.0,2.0,0.0,2.6,1.0,1.0,0.7142857142857143,0.0,0.6,2.0,2.0,0.0,0.0,0.0,0.0,0.0,1.4285714285714286,0.0,1.8,1.0,1.0,0.2857142857142857,1.0,0.2,0.0,-1.0,0.0,0.0,0.0,0.0,0.0,0.0,0.0,0.0,0.0,0.0,0.0,0.0,0.0,0.0,0.0,0.0,0.0,0.0,0.0,0.0,0.14285714285714285,0.0,0.0,1.0,1.0,0.42857142857142855,0.0,0.6,0.0,0.0,0.5714285714285714,0.0,0.8,0.0,0.0,0.14285714285714285,0.0,0.2,0.0,0.0,0.42857142857142855,1.0,0.0,2.0,1.0,0.5714285714285714,0.0,0.2,3.0,3.0,1.1428571428571428,0.0,0.2,7.0,7.0,0.14285714285714285,0.0,0.2,0.0,0.0,0.0,0.0,0.0,0.0,0.0,0.0,0.0,0.0,0.0,0.0,0.0,0.0,0.0,0.0,0.0,0.0,0.0,0.0,0.0,0.0,0.14285714285714285,0.0,0.2,0.0,0.0,0.0,0.0,0.0,0.0,0.0,0.0,0.0,0.0,0.0,0.0,0.14285714285714285,0.0,0.2,0.0,0.0,0.0,0.0,0.0,0.0,0.0,0.14285714285714285,0.0,0.2,0.0,0.0,0.14285714285714285,0.0,0.2,0.0,0.0,0.0,0.0,0.0,0.0,0.0,0.0,0.0,0.0,0.0,0.0,0.42857142857142855,0.0,0.6,0.0,0.0,0.0,0.0,0.0,0.0,0.0,0.14285714285714285,0.0,0.2,0.0,0.0,0.0,0.0,0.0,0.0,0.0,0.0,0.0,0.0,0.0,0.0,0.0,0.0,0.0,0.0,0.0,0.0,0.0,0.0,0.0,0.0,0.0,0.0,0.0,0.0,0.0,0.0,0.0,0.0,0.0,0.0,0.0,0.0,0.0,0.0,0.0,0.0,0.0,0.0,0.0,0.0,0.0,0.0,0.0,0.0,0.0,0.0,0.0,0.0,0.0,0.0,0.0,0.0,0.0,0.0,0.0,0.0,0.0,0.0,0.0,0.0,0.0,0.0,0.0,0.0,0.0,1,0,True,False
2021_10_01_MZT_S9,2021MZT,2.7142857142857144,0.0,3.4,2.0,2.0,1.7142857142857142,0.0,1.4,5.0,5.0,0.0,0.0,0.0,0.0,0.0,4.142857142857143,0.0,5.4,2.0,2.0,1.7142857142857142,1.0,1.6,3.0,2.0,0.2857142857142857,0.0,0.2,1.0,1.0,2.2857142857142856,6.0,1.0,5.0,-1.0,0.14285714285714285,0.0,0.2,0.0,0.0,1.8571428571428572,11.0,0.4,0.0,-11.0,1.1428571428571428,0.0,1.0,3.0,3.0,0.14285714285714285,1.0,0.0,0.0,-1.0,3.4285714285714284,10.0,1.4,7.0,-3.0,0.5714285714285714,0.0,0.8,0.0,0.0,0.42857142857142855,0.0,0.2,2.0,2.0,1.8571428571428572,0.0,1.8,4.0,4.0,0.7142857142857143,0.0,0.8,1.0,1.0,0.0,0.0,0.0,0.0,0.0,2.5714285714285716,11.0,0.8,3.0,-8.0,0.0,0.0,0.0,0.0,0.0,2.0,3.0,1.0,6.0,3.0,0.0,0.0,0.0,0.0,0.0,0.7142857142857143,0.0,1.0,0.0,0.0,0.14285714285714285,0.0,0.2,0.0,0.0,0.14285714285714285,0.0,0.2,0.0,0.0,1.2857142857142858,0.0,0.2,8.0,8.0,0.5714285714285714,1.0,0.4,1.0,0.0,0.2857142857142857,0.0,0.4,0.0,0.0,1.2857142857142858,1.0,0.8,4.0,3.0,0.2857142857142857,0.0,0.4,0.0,0.0,0.0,0.0,0.0,0.0,0.0,0.0,0.0,0.0,0.0,0.0,0.0,0.0,0.0,0.0,0.0,0.0,0.0,0.0,0.0,0.0,0.0,0.0,0.0,0.0,0.0,0.0,0.0,0.0,0.0,0.0,0.7142857142857143,1.0,0.6,1.0,0.0,0.0,0.0,0.0,0.0,0.0,0.0,0.0,0.0,0.0,0.0,0.42857142857142855,3.0,0.0,0.0,-3.0,0.42857142857142855,0.0,0.4,1.0,1.0,0.14285714285714285,0.0,0.2,0.0,0.0,0.14285714285714285,0.0,0.2,0.0,0.0,0.0,0.0,0.0,0.0,0.0,0.14285714285714285,1.0,0.0,0.0,-1.0,0.14285714285714285,1.0,0.0,0.0,-1.0,0.0,0.0,0.0,0.0,0.0,1.2857142857142858,0.0,1.2,3.0,3.0,0.0,0.0,0.0,0.0,0.0,0.14285714285714285,0.0,0.2,0.0,0.0,0.2857142857142857,0.0,0.4,0.0,0.0,0.0,0.0,0.0,0.0,0.0,0.14285714285714285,0.0,0.2,0.0,0.0,0.0,0.0,0.0,0.0,0.0,0.0,0.0,0.0,0.0,0.0,0.14285714285714285,0.0,0.2,0.0,0.0,0.0,0.0,0.0,0.0,0.0,0.14285714285714285,0.0,0.2,0.0,0.0,0.0,0.0,0.0,0.0,0.0,0.0,0.0,0.0,0.0,0.0,0.0,0.0,0.0,0.0,0.0,0.0,0.0,0.0,0.0,0.0,0.0,0.0,0.0,0.0,0.0,0.0,0.0,0.0,0.0,0.0,0.0,0.0,0.0,0.0,0.0,0.0,0.0,0.0,0.0,0.0,0.0,0.0,0.0,0.0,0.0,0.0,0.0,0.0,0.0,0.0,0.0,0.0,0.0,0.0,0.0,0.0,0.0,0.0,0.0,0.0,0.0,0.0,0.0,0.0,0.0,0,0,False,False
2022-04-07-MND-S1,2022MND,2.375,1.0,3.0,0.0,-1.0,3.0,0.0,3.8333333333333335,1.0,1.0,0.0,0.0,0.0,0.0,0.0,0.0,0.0,0.0,0.0,0.0,2.375,2.0,2.6666666666666665,1.0,-1.0,0.125,0.0,0.16666666666666666,0.0,0.0,1.0,5.0,0.5,0.0,-5.0,0.0,0.0,0.0,0.0,0.0,0.75,4.0,0.3333333333333333,0.0,-4.0,1.625,2.0,1.8333333333333333,0.0,-2.0,0.25,0.0,0.3333333333333333,0.0,0.0,9.25,13.0,9.333333333333334,5.0,-8.0,0.125,1.0,0.0,0.0,-1.0,0.25,1.0,0.0,1.0,0.0,3.875,7.0,3.8333333333333335,1.0,-6.0,0.375,1.0,0.3333333333333333,0.0,-1.0,0.0,0.0,0.0,0.0,0.0,1.25,0.0,1.0,4.0,4.0,0.0,0.0,0.0,0.0,0.0,0.5,0.0,0.3333333333333333,2.0,2.0,0.0,0.0,0.0,0.0,0.0,1.0,0.0,1.1666666666666667,1.0,1.0,0.25,0.0,0.16666666666666666,1.0,1.0,0.125,0.0,0.16666666666666666,0.0,0.0,0.125,0.0,0.16666666666666666,0.0,0.0,0.375,0.0,0.5,0.0,0.0,0.375,0.0,0.5,0.0,0.0,0.5,0.0,0.6666666666666666,0.0,0.0,0.125,1.0,0.0,0.0,-1.0,0.0,0.0,0.0,0.0,0.0,0.0,0.0,0.0,0.0,0.0,0.0,0.0,0.0,0.0,0.0,0.0,0.0,0.0,0.0,0.0,0.0,0.0,0.0,0.0,0.0,0.125,0.0,0.16666666666666666,0.0,0.0,0.5,0.0,0.6666666666666666,0.0,0.0,0.0,0.0,0.0,0.0,0.0,0.0,0.0,0.0,0.0,0.0,0.75,3.0,0.0,3.0,0.0,0.125,0.0,0.0,1.0,1.0,0.0,0.0,0.0,0.0,0.0,0.125,0.0,0.0,1.0,1.0,0.0,0.0,0.0,0.0,0.0,0.0,0.0,0.0,0.0,0.0,0.375,0.0,0.3333333333333333,1.0,1.0,0.0,0.0,0.0,0.0,0.0,2.25,3.0,2.3333333333333335,1.0,-2.0,0.0,0.0,0.0,0.0,0.0,0.25,0.0,0.16666666666666666,1.0,1.0,0.25,0.0,0.3333333333333333,0.0,0.0,0.0,0.0,0.0,0.0,0.0,0.125,0.0,0.16666666666666666,0.0,0.0,0.0,0.0,0.0,0.0,0.0,0.125,0.0,0.16666666666666666,0.0,0.0,0.125,0.0,0.0,1.0,1.0,0.0,0.0,0.0,0.0,0.0,0.0,0.0,0.0,0.0,0.0,0.125,0.0,0.16666666666666666,0.0,0.0,0.0,0.0,0.0,0.0,0.0,0.0,0.0,0.0,0.0,0.0,0.0,0.0,0.0,0.0,0.0,0.0,0.0,0.0,0.0,0.0,0.0,0.0,0.0,0.0,0.0,0.0,0.0,0.0,0.0,0.0,0.0,0.0,0.0,0.0,0.0,0.0,0.0,0.0,0.0,0.0,0.0,0.0,0.0,0.0,0.0,0.0,0.0,0.0,0.0,0.0,0.0,0.0,0.0,0.0,0.0,0.0,0.0,0.0,0.0,0.0,1,1,True,True
2022-04-07-MND-S2,2022MND,2.0,1.0,2.4,1.0,0.0,7.142857142857143,0.0,7.2,14.0,14.0,0.42857142857142855,0.0,0.6,0.0,0.0,6.714285714285714,5.0,6.2,11.0,6.0,3.5714285714285716,5.0,2.6,7.0,2.0,0.2857142857142857,0.0,0.2,1.0,1.0,2.2857142857142856,8.0,0.8,4.0,-4.0,0.14285714285714285,0.0,0.2,0.0,0.0,2.0,10.0,0.8,0.0,-10.0,1.4285714285714286,0.0,2.0,0.0,0.0,0.2857142857142857,0.0,0.4,0.0,0.0,5.285714285714286,8.0,4.8,5.0,-3.0,0.8571428571428571,2.0,0.6,1.0,-1.0,0.0,0.0,0.0,0.0,0.0,2.857142857142857,8.0,2.4,0.0,-8.0,1.5714285714285714,0.0,1.2,5.0,5.0,0.0,0.0,0.0,0.0,0.0,0.2857142857142857,0.0,0.4,0.0,0.0,0.5714285714285714,1.0,0.2,2.0,1.0,0.7142857142857143,0.0,0.8,1.0,1.0,0.14285714285714285,0.0,0.2,0.0,0.0,0.7142857142857143,0.0,1.0,0.0,0.0,0.7142857142857143,0.0,0.8,1.0,1.0,0.42857142857142855,0.0,0.6,0.0,0.0,0.42857142857142855,0.0,0.2,2.0,2.0,1.0,2.0,0.4,3.0,1.0,0.5714285714285714,0.0,0.8,0.0,0.0,1.1428571428571428,0.0,1.6,0.0,0.0,0.0,0.0,0.0,0.0,0.0,0.14285714285714285,0.0,0.2,0.0,0.0,0.0,0.0,0.0,0.0,0.0,0.14285714285714285,0.0,0.2,0.0,0.0,0.0,0.0,0.0,0.0,0.0,0.14285714285714285,0.0,0.2,0.0,0.0,0.2857142857142857,0.0,0.4,0.0,0.0,0.7142857142857143,0.0,1.0,0.0,0.0,0.0,0.0,0.0,0.0,0.0,0.0,0.0,0.0,0.0,0.0,0.7142857142857143,0.0,0.2,4.0,4.0,1.1428571428571428,0.0,0.2,7.0,7.0,0.0,0.0,0.0,0.0,0.0,0.14285714285714285,0.0,0.0,1.0,1.0,0.0,0.0,0.0,0.0,0.0,0.14285714285714285,0.0,0.0,1.0,1.0,0.2857142857142857,0.0,0.4,0.0,0.0,0.2857142857142857,0.0,0.4,0.0,0.0,1.4285714285714286,0.0,2.0,0.0,0.0,0.14285714285714285,0.0,0.0,1.0,1.0,0.0,0.0,0.0,0.0,0.0,0.2857142857142857,0.0,0.4,0.0,0.0,0.14285714285714285,0.0,0.2,0.0,0.0,0.0,0.0,0.0,0.0,0.0,0.0,0.0,0.0,0.0,0.0,0.0,0.0,0.0,0.0,0.0,0.2857142857142857,0.0,0.0,2.0,2.0,0.0,0.0,0.0,0.0,0.0,0.14285714285714285,0.0,0.0,1.0,1.0,0.0,0.0,0.0,0.0,0.0,0.0,0.0,0.0,0.0,0.0,0.14285714285714285,0.0,0.2,0.0,0.0,0.14285714285714285,0.0,0.2,0.0,0.0,0.0,0.0,0.0,0.0,0.0,0.0,0.0,0.0,0.0,0.0,0.0,0.0,0.0,0.0,0.0,0.0,0.0,0.0,0.0,0.0,0.0,0.0,0.0,0.0,0.0,0.0,0.0,0.0,0.0,0.0,0.0,0.0,0.0,0.0,0.0,0.14285714285714285,0.0,0.2,0.0,0.0,0.0,0.0,0.0,0.0,0.0,2,0,True,False
2022-04-07-MND-S3,2022MND,1.0,0.0,1.3333333333333333,0.0,0.0,3.0,11.0,2.1666666666666665,0.0,-11.0,0.0,0.0,0.0,0.0,0.0,0.375,0.0,0.5,0.0,0.0,0.625,1.0,0.6666666666666666,0.0,-1.0,0.125,0.0,0.16666666666666666,0.0,0.0,0.125,1.0,0.0,0.0,-1.0,0.125,0.0,0.16666666666666666,0.0,0.0,1.375,7.0,0.6666666666666666,0.0,-7.0,0.375,0.0,0.5,0.0,0.0,0.0,0.0,0.0,0.0,0.0,4.125,13.0,3.3333333333333335,0.0,-13.0,0.25,0.0,0.3333333333333333,0.0,0.0,0.0,0.0,0.0,0.0,0.0,3.0,11.0,2.1666666666666665,0.0,-11.0,0.25,0.0,0.3333333333333333,0.0,0.0,0.0,0.0,0.0,0.0,0.0,0.625,2.0,0.5,0.0,-2.0,0.125,1.0,0.0,0.0,-1.0,1.125,5.0,0.6666666666666666,0.0,-5.0,0.0,0.0,0.0,0.0,0.0,1.125,0.0,1.5,0.0,0.0,0.125,0.0,0.16666666666666666,0.0,0.0,0.125,0.0,0.16666666666666666,0.0,0.0,5.0,0.0,3.0,22.0,22.0,0.25,0.0,0.3333333333333333,0.0,0.0,0.75,0.0,1.0,0.0,0.0,0.0,0.0,0.0,0.0,0.0,0.0,0.0,0.0,0.0,0.0,0.0,0.0,0.0,0.0,0.0,0.0,0.0,0.0,0.0,0.0,0.0,0.0,0.0,0.0,0.0,0.0,0.0,0.0,0.0,0.0,0.0,0.0,0.0,0.0,0.0,0.0,0.0,0.0,0.0,0.0,0.5,0.0,0.6666666666666666,0.0,0.0,0.0,0.0,0.0,0.0,0.0,0.125,0.0,0.16666666666666666,0.0,0.0,0.0,0.0,0.0,0.0,0.0,0.125,1.0,0.0,0.0,-1.0,0.0,0.0,0.0,0.0,0.0,0.0,0.0,0.0,0.0,0.0,0.0,0.0,0.0,0.0,0.0,0.25,1.0,0.16666666666666666,0.0,-1.0,0.25,0.0,0.3333333333333333,0.0,0.0,0.0,0.0,0.0,0.0,0.0,0.375,0.0,0.5,0.0,0.0,0.125,1.0,0.0,0.0,-1.0,0.0,0.0,0.0,0.0,0.0,0.25,0.0,0.3333333333333333,0.0,0.0,0.0,0.0,0.0,0.0,0.0,0.125,0.0,0.16666666666666666,0.0,0.0,0.0,0.0,0.0,0.0,0.0,0.0,0.0,0.0,0.0,0.0,0.0,0.0,0.0,0.0,0.0,0.0,0.0,0.0,0.0,0.0,0.0,0.0,0.0,0.0,0.0,0.0,0.0,0.0,0.0,0.0,0.0,0.0,0.0,0.0,0.0,0.0,0.0,0.0,0.0,0.0,0.125,0.0,0.16666666666666666,0.0,0.0,0.0,0.0,0.0,0.0,0.0,0.0,0.0,0.0,0.0,0.0,0.0,0.0,0.0,0.0,0.0,0.0,0.0,0.0,0.0,0.0,0.0,0.0,0.0,0.0,0.0,0.0,0.0,0.0,0.0,0.0,0.0,0.0,0.0,0.0,0.0,0.0,0.0,0.0,0.0,0.0,0.0,0.0,0.0,0.0,0.0,0,0,False,False
2022-04-07-MND-S4,2022MND,0.8571428571428571,0.0,1.2,0.0,0.0,2.7142857142857144,3.0,2.8,2.0,-1.0,0.0,0.0,0.0,0.0,0.0,1.5714285714285714,0.0,1.6,3.0,3.0,2.2857142857142856,0.0,2.0,6.0,6.0,0.14285714285714285,0.0,0.0,1.0,1.0,2.5714285714285716,6.0,1.4,5.0,-1.0,0.14285714285714285,0.0,0.2,0.0,0.0,2.2857142857142856,6.0,2.0,0.0,-6.0,1.5714285714285714,1.0,2.0,0.0,-1.0,0.0,0.0,0.0,0.0,0.0,5.428571428571429,11.0,4.6,4.0,-7.0,0.2857142857142857,1.0,0.2,0.0,-1.0,0.5714285714285714,0.0,0.2,3.0,3.0,4.285714285714286,8.0,4.4,0.0,-8.0,0.8571428571428571,0.0,1.2,0.0,0.0,0.0,0.0,0.0,0.0,0.0,2.0,0.0,2.0,4.0,4.0,0.0,0.0,0.0,0.0,0.0,0.7142857142857143,0.0,0.6,2.0,2.0,0.42857142857142855,0.0,0.6,0.0,0.0,0.8571428571428571,1.0,1.0,0.0,-1.0,0.8571428571428571,0.0,1.0,1.0,1.0,0.14285714285714285,0.0,0.2,0.0,0.0,2.857142857142857,8.0,2.4,0.0,-8.0,1.2857142857142858,3.0,0.8,2.0,-1.0,0.5714285714285714,0.0,0.8,0.0,0.0,1.5714285714285714,0.0,2.2,0.0,0.0,0.14285714285714285,0.0,0.2,0.0,0.0,0.2857142857142857,2.0,0.0,0.0,-2.0,0.0,0.0,0.0,0.0,0.0,0.0,0.0,0.0,0.0,0.0,0.0,0.0,0.0,0.0,0.0,0.14285714285714285,0.0,0.2,0.0,0.0,0.0,0.0,0.0,0.0,0.0,0.8571428571428571,1.0,0.8,1.0,0.0,0.14285714285714285,0.0,0.2,0.0,0.0,0.14285714285714285,0.0,0.2,0.0,0.0,1.2857142857142858,2.0,0.0,7.0,5.0,0.2857142857142857,0.0,0.4,0.0,0.0,1.0,0.0,1.4,0.0,0.0,0.42857142857142855,0.0,0.2,2.0,2.0,0.0,0.0,0.0,0.0,0.0,0.14285714285714285,1.0,0.0,0.0,-1.0,1.7142857142857142,0.0,0.6,9.0,9.0,0.0,0.0,0.0,0.0,0.0,0.8571428571428571,0.0,1.0,1.0,1.0,0.0,0.0,0.0,0.0,0.0,0.8571428571428571,1.0,0.8,1.0,0.0,0.0,0.0,0.0,0.0,0.0,0.0,0.0,0.0,0.0,0.0,0.14285714285714285,0.0,0.2,0.0,0.0,0.0,0.0,0.0,0.0,0.0,0.0,0.0,0.0,0.0,0.0,0.2857142857142857,2.0,0.0,0.0,-2.0,0.0,0.0,0.0,0.0,0.0,0.14285714285714285,0.0,0.2,0.0,0.0,0.0,0.0,0.0,0.0,0.0,0.0,0.0,0.0,0.0,0.0,0.0,0.0,0.0,0.0,0.0,0.0,0.0,0.0,0.0,0.0,0.0,0.0,0.0,0.0,0.0,0.0,0.0,0.0,0.0,0.0,0.0,0.0,0.0,0.0,0.0,0.0,0.0,0.0,0.0,0.0,0.0,0.0,0.0,0.0,0.0,0.0,0.0,0.0,0.0,0.0,0.0,0.0,0.0,0.0,0.0,0.0,0.0,0.0,0.0,0.0,0.0,0.0,0.0,0.0,0.0,2,1,True,True
2022-04-07-MND-S5,2022MND,1.875,0.0,2.5,0.0,0.0,4.625,2.0,5.833333333333333,0.0,-2.0,0.0,0.0,0.0,0.0,0.0,2.375,2.0,2.6666666666666665,1.0,-1.0,2.25,0.0,2.3333333333333335,4.0,4.0,0.375,0.0,0.3333333333333333,1.0,1.0,2.25,1.0,2.0,5.0,4.0,0.25,0.0,0.3333333333333333,0.0,0.0,2.125,6.0,1.6666666666666667,1.0,-5.0,1.25,0.0,1.6666666666666667,0.0,0.0,0.0,0.0,0.0,0.0,0.0,7.125,9.0,7.833333333333333,1.0,-8.0,0.375,1.0,0.3333333333333333,0.0,-1.0,0.625,0.0,0.3333333333333333,3.0,3.0,4.5,9.0,4.166666666666667,2.0,-7.0,1.125,1.0,1.3333333333333333,0.0,-1.0,0.0,0.0,0.0,0.0,0.0,2.5,0.0,2.8333333333333335,3.0,3.0,0.125,1.0,0.0,0.0,-1.0,1.0,0.0,1.1666666666666667,1.0,1.0,0.0,0.0,0.0,0.0,0.0,0.5,0.0,0.6666666666666666,0.0,0.0,0.75,0.0,0.6666666666666666,2.0,2.0,0.25,0.0,0.3333333333333333,0.0,0.0,1.0,0.0,1.3333333333333333,0.0,0.0,1.25,1.0,1.1666666666666667,2.0,1.0,0.625,0.0,0.8333333333333334,0.0,0.0,1.625,1.0,2.0,0.0,-1.0,0.25,0.0,0.3333333333333333,0.0,0.0,0.125,1.0,0.0,0.0,-1.0,0.0,0.0,0.0,0.0,0.0,0.125,0.0,0.16666666666666666,0.0,0.0,0.125,0.0,0.16666666666666666,0.0,0.0,0.375,0.0,0.5,0.0,0.0,0.125,0.0,0.16666666666666666,0.0,0.0,0.75,1.0,0.8333333333333334,0.0,-1.0,0.25,0.0,0.3333333333333333,0.0,0.0,0.0,0.0,0.0,0.0,0.0,1.25,0.0,0.6666666666666666,6.0,6.0,1.375,2.0,1.0,3.0,1.0,0.0,0.0,0.0,0.0,0.0,0.75,0.0,0.6666666666666666,2.0,2.0,0.0,0.0,0.0,0.0,0.0,0.125,1.0,0.0,0.0,-1.0,0.625,0.0,0.8333333333333334,0.0,0.0,0.0,0.0,0.0,0.0,0.0,1.375,0.0,1.8333333333333333,0.0,0.0,0.125,0.0,0.16666666666666666,0.0,0.0,0.5,0.0,0.5,1.0,1.0,0.0,0.0,0.0,0.0,0.0,0.0,0.0,0.0,0.0,0.0,0.0,0.0,0.0,0.0,0.0,0.0,0.0,0.0,0.0,0.0,0.0,0.0,0.0,0.0,0.0,0.25,1.0,0.16666666666666666,0.0,-1.0,0.0,0.0,0.0,0.0,0.0,0.0,0.0,0.0,0.0,0.0,0.0,0.0,0.0,0.0,0.0,0.0,0.0,0.0,0.0,0.0,0.0,0.0,0.0,0.0,0.0,0.0,0.0,0.0,0.0,0.0,0.0,0.0,0.0,0.0,0.0,0.0,0.0,0.0,0.0,0.0,0.0,0.0,0.0,0.0,0.0,0.0,0.0,0.0,0.0,0.0,0.0,0.0,0.0,0.0,0.0,0.0,0.0,0.0,0.0,0.0,0.0,0.0,0.0,0.0,0.0,0.0,0.0,0.0,0.0,0.0,0.0,0.0,0.0,0.0,0.0,2,1,True,True
2022-04-07-MND-S6,2022MND,0.8571428571428571,0.0,1.2,0.0,0.0,4.571428571428571,0.0,5.0,7.0,7.0,0.0,0.0,0.0,0.0,0.0,1.1428571428571428,0.0,0.2,7.0,7.0,1.0,0.0,0.8,3.0,3.0,0.0,0.0,0.0,0.0,0.0,1.2857142857142858,3.0,0.6,3.0,0.0,0.0,0.0,0.0,0.0,0.0,1.5714285714285714,7.0,0.8,0.0,-7.0,0.7142857142857143,0.0,1.0,0.0,0.0,0.14285714285714285,0.0,0.2,0.0,0.0,7.571428571428571,8.0,9.0,0.0,-8.0,0.0,0.0,0.0,0.0,0.0,0.2857142857142857,0.0,0.2,1.0,1.0,5.714285714285714,6.0,6.2,3.0,-3.0,0.5714285714285714,0.0,0.4,2.0,2.0,0.0,0.0,0.0,0.0,0.0,1.0,4.0,0.6,0.0,-4.0,0.14285714285714285,0.0,0.2,0.0,0.0,0.14285714285714285,0.0,0.2,0.0,0.0,0.0,0.0,0.0,0.0,0.0,0.14285714285714285,0.0,0.2,0.0,0.0,0.7142857142857143,0.0,0.8,1.0,1.0,0.14285714285714285,0.0,0.2,0.0,0.0,0.0,0.0,0.0,0.0,0.0,1.1428571428571428,1.0,1.2,1.0,0.0,1.0,1.0,1.2,0.0,-1.0,2.5714285714285716,3.0,3.0,0.0,-3.0,0.42857142857142855,0.0,0.4,1.0,1.0,0.0,0.0,0.0,0.0,0.0,0.0,0.0,0.0,0.0,0.0,0.0,0.0,0.0,0.0,0.0,0.14285714285714285,0.0,0.2,0.0,0.0,0.0,0.0,0.0,0.0,0.0,0.0,0.0,0.0,0.0,0.0,0.2857142857142857,0.0,0.4,0.0,0.0,0.14285714285714285,0.0,0.2,0.0,0.0,0.7142857142857143,1.0,0.8,0.0,-1.0,0.42857142857142855,0.0,0.0,3.0,3.0,0.2857142857142857,0.0,0.0,2.0,2.0,0.0,0.0,0.0,0.0,0.0,0.0,0.0,0.0,0.0,0.0,0.0,0.0,0.0,0.0,0.0,0.0,0.0,0.0,0.0,0.0,0.14285714285714285,0.0,0.2,0.0,0.0,0.0,0.0,0.0,0.0,0.0,0.42857142857142855,0.0,0.6,0.0,0.0,0.14285714285714285,0.0,0.0,1.0,1.0,0.2857142857142857,1.0,0.0,1.0,0.0,0.0,0.0,0.0,0.0,0.0,0.0,0.0,0.0,0.0,0.0,0.0,0.0,0.0,0.0,0.0,0.0,0.0,0.0,0.0,0.0,0.0,0.0,0.0,0.0,0.0,0.2857142857142857,1.0,0.2,0.0,-1.0,0.0,0.0,0.0,0.0,0.0,0.0,0.0,0.0,0.0,0.0,0.0,0.0,0.0,0.0,0.0,0.0,0.0,0.0,0.0,0.0,0.0,0.0,0.0,0.0,0.0,0.0,0.0,0.0,0.0,0.0,0.0,0.0,0.0,0.0,0.0,0.0,0.0,0.0,0.0,0.0,0.0,0.0,0.0,0.0,0.0,0.0,0.0,0.0,0.0,0.0,0.0,0.0,0.0,0.0,0.0,0.0,0.0,0.0,0.0,0.0,0.0,0.0,0.0,0.0,0.0,0.0,0.0,0.0,0.0,0.0,0.0,0.0,0.0,0.0,0.0,3,2,True,True
2022-04-08-MND-S1,2022MND,1.5,0.0,1.6666666666666667,2.0,2.0,4.0,0.0,5.166666666666667,1.0,1.0,0.125,0.0,0.0,1.0,1.0,2.125,1.0,2.6666666666666665,0.0,-1.0,1.25,0.0,1.5,1.0,1.0,0.25,0.0,0.3333333333333333,0.0,0.0,2.125,5.0,1.8333333333333333,1.0,-4.0,0.875,7.0,0.0,0.0,-7.0,0.875,0.0,1.1666666666666667,0.0,0.0,1.125,0.0,1.5,0.0,0.0,0.0,0.0,0.0,0.0,0.0,6.875,8.0,6.666666666666667,7.0,-1.0,0.375,1.0,0.3333333333333333,0.0,-1.0,0.25,0.0,0.3333333333333333,0.0,0.0,4.625,8.0,4.333333333333333,3.0,-5.0,1.0,0.0,1.3333333333333333,0.0,0.0,0.0,0.0,0.0,0.0,0.0,0.75,0.0,0.6666666666666666,2.0,2.0,0.0,0.0,0.0,0.0,0.0,0.25,0.0,0.16666666666666666,1.0,1.0,0.0,0.0,0.0,0.0,0.0,0.75,0.0,1.0,0.0,0.0,0.75,0.0,0.8333333333333334,1.0,1.0,0.0,0.0,0.0,0.0,0.0,1.125,8.0,0.16666666666666666,0.0,-8.0,0.75,1.0,0.8333333333333334,0.0,-1.0,0.25,0.0,0.3333333333333333,0.0,0.0,1.625,3.0,1.5,1.0,-2.0,0.0,0.0,0.0,0.0,0.0,0.0,0.0,0.0,0.0,0.0,0.0,0.0,0.0,0.0,0.0,0.0,0.0,0.0,0.0,0.0,0.125,0.0,0.16666666666666666,0.0,0.0,0.125,0.0,0.16666666666666666,0.0,0.0,0.0,0.0,0.0,0.0,0.0,0.875,0.0,1.1666666666666667,0.0,0.0,0.125,0.0,0.0,1.0,1.0,0.0,0.0,0.0,0.0,0.0,0.125,1.0,0.0,0.0,-1.0,0.875,0.0,1.1666666666666667,0.0,0.0,0.25,0.0,0.3333333333333333,0.0,0.0,0.0,0.0,0.0,0.0,0.0,0.0,0.0,0.0,0.0,0.0,0.125,0.0,0.16666666666666666,0.0,0.0,0.125,0.0,0.16666666666666666,0.0,0.0,0.125,0.0,0.16666666666666666,0.0,0.0,0.125,0.0,0.16666666666666666,0.0,0.0,0.125,0.0,0.16666666666666666,0.0,0.0,0.0,0.0,0.0,0.0,0.0,0.25,0.0,0.3333333333333333,0.0,0.0,0.0,0.0,0.0,0.0,0.0,0.0,0.0,0.0,0.0,0.0,0.0,0.0,0.0,0.0,0.0,0.0,0.0,0.0,0.0,0.0,0.0,0.0,0.0,0.0,0.0,0.0,0.0,0.0,0.0,0.0,0.0,0.0,0.0,0.0,0.0,0.0,0.0,0.0,0.0,0.0,0.0,0.0,0.0,0.0,0.0,0.0,0.0,0.0,0.0,0.0,0.0,0.0,0.0,0.0,0.0,0.0,0.0,0.0,0.0,0.0,0.0,0.0,0.0,0.0,0.0,0.0,0.0,0.0,0.0,0.0,0.0,0.0,0.0,0.0,0.0,0.0,0.0,0.0,0.0,0.0,0.0,0.0,0.0,0.0,0.0,0.0,0.0,0.0,0.0,0.0,0.0,0.0,0.0,0.0,0.0,0.0,0.0,0.0,0.0,0.0,1,0,True,False
2022-04-08-MND-S10,2022MND,1.125,0.0,1.5,0.0,0.0,1.375,0.0,1.8333333333333333,0.0,0.0,0.0,0.0,0.0,0.0,0.0,3.75,8.0,3.6666666666666665,0.0,-8.0,1.75,4.0,1.5,1.0,-3.0,0.0,0.0,0.0,0.0,0.0,0.75,4.0,0.3333333333333333,0.0,-4.0,0.0,0.0,0.0,0.0,0.0,1.25,0.0,1.6666666666666667,0.0,0.0,0.625,0.0,0.8333333333333334,0.0,0.0,0.25,0.0,0.3333333333333333,0.0,0.0,6.625,6.0,6.166666666666667,10.0,4.0,0.625,0.0,0.8333333333333334,0.0,0.0,0.125,0.0,0.16666666666666666,0.0,0.0,3.125,3.0,3.5,1.0,-2.0,0.375,1.0,0.3333333333333333,0.0,-1.0,0.0,0.0,0.0,0.0,0.0,2.25,4.0,1.8333333333333333,3.0,-1.0,0.375,0.0,0.5,0.0,0.0,0.5,2.0,0.3333333333333333,0.0,-2.0,0.0,0.0,0.0,0.0,0.0,0.5,0.0,0.5,1.0,1.0,0.375,0.0,0.5,0.0,0.0,0.125,0.0,0.16666666666666666,0.0,0.0,0.75,0.0,1.0,0.0,0.0,1.625,5.0,1.3333333333333333,0.0,-5.0,0.5,0.0,0.6666666666666666,0.0,0.0,1.125,1.0,1.3333333333333333,0.0,-1.0,0.0,0.0,0.0,0.0,0.0,0.125,0.0,0.0,1.0,1.0,0.0,0.0,0.0,0.0,0.0,0.5,0.0,0.6666666666666666,0.0,0.0,0.125,0.0,0.16666666666666666,0.0,0.0,0.0,0.0,0.0,0.0,0.0,0.125,0.0,0.16666666666666666,0.0,0.0,0.875,0.0,1.1666666666666667,0.0,0.0,0.0,0.0,0.0,0.0,0.0,0.125,0.0,0.16666666666666666,0.0,0.0,0.625,1.0,0.16666666666666666,3.0,2.0,0.125,0.0,0.16666666666666666,0.0,0.0,0.0,0.0,0.0,0.0,0.0,0.0,0.0,0.0,0.0,0.0,0.125,0.0,0.0,1.0,1.0,0.0,0.0,0.0,0.0,0.0,0.125,0.0,0.16666666666666666,0.0,0.0,0.0,0.0,0.0,0.0,0.0,1.5,4.0,1.3333333333333333,0.0,-4.0,1.25,0.0,1.5,1.0,1.0,0.125,0.0,0.0,1.0,1.0,0.125,0.0,0.16666666666666666,0.0,0.0,0.0,0.0,0.0,0.0,0.0,0.0,0.0,0.0,0.0,0.0,0.0,0.0,0.0,0.0,0.0,0.0,0.0,0.0,0.0,0.0,0.375,0.0,0.5,0.0,0.0,0.0,0.0,0.0,0.0,0.0,0.0,0.0,0.0,0.0,0.0,0.125,0.0,0.16666666666666666,0.0,0.0,0.25,0.0,0.3333333333333333,0.0,0.0,0.0,0.0,0.0,0.0,0.0,0.0,0.0,0.0,0.0,0.0,0.0,0.0,0.0,0.0,0.0,0.0,0.0,0.0,0.0,0.0,0.0,0.0,0.0,0.0,0.0,0.0,0.0,0.0,0.0,0.0,0.0,0.0,0.0,0.0,0.0,0.0,0.0,0.0,0.0,0.0,0.0,0.0,0.0,0.0,0.0,0.0,0.0,0.0,0.0,0.0,0.0,0.0,0.0,0.0,0.0,0,0,False,False
2022-04-08-MND-S11,2022MND,0.875,0.0,1.1666666666666667,0.0,0.0,4.5,0.0,5.833333333333333,1.0,1.0,0.0,0.0,0.0,0.0,0.0,2.125,2.0,2.5,0.0,-2.0,2.125,0.0,2.6666666666666665,1.0,1.0,0.25,0.0,0.3333333333333333,0.0,0.0,2.625,12.0,1.1666666666666667,2.0,-10.0,0.5,2.0,0.3333333333333333,0.0,-2.0,1.25,1.0,1.3333333333333333,1.0,0.0,0.625,0.0,0.8333333333333334,0.0,0.0,0.125,0.0,0.0,1.0,1.0,3.75,10.0,3.3333333333333335,0.0,-10.0,0.875,2.0,0.8333333333333334,0.0,-2.0,0.5,0.0,0.5,1.0,1.0,5.25,9.0,5.5,0.0,-9.0,1.5,0.0,1.8333333333333333,1.0,1.0,0.0,0.0,0.0,0.0,0.0,0.625,0.0,0.6666666666666666,1.0,1.0,0.125,0.0,0.16666666666666666,0.0,0.0,0.25,1.0,0.16666666666666666,0.0,-1.0,0.0,0.0,0.0,0.0,0.0,1.125,0.0,1.5,0.0,0.0,0.75,0.0,1.0,0.0,0.0,0.25,0.0,0.3333333333333333,0.0,0.0,1.125,0.0,1.5,0.0,0.0,0.625,0.0,0.8333333333333334,0.0,0.0,0.625,0.0,0.8333333333333334,0.0,0.0,2.125,2.0,2.5,0.0,-2.0,0.0,0.0,0.0,0.0,0.0,0.0,0.0,0.0,0.0,0.0,0.0,0.0,0.0,0.0,0.0,0.125,0.0,0.16666666666666666,0.0,0.0,0.0,0.0,0.0,0.0,0.0,0.125,0.0,0.16666666666666666,0.0,0.0,0.125,0.0,0.16666666666666666,0.0,0.0,1.0,0.0,1.3333333333333333,0.0,0.0,0.0,0.0,0.0,0.0,0.0,0.125,0.0,0.16666666666666666,0.0,0.0,0.875,0.0,0.3333333333333333,5.0,5.0,0.5,0.0,0.6666666666666666,0.0,0.0,0.625,1.0,0.6666666666666666,0.0,-1.0,0.0,0.0,0.0,0.0,0.0,0.125,0.0,0.16666666666666666,0.0,0.0,0.125,0.0,0.16666666666666666,0.0,0.0,0.0,0.0,0.0,0.0,0.0,0.0,0.0,0.0,0.0,0.0,0.75,0.0,1.0,0.0,0.0,0.0,0.0,0.0,0.0,0.0,0.25,1.0,0.16666666666666666,0.0,-1.0,0.0,0.0,0.0,0.0,0.0,0.0,0.0,0.0,0.0,0.0,0.0,0.0,0.0,0.0,0.0,0.0,0.0,0.0,0.0,0.0,0.0,0.0,0.0,0.0,0.0,0.0,0.0,0.0,0.0,0.0,0.0,0.0,0.0,0.0,0.0,0.25,0.0,0.3333333333333333,0.0,0.0,0.0,0.0,0.0,0.0,0.0,0.0,0.0,0.0,0.0,0.0,0.0,0.0,0.0,0.0,0.0,0.0,0.0,0.0,0.0,0.0,0.0,0.0,0.0,0.0,0.0,0.0,0.0,0.0,0.0,0.0,0.0,0.0,0.0,0.0,0.0,0.0,0.0,0.0,0.0,0.0,0.0,0.0,0.0,0.0,0.0,0.0,0.0,0.0,0.0,0.0,0.0,0.0,0.0,0.0,0.0,0.0,0.0,0.0,0.0,0.0,0.25,0.0,0.3333333333333333,0.0,0.0,2,0,True,False
2022-04-08-MND-S12,2022MND,0.0,0.0,,0.0,0.0,0.0,0.0,,0.0,0.0,0.0,0.0,,0.0,0.0,0.0,0.0,,0.0,0.0,0.0,0.0,,0.0,0.0,0.0,0.0,,0.0,0.0,1.0,1.0,,1.0,0.0,0.0,0.0,,0.0,0.0,0.0,0.0,,0.0,0.0,0.0,0.0,,0.0,0.0,0.0,0.0,,0.0,0.0,0.0,0.0,,0.0,0.0,0.0,0.0,,0.0,0.0,0.0,0.0,,0.0,0.0,0.0,0.0,,0.0,0.0,0.0,0.0,,0.0,0.0,0.0,0.0,,0.0,0.0,0.0,0.0,,0.0,0.0,0.0,0.0,,0.0,0.0,0.0,0.0,,0.0,0.0,0.0,0.0,,0.0,0.0,0.0,0.0,,0.0,0.0,0.0,0.0,,0.0,0.0,0.0,0.0,,0.0,0.0,0.0,0.0,,0.0,0.0,0.0,0.0,,0.0,0.0,0.0,0.0,,0.0,0.0,1.0,1.0,,1.0,0.0,0.0,0.0,,0.0,0.0,0.0,0.0,,0.0,0.0,0.0,0.0,,0.0,0.0,0.0,0.0,,0.0,0.0,0.0,0.0,,0.0,0.0,0.0,0.0,,0.0,0.0,0.0,0.0,,0.0,0.0,0.0,0.0,,0.0,0.0,0.0,0.0,,0.0,0.0,0.0,0.0,,0.0,0.0,0.0,0.0,,0.0,0.0,0.0,0.0,,0.0,0.0,0.0,0.0,,0.0,0.0,0.0,0.0,,0.0,0.0,0.0,0.0,,0.0,0.0,0.0,0.0,,0.0,0.0,0.0,0.0,,0.0,0.0,0.0,0.0,,0.0,0.0,0.0,0.0,,0.0,0.0,0.0,0.0,,0.0,0.0,0.0,0.0,,0.0,0.0,0.0,0.0,,0.0,0.0,0.0,0.0,,0.0,0.0,0.0,0.0,,0.0,0.0,0.0,0.0,,0.0,0.0,0.0,0.0,,0.0,0.0,0.0,0.0,,0.0,0.0,0.0,0.0,,0.0,0.0,0.0,0.0,,0.0,0.0,0.0,0.0,,0.0,0.0,0.0,0.0,,0.0,0.0,0.0,0.0,,0.0,0.0,0.0,0.0,,0.0,0.0,0.0,0.0,,0.0,0.0,0.0,0.0,,0.0,0.0,0.0,0.0,,0.0,0.0,0.0,0.0,,0.0,0.0,0.0,0.0,,0.0,0.0,0.0,0.0,,0.0,0.0,0.0,0.0,,0.0,0.0,0.0,0.0,,0.0,0.0,0.0,0.0,,0.0,0.0,0,0,False,False
2022-04-08-MND-S2,2022MND,2.875,0.0,3.8333333333333335,0.0,0.0,5.125,7.0,5.666666666666667,0.0,-7.0,0.25,0.0,0.3333333333333333,0.0,0.0,7.25,8.0,8.333333333333334,0.0,-8.0,4.25,2.0,5.166666666666667,1.0,-1.0,0.5,0.0,0.6666666666666666,0.0,0.0,3.0,11.0,2.1666666666666665,0.0,-11.0,1.0,6.0,0.3333333333333333,0.0,-6.0,1.0,1.0,1.1666666666666667,0.0,-1.0,0.875,0.0,1.1666666666666667,0.0,0.0,0.375,0.0,0.5,0.0,0.0,4.25,11.0,3.8333333333333335,0.0,-11.0,0.75,2.0,0.6666666666666666,0.0,-2.0,0.25,0.0,0.3333333333333333,0.0,0.0,4.5,8.0,4.5,1.0,-7.0,0.75,0.0,1.0,0.0,0.0,0.0,0.0,0.0,0.0,0.0,3.875,2.0,4.833333333333333,0.0,-2.0,0.125,0.0,0.16666666666666666,0.0,0.0,2.0,1.0,2.5,0.0,-1.0,0.0,0.0,0.0,0.0,0.0,1.125,0.0,1.5,0.0,0.0,0.75,0.0,1.0,0.0,0.0,0.25,0.0,0.3333333333333333,0.0,0.0,3.875,1.0,4.833333333333333,1.0,0.0,0.375,1.0,0.3333333333333333,0.0,-1.0,0.875,0.0,1.1666666666666667,0.0,0.0,2.25,0.0,2.8333333333333335,1.0,1.0,0.25,0.0,0.3333333333333333,0.0,0.0,0.25,0.0,0.3333333333333333,0.0,0.0,0.0,0.0,0.0,0.0,0.0,0.0,0.0,0.0,0.0,0.0,0.0,0.0,0.0,0.0,0.0,0.125,0.0,0.16666666666666666,0.0,0.0,0.0,0.0,0.0,0.0,0.0,0.875,0.0,1.1666666666666667,0.0,0.0,0.0,0.0,0.0,0.0,0.0,0.125,0.0,0.16666666666666666,0.0,0.0,1.625,1.0,2.0,0.0,-1.0,0.125,0.0,0.16666666666666666,0.0,0.0,0.25,0.0,0.3333333333333333,0.0,0.0,0.375,0.0,0.5,0.0,0.0,0.625,2.0,0.5,0.0,-2.0,0.375,1.0,0.3333333333333333,0.0,-1.0,0.625,1.0,0.5,1.0,0.0,0.25,0.0,0.3333333333333333,0.0,0.0,0.75,0.0,1.0,0.0,0.0,0.375,0.0,0.3333333333333333,1.0,1.0,0.25,0.0,0.3333333333333333,0.0,0.0,0.125,0.0,0.16666666666666666,0.0,0.0,0.0,0.0,0.0,0.0,0.0,0.125,0.0,0.16666666666666666,0.0,0.0,0.0,0.0,0.0,0.0,0.0,0.0,0.0,0.0,0.0,0.0,1.125,0.0,1.3333333333333333,1.0,1.0,0.0,0.0,0.0,0.0,0.0,0.0,0.0,0.0,0.0,0.0,0.0,0.0,0.0,0.0,0.0,0.0,0.0,0.0,0.0,0.0,0.0,0.0,0.0,0.0,0.0,0.0,0.0,0.0,0.0,0.0,0.0,0.0,0.0,0.0,0.0,0.0,0.0,0.0,0.0,0.0,0.0,0.0,0.0,0.0,0.0,0.0,0.0,0.0,0.0,0.0,0.0,0.0,0.0,0.0,0.0,0.0,0.0,0.0,0.0,0.0,0.0,0.0,0.0,0.0,0.0,0.0,0.0,0.0,0.0,0.0,0.0,0.0,0.0,0.0,0.0,0,0,False,False
2022-04-08-MND-S3,2022MND,3.875,0.0,3.3333333333333335,11.0,11.0,4.375,0.0,5.833333333333333,0.0,0.0,0.375,0.0,0.5,0.0,0.0,3.75,1.0,0.8333333333333334,24.0,23.0,2.625,2.0,3.1666666666666665,0.0,-2.0,0.25,0.0,0.3333333333333333,0.0,0.0,1.75,7.0,0.8333333333333334,2.0,-5.0,0.125,0.0,0.16666666666666666,0.0,0.0,0.25,2.0,0.0,0.0,-2.0,1.125,1.0,0.6666666666666666,4.0,3.0,0.0,0.0,0.0,0.0,0.0,6.875,3.0,8.0,4.0,1.0,0.25,1.0,0.0,1.0,0.0,0.25,0.0,0.16666666666666666,1.0,1.0,4.625,3.0,5.5,1.0,-2.0,0.375,0.0,0.0,3.0,3.0,0.0,0.0,0.0,0.0,0.0,2.75,0.0,3.5,1.0,1.0,0.0,0.0,0.0,0.0,0.0,2.875,1.0,3.1666666666666665,3.0,2.0,0.0,0.0,0.0,0.0,0.0,2.0,0.0,1.6666666666666667,6.0,6.0,0.375,0.0,0.5,0.0,0.0,0.125,0.0,0.0,1.0,1.0,1.0,0.0,1.3333333333333333,0.0,0.0,0.125,0.0,0.16666666666666666,0.0,0.0,0.375,0.0,0.3333333333333333,1.0,1.0,1.125,0.0,1.5,0.0,0.0,0.0,0.0,0.0,0.0,0.0,0.125,0.0,0.16666666666666666,0.0,0.0,0.0,0.0,0.0,0.0,0.0,0.125,0.0,0.16666666666666666,0.0,0.0,0.0,0.0,0.0,0.0,0.0,0.0,0.0,0.0,0.0,0.0,0.125,0.0,0.16666666666666666,0.0,0.0,0.375,0.0,0.5,0.0,0.0,0.125,0.0,0.16666666666666666,0.0,0.0,0.0,0.0,0.0,0.0,0.0,0.375,0.0,0.5,0.0,0.0,0.5,2.0,0.0,2.0,0.0,0.125,0.0,0.0,1.0,1.0,0.125,0.0,0.16666666666666666,0.0,0.0,0.0,0.0,0.0,0.0,0.0,0.125,0.0,0.16666666666666666,0.0,0.0,0.5,0.0,0.3333333333333333,2.0,2.0,0.0,0.0,0.0,0.0,0.0,1.125,0.0,1.5,0.0,0.0,0.0,0.0,0.0,0.0,0.0,0.0,0.0,0.0,0.0,0.0,0.625,0.0,0.8333333333333334,0.0,0.0,0.0,0.0,0.0,0.0,0.0,0.0,0.0,0.0,0.0,0.0,0.0,0.0,0.0,0.0,0.0,0.0,0.0,0.0,0.0,0.0,0.375,0.0,0.3333333333333333,1.0,1.0,0.0,0.0,0.0,0.0,0.0,0.0,0.0,0.0,0.0,0.0,0.0,0.0,0.0,0.0,0.0,0.0,0.0,0.0,0.0,0.0,0.0,0.0,0.0,0.0,0.0,0.0,0.0,0.0,0.0,0.0,0.0,0.0,0.0,0.0,0.0,0.0,0.0,0.0,0.0,0.0,0.0,0.0,0.0,0.0,0.0,0.0,0.0,0.0,0.0,0.0,0.0,0.0,0.0,0.0,0.0,0.0,0.0,0.0,0.0,0.0,0.0,0.0,0.0,0.0,0.0,0.0,0.0,0.0,0.0,0.0,0.0,0.0,0.0,0.0,0.0,0,0,False,False
2022-04-08-MND-S4,2022MND,2.75,2.0,3.0,2.0,0.0,3.75,1.0,4.166666666666667,4.0,3.0,0.375,0.0,0.5,0.0,0.0,4.5,2.0,5.5,1.0,-1.0,2.625,0.0,3.3333333333333335,1.0,1.0,0.75,0.0,1.0,0.0,0.0,0.75,2.0,0.3333333333333333,2.0,0.0,0.375,0.0,0.5,0.0,0.0,1.375,9.0,0.3333333333333333,0.0,-9.0,1.25,1.0,1.5,0.0,-1.0,0.0,0.0,0.0,0.0,0.0,3.25,9.0,2.8333333333333335,0.0,-9.0,0.625,1.0,0.6666666666666666,0.0,-1.0,0.0,0.0,0.0,0.0,0.0,4.5,9.0,4.333333333333333,1.0,-8.0,0.75,0.0,1.0,0.0,0.0,0.0,0.0,0.0,0.0,0.0,0.625,1.0,0.6666666666666666,0.0,-1.0,0.0,0.0,0.0,0.0,0.0,0.625,0.0,0.8333333333333334,0.0,0.0,0.0,0.0,0.0,0.0,0.0,1.75,1.0,2.0,1.0,0.0,0.375,0.0,0.5,0.0,0.0,0.375,0.0,0.5,0.0,0.0,1.0,0.0,1.3333333333333333,0.0,0.0,0.5,1.0,0.5,0.0,-1.0,0.375,0.0,0.5,0.0,0.0,1.75,1.0,2.1666666666666665,0.0,-1.0,0.125,1.0,0.0,0.0,-1.0,0.0,0.0,0.0,0.0,0.0,0.25,0.0,0.16666666666666666,1.0,1.0,0.125,0.0,0.16666666666666666,0.0,0.0,0.0,0.0,0.0,0.0,0.0,0.25,0.0,0.16666666666666666,1.0,1.0,0.125,0.0,0.16666666666666666,0.0,0.0,0.25,1.0,0.16666666666666666,0.0,-1.0,0.125,0.0,0.16666666666666666,0.0,0.0,0.125,0.0,0.16666666666666666,0.0,0.0,1.25,2.0,0.6666666666666666,4.0,2.0,0.0,0.0,0.0,0.0,0.0,0.0,0.0,0.0,0.0,0.0,0.125,0.0,0.16666666666666666,0.0,0.0,0.0,0.0,0.0,0.0,0.0,0.0,0.0,0.0,0.0,0.0,0.0,0.0,0.0,0.0,0.0,0.25,0.0,0.3333333333333333,0.0,0.0,0.125,0.0,0.0,1.0,1.0,0.0,0.0,0.0,0.0,0.0,0.0,0.0,0.0,0.0,0.0,0.25,0.0,0.3333333333333333,0.0,0.0,0.125,0.0,0.16666666666666666,0.0,0.0,0.0,0.0,0.0,0.0,0.0,0.0,0.0,0.0,0.0,0.0,0.0,0.0,0.0,0.0,0.0,0.125,0.0,0.16666666666666666,0.0,0.0,0.0,0.0,0.0,0.0,0.0,0.125,0.0,0.16666666666666666,0.0,0.0,0.0,0.0,0.0,0.0,0.0,0.0,0.0,0.0,0.0,0.0,0.0,0.0,0.0,0.0,0.0,0.0,0.0,0.0,0.0,0.0,0.0,0.0,0.0,0.0,0.0,0.0,0.0,0.0,0.0,0.0,0.0,0.0,0.0,0.0,0.0,0.0,0.0,0.0,0.0,0.0,0.0,0.0,0.0,0.0,0.0,0.0,0.0,0.0,0.0,0.0,0.0,0.0,0.0,0.0,0.0,0.0,0.0,0.0,0.0,0.0,0.0,0.0,0.0,0.0,0.0,1,0,True,False
2022-04-08-MND-S5,2022MND,1.2857142857142858,2.0,1.1666666666666667,,,2.2857142857142856,0.0,2.6666666666666665,,,0.0,0.0,0.0,,,1.1428571428571428,3.0,0.8333333333333334,,,2.0,0.0,2.3333333333333335,,,0.5714285714285714,0.0,0.6666666666666666,,,1.5714285714285714,2.0,1.5,,,0.0,0.0,0.0,,,2.4285714285714284,8.0,1.5,,,0.7142857142857143,0.0,0.8333333333333334,,,0.14285714285714285,1.0,0.0,,,5.857142857142857,13.0,4.666666666666667,,,0.14285714285714285,1.0,0.0,,,0.0,0.0,0.0,,,4.142857142857143,12.0,2.8333333333333335,,,0.2857142857142857,1.0,0.16666666666666666,,,0.0,0.0,0.0,,,0.2857142857142857,0.0,0.3333333333333333,,,0.5714285714285714,0.0,0.6666666666666666,,,0.2857142857142857,1.0,0.16666666666666666,,,0.0,0.0,0.0,,,0.14285714285714285,0.0,0.16666666666666666,,,0.2857142857142857,0.0,0.3333333333333333,,,0.0,0.0,0.0,,,2.7142857142857144,0.0,3.1666666666666665,,,0.7142857142857143,0.0,0.8333333333333334,,,1.4285714285714286,0.0,1.6666666666666667,,,1.1428571428571428,0.0,1.3333333333333333,,,0.2857142857142857,1.0,0.16666666666666666,,,0.0,0.0,0.0,,,0.14285714285714285,0.0,0.16666666666666666,,,0.0,0.0,0.0,,,0.14285714285714285,0.0,0.16666666666666666,,,0.14285714285714285,0.0,0.16666666666666666,,,0.0,0.0,0.0,,,0.7142857142857143,0.0,0.8333333333333334,,,0.0,0.0,0.0,,,0.2857142857142857,0.0,0.3333333333333333,,,0.42857142857142855,0.0,0.5,,,1.1428571428571428,1.0,1.1666666666666667,,,0.0,0.0,0.0,,,0.2857142857142857,0.0,0.3333333333333333,,,0.0,0.0,0.0,,,0.14285714285714285,0.0,0.16666666666666666,,,0.0,0.0,0.0,,,0.14285714285714285,0.0,0.16666666666666666,,,0.5714285714285714,0.0,0.6666666666666666,,,0.0,0.0,0.0,,,0.14285714285714285,0.0,0.16666666666666666,,,0.0,0.0,0.0,,,0.0,0.0,0.0,,,0.0,0.0,0.0,,,0.0,0.0,0.0,,,0.2857142857142857,0.0,0.3333333333333333,,,0.14285714285714285,0.0,0.16666666666666666,,,0.0,0.0,0.0,,,0.0,0.0,0.0,,,0.0,0.0,0.0,,,0.0,0.0,0.0,,,0.0,0.0,0.0,,,0.0,0.0,0.0,,,0.0,0.0,0.0,,,0.0,0.0,0.0,,,0.0,0.0,0.0,,,0.0,0.0,0.0,,,0.0,0.0,0.0,,,0.0,0.0,0.0,,,0.0,0.0,0.0,,,0.0,0.0,0.0,,,0.0,0.0,0.0,,,3,1,True,True
2022-04-08-MND-S6,2022MND,0.0,0.0,,0.0,0.0,0.0,0.0,,0.0,0.0,0.0,0.0,,0.0,0.0,0.0,0.0,,0.0,0.0,0.0,0.0,,0.0,0.0,0.0,0.0,,0.0,0.0,1.0,1.0,,1.0,0.0,0.0,0.0,,0.0,0.0,1.0,1.0,,1.0,0.0,0.0,0.0,,0.0,0.0,0.0,0.0,,0.0,0.0,0.0,0.0,,0.0,0.0,0.0,0.0,,0.0,0.0,0.0,0.0,,0.0,0.0,0.0,0.0,,0.0,0.0,0.0,0.0,,0.0,0.0,0.0,0.0,,0.0,0.0,0.0,0.0,,0.0,0.0,0.0,0.0,,0.0,0.0,0.0,0.0,,0.0,0.0,0.0,0.0,,0.0,0.0,0.0,0.0,,0.0,0.0,0.0,0.0,,0.0,0.0,0.0,0.0,,0.0,0.0,0.0,0.0,,0.0,0.0,0.0,0.0,,0.0,0.0,0.0,0.0,,0.0,0.0,0.0,0.0,,0.0,0.0,0.0,0.0,,0.0,0.0,0.0,0.0,,0.0,0.0,0.0,0.0,,0.0,0.0,0.0,0.0,,0.0,0.0,0.0,0.0,,0.0,0.0,0.0,0.0,,0.0,0.0,0.0,0.0,,0.0,0.0,0.0,0.0,,0.0,0.0,0.0,0.0,,0.0,0.0,0.0,0.0,,0.0,0.0,0.0,0.0,,0.0,0.0,0.0,0.0,,0.0,0.0,0.0,0.0,,0.0,0.0,0.0,0.0,,0.0,0.0,0.0,0.0,,0.0,0.0,0.0,0.0,,0.0,0.0,0.0,0.0,,0.0,0.0,0.0,0.0,,0.0,0.0,0.0,0.0,,0.0,0.0,0.0,0.0,,0.0,0.0,0.0,0.0,,0.0,0.0,0.0,0.0,,0.0,0.0,0.0,0.0,,0.0,0.0,0.0,0.0,,0.0,0.0,0.0,0.0,,0.0,0.0,0.0,0.0,,0.0,0.0,0.0,0.0,,0.0,0.0,0.0,0.0,,0.0,0.0,0.0,0.0,,0.0,0.0,0.0,0.0,,0.0,0.0,0.0,0.0,,0.0,0.0,0.0,0.0,,0.0,0.0,0.0,0.0,,0.0,0.0,0.0,0.0,,0.0,0.0,0.0,0.0,,0.0,0.0,0.0,0.0,,0.0,0.0,0.0,0.0,,0.0,0.0,0.0,0.0,,0.0,0.0,0.0,0.0,,0.0,0.0,0.0,0.0,,0.0,0.0,0.0,0.0,,0.0,0.0,0.0,0.0,,0.0,0.0,0,0,False,False
2022-04-08-MND-S7,2022MND,2.0,0.0,2.3333333333333335,2.0,2.0,1.875,0.0,0.8333333333333334,10.0,10.0,0.0,0.0,0.0,0.0,0.0,3.625,0.0,4.333333333333333,3.0,3.0,2.75,0.0,3.3333333333333335,2.0,2.0,0.25,0.0,0.3333333333333333,0.0,0.0,2.5,5.0,2.0,3.0,-2.0,0.0,0.0,0.0,0.0,0.0,1.5,8.0,0.6666666666666666,0.0,-8.0,1.0,0.0,1.3333333333333333,0.0,0.0,0.125,0.0,0.16666666666666666,0.0,0.0,5.0,8.0,4.833333333333333,3.0,-5.0,1.0,1.0,1.1666666666666667,0.0,-1.0,1.25,0.0,1.3333333333333333,2.0,2.0,2.5,8.0,2.0,0.0,-8.0,1.75,0.0,1.8333333333333333,3.0,3.0,0.0,0.0,0.0,0.0,0.0,0.875,1.0,1.0,0.0,-1.0,0.0,0.0,0.0,0.0,0.0,0.125,0.0,0.16666666666666666,0.0,0.0,0.0,0.0,0.0,0.0,0.0,0.5,0.0,0.6666666666666666,0.0,0.0,0.25,0.0,0.3333333333333333,0.0,0.0,0.125,0.0,0.16666666666666666,0.0,0.0,1.75,0.0,2.0,2.0,2.0,0.875,0.0,0.8333333333333334,2.0,2.0,0.25,0.0,0.3333333333333333,0.0,0.0,0.75,2.0,0.6666666666666666,0.0,-2.0,0.0,0.0,0.0,0.0,0.0,0.125,1.0,0.0,0.0,-1.0,0.0,0.0,0.0,0.0,0.0,0.125,0.0,0.0,1.0,1.0,0.0,0.0,0.0,0.0,0.0,0.0,0.0,0.0,0.0,0.0,0.0,0.0,0.0,0.0,0.0,1.0,0.0,1.0,2.0,2.0,0.0,0.0,0.0,0.0,0.0,0.0,0.0,0.0,0.0,0.0,1.375,6.0,0.16666666666666666,4.0,-2.0,2.5,0.0,2.5,5.0,5.0,0.125,0.0,0.16666666666666666,0.0,0.0,0.0,0.0,0.0,0.0,0.0,0.125,0.0,0.16666666666666666,0.0,0.0,0.375,0.0,0.5,0.0,0.0,0.375,0.0,0.5,0.0,0.0,0.0,0.0,0.0,0.0,0.0,1.375,0.0,1.8333333333333333,0.0,0.0,0.0,0.0,0.0,0.0,0.0,0.25,1.0,0.16666666666666666,0.0,-1.0,0.0,0.0,0.0,0.0,0.0,0.0,0.0,0.0,0.0,0.0,0.125,0.0,0.16666666666666666,0.0,0.0,0.0,0.0,0.0,0.0,0.0,0.125,0.0,0.16666666666666666,0.0,0.0,0.125,1.0,0.0,0.0,-1.0,0.0,0.0,0.0,0.0,0.0,0.125,0.0,0.16666666666666666,0.0,0.0,0.0,0.0,0.0,0.0,0.0,0.0,0.0,0.0,0.0,0.0,0.25,1.0,0.16666666666666666,0.0,-1.0,0.0,0.0,0.0,0.0,0.0,0.0,0.0,0.0,0.0,0.0,0.0,0.0,0.0,0.0,0.0,0.0,0.0,0.0,0.0,0.0,0.0,0.0,0.0,0.0,0.0,0.0,0.0,0.0,0.0,0.0,0.0,0.0,0.0,0.0,0.0,0.0,0.0,0.0,0.0,0.0,0.0,0.0,0.0,0.0,0.0,0.0,0.0,0.0,0.0,0.0,1,1,True,True
2022-04-08-MND-S8,2022MND,1.0,,1.1666666666666667,0.0,,7.142857142857143,,8.333333333333334,0.0,,0.14285714285714285,,0.16666666666666666,0.0,,0.14285714285714285,,0.16666666666666666,0.0,,3.857142857142857,,3.6666666666666665,5.0,,0.0,,0.0,0.0,,1.8571428571428572,,2.0,1.0,,0.14285714285714285,,0.16666666666666666,0.0,,1.7142857142857142,,2.0,0.0,,0.42857142857142855,,0.5,0.0,,0.14285714285714285,,0.0,1.0,,8.428571428571429,,9.833333333333334,0.0,,0.2857142857142857,,0.3333333333333333,0.0,,0.14285714285714285,,0.16666666666666666,0.0,,5.142857142857143,,6.0,0.0,,0.2857142857142857,,0.3333333333333333,0.0,,0.0,,0.0,0.0,,3.2857142857142856,,2.1666666666666665,10.0,,0.0,,0.0,0.0,,3.857142857142857,,4.333333333333333,1.0,,0.0,,0.0,0.0,,1.8571428571428572,,2.0,1.0,,0.2857142857142857,,0.3333333333333333,0.0,,0.0,,0.0,0.0,,3.5714285714285716,,4.166666666666667,0.0,,1.0,,1.1666666666666667,0.0,,0.14285714285714285,,0.16666666666666666,0.0,,4.571428571428571,,5.0,2.0,,0.14285714285714285,,0.16666666666666666,0.0,,0.0,,0.0,0.0,,0.0,,0.0,0.0,,0.0,,0.0,0.0,,0.0,,0.0,0.0,,0.2857142857142857,,0.3333333333333333,0.0,,0.14285714285714285,,0.16666666666666666,0.0,,0.14285714285714285,,0.16666666666666666,0.0,,0.0,,0.0,0.0,,0.14285714285714285,,0.16666666666666666,0.0,,1.0,,0.5,4.0,,0.0,,0.0,0.0,,0.2857142857142857,,0.3333333333333333,0.0,,0.0,,0.0,0.0,,0.0,,0.0,0.0,,0.2857142857142857,,0.3333333333333333,0.0,,0.14285714285714285,,0.0,1.0,,0.0,,0.0,0.0,,1.0,,1.1666666666666667,0.0,,0.42857142857142855,,0.16666666666666666,2.0,,0.5714285714285714,,0.0,4.0,,0.2857142857142857,,0.0,2.0,,0.0,,0.0,0.0,,0.0,,0.0,0.0,,0.0,,0.0,0.0,,0.0,,0.0,0.0,,0.14285714285714285,,0.16666666666666666,0.0,,0.14285714285714285,,0.16666666666666666,0.0,,0.14285714285714285,,0.16666666666666666,0.0,,0.0,,0.0,0.0,,0.0,,0.0,0.0,,0.0,,0.0,0.0,,0.0,,0.0,0.0,,0.0,,0.0,0.0,,0.0,,0.0,0.0,,0.0,,0.0,0.0,,0.0,,0.0,0.0,,0.0,,0.0,0.0,,0.0,,0.0,0.0,,0.0,,0.0,0.0,,0.0,,0.0,0.0,,0.0,,0.0,0.0,,1,0,True,False
2022-04-08-MND-S9,2022MND,4.142857142857143,,4.0,5.0,,8.428571428571429,,9.5,2.0,,0.0,,0.0,0.0,,2.0,,2.0,2.0,,2.5714285714285716,,3.0,0.0,,0.2857142857142857,,0.3333333333333333,0.0,,2.0,,1.6666666666666667,4.0,,0.14285714285714285,,0.16666666666666666,0.0,,1.1428571428571428,,1.3333333333333333,0.0,,1.0,,1.1666666666666667,0.0,,0.0,,0.0,0.0,,5.428571428571429,,6.166666666666667,1.0,,0.14285714285714285,,0.16666666666666666,0.0,,0.14285714285714285,,0.16666666666666666,0.0,,4.857142857142857,,5.333333333333333,2.0,,0.42857142857142855,,0.5,0.0,,0.0,,0.0,0.0,,0.8571428571428571,,0.8333333333333334,1.0,,0.14285714285714285,,0.0,1.0,,0.5714285714285714,,0.5,1.0,,0.0,,0.0,0.0,,0.42857142857142855,,0.5,0.0,,0.5714285714285714,,0.6666666666666666,0.0,,0.2857142857142857,,0.3333333333333333,0.0,,0.2857142857142857,,0.3333333333333333,0.0,,1.5714285714285714,,1.5,2.0,,0.42857142857142855,,0.5,0.0,,1.2857142857142858,,1.1666666666666667,2.0,,0.42857142857142855,,0.5,0.0,,0.0,,0.0,0.0,,0.0,,0.0,0.0,,0.14285714285714285,,0.16666666666666666,0.0,,0.8571428571428571,,1.0,0.0,,0.2857142857142857,,0.3333333333333333,0.0,,0.0,,0.0,0.0,,0.5714285714285714,,0.6666666666666666,0.0,,0.14285714285714285,,0.16666666666666666,0.0,,0.7142857142857143,,0.8333333333333334,0.0,,0.5714285714285714,,0.3333333333333333,2.0,,0.7142857142857143,,0.6666666666666666,1.0,,0.5714285714285714,,0.6666666666666666,0.0,,0.0,,0.0,0.0,,0.0,,0.0,0.0,,0.0,,0.0,0.0,,0.0,,0.0,0.0,,0.0,,0.0,0.0,,0.42857142857142855,,0.5,0.0,,0.14285714285714285,,0.0,1.0,,0.0,,0.0,0.0,,0.0,,0.0,0.0,,0.14285714285714285,,0.16666666666666666,0.0,,0.2857142857142857,,0.3333333333333333,0.0,,0.0,,0.0,0.0,,0.0,,0.0,0.0,,0.14285714285714285,,0.0,1.0,,0.0,,0.0,0.0,,0.14285714285714285,,0.16666666666666666,0.0,,0.0,,0.0,0.0,,0.0,,0.0,0.0,,0.0,,0.0,0.0,,0.0,,0.0,0.0,,0.0,,0.0,0.0,,0.0,,0.0,0.0,,0.0,,0.0,0.0,,0.0,,0.0,0.0,,0.0,,0.0,0.0,,0.0,,0.0,0.0,,0.0,,0.0,0.0,,0.0,,0.0,0.0,,0.0,,0.0,0.0,,0,0,False,False
