{
    "num_present_new_idea": 345,
    "num_explain_define_term": 1272,
    "num_acknowledge_contribution": 300,
    "num_expand_on_existing_idea": 1314,
    "num_provide_supporting_evidence": 957,
    "num_express_agreement": 129,
    "num_express_alternative_decision": 171,
    "num_propose_decision": 285,
    "num_express_enthusiasm": 171,
    "num_offer_constructive_criticism": 57,
    "num_confirm_decision": 228,
    "num_encourage_participation": 114,
    "num_reject_idea": 114,
    "num_express_humor": 57,
    "num_assign_task": 57,
    "elaboration_to_idea_ratio": 3.8086956521739133,
    "decision_closure_ratio": 0.8,
    "criticism_to_agreement_ratio": 0.4418604651162791,
    "num_resolve_conflict": 0,
    "net_positive_conflict_score": -114,
    "leadership_action_count": 684,
    "num_express_frustration": 0,
    "engagement_positivity_score": 528,
    "avg_speaking_duration": 44.07772020725388,
    "speaking_variance": 50.26892279134495,
    "speaking_time_ratio": {
        "JC": 0.06721915285451197,
        "AH": 0.18761020336193723,
        "CM": 0.07644684769405588,
        "CMc": 0.002057129422828259,
        "CL": 0.08898554131891384,
        "SZ": 0.011186865718427962,
        "MH": 0.0753497120018808,
        "MN": 0.055248618784530384,
        "KK": 0.07221503859566632,
        "ChM": 0.09752752635084833,
        "WS": 0.12619019630892206,
        "NB": 0.0003722424669879707,
        "DY": 0.1347517730496454,
        "CaM": 0.004839152070843619
    },
    "participation_entropy": 10.90496877948177,
    "avg_nods_per_utterance": 0.26856649395509496,
    "avg_gestures_per_utterance": 0.0,
    "avg_eye_contact_per_utterance": 0.0,
    "avg_distraction_per_utterance": 0.025043177892918825,
    "avg_confusion_per_utterance": 0.0,
    "avg_engagement_per_utterance": 0.0,
    "gesture_type_distribution": {
        "Open Palms": 642,
        "Pointing": 300,
        "Raising Hand": 15,
        "Crossed Arms": 114
    },
    "gesture_variety": {
        "JC": 1,
        "CM": 2,
        "MH": 2,
        "MN": 1,
        "ChM": 2,
        "WS": 2,
        "CL": 1,
        "DY": 2
    },
    "gesture_count_ratio": 0.3082901554404145,
    "num_interruptions": 0,
    "num_overlaps": 171,
    "interruption_rate_by_speaker": {},
    "interruption_received": {},
    "ideas_first_half": 194,
    "ideas_second_half": 151,
    "decision_lag": 1547.591304347826,
    "burstiness_of_ideas": 0.5572466643034141
}