{
    "num_assign_task": 7,
    "num_explain_define_term": 14,
    "num_confirm_decision": 2,
    "num_acknowledge_contribution": 18,
    "num_provide_supporting_evidence": 19,
    "num_expand_on_existing_idea": 31,
    "num_encourage_participation": 3,
    "num_present_new_idea": 7,
    "num_propose_decision": 11,
    "num_express_enthusiasm": 4,
    "num_express_agreement": 23,
    "num_reject_idea": 2,
    "num_express_frustration": 5,
    "num_express_alternative_decision": 1,
    "num_offer_constructive_criticism": 1,
    "num_resolve_conflict": 1,
    "num_express_humor": 5,
    "elaboration_to_idea_ratio": 4.428571428571429,
    "decision_closure_ratio": 0.18181818181818182,
    "criticism_to_agreement_ratio": 0.043478260869565216,
    "net_positive_conflict_score": -1,
    "leadership_action_count": 23,
    "engagement_positivity_score": 22,
    "avg_speaking_duration": 16.32843137254902,
    "speaking_variance": 20.9730213138118,
    "speaking_time_ratio": {
        "Kai Zhang": 0.055538877214049834,
        "Jeff Errington": 0.07235064545181627,
        "Marie-Claire Arrieta": 0.03752626838787151,
        "Ashley Harris": 0.038126688682077456,
        "Jell Barone": 0.018613029120384268,
        "Jeff Brian Harman": 0.0978685079555689,
        "Xin Zhang": 0.012008405884118884,
        "Melanie Garces": 0.008105673971780246,
        "Juli Barre": 0.03932752927048934,
        "Xu Zhang": 0.026718703092164516,
        "Jeff Brian Norman": 0.054338036625637944,
        "Jeff Miller": 0.07084959471630141,
        "Tanya Nguyen": 0.06604623236265386,
        "Carol F Huseboe": 0.003302311618132693,
        "Jeff Brian Thurman": 0.09726808766136295,
        "Xun Zhang": 0.05403782647853497,
        "Ashley Marie Gorey": 0.00870609426598619,
        "Jeff Brian Marcum": 0.0870609426598619,
        "Camille Carole Habousha": 0.024917442209546684,
        "Jarrad Horowitz": 0.06694686280396277,
        "Melanie Garami": 0.023416391474031822,
        "Maria Garami": 0.0012008405884118883,
        "Jeff Bleich": 0.015010507355148604,
        "Xun Wang": 0.005403782647853498,
        "Helene Gerasimo": 0.012608826178324827,
        "Richard Morimoto": 0.0009006304413089162,
        "Elizabeth Bess": 0.0018012608826178324
    },
    "participation_entropy": 6.66491428234073,
    "avg_nods_per_utterance": 0.0,
    "avg_gestures_per_utterance": 0.0,
    "avg_eye_contact_per_utterance": 0.0,
    "avg_distraction_per_utterance": 0.0,
    "avg_confusion_per_utterance": 0.0,
    "avg_engagement_per_utterance": 0.0,
    "gesture_type_distribution": {
        "Pointing": 16,
        "Open Palms": 16,
        "Thumbs up": 1
    },
    "gesture_variety": {
        "Jeff Errington": 2,
        "Marie-Claire Arrieta": 1,
        "Kai Zhang": 2,
        "Ashley Harris": 1,
        "Jeff Brian Harman": 1,
        "Xin Zhang": 1,
        "Xu Zhang": 1,
        "Xun Zhang": 1,
        "Ashley Marie Gorey": 1,
        "Jeff Brian Thurman": 1,
        "Jeff Brian Marcum": 1,
        "Jeff Miller": 2,
        "Camille Carole Habousha": 2,
        "Jarrad Horowitz": 1,
        "Tanya Nguyen": 1,
        "Jeff Bleich": 1
    },
    "gesture_count_ratio": 0.16176470588235295,
    "num_interruptions": 0,
    "num_overlaps": 11,
    "interruption_rate_by_speaker": {},
    "interruption_received": {},
    "screenshare_count": 1,
    "screenshare_duration": 23.0,
    "avg_screenshare_segment_length": 23.0,
    "screenshare_content": [
        "Helene shared her screen, displaying a Google Slides presentation titled \"Sociology WHO Meeting Ideas.\" The slide shown is titled \"Room 3.1 - Key points: Metabolites, metal ions and small molecules.\" It lists key points, participants, and the reporter for the session.",
        "Helene shared her screen, displaying a Google Slides presentation titled \"Sociology WHO Meeting Ideas.\" The slide shown is titled \"Room 3.1 - Key points: Metabolites, metal ions and small molecules.\" It lists key points, participants, and the reporter for the session."
    ],
    "screenshare_decision_overlap": 0.0,
    "ideas_first_half": 5,
    "ideas_second_half": 2,
    "decision_lag": 370.7142857142857,
    "burstiness_of_ideas": 0.7810249675906655,
    "conflict_resolution_latency": 781.0
}