session_group,conference_id,feature,value
2020_11_06_NES_S10,2020NES,any_complementarity_recognized,0.0
2020_11_06_NES_S12,2020NES,any_complementarity_recognized,0.0
2020_11_06_NES_S3,2020NES,any_complementarity_recognized,0.0
2020_11_06_NES_S6,2020NES,any_complementarity_recognized,0.0
2020_11_06_NES_S7,2020NES,any_complementarity_recognized,0.0
2021-10-07-CMC-S2,2021CMC,any_complementarity_recognized,0.0
2021-10-08-CMC-S10,2021CMC,any_complementarity_recognized,0.0
2021-10-08-CMC-S3,2021CMC,any_complementarity_recognized,0.0
2021-10-08-CMC-S4,2021CMC,any_complementarity_recognized,0.0
2021_04_22_MND_S2,2021MND,any_complementarity_recognized,0.0
2021_04_22_MND_S3,2021MND,any_complementarity_recognized,0.0
2021_04_22_MND_S6,2021MND,any_complementarity_recognized,0.0
2021_04_22_MND_S7,2021MND,any_complementarity_recognized,0.0
2021_04_23_MND_S13,2021MND,any_complementarity_recognized,0.0
2021_04_23_MND_S15,2021MND,any_complementarity_recognized,0.0
2021_04_23_MND_S3,2021MND,any_complementarity_recognized,0.0
2021_04_23_MND_S9,2021MND,any_complementarity_recognized,0.0
2021_09_30_MZT_S1,2021MZT,any_complementarity_recognized,0.0
2021_09_30_MZT_S3,2021MZT,any_complementarity_recognized,0.0
2021_09_30_MZT_S4,2021MZT,any_complementarity_recognized,0.0
2021_10_01_MZT_S8,2021MZT,any_complementarity_recognized,0.0
2021-11-04-NES-S3,2021NES,any_complementarity_recognized,0.0
2021-11-04-NES-S5,2021NES,any_complementarity_recognized,0.0
2021-11-04-NES-S6,2021NES,any_complementarity_recognized,0.0
2021-11-05-NES-S10,2021NES,any_complementarity_recognized,0.0
2021-11-05-NES-S4,2021NES,any_complementarity_recognized,0.0
2021-11-05-NES-S7,2021NES,any_complementarity_recognized,0.0
2021_06_11_SLU_S10,2021SLU,any_complementarity_recognized,0.0
2021_06_11_SLU_S4,2021SLU,any_complementarity_recognized,0.0
2021_06_11_SLU_S8,2021SLU,any_complementarity_recognized,0.0
2021_06_11_SLU_S9,2021SLU,any_complementarity_recognized,0.0
2022-04-07-MND-S4,2022MND,any_complementarity_recognized,0.0
2022-04-08-MND-S1,2022MND,any_complementarity_recognized,0.0
2022-04-08-MND-S12,2022MND,any_complementarity_recognized,0.0
2022-04-08-MND-S3,2022MND,any_complementarity_recognized,0.0
2022-04-08-MND-S4,2022MND,any_complementarity_recognized,0.0
2022-04-08-MND-S6,2022MND,any_complementarity_recognized,0.0
2020_11_06_NES_S7,2020NES,any_funding_awareness,0.0
2021-05-20-ABI-S1,2021ABI,any_funding_awareness,0.0
2021-05-20-ABI-S3,2021ABI,any_funding_awareness,0.0
2021-05-20-ABI-S7,2021ABI,any_funding_awareness,0.0
2021-05-21-ABI-S11,2021ABI,any_funding_awareness,0.0
2021-05-21-ABI-S14,2021ABI,any_funding_awareness,0.0
2021-05-21-ABI-S16,2021ABI,any_funding_awareness,0.0
2021-05-21-ABI-S2,2021ABI,any_funding_awareness,0.0
2021-05-21-ABI-S7,2021ABI,any_funding_awareness,0.0
2021-05-21-ABI-S9,2021ABI,any_funding_awareness,0.0
2021-10-07-CMC-S2,2021CMC,any_funding_awareness,0.0
2021-10-08-CMC-S2,2021CMC,any_funding_awareness,0.0
2021-10-08-CMC-S4,2021CMC,any_funding_awareness,0.0
2021-10-08-CMC-S6,2021CMC,any_funding_awareness,0.0
2021-10-08-CMC-S7,2021CMC,any_funding_awareness,0.0
2021_04_22_MND_S2,2021MND,any_funding_awareness,0.0
2021_04_22_MND_S6,2021MND,any_funding_awareness,0.0
2021_04_23_MND_S11,2021MND,any_funding_awareness,0.0
2021_04_23_MND_S14,2021MND,any_funding_awareness,0.0
2021_04_23_MND_S15,2021MND,any_funding_awareness,0.0
2021_04_23_MND_S4,2021MND,any_funding_awareness,0.0
2021_04_23_MND_S7,2021MND,any_funding_awareness,0.0
2021_09_30_MZT_S3,2021MZT,any_funding_awareness,0.0
2021_09_30_MZT_S4,2021MZT,any_funding_awareness,0.0
2021_10_01_MZT_S7,2021MZT,any_funding_awareness,0.0
2021_10_01_MZT_S8,2021MZT,any_funding_awareness,0.0
2021-11-04-NES-S2,2021NES,any_funding_awareness,0.0
2021-11-04-NES-S6,2021NES,any_funding_awareness,0.0
2021-11-05-NES-S8,2021NES,any_funding_awareness,0.0
2021_06_11_SLU_S10,2021SLU,any_funding_awareness,0.0
2021_06_11_SLU_S4,2021SLU,any_funding_awareness,0.0
2022-04-08-MND-S11,2022MND,any_funding_awareness,0.0
2022-04-08-MND-S12,2022MND,any_funding_awareness,0.0
2022-04-08-MND-S6,2022MND,any_funding_awareness,0.0
2022-04-08-MND-S9,2022MND,any_funding_awareness,0.0
2020_11_06_NES_S4,2020NES,any_novel_combination,0.0
2021-10-08-CMC-S10,2021CMC,any_novel_combination,0.0
2021_04_22_MND_S2,2021MND,any_novel_combination,0.0
2021-11-04-NES-S6,2021NES,any_novel_combination,0.0
2021-11-05-NES-S2,2021NES,any_novel_combination,0.0
2022-04-08-MND-S12,2022MND,any_novel_combination,0.0
2022-04-08-MND-S3,2022MND,any_novel_combination,0.0
2022-04-08-MND-S6,2022MND,any_novel_combination,0.0
2022-04-08-MND-S8,2022MND,any_novel_combination,0.0
2020_11_05_NES_S3,2020NES,any_personal_disclosure,0.0
2020_11_06_NES_S10,2020NES,any_personal_disclosure,0.0
2020_11_06_NES_S11,2020NES,any_personal_disclosure,0.0
2020_11_06_NES_S9,2020NES,any_personal_disclosure,0.0
2021-05-21-ABI-S16,2021ABI,any_personal_disclosure,0.0
2021-05-21-ABI-S3,2021ABI,any_personal_disclosure,0.0
2021_04_22_MND_S2,2021MND,any_personal_disclosure,0.0
2021_04_23_MND_S15,2021MND,any_personal_disclosure,0.0
2021_04_23_MND_S6,2021MND,any_personal_disclosure,0.0
2021_10_01_MZT_S11,2021MZT,any_personal_disclosure,0.0
2021_10_01_MZT_S12,2021MZT,any_personal_disclosure,0.0
2021-11-04-NES-S6,2021NES,any_personal_disclosure,0.0
2021-11-05-NES-S11,2021NES,any_personal_disclosure,0.0
2021_06_10_SLU_S1,2021SLU,any_personal_disclosure,0.0
2021_06_10_SLU_S4,2021SLU,any_personal_disclosure,0.0
2022-04-08-MND-S12,2022MND,any_personal_disclosure,0.0
2022-04-08-MND-S6,2022MND,any_personal_disclosure,0.0
2020_11_06_NES_S12,2020NES,any_shared_vision,0.0
2021_04_22_MND_S2,2021MND,any_shared_vision,0.0
2021_04_22_MND_S6,2021MND,any_shared_vision,0.0
2021_10_01_MZT_S10,2021MZT,any_shared_vision,0.0
2021-11-04-NES-S6,2021NES,any_shared_vision,0.0
2022-04-07-MND-S1,2022MND,any_shared_vision,0.0
2022-04-08-MND-S12,2022MND,any_shared_vision,0.0
2022-04-08-MND-S5,2022MND,any_shared_vision,0.0
2022-04-08-MND-S6,2022MND,any_shared_vision,0.0
2022-04-08-MND-S8,2022MND,any_shared_vision,0.0
2020_11_06_NES_S3,2020NES,any_skill_gap_identified,0.0
2021-10-08-CMC-S10,2021CMC,any_skill_gap_identified,0.0
2021-10-08-CMC-S9,2021CMC,any_skill_gap_identified,0.0
2021_04_22_MND_S2,2021MND,any_skill_gap_identified,0.0
2021_04_22_MND_S6,2021MND,any_skill_gap_identified,0.0
2021_04_23_MND_S6,2021MND,any_skill_gap_identified,0.0
2021_09_30_MZT_S1,2021MZT,any_skill_gap_identified,0.0
2021_09_30_MZT_S4,2021MZT,any_skill_gap_identified,0.0
2021_10_01_MZT_S1,2021MZT,any_skill_gap_identified,0.0
2021-11-04-NES-S3,2021NES,any_skill_gap_identified,0.0
2021-11-04-NES-S6,2021NES,any_skill_gap_identified,0.0
2021-11-05-NES-S10,2021NES,any_skill_gap_identified,0.0
2021-11-05-NES-S8,2021NES,any_skill_gap_identified,0.0
2021_06_10_SLU_S1,2021SLU,any_skill_gap_identified,0.0
2021_06_10_SLU_S4,2021SLU,any_skill_gap_identified,0.0
2021_06_11_SLU_S4,2021SLU,any_skill_gap_identified,0.0
2021_06_11_SLU_S7,2021SLU,any_skill_gap_identified,0.0
2022-04-08-MND-S12,2022MND,any_skill_gap_identified,0.0
2022-04-08-MND-S6,2022MND,any_skill_gap_identified,0.0
2021-05-20-ABI-S5,2021ABI,building_blocking_ratio_session,33.66665544444818
2021-05-21-ABI-S10,2021ABI,building_blocking_ratio_session,70.999929000071
2021-10-07-CMC-S4,2021CMC,building_blocking_ratio_session,48.99997550001225
2021-10-08-CMC-S7,2021CMC,building_blocking_ratio_session,37.9999810000095
2021-10-08-CMC-S9,2021CMC,building_blocking_ratio_session,64.99996750001624
2021_04_22_MND_S1,2021MND,building_blocking_ratio_session,69.99993000007001
2021_04_22_MND_S2,2021MND,building_blocking_ratio_session,1000000.0
2021_04_22_MND_S6,2021MND,building_blocking_ratio_session,15000000.0
2021_04_23_MND_S13,2021MND,building_blocking_ratio_session,42.49997875001062
2021_04_23_MND_S16,2021MND,building_blocking_ratio_session,40.49997975001012
2021_09_30_MZT_S1,2021MZT,building_blocking_ratio_session,19000000.0
2021_09_30_MZT_S5,2021MZT,building_blocking_ratio_session,37.9999810000095
2021_10_01_MZT_S11,2021MZT,building_blocking_ratio_session,38.49998075000962
2021-11-04-NES-S6,2021NES,building_blocking_ratio_session,32000000.0
2021_06_11_SLU_S3,2021SLU,building_blocking_ratio_session,71.999928000072
2021_06_11_SLU_S7,2021SLU,building_blocking_ratio_session,32.99998350000825
2020_11_05_NES_S1,2020NES,diverge_converge_arc,1.0
2020_11_05_NES_S3,2020NES,diverge_converge_arc,1.0
2021-05-21-ABI-S14,2021ABI,diverge_converge_arc,1.0
2021-05-21-ABI-S15,2021ABI,diverge_converge_arc,1.0
2021-05-21-ABI-S16,2021ABI,diverge_converge_arc,1.0
2021-05-21-ABI-S2,2021ABI,diverge_converge_arc,1.0
2021-10-07-CMC-S4,2021CMC,diverge_converge_arc,1.0
2021-10-08-CMC-S2,2021CMC,diverge_converge_arc,1.0
2021_04_22_MND_S5,2021MND,diverge_converge_arc,1.0
2021_04_22_MND_S7,2021MND,diverge_converge_arc,1.0
2021_04_22_MND_S8,2021MND,diverge_converge_arc,1.0
2021_04_23_MND_S5,2021MND,diverge_converge_arc,1.0
2021_04_23_MND_S7,2021MND,diverge_converge_arc,1.0
2021_09_30_MZT_S3,2021MZT,diverge_converge_arc,1.0
2021_09_30_MZT_S5,2021MZT,diverge_converge_arc,1.0
2021_10_01_MZT_S12,2021MZT,diverge_converge_arc,1.0
2022-04-08-MND-S4,2022MND,diverge_converge_arc,1.0
2022-04-08-MND-S7,2022MND,diverge_converge_arc,1.0
2021-05-20-ABI-S5,2021ABI,earliest_commitment_chunk,5.0
2021-05-20-ABI-S8,2021ABI,earliest_commitment_chunk,5.0
2021-05-21-ABI-S14,2021ABI,earliest_commitment_chunk,5.0
2021-05-21-ABI-S16,2021ABI,earliest_commitment_chunk,5.0
2021-05-21-ABI-S2,2021ABI,earliest_commitment_chunk,6.0
2021-05-21-ABI-S4,2021ABI,earliest_commitment_chunk,5.0
2021_04_22_MND_S1,2021MND,earliest_commitment_chunk,5.0
2021_04_22_MND_S5,2021MND,earliest_commitment_chunk,5.0
2021_04_23_MND_S1,2021MND,earliest_commitment_chunk,5.0
2021_04_23_MND_S12,2021MND,earliest_commitment_chunk,5.0
2021_04_23_MND_S7,2021MND,earliest_commitment_chunk,5.0
2021_10_01_MZT_S13,2021MZT,earliest_commitment_chunk,13.0
2021_10_01_MZT_S3,2021MZT,earliest_commitment_chunk,5.0
2021_10_01_MZT_S6,2021MZT,earliest_commitment_chunk,15.0
2021-11-05-NES-S12,2021NES,earliest_commitment_chunk,5.0
2021-11-05-NES-S7,2021NES,earliest_commitment_chunk,5.0
2021_06_10_SLU_S4,2021SLU,earliest_commitment_chunk,6.0
2021_06_11_SLU_S12,2021SLU,earliest_commitment_chunk,6.0
2021_06_11_SLU_S6,2021SLU,earliest_commitment_chunk,5.0
2022-04-08-MND-S2,2022MND,earliest_commitment_chunk,6.0
2020_11_06_NES_S2,2020NES,early_bridging,0.0
2021-10-08-CMC-S11,2021CMC,early_bridging,0.0
2021-10-08-CMC-S6,2021CMC,early_bridging,0.0
2021-10-08-CMC-S7,2021CMC,early_bridging,0.0
2021_04_22_MND_S2,2021MND,early_bridging,0.0
2021_04_22_MND_S6,2021MND,early_bridging,0.0
2021_04_23_MND_S13,2021MND,early_bridging,0.0
2021_09_30_MZT_S7,2021MZT,early_bridging,0.0
2021_10_01_MZT_S8,2021MZT,early_bridging,0.0
2021-11-04-NES-S3,2021NES,early_bridging,0.0
2021-11-05-NES-S6,2021NES,early_bridging,0.0
2021_06_11_SLU_S1,2021SLU,early_bridging,0.0
2021_06_11_SLU_S11,2021SLU,early_bridging,0.0
2021_06_11_SLU_S13,2021SLU,early_bridging,0.0
2021_06_11_SLU_S8,2021SLU,early_bridging,0.0
2021_06_11_SLU_S9,2021SLU,early_bridging,0.0
2022-04-08-MND-S11,2022MND,early_bridging,0.0
2022-04-08-MND-S12,2022MND,early_bridging,0.0
2022-04-08-MND-S6,2022MND,early_bridging,0.0
2020_11_06_NES_S12,2020NES,energy_matching_index,0.43721533442926663
2020_11_06_NES_S2,2020NES,energy_matching_index,0.39528470752104755
2021-05-21-ABI-S5,2021ABI,energy_matching_index,0.39963648116951833
2021_04_23_MND_S2,2021MND,energy_matching_index,0.38642698214185905
2021-11-05-NES-S2,2021NES,energy_matching_index,1.0
2022-04-07-MND-S1,2022MND,energy_matching_index,0.40909090909090906
2020_11_06_NES_S8,2020NES,engagement_trajectory,-2.0
2020_11_06_NES_S9,2020NES,engagement_trajectory,-2.0
2021-05-20-ABI-S8,2021ABI,engagement_trajectory,1.0
2021-05-21-ABI-S10,2021ABI,engagement_trajectory,-1.0
2021-05-21-ABI-S11,2021ABI,engagement_trajectory,-3.0
2021-05-21-ABI-S13,2021ABI,engagement_trajectory,-1.0
2021-05-21-ABI-S15,2021ABI,engagement_trajectory,-1.0
2021-05-21-ABI-S16,2021ABI,engagement_trajectory,1.0
2021-05-21-ABI-S2,2021ABI,engagement_trajectory,1.0
2021-05-21-ABI-S3,2021ABI,engagement_trajectory,-3.0
2021-05-21-ABI-S5,2021ABI,engagement_trajectory,-1.0
2021-05-21-ABI-S8,2021ABI,engagement_trajectory,1.0
2021-10-07-CMC-S2,2021CMC,engagement_trajectory,-2.0
2021-10-07-CMC-S3,2021CMC,engagement_trajectory,-1.0
2021-10-07-CMC-S5,2021CMC,engagement_trajectory,-1.0
2021-10-07-CMC-S6,2021CMC,engagement_trajectory,-3.0
2021-10-08-CMC-S14,2021CMC,engagement_trajectory,1.0
2021-10-08-CMC-S2,2021CMC,engagement_trajectory,1.0
2021-10-08-CMC-S3,2021CMC,engagement_trajectory,1.0
2021-10-08-CMC-S4,2021CMC,engagement_trajectory,1.0
2021-10-08-CMC-S8,2021CMC,engagement_trajectory,-1.0
2021-10-08-CMC-S9,2021CMC,engagement_trajectory,-1.0
2021_04_22_MND_S3,2021MND,engagement_trajectory,-1.0
2021_04_22_MND_S4,2021MND,engagement_trajectory,-1.0
2021_04_22_MND_S7,2021MND,engagement_trajectory,1.0
2021_04_23_MND_S13,2021MND,engagement_trajectory,1.0
2021_04_23_MND_S4,2021MND,engagement_trajectory,-2.0
2021_04_23_MND_S6,2021MND,engagement_trajectory,-1.0
2021_09_30_MZT_S3,2021MZT,engagement_trajectory,1.0
2021_09_30_MZT_S4,2021MZT,engagement_trajectory,-2.0
2021_10_01_MZT_S1,2021MZT,engagement_trajectory,1.0
2021_10_01_MZT_S10,2021MZT,engagement_trajectory,1.0
2021_10_01_MZT_S12,2021MZT,engagement_trajectory,1.0
2021_10_01_MZT_S2,2021MZT,engagement_trajectory,-1.0
2021_10_01_MZT_S3,2021MZT,engagement_trajectory,-1.0
2021_10_01_MZT_S4,2021MZT,engagement_trajectory,-1.0
2021_10_01_MZT_S5,2021MZT,engagement_trajectory,-1.0
2021_10_01_MZT_S6,2021MZT,engagement_trajectory,1.0
2021_10_01_MZT_S8,2021MZT,engagement_trajectory,-1.0
2021-11-04-NES-S1,2021NES,engagement_trajectory,-2.0
2021-11-04-NES-S2,2021NES,engagement_trajectory,-1.0
2021-11-04-NES-S6,2021NES,engagement_trajectory,-1.0
2021-11-05-NES-S1,2021NES,engagement_trajectory,-1.0
2021-11-05-NES-S11,2021NES,engagement_trajectory,1.0
2021-11-05-NES-S3,2021NES,engagement_trajectory,-1.0
2021-11-05-NES-S4,2021NES,engagement_trajectory,-1.0
2021-11-05-NES-S5,2021NES,engagement_trajectory,-1.0
2021-11-05-NES-S6,2021NES,engagement_trajectory,-1.0
2021-11-05-NES-S8,2021NES,engagement_trajectory,-2.0
2021_06_10_SLU_S2,2021SLU,engagement_trajectory,-1.0
2021_06_10_SLU_S4,2021SLU,engagement_trajectory,1.0
2021_06_10_SLU_S6,2021SLU,engagement_trajectory,-1.0
2021_06_10_SLU_S7,2021SLU,engagement_trajectory,-1.0
2021_06_11_SLU_S10,2021SLU,engagement_trajectory,-1.0
2021_06_11_SLU_S13,2021SLU,engagement_trajectory,1.0
2021_06_11_SLU_S2,2021SLU,engagement_trajectory,-1.0
2021_06_11_SLU_S9,2021SLU,engagement_trajectory,-2.0
2022-04-08-MND-S3,2022MND,engagement_trajectory,1.0
2021-05-21-ABI-S12,2021ABI,explore_vs_defend_ratio_session,3000000.0
2021-05-21-ABI-S2,2021ABI,explore_vs_defend_ratio_session,3000000.0
2021-05-21-ABI-S5,2021ABI,explore_vs_defend_ratio_session,3000000.0
2021-05-21-ABI-S7,2021ABI,explore_vs_defend_ratio_session,4000000.0
2021-10-07-CMC-S5,2021CMC,explore_vs_defend_ratio_session,3000000.0
2021-10-08-CMC-S12,2021CMC,explore_vs_defend_ratio_session,4000000.0
2021-10-08-CMC-S2,2021CMC,explore_vs_defend_ratio_session,3000000.0
2021-10-08-CMC-S6,2021CMC,explore_vs_defend_ratio_session,3000000.0
2021_06_11_SLU_S1,2021SLU,explore_vs_defend_ratio_session,3000000.0
2021_06_11_SLU_S11,2021SLU,explore_vs_defend_ratio_session,3000000.0
2021_04_23_MND_S7,2021MND,gini_trajectory,0.578125
2020_11_05_NES_S4,2020NES,max_ambition_level,4.0
2020_11_06_NES_S10,2020NES,max_ambition_level,4.0
2020_11_06_NES_S4,2020NES,max_ambition_level,2.0
2021-10-08-CMC-S10,2021CMC,max_ambition_level,0.0
2021-10-08-CMC-S11,2021CMC,max_ambition_level,4.0
2021_04_22_MND_S2,2021MND,max_ambition_level,0.0
2021_04_23_MND_S12,2021MND,max_ambition_level,4.0
2021_10_01_MZT_S8,2021MZT,max_ambition_level,4.0
2021-11-04-NES-S4,2021NES,max_ambition_level,4.0
2021-11-04-NES-S6,2021NES,max_ambition_level,0.0
2021-11-05-NES-S2,2021NES,max_ambition_level,2.0
2021-11-05-NES-S3,2021NES,max_ambition_level,4.0
2021-11-05-NES-S9,2021NES,max_ambition_level,4.0
2021_06_10_SLU_S1,2021SLU,max_ambition_level,4.0
2021_06_10_SLU_S3,2021SLU,max_ambition_level,4.0
2021_06_11_SLU_S1,2021SLU,max_ambition_level,4.0
2021_06_11_SLU_S11,2021SLU,max_ambition_level,4.0
2021_06_11_SLU_S13,2021SLU,max_ambition_level,4.0
2022-04-08-MND-S12,2022MND,max_ambition_level,0.0
2022-04-08-MND-S3,2022MND,max_ambition_level,2.0
2022-04-08-MND-S5,2022MND,max_ambition_level,4.0
2022-04-08-MND-S6,2022MND,max_ambition_level,0.0
2022-04-08-MND-S7,2022MND,max_ambition_level,4.0
2022-04-08-MND-S8,2022MND,max_ambition_level,0.0
2022-04-08-MND-S9,2022MND,max_ambition_level,4.0
2021_10_01_MZT_S13,2021MZT,mean_dissent_response_quality,2.8333333333333335
2021_06_10_SLU_S1,2021SLU,mean_dissent_response_quality,2.75
2021_06_10_SLU_S3,2021SLU,mean_dissent_response_quality,2.8
2022-04-07-MND-S2,2022MND,mean_dissent_response_quality,2.75
2022-04-08-MND-S1,2022MND,mean_dissent_response_quality,2.75
2022-04-08-MND-S10,2022MND,mean_dissent_response_quality,2.8
2020_11_06_NES_S1,2020NES,mean_meeting_structure_quality,0.7777777777777778
2021_04_22_MND_S2,2021MND,mean_meeting_structure_quality,0.0
2021_04_23_MND_S3,2021MND,mean_meeting_structure_quality,0.8571428571428571
2021-11-04-NES-S6,2021NES,mean_meeting_structure_quality,2.0
2022-04-08-MND-S12,2022MND,mean_meeting_structure_quality,0.0
2022-04-08-MND-S8,2022MND,mean_meeting_structure_quality,0.8571428571428571
2021-10-07-CMC-S1,2021CMC,named_next_steps_count,1.0
2021_10_01_MZT_S12,2021MZT,named_next_steps_count,1.0
2021_06_10_SLU_S7,2021SLU,named_next_steps_count,1.0
2020_11_06_NES_S10,2020NES,no_complementarity_recognition,1.0
2020_11_06_NES_S12,2020NES,no_complementarity_recognition,1.0
2020_11_06_NES_S3,2020NES,no_complementarity_recognition,1.0
2020_11_06_NES_S6,2020NES,no_complementarity_recognition,1.0
2020_11_06_NES_S7,2020NES,no_complementarity_recognition,1.0
2021-10-07-CMC-S2,2021CMC,no_complementarity_recognition,1.0
2021-10-08-CMC-S10,2021CMC,no_complementarity_recognition,1.0
2021-10-08-CMC-S3,2021CMC,no_complementarity_recognition,1.0
2021-10-08-CMC-S4,2021CMC,no_complementarity_recognition,1.0
2021_04_22_MND_S2,2021MND,no_complementarity_recognition,1.0
2021_04_22_MND_S3,2021MND,no_complementarity_recognition,1.0
2021_04_22_MND_S6,2021MND,no_complementarity_recognition,1.0
2021_04_22_MND_S7,2021MND,no_complementarity_recognition,1.0
2021_04_23_MND_S13,2021MND,no_complementarity_recognition,1.0
2021_04_23_MND_S15,2021MND,no_complementarity_recognition,1.0
2021_04_23_MND_S3,2021MND,no_complementarity_recognition,1.0
2021_04_23_MND_S9,2021MND,no_complementarity_recognition,1.0
2021_09_30_MZT_S1,2021MZT,no_complementarity_recognition,1.0
2021_09_30_MZT_S3,2021MZT,no_complementarity_recognition,1.0
2021_09_30_MZT_S4,2021MZT,no_complementarity_recognition,1.0
2021_10_01_MZT_S8,2021MZT,no_complementarity_recognition,1.0
2021-11-04-NES-S3,2021NES,no_complementarity_recognition,1.0
2021-11-04-NES-S5,2021NES,no_complementarity_recognition,1.0
2021-11-04-NES-S6,2021NES,no_complementarity_recognition,1.0
2021-11-05-NES-S10,2021NES,no_complementarity_recognition,1.0
2021-11-05-NES-S4,2021NES,no_complementarity_recognition,1.0
2021-11-05-NES-S7,2021NES,no_complementarity_recognition,1.0
2021_06_11_SLU_S10,2021SLU,no_complementarity_recognition,1.0
2021_06_11_SLU_S4,2021SLU,no_complementarity_recognition,1.0
2021_06_11_SLU_S8,2021SLU,no_complementarity_recognition,1.0
2021_06_11_SLU_S9,2021SLU,no_complementarity_recognition,1.0
2022-04-07-MND-S4,2022MND,no_complementarity_recognition,1.0
2022-04-08-MND-S1,2022MND,no_complementarity_recognition,1.0
2022-04-08-MND-S12,2022MND,no_complementarity_recognition,1.0
2022-04-08-MND-S3,2022MND,no_complementarity_recognition,1.0
2022-04-08-MND-S4,2022MND,no_complementarity_recognition,1.0
2022-04-08-MND-S6,2022MND,no_complementarity_recognition,1.0
2020_11_06_NES_S10,2020NES,outcome_has_teams,0.0
2021-05-20-ABI-S1,2021ABI,outcome_has_teams,0.0
2021-05-20-ABI-S8,2021ABI,outcome_has_teams,0.0
2021-05-21-ABI-S1,2021ABI,outcome_has_teams,0.0
2021-05-21-ABI-S10,2021ABI,outcome_has_teams,0.0
2021-05-21-ABI-S16,2021ABI,outcome_has_teams,0.0
2021-05-21-ABI-S2,2021ABI,outcome_has_teams,0.0
2021-05-21-ABI-S5,2021ABI,outcome_has_teams,0.0
2021-05-21-ABI-S6,2021ABI,outcome_has_teams,0.0
2021-10-07-CMC-S6,2021CMC,outcome_has_teams,0.0
2021-10-07-CMC-S7,2021CMC,outcome_has_teams,0.0
2021-10-08-CMC-S10,2021CMC,outcome_has_teams,0.0
2021-10-08-CMC-S8,2021CMC,outcome_has_teams,0.0
2021_04_22_MND_S2,2021MND,outcome_has_teams,0.0
2021_04_22_MND_S5,2021MND,outcome_has_teams,0.0
2021_04_22_MND_S6,2021MND,outcome_has_teams,0.0
2021_04_23_MND_S10,2021MND,outcome_has_teams,0.0
2021_04_23_MND_S13,2021MND,outcome_has_teams,0.0
2021_04_23_MND_S15,2021MND,outcome_has_teams,0.0
2021_04_23_MND_S4,2021MND,outcome_has_teams,0.0
2021_04_23_MND_S8,2021MND,outcome_has_teams,0.0
2021_10_01_MZT_S9,2021MZT,outcome_has_teams,0.0
2021-11-05-NES-S12,2021NES,outcome_has_teams,0.0
2021-11-05-NES-S8,2021NES,outcome_has_teams,0.0
2021_06_10_SLU_S7,2021SLU,outcome_has_teams,0.0
2021_06_11_SLU_S2,2021SLU,outcome_has_teams,0.0
2021_06_11_SLU_S5,2021SLU,outcome_has_teams,0.0
2022-04-07-MND-S3,2022MND,outcome_has_teams,0.0
2022-04-08-MND-S10,2022MND,outcome_has_teams,0.0
2022-04-08-MND-S12,2022MND,outcome_has_teams,0.0
2022-04-08-MND-S2,2022MND,outcome_has_teams,0.0
2022-04-08-MND-S3,2022MND,outcome_has_teams,0.0
2022-04-08-MND-S6,2022MND,outcome_has_teams,0.0
2022-04-08-MND-S9,2022MND,outcome_has_teams,0.0
2021_09_30_MZT_S7,2021MZT,outcome_num_funded_teams,5.0
2021_10_01_MZT_S13,2021MZT,outcome_num_funded_teams,4.0
2021_10_01_MZT_S3,2021MZT,outcome_num_funded_teams,3.0
2021_10_01_MZT_S6,2021MZT,outcome_num_funded_teams,3.0
2020_11_05_NES_S5,2020NES,outcome_num_teams,4.0
2021_09_30_MZT_S7,2021MZT,outcome_num_teams,8.0
2021_10_01_MZT_S13,2021MZT,outcome_num_teams,4.0
2021_10_01_MZT_S3,2021MZT,outcome_num_teams,4.0
2021_10_01_MZT_S6,2021MZT,outcome_num_teams,4.0
2021-11-05-NES-S1,2021NES,outcome_num_teams,4.0
2021-11-05-NES-S3,2021NES,outcome_num_teams,4.0
2021-11-05-NES-S6,2021NES,outcome_num_teams,4.0
2020_11_05_NES_S4,2020NES,parallel_monologue_index,0.75
2020_11_06_NES_S1,2020NES,parallel_monologue_index,0.7391304347826086
2020_11_06_NES_S4,2020NES,parallel_monologue_index,0.6666666666666666
2021-05-20-ABI-S1,2021ABI,parallel_monologue_index,0.6363636363636364
2021-11-04-NES-S5,2021NES,parallel_monologue_index,0.8
2022-04-07-MND-S5,2022MND,parallel_monologue_index,0.8
2022-04-08-MND-S1,2022MND,parallel_monologue_index,0.6666666666666666
2022-04-08-MND-S5,2022MND,parallel_monologue_index,0.8
2021-10-08-CMC-S10,2021CMC,pct_building_session,0.7704081593346522
2022-04-08-MND-S12,2022MND,pct_building_session,0.0
2022-04-08-MND-S6,2022MND,pct_building_session,0.0
2021_04_22_MND_S2,2021MND,pct_chunks_any_laughter,0.0
2021_04_22_MND_S6,2021MND,pct_chunks_any_laughter,0.0
2022-04-08-MND-S6,2022MND,pct_chunks_any_laughter,0.0
2021-05-20-ABI-S8,2021ABI,pct_chunks_appreciative_laughter,0.375
2021-10-07-CMC-S3,2021CMC,pct_chunks_appreciative_laughter,0.75
2021-10-08-CMC-S12,2021CMC,pct_chunks_appreciative_laughter,0.375
2021-10-08-CMC-S13,2021CMC,pct_chunks_appreciative_laughter,0.5
2021-10-08-CMC-S14,2021CMC,pct_chunks_appreciative_laughter,0.375
2021-10-08-CMC-S2,2021CMC,pct_chunks_appreciative_laughter,0.5
2021_04_22_MND_S5,2021MND,pct_chunks_appreciative_laughter,0.5
2021_04_23_MND_S2,2021MND,pct_chunks_appreciative_laughter,0.5714285714285714
2021_06_11_SLU_S2,2021SLU,pct_chunks_appreciative_laughter,0.4444444444444444
2021_10_01_MZT_S13,2021MZT,pct_dissent_exploratory,0.8333333333333334
2021_06_10_SLU_S1,2021SLU,pct_dissent_exploratory,0.75
2021_06_10_SLU_S3,2021SLU,pct_dissent_exploratory,0.8
2022-04-07-MND-S2,2022MND,pct_dissent_exploratory,0.75
2022-04-08-MND-S1,2022MND,pct_dissent_exploratory,0.75
2022-04-08-MND-S10,2022MND,pct_dissent_exploratory,0.8
2021-05-20-ABI-S1,2021ABI,prior_relationship_present,0.0
2021-05-20-ABI-S4,2021ABI,prior_relationship_present,0.0
2021-05-21-ABI-S10,2021ABI,prior_relationship_present,0.0
2021-05-21-ABI-S14,2021ABI,prior_relationship_present,0.0
2021-05-21-ABI-S16,2021ABI,prior_relationship_present,0.0
2021-05-21-ABI-S2,2021ABI,prior_relationship_present,0.0
2021-05-21-ABI-S7,2021ABI,prior_relationship_present,0.0
2021-10-08-CMC-S4,2021CMC,prior_relationship_present,0.0
2021_04_22_MND_S2,2021MND,prior_relationship_present,0.0
2021_04_22_MND_S3,2021MND,prior_relationship_present,0.0
2021_04_22_MND_S4,2021MND,prior_relationship_present,0.0
2021_04_23_MND_S2,2021MND,prior_relationship_present,0.0
2021_04_23_MND_S5,2021MND,prior_relationship_present,0.0
2021_04_23_MND_S6,2021MND,prior_relationship_present,0.0
2021_09_30_MZT_S1,2021MZT,prior_relationship_present,0.0
2021_10_01_MZT_S12,2021MZT,prior_relationship_present,0.0
2021_10_01_MZT_S5,2021MZT,prior_relationship_present,0.0
2021_10_01_MZT_S7,2021MZT,prior_relationship_present,0.0
2021_10_01_MZT_S8,2021MZT,prior_relationship_present,0.0
2021-11-04-NES-S3,2021NES,prior_relationship_present,0.0
2021-11-04-NES-S6,2021NES,prior_relationship_present,0.0
2021_06_10_SLU_S6,2021SLU,prior_relationship_present,0.0
2022-04-08-MND-S12,2022MND,prior_relationship_present,0.0
2022-04-08-MND-S6,2022MND,prior_relationship_present,0.0
2020_11_06_NES_S3,2020NES,pronoun_shift_occurred,0.0
2021_04_22_MND_S2,2021MND,pronoun_shift_occurred,0.0
2021_04_22_MND_S6,2021MND,pronoun_shift_occurred,0.0
2021_04_23_MND_S14,2021MND,pronoun_shift_occurred,0.0
2021_10_01_MZT_S5,2021MZT,pronoun_shift_occurred,0.0
2021-11-04-NES-S6,2021NES,pronoun_shift_occurred,0.0
2021-11-05-NES-S3,2021NES,pronoun_shift_occurred,0.0
2021_06_11_SLU_S9,2021SLU,pronoun_shift_occurred,0.0
2022-04-07-MND-S1,2022MND,pronoun_shift_occurred,0.0
2022-04-07-MND-S6,2022MND,pronoun_shift_occurred,0.0
2022-04-08-MND-S1,2022MND,pronoun_shift_occurred,0.0
2022-04-08-MND-S12,2022MND,pronoun_shift_occurred,0.0
2022-04-08-MND-S6,2022MND,pronoun_shift_occurred,0.0
2022-04-08-MND-S8,2022MND,pronoun_shift_occurred,0.0
2021-10-07-CMC-S1,2021CMC,pronoun_shift_timing,0.8571428571428571
2021-10-08-CMC-S1,2021CMC,pronoun_shift_timing,0.8571428571428571
2021-10-08-CMC-S10,2021CMC,pronoun_shift_timing,0.8571428571428571
2021-10-08-CMC-S11,2021CMC,pronoun_shift_timing,0.8571428571428571
2021_09_30_MZT_S1,2021MZT,pronoun_shift_timing,1.0
2021-11-04-NES-S3,2021NES,pronoun_shift_timing,0.7142857142857143
2021-11-04-NES-S5,2021NES,pronoun_shift_timing,0.8571428571428571
2021-11-05-NES-S10,2021NES,pronoun_shift_timing,1.0
2021-11-05-NES-S7,2021NES,pronoun_shift_timing,0.7142857142857143
2022-04-07-MND-S3,2022MND,pronoun_shift_timing,0.8571428571428571
2022-04-08-MND-S9,2022MND,pronoun_shift_timing,0.7142857142857143
2021-05-20-ABI-S2,2021ABI,psych_safety_index,-1.942890293094024e-16
2021_04_22_MND_S5,2021MND,psych_safety_index,-1.942890293094024e-16
2021_06_10_SLU_S5,2021SLU,psych_safety_index,-1.8503717077085943e-16
2020_11_05_NES_S3,2020NES,session_beginning_ambition_level_ordinal,2.5
2020_11_06_NES_S1,2020NES,session_beginning_ambition_level_ordinal,2.25
2020_11_06_NES_S3,2020NES,session_beginning_ambition_level_ordinal,3.0
2020_11_06_NES_S6,2020NES,session_beginning_ambition_level_ordinal,2.0
2021-05-21-ABI-S1,2021ABI,session_beginning_ambition_level_ordinal,3.0
2021-05-21-ABI-S13,2021ABI,session_beginning_ambition_level_ordinal,3.0
2021-05-21-ABI-S15,2021ABI,session_beginning_ambition_level_ordinal,3.0
2021-05-21-ABI-S2,2021ABI,session_beginning_ambition_level_ordinal,3.0
2021-05-21-ABI-S3,2021ABI,session_beginning_ambition_level_ordinal,3.0
2021-05-21-ABI-S7,2021ABI,session_beginning_ambition_level_ordinal,3.0
2021-10-07-CMC-S3,2021CMC,session_beginning_ambition_level_ordinal,3.0
2021-10-07-CMC-S4,2021CMC,session_beginning_ambition_level_ordinal,3.0
2021-10-07-CMC-S6,2021CMC,session_beginning_ambition_level_ordinal,3.0
2021-10-07-CMC-S7,2021CMC,session_beginning_ambition_level_ordinal,3.0
2021-10-08-CMC-S9,2021CMC,session_beginning_ambition_level_ordinal,3.0
2021_04_22_MND_S1,2021MND,session_beginning_ambition_level_ordinal,3.0
2021_04_22_MND_S3,2021MND,session_beginning_ambition_level_ordinal,3.0
2021_04_22_MND_S4,2021MND,session_beginning_ambition_level_ordinal,3.0
2021_04_23_MND_S11,2021MND,session_beginning_ambition_level_ordinal,3.0
2021_04_23_MND_S16,2021MND,session_beginning_ambition_level_ordinal,3.0
2021_04_23_MND_S4,2021MND,session_beginning_ambition_level_ordinal,3.0
2021_04_23_MND_S5,2021MND,session_beginning_ambition_level_ordinal,3.0
2021_04_23_MND_S9,2021MND,session_beginning_ambition_level_ordinal,3.0
2021_09_30_MZT_S1,2021MZT,session_beginning_ambition_level_ordinal,2.0
2021_09_30_MZT_S2,2021MZT,session_beginning_ambition_level_ordinal,3.0
2021_09_30_MZT_S3,2021MZT,session_beginning_ambition_level_ordinal,2.0
2021_09_30_MZT_S4,2021MZT,session_beginning_ambition_level_ordinal,3.0
2021_09_30_MZT_S5,2021MZT,session_beginning_ambition_level_ordinal,3.0
2021_10_01_MZT_S12,2021MZT,session_beginning_ambition_level_ordinal,3.0
2021-11-04-NES-S1,2021NES,session_beginning_ambition_level_ordinal,3.0
2021-11-04-NES-S2,2021NES,session_beginning_ambition_level_ordinal,3.0
2021_06_10_SLU_S7,2021SLU,session_beginning_ambition_level_ordinal,3.0
2021_06_11_SLU_S10,2021SLU,session_beginning_ambition_level_ordinal,3.0
2022-04-08-MND-S10,2022MND,session_beginning_ambition_level_ordinal,3.0
2020_11_05_NES_S3,2020NES,session_beginning_artifact_interaction,0.5
2020_11_05_NES_S4,2020NES,session_beginning_artifact_interaction,0.3333333333333333
2020_11_05_NES_S5,2020NES,session_beginning_artifact_interaction,0.5
2020_11_05_NES_S6,2020NES,session_beginning_artifact_interaction,0.16666666666666666
2021-05-20-ABI-S7,2021ABI,session_beginning_artifact_interaction,1.0
2021-05-20-ABI-S8,2021ABI,session_beginning_artifact_interaction,1.0
2021-05-21-ABI-S6,2021ABI,session_beginning_artifact_interaction,1.0
2021-10-07-CMC-S4,2021CMC,session_beginning_artifact_interaction,1.0
2021-10-07-CMC-S5,2021CMC,session_beginning_artifact_interaction,1.0
2021_04_22_MND_S4,2021MND,session_beginning_artifact_interaction,1.0
2021_04_23_MND_S4,2021MND,session_beginning_artifact_interaction,1.0
2021-11-04-NES-S3,2021NES,session_beginning_artifact_interaction,1.0
2021-11-05-NES-S6,2021NES,session_beginning_artifact_interaction,1.0
2021-11-05-NES-S9,2021NES,session_beginning_artifact_interaction,1.0
2021_06_10_SLU_S1,2021SLU,session_beginning_artifact_interaction,1.0
2021_06_11_SLU_S10,2021SLU,session_beginning_artifact_interaction,1.0
2020_11_05_NES_S1,2020NES,session_beginning_blocking_count,4.5
2020_11_05_NES_S3,2020NES,session_beginning_blocking_count,1.0
2020_11_05_NES_S4,2020NES,session_beginning_blocking_count,0.16666666666666666
2020_11_05_NES_S5,2020NES,session_beginning_blocking_count,1.0
2020_11_05_NES_S6,2020NES,session_beginning_blocking_count,1.0
2020_11_06_NES_S1,2020NES,session_beginning_blocking_count,0.75
2020_11_06_NES_S10,2020NES,session_beginning_blocking_count,0.4
2020_11_06_NES_S11,2020NES,session_beginning_blocking_count,0.2
2020_11_06_NES_S12,2020NES,session_beginning_blocking_count,1.0
2020_11_06_NES_S3,2020NES,session_beginning_blocking_count,2.0
2020_11_06_NES_S4,2020NES,session_beginning_blocking_count,4.0
2020_11_06_NES_S6,2020NES,session_beginning_blocking_count,1.3333333333333333
2020_11_06_NES_S7,2020NES,session_beginning_blocking_count,0.3333333333333333
2021-05-20-ABI-S4,2021ABI,session_beginning_blocking_count,1.0
2021-05-20-ABI-S6,2021ABI,session_beginning_blocking_count,2.0
2021-10-07-CMC-S6,2021CMC,session_beginning_blocking_count,1.0
2021-10-08-CMC-S12,2021CMC,session_beginning_blocking_count,2.0
2021-10-08-CMC-S8,2021CMC,session_beginning_blocking_count,2.0
2021_04_22_MND_S3,2021MND,session_beginning_blocking_count,3.0
2021_04_23_MND_S11,2021MND,session_beginning_blocking_count,1.0
2021_04_23_MND_S14,2021MND,session_beginning_blocking_count,1.0
2021_04_23_MND_S16,2021MND,session_beginning_blocking_count,1.0
2021_04_23_MND_S4,2021MND,session_beginning_blocking_count,1.0
2021_04_23_MND_S9,2021MND,session_beginning_blocking_count,1.0
2021_09_30_MZT_S2,2021MZT,session_beginning_blocking_count,6.0
2021_10_01_MZT_S2,2021MZT,session_beginning_blocking_count,1.0
2021_10_01_MZT_S4,2021MZT,session_beginning_blocking_count,3.0
2021_10_01_MZT_S7,2021MZT,session_beginning_blocking_count,2.0
2021-11-04-NES-S1,2021NES,session_beginning_blocking_count,1.0
2021-11-04-NES-S2,2021NES,session_beginning_blocking_count,4.0
2021-11-04-NES-S4,2021NES,session_beginning_blocking_count,2.0
2021_06_10_SLU_S4,2021SLU,session_beginning_blocking_count,1.0
2021_06_10_SLU_S5,2021SLU,session_beginning_blocking_count,1.0
2021_06_10_SLU_S6,2021SLU,session_beginning_blocking_count,2.0
2022-04-07-MND-S1,2022MND,session_beginning_blocking_count,1.0
2022-04-07-MND-S4,2022MND,session_beginning_blocking_count,1.0
2022-04-08-MND-S2,2022MND,session_beginning_blocking_count,2.0
2022-04-08-MND-S4,2022MND,session_beginning_blocking_count,1.0
2022-04-08-MND-S5,2022MND,session_beginning_blocking_count,1.0
2021-05-20-ABI-S3,2021ABI,session_beginning_building_count,24.0
2021-05-20-ABI-S8,2021ABI,session_beginning_building_count,1.0
2021-10-07-CMC-S4,2021CMC,session_beginning_building_count,22.0
2021_04_22_MND_S2,2021MND,session_beginning_building_count,1.0
2021_10_01_MZT_S5,2021MZT,session_beginning_building_count,22.0
2021_10_01_MZT_S6,2021MZT,session_beginning_building_count,22.0
2022-04-08-MND-S12,2022MND,session_beginning_building_count,0.0
2022-04-08-MND-S6,2022MND,session_beginning_building_count,0.0
2020_11_05_NES_S4,2020NES,session_beginning_collective_engagement_score,2.1666666666666665
2020_11_05_NES_S6,2020NES,session_beginning_collective_engagement_score,2.5
2020_11_06_NES_S1,2020NES,session_beginning_collective_engagement_score,2.5
2020_11_06_NES_S10,2020NES,session_beginning_collective_engagement_score,2.2
2020_11_06_NES_S11,2020NES,session_beginning_collective_engagement_score,2.0
2020_11_06_NES_S2,2020NES,session_beginning_collective_engagement_score,2.0
2020_11_06_NES_S6,2020NES,session_beginning_collective_engagement_score,2.3333333333333335
2020_11_06_NES_S7,2020NES,session_beginning_collective_engagement_score,2.0
2021-05-21-ABI-S11,2021ABI,session_beginning_collective_engagement_score,4.0
2021-05-21-ABI-S15,2021ABI,session_beginning_collective_engagement_score,4.0
2021-05-21-ABI-S3,2021ABI,session_beginning_collective_engagement_score,4.0
2021-10-07-CMC-S3,2021CMC,session_beginning_collective_engagement_score,4.0
2021-10-07-CMC-S4,2021CMC,session_beginning_collective_engagement_score,4.0
2021-10-07-CMC-S6,2021CMC,session_beginning_collective_engagement_score,4.0
2021-10-07-CMC-S7,2021CMC,session_beginning_collective_engagement_score,4.0
2021-10-08-CMC-S6,2021CMC,session_beginning_collective_engagement_score,4.0
2021-10-08-CMC-S7,2021CMC,session_beginning_collective_engagement_score,4.0
2021-10-08-CMC-S9,2021CMC,session_beginning_collective_engagement_score,4.0
2021_04_22_MND_S2,2021MND,session_beginning_collective_engagement_score,1.0
2021_04_22_MND_S4,2021MND,session_beginning_collective_engagement_score,4.0
2021_09_30_MZT_S3,2021MZT,session_beginning_collective_engagement_score,2.0
2021_10_01_MZT_S1,2021MZT,session_beginning_collective_engagement_score,2.0
2021-11-05-NES-S11,2021NES,session_beginning_collective_engagement_score,2.0
2021_06_10_SLU_S7,2021SLU,session_beginning_collective_engagement_score,4.0
2022-04-08-MND-S12,2022MND,session_beginning_collective_engagement_score,2.0
2022-04-08-MND-S6,2022MND,session_beginning_collective_engagement_score,2.0
2020_11_05_NES_S6,2020NES,session_beginning_commitment_signal,0.16666666666666666
2021-05-21-ABI-S13,2021ABI,session_beginning_commitment_signal,1.0
2021-05-21-ABI-S5,2021ABI,session_beginning_commitment_signal,1.0
2021-10-07-CMC-S5,2021CMC,session_beginning_commitment_signal,1.0
2021-10-08-CMC-S12,2021CMC,session_beginning_commitment_signal,1.0
2021-10-08-CMC-S8,2021CMC,session_beginning_commitment_signal,1.0
2021_04_22_MND_S4,2021MND,session_beginning_commitment_signal,1.0
2021_06_10_SLU_S7,2021SLU,session_beginning_commitment_signal,1.0
2020_11_05_NES_S3,2020NES,session_beginning_decision_crystallization_level,1.5
2020_11_05_NES_S4,2020NES,session_beginning_decision_crystallization_level,1.1666666666666667
2020_11_05_NES_S6,2020NES,session_beginning_decision_crystallization_level,1.1666666666666667
2020_11_06_NES_S1,2020NES,session_beginning_decision_crystallization_level,1.25
2020_11_06_NES_S6,2020NES,session_beginning_decision_crystallization_level,1.3333333333333333
2021-05-21-ABI-S13,2021ABI,session_beginning_decision_crystallization_level,2.0
2021-10-07-CMC-S3,2021CMC,session_beginning_decision_crystallization_level,2.0
2021-10-07-CMC-S4,2021CMC,session_beginning_decision_crystallization_level,2.0
2021-10-08-CMC-S12,2021CMC,session_beginning_decision_crystallization_level,2.0
2021-10-08-CMC-S8,2021CMC,session_beginning_decision_crystallization_level,2.0
2021-10-08-CMC-S9,2021CMC,session_beginning_decision_crystallization_level,2.0
2021_04_22_MND_S4,2021MND,session_beginning_decision_crystallization_level,2.0
2021_04_23_MND_S4,2021MND,session_beginning_decision_crystallization_level,2.0
2021_09_30_MZT_S4,2021MZT,session_beginning_decision_crystallization_level,2.0
2021_10_01_MZT_S12,2021MZT,session_beginning_decision_crystallization_level,2.0
2021-11-04-NES-S2,2021NES,session_beginning_decision_crystallization_level,2.0
2020_11_05_NES_S1,2020NES,session_beginning_dissent_response_exploratory,1.0
2020_11_05_NES_S5,2020NES,session_beginning_dissent_response_exploratory,0.25
2020_11_06_NES_S1,2020NES,session_beginning_dissent_response_exploratory,0.25
2020_11_06_NES_S10,2020NES,session_beginning_dissent_response_exploratory,0.2
2020_11_06_NES_S12,2020NES,session_beginning_dissent_response_exploratory,0.3333333333333333
2020_11_06_NES_S3,2020NES,session_beginning_dissent_response_exploratory,1.0
2020_11_06_NES_S4,2020NES,session_beginning_dissent_response_exploratory,0.5
2020_11_06_NES_S6,2020NES,session_beginning_dissent_response_exploratory,0.6666666666666666
2020_11_06_NES_S7,2020NES,session_beginning_dissent_response_exploratory,0.3333333333333333
2021-10-07-CMC-S3,2021CMC,session_beginning_dissent_response_exploratory,1.0
2021-10-07-CMC-S4,2021CMC,session_beginning_dissent_response_exploratory,1.0
2021-10-08-CMC-S9,2021CMC,session_beginning_dissent_response_exploratory,1.0
2021_04_22_MND_S3,2021MND,session_beginning_dissent_response_exploratory,1.0
2021_04_22_MND_S4,2021MND,session_beginning_dissent_response_exploratory,1.0
2021_04_23_MND_S16,2021MND,session_beginning_dissent_response_exploratory,1.0
2021_04_23_MND_S4,2021MND,session_beginning_dissent_response_exploratory,1.0
2021_09_30_MZT_S2,2021MZT,session_beginning_dissent_response_exploratory,1.0
2021-11-04-NES-S1,2021NES,session_beginning_dissent_response_exploratory,1.0
2021-11-04-NES-S2,2021NES,session_beginning_dissent_response_exploratory,1.0
2021-11-04-NES-S4,2021NES,session_beginning_dissent_response_exploratory,1.0
2020_11_05_NES_S1,2020NES,session_beginning_dissent_was_present,1.0
2020_11_05_NES_S5,2020NES,session_beginning_dissent_was_present,0.25
2020_11_06_NES_S1,2020NES,session_beginning_dissent_was_present,0.25
2020_11_06_NES_S10,2020NES,session_beginning_dissent_was_present,0.2
2020_11_06_NES_S12,2020NES,session_beginning_dissent_was_present,0.3333333333333333
2020_11_06_NES_S3,2020NES,session_beginning_dissent_was_present,1.0
2020_11_06_NES_S4,2020NES,session_beginning_dissent_was_present,0.5
2020_11_06_NES_S6,2020NES,session_beginning_dissent_was_present,0.6666666666666666
2020_11_06_NES_S7,2020NES,session_beginning_dissent_was_present,0.3333333333333333
2021-10-07-CMC-S3,2021CMC,session_beginning_dissent_was_present,1.0
2021-10-07-CMC-S4,2021CMC,session_beginning_dissent_was_present,1.0
2021-10-08-CMC-S9,2021CMC,session_beginning_dissent_was_present,1.0
2021_04_22_MND_S3,2021MND,session_beginning_dissent_was_present,1.0
2021_04_22_MND_S4,2021MND,session_beginning_dissent_was_present,1.0
2021_04_23_MND_S16,2021MND,session_beginning_dissent_was_present,1.0
2021_04_23_MND_S4,2021MND,session_beginning_dissent_was_present,1.0
2021_09_30_MZT_S2,2021MZT,session_beginning_dissent_was_present,1.0
2021-11-04-NES-S1,2021NES,session_beginning_dissent_was_present,1.0
2021-11-04-NES-S2,2021NES,session_beginning_dissent_was_present,1.0
2021-11-04-NES-S4,2021NES,session_beginning_dissent_was_present,1.0
2020_11_05_NES_S1,2020NES,session_beginning_dominant_speaker_flag,0.5
2020_11_05_NES_S4,2020NES,session_beginning_dominant_speaker_flag,0.5
2020_11_05_NES_S6,2020NES,session_beginning_dominant_speaker_flag,0.16666666666666666
2020_11_06_NES_S10,2020NES,session_beginning_dominant_speaker_flag,0.8
2020_11_06_NES_S11,2020NES,session_beginning_dominant_speaker_flag,0.75
2020_11_06_NES_S12,2020NES,session_beginning_dominant_speaker_flag,0.6666666666666666
2020_11_06_NES_S2,2020NES,session_beginning_dominant_speaker_flag,1.0
2020_11_06_NES_S6,2020NES,session_beginning_dominant_speaker_flag,0.3333333333333333
2020_11_06_NES_S7,2020NES,session_beginning_dominant_speaker_flag,0.3333333333333333
2021-10-07-CMC-S5,2021CMC,session_beginning_dominant_speaker_flag,1.0
2021-10-07-CMC-S7,2021CMC,session_beginning_dominant_speaker_flag,1.0
2021-10-08-CMC-S1,2021CMC,session_beginning_dominant_speaker_flag,1.0
2021-10-08-CMC-S11,2021CMC,session_beginning_dominant_speaker_flag,1.0
2021-10-08-CMC-S3,2021CMC,session_beginning_dominant_speaker_flag,1.0
2021_04_22_MND_S2,2021MND,session_beginning_dominant_speaker_flag,1.0
2021_04_23_MND_S11,2021MND,session_beginning_dominant_speaker_flag,1.0
2021_04_23_MND_S14,2021MND,session_beginning_dominant_speaker_flag,1.0
2021_10_01_MZT_S11,2021MZT,session_beginning_dominant_speaker_flag,1.0
2021-11-04-NES-S3,2021NES,session_beginning_dominant_speaker_flag,1.0
2021-11-05-NES-S11,2021NES,session_beginning_dominant_speaker_flag,1.0
2021-11-05-NES-S6,2021NES,session_beginning_dominant_speaker_flag,1.0
2021-11-05-NES-S7,2021NES,session_beginning_dominant_speaker_flag,1.0
2021_06_11_SLU_S6,2021SLU,session_beginning_dominant_speaker_flag,1.0
2022-04-08-MND-S6,2022MND,session_beginning_dominant_speaker_flag,1.0
2020_11_05_NES_S3,2020NES,session_beginning_explicit_complementarity,0.5
2020_11_05_NES_S4,2020NES,session_beginning_explicit_complementarity,0.16666666666666666
2020_11_05_NES_S5,2020NES,session_beginning_explicit_complementarity,0.5
2020_11_05_NES_S6,2020NES,session_beginning_explicit_complementarity,0.5
2020_11_06_NES_S1,2020NES,session_beginning_explicit_complementarity,0.25
2020_11_06_NES_S11,2020NES,session_beginning_explicit_complementarity,0.2
2020_11_06_NES_S4,2020NES,session_beginning_explicit_complementarity,0.5
2021-05-20-ABI-S3,2021ABI,session_beginning_explicit_complementarity,1.0
2021-05-20-ABI-S5,2021ABI,session_beginning_explicit_complementarity,1.0
2021-05-21-ABI-S1,2021ABI,session_beginning_explicit_complementarity,1.0
2021-05-21-ABI-S12,2021ABI,session_beginning_explicit_complementarity,1.0
2021-05-21-ABI-S13,2021ABI,session_beginning_explicit_complementarity,1.0
2021-05-21-ABI-S15,2021ABI,session_beginning_explicit_complementarity,1.0
2021-05-21-ABI-S16,2021ABI,session_beginning_explicit_complementarity,1.0
2021-05-21-ABI-S3,2021ABI,session_beginning_explicit_complementarity,1.0
2021-05-21-ABI-S7,2021ABI,session_beginning_explicit_complementarity,1.0
2021-10-07-CMC-S1,2021CMC,session_beginning_explicit_complementarity,1.0
2021-10-07-CMC-S3,2021CMC,session_beginning_explicit_complementarity,1.0
2021-10-07-CMC-S4,2021CMC,session_beginning_explicit_complementarity,1.0
2021-10-07-CMC-S6,2021CMC,session_beginning_explicit_complementarity,1.0
2021-10-08-CMC-S1,2021CMC,session_beginning_explicit_complementarity,1.0
2021-10-08-CMC-S12,2021CMC,session_beginning_explicit_complementarity,1.0
2021-10-08-CMC-S5,2021CMC,session_beginning_explicit_complementarity,1.0
2021-10-08-CMC-S9,2021CMC,session_beginning_explicit_complementarity,1.0
2021_04_22_MND_S4,2021MND,session_beginning_explicit_complementarity,1.0
2021_04_22_MND_S5,2021MND,session_beginning_explicit_complementarity,1.0
2021_04_23_MND_S11,2021MND,session_beginning_explicit_complementarity,1.0
2021_04_23_MND_S4,2021MND,session_beginning_explicit_complementarity,1.0
2021_04_23_MND_S5,2021MND,session_beginning_explicit_complementarity,1.0
2021_09_30_MZT_S5,2021MZT,session_beginning_explicit_complementarity,1.0
2021_10_01_MZT_S12,2021MZT,session_beginning_explicit_complementarity,1.0
2021_10_01_MZT_S9,2021MZT,session_beginning_explicit_complementarity,1.0
2021-11-04-NES-S1,2021NES,session_beginning_explicit_complementarity,1.0
2021-11-04-NES-S2,2021NES,session_beginning_explicit_complementarity,1.0
2021-11-05-NES-S9,2021NES,session_beginning_explicit_complementarity,1.0
2021_06_11_SLU_S12,2021SLU,session_beginning_explicit_complementarity,1.0
2021_06_11_SLU_S5,2021SLU,session_beginning_explicit_complementarity,1.0
2022-04-07-MND-S5,2022MND,session_beginning_explicit_complementarity,1.0
2022-04-08-MND-S10,2022MND,session_beginning_explicit_complementarity,1.0
2022-04-08-MND-S5,2022MND,session_beginning_explicit_complementarity,1.0
2020_11_05_NES_S1,2020NES,session_beginning_explore_vs_defend_ratio,500000.0
2020_11_06_NES_S1,2020NES,session_beginning_explore_vs_defend_ratio,250000.0
2021-10-07-CMC-S6,2021CMC,session_beginning_explore_vs_defend_ratio,1000000.0
2021-10-07-CMC-S7,2021CMC,session_beginning_explore_vs_defend_ratio,1000000.0
2021-10-08-CMC-S12,2021CMC,session_beginning_explore_vs_defend_ratio,1000000.0
2021-10-08-CMC-S4,2021CMC,session_beginning_explore_vs_defend_ratio,1000000.0
2021-10-08-CMC-S8,2021CMC,session_beginning_explore_vs_defend_ratio,1000000.0
2021_04_22_MND_S6,2021MND,session_beginning_explore_vs_defend_ratio,1000000.0
2021_09_30_MZT_S2,2021MZT,session_beginning_explore_vs_defend_ratio,1000000.0
2021-11-04-NES-S4,2021NES,session_beginning_explore_vs_defend_ratio,1000000.0
2021_06_11_SLU_S7,2021SLU,session_beginning_explore_vs_defend_ratio,2000000.0
2020_11_05_NES_S1,2020NES,session_beginning_funding_awareness,1.0
2020_11_05_NES_S4,2020NES,session_beginning_funding_awareness,0.3333333333333333
2020_11_05_NES_S6,2020NES,session_beginning_funding_awareness,0.5
2020_11_06_NES_S1,2020NES,session_beginning_funding_awareness,0.5
2020_11_06_NES_S10,2020NES,session_beginning_funding_awareness,0.6
2020_11_06_NES_S12,2020NES,session_beginning_funding_awareness,0.6666666666666666
2020_11_06_NES_S2,2020NES,session_beginning_funding_awareness,1.0
2020_11_06_NES_S3,2020NES,session_beginning_funding_awareness,1.0
2020_11_06_NES_S4,2020NES,session_beginning_funding_awareness,0.5
2020_11_06_NES_S6,2020NES,session_beginning_funding_awareness,0.3333333333333333
2021-05-20-ABI-S2,2021ABI,session_beginning_funding_awareness,1.0
2021-05-20-ABI-S5,2021ABI,session_beginning_funding_awareness,1.0
2021-05-21-ABI-S1,2021ABI,session_beginning_funding_awareness,1.0
2021-05-21-ABI-S15,2021ABI,session_beginning_funding_awareness,1.0
2021-05-21-ABI-S6,2021ABI,session_beginning_funding_awareness,1.0
2021-10-07-CMC-S3,2021CMC,session_beginning_funding_awareness,1.0
2021-10-08-CMC-S1,2021CMC,session_beginning_funding_awareness,1.0
2021-10-08-CMC-S10,2021CMC,session_beginning_funding_awareness,1.0
2021-10-08-CMC-S3,2021CMC,session_beginning_funding_awareness,1.0
2021-10-08-CMC-S5,2021CMC,session_beginning_funding_awareness,1.0
2021_04_23_MND_S12,2021MND,session_beginning_funding_awareness,1.0
2021_04_23_MND_S16,2021MND,session_beginning_funding_awareness,1.0
2021_10_01_MZT_S1,2021MZT,session_beginning_funding_awareness,1.0
2021_10_01_MZT_S12,2021MZT,session_beginning_funding_awareness,1.0
2021_10_01_MZT_S3,2021MZT,session_beginning_funding_awareness,1.0
2021_10_01_MZT_S9,2021MZT,session_beginning_funding_awareness,1.0
2021-11-04-NES-S3,2021NES,session_beginning_funding_awareness,1.0
2021-11-04-NES-S5,2021NES,session_beginning_funding_awareness,1.0
2021-11-05-NES-S1,2021NES,session_beginning_funding_awareness,1.0
2021-11-05-NES-S5,2021NES,session_beginning_funding_awareness,1.0
2021_06_10_SLU_S4,2021SLU,session_beginning_funding_awareness,1.0
2021_06_10_SLU_S6,2021SLU,session_beginning_funding_awareness,1.0
2021_06_11_SLU_S1,2021SLU,session_beginning_funding_awareness,1.0
2021_06_11_SLU_S8,2021SLU,session_beginning_funding_awareness,1.0
2022-04-07-MND-S3,2022MND,session_beginning_funding_awareness,1.0
2022-04-07-MND-S6,2022MND,session_beginning_funding_awareness,1.0
2022-04-08-MND-S1,2022MND,session_beginning_funding_awareness,1.0
2022-04-08-MND-S10,2022MND,session_beginning_funding_awareness,1.0
2022-04-08-MND-S2,2022MND,session_beginning_funding_awareness,1.0
2022-04-08-MND-S7,2022MND,session_beginning_funding_awareness,1.0
2020_11_06_NES_S2,2020NES,session_beginning_gini_coefficient,0.6867924528301887
2021-10-07-CMC-S7,2021CMC,session_beginning_gini_coefficient,0.672579453067258
2021-10-08-CMC-S11,2021CMC,session_beginning_gini_coefficient,0.6516492357200323
2021_04_22_MND_S2,2021MND,session_beginning_gini_coefficient,0.0
2020_11_05_NES_S1,2020NES,session_beginning_interruption_quality_ratio,500000.249999875
2020_11_05_NES_S4,2020NES,session_beginning_interruption_quality_ratio,500000.0
2020_11_05_NES_S5,2020NES,session_beginning_interruption_quality_ratio,250000.0
2020_11_06_NES_S1,2020NES,session_beginning_interruption_quality_ratio,250000.0
2020_11_06_NES_S10,2020NES,session_beginning_interruption_quality_ratio,600000.0
2020_11_06_NES_S12,2020NES,session_beginning_interruption_quality_ratio,666666.6666666666
2020_11_06_NES_S6,2020NES,session_beginning_interruption_quality_ratio,1666666.6666666667
2020_11_06_NES_S8,2020NES,session_beginning_interruption_quality_ratio,1000000.0
2021-05-21-ABI-S14,2021ABI,session_beginning_interruption_quality_ratio,1000000.0
2021-10-07-CMC-S1,2021CMC,session_beginning_interruption_quality_ratio,2000000.0
2021-10-07-CMC-S7,2021CMC,session_beginning_interruption_quality_ratio,1000000.0
2021-10-08-CMC-S11,2021CMC,session_beginning_interruption_quality_ratio,4000000.0
2021-10-08-CMC-S5,2021CMC,session_beginning_interruption_quality_ratio,1000000.0
2021_04_23_MND_S1,2021MND,session_beginning_interruption_quality_ratio,3000000.0
2021_04_23_MND_S9,2021MND,session_beginning_interruption_quality_ratio,1000000.0
2021_09_30_MZT_S7,2021MZT,session_beginning_interruption_quality_ratio,2000000.0
2021_10_01_MZT_S10,2021MZT,session_beginning_interruption_quality_ratio,1000000.0
2021_10_01_MZT_S13,2021MZT,session_beginning_interruption_quality_ratio,1000000.0
2021_10_01_MZT_S7,2021MZT,session_beginning_interruption_quality_ratio,0.499999750000125
2021-11-04-NES-S1,2021NES,session_beginning_interruption_quality_ratio,4000000.0
2021-11-05-NES-S11,2021NES,session_beginning_interruption_quality_ratio,1000000.0
2021-11-05-NES-S3,2021NES,session_beginning_interruption_quality_ratio,2000000.0
2021-11-05-NES-S6,2021NES,session_beginning_interruption_quality_ratio,1000000.0
2021_06_10_SLU_S2,2021SLU,session_beginning_interruption_quality_ratio,1000000.0
2021_06_11_SLU_S12,2021SLU,session_beginning_interruption_quality_ratio,3000000.0
2021_06_11_SLU_S13,2021SLU,session_beginning_interruption_quality_ratio,1000000.0
2021_06_11_SLU_S4,2021SLU,session_beginning_interruption_quality_ratio,1000000.0
2021_06_11_SLU_S6,2021SLU,session_beginning_interruption_quality_ratio,4000000.0
2021_06_11_SLU_S8,2021SLU,session_beginning_interruption_quality_ratio,1000000.0
2021_06_11_SLU_S9,2021SLU,session_beginning_interruption_quality_ratio,1000000.0
2022-04-08-MND-S1,2022MND,session_beginning_interruption_quality_ratio,1000000.0
2022-04-08-MND-S11,2022MND,session_beginning_interruption_quality_ratio,3000000.0
2022-04-08-MND-S3,2022MND,session_beginning_interruption_quality_ratio,2000000.0
2022-04-08-MND-S4,2022MND,session_beginning_interruption_quality_ratio,1000000.0
2022-04-08-MND-S7,2022MND,session_beginning_interruption_quality_ratio,1000000.0
2020_11_05_NES_S3,2020NES,session_beginning_is_novel_combination,0.5
2020_11_05_NES_S6,2020NES,session_beginning_is_novel_combination,0.3333333333333333
2020_11_06_NES_S1,2020NES,session_beginning_is_novel_combination,0.75
2020_11_06_NES_S11,2020NES,session_beginning_is_novel_combination,0.2
2020_11_06_NES_S12,2020NES,session_beginning_is_novel_combination,0.3333333333333333
2020_11_06_NES_S3,2020NES,session_beginning_is_novel_combination,1.0
2020_11_06_NES_S6,2020NES,session_beginning_is_novel_combination,0.6666666666666666
2021-05-21-ABI-S1,2021ABI,session_beginning_is_novel_combination,1.0
2021-05-21-ABI-S13,2021ABI,session_beginning_is_novel_combination,1.0
2021-05-21-ABI-S15,2021ABI,session_beginning_is_novel_combination,1.0
2021-05-21-ABI-S2,2021ABI,session_beginning_is_novel_combination,1.0
2021-05-21-ABI-S3,2021ABI,session_beginning_is_novel_combination,1.0
2021-05-21-ABI-S7,2021ABI,session_beginning_is_novel_combination,1.0
2021-10-07-CMC-S3,2021CMC,session_beginning_is_novel_combination,1.0
2021-10-07-CMC-S4,2021CMC,session_beginning_is_novel_combination,1.0
2021-10-07-CMC-S6,2021CMC,session_beginning_is_novel_combination,1.0
2021-10-07-CMC-S7,2021CMC,session_beginning_is_novel_combination,1.0
2021-10-08-CMC-S9,2021CMC,session_beginning_is_novel_combination,1.0
2021_04_22_MND_S1,2021MND,session_beginning_is_novel_combination,1.0
2021_04_22_MND_S3,2021MND,session_beginning_is_novel_combination,1.0
2021_04_22_MND_S4,2021MND,session_beginning_is_novel_combination,1.0
2021_04_23_MND_S11,2021MND,session_beginning_is_novel_combination,1.0
2021_04_23_MND_S16,2021MND,session_beginning_is_novel_combination,1.0
2021_04_23_MND_S4,2021MND,session_beginning_is_novel_combination,1.0
2021_04_23_MND_S5,2021MND,session_beginning_is_novel_combination,1.0
2021_04_23_MND_S9,2021MND,session_beginning_is_novel_combination,1.0
2021_09_30_MZT_S2,2021MZT,session_beginning_is_novel_combination,1.0
2021_09_30_MZT_S4,2021MZT,session_beginning_is_novel_combination,1.0
2021_09_30_MZT_S5,2021MZT,session_beginning_is_novel_combination,1.0
2021_10_01_MZT_S12,2021MZT,session_beginning_is_novel_combination,1.0
2021-11-04-NES-S1,2021NES,session_beginning_is_novel_combination,1.0
2021-11-04-NES-S2,2021NES,session_beginning_is_novel_combination,1.0
2021_06_10_SLU_S7,2021SLU,session_beginning_is_novel_combination,1.0
2021_06_11_SLU_S10,2021SLU,session_beginning_is_novel_combination,1.0
2022-04-08-MND-S10,2022MND,session_beginning_is_novel_combination,1.0
2020_11_05_NES_S1,2020NES,session_beginning_laughter_appreciative,0.5
2020_11_06_NES_S4,2020NES,session_beginning_laughter_appreciative,0.5
2021-10-07-CMC-S3,2021CMC,session_beginning_laughter_appreciative,1.0
2021-10-08-CMC-S9,2021CMC,session_beginning_laughter_appreciative,1.0
2021_04_22_MND_S4,2021MND,session_beginning_laughter_appreciative,1.0
2021_04_22_MND_S5,2021MND,session_beginning_laughter_appreciative,1.0
2021_04_23_MND_S4,2021MND,session_beginning_laughter_appreciative,1.0
2020_11_05_NES_S1,2020NES,session_beginning_mean_idea_quality_Knowledge_Sharing,1.1964285714285714
2020_11_05_NES_S2,2020NES,session_beginning_mean_idea_quality_Knowledge_Sharing,0.9166666666666666
2020_11_05_NES_S3,2020NES,session_beginning_mean_idea_quality_Knowledge_Sharing,1.6
2020_11_05_NES_S4,2020NES,session_beginning_mean_idea_quality_Knowledge_Sharing,0.6666666666666666
2020_11_05_NES_S5,2020NES,session_beginning_mean_idea_quality_Knowledge_Sharing,1.1111111111111112
2020_11_05_NES_S6,2020NES,session_beginning_mean_idea_quality_Knowledge_Sharing,1.2666666666666666
2020_11_06_NES_S1,2020NES,session_beginning_mean_idea_quality_Knowledge_Sharing,1.0666666666666667
2020_11_06_NES_S10,2020NES,session_beginning_mean_idea_quality_Knowledge_Sharing,1.0769230769230769
2020_11_06_NES_S12,2020NES,session_beginning_mean_idea_quality_Knowledge_Sharing,1.037037037037037
2020_11_06_NES_S2,2020NES,session_beginning_mean_idea_quality_Knowledge_Sharing,0.0
2020_11_06_NES_S3,2020NES,session_beginning_mean_idea_quality_Knowledge_Sharing,1.1666666666666667
2020_11_06_NES_S4,2020NES,session_beginning_mean_idea_quality_Knowledge_Sharing,1.0551948051948052
2020_11_06_NES_S6,2020NES,session_beginning_mean_idea_quality_Knowledge_Sharing,1.1555555555555554
2021-05-20-ABI-S7,2021ABI,session_beginning_mean_idea_quality_Knowledge_Sharing,1.1428571428571428
2021-05-20-ABI-S8,2021ABI,session_beginning_mean_idea_quality_Knowledge_Sharing,0.0
2021-05-21-ABI-S6,2021ABI,session_beginning_mean_idea_quality_Knowledge_Sharing,1.9
2021-10-07-CMC-S3,2021CMC,session_beginning_mean_idea_quality_Knowledge_Sharing,1.4
2021-10-07-CMC-S4,2021CMC,session_beginning_mean_idea_quality_Knowledge_Sharing,1.6666666666666667
2021-10-07-CMC-S5,2021CMC,session_beginning_mean_idea_quality_Knowledge_Sharing,1.25
2021-10-07-CMC-S6,2021CMC,session_beginning_mean_idea_quality_Knowledge_Sharing,0.3076923076923077
2021-10-08-CMC-S10,2021CMC,session_beginning_mean_idea_quality_Knowledge_Sharing,0.125
2021-10-08-CMC-S11,2021CMC,session_beginning_mean_idea_quality_Knowledge_Sharing,0.0
2021-10-08-CMC-S12,2021CMC,session_beginning_mean_idea_quality_Knowledge_Sharing,0.8888888888888888
2021-10-08-CMC-S4,2021CMC,session_beginning_mean_idea_quality_Knowledge_Sharing,0.9090909090909091
2021-10-08-CMC-S6,2021CMC,session_beginning_mean_idea_quality_Knowledge_Sharing,0.9090909090909091
2021-10-08-CMC-S8,2021CMC,session_beginning_mean_idea_quality_Knowledge_Sharing,0.8888888888888888
2021-10-08-CMC-S9,2021CMC,session_beginning_mean_idea_quality_Knowledge_Sharing,1.5
2021_04_22_MND_S7,2021MND,session_beginning_mean_idea_quality_Knowledge_Sharing,0.8333333333333334
2021_04_22_MND_S8,2021MND,session_beginning_mean_idea_quality_Knowledge_Sharing,0.8571428571428571
2021_04_23_MND_S11,2021MND,session_beginning_mean_idea_quality_Knowledge_Sharing,1.4285714285714286
2021_04_23_MND_S12,2021MND,session_beginning_mean_idea_quality_Knowledge_Sharing,0.9
2021_04_23_MND_S14,2021MND,session_beginning_mean_idea_quality_Knowledge_Sharing,1.2857142857142858
2021_04_23_MND_S4,2021MND,session_beginning_mean_idea_quality_Knowledge_Sharing,1.8333333333333333
2021_04_23_MND_S5,2021MND,session_beginning_mean_idea_quality_Knowledge_Sharing,1.125
2021_04_23_MND_S9,2021MND,session_beginning_mean_idea_quality_Knowledge_Sharing,1.0769230769230769
2021_09_30_MZT_S6,2021MZT,session_beginning_mean_idea_quality_Knowledge_Sharing,1.125
2021_10_01_MZT_S1,2021MZT,session_beginning_mean_idea_quality_Knowledge_Sharing,0.875
2021_10_01_MZT_S11,2021MZT,session_beginning_mean_idea_quality_Knowledge_Sharing,0.875
2021_10_01_MZT_S12,2021MZT,session_beginning_mean_idea_quality_Knowledge_Sharing,1.2
2021_10_01_MZT_S2,2021MZT,session_beginning_mean_idea_quality_Knowledge_Sharing,0.8888888888888888
2021_10_01_MZT_S5,2021MZT,session_beginning_mean_idea_quality_Knowledge_Sharing,0.0
2021_10_01_MZT_S8,2021MZT,session_beginning_mean_idea_quality_Knowledge_Sharing,0.5384615384615384
2021-11-04-NES-S1,2021NES,session_beginning_mean_idea_quality_Knowledge_Sharing,1.2857142857142858
2021-11-04-NES-S2,2021NES,session_beginning_mean_idea_quality_Knowledge_Sharing,1.1
2021-11-04-NES-S4,2021NES,session_beginning_mean_idea_quality_Knowledge_Sharing,0.0
2021-11-04-NES-S6,2021NES,session_beginning_mean_idea_quality_Knowledge_Sharing,0.0
2021-11-05-NES-S1,2021NES,session_beginning_mean_idea_quality_Knowledge_Sharing,0.7272727272727273
2021-11-05-NES-S3,2021NES,session_beginning_mean_idea_quality_Knowledge_Sharing,0.1
2021-11-05-NES-S5,2021NES,session_beginning_mean_idea_quality_Knowledge_Sharing,0.9
2021-11-05-NES-S7,2021NES,session_beginning_mean_idea_quality_Knowledge_Sharing,0.95
2021-11-05-NES-S9,2021NES,session_beginning_mean_idea_quality_Knowledge_Sharing,0.6
2021_06_10_SLU_S3,2021SLU,session_beginning_mean_idea_quality_Knowledge_Sharing,0.08333333333333333
2021_06_10_SLU_S4,2021SLU,session_beginning_mean_idea_quality_Knowledge_Sharing,0.9230769230769231
2021_06_10_SLU_S6,2021SLU,session_beginning_mean_idea_quality_Knowledge_Sharing,0.8181818181818182
2021_06_11_SLU_S11,2021SLU,session_beginning_mean_idea_quality_Knowledge_Sharing,0.9166666666666666
2021_06_11_SLU_S8,2021SLU,session_beginning_mean_idea_quality_Knowledge_Sharing,0.7777777777777778
2022-04-07-MND-S6,2022MND,session_beginning_mean_idea_quality_Knowledge_Sharing,0.6363636363636364
2022-04-08-MND-S10,2022MND,session_beginning_mean_idea_quality_Knowledge_Sharing,1.1818181818181819
2022-04-08-MND-S11,2022MND,session_beginning_mean_idea_quality_Knowledge_Sharing,0.8888888888888888
2022-04-08-MND-S7,2022MND,session_beginning_mean_idea_quality_Knowledge_Sharing,0.8888888888888888
2021_09_30_MZT_S4,2021MZT,session_beginning_mean_nod_rate,2.857142857142857
2021_10_01_MZT_S12,2021MZT,session_beginning_mean_nod_rate,4.0
2020_11_05_NES_S1,2020NES,session_beginning_mean_quality_score,1.3333333333333333
2020_11_05_NES_S3,2020NES,session_beginning_mean_quality_score,1.5965909090909092
2020_11_05_NES_S4,2020NES,session_beginning_mean_quality_score,0.8
2020_11_06_NES_S1,2020NES,session_beginning_mean_quality_score,1.4950980392156863
2020_11_06_NES_S2,2020NES,session_beginning_mean_quality_score,0.0
2020_11_06_NES_S3,2020NES,session_beginning_mean_quality_score,1.3333333333333333
2020_11_06_NES_S6,2020NES,session_beginning_mean_quality_score,1.2894021739130435
2021-05-20-ABI-S3,2021ABI,session_beginning_mean_quality_score,1.5
2021-05-20-ABI-S8,2021ABI,session_beginning_mean_quality_score,0.0
2021-05-21-ABI-S13,2021ABI,session_beginning_mean_quality_score,1.2727272727272727
2021-05-21-ABI-S15,2021ABI,session_beginning_mean_quality_score,1.3076923076923077
2021-05-21-ABI-S6,2021ABI,session_beginning_mean_quality_score,1.9
2021-10-07-CMC-S3,2021CMC,session_beginning_mean_quality_score,1.6363636363636365
2021-10-07-CMC-S4,2021CMC,session_beginning_mean_quality_score,1.75
2021-10-07-CMC-S7,2021CMC,session_beginning_mean_quality_score,2.0
2021-10-08-CMC-S10,2021CMC,session_beginning_mean_quality_score,0.2777777777777778
2021-10-08-CMC-S11,2021CMC,session_beginning_mean_quality_score,0.0
2021-10-08-CMC-S9,2021CMC,session_beginning_mean_quality_score,1.5714285714285714
2021_04_22_MND_S3,2021MND,session_beginning_mean_quality_score,1.2727272727272727
2021_04_23_MND_S11,2021MND,session_beginning_mean_quality_score,1.3571428571428572
2021_04_23_MND_S14,2021MND,session_beginning_mean_quality_score,1.4666666666666666
2021_04_23_MND_S16,2021MND,session_beginning_mean_quality_score,1.3333333333333333
2021_04_23_MND_S4,2021MND,session_beginning_mean_quality_score,1.8181818181818181
2021_09_30_MZT_S1,2021MZT,session_beginning_mean_quality_score,1.2857142857142858
2021_09_30_MZT_S2,2021MZT,session_beginning_mean_quality_score,1.2777777777777777
2021_09_30_MZT_S3,2021MZT,session_beginning_mean_quality_score,1.375
2021_09_30_MZT_S4,2021MZT,session_beginning_mean_quality_score,1.5555555555555556
2021_10_01_MZT_S12,2021MZT,session_beginning_mean_quality_score,1.4166666666666667
2021_10_01_MZT_S5,2021MZT,session_beginning_mean_quality_score,0.0
2021_10_01_MZT_S8,2021MZT,session_beginning_mean_quality_score,0.5384615384615384
2021-11-04-NES-S1,2021NES,session_beginning_mean_quality_score,1.2857142857142858
2021-11-04-NES-S2,2021NES,session_beginning_mean_quality_score,1.3333333333333333
2021-11-04-NES-S4,2021NES,session_beginning_mean_quality_score,0.3076923076923077
2021-11-04-NES-S6,2021NES,session_beginning_mean_quality_score,0.0
2021-11-05-NES-S1,2021NES,session_beginning_mean_quality_score,0.7272727272727273
2021-11-05-NES-S3,2021NES,session_beginning_mean_quality_score,0.25
2021-11-05-NES-S9,2021NES,session_beginning_mean_quality_score,0.6666666666666666
2021_06_10_SLU_S3,2021SLU,session_beginning_mean_quality_score,0.08333333333333333
2021_06_10_SLU_S6,2021SLU,session_beginning_mean_quality_score,0.8333333333333334
2021_06_11_SLU_S8,2021SLU,session_beginning_mean_quality_score,0.8
2022-04-07-MND-S6,2022MND,session_beginning_mean_quality_score,0.6363636363636364
2021-05-21-ABI-S3,2021ABI,session_beginning_mean_vocal_enthusiasm,2.289473684210526
2021-05-21-ABI-S5,2021ABI,session_beginning_mean_vocal_enthusiasm,2.48
2021-10-07-CMC-S4,2021CMC,session_beginning_mean_vocal_enthusiasm,2.3870967741935485
2021-10-07-CMC-S6,2021CMC,session_beginning_mean_vocal_enthusiasm,2.269230769230769
2021_04_22_MND_S5,2021MND,session_beginning_mean_vocal_enthusiasm,2.857142857142857
2021_04_23_MND_S16,2021MND,session_beginning_mean_vocal_enthusiasm,2.5384615384615383
2021_09_30_MZT_S4,2021MZT,session_beginning_mean_vocal_enthusiasm,2.4285714285714284
2021_10_01_MZT_S12,2021MZT,session_beginning_mean_vocal_enthusiasm,2.5
2021_06_11_SLU_S2,2021SLU,session_beginning_mean_vocal_enthusiasm,2.269230769230769
2021_06_11_SLU_S3,2021SLU,session_beginning_mean_vocal_enthusiasm,2.272727272727273
2021_06_11_SLU_S4,2021SLU,session_beginning_mean_vocal_enthusiasm,2.3333333333333335
2020_11_05_NES_S1,2020NES,session_beginning_num_Broader_Significance,1.5
2020_11_05_NES_S4,2020NES,session_beginning_num_Broader_Significance,0.16666666666666666
2020_11_05_NES_S5,2020NES,session_beginning_num_Broader_Significance,0.25
2020_11_05_NES_S6,2020NES,session_beginning_num_Broader_Significance,0.16666666666666666
2020_11_06_NES_S1,2020NES,session_beginning_num_Broader_Significance,0.75
2020_11_06_NES_S12,2020NES,session_beginning_num_Broader_Significance,0.3333333333333333
2020_11_06_NES_S2,2020NES,session_beginning_num_Broader_Significance,2.0
2020_11_06_NES_S3,2020NES,session_beginning_num_Broader_Significance,1.0
2021-10-08-CMC-S1,2021CMC,session_beginning_num_Broader_Significance,1.0
2021-10-08-CMC-S10,2021CMC,session_beginning_num_Broader_Significance,2.0
2021_10_01_MZT_S9,2021MZT,session_beginning_num_Broader_Significance,1.0
2021-11-05-NES-S1,2021NES,session_beginning_num_Broader_Significance,1.0
2021-11-05-NES-S5,2021NES,session_beginning_num_Broader_Significance,2.0
2021_06_10_SLU_S6,2021SLU,session_beginning_num_Broader_Significance,1.0
2021_06_11_SLU_S1,2021SLU,session_beginning_num_Broader_Significance,1.0
2022-04-08-MND-S2,2022MND,session_beginning_num_Broader_Significance,1.0
2022-04-08-MND-S7,2022MND,session_beginning_num_Broader_Significance,1.0
2020_11_05_NES_S3,2020NES,session_beginning_num_Complementarity_Articulation,1.0
2020_11_05_NES_S4,2020NES,session_beginning_num_Complementarity_Articulation,0.16666666666666666
2020_11_05_NES_S5,2020NES,session_beginning_num_Complementarity_Articulation,0.75
2020_11_05_NES_S6,2020NES,session_beginning_num_Complementarity_Articulation,0.5
2020_11_06_NES_S4,2020NES,session_beginning_num_Complementarity_Articulation,0.5
2021-05-21-ABI-S12,2021ABI,session_beginning_num_Complementarity_Articulation,1.0
2021-05-21-ABI-S16,2021ABI,session_beginning_num_Complementarity_Articulation,1.0
2021-05-21-ABI-S3,2021ABI,session_beginning_num_Complementarity_Articulation,1.0
2021-10-07-CMC-S1,2021CMC,session_beginning_num_Complementarity_Articulation,1.0
2021-10-07-CMC-S4,2021CMC,session_beginning_num_Complementarity_Articulation,1.0
2021-10-08-CMC-S1,2021CMC,session_beginning_num_Complementarity_Articulation,1.0
2021-10-08-CMC-S12,2021CMC,session_beginning_num_Complementarity_Articulation,1.0
2021-10-08-CMC-S5,2021CMC,session_beginning_num_Complementarity_Articulation,1.0
2021_04_23_MND_S11,2021MND,session_beginning_num_Complementarity_Articulation,1.0
2021_04_23_MND_S4,2021MND,session_beginning_num_Complementarity_Articulation,1.0
2021_09_30_MZT_S5,2021MZT,session_beginning_num_Complementarity_Articulation,1.0
2021_10_01_MZT_S12,2021MZT,session_beginning_num_Complementarity_Articulation,1.0
2021_10_01_MZT_S2,2021MZT,session_beginning_num_Complementarity_Articulation,1.0
2021_10_01_MZT_S9,2021MZT,session_beginning_num_Complementarity_Articulation,1.0
2021-11-04-NES-S1,2021NES,session_beginning_num_Complementarity_Articulation,1.0
2021-11-05-NES-S1,2021NES,session_beginning_num_Complementarity_Articulation,1.0
2021-11-05-NES-S9,2021NES,session_beginning_num_Complementarity_Articulation,1.0
2021_06_11_SLU_S13,2021SLU,session_beginning_num_Complementarity_Articulation,1.0
2021_06_11_SLU_S2,2021SLU,session_beginning_num_Complementarity_Articulation,1.0
2021_06_11_SLU_S5,2021SLU,session_beginning_num_Complementarity_Articulation,1.0
2022-04-08-MND-S5,2022MND,session_beginning_num_Complementarity_Articulation,1.0
2021-05-20-ABI-S8,2021ABI,session_beginning_num_Coordination_Decision,39.0
2021-05-21-ABI-S9,2021ABI,session_beginning_num_Coordination_Decision,19.0
2020_11_05_NES_S6,2020NES,session_beginning_num_Epistemic_Bridging,0.3333333333333333
2020_11_06_NES_S1,2020NES,session_beginning_num_Epistemic_Bridging,0.25
2020_11_06_NES_S10,2020NES,session_beginning_num_Epistemic_Bridging,1.0
2020_11_06_NES_S11,2020NES,session_beginning_num_Epistemic_Bridging,0.2
2020_11_06_NES_S6,2020NES,session_beginning_num_Epistemic_Bridging,0.6666666666666666
2021-05-20-ABI-S7,2021ABI,session_beginning_num_Epistemic_Bridging,1.0
2021-05-21-ABI-S11,2021ABI,session_beginning_num_Epistemic_Bridging,1.0
2021-05-21-ABI-S2,2021ABI,session_beginning_num_Epistemic_Bridging,1.0
2021-10-07-CMC-S4,2021CMC,session_beginning_num_Epistemic_Bridging,1.0
2021-10-08-CMC-S9,2021CMC,session_beginning_num_Epistemic_Bridging,1.0
2021_04_23_MND_S11,2021MND,session_beginning_num_Epistemic_Bridging,1.0
2021_04_23_MND_S14,2021MND,session_beginning_num_Epistemic_Bridging,1.0
2021_04_23_MND_S5,2021MND,session_beginning_num_Epistemic_Bridging,1.0
2021_04_23_MND_S8,2021MND,session_beginning_num_Epistemic_Bridging,1.0
2021_04_23_MND_S9,2021MND,session_beginning_num_Epistemic_Bridging,2.0
2021_09_30_MZT_S1,2021MZT,session_beginning_num_Epistemic_Bridging,1.0
2021_09_30_MZT_S5,2021MZT,session_beginning_num_Epistemic_Bridging,1.0
2021_10_01_MZT_S1,2021MZT,session_beginning_num_Epistemic_Bridging,1.0
2021_10_01_MZT_S12,2021MZT,session_beginning_num_Epistemic_Bridging,1.0
2021-11-04-NES-S2,2021NES,session_beginning_num_Epistemic_Bridging,1.0
2021_06_10_SLU_S7,2021SLU,session_beginning_num_Epistemic_Bridging,1.0
2021_06_11_SLU_S10,2021SLU,session_beginning_num_Epistemic_Bridging,1.0
2020_11_05_NES_S1,2020NES,session_beginning_num_Evaluation_Practices,6.5
2021-05-20-ABI-S3,2021ABI,session_beginning_num_Evaluation_Practices,6.0
2021-10-07-CMC-S4,2021CMC,session_beginning_num_Evaluation_Practices,8.0
2021_04_22_MND_S3,2021MND,session_beginning_num_Evaluation_Practices,10.0
2021_09_30_MZT_S2,2021MZT,session_beginning_num_Evaluation_Practices,8.0
2020_11_05_NES_S4,2020NES,session_beginning_num_Future_Oriented_Language,0.16666666666666666
2020_11_06_NES_S1,2020NES,session_beginning_num_Future_Oriented_Language,0.25
2021-05-21-ABI-S5,2021ABI,session_beginning_num_Future_Oriented_Language,1.0
2021_10_01_MZT_S7,2021MZT,session_beginning_num_Future_Oriented_Language,1.0
2021-11-04-NES-S5,2021NES,session_beginning_num_Future_Oriented_Language,2.0
2021_06_10_SLU_S7,2021SLU,session_beginning_num_Future_Oriented_Language,1.0
2021_06_11_SLU_S13,2021SLU,session_beginning_num_Future_Oriented_Language,1.0
2022-04-07-MND-S4,2022MND,session_beginning_num_Future_Oriented_Language,2.0
2022-04-07-MND-S5,2022MND,session_beginning_num_Future_Oriented_Language,1.0
2022-04-08-MND-S2,2022MND,session_beginning_num_Future_Oriented_Language,2.0
2022-04-08-MND-S7,2022MND,session_beginning_num_Future_Oriented_Language,1.0
2020_11_06_NES_S1,2020NES,session_beginning_num_Idea_Management,5.75
2020_11_06_NES_S3,2020NES,session_beginning_num_Idea_Management,6.0
2020_11_06_NES_S6,2020NES,session_beginning_num_Idea_Management,5.333333333333333
2021-05-20-ABI-S1,2021ABI,session_beginning_num_Idea_Management,6.0
2021-10-07-CMC-S2,2021CMC,session_beginning_num_Idea_Management,6.0
2021-10-07-CMC-S4,2021CMC,session_beginning_num_Idea_Management,7.0
2021_04_22_MND_S3,2021MND,session_beginning_num_Idea_Management,7.0
2021_04_23_MND_S8,2021MND,session_beginning_num_Idea_Management,6.0
2021_09_30_MZT_S1,2021MZT,session_beginning_num_Idea_Management,6.0
2021_09_30_MZT_S2,2021MZT,session_beginning_num_Idea_Management,13.0
2021_09_30_MZT_S5,2021MZT,session_beginning_num_Idea_Management,11.0
2020_11_05_NES_S1,2020NES,session_beginning_num_Idea_Ownership_Attribution,0.5
2020_11_06_NES_S1,2020NES,session_beginning_num_Idea_Ownership_Attribution,0.5
2020_11_06_NES_S10,2020NES,session_beginning_num_Idea_Ownership_Attribution,0.2
2020_11_06_NES_S11,2020NES,session_beginning_num_Idea_Ownership_Attribution,0.2
2021_04_22_MND_S3,2021MND,session_beginning_num_Idea_Ownership_Attribution,1.0
2021_09_30_MZT_S5,2021MZT,session_beginning_num_Idea_Ownership_Attribution,2.0
2021_10_01_MZT_S7,2021MZT,session_beginning_num_Idea_Ownership_Attribution,3.0
2021-11-04-NES-S4,2021NES,session_beginning_num_Idea_Ownership_Attribution,1.0
2021_04_23_MND_S15,2021MND,session_beginning_num_Information_Seeking,10.0
2021_04_23_MND_S11,2021MND,session_beginning_num_Integration_Practices,4.0
2021_04_23_MND_S14,2021MND,session_beginning_num_Integration_Practices,4.0
2021-11-04-NES-S1,2021NES,session_beginning_num_Integration_Practices,6.0
2021_10_01_MZT_S5,2021MZT,session_beginning_num_Knowledge_Sharing,21.0
2021_10_01_MZT_S6,2021MZT,session_beginning_num_Knowledge_Sharing,20.0
2021-11-05-NES-S7,2021NES,session_beginning_num_Knowledge_Sharing,20.0
2022-04-08-MND-S12,2022MND,session_beginning_num_Knowledge_Sharing,0.0
2022-04-08-MND-S6,2022MND,session_beginning_num_Knowledge_Sharing,0.0
2021-11-05-NES-S7,2021NES,session_beginning_num_Participation_Dynamics,23.0
2020_11_06_NES_S2,2020NES,session_beginning_num_Pronoun_Framing,0.0
2021-10-08-CMC-S11,2021CMC,session_beginning_num_Pronoun_Framing,0.0
2021_04_23_MND_S9,2021MND,session_beginning_num_Pronoun_Framing,22.0
2022-04-07-MND-S3,2022MND,session_beginning_num_Pronoun_Framing,24.0
2022-04-08-MND-S12,2022MND,session_beginning_num_Pronoun_Framing,0.0
2022-04-08-MND-S2,2022MND,session_beginning_num_Pronoun_Framing,26.0
2022-04-08-MND-S6,2022MND,session_beginning_num_Pronoun_Framing,0.0
2021_06_10_SLU_S4,2021SLU,session_beginning_num_Relational_Climate,12.0
2021_06_11_SLU_S13,2021SLU,session_beginning_num_Relational_Climate,10.0
2021_06_11_SLU_S8,2021SLU,session_beginning_num_Relational_Climate,9.0
2022-04-08-MND-S7,2022MND,session_beginning_num_Relational_Climate,8.0
2020_11_05_NES_S2,2020NES,session_beginning_num_Role_Anticipation,2.0
2020_11_05_NES_S4,2020NES,session_beginning_num_Role_Anticipation,0.5
2020_11_06_NES_S12,2020NES,session_beginning_num_Role_Anticipation,0.3333333333333333
2020_11_06_NES_S2,2020NES,session_beginning_num_Role_Anticipation,1.0
2020_11_06_NES_S8,2020NES,session_beginning_num_Role_Anticipation,1.0
2021-10-08-CMC-S1,2021CMC,session_beginning_num_Role_Anticipation,3.0
2021-10-08-CMC-S3,2021CMC,session_beginning_num_Role_Anticipation,1.0
2021_04_23_MND_S11,2021MND,session_beginning_num_Role_Anticipation,1.0
2021_04_23_MND_S13,2021MND,session_beginning_num_Role_Anticipation,1.0
2021_09_30_MZT_S6,2021MZT,session_beginning_num_Role_Anticipation,1.0
2021_10_01_MZT_S11,2021MZT,session_beginning_num_Role_Anticipation,1.0
2021-11-04-NES-S5,2021NES,session_beginning_num_Role_Anticipation,5.0
2021-11-05-NES-S1,2021NES,session_beginning_num_Role_Anticipation,4.0
2021-11-05-NES-S3,2021NES,session_beginning_num_Role_Anticipation,2.0
2021-11-05-NES-S6,2021NES,session_beginning_num_Role_Anticipation,2.0
2021-11-05-NES-S7,2021NES,session_beginning_num_Role_Anticipation,6.0
2021-11-05-NES-S8,2021NES,session_beginning_num_Role_Anticipation,2.0
2021_06_10_SLU_S1,2021SLU,session_beginning_num_Role_Anticipation,1.0
2021_06_10_SLU_S4,2021SLU,session_beginning_num_Role_Anticipation,2.0
2021_06_10_SLU_S6,2021SLU,session_beginning_num_Role_Anticipation,1.0
2021_06_11_SLU_S1,2021SLU,session_beginning_num_Role_Anticipation,1.0
2021_06_11_SLU_S12,2021SLU,session_beginning_num_Role_Anticipation,1.0
2021_06_11_SLU_S13,2021SLU,session_beginning_num_Role_Anticipation,1.0
2022-04-07-MND-S2,2022MND,session_beginning_num_Role_Anticipation,1.0
2022-04-07-MND-S3,2022MND,session_beginning_num_Role_Anticipation,1.0
2022-04-07-MND-S5,2022MND,session_beginning_num_Role_Anticipation,1.0
2020_11_05_NES_S1,2020NES,session_beginning_num_broader_significance,1.5
2020_11_05_NES_S4,2020NES,session_beginning_num_broader_significance,0.16666666666666666
2020_11_05_NES_S5,2020NES,session_beginning_num_broader_significance,0.25
2020_11_05_NES_S6,2020NES,session_beginning_num_broader_significance,0.16666666666666666
2020_11_06_NES_S1,2020NES,session_beginning_num_broader_significance,0.75
2020_11_06_NES_S12,2020NES,session_beginning_num_broader_significance,0.3333333333333333
2020_11_06_NES_S2,2020NES,session_beginning_num_broader_significance,2.0
2020_11_06_NES_S3,2020NES,session_beginning_num_broader_significance,1.0
2021-10-08-CMC-S1,2021CMC,session_beginning_num_broader_significance,1.0
2021-10-08-CMC-S10,2021CMC,session_beginning_num_broader_significance,2.0
2021_10_01_MZT_S9,2021MZT,session_beginning_num_broader_significance,1.0
2021-11-05-NES-S1,2021NES,session_beginning_num_broader_significance,1.0
2021-11-05-NES-S5,2021NES,session_beginning_num_broader_significance,2.0
2021_06_10_SLU_S6,2021SLU,session_beginning_num_broader_significance,1.0
2021_06_11_SLU_S1,2021SLU,session_beginning_num_broader_significance,1.0
2022-04-08-MND-S2,2022MND,session_beginning_num_broader_significance,1.0
2022-04-08-MND-S7,2022MND,session_beginning_num_broader_significance,1.0
2020_11_06_NES_S12,2020NES,session_beginning_num_collaborative_completions,0.6666666666666666
2020_11_06_NES_S6,2020NES,session_beginning_num_collaborative_completions,0.6666666666666666
2021_04_23_MND_S1,2021MND,session_beginning_num_collaborative_completions,3.0
2021-11-04-NES-S1,2021NES,session_beginning_num_collaborative_completions,3.0
2021_06_10_SLU_S2,2021SLU,session_beginning_num_collaborative_completions,1.0
2021_06_11_SLU_S12,2021SLU,session_beginning_num_collaborative_completions,2.0
2021_06_11_SLU_S6,2021SLU,session_beginning_num_collaborative_completions,3.0
2020_11_05_NES_S1,2020NES,session_beginning_num_competitive_interruptions,1.0
2020_11_05_NES_S3,2020NES,session_beginning_num_competitive_interruptions,0.5
2020_11_05_NES_S6,2020NES,session_beginning_num_competitive_interruptions,0.16666666666666666
2020_11_06_NES_S10,2020NES,session_beginning_num_competitive_interruptions,0.2
2020_11_06_NES_S4,2020NES,session_beginning_num_competitive_interruptions,3.0
2021_04_23_MND_S11,2021MND,session_beginning_num_competitive_interruptions,1.0
2021_09_30_MZT_S2,2021MZT,session_beginning_num_competitive_interruptions,1.0
2021_10_01_MZT_S2,2021MZT,session_beginning_num_competitive_interruptions,1.0
2021_10_01_MZT_S7,2021MZT,session_beginning_num_competitive_interruptions,2.0
2021_06_10_SLU_S4,2021SLU,session_beginning_num_competitive_interruptions,1.0
2021_06_10_SLU_S6,2021SLU,session_beginning_num_competitive_interruptions,1.0
2022-04-07-MND-S1,2022MND,session_beginning_num_competitive_interruptions,1.0
2022-04-08-MND-S2,2022MND,session_beginning_num_competitive_interruptions,2.0
2022-04-08-MND-S5,2022MND,session_beginning_num_competitive_interruptions,1.0
2020_11_05_NES_S3,2020NES,session_beginning_num_complementarity,1.0
2020_11_05_NES_S4,2020NES,session_beginning_num_complementarity,0.16666666666666666
2020_11_05_NES_S5,2020NES,session_beginning_num_complementarity,0.75
2020_11_05_NES_S6,2020NES,session_beginning_num_complementarity,0.5
2020_11_06_NES_S4,2020NES,session_beginning_num_complementarity,0.5
2021-05-21-ABI-S12,2021ABI,session_beginning_num_complementarity,1.0
2021-05-21-ABI-S16,2021ABI,session_beginning_num_complementarity,1.0
2021-05-21-ABI-S3,2021ABI,session_beginning_num_complementarity,1.0
2021-10-07-CMC-S1,2021CMC,session_beginning_num_complementarity,1.0
2021-10-07-CMC-S4,2021CMC,session_beginning_num_complementarity,1.0
2021-10-08-CMC-S1,2021CMC,session_beginning_num_complementarity,1.0
2021-10-08-CMC-S12,2021CMC,session_beginning_num_complementarity,1.0
2021-10-08-CMC-S5,2021CMC,session_beginning_num_complementarity,1.0
2021_04_23_MND_S11,2021MND,session_beginning_num_complementarity,1.0
2021_04_23_MND_S4,2021MND,session_beginning_num_complementarity,1.0
2021_09_30_MZT_S5,2021MZT,session_beginning_num_complementarity,1.0
2021_10_01_MZT_S12,2021MZT,session_beginning_num_complementarity,1.0
2021_10_01_MZT_S2,2021MZT,session_beginning_num_complementarity,1.0
2021_10_01_MZT_S9,2021MZT,session_beginning_num_complementarity,1.0
2021-11-04-NES-S1,2021NES,session_beginning_num_complementarity,1.0
2021-11-05-NES-S1,2021NES,session_beginning_num_complementarity,1.0
2021-11-05-NES-S9,2021NES,session_beginning_num_complementarity,1.0
2021_06_11_SLU_S13,2021SLU,session_beginning_num_complementarity,1.0
2021_06_11_SLU_S2,2021SLU,session_beginning_num_complementarity,1.0
2021_06_11_SLU_S5,2021SLU,session_beginning_num_complementarity,1.0
2022-04-08-MND-S5,2022MND,session_beginning_num_complementarity,1.0
2020_11_05_NES_S1,2020NES,session_beginning_num_elaborative_jumps,1.0
2020_11_05_NES_S4,2020NES,session_beginning_num_elaborative_jumps,0.5
2020_11_05_NES_S5,2020NES,session_beginning_num_elaborative_jumps,0.25
2020_11_06_NES_S1,2020NES,session_beginning_num_elaborative_jumps,0.25
2020_11_06_NES_S10,2020NES,session_beginning_num_elaborative_jumps,0.6
2020_11_06_NES_S6,2020NES,session_beginning_num_elaborative_jumps,1.0
2020_11_06_NES_S8,2020NES,session_beginning_num_elaborative_jumps,1.0
2021-05-21-ABI-S14,2021ABI,session_beginning_num_elaborative_jumps,1.0
2021-10-07-CMC-S1,2021CMC,session_beginning_num_elaborative_jumps,2.0
2021-10-07-CMC-S7,2021CMC,session_beginning_num_elaborative_jumps,1.0
2021-10-08-CMC-S11,2021CMC,session_beginning_num_elaborative_jumps,4.0
2021-10-08-CMC-S5,2021CMC,session_beginning_num_elaborative_jumps,1.0
2021_04_23_MND_S9,2021MND,session_beginning_num_elaborative_jumps,1.0
2021_09_30_MZT_S7,2021MZT,session_beginning_num_elaborative_jumps,2.0
2021_10_01_MZT_S10,2021MZT,session_beginning_num_elaborative_jumps,1.0
2021_10_01_MZT_S13,2021MZT,session_beginning_num_elaborative_jumps,1.0
2021_10_01_MZT_S7,2021MZT,session_beginning_num_elaborative_jumps,1.0
2021-11-04-NES-S1,2021NES,session_beginning_num_elaborative_jumps,1.0
2021-11-05-NES-S11,2021NES,session_beginning_num_elaborative_jumps,1.0
2021-11-05-NES-S3,2021NES,session_beginning_num_elaborative_jumps,2.0
2021-11-05-NES-S6,2021NES,session_beginning_num_elaborative_jumps,1.0
2021_06_11_SLU_S12,2021SLU,session_beginning_num_elaborative_jumps,1.0
2021_06_11_SLU_S13,2021SLU,session_beginning_num_elaborative_jumps,1.0
2021_06_11_SLU_S4,2021SLU,session_beginning_num_elaborative_jumps,1.0
2021_06_11_SLU_S6,2021SLU,session_beginning_num_elaborative_jumps,1.0
2021_06_11_SLU_S8,2021SLU,session_beginning_num_elaborative_jumps,1.0
2021_06_11_SLU_S9,2021SLU,session_beginning_num_elaborative_jumps,1.0
2022-04-08-MND-S1,2022MND,session_beginning_num_elaborative_jumps,1.0
2022-04-08-MND-S11,2022MND,session_beginning_num_elaborative_jumps,3.0
2022-04-08-MND-S3,2022MND,session_beginning_num_elaborative_jumps,2.0
2022-04-08-MND-S4,2022MND,session_beginning_num_elaborative_jumps,1.0
2022-04-08-MND-S7,2022MND,session_beginning_num_elaborative_jumps,1.0
2020_11_05_NES_S6,2020NES,session_beginning_num_epistemic_bridging,0.3333333333333333
2020_11_06_NES_S1,2020NES,session_beginning_num_epistemic_bridging,0.25
2020_11_06_NES_S10,2020NES,session_beginning_num_epistemic_bridging,1.0
2020_11_06_NES_S11,2020NES,session_beginning_num_epistemic_bridging,0.2
2020_11_06_NES_S6,2020NES,session_beginning_num_epistemic_bridging,0.6666666666666666
2021-05-20-ABI-S7,2021ABI,session_beginning_num_epistemic_bridging,1.0
2021-05-21-ABI-S11,2021ABI,session_beginning_num_epistemic_bridging,1.0
2021-05-21-ABI-S2,2021ABI,session_beginning_num_epistemic_bridging,1.0
2021-10-07-CMC-S4,2021CMC,session_beginning_num_epistemic_bridging,1.0
2021-10-08-CMC-S9,2021CMC,session_beginning_num_epistemic_bridging,1.0
2021_04_23_MND_S11,2021MND,session_beginning_num_epistemic_bridging,1.0
2021_04_23_MND_S14,2021MND,session_beginning_num_epistemic_bridging,1.0
2021_04_23_MND_S5,2021MND,session_beginning_num_epistemic_bridging,1.0
2021_04_23_MND_S8,2021MND,session_beginning_num_epistemic_bridging,1.0
2021_04_23_MND_S9,2021MND,session_beginning_num_epistemic_bridging,2.0
2021_09_30_MZT_S1,2021MZT,session_beginning_num_epistemic_bridging,1.0
2021_09_30_MZT_S5,2021MZT,session_beginning_num_epistemic_bridging,1.0
2021_10_01_MZT_S1,2021MZT,session_beginning_num_epistemic_bridging,1.0
2021_10_01_MZT_S12,2021MZT,session_beginning_num_epistemic_bridging,1.0
2021-11-04-NES-S2,2021NES,session_beginning_num_epistemic_bridging,1.0
2021_06_10_SLU_S7,2021SLU,session_beginning_num_epistemic_bridging,1.0
2021_06_11_SLU_S10,2021SLU,session_beginning_num_epistemic_bridging,1.0
2020_11_05_NES_S4,2020NES,session_beginning_num_future_oriented,0.16666666666666666
2020_11_06_NES_S1,2020NES,session_beginning_num_future_oriented,0.25
2021-05-21-ABI-S5,2021ABI,session_beginning_num_future_oriented,1.0
2021_10_01_MZT_S7,2021MZT,session_beginning_num_future_oriented,1.0
2021-11-04-NES-S5,2021NES,session_beginning_num_future_oriented,2.0
2021_06_10_SLU_S7,2021SLU,session_beginning_num_future_oriented,1.0
2021_06_11_SLU_S13,2021SLU,session_beginning_num_future_oriented,1.0
2022-04-07-MND-S4,2022MND,session_beginning_num_future_oriented,2.0
2022-04-07-MND-S5,2022MND,session_beginning_num_future_oriented,1.0
2022-04-08-MND-S2,2022MND,session_beginning_num_future_oriented,2.0
2022-04-08-MND-S7,2022MND,session_beginning_num_future_oriented,1.0
2020_11_05_NES_S1,2020NES,session_beginning_num_idea_attribution,0.5
2020_11_06_NES_S1,2020NES,session_beginning_num_idea_attribution,0.5
2020_11_06_NES_S10,2020NES,session_beginning_num_idea_attribution,0.2
2020_11_06_NES_S11,2020NES,session_beginning_num_idea_attribution,0.2
2021_04_22_MND_S3,2021MND,session_beginning_num_idea_attribution,1.0
2021_09_30_MZT_S5,2021MZT,session_beginning_num_idea_attribution,2.0
2021_10_01_MZT_S7,2021MZT,session_beginning_num_idea_attribution,3.0
2021-11-04-NES-S4,2021NES,session_beginning_num_idea_attribution,1.0
2021-10-07-CMC-S3,2021CMC,session_beginning_num_joint_framing,15.0
2021-10-07-CMC-S4,2021CMC,session_beginning_num_joint_framing,16.0
2021_04_23_MND_S16,2021MND,session_beginning_num_joint_framing,11.0
2021_04_23_MND_S4,2021MND,session_beginning_num_joint_framing,14.0
2020_11_05_NES_S2,2020NES,session_beginning_num_role_anticipation,2.0
2020_11_05_NES_S4,2020NES,session_beginning_num_role_anticipation,0.5
2020_11_06_NES_S12,2020NES,session_beginning_num_role_anticipation,0.3333333333333333
2020_11_06_NES_S2,2020NES,session_beginning_num_role_anticipation,1.0
2020_11_06_NES_S8,2020NES,session_beginning_num_role_anticipation,1.0
2021-10-08-CMC-S1,2021CMC,session_beginning_num_role_anticipation,3.0
2021-10-08-CMC-S3,2021CMC,session_beginning_num_role_anticipation,1.0
2021_04_23_MND_S11,2021MND,session_beginning_num_role_anticipation,1.0
2021_04_23_MND_S13,2021MND,session_beginning_num_role_anticipation,1.0
2021_09_30_MZT_S6,2021MZT,session_beginning_num_role_anticipation,1.0
2021_10_01_MZT_S11,2021MZT,session_beginning_num_role_anticipation,1.0
2021-11-04-NES-S5,2021NES,session_beginning_num_role_anticipation,5.0
2021-11-05-NES-S1,2021NES,session_beginning_num_role_anticipation,4.0
2021-11-05-NES-S3,2021NES,session_beginning_num_role_anticipation,2.0
2021-11-05-NES-S6,2021NES,session_beginning_num_role_anticipation,2.0
2021-11-05-NES-S7,2021NES,session_beginning_num_role_anticipation,6.0
2021-11-05-NES-S8,2021NES,session_beginning_num_role_anticipation,2.0
2021_06_10_SLU_S1,2021SLU,session_beginning_num_role_anticipation,1.0
2021_06_10_SLU_S4,2021SLU,session_beginning_num_role_anticipation,2.0
2021_06_10_SLU_S6,2021SLU,session_beginning_num_role_anticipation,1.0
2021_06_11_SLU_S1,2021SLU,session_beginning_num_role_anticipation,1.0
2021_06_11_SLU_S12,2021SLU,session_beginning_num_role_anticipation,1.0
2021_06_11_SLU_S13,2021SLU,session_beginning_num_role_anticipation,1.0
2022-04-07-MND-S2,2022MND,session_beginning_num_role_anticipation,1.0
2022-04-07-MND-S3,2022MND,session_beginning_num_role_anticipation,1.0
2022-04-07-MND-S5,2022MND,session_beginning_num_role_anticipation,1.0
2020_11_05_NES_S1,2020NES,session_beginning_num_scope_calibration,0.5
2020_11_05_NES_S3,2020NES,session_beginning_num_scope_calibration,0.5
2020_11_05_NES_S5,2020NES,session_beginning_num_scope_calibration,0.25
2021-05-21-ABI-S11,2021ABI,session_beginning_num_scope_calibration,1.0
2021-05-21-ABI-S15,2021ABI,session_beginning_num_scope_calibration,1.0
2021-10-08-CMC-S13,2021CMC,session_beginning_num_scope_calibration,2.0
2021_04_23_MND_S4,2021MND,session_beginning_num_scope_calibration,1.0
2021_09_30_MZT_S1,2021MZT,session_beginning_num_scope_calibration,1.0
2021_09_30_MZT_S6,2021MZT,session_beginning_num_scope_calibration,1.0
2020_11_05_NES_S1,2020NES,session_beginning_num_setback_defends,0.5
2020_11_06_NES_S4,2020NES,session_beginning_num_setback_defends,0.5
2020_11_05_NES_S1,2020NES,session_beginning_num_setback_explores,0.5
2020_11_06_NES_S1,2020NES,session_beginning_num_setback_explores,0.25
2021-10-07-CMC-S6,2021CMC,session_beginning_num_setback_explores,1.0
2021-10-07-CMC-S7,2021CMC,session_beginning_num_setback_explores,1.0
2021-10-08-CMC-S12,2021CMC,session_beginning_num_setback_explores,1.0
2021-10-08-CMC-S4,2021CMC,session_beginning_num_setback_explores,1.0
2021-10-08-CMC-S8,2021CMC,session_beginning_num_setback_explores,1.0
2021_04_22_MND_S6,2021MND,session_beginning_num_setback_explores,1.0
2021_09_30_MZT_S2,2021MZT,session_beginning_num_setback_explores,1.0
2021-11-04-NES-S4,2021NES,session_beginning_num_setback_explores,1.0
2021_06_11_SLU_S7,2021SLU,session_beginning_num_setback_explores,2.0
2020_11_05_NES_S1,2020NES,session_beginning_pct_building,0.8326571606445634
2020_11_05_NES_S4,2020NES,session_beginning_pct_building,0.6574070501780381
2020_11_06_NES_S1,2020NES,session_beginning_pct_building,0.7080419174599026
2020_11_06_NES_S10,2020NES,session_beginning_pct_building,0.772806905627142
2020_11_06_NES_S11,2020NES,session_beginning_pct_building,0.5882348830453833
2020_11_06_NES_S4,2020NES,session_beginning_pct_building,0.8045454163842993
2020_11_06_NES_S6,2020NES,session_beginning_pct_building,0.6136653617325556
2020_11_06_NES_S7,2020NES,session_beginning_pct_building,0.3124999804687512
2021-10-08-CMC-S12,2021CMC,session_beginning_pct_building,0.8461537810650938
2021-10-08-CMC-S8,2021CMC,session_beginning_pct_building,0.8333332638888947
2021_04_22_MND_S3,2021MND,session_beginning_pct_building,0.8499999575000021
2021_09_30_MZT_S2,2021MZT,session_beginning_pct_building,0.7599999696000012
2021_10_01_MZT_S4,2021MZT,session_beginning_pct_building,0.7692307100591762
2021-11-04-NES-S2,2021NES,session_beginning_pct_building,0.7894736426592819
2021_06_10_SLU_S6,2021SLU,session_beginning_pct_building,0.8666666088888928
2022-04-08-MND-S12,2022MND,session_beginning_pct_building,0.0
2022-04-08-MND-S6,2022MND,session_beginning_pct_building,0.0
2020_11_05_NES_S3,2020NES,session_beginning_pct_hesitation,0.1437246963562753
2020_11_05_NES_S4,2020NES,session_beginning_pct_hesitation,0.39220779220779217
2020_11_06_NES_S11,2020NES,session_beginning_pct_hesitation,0.09714285714285714
2020_11_06_NES_S12,2020NES,session_beginning_pct_hesitation,0.1503267973856209
2021-05-21-ABI-S7,2021ABI,session_beginning_pct_hesitation,0.14285714285714285
2021-10-07-CMC-S1,2021CMC,session_beginning_pct_hesitation,0.11428571428571428
2021_04_23_MND_S11,2021MND,session_beginning_pct_hesitation,0.14285714285714285
2021_04_23_MND_S12,2021MND,session_beginning_pct_hesitation,0.09090909090909091
2021_04_23_MND_S14,2021MND,session_beginning_pct_hesitation,0.15789473684210525
2021_04_23_MND_S3,2021MND,session_beginning_pct_hesitation,0.1111111111111111
2021_04_23_MND_S9,2021MND,session_beginning_pct_hesitation,0.21739130434782608
2021_09_30_MZT_S2,2021MZT,session_beginning_pct_hesitation,0.15789473684210525
2021_09_30_MZT_S4,2021MZT,session_beginning_pct_hesitation,0.5714285714285714
2021_09_30_MZT_S5,2021MZT,session_beginning_pct_hesitation,0.125
2021_09_30_MZT_S7,2021MZT,session_beginning_pct_hesitation,0.125
2021_10_01_MZT_S1,2021MZT,session_beginning_pct_hesitation,0.125
2021_10_01_MZT_S10,2021MZT,session_beginning_pct_hesitation,0.15789473684210525
2021-11-04-NES-S1,2021NES,session_beginning_pct_hesitation,0.16666666666666666
2021-11-04-NES-S2,2021NES,session_beginning_pct_hesitation,0.15789473684210525
2021_06_11_SLU_S5,2021SLU,session_beginning_pct_hesitation,0.0967741935483871
2022-04-08-MND-S12,2022MND,session_beginning_pct_hesitation,0.16666666666666666
2022-04-08-MND-S6,2022MND,session_beginning_pct_hesitation,0.2
2021-05-21-ABI-S3,2021ABI,session_beginning_pct_high_enthusiasm,0.2894736842105263
2021-05-21-ABI-S5,2021ABI,session_beginning_pct_high_enthusiasm,0.48
2021-10-07-CMC-S4,2021CMC,session_beginning_pct_high_enthusiasm,0.3870967741935484
2021-10-07-CMC-S6,2021CMC,session_beginning_pct_high_enthusiasm,0.2692307692307692
2021_04_22_MND_S5,2021MND,session_beginning_pct_high_enthusiasm,0.8571428571428571
2021_04_23_MND_S16,2021MND,session_beginning_pct_high_enthusiasm,0.5384615384615384
2021_09_30_MZT_S4,2021MZT,session_beginning_pct_high_enthusiasm,0.42857142857142855
2021_10_01_MZT_S12,2021MZT,session_beginning_pct_high_enthusiasm,0.5
2021_06_11_SLU_S2,2021SLU,session_beginning_pct_high_enthusiasm,0.2692307692307692
2021_06_11_SLU_S3,2021SLU,session_beginning_pct_high_enthusiasm,0.2727272727272727
2021_06_11_SLU_S4,2021SLU,session_beginning_pct_high_enthusiasm,0.3333333333333333
2020_11_05_NES_S4,2020NES,session_beginning_pct_high_quality,0.75
2020_11_05_NES_S5,2020NES,session_beginning_pct_high_quality,0.9166666666666666
2020_11_06_NES_S2,2020NES,session_beginning_pct_high_quality,0.0
2021-05-20-ABI-S8,2021ABI,session_beginning_pct_high_quality,0.0
2021-10-07-CMC-S6,2021CMC,session_beginning_pct_high_quality,0.5263157894736842
2021-10-08-CMC-S10,2021CMC,session_beginning_pct_high_quality,0.2222222222222222
2021-10-08-CMC-S11,2021CMC,session_beginning_pct_high_quality,0.0
2021-10-08-CMC-S12,2021CMC,session_beginning_pct_high_quality,0.9
2021-10-08-CMC-S4,2021CMC,session_beginning_pct_high_quality,0.9090909090909091
2021-10-08-CMC-S6,2021CMC,session_beginning_pct_high_quality,0.9090909090909091
2021-10-08-CMC-S8,2021CMC,session_beginning_pct_high_quality,0.9
2021_04_22_MND_S7,2021MND,session_beginning_pct_high_quality,0.8461538461538461
2021_04_22_MND_S8,2021MND,session_beginning_pct_high_quality,0.9
2021_04_23_MND_S12,2021MND,session_beginning_pct_high_quality,0.9
2021_04_23_MND_S9,2021MND,session_beginning_pct_high_quality,0.8888888888888888
2021_10_01_MZT_S1,2021MZT,session_beginning_pct_high_quality,0.875
2021_10_01_MZT_S11,2021MZT,session_beginning_pct_high_quality,0.875
2021_10_01_MZT_S2,2021MZT,session_beginning_pct_high_quality,0.8888888888888888
2021_10_01_MZT_S5,2021MZT,session_beginning_pct_high_quality,0.0
2021_10_01_MZT_S8,2021MZT,session_beginning_pct_high_quality,0.5384615384615384
2021-11-04-NES-S4,2021NES,session_beginning_pct_high_quality,0.23076923076923078
2021-11-04-NES-S6,2021NES,session_beginning_pct_high_quality,0.0
2021-11-05-NES-S1,2021NES,session_beginning_pct_high_quality,0.7272727272727273
2021-11-05-NES-S3,2021NES,session_beginning_pct_high_quality,0.25
2021-11-05-NES-S5,2021NES,session_beginning_pct_high_quality,0.9090909090909091
2021-11-05-NES-S9,2021NES,session_beginning_pct_high_quality,0.6666666666666666
2021_06_10_SLU_S3,2021SLU,session_beginning_pct_high_quality,0.08333333333333333
2021_06_10_SLU_S6,2021SLU,session_beginning_pct_high_quality,0.8333333333333334
2021_06_11_SLU_S11,2021SLU,session_beginning_pct_high_quality,0.9166666666666666
2021_06_11_SLU_S6,2021SLU,session_beginning_pct_high_quality,0.9
2021_06_11_SLU_S8,2021SLU,session_beginning_pct_high_quality,0.8
2022-04-07-MND-S6,2022MND,session_beginning_pct_high_quality,0.6363636363636364
2022-04-08-MND-S11,2022MND,session_beginning_pct_high_quality,0.9090909090909091
2022-04-08-MND-S7,2022MND,session_beginning_pct_high_quality,0.9
2020_11_05_NES_S1,2020NES,session_beginning_pct_high_quality_Knowledge_Sharing,0.19642857142857142
2020_11_05_NES_S3,2020NES,session_beginning_pct_high_quality_Knowledge_Sharing,0.6
2020_11_05_NES_S5,2020NES,session_beginning_pct_high_quality_Knowledge_Sharing,0.2222222222222222
2020_11_05_NES_S6,2020NES,session_beginning_pct_high_quality_Knowledge_Sharing,0.30666666666666664
2020_11_06_NES_S1,2020NES,session_beginning_pct_high_quality_Knowledge_Sharing,0.11428571428571428
2020_11_06_NES_S10,2020NES,session_beginning_pct_high_quality_Knowledge_Sharing,0.07692307692307693
2020_11_06_NES_S12,2020NES,session_beginning_pct_high_quality_Knowledge_Sharing,0.037037037037037035
2020_11_06_NES_S3,2020NES,session_beginning_pct_high_quality_Knowledge_Sharing,0.16666666666666666
2020_11_06_NES_S4,2020NES,session_beginning_pct_high_quality_Knowledge_Sharing,0.09090909090909091
2020_11_06_NES_S6,2020NES,session_beginning_pct_high_quality_Knowledge_Sharing,0.2111111111111111
2021-05-20-ABI-S7,2021ABI,session_beginning_pct_high_quality_Knowledge_Sharing,0.14285714285714285
2021-05-21-ABI-S6,2021ABI,session_beginning_pct_high_quality_Knowledge_Sharing,0.9
2021-10-07-CMC-S3,2021CMC,session_beginning_pct_high_quality_Knowledge_Sharing,0.4
2021-10-07-CMC-S4,2021CMC,session_beginning_pct_high_quality_Knowledge_Sharing,0.6666666666666666
2021-10-07-CMC-S5,2021CMC,session_beginning_pct_high_quality_Knowledge_Sharing,0.25
2021-10-08-CMC-S9,2021CMC,session_beginning_pct_high_quality_Knowledge_Sharing,0.5
2021_04_23_MND_S11,2021MND,session_beginning_pct_high_quality_Knowledge_Sharing,0.42857142857142855
2021_04_23_MND_S14,2021MND,session_beginning_pct_high_quality_Knowledge_Sharing,0.2857142857142857
2021_04_23_MND_S4,2021MND,session_beginning_pct_high_quality_Knowledge_Sharing,0.8333333333333334
2021_04_23_MND_S5,2021MND,session_beginning_pct_high_quality_Knowledge_Sharing,0.125
2021_04_23_MND_S9,2021MND,session_beginning_pct_high_quality_Knowledge_Sharing,0.23076923076923078
2021_09_30_MZT_S6,2021MZT,session_beginning_pct_high_quality_Knowledge_Sharing,0.125
2021_10_01_MZT_S12,2021MZT,session_beginning_pct_high_quality_Knowledge_Sharing,0.2
2021-11-04-NES-S1,2021NES,session_beginning_pct_high_quality_Knowledge_Sharing,0.2857142857142857
2021-11-04-NES-S2,2021NES,session_beginning_pct_high_quality_Knowledge_Sharing,0.1
2022-04-08-MND-S10,2022MND,session_beginning_pct_high_quality_Knowledge_Sharing,0.18181818181818182
2022-04-08-MND-S4,2022MND,session_beginning_pct_high_quality_Knowledge_Sharing,0.1
2021-05-20-ABI-S3,2021ABI,session_beginning_pct_joint_framing,0.99999990000001
2021-05-20-ABI-S7,2021ABI,session_beginning_pct_joint_framing,0.9999997500000625
2021-05-20-ABI-S8,2021ABI,session_beginning_pct_joint_framing,0.9999990000010001
2021-10-07-CMC-S3,2021CMC,session_beginning_pct_joint_framing,0.9999999333333378
2021-10-07-CMC-S4,2021CMC,session_beginning_pct_joint_framing,0.9999999375000038
2021-10-08-CMC-S10,2021CMC,session_beginning_pct_joint_framing,0.9999990000010001
2021-10-08-CMC-S8,2021CMC,session_beginning_pct_joint_framing,0.9999990000010001
2021_04_23_MND_S4,2021MND,session_beginning_pct_joint_framing,0.9999999285714337
2021-05-20-ABI-S5,2021ABI,session_beginning_pct_turns_any_smile,1.0
2021-05-21-ABI-S14,2021ABI,session_beginning_pct_turns_any_smile,0.8235294117647058
2021-05-21-ABI-S15,2021ABI,session_beginning_pct_turns_any_smile,0.8461538461538461
2021-05-21-ABI-S7,2021ABI,session_beginning_pct_turns_any_smile,0.8571428571428571
2021-10-07-CMC-S6,2021CMC,session_beginning_pct_turns_any_smile,1.0
2021-10-08-CMC-S11,2021CMC,session_beginning_pct_turns_any_smile,0.975609756097561
2021-10-08-CMC-S4,2021CMC,session_beginning_pct_turns_any_smile,0.95
2021_04_22_MND_S5,2021MND,session_beginning_pct_turns_any_smile,0.8571428571428571
2021_04_22_MND_S6,2021MND,session_beginning_pct_turns_any_smile,0.8421052631578947
2021_04_23_MND_S6,2021MND,session_beginning_pct_turns_any_smile,0.8888888888888888
2021_04_23_MND_S7,2021MND,session_beginning_pct_turns_any_smile,0.8461538461538461
2021_10_01_MZT_S12,2021MZT,session_beginning_pct_turns_any_smile,0.9
2021_06_11_SLU_S10,2021SLU,session_beginning_pct_turns_any_smile,1.0
2020_11_05_NES_S1,2020NES,session_beginning_pct_turns_audible_backchannel,0.17439516129032256
2020_11_05_NES_S3,2020NES,session_beginning_pct_turns_audible_backchannel,0.11740890688259109
2020_11_06_NES_S12,2020NES,session_beginning_pct_turns_audible_backchannel,0.12549019607843137
2020_11_06_NES_S6,2020NES,session_beginning_pct_turns_audible_backchannel,0.10648148148148147
2021_04_22_MND_S5,2021MND,session_beginning_pct_turns_audible_backchannel,0.8571428571428571
2021_09_30_MZT_S1,2021MZT,session_beginning_pct_turns_audible_backchannel,0.15789473684210525
2021_09_30_MZT_S6,2021MZT,session_beginning_pct_turns_audible_backchannel,0.13636363636363635
2021_10_01_MZT_S12,2021MZT,session_beginning_pct_turns_audible_backchannel,0.6
2021_10_01_MZT_S4,2021MZT,session_beginning_pct_turns_audible_backchannel,0.12
2021_10_01_MZT_S8,2021MZT,session_beginning_pct_turns_audible_backchannel,0.12
2021-11-04-NES-S2,2021NES,session_beginning_pct_turns_audible_backchannel,0.42105263157894735
2021_06_10_SLU_S4,2021SLU,session_beginning_pct_turns_audible_backchannel,0.14285714285714285
2021_06_11_SLU_S13,2021SLU,session_beginning_pct_turns_audible_backchannel,0.11627906976744186
2021_06_11_SLU_S5,2021SLU,session_beginning_pct_turns_audible_backchannel,0.1935483870967742
2021_06_11_SLU_S8,2021SLU,session_beginning_pct_turns_audible_backchannel,0.11428571428571428
2022-04-07-MND-S3,2022MND,session_beginning_pct_turns_audible_backchannel,0.12
2022-04-08-MND-S3,2022MND,session_beginning_pct_turns_audible_backchannel,0.2631578947368421
2020_11_06_NES_S2,2020NES,session_beginning_pct_turns_shared_affect,0.2
2021-10-08-CMC-S11,2021CMC,session_beginning_pct_turns_shared_affect,0.1951219512195122
2021_10_01_MZT_S12,2021MZT,session_beginning_pct_turns_shared_affect,0.5
2021_06_10_SLU_S4,2021SLU,session_beginning_pct_turns_shared_affect,0.14285714285714285
2021_06_11_SLU_S10,2021SLU,session_beginning_pct_turns_shared_affect,0.14285714285714285
2021_06_11_SLU_S13,2021SLU,session_beginning_pct_turns_shared_affect,0.20930232558139536
2021_06_11_SLU_S2,2021SLU,session_beginning_pct_turns_shared_affect,0.15384615384615385
2021_06_11_SLU_S4,2021SLU,session_beginning_pct_turns_shared_affect,0.3
2022-04-07-MND-S3,2022MND,session_beginning_pct_turns_shared_affect,0.2
2022-04-08-MND-S3,2022MND,session_beginning_pct_turns_shared_affect,0.21052631578947367
2021_09_30_MZT_S3,2021MZT,session_beginning_problem_specificity_level,4.0
2021_04_22_MND_S5,2021MND,session_beginning_responsiveness_index,2.062654879481876
2021_10_01_MZT_S12,2021MZT,session_beginning_responsiveness_index,4.438499410947717
2021-11-04-NES-S2,2021NES,session_beginning_responsiveness_index,1.438517845888151
2021_06_11_SLU_S10,2021SLU,session_beginning_responsiveness_index,0.8294863762338945
2021_06_11_SLU_S4,2021SLU,session_beginning_responsiveness_index,0.8176299598928726
2022-04-08-MND-S3,2022MND,session_beginning_responsiveness_index,1.1888827976069465
2020_11_05_NES_S6,2020NES,session_beginning_risk_acknowledgment_enthusiasm,0.16666666666666666
2020_11_06_NES_S1,2020NES,session_beginning_risk_acknowledgment_enthusiasm,0.5
2020_11_06_NES_S6,2020NES,session_beginning_risk_acknowledgment_enthusiasm,0.3333333333333333
2021-10-07-CMC-S3,2021CMC,session_beginning_risk_acknowledgment_enthusiasm,1.0
2021_04_22_MND_S4,2021MND,session_beginning_risk_acknowledgment_enthusiasm,1.0
2021-05-20-ABI-S3,2021ABI,session_beginning_shared_vision_present,1.0
2021-05-20-ABI-S5,2021ABI,session_beginning_shared_vision_present,1.0
2021-05-20-ABI-S7,2021ABI,session_beginning_shared_vision_present,1.0
2021-05-20-ABI-S8,2021ABI,session_beginning_shared_vision_present,1.0
2021-05-21-ABI-S1,2021ABI,session_beginning_shared_vision_present,1.0
2021-05-21-ABI-S11,2021ABI,session_beginning_shared_vision_present,1.0
2021-05-21-ABI-S13,2021ABI,session_beginning_shared_vision_present,1.0
2021-05-21-ABI-S15,2021ABI,session_beginning_shared_vision_present,1.0
2021-05-21-ABI-S16,2021ABI,session_beginning_shared_vision_present,1.0
2021-05-21-ABI-S3,2021ABI,session_beginning_shared_vision_present,1.0
2021-05-21-ABI-S5,2021ABI,session_beginning_shared_vision_present,1.0
2021-10-07-CMC-S3,2021CMC,session_beginning_shared_vision_present,1.0
2021-10-07-CMC-S4,2021CMC,session_beginning_shared_vision_present,1.0
2021-10-07-CMC-S5,2021CMC,session_beginning_shared_vision_present,1.0
2021-10-07-CMC-S6,2021CMC,session_beginning_shared_vision_present,1.0
2021-10-07-CMC-S7,2021CMC,session_beginning_shared_vision_present,1.0
2021-10-08-CMC-S8,2021CMC,session_beginning_shared_vision_present,1.0
2021-10-08-CMC-S9,2021CMC,session_beginning_shared_vision_present,1.0
2021_04_22_MND_S1,2021MND,session_beginning_shared_vision_present,1.0
2021_04_22_MND_S3,2021MND,session_beginning_shared_vision_present,1.0
2021_04_22_MND_S4,2021MND,session_beginning_shared_vision_present,1.0
2021_04_22_MND_S5,2021MND,session_beginning_shared_vision_present,1.0
2021_04_23_MND_S16,2021MND,session_beginning_shared_vision_present,1.0
2021_04_23_MND_S4,2021MND,session_beginning_shared_vision_present,1.0
2021_04_23_MND_S5,2021MND,session_beginning_shared_vision_present,1.0
2021_09_30_MZT_S2,2021MZT,session_beginning_shared_vision_present,1.0
2021_09_30_MZT_S4,2021MZT,session_beginning_shared_vision_present,1.0
2021_09_30_MZT_S5,2021MZT,session_beginning_shared_vision_present,1.0
2021_10_01_MZT_S12,2021MZT,session_beginning_shared_vision_present,1.0
2021-11-04-NES-S1,2021NES,session_beginning_shared_vision_present,1.0
2021-11-04-NES-S2,2021NES,session_beginning_shared_vision_present,1.0
2021_06_10_SLU_S7,2021SLU,session_beginning_shared_vision_present,1.0
2021_06_11_SLU_S3,2021SLU,session_beginning_shared_vision_present,1.0
2021_06_11_SLU_S5,2021SLU,session_beginning_shared_vision_present,1.0
2022-04-07-MND-S5,2022MND,session_beginning_shared_vision_present,1.0
2022-04-08-MND-S10,2022MND,session_beginning_shared_vision_present,1.0
2022-04-08-MND-S2,2022MND,session_beginning_shared_vision_present,1.0
2020_11_05_NES_S3,2020NES,session_beginning_skill_gap_identified,0.5
2020_11_05_NES_S4,2020NES,session_beginning_skill_gap_identified,0.16666666666666666
2020_11_05_NES_S5,2020NES,session_beginning_skill_gap_identified,0.5
2020_11_05_NES_S6,2020NES,session_beginning_skill_gap_identified,0.5
2020_11_06_NES_S1,2020NES,session_beginning_skill_gap_identified,0.25
2020_11_06_NES_S4,2020NES,session_beginning_skill_gap_identified,0.5
2020_11_06_NES_S6,2020NES,session_beginning_skill_gap_identified,0.6666666666666666
2021-05-20-ABI-S5,2021ABI,session_beginning_skill_gap_identified,1.0
2021-05-21-ABI-S1,2021ABI,session_beginning_skill_gap_identified,1.0
2021-05-21-ABI-S13,2021ABI,session_beginning_skill_gap_identified,1.0
2021-05-21-ABI-S2,2021ABI,session_beginning_skill_gap_identified,1.0
2021-05-21-ABI-S7,2021ABI,session_beginning_skill_gap_identified,1.0
2021-10-07-CMC-S3,2021CMC,session_beginning_skill_gap_identified,1.0
2021-10-07-CMC-S6,2021CMC,session_beginning_skill_gap_identified,1.0
2021_04_22_MND_S3,2021MND,session_beginning_skill_gap_identified,1.0
2021_04_22_MND_S4,2021MND,session_beginning_skill_gap_identified,1.0
2021_04_23_MND_S1,2021MND,session_beginning_skill_gap_identified,1.0
2021_04_23_MND_S11,2021MND,session_beginning_skill_gap_identified,1.0
2021_04_23_MND_S14,2021MND,session_beginning_skill_gap_identified,1.0
2021_04_23_MND_S4,2021MND,session_beginning_skill_gap_identified,1.0
2021_04_23_MND_S9,2021MND,session_beginning_skill_gap_identified,1.0
2021_09_30_MZT_S2,2021MZT,session_beginning_skill_gap_identified,1.0
2021_09_30_MZT_S5,2021MZT,session_beginning_skill_gap_identified,1.0
2021_10_01_MZT_S12,2021MZT,session_beginning_skill_gap_identified,1.0
2021-11-04-NES-S1,2021NES,session_beginning_skill_gap_identified,1.0
2021-11-04-NES-S4,2021NES,session_beginning_skill_gap_identified,1.0
2021-11-05-NES-S9,2021NES,session_beginning_skill_gap_identified,1.0
2021_06_11_SLU_S12,2021SLU,session_beginning_skill_gap_identified,1.0
2021_06_11_SLU_S5,2021SLU,session_beginning_skill_gap_identified,1.0
2021_06_11_SLU_S9,2021SLU,session_beginning_skill_gap_identified,1.0
2020_11_05_NES_S3,2020NES,session_delta_any_laughter,0.5
2020_11_05_NES_S5,2020NES,session_delta_any_laughter,0.25
2020_11_05_NES_S6,2020NES,session_delta_any_laughter,0.16666666666666666
2020_11_06_NES_S1,2020NES,session_delta_any_laughter,0.25
2020_11_06_NES_S10,2020NES,session_delta_any_laughter,0.4
2020_11_06_NES_S11,2020NES,session_delta_any_laughter,-0.19999999999999996
2020_11_06_NES_S2,2020NES,session_delta_any_laughter,-1.0
2020_11_06_NES_S7,2020NES,session_delta_any_laughter,0.3333333333333333
2020_11_06_NES_S8,2020NES,session_delta_any_laughter,-1.0
2020_11_06_NES_S9,2020NES,session_delta_any_laughter,-1.0
2021-05-20-ABI-S1,2021ABI,session_delta_any_laughter,1.0
2021-05-20-ABI-S2,2021ABI,session_delta_any_laughter,1.0
2021-05-20-ABI-S5,2021ABI,session_delta_any_laughter,-1.0
2021-05-20-ABI-S7,2021ABI,session_delta_any_laughter,1.0
2021-05-20-ABI-S8,2021ABI,session_delta_any_laughter,1.0
2021-05-21-ABI-S1,2021ABI,session_delta_any_laughter,-1.0
2021-05-21-ABI-S11,2021ABI,session_delta_any_laughter,-1.0
2021-05-21-ABI-S12,2021ABI,session_delta_any_laughter,1.0
2021-05-21-ABI-S13,2021ABI,session_delta_any_laughter,-1.0
2021-05-21-ABI-S2,2021ABI,session_delta_any_laughter,1.0
2021-05-21-ABI-S3,2021ABI,session_delta_any_laughter,-1.0
2021-05-21-ABI-S6,2021ABI,session_delta_any_laughter,-1.0
2021-05-21-ABI-S7,2021ABI,session_delta_any_laughter,1.0
2021-05-21-ABI-S8,2021ABI,session_delta_any_laughter,1.0
2021-10-07-CMC-S2,2021CMC,session_delta_any_laughter,-1.0
2021-10-07-CMC-S6,2021CMC,session_delta_any_laughter,-1.0
2021_04_22_MND_S1,2021MND,session_delta_any_laughter,1.0
2021_04_22_MND_S5,2021MND,session_delta_any_laughter,-1.0
2021_04_23_MND_S1,2021MND,session_delta_any_laughter,1.0
2021_04_23_MND_S11,2021MND,session_delta_any_laughter,1.0
2021_04_23_MND_S14,2021MND,session_delta_any_laughter,1.0
2021_04_23_MND_S16,2021MND,session_delta_any_laughter,1.0
2021_04_23_MND_S3,2021MND,session_delta_any_laughter,-1.0
2021_04_23_MND_S4,2021MND,session_delta_any_laughter,-1.0
2021_04_23_MND_S7,2021MND,session_delta_any_laughter,1.0
2021_04_23_MND_S8,2021MND,session_delta_any_laughter,1.0
2021_09_30_MZT_S3,2021MZT,session_delta_any_laughter,1.0
2021_09_30_MZT_S6,2021MZT,session_delta_any_laughter,-1.0
2021_10_01_MZT_S1,2021MZT,session_delta_any_laughter,-1.0
2021_10_01_MZT_S13,2021MZT,session_delta_any_laughter,1.0
2021_10_01_MZT_S2,2021MZT,session_delta_any_laughter,-1.0
2021-11-04-NES-S1,2021NES,session_delta_any_laughter,-1.0
2021-11-04-NES-S4,2021NES,session_delta_any_laughter,1.0
2021-11-04-NES-S6,2021NES,session_delta_any_laughter,1.0
2021-11-05-NES-S2,2021NES,session_delta_any_laughter,1.0
2021-11-05-NES-S8,2021NES,session_delta_any_laughter,-1.0
2021_06_10_SLU_S3,2021SLU,session_delta_any_laughter,-1.0
2021_06_10_SLU_S6,2021SLU,session_delta_any_laughter,-1.0
2021_06_11_SLU_S3,2021SLU,session_delta_any_laughter,-1.0
2021_06_11_SLU_S9,2021SLU,session_delta_any_laughter,-1.0
2022-04-07-MND-S1,2022MND,session_delta_any_laughter,1.0
2022-04-07-MND-S5,2022MND,session_delta_any_laughter,1.0
2022-04-08-MND-S10,2022MND,session_delta_any_laughter,-1.0
2022-04-08-MND-S2,2022MND,session_delta_any_laughter,-1.0
2020_11_05_NES_S1,2020NES,session_delta_blocking_count,-4.0
2020_11_06_NES_S3,2020NES,session_delta_blocking_count,-2.0
2020_11_06_NES_S4,2020NES,session_delta_blocking_count,-2.0
2021-05-20-ABI-S6,2021ABI,session_delta_blocking_count,-2.0
2021-10-08-CMC-S10,2021CMC,session_delta_blocking_count,4.0
2021-10-08-CMC-S12,2021CMC,session_delta_blocking_count,-2.0
2021-10-08-CMC-S2,2021CMC,session_delta_blocking_count,3.0
2021-10-08-CMC-S8,2021CMC,session_delta_blocking_count,-2.0
2021_04_22_MND_S3,2021MND,session_delta_blocking_count,-3.0
2021_04_22_MND_S7,2021MND,session_delta_blocking_count,3.0
2021_04_23_MND_S15,2021MND,session_delta_blocking_count,3.0
2021_09_30_MZT_S2,2021MZT,session_delta_blocking_count,-5.0
2021_10_01_MZT_S4,2021MZT,session_delta_blocking_count,-3.0
2021-11-04-NES-S2,2021NES,session_delta_blocking_count,-4.0
2021_06_10_SLU_S6,2021SLU,session_delta_blocking_count,-2.0
2022-04-08-MND-S2,2022MND,session_delta_blocking_count,-2.0
2022-04-08-MND-S3,2022MND,session_delta_blocking_count,6.0
2020_11_06_NES_S8,2020NES,session_delta_collective_engagement_score,-2.0
2020_11_06_NES_S9,2020NES,session_delta_collective_engagement_score,-2.0
2021-05-20-ABI-S8,2021ABI,session_delta_collective_engagement_score,1.0
2021-05-21-ABI-S10,2021ABI,session_delta_collective_engagement_score,-1.0
2021-05-21-ABI-S11,2021ABI,session_delta_collective_engagement_score,-3.0
2021-05-21-ABI-S13,2021ABI,session_delta_collective_engagement_score,-1.0
2021-05-21-ABI-S15,2021ABI,session_delta_collective_engagement_score,-1.0
2021-05-21-ABI-S16,2021ABI,session_delta_collective_engagement_score,1.0
2021-05-21-ABI-S2,2021ABI,session_delta_collective_engagement_score,1.0
2021-05-21-ABI-S3,2021ABI,session_delta_collective_engagement_score,-3.0
2021-05-21-ABI-S5,2021ABI,session_delta_collective_engagement_score,-1.0
2021-05-21-ABI-S8,2021ABI,session_delta_collective_engagement_score,1.0
2021-10-07-CMC-S2,2021CMC,session_delta_collective_engagement_score,-2.0
2021-10-07-CMC-S3,2021CMC,session_delta_collective_engagement_score,-1.0
2021-10-07-CMC-S5,2021CMC,session_delta_collective_engagement_score,-1.0
2021-10-07-CMC-S6,2021CMC,session_delta_collective_engagement_score,-3.0
2021-10-08-CMC-S14,2021CMC,session_delta_collective_engagement_score,1.0
2021-10-08-CMC-S2,2021CMC,session_delta_collective_engagement_score,1.0
2021-10-08-CMC-S3,2021CMC,session_delta_collective_engagement_score,1.0
2021-10-08-CMC-S4,2021CMC,session_delta_collective_engagement_score,1.0
2021-10-08-CMC-S8,2021CMC,session_delta_collective_engagement_score,-1.0
2021-10-08-CMC-S9,2021CMC,session_delta_collective_engagement_score,-1.0
2021_04_22_MND_S3,2021MND,session_delta_collective_engagement_score,-1.0
2021_04_22_MND_S4,2021MND,session_delta_collective_engagement_score,-1.0
2021_04_22_MND_S7,2021MND,session_delta_collective_engagement_score,1.0
2021_04_23_MND_S13,2021MND,session_delta_collective_engagement_score,1.0
2021_04_23_MND_S4,2021MND,session_delta_collective_engagement_score,-2.0
2021_04_23_MND_S6,2021MND,session_delta_collective_engagement_score,-1.0
2021_09_30_MZT_S3,2021MZT,session_delta_collective_engagement_score,1.0
2021_09_30_MZT_S4,2021MZT,session_delta_collective_engagement_score,-2.0
2021_10_01_MZT_S1,2021MZT,session_delta_collective_engagement_score,1.0
2021_10_01_MZT_S10,2021MZT,session_delta_collective_engagement_score,1.0
2021_10_01_MZT_S12,2021MZT,session_delta_collective_engagement_score,1.0
2021_10_01_MZT_S2,2021MZT,session_delta_collective_engagement_score,-1.0
2021_10_01_MZT_S3,2021MZT,session_delta_collective_engagement_score,-1.0
2021_10_01_MZT_S4,2021MZT,session_delta_collective_engagement_score,-1.0
2021_10_01_MZT_S5,2021MZT,session_delta_collective_engagement_score,-1.0
2021_10_01_MZT_S6,2021MZT,session_delta_collective_engagement_score,1.0
2021_10_01_MZT_S8,2021MZT,session_delta_collective_engagement_score,-1.0
2021-11-04-NES-S1,2021NES,session_delta_collective_engagement_score,-2.0
2021-11-04-NES-S2,2021NES,session_delta_collective_engagement_score,-1.0
2021-11-04-NES-S6,2021NES,session_delta_collective_engagement_score,-1.0
2021-11-05-NES-S1,2021NES,session_delta_collective_engagement_score,-1.0
2021-11-05-NES-S11,2021NES,session_delta_collective_engagement_score,1.0
2021-11-05-NES-S3,2021NES,session_delta_collective_engagement_score,-1.0
2021-11-05-NES-S4,2021NES,session_delta_collective_engagement_score,-1.0
2021-11-05-NES-S5,2021NES,session_delta_collective_engagement_score,-1.0
2021-11-05-NES-S6,2021NES,session_delta_collective_engagement_score,-1.0
2021-11-05-NES-S8,2021NES,session_delta_collective_engagement_score,-2.0
2021_06_10_SLU_S2,2021SLU,session_delta_collective_engagement_score,-1.0
2021_06_10_SLU_S4,2021SLU,session_delta_collective_engagement_score,1.0
2021_06_10_SLU_S6,2021SLU,session_delta_collective_engagement_score,-1.0
2021_06_10_SLU_S7,2021SLU,session_delta_collective_engagement_score,-1.0
2021_06_11_SLU_S10,2021SLU,session_delta_collective_engagement_score,-1.0
2021_06_11_SLU_S13,2021SLU,session_delta_collective_engagement_score,1.0
2021_06_11_SLU_S2,2021SLU,session_delta_collective_engagement_score,-1.0
2021_06_11_SLU_S9,2021SLU,session_delta_collective_engagement_score,-2.0
2022-04-08-MND-S3,2022MND,session_delta_collective_engagement_score,1.0
2020_11_05_NES_S6,2020NES,session_delta_commitment_signal,-0.16666666666666666
2021-05-20-ABI-S8,2021ABI,session_delta_commitment_signal,1.0
2021-05-21-ABI-S13,2021ABI,session_delta_commitment_signal,-1.0
2021-05-21-ABI-S2,2021ABI,session_delta_commitment_signal,1.0
2021-05-21-ABI-S5,2021ABI,session_delta_commitment_signal,-1.0
2021-10-07-CMC-S5,2021CMC,session_delta_commitment_signal,-1.0
2021-10-08-CMC-S12,2021CMC,session_delta_commitment_signal,-1.0
2021-10-08-CMC-S8,2021CMC,session_delta_commitment_signal,-1.0
2021_04_23_MND_S14,2021MND,session_delta_commitment_signal,1.0
2021_04_23_MND_S7,2021MND,session_delta_commitment_signal,1.0
2021_10_01_MZT_S12,2021MZT,session_delta_commitment_signal,1.0
2021_10_01_MZT_S13,2021MZT,session_delta_commitment_signal,1.0
2021_10_01_MZT_S6,2021MZT,session_delta_commitment_signal,1.0
2021-11-05-NES-S12,2021NES,session_delta_commitment_signal,1.0
2021_06_10_SLU_S5,2021SLU,session_delta_commitment_signal,1.0
2022-04-08-MND-S10,2022MND,session_delta_commitment_signal,1.0
2020_11_05_NES_S2,2020NES,session_delta_cross_disciplinary_bridging,1.0
2021-05-20-ABI-S8,2021ABI,session_delta_cross_disciplinary_bridging,1.0
2021-05-21-ABI-S14,2021ABI,session_delta_cross_disciplinary_bridging,1.0
2021-05-21-ABI-S8,2021ABI,session_delta_cross_disciplinary_bridging,1.0
2021-10-08-CMC-S11,2021CMC,session_delta_cross_disciplinary_bridging,1.0
2021-10-08-CMC-S14,2021CMC,session_delta_cross_disciplinary_bridging,1.0
2021-10-08-CMC-S2,2021CMC,session_delta_cross_disciplinary_bridging,1.0
2021-10-08-CMC-S3,2021CMC,session_delta_cross_disciplinary_bridging,1.0
2021-10-08-CMC-S4,2021CMC,session_delta_cross_disciplinary_bridging,1.0
2021-10-08-CMC-S5,2021CMC,session_delta_cross_disciplinary_bridging,1.0
2021-10-08-CMC-S6,2021CMC,session_delta_cross_disciplinary_bridging,1.0
2021-10-08-CMC-S7,2021CMC,session_delta_cross_disciplinary_bridging,1.0
2021_04_22_MND_S1,2021MND,session_delta_cross_disciplinary_bridging,1.0
2021_04_22_MND_S6,2021MND,session_delta_cross_disciplinary_bridging,1.0
2021_04_22_MND_S7,2021MND,session_delta_cross_disciplinary_bridging,1.0
2021_04_23_MND_S10,2021MND,session_delta_cross_disciplinary_bridging,1.0
2021_04_23_MND_S2,2021MND,session_delta_cross_disciplinary_bridging,1.0
2021_04_23_MND_S7,2021MND,session_delta_cross_disciplinary_bridging,1.0
2021_09_30_MZT_S7,2021MZT,session_delta_cross_disciplinary_bridging,1.0
2021_10_01_MZT_S11,2021MZT,session_delta_cross_disciplinary_bridging,1.0
2021_10_01_MZT_S13,2021MZT,session_delta_cross_disciplinary_bridging,1.0
2021_10_01_MZT_S3,2021MZT,session_delta_cross_disciplinary_bridging,1.0
2021_10_01_MZT_S4,2021MZT,session_delta_cross_disciplinary_bridging,1.0
2021_10_01_MZT_S5,2021MZT,session_delta_cross_disciplinary_bridging,1.0
2021_10_01_MZT_S6,2021MZT,session_delta_cross_disciplinary_bridging,1.0
2021_10_01_MZT_S7,2021MZT,session_delta_cross_disciplinary_bridging,1.0
2021-11-04-NES-S5,2021NES,session_delta_cross_disciplinary_bridging,1.0
2021-11-05-NES-S10,2021NES,session_delta_cross_disciplinary_bridging,1.0
2021-11-05-NES-S12,2021NES,session_delta_cross_disciplinary_bridging,1.0
2021_06_10_SLU_S1,2021SLU,session_delta_cross_disciplinary_bridging,1.0
2021_06_10_SLU_S4,2021SLU,session_delta_cross_disciplinary_bridging,1.0
2021_06_10_SLU_S5,2021SLU,session_delta_cross_disciplinary_bridging,1.0
2021_06_11_SLU_S1,2021SLU,session_delta_cross_disciplinary_bridging,1.0
2021_06_11_SLU_S12,2021SLU,session_delta_cross_disciplinary_bridging,1.0
2021_06_11_SLU_S4,2021SLU,session_delta_cross_disciplinary_bridging,1.0
2021_06_11_SLU_S7,2021SLU,session_delta_cross_disciplinary_bridging,1.0
2021_06_11_SLU_S8,2021SLU,session_delta_cross_disciplinary_bridging,1.0
2020_11_05_NES_S1,2020NES,session_delta_dissent_response_exploratory,-0.5
2020_11_05_NES_S3,2020NES,session_delta_dissent_response_exploratory,0.5
2020_11_05_NES_S5,2020NES,session_delta_dissent_response_exploratory,-0.25
2020_11_05_NES_S6,2020NES,session_delta_dissent_response_exploratory,0.16666666666666666
2020_11_06_NES_S1,2020NES,session_delta_dissent_response_exploratory,-0.25
2020_11_06_NES_S10,2020NES,session_delta_dissent_response_exploratory,0.2
2020_11_06_NES_S12,2020NES,session_delta_dissent_response_exploratory,-0.3333333333333333
2020_11_06_NES_S3,2020NES,session_delta_dissent_response_exploratory,-1.0
2020_11_06_NES_S7,2020NES,session_delta_dissent_response_exploratory,-0.3333333333333333
2021-05-21-ABI-S16,2021ABI,session_delta_dissent_response_exploratory,1.0
2021-10-07-CMC-S3,2021CMC,session_delta_dissent_response_exploratory,-1.0
2021-10-07-CMC-S4,2021CMC,session_delta_dissent_response_exploratory,-1.0
2021-10-07-CMC-S7,2021CMC,session_delta_dissent_response_exploratory,1.0
2021-10-08-CMC-S10,2021CMC,session_delta_dissent_response_exploratory,1.0
2021-10-08-CMC-S12,2021CMC,session_delta_dissent_response_exploratory,1.0
2021-10-08-CMC-S2,2021CMC,session_delta_dissent_response_exploratory,1.0
2021-10-08-CMC-S3,2021CMC,session_delta_dissent_response_exploratory,1.0
2021-10-08-CMC-S9,2021CMC,session_delta_dissent_response_exploratory,-1.0
2021_04_22_MND_S3,2021MND,session_delta_dissent_response_exploratory,-1.0
2021_04_22_MND_S4,2021MND,session_delta_dissent_response_exploratory,-1.0
2021_04_22_MND_S7,2021MND,session_delta_dissent_response_exploratory,1.0
2021_04_23_MND_S15,2021MND,session_delta_dissent_response_exploratory,1.0
2021_04_23_MND_S16,2021MND,session_delta_dissent_response_exploratory,-1.0
2021_04_23_MND_S4,2021MND,session_delta_dissent_response_exploratory,-1.0
2021_04_23_MND_S7,2021MND,session_delta_dissent_response_exploratory,1.0
2021_09_30_MZT_S7,2021MZT,session_delta_dissent_response_exploratory,1.0
2021_10_01_MZT_S7,2021MZT,session_delta_dissent_response_exploratory,1.0
2021_10_01_MZT_S8,2021MZT,session_delta_dissent_response_exploratory,1.0
2021-11-04-NES-S1,2021NES,session_delta_dissent_response_exploratory,-1.0
2021-11-04-NES-S2,2021NES,session_delta_dissent_response_exploratory,-1.0
2021-11-04-NES-S4,2021NES,session_delta_dissent_response_exploratory,-1.0
2021_06_11_SLU_S13,2021SLU,session_delta_dissent_response_exploratory,1.0
2021_06_11_SLU_S4,2021SLU,session_delta_dissent_response_exploratory,1.0
2022-04-08-MND-S1,2022MND,session_delta_dissent_response_exploratory,1.0
2020_11_05_NES_S1,2020NES,session_delta_dissent_was_present,-0.5
2020_11_05_NES_S3,2020NES,session_delta_dissent_was_present,0.5
2020_11_05_NES_S5,2020NES,session_delta_dissent_was_present,-0.25
2020_11_05_NES_S6,2020NES,session_delta_dissent_was_present,0.16666666666666666
2020_11_06_NES_S1,2020NES,session_delta_dissent_was_present,-0.25
2020_11_06_NES_S10,2020NES,session_delta_dissent_was_present,0.2
2020_11_06_NES_S12,2020NES,session_delta_dissent_was_present,-0.3333333333333333
2020_11_06_NES_S3,2020NES,session_delta_dissent_was_present,-1.0
2020_11_06_NES_S7,2020NES,session_delta_dissent_was_present,-0.3333333333333333
2021-05-21-ABI-S16,2021ABI,session_delta_dissent_was_present,1.0
2021-10-07-CMC-S3,2021CMC,session_delta_dissent_was_present,-1.0
2021-10-07-CMC-S4,2021CMC,session_delta_dissent_was_present,-1.0
2021-10-07-CMC-S7,2021CMC,session_delta_dissent_was_present,1.0
2021-10-08-CMC-S10,2021CMC,session_delta_dissent_was_present,1.0
2021-10-08-CMC-S12,2021CMC,session_delta_dissent_was_present,1.0
2021-10-08-CMC-S2,2021CMC,session_delta_dissent_was_present,1.0
2021-10-08-CMC-S3,2021CMC,session_delta_dissent_was_present,1.0
2021-10-08-CMC-S9,2021CMC,session_delta_dissent_was_present,-1.0
2021_04_22_MND_S3,2021MND,session_delta_dissent_was_present,-1.0
2021_04_22_MND_S4,2021MND,session_delta_dissent_was_present,-1.0
2021_04_22_MND_S7,2021MND,session_delta_dissent_was_present,1.0
2021_04_23_MND_S15,2021MND,session_delta_dissent_was_present,1.0
2021_04_23_MND_S16,2021MND,session_delta_dissent_was_present,-1.0
2021_04_23_MND_S4,2021MND,session_delta_dissent_was_present,-1.0
2021_04_23_MND_S7,2021MND,session_delta_dissent_was_present,1.0
2021_09_30_MZT_S7,2021MZT,session_delta_dissent_was_present,1.0
2021_10_01_MZT_S13,2021MZT,session_delta_dissent_was_present,1.0
2021_10_01_MZT_S7,2021MZT,session_delta_dissent_was_present,1.0
2021_10_01_MZT_S8,2021MZT,session_delta_dissent_was_present,1.0
2021-11-04-NES-S1,2021NES,session_delta_dissent_was_present,-1.0
2021-11-04-NES-S2,2021NES,session_delta_dissent_was_present,-1.0
2021-11-04-NES-S4,2021NES,session_delta_dissent_was_present,-1.0
2021_06_10_SLU_S1,2021SLU,session_delta_dissent_was_present,1.0
2021_06_11_SLU_S13,2021SLU,session_delta_dissent_was_present,1.0
2021_06_11_SLU_S4,2021SLU,session_delta_dissent_was_present,1.0
2022-04-08-MND-S1,2022MND,session_delta_dissent_was_present,1.0
2020_11_05_NES_S3,2020NES,session_delta_explicit_complementarity,-0.5
2020_11_05_NES_S5,2020NES,session_delta_explicit_complementarity,-0.25
2020_11_05_NES_S6,2020NES,session_delta_explicit_complementarity,-0.33333333333333337
2020_11_06_NES_S1,2020NES,session_delta_explicit_complementarity,-0.25
2020_11_06_NES_S11,2020NES,session_delta_explicit_complementarity,-0.2
2021-05-20-ABI-S3,2021ABI,session_delta_explicit_complementarity,-1.0
2021-05-20-ABI-S5,2021ABI,session_delta_explicit_complementarity,-1.0
2021-05-20-ABI-S8,2021ABI,session_delta_explicit_complementarity,1.0
2021-05-21-ABI-S1,2021ABI,session_delta_explicit_complementarity,-1.0
2021-05-21-ABI-S12,2021ABI,session_delta_explicit_complementarity,-1.0
2021-05-21-ABI-S13,2021ABI,session_delta_explicit_complementarity,-1.0
2021-05-21-ABI-S15,2021ABI,session_delta_explicit_complementarity,-1.0
2021-05-21-ABI-S16,2021ABI,session_delta_explicit_complementarity,-1.0
2021-05-21-ABI-S2,2021ABI,session_delta_explicit_complementarity,1.0
2021-05-21-ABI-S3,2021ABI,session_delta_explicit_complementarity,-1.0
2021-05-21-ABI-S8,2021ABI,session_delta_explicit_complementarity,1.0
2021-10-07-CMC-S1,2021CMC,session_delta_explicit_complementarity,-1.0
2021-10-07-CMC-S3,2021CMC,session_delta_explicit_complementarity,-1.0
2021-10-07-CMC-S6,2021CMC,session_delta_explicit_complementarity,-1.0
2021-10-08-CMC-S1,2021CMC,session_delta_explicit_complementarity,-1.0
2021-10-08-CMC-S11,2021CMC,session_delta_explicit_complementarity,1.0
2021-10-08-CMC-S13,2021CMC,session_delta_explicit_complementarity,1.0
2021-10-08-CMC-S5,2021CMC,session_delta_explicit_complementarity,-1.0
2021-10-08-CMC-S6,2021CMC,session_delta_explicit_complementarity,1.0
2021-10-08-CMC-S7,2021CMC,session_delta_explicit_complementarity,1.0
2021-10-08-CMC-S9,2021CMC,session_delta_explicit_complementarity,-1.0
2021_04_22_MND_S1,2021MND,session_delta_explicit_complementarity,1.0
2021_04_23_MND_S11,2021MND,session_delta_explicit_complementarity,-1.0
2021_04_23_MND_S4,2021MND,session_delta_explicit_complementarity,-1.0
2021_04_23_MND_S7,2021MND,session_delta_explicit_complementarity,1.0
2021_09_30_MZT_S5,2021MZT,session_delta_explicit_complementarity,-1.0
2021_10_01_MZT_S3,2021MZT,session_delta_explicit_complementarity,1.0
2021_10_01_MZT_S4,2021MZT,session_delta_explicit_complementarity,1.0
2021_10_01_MZT_S5,2021MZT,session_delta_explicit_complementarity,1.0
2021_10_01_MZT_S9,2021MZT,session_delta_explicit_complementarity,-1.0
2021-11-04-NES-S1,2021NES,session_delta_explicit_complementarity,-1.0
2021-11-04-NES-S2,2021NES,session_delta_explicit_complementarity,-1.0
2021-11-04-NES-S4,2021NES,session_delta_explicit_complementarity,1.0
2021-11-05-NES-S9,2021NES,session_delta_explicit_complementarity,-1.0
2021_06_10_SLU_S4,2021SLU,session_delta_explicit_complementarity,1.0
2021_06_10_SLU_S5,2021SLU,session_delta_explicit_complementarity,1.0
2021_06_10_SLU_S7,2021SLU,session_delta_explicit_complementarity,1.0
2021_06_11_SLU_S12,2021SLU,session_delta_explicit_complementarity,-1.0
2021_06_11_SLU_S5,2021SLU,session_delta_explicit_complementarity,-1.0
2022-04-07-MND-S5,2022MND,session_delta_explicit_complementarity,-1.0
2022-04-08-MND-S10,2022MND,session_delta_explicit_complementarity,-1.0
2022-04-08-MND-S11,2022MND,session_delta_explicit_complementarity,1.0
2020_11_05_NES_S1,2020NES,session_delta_explore_vs_defend_ratio,-500000.0
2020_11_06_NES_S1,2020NES,session_delta_explore_vs_defend_ratio,-250000.0
2020_11_06_NES_S10,2020NES,session_delta_explore_vs_defend_ratio,200000.0
2021-05-20-ABI-S8,2021ABI,session_delta_explore_vs_defend_ratio,1000000.0
2021-05-21-ABI-S16,2021ABI,session_delta_explore_vs_defend_ratio,1000000.0
2021-10-07-CMC-S6,2021CMC,session_delta_explore_vs_defend_ratio,-1000000.0
2021-10-07-CMC-S7,2021CMC,session_delta_explore_vs_defend_ratio,-1000000.0
2021-10-08-CMC-S12,2021CMC,session_delta_explore_vs_defend_ratio,-1000000.0
2021-10-08-CMC-S2,2021CMC,session_delta_explore_vs_defend_ratio,1000000.0
2021-10-08-CMC-S4,2021CMC,session_delta_explore_vs_defend_ratio,-1000000.0
2021-10-08-CMC-S8,2021CMC,session_delta_explore_vs_defend_ratio,-1000000.0
2021_04_22_MND_S6,2021MND,session_delta_explore_vs_defend_ratio,-1000000.0
2021_04_23_MND_S15,2021MND,session_delta_explore_vs_defend_ratio,1000000.0
2021_09_30_MZT_S2,2021MZT,session_delta_explore_vs_defend_ratio,-1000000.0
2021_10_01_MZT_S7,2021MZT,session_delta_explore_vs_defend_ratio,1000000.0
2021-11-04-NES-S4,2021NES,session_delta_explore_vs_defend_ratio,-1000000.0
2021_06_10_SLU_S5,2021SLU,session_delta_explore_vs_defend_ratio,1000000.0
2021_06_10_SLU_S7,2021SLU,session_delta_explore_vs_defend_ratio,1000000.0
2021_06_11_SLU_S4,2021SLU,session_delta_explore_vs_defend_ratio,1000000.0
2021_06_11_SLU_S6,2021SLU,session_delta_explore_vs_defend_ratio,1000000.0
2021_06_11_SLU_S7,2021SLU,session_delta_explore_vs_defend_ratio,-2000000.0
2022-04-08-MND-S1,2022MND,session_delta_explore_vs_defend_ratio,1000000.0
2020_11_05_NES_S1,2020NES,session_delta_funding_awareness,-1.0
2020_11_05_NES_S2,2020NES,session_delta_funding_awareness,1.0
2020_11_05_NES_S4,2020NES,session_delta_funding_awareness,-0.16666666666666666
2020_11_05_NES_S5,2020NES,session_delta_funding_awareness,0.25
2020_11_05_NES_S6,2020NES,session_delta_funding_awareness,-0.16666666666666669
2020_11_06_NES_S1,2020NES,session_delta_funding_awareness,-0.25
2020_11_06_NES_S10,2020NES,session_delta_funding_awareness,0.20000000000000007
2020_11_06_NES_S12,2020NES,session_delta_funding_awareness,0.33333333333333337
2020_11_06_NES_S2,2020NES,session_delta_funding_awareness,-1.0
2020_11_06_NES_S3,2020NES,session_delta_funding_awareness,-1.0
2020_11_06_NES_S4,2020NES,session_delta_funding_awareness,-0.5
2021-05-20-ABI-S2,2021ABI,session_delta_funding_awareness,-1.0
2021-05-20-ABI-S5,2021ABI,session_delta_funding_awareness,-1.0
2021-05-21-ABI-S1,2021ABI,session_delta_funding_awareness,-1.0
2021-05-21-ABI-S15,2021ABI,session_delta_funding_awareness,-1.0
2021-05-21-ABI-S6,2021ABI,session_delta_funding_awareness,-1.0
2021-10-07-CMC-S1,2021CMC,session_delta_funding_awareness,1.0
2021-10-07-CMC-S3,2021CMC,session_delta_funding_awareness,-1.0
2021-10-08-CMC-S1,2021CMC,session_delta_funding_awareness,-1.0
2021-10-08-CMC-S11,2021CMC,session_delta_funding_awareness,1.0
2021-10-08-CMC-S5,2021CMC,session_delta_funding_awareness,-1.0
2021_04_22_MND_S1,2021MND,session_delta_funding_awareness,1.0
2021_04_22_MND_S4,2021MND,session_delta_funding_awareness,1.0
2021_04_22_MND_S7,2021MND,session_delta_funding_awareness,1.0
2021_04_23_MND_S1,2021MND,session_delta_funding_awareness,1.0
2021_04_23_MND_S10,2021MND,session_delta_funding_awareness,1.0
2021_04_23_MND_S12,2021MND,session_delta_funding_awareness,-1.0
2021_04_23_MND_S16,2021MND,session_delta_funding_awareness,-1.0
2021_04_23_MND_S8,2021MND,session_delta_funding_awareness,1.0
2021_04_23_MND_S9,2021MND,session_delta_funding_awareness,1.0
2021_09_30_MZT_S1,2021MZT,session_delta_funding_awareness,1.0
2021_10_01_MZT_S1,2021MZT,session_delta_funding_awareness,-1.0
2021_10_01_MZT_S10,2021MZT,session_delta_funding_awareness,1.0
2021_10_01_MZT_S11,2021MZT,session_delta_funding_awareness,1.0
2021_10_01_MZT_S13,2021MZT,session_delta_funding_awareness,1.0
2021_10_01_MZT_S4,2021MZT,session_delta_funding_awareness,1.0
2021_10_01_MZT_S5,2021MZT,session_delta_funding_awareness,1.0
2021_10_01_MZT_S9,2021MZT,session_delta_funding_awareness,-1.0
2021-11-04-NES-S5,2021NES,session_delta_funding_awareness,-1.0
2021-11-05-NES-S1,2021NES,session_delta_funding_awareness,-1.0
2021-11-05-NES-S10,2021NES,session_delta_funding_awareness,1.0
2021-11-05-NES-S12,2021NES,session_delta_funding_awareness,1.0
2021-11-05-NES-S5,2021NES,session_delta_funding_awareness,-1.0
2021-11-05-NES-S7,2021NES,session_delta_funding_awareness,1.0
2021-11-05-NES-S9,2021NES,session_delta_funding_awareness,1.0
2021_06_10_SLU_S1,2021SLU,session_delta_funding_awareness,1.0
2021_06_10_SLU_S4,2021SLU,session_delta_funding_awareness,-1.0
2021_06_10_SLU_S5,2021SLU,session_delta_funding_awareness,1.0
2021_06_10_SLU_S6,2021SLU,session_delta_funding_awareness,-1.0
2021_06_11_SLU_S1,2021SLU,session_delta_funding_awareness,-1.0
2021_06_11_SLU_S13,2021SLU,session_delta_funding_awareness,1.0
2021_06_11_SLU_S8,2021SLU,session_delta_funding_awareness,-1.0
2022-04-07-MND-S1,2022MND,session_delta_funding_awareness,1.0
2022-04-07-MND-S3,2022MND,session_delta_funding_awareness,-1.0
2022-04-07-MND-S4,2022MND,session_delta_funding_awareness,1.0
2022-04-07-MND-S5,2022MND,session_delta_funding_awareness,1.0
2022-04-07-MND-S6,2022MND,session_delta_funding_awareness,-1.0
2022-04-08-MND-S1,2022MND,session_delta_funding_awareness,-1.0
2022-04-08-MND-S3,2022MND,session_delta_funding_awareness,1.0
2022-04-08-MND-S7,2022MND,session_delta_funding_awareness,-1.0
2021_04_23_MND_S7,2021MND,session_delta_gini_coefficient,0.578125
2020_11_05_NES_S1,2020NES,session_delta_interruption_quality_ratio,-500000.249999875
2020_11_05_NES_S3,2020NES,session_delta_interruption_quality_ratio,0.49999950000050003
2020_11_05_NES_S4,2020NES,session_delta_interruption_quality_ratio,166666.66666666663
2020_11_05_NES_S5,2020NES,session_delta_interruption_quality_ratio,500000.0
2020_11_05_NES_S6,2020NES,session_delta_interruption_quality_ratio,166666.66666666666
2020_11_06_NES_S10,2020NES,session_delta_interruption_quality_ratio,-399999.6000004
2020_11_06_NES_S12,2020NES,session_delta_interruption_quality_ratio,-666666.6666666666
2020_11_06_NES_S4,2020NES,session_delta_interruption_quality_ratio,500000.0
2020_11_06_NES_S8,2020NES,session_delta_interruption_quality_ratio,-1000000.0
2021-05-21-ABI-S14,2021ABI,session_delta_interruption_quality_ratio,-1000000.0
2021-05-21-ABI-S15,2021ABI,session_delta_interruption_quality_ratio,1000000.0
2021-05-21-ABI-S2,2021ABI,session_delta_interruption_quality_ratio,1000000.0
2021-10-07-CMC-S1,2021CMC,session_delta_interruption_quality_ratio,-1000000.0
2021-10-08-CMC-S1,2021CMC,session_delta_interruption_quality_ratio,2000000.0
2021-10-08-CMC-S10,2021CMC,session_delta_interruption_quality_ratio,2000000.0
2021-10-08-CMC-S11,2021CMC,session_delta_interruption_quality_ratio,-3000000.0
2021-10-08-CMC-S12,2021CMC,session_delta_interruption_quality_ratio,1000000.0
2021-10-08-CMC-S13,2021CMC,session_delta_interruption_quality_ratio,1000000.0
2021-10-08-CMC-S14,2021CMC,session_delta_interruption_quality_ratio,1000000.0
2021-10-08-CMC-S3,2021CMC,session_delta_interruption_quality_ratio,1000000.0
2021-10-08-CMC-S5,2021CMC,session_delta_interruption_quality_ratio,3000000.0
2021-10-08-CMC-S8,2021CMC,session_delta_interruption_quality_ratio,2000000.0
2021_04_23_MND_S1,2021MND,session_delta_interruption_quality_ratio,-3000000.0
2021_04_23_MND_S10,2021MND,session_delta_interruption_quality_ratio,1000000.0
2021_04_23_MND_S5,2021MND,session_delta_interruption_quality_ratio,1000000.0
2021_04_23_MND_S9,2021MND,session_delta_interruption_quality_ratio,-1000000.0
2021_09_30_MZT_S1,2021MZT,session_delta_interruption_quality_ratio,2000000.0
2021_09_30_MZT_S2,2021MZT,session_delta_interruption_quality_ratio,2000000.0
2021_09_30_MZT_S3,2021MZT,session_delta_interruption_quality_ratio,2000000.0
2021_09_30_MZT_S7,2021MZT,session_delta_interruption_quality_ratio,-2000000.0
2021_10_01_MZT_S11,2021MZT,session_delta_interruption_quality_ratio,2000000.0
2021_10_01_MZT_S13,2021MZT,session_delta_interruption_quality_ratio,-1000000.0
2021_10_01_MZT_S6,2021MZT,session_delta_interruption_quality_ratio,1000000.0
2021_10_01_MZT_S7,2021MZT,session_delta_interruption_quality_ratio,1999999.50000025
2021-11-04-NES-S1,2021NES,session_delta_interruption_quality_ratio,-4000000.0
2021-11-04-NES-S4,2021NES,session_delta_interruption_quality_ratio,3000000.0
2021-11-05-NES-S10,2021NES,session_delta_interruption_quality_ratio,1000000.0
2021-11-05-NES-S11,2021NES,session_delta_interruption_quality_ratio,-1000000.0
2021-11-05-NES-S3,2021NES,session_delta_interruption_quality_ratio,-2000000.0
2021-11-05-NES-S6,2021NES,session_delta_interruption_quality_ratio,-1000000.0
2021-11-05-NES-S7,2021NES,session_delta_interruption_quality_ratio,4000000.0
2021-11-05-NES-S9,2021NES,session_delta_interruption_quality_ratio,1000000.0
2021_06_10_SLU_S2,2021SLU,session_delta_interruption_quality_ratio,-1000000.0
2021_06_11_SLU_S12,2021SLU,session_delta_interruption_quality_ratio,-3000000.0
2021_06_11_SLU_S13,2021SLU,session_delta_interruption_quality_ratio,-1000000.0
2021_06_11_SLU_S4,2021SLU,session_delta_interruption_quality_ratio,-999998.000002
2021_06_11_SLU_S6,2021SLU,session_delta_interruption_quality_ratio,-1000000.0
2021_06_11_SLU_S8,2021SLU,session_delta_interruption_quality_ratio,-999999.000001
2021_06_11_SLU_S9,2021SLU,session_delta_interruption_quality_ratio,-1000000.0
2022-04-07-MND-S2,2022MND,session_delta_interruption_quality_ratio,2000000.0
2022-04-07-MND-S3,2022MND,session_delta_interruption_quality_ratio,1000000.0
2022-04-07-MND-S4,2022MND,session_delta_interruption_quality_ratio,1000000.0
2022-04-08-MND-S1,2022MND,session_delta_interruption_quality_ratio,-1000000.0
2022-04-08-MND-S10,2022MND,session_delta_interruption_quality_ratio,1000000.0
2022-04-08-MND-S11,2022MND,session_delta_interruption_quality_ratio,-2000000.0
2022-04-08-MND-S2,2022MND,session_delta_interruption_quality_ratio,1000000.0
2022-04-08-MND-S3,2022MND,session_delta_interruption_quality_ratio,2000000.0
2022-04-08-MND-S4,2022MND,session_delta_interruption_quality_ratio,-1000000.0
2022-04-08-MND-S7,2022MND,session_delta_interruption_quality_ratio,1000000.0
2020_11_05_NES_S1,2020NES,session_delta_is_novel_combination,0.5
2020_11_05_NES_S3,2020NES,session_delta_is_novel_combination,-0.5
2020_11_05_NES_S6,2020NES,session_delta_is_novel_combination,-0.16666666666666666
2020_11_06_NES_S1,2020NES,session_delta_is_novel_combination,-0.25
2020_11_06_NES_S10,2020NES,session_delta_is_novel_combination,0.2
2020_11_06_NES_S11,2020NES,session_delta_is_novel_combination,-0.2
2020_11_06_NES_S12,2020NES,session_delta_is_novel_combination,0.3333333333333333
2020_11_06_NES_S3,2020NES,session_delta_is_novel_combination,-1.0
2021-05-20-ABI-S8,2021ABI,session_delta_is_novel_combination,1.0
2021-05-21-ABI-S1,2021ABI,session_delta_is_novel_combination,-1.0
2021-05-21-ABI-S13,2021ABI,session_delta_is_novel_combination,-1.0
2021-05-21-ABI-S14,2021ABI,session_delta_is_novel_combination,1.0
2021-05-21-ABI-S3,2021ABI,session_delta_is_novel_combination,-1.0
2021-05-21-ABI-S8,2021ABI,session_delta_is_novel_combination,1.0
2021-10-07-CMC-S3,2021CMC,session_delta_is_novel_combination,-1.0
2021-10-07-CMC-S6,2021CMC,session_delta_is_novel_combination,-1.0
2021-10-08-CMC-S11,2021CMC,session_delta_is_novel_combination,1.0
2021-10-08-CMC-S12,2021CMC,session_delta_is_novel_combination,1.0
2021-10-08-CMC-S13,2021CMC,session_delta_is_novel_combination,1.0
2021-10-08-CMC-S2,2021CMC,session_delta_is_novel_combination,1.0
2021-10-08-CMC-S3,2021CMC,session_delta_is_novel_combination,1.0
2021-10-08-CMC-S4,2021CMC,session_delta_is_novel_combination,1.0
2021-10-08-CMC-S6,2021CMC,session_delta_is_novel_combination,1.0
2021-10-08-CMC-S7,2021CMC,session_delta_is_novel_combination,1.0
2021-10-08-CMC-S9,2021CMC,session_delta_is_novel_combination,-1.0
2021_04_22_MND_S3,2021MND,session_delta_is_novel_combination,-1.0
2021_04_22_MND_S5,2021MND,session_delta_is_novel_combination,1.0
2021_04_22_MND_S6,2021MND,session_delta_is_novel_combination,1.0
2021_04_22_MND_S7,2021MND,session_delta_is_novel_combination,1.0
2021_04_22_MND_S8,2021MND,session_delta_is_novel_combination,1.0
2021_04_23_MND_S11,2021MND,session_delta_is_novel_combination,-1.0
2021_04_23_MND_S16,2021MND,session_delta_is_novel_combination,-1.0
2021_04_23_MND_S2,2021MND,session_delta_is_novel_combination,1.0
2021_04_23_MND_S4,2021MND,session_delta_is_novel_combination,-1.0
2021_04_23_MND_S7,2021MND,session_delta_is_novel_combination,1.0
2021_04_23_MND_S9,2021MND,session_delta_is_novel_combination,-1.0
2021_09_30_MZT_S1,2021MZT,session_delta_is_novel_combination,1.0
2021_09_30_MZT_S2,2021MZT,session_delta_is_novel_combination,-1.0
2021_09_30_MZT_S4,2021MZT,session_delta_is_novel_combination,-1.0
2021_09_30_MZT_S5,2021MZT,session_delta_is_novel_combination,-1.0
2021_10_01_MZT_S11,2021MZT,session_delta_is_novel_combination,1.0
2021_10_01_MZT_S13,2021MZT,session_delta_is_novel_combination,1.0
2021_10_01_MZT_S7,2021MZT,session_delta_is_novel_combination,1.0
2021-11-04-NES-S1,2021NES,session_delta_is_novel_combination,-1.0
2021-11-04-NES-S2,2021NES,session_delta_is_novel_combination,-1.0
2021-11-05-NES-S10,2021NES,session_delta_is_novel_combination,1.0
2021-11-05-NES-S12,2021NES,session_delta_is_novel_combination,1.0
2021_06_10_SLU_S1,2021SLU,session_delta_is_novel_combination,1.0
2021_06_10_SLU_S4,2021SLU,session_delta_is_novel_combination,1.0
2021_06_10_SLU_S5,2021SLU,session_delta_is_novel_combination,1.0
2021_06_11_SLU_S1,2021SLU,session_delta_is_novel_combination,1.0
2021_06_11_SLU_S10,2021SLU,session_delta_is_novel_combination,-1.0
2021_06_11_SLU_S12,2021SLU,session_delta_is_novel_combination,1.0
2021_06_11_SLU_S4,2021SLU,session_delta_is_novel_combination,1.0
2021_06_11_SLU_S8,2021SLU,session_delta_is_novel_combination,1.0
2022-04-08-MND-S10,2022MND,session_delta_is_novel_combination,-1.0
2022-04-08-MND-S7,2022MND,session_delta_is_novel_combination,1.0
2020_11_05_NES_S1,2020NES,session_delta_laughter_appreciative,-0.5
2020_11_06_NES_S4,2020NES,session_delta_laughter_appreciative,-0.5
2021-05-20-ABI-S8,2021ABI,session_delta_laughter_appreciative,1.0
2021-05-21-ABI-S15,2021ABI,session_delta_laughter_appreciative,1.0
2021-05-21-ABI-S16,2021ABI,session_delta_laughter_appreciative,1.0
2021-05-21-ABI-S2,2021ABI,session_delta_laughter_appreciative,1.0
2021-05-21-ABI-S8,2021ABI,session_delta_laughter_appreciative,1.0
2021-10-07-CMC-S3,2021CMC,session_delta_laughter_appreciative,-1.0
2021-10-07-CMC-S4,2021CMC,session_delta_laughter_appreciative,1.0
2021-10-08-CMC-S12,2021CMC,session_delta_laughter_appreciative,1.0
2021-10-08-CMC-S13,2021CMC,session_delta_laughter_appreciative,1.0
2021-10-08-CMC-S2,2021CMC,session_delta_laughter_appreciative,1.0
2021-10-08-CMC-S9,2021CMC,session_delta_laughter_appreciative,-1.0
2021_04_22_MND_S1,2021MND,session_delta_laughter_appreciative,1.0
2021_04_22_MND_S4,2021MND,session_delta_laughter_appreciative,-1.0
2021_04_22_MND_S5,2021MND,session_delta_laughter_appreciative,-1.0
2021_04_23_MND_S10,2021MND,session_delta_laughter_appreciative,1.0
2021_04_23_MND_S2,2021MND,session_delta_laughter_appreciative,1.0
2021_04_23_MND_S4,2021MND,session_delta_laughter_appreciative,-1.0
2021_06_11_SLU_S6,2021SLU,session_delta_laughter_appreciative,1.0
2021_09_30_MZT_S2,2021MZT,session_delta_laughter_tension_release,1.0
2021_09_30_MZT_S7,2021MZT,session_delta_laughter_tension_release,1.0
2021_10_01_MZT_S7,2021MZT,session_delta_laughter_tension_release,1.0
2020_11_06_NES_S12,2020NES,session_delta_mean_idea_quality_Idea_Management,0.95
2021-10-08-CMC-S12,2021CMC,session_delta_mean_idea_quality_Idea_Management,1.0
2021_06_10_SLU_S7,2021SLU,session_delta_mean_idea_quality_Idea_Management,1.0
2021_04_23_MND_S16,2021MND,session_delta_mean_idea_quality_Integration_Practices,-1.0
2021-11-04-NES-S2,2021NES,session_delta_mean_idea_quality_Integration_Practices,-1.0
2021-05-20-ABI-S8,2021ABI,session_delta_mean_idea_quality_Knowledge_Sharing,1.25
2021-05-21-ABI-S11,2021ABI,session_delta_mean_idea_quality_Knowledge_Sharing,-1.0
2021-05-21-ABI-S16,2021ABI,session_delta_mean_idea_quality_Knowledge_Sharing,1.0
2021-10-08-CMC-S10,2021CMC,session_delta_mean_idea_quality_Knowledge_Sharing,1.275
2021_04_23_MND_S4,2021MND,session_delta_mean_idea_quality_Knowledge_Sharing,-0.8333333333333333
2021_04_23_MND_S7,2021MND,session_delta_mean_idea_quality_Knowledge_Sharing,1.0
2021_10_01_MZT_S4,2021MZT,session_delta_mean_idea_quality_Knowledge_Sharing,1.0
2021_10_01_MZT_S5,2021MZT,session_delta_mean_idea_quality_Knowledge_Sharing,1.5
2021-11-04-NES-S3,2021NES,session_delta_mean_idea_quality_Knowledge_Sharing,-1.0
2021-11-04-NES-S4,2021NES,session_delta_mean_idea_quality_Knowledge_Sharing,1.3333333333333333
2021-11-04-NES-S6,2021NES,session_delta_mean_idea_quality_Knowledge_Sharing,1.0
2021-11-05-NES-S2,2021NES,session_delta_mean_idea_quality_Knowledge_Sharing,-1.0
2021_06_10_SLU_S1,2021SLU,session_delta_mean_idea_quality_Knowledge_Sharing,1.0
2021_06_11_SLU_S13,2021SLU,session_delta_mean_idea_quality_Knowledge_Sharing,1.0
2022-04-08-MND-S11,2022MND,session_delta_mean_idea_quality_Knowledge_Sharing,-0.8888888888888888
2021-05-21-ABI-S2,2021ABI,session_delta_mean_nod_rate,2.590909090909091
2021_04_22_MND_S5,2021MND,session_delta_mean_nod_rate,-2.0
2021_04_22_MND_S7,2021MND,session_delta_mean_nod_rate,3.0
2021_10_01_MZT_S12,2021MZT,session_delta_mean_nod_rate,-2.4615384615384617
2021-11-04-NES-S2,2021NES,session_delta_mean_nod_rate,-1.8530701754385963
2021_06_11_SLU_S10,2021SLU,session_delta_mean_nod_rate,-1.8571428571428572
2021-05-21-ABI-S11,2021ABI,session_delta_mean_quality_score,-1.0
2021_10_01_MZT_S5,2021MZT,session_delta_mean_quality_score,1.5
2021-05-21-ABI-S16,2021ABI,session_delta_mean_vocal_enthusiasm,0.541666666666667
2021-05-21-ABI-S2,2021ABI,session_delta_mean_vocal_enthusiasm,0.40909090909090917
2021-05-21-ABI-S3,2021ABI,session_delta_mean_vocal_enthusiasm,-0.2894736842105261
2021-05-21-ABI-S5,2021ABI,session_delta_mean_vocal_enthusiasm,-0.48
2021-10-07-CMC-S2,2021CMC,session_delta_mean_vocal_enthusiasm,-1.0
2021-10-08-CMC-S12,2021CMC,session_delta_mean_vocal_enthusiasm,0.6597222222222223
2021-10-08-CMC-S4,2021CMC,session_delta_mean_vocal_enthusiasm,0.711904761904762
2021-10-08-CMC-S6,2021CMC,session_delta_mean_vocal_enthusiasm,0.5178571428571428
2021-10-08-CMC-S7,2021CMC,session_delta_mean_vocal_enthusiasm,0.45795795795795824
2021_04_22_MND_S5,2021MND,session_delta_mean_vocal_enthusiasm,-0.3904761904761904
2021_04_22_MND_S7,2021MND,session_delta_mean_vocal_enthusiasm,0.8696969696969696
2021_04_23_MND_S16,2021MND,session_delta_mean_vocal_enthusiasm,-0.5384615384615383
2021_06_10_SLU_S4,2021SLU,session_delta_mean_vocal_enthusiasm,0.5270629991126885
2021_06_11_SLU_S13,2021SLU,session_delta_mean_vocal_enthusiasm,0.4767441860465116
2021_06_11_SLU_S9,2021SLU,session_delta_mean_vocal_enthusiasm,-1.0666666666666669
2020_11_05_NES_S2,2020NES,session_delta_meeting_structure_quality,-1.0
2020_11_05_NES_S3,2020NES,session_delta_meeting_structure_quality,0.5
2020_11_05_NES_S5,2020NES,session_delta_meeting_structure_quality,0.25
2020_11_06_NES_S7,2020NES,session_delta_meeting_structure_quality,-0.3333333333333333
2021-05-20-ABI-S2,2021ABI,session_delta_meeting_structure_quality,1.0
2021-05-20-ABI-S4,2021ABI,session_delta_meeting_structure_quality,1.0
2021-05-21-ABI-S1,2021ABI,session_delta_meeting_structure_quality,1.0
2021-05-21-ABI-S14,2021ABI,session_delta_meeting_structure_quality,1.0
2021-05-21-ABI-S15,2021ABI,session_delta_meeting_structure_quality,1.0
2021-05-21-ABI-S16,2021ABI,session_delta_meeting_structure_quality,1.0
2021-05-21-ABI-S6,2021ABI,session_delta_meeting_structure_quality,1.0
2021-05-21-ABI-S7,2021ABI,session_delta_meeting_structure_quality,-1.0
2021-10-07-CMC-S3,2021CMC,session_delta_meeting_structure_quality,1.0
2021-10-07-CMC-S4,2021CMC,session_delta_meeting_structure_quality,1.0
2021-10-07-CMC-S7,2021CMC,session_delta_meeting_structure_quality,-1.0
2021-10-08-CMC-S2,2021CMC,session_delta_meeting_structure_quality,1.0
2021-10-08-CMC-S9,2021CMC,session_delta_meeting_structure_quality,1.0
2021_04_22_MND_S3,2021MND,session_delta_meeting_structure_quality,1.0
2021_04_22_MND_S5,2021MND,session_delta_meeting_structure_quality,1.0
2021_04_22_MND_S6,2021MND,session_delta_meeting_structure_quality,-1.0
2021_04_22_MND_S7,2021MND,session_delta_meeting_structure_quality,1.0
2021_04_22_MND_S8,2021MND,session_delta_meeting_structure_quality,-1.0
2021_04_23_MND_S1,2021MND,session_delta_meeting_structure_quality,1.0
2021_04_23_MND_S11,2021MND,session_delta_meeting_structure_quality,1.0
2021_04_23_MND_S12,2021MND,session_delta_meeting_structure_quality,-1.0
2021_04_23_MND_S14,2021MND,session_delta_meeting_structure_quality,1.0
2021_04_23_MND_S15,2021MND,session_delta_meeting_structure_quality,1.0
2021_04_23_MND_S16,2021MND,session_delta_meeting_structure_quality,1.0
2021_04_23_MND_S5,2021MND,session_delta_meeting_structure_quality,1.0
2021_04_23_MND_S7,2021MND,session_delta_meeting_structure_quality,1.0
2021_04_23_MND_S8,2021MND,session_delta_meeting_structure_quality,1.0
2021_04_23_MND_S9,2021MND,session_delta_meeting_structure_quality,1.0
2021_09_30_MZT_S4,2021MZT,session_delta_meeting_structure_quality,-1.0
2021_09_30_MZT_S5,2021MZT,session_delta_meeting_structure_quality,1.0
2021_09_30_MZT_S7,2021MZT,session_delta_meeting_structure_quality,-1.0
2021_10_01_MZT_S1,2021MZT,session_delta_meeting_structure_quality,1.0
2021_10_01_MZT_S10,2021MZT,session_delta_meeting_structure_quality,-2.0
2021_10_01_MZT_S12,2021MZT,session_delta_meeting_structure_quality,1.0
2021_10_01_MZT_S7,2021MZT,session_delta_meeting_structure_quality,-1.0
2021_10_01_MZT_S9,2021MZT,session_delta_meeting_structure_quality,-1.0
2021-11-04-NES-S1,2021NES,session_delta_meeting_structure_quality,-1.0
2021-11-04-NES-S2,2021NES,session_delta_meeting_structure_quality,1.0
2021-11-05-NES-S12,2021NES,session_delta_meeting_structure_quality,-1.0
2021-11-05-NES-S7,2021NES,session_delta_meeting_structure_quality,-1.0
2021-11-05-NES-S8,2021NES,session_delta_meeting_structure_quality,-2.0
2021-11-05-NES-S9,2021NES,session_delta_meeting_structure_quality,-1.0
2021_06_11_SLU_S10,2021SLU,session_delta_meeting_structure_quality,-1.0
2021_06_11_SLU_S11,2021SLU,session_delta_meeting_structure_quality,-1.0
2021_06_11_SLU_S13,2021SLU,session_delta_meeting_structure_quality,-1.0
2021_06_11_SLU_S2,2021SLU,session_delta_meeting_structure_quality,2.0
2021_06_11_SLU_S5,2021SLU,session_delta_meeting_structure_quality,1.0
2021_06_11_SLU_S6,2021SLU,session_delta_meeting_structure_quality,-1.0
2021_06_11_SLU_S9,2021SLU,session_delta_meeting_structure_quality,-2.0
2022-04-07-MND-S3,2022MND,session_delta_meeting_structure_quality,-1.0
2022-04-08-MND-S1,2022MND,session_delta_meeting_structure_quality,-1.0
2022-04-08-MND-S2,2022MND,session_delta_meeting_structure_quality,-1.0
2022-04-08-MND-S4,2022MND,session_delta_meeting_structure_quality,-1.0
2022-04-08-MND-S7,2022MND,session_delta_meeting_structure_quality,1.0
2020_11_05_NES_S1,2020NES,session_delta_num_Broader_Significance,-1.5
2020_11_05_NES_S2,2020NES,session_delta_num_Broader_Significance,2.0
2020_11_06_NES_S1,2020NES,session_delta_num_Broader_Significance,-0.25
2020_11_06_NES_S10,2020NES,session_delta_num_Broader_Significance,0.8
2020_11_06_NES_S12,2020NES,session_delta_num_Broader_Significance,0.3333333333333333
2020_11_06_NES_S2,2020NES,session_delta_num_Broader_Significance,-2.0
2020_11_06_NES_S3,2020NES,session_delta_num_Broader_Significance,-1.0
2020_11_06_NES_S4,2020NES,session_delta_num_Broader_Significance,1.0
2021-10-07-CMC-S1,2021CMC,session_delta_num_Broader_Significance,1.0
2021-10-08-CMC-S1,2021CMC,session_delta_num_Broader_Significance,-1.0
2021-10-08-CMC-S10,2021CMC,session_delta_num_Broader_Significance,-2.0
2021_10_01_MZT_S10,2021MZT,session_delta_num_Broader_Significance,1.0
2021_10_01_MZT_S11,2021MZT,session_delta_num_Broader_Significance,1.0
2021_10_01_MZT_S12,2021MZT,session_delta_num_Broader_Significance,1.0
2021_10_01_MZT_S13,2021MZT,session_delta_num_Broader_Significance,1.0
2021_10_01_MZT_S9,2021MZT,session_delta_num_Broader_Significance,-1.0
2021-11-04-NES-S3,2021NES,session_delta_num_Broader_Significance,1.0
2021-11-05-NES-S1,2021NES,session_delta_num_Broader_Significance,-1.0
2021-11-05-NES-S12,2021NES,session_delta_num_Broader_Significance,3.0
2021-11-05-NES-S5,2021NES,session_delta_num_Broader_Significance,-2.0
2021-11-05-NES-S7,2021NES,session_delta_num_Broader_Significance,1.0
2021-11-05-NES-S9,2021NES,session_delta_num_Broader_Significance,1.0
2021_06_10_SLU_S5,2021SLU,session_delta_num_Broader_Significance,1.0
2021_06_10_SLU_S6,2021SLU,session_delta_num_Broader_Significance,-1.0
2021_06_11_SLU_S1,2021SLU,session_delta_num_Broader_Significance,-1.0
2022-04-07-MND-S1,2022MND,session_delta_num_Broader_Significance,1.0
2022-04-07-MND-S4,2022MND,session_delta_num_Broader_Significance,9.0
2022-04-08-MND-S3,2022MND,session_delta_num_Broader_Significance,2.0
2022-04-08-MND-S7,2022MND,session_delta_num_Broader_Significance,-1.0
2020_11_05_NES_S3,2020NES,session_delta_num_Complementarity_Articulation,-1.0
2020_11_05_NES_S5,2020NES,session_delta_num_Complementarity_Articulation,-0.25
2020_11_05_NES_S6,2020NES,session_delta_num_Complementarity_Articulation,-0.33333333333333337
2021-05-21-ABI-S12,2021ABI,session_delta_num_Complementarity_Articulation,-1.0
2021-05-21-ABI-S16,2021ABI,session_delta_num_Complementarity_Articulation,-1.0
2021-05-21-ABI-S3,2021ABI,session_delta_num_Complementarity_Articulation,-1.0
2021-05-21-ABI-S8,2021ABI,session_delta_num_Complementarity_Articulation,1.0
2021-10-07-CMC-S1,2021CMC,session_delta_num_Complementarity_Articulation,-1.0
2021-10-07-CMC-S4,2021CMC,session_delta_num_Complementarity_Articulation,-1.0
2021-10-08-CMC-S1,2021CMC,session_delta_num_Complementarity_Articulation,-1.0
2021-10-08-CMC-S13,2021CMC,session_delta_num_Complementarity_Articulation,1.0
2021-10-08-CMC-S5,2021CMC,session_delta_num_Complementarity_Articulation,-1.0
2021_04_23_MND_S11,2021MND,session_delta_num_Complementarity_Articulation,-1.0
2021_04_23_MND_S4,2021MND,session_delta_num_Complementarity_Articulation,-1.0
2021_09_30_MZT_S5,2021MZT,session_delta_num_Complementarity_Articulation,-1.0
2021_10_01_MZT_S12,2021MZT,session_delta_num_Complementarity_Articulation,1.0
2021_10_01_MZT_S2,2021MZT,session_delta_num_Complementarity_Articulation,-1.0
2021_10_01_MZT_S9,2021MZT,session_delta_num_Complementarity_Articulation,-1.0
2021-11-04-NES-S1,2021NES,session_delta_num_Complementarity_Articulation,-1.0
2021-11-05-NES-S1,2021NES,session_delta_num_Complementarity_Articulation,-1.0
2021-11-05-NES-S9,2021NES,session_delta_num_Complementarity_Articulation,-1.0
2021_06_10_SLU_S5,2021SLU,session_delta_num_Complementarity_Articulation,1.0
2021_06_11_SLU_S13,2021SLU,session_delta_num_Complementarity_Articulation,-1.0
2021_06_11_SLU_S2,2021SLU,session_delta_num_Complementarity_Articulation,-1.0
2021_06_11_SLU_S5,2021SLU,session_delta_num_Complementarity_Articulation,-1.0
2022-04-08-MND-S11,2022MND,session_delta_num_Complementarity_Articulation,1.0
2020_11_06_NES_S8,2020NES,session_delta_num_Coordination_Decision,-13.0
2021-05-20-ABI-S8,2021ABI,session_delta_num_Coordination_Decision,-37.0
2021-05-21-ABI-S9,2021ABI,session_delta_num_Coordination_Decision,-16.0
2021_09_30_MZT_S5,2021MZT,session_delta_num_Coordination_Decision,12.0
2021_10_01_MZT_S11,2021MZT,session_delta_num_Coordination_Decision,11.0
2021-11-05-NES-S2,2021NES,session_delta_num_Coordination_Decision,11.0
2021-11-05-NES-S8,2021NES,session_delta_num_Coordination_Decision,-14.0
2021_06_11_SLU_S5,2021SLU,session_delta_num_Coordination_Decision,10.0
2020_11_05_NES_S2,2020NES,session_delta_num_Epistemic_Bridging,1.0
2020_11_05_NES_S6,2020NES,session_delta_num_Epistemic_Bridging,0.16666666666666669
2020_11_06_NES_S1,2020NES,session_delta_num_Epistemic_Bridging,-0.25
2020_11_06_NES_S10,2020NES,session_delta_num_Epistemic_Bridging,-1.0
2020_11_06_NES_S11,2020NES,session_delta_num_Epistemic_Bridging,-0.2
2020_11_06_NES_S3,2020NES,session_delta_num_Epistemic_Bridging,1.0
2021-05-20-ABI-S7,2021ABI,session_delta_num_Epistemic_Bridging,-1.0
2021-05-21-ABI-S11,2021ABI,session_delta_num_Epistemic_Bridging,-1.0
2021-05-21-ABI-S2,2021ABI,session_delta_num_Epistemic_Bridging,1.0
2021-05-21-ABI-S8,2021ABI,session_delta_num_Epistemic_Bridging,2.0
2021-10-07-CMC-S4,2021CMC,session_delta_num_Epistemic_Bridging,-1.0
2021-10-08-CMC-S12,2021CMC,session_delta_num_Epistemic_Bridging,1.0
2021-10-08-CMC-S2,2021CMC,session_delta_num_Epistemic_Bridging,1.0
2021-10-08-CMC-S9,2021CMC,session_delta_num_Epistemic_Bridging,-1.0
2021_04_22_MND_S1,2021MND,session_delta_num_Epistemic_Bridging,1.0
2021_04_22_MND_S7,2021MND,session_delta_num_Epistemic_Bridging,1.0
2021_04_23_MND_S11,2021MND,session_delta_num_Epistemic_Bridging,-1.0
2021_04_23_MND_S14,2021MND,session_delta_num_Epistemic_Bridging,-1.0
2021_04_23_MND_S5,2021MND,session_delta_num_Epistemic_Bridging,-1.0
2021_04_23_MND_S8,2021MND,session_delta_num_Epistemic_Bridging,-1.0
2021_04_23_MND_S9,2021MND,session_delta_num_Epistemic_Bridging,-2.0
2021_09_30_MZT_S1,2021MZT,session_delta_num_Epistemic_Bridging,-1.0
2021_09_30_MZT_S2,2021MZT,session_delta_num_Epistemic_Bridging,1.0
2021_09_30_MZT_S3,2021MZT,session_delta_num_Epistemic_Bridging,1.0
2021_09_30_MZT_S5,2021MZT,session_delta_num_Epistemic_Bridging,-1.0
2021_09_30_MZT_S7,2021MZT,session_delta_num_Epistemic_Bridging,1.0
2021_10_01_MZT_S1,2021MZT,session_delta_num_Epistemic_Bridging,-1.0
2021_10_01_MZT_S11,2021MZT,session_delta_num_Epistemic_Bridging,1.0
2021_10_01_MZT_S13,2021MZT,session_delta_num_Epistemic_Bridging,1.0
2021_10_01_MZT_S6,2021MZT,session_delta_num_Epistemic_Bridging,1.0
2021_10_01_MZT_S7,2021MZT,session_delta_num_Epistemic_Bridging,3.0
2021-11-04-NES-S2,2021NES,session_delta_num_Epistemic_Bridging,-1.0
2021-11-04-NES-S4,2021NES,session_delta_num_Epistemic_Bridging,3.0
2021_06_10_SLU_S5,2021SLU,session_delta_num_Epistemic_Bridging,1.0
2021_06_10_SLU_S7,2021SLU,session_delta_num_Epistemic_Bridging,-1.0
2021_06_11_SLU_S10,2021SLU,session_delta_num_Epistemic_Bridging,-1.0
2021_06_11_SLU_S4,2021SLU,session_delta_num_Epistemic_Bridging,1.0
2021_06_11_SLU_S7,2021SLU,session_delta_num_Epistemic_Bridging,1.0
2021_06_11_SLU_S8,2021SLU,session_delta_num_Epistemic_Bridging,1.0
2020_11_05_NES_S1,2020NES,session_delta_num_Evaluation_Practices,-6.0
2021-05-20-ABI-S3,2021ABI,session_delta_num_Evaluation_Practices,-6.0
2021-10-07-CMC-S4,2021CMC,session_delta_num_Evaluation_Practices,-8.0
2021-10-08-CMC-S10,2021CMC,session_delta_num_Evaluation_Practices,9.0
2021-10-08-CMC-S2,2021CMC,session_delta_num_Evaluation_Practices,10.0
2021-10-08-CMC-S3,2021CMC,session_delta_num_Evaluation_Practices,9.0
2021_04_22_MND_S3,2021MND,session_delta_num_Evaluation_Practices,-10.0
2021_04_23_MND_S15,2021MND,session_delta_num_Evaluation_Practices,8.0
2021_04_23_MND_S2,2021MND,session_delta_num_Evaluation_Practices,8.0
2021_04_23_MND_S4,2021MND,session_delta_num_Evaluation_Practices,-5.0
2021_10_01_MZT_S7,2021MZT,session_delta_num_Evaluation_Practices,8.0
2020_11_05_NES_S3,2020NES,session_delta_num_Future_Oriented_Language,1.0
2020_11_05_NES_S4,2020NES,session_delta_num_Future_Oriented_Language,-0.16666666666666666
2020_11_05_NES_S5,2020NES,session_delta_num_Future_Oriented_Language,1.0
2020_11_06_NES_S1,2020NES,session_delta_num_Future_Oriented_Language,-0.25
2020_11_06_NES_S10,2020NES,session_delta_num_Future_Oriented_Language,0.2
2020_11_06_NES_S12,2020NES,session_delta_num_Future_Oriented_Language,0.3333333333333333
2021-05-21-ABI-S2,2021ABI,session_delta_num_Future_Oriented_Language,1.0
2021-05-21-ABI-S5,2021ABI,session_delta_num_Future_Oriented_Language,-1.0
2021-10-07-CMC-S1,2021CMC,session_delta_num_Future_Oriented_Language,1.0
2021-10-08-CMC-S1,2021CMC,session_delta_num_Future_Oriented_Language,1.0
2021_04_23_MND_S14,2021MND,session_delta_num_Future_Oriented_Language,1.0
2021_10_01_MZT_S12,2021MZT,session_delta_num_Future_Oriented_Language,2.0
2021_10_01_MZT_S6,2021MZT,session_delta_num_Future_Oriented_Language,1.0
2021_10_01_MZT_S7,2021MZT,session_delta_num_Future_Oriented_Language,-1.0
2021-11-04-NES-S2,2021NES,session_delta_num_Future_Oriented_Language,1.0
2021-11-04-NES-S5,2021NES,session_delta_num_Future_Oriented_Language,-1.0
2021-11-04-NES-S6,2021NES,session_delta_num_Future_Oriented_Language,1.0
2021-11-05-NES-S11,2021NES,session_delta_num_Future_Oriented_Language,2.0
2021-11-05-NES-S12,2021NES,session_delta_num_Future_Oriented_Language,1.0
2021-11-05-NES-S4,2021NES,session_delta_num_Future_Oriented_Language,1.0
2021_06_10_SLU_S1,2021SLU,session_delta_num_Future_Oriented_Language,1.0
2021_06_11_SLU_S13,2021SLU,session_delta_num_Future_Oriented_Language,-1.0
2021_06_11_SLU_S8,2021SLU,session_delta_num_Future_Oriented_Language,2.0
2022-04-07-MND-S4,2022MND,session_delta_num_Future_Oriented_Language,-2.0
2022-04-07-MND-S5,2022MND,session_delta_num_Future_Oriented_Language,-1.0
2022-04-08-MND-S10,2022MND,session_delta_num_Future_Oriented_Language,2.0
2022-04-08-MND-S2,2022MND,session_delta_num_Future_Oriented_Language,-2.0
2022-04-08-MND-S7,2022MND,session_delta_num_Future_Oriented_Language,-1.0
2020_11_06_NES_S1,2020NES,session_delta_num_Idea_Management,-3.75
2020_11_06_NES_S3,2020NES,session_delta_num_Idea_Management,-6.0
2021-05-20-ABI-S1,2021ABI,session_delta_num_Idea_Management,-6.0
2021-05-20-ABI-S3,2021ABI,session_delta_num_Idea_Management,-4.0
2021-10-07-CMC-S2,2021CMC,session_delta_num_Idea_Management,-6.0
2021-10-07-CMC-S4,2021CMC,session_delta_num_Idea_Management,-4.0
2021-10-07-CMC-S6,2021CMC,session_delta_num_Idea_Management,-4.0
2021_04_22_MND_S3,2021MND,session_delta_num_Idea_Management,-7.0
2021_04_23_MND_S12,2021MND,session_delta_num_Idea_Management,6.0
2021_04_23_MND_S2,2021MND,session_delta_num_Idea_Management,8.0
2021_04_23_MND_S8,2021MND,session_delta_num_Idea_Management,-6.0
2021_04_23_MND_S9,2021MND,session_delta_num_Idea_Management,-5.0
2021_09_30_MZT_S1,2021MZT,session_delta_num_Idea_Management,-4.0
2021_09_30_MZT_S2,2021MZT,session_delta_num_Idea_Management,-11.0
2021_09_30_MZT_S5,2021MZT,session_delta_num_Idea_Management,-8.0
2021_09_30_MZT_S6,2021MZT,session_delta_num_Idea_Management,-4.0
2021_10_01_MZT_S7,2021MZT,session_delta_num_Idea_Management,6.0
2021_10_01_MZT_S9,2021MZT,session_delta_num_Idea_Management,6.0
2021-11-04-NES-S2,2021NES,session_delta_num_Idea_Management,-4.0
2021_06_10_SLU_S5,2021SLU,session_delta_num_Idea_Management,6.0
2021_06_11_SLU_S6,2021SLU,session_delta_num_Idea_Management,10.0
2022-04-08-MND-S3,2022MND,session_delta_num_Idea_Management,15.0
2021_10_01_MZT_S12,2021MZT,session_delta_num_Idea_Novelty_Signal,1.0
2021_06_11_SLU_S4,2021SLU,session_delta_num_Idea_Novelty_Signal,2.0
2020_11_05_NES_S1,2020NES,session_delta_num_Idea_Ownership_Attribution,-0.5
2020_11_06_NES_S1,2020NES,session_delta_num_Idea_Ownership_Attribution,-0.5
2020_11_06_NES_S11,2020NES,session_delta_num_Idea_Ownership_Attribution,-0.2
2020_11_06_NES_S12,2020NES,session_delta_num_Idea_Ownership_Attribution,0.3333333333333333
2020_11_06_NES_S4,2020NES,session_delta_num_Idea_Ownership_Attribution,0.5
2021-10-08-CMC-S3,2021CMC,session_delta_num_Idea_Ownership_Attribution,1.0
2021-10-08-CMC-S5,2021CMC,session_delta_num_Idea_Ownership_Attribution,1.0
2021_04_22_MND_S3,2021MND,session_delta_num_Idea_Ownership_Attribution,-1.0
2021_04_23_MND_S15,2021MND,session_delta_num_Idea_Ownership_Attribution,2.0
2021_09_30_MZT_S5,2021MZT,session_delta_num_Idea_Ownership_Attribution,-1.0
2021_09_30_MZT_S6,2021MZT,session_delta_num_Idea_Ownership_Attribution,1.0
2021_09_30_MZT_S7,2021MZT,session_delta_num_Idea_Ownership_Attribution,1.0
2021_10_01_MZT_S6,2021MZT,session_delta_num_Idea_Ownership_Attribution,1.0
2021_10_01_MZT_S7,2021MZT,session_delta_num_Idea_Ownership_Attribution,-3.0
2021_10_01_MZT_S8,2021MZT,session_delta_num_Idea_Ownership_Attribution,1.0
2021_06_11_SLU_S12,2021SLU,session_delta_num_Idea_Ownership_Attribution,1.0
2021_06_11_SLU_S4,2021SLU,session_delta_num_Idea_Ownership_Attribution,1.0
2022-04-08-MND-S4,2022MND,session_delta_num_Idea_Ownership_Attribution,1.0
2021_04_23_MND_S1,2021MND,session_delta_num_Information_Seeking,-7.0
2021_04_23_MND_S15,2021MND,session_delta_num_Information_Seeking,-7.0
2021-10-08-CMC-S1,2021CMC,session_delta_num_Integration_Practices,9.0
2021-10-08-CMC-S6,2021CMC,session_delta_num_Integration_Practices,5.0
2021_09_30_MZT_S2,2021MZT,session_delta_num_Integration_Practices,5.0
2021_09_30_MZT_S5,2021MZT,session_delta_num_Integration_Practices,6.0
2021_10_01_MZT_S11,2021MZT,session_delta_num_Integration_Practices,7.0
2021_10_01_MZT_S8,2021MZT,session_delta_num_Integration_Practices,7.0
2021-11-04-NES-S1,2021NES,session_delta_num_Integration_Practices,-6.0
2021-11-04-NES-S4,2021NES,session_delta_num_Integration_Practices,10.0
2021_06_10_SLU_S4,2021SLU,session_delta_num_Integration_Practices,5.0
2021_06_11_SLU_S4,2021SLU,session_delta_num_Integration_Practices,7.0
2022-04-07-MND-S2,2022MND,session_delta_num_Integration_Practices,5.0
2021_10_01_MZT_S10,2021MZT,session_delta_num_Knowledge_Sharing,8.0
2021_10_01_MZT_S5,2021MZT,session_delta_num_Knowledge_Sharing,-19.0
2021-11-05-NES-S7,2021NES,session_delta_num_Participation_Dynamics,-21.0
2022-04-07-MND-S2,2022MND,session_delta_num_Pronoun_Framing,17.0
2022-04-08-MND-S2,2022MND,session_delta_num_Pronoun_Framing,-26.0
2022-04-08-MND-S3,2022MND,session_delta_num_Pronoun_Framing,24.0
2021-10-07-CMC-S4,2021CMC,session_delta_num_Relational_Climate,14.0
2021_04_23_MND_S6,2021MND,session_delta_num_Relational_Climate,14.0
2021-11-04-NES-S5,2021NES,session_delta_num_Relational_Climate,12.0
2021_06_10_SLU_S4,2021SLU,session_delta_num_Relational_Climate,-12.0
2020_11_05_NES_S4,2020NES,session_delta_num_Role_Anticipation,-0.16666666666666669
2020_11_05_NES_S5,2020NES,session_delta_num_Role_Anticipation,1.0
2020_11_06_NES_S12,2020NES,session_delta_num_Role_Anticipation,-0.3333333333333333
2020_11_06_NES_S2,2020NES,session_delta_num_Role_Anticipation,-1.0
2020_11_06_NES_S8,2020NES,session_delta_num_Role_Anticipation,-1.0
2021-10-07-CMC-S1,2021CMC,session_delta_num_Role_Anticipation,2.0
2021-10-08-CMC-S1,2021CMC,session_delta_num_Role_Anticipation,-3.0
2021-10-08-CMC-S3,2021CMC,session_delta_num_Role_Anticipation,-1.0
2021_04_23_MND_S11,2021MND,session_delta_num_Role_Anticipation,-1.0
2021_04_23_MND_S13,2021MND,session_delta_num_Role_Anticipation,-1.0
2021_09_30_MZT_S6,2021MZT,session_delta_num_Role_Anticipation,-1.0
2021_10_01_MZT_S11,2021MZT,session_delta_num_Role_Anticipation,-1.0
2021_10_01_MZT_S12,2021MZT,session_delta_num_Role_Anticipation,3.0
2021-11-04-NES-S2,2021NES,session_delta_num_Role_Anticipation,5.0
2021-11-04-NES-S3,2021NES,session_delta_num_Role_Anticipation,1.0
2021-11-04-NES-S4,2021NES,session_delta_num_Role_Anticipation,1.0
2021-11-04-NES-S5,2021NES,session_delta_num_Role_Anticipation,-5.0
2021-11-05-NES-S1,2021NES,session_delta_num_Role_Anticipation,-4.0
2021-11-05-NES-S2,2021NES,session_delta_num_Role_Anticipation,2.0
2021-11-05-NES-S3,2021NES,session_delta_num_Role_Anticipation,-2.0
2021-11-05-NES-S6,2021NES,session_delta_num_Role_Anticipation,-2.0
2021-11-05-NES-S7,2021NES,session_delta_num_Role_Anticipation,-6.0
2021-11-05-NES-S8,2021NES,session_delta_num_Role_Anticipation,-2.0
2021_06_10_SLU_S4,2021SLU,session_delta_num_Role_Anticipation,-2.0
2021_06_10_SLU_S6,2021SLU,session_delta_num_Role_Anticipation,-1.0
2021_06_11_SLU_S1,2021SLU,session_delta_num_Role_Anticipation,-1.0
2021_06_11_SLU_S12,2021SLU,session_delta_num_Role_Anticipation,-1.0
2021_06_11_SLU_S13,2021SLU,session_delta_num_Role_Anticipation,-1.0
2021_06_11_SLU_S2,2021SLU,session_delta_num_Role_Anticipation,1.0
2022-04-07-MND-S2,2022MND,session_delta_num_Role_Anticipation,1.0
2022-04-07-MND-S3,2022MND,session_delta_num_Role_Anticipation,-1.0
2022-04-07-MND-S5,2022MND,session_delta_num_Role_Anticipation,-1.0
2020_11_05_NES_S1,2020NES,session_delta_num_broader_significance,-1.5
2020_11_05_NES_S2,2020NES,session_delta_num_broader_significance,2.0
2020_11_06_NES_S1,2020NES,session_delta_num_broader_significance,-0.25
2020_11_06_NES_S10,2020NES,session_delta_num_broader_significance,0.8
2020_11_06_NES_S12,2020NES,session_delta_num_broader_significance,0.3333333333333333
2020_11_06_NES_S2,2020NES,session_delta_num_broader_significance,-2.0
2020_11_06_NES_S3,2020NES,session_delta_num_broader_significance,-1.0
2020_11_06_NES_S4,2020NES,session_delta_num_broader_significance,1.0
2021-10-07-CMC-S1,2021CMC,session_delta_num_broader_significance,1.0
2021-10-08-CMC-S1,2021CMC,session_delta_num_broader_significance,-1.0
2021-10-08-CMC-S10,2021CMC,session_delta_num_broader_significance,-2.0
2021_10_01_MZT_S10,2021MZT,session_delta_num_broader_significance,1.0
2021_10_01_MZT_S11,2021MZT,session_delta_num_broader_significance,1.0
2021_10_01_MZT_S12,2021MZT,session_delta_num_broader_significance,1.0
2021_10_01_MZT_S13,2021MZT,session_delta_num_broader_significance,1.0
2021_10_01_MZT_S9,2021MZT,session_delta_num_broader_significance,-1.0
2021-11-04-NES-S3,2021NES,session_delta_num_broader_significance,1.0
2021-11-05-NES-S1,2021NES,session_delta_num_broader_significance,-1.0
2021-11-05-NES-S12,2021NES,session_delta_num_broader_significance,3.0
2021-11-05-NES-S5,2021NES,session_delta_num_broader_significance,-2.0
2021-11-05-NES-S7,2021NES,session_delta_num_broader_significance,1.0
2021-11-05-NES-S9,2021NES,session_delta_num_broader_significance,1.0
2021_06_10_SLU_S5,2021SLU,session_delta_num_broader_significance,1.0
2021_06_10_SLU_S6,2021SLU,session_delta_num_broader_significance,-1.0
2021_06_11_SLU_S1,2021SLU,session_delta_num_broader_significance,-1.0
2022-04-07-MND-S1,2022MND,session_delta_num_broader_significance,1.0
2022-04-07-MND-S4,2022MND,session_delta_num_broader_significance,9.0
2022-04-08-MND-S3,2022MND,session_delta_num_broader_significance,2.0
2022-04-08-MND-S7,2022MND,session_delta_num_broader_significance,-1.0
2020_11_05_NES_S5,2020NES,session_delta_num_collaborative_completions,0.5
2020_11_05_NES_S6,2020NES,session_delta_num_collaborative_completions,0.16666666666666666
2020_11_06_NES_S12,2020NES,session_delta_num_collaborative_completions,-0.6666666666666666
2020_11_06_NES_S4,2020NES,session_delta_num_collaborative_completions,0.5
2021-05-21-ABI-S15,2021ABI,session_delta_num_collaborative_completions,1.0
2021-10-07-CMC-S1,2021CMC,session_delta_num_collaborative_completions,1.0
2021-10-07-CMC-S7,2021CMC,session_delta_num_collaborative_completions,1.0
2021-10-08-CMC-S10,2021CMC,session_delta_num_collaborative_completions,2.0
2021-10-08-CMC-S11,2021CMC,session_delta_num_collaborative_completions,1.0
2021-10-08-CMC-S5,2021CMC,session_delta_num_collaborative_completions,2.0
2021_04_23_MND_S1,2021MND,session_delta_num_collaborative_completions,-3.0
2021_04_23_MND_S10,2021MND,session_delta_num_collaborative_completions,1.0
2021_04_23_MND_S5,2021MND,session_delta_num_collaborative_completions,1.0
2021_09_30_MZT_S1,2021MZT,session_delta_num_collaborative_completions,1.0
2021_09_30_MZT_S2,2021MZT,session_delta_num_collaborative_completions,1.0
2021_09_30_MZT_S3,2021MZT,session_delta_num_collaborative_completions,2.0
2021_10_01_MZT_S7,2021MZT,session_delta_num_collaborative_completions,1.0
2021-11-04-NES-S1,2021NES,session_delta_num_collaborative_completions,-3.0
2021-11-04-NES-S4,2021NES,session_delta_num_collaborative_completions,1.0
2021-11-05-NES-S7,2021NES,session_delta_num_collaborative_completions,2.0
2021-11-05-NES-S9,2021NES,session_delta_num_collaborative_completions,1.0
2021_06_10_SLU_S2,2021SLU,session_delta_num_collaborative_completions,-1.0
2021_06_11_SLU_S12,2021SLU,session_delta_num_collaborative_completions,-2.0
2021_06_11_SLU_S6,2021SLU,session_delta_num_collaborative_completions,-2.0
2021_06_11_SLU_S8,2021SLU,session_delta_num_collaborative_completions,1.0
2022-04-07-MND-S2,2022MND,session_delta_num_collaborative_completions,1.0
2022-04-07-MND-S3,2022MND,session_delta_num_collaborative_completions,1.0
2022-04-08-MND-S10,2022MND,session_delta_num_collaborative_completions,1.0
2022-04-08-MND-S11,2022MND,session_delta_num_collaborative_completions,1.0
2022-04-08-MND-S2,2022MND,session_delta_num_collaborative_completions,1.0
2022-04-08-MND-S3,2022MND,session_delta_num_collaborative_completions,3.0
2020_11_05_NES_S1,2020NES,session_delta_num_competitive_interruptions,-1.0
2020_11_05_NES_S6,2020NES,session_delta_num_competitive_interruptions,-0.16666666666666666
2020_11_06_NES_S4,2020NES,session_delta_num_competitive_interruptions,-3.0
2021_04_23_MND_S11,2021MND,session_delta_num_competitive_interruptions,-1.0
2021_09_30_MZT_S2,2021MZT,session_delta_num_competitive_interruptions,-1.0
2021_10_01_MZT_S2,2021MZT,session_delta_num_competitive_interruptions,-1.0
2021_10_01_MZT_S7,2021MZT,session_delta_num_competitive_interruptions,-2.0
2021-11-04-NES-S3,2021NES,session_delta_num_competitive_interruptions,1.0
2021_06_10_SLU_S4,2021SLU,session_delta_num_competitive_interruptions,-1.0
2021_06_10_SLU_S6,2021SLU,session_delta_num_competitive_interruptions,-1.0
2021_06_11_SLU_S1,2021SLU,session_delta_num_competitive_interruptions,1.0
2021_06_11_SLU_S11,2021SLU,session_delta_num_competitive_interruptions,1.0
2021_06_11_SLU_S4,2021SLU,session_delta_num_competitive_interruptions,1.0
2021_06_11_SLU_S8,2021SLU,session_delta_num_competitive_interruptions,1.0
2022-04-07-MND-S1,2022MND,session_delta_num_competitive_interruptions,-1.0
2022-04-08-MND-S2,2022MND,session_delta_num_competitive_interruptions,-2.0
2020_11_05_NES_S3,2020NES,session_delta_num_complementarity,-1.0
2020_11_05_NES_S5,2020NES,session_delta_num_complementarity,-0.25
2020_11_05_NES_S6,2020NES,session_delta_num_complementarity,-0.33333333333333337
2021-05-21-ABI-S12,2021ABI,session_delta_num_complementarity,-1.0
2021-05-21-ABI-S16,2021ABI,session_delta_num_complementarity,-1.0
2021-05-21-ABI-S3,2021ABI,session_delta_num_complementarity,-1.0
2021-05-21-ABI-S8,2021ABI,session_delta_num_complementarity,1.0
2021-10-07-CMC-S1,2021CMC,session_delta_num_complementarity,-1.0
2021-10-07-CMC-S4,2021CMC,session_delta_num_complementarity,-1.0
2021-10-08-CMC-S1,2021CMC,session_delta_num_complementarity,-1.0
2021-10-08-CMC-S13,2021CMC,session_delta_num_complementarity,1.0
2021-10-08-CMC-S5,2021CMC,session_delta_num_complementarity,-1.0
2021_04_23_MND_S11,2021MND,session_delta_num_complementarity,-1.0
2021_04_23_MND_S4,2021MND,session_delta_num_complementarity,-1.0
2021_09_30_MZT_S5,2021MZT,session_delta_num_complementarity,-1.0
2021_10_01_MZT_S12,2021MZT,session_delta_num_complementarity,1.0
2021_10_01_MZT_S2,2021MZT,session_delta_num_complementarity,-1.0
2021_10_01_MZT_S9,2021MZT,session_delta_num_complementarity,-1.0
2021-11-04-NES-S1,2021NES,session_delta_num_complementarity,-1.0
2021-11-05-NES-S1,2021NES,session_delta_num_complementarity,-1.0
2021-11-05-NES-S9,2021NES,session_delta_num_complementarity,-1.0
2021_06_10_SLU_S5,2021SLU,session_delta_num_complementarity,1.0
2021_06_11_SLU_S13,2021SLU,session_delta_num_complementarity,-1.0
2021_06_11_SLU_S2,2021SLU,session_delta_num_complementarity,-1.0
2021_06_11_SLU_S5,2021SLU,session_delta_num_complementarity,-1.0
2022-04-08-MND-S11,2022MND,session_delta_num_complementarity,1.0
2020_11_05_NES_S1,2020NES,session_delta_num_elaborative_jumps,-1.0
2020_11_05_NES_S3,2020NES,session_delta_num_elaborative_jumps,0.5
2020_11_05_NES_S4,2020NES,session_delta_num_elaborative_jumps,0.16666666666666663
2020_11_06_NES_S8,2020NES,session_delta_num_elaborative_jumps,-1.0
2021-05-21-ABI-S14,2021ABI,session_delta_num_elaborative_jumps,-1.0
2021-05-21-ABI-S2,2021ABI,session_delta_num_elaborative_jumps,1.0
2021-10-07-CMC-S1,2021CMC,session_delta_num_elaborative_jumps,-2.0
2021-10-07-CMC-S7,2021CMC,session_delta_num_elaborative_jumps,-1.0
2021-10-08-CMC-S1,2021CMC,session_delta_num_elaborative_jumps,2.0
2021-10-08-CMC-S11,2021CMC,session_delta_num_elaborative_jumps,-4.0
2021-10-08-CMC-S12,2021CMC,session_delta_num_elaborative_jumps,1.0
2021-10-08-CMC-S13,2021CMC,session_delta_num_elaborative_jumps,1.0
2021-10-08-CMC-S14,2021CMC,session_delta_num_elaborative_jumps,1.0
2021-10-08-CMC-S3,2021CMC,session_delta_num_elaborative_jumps,1.0
2021-10-08-CMC-S5,2021CMC,session_delta_num_elaborative_jumps,1.0
2021-10-08-CMC-S8,2021CMC,session_delta_num_elaborative_jumps,2.0
2021_04_23_MND_S9,2021MND,session_delta_num_elaborative_jumps,-1.0
2021_09_30_MZT_S1,2021MZT,session_delta_num_elaborative_jumps,1.0
2021_09_30_MZT_S2,2021MZT,session_delta_num_elaborative_jumps,1.0
2021_09_30_MZT_S7,2021MZT,session_delta_num_elaborative_jumps,-2.0
2021_10_01_MZT_S11,2021MZT,session_delta_num_elaborative_jumps,2.0
2021_10_01_MZT_S13,2021MZT,session_delta_num_elaborative_jumps,-1.0
2021_10_01_MZT_S6,2021MZT,session_delta_num_elaborative_jumps,1.0
2021-11-04-NES-S1,2021NES,session_delta_num_elaborative_jumps,-1.0
2021-11-04-NES-S4,2021NES,session_delta_num_elaborative_jumps,2.0
2021-11-05-NES-S10,2021NES,session_delta_num_elaborative_jumps,1.0
2021-11-05-NES-S11,2021NES,session_delta_num_elaborative_jumps,-1.0
2021-11-05-NES-S3,2021NES,session_delta_num_elaborative_jumps,-2.0
2021-11-05-NES-S6,2021NES,session_delta_num_elaborative_jumps,-1.0
2021-11-05-NES-S7,2021NES,session_delta_num_elaborative_jumps,2.0
2021_06_11_SLU_S12,2021SLU,session_delta_num_elaborative_jumps,-1.0
2021_06_11_SLU_S13,2021SLU,session_delta_num_elaborative_jumps,-1.0
2021_06_11_SLU_S4,2021SLU,session_delta_num_elaborative_jumps,1.0
2021_06_11_SLU_S6,2021SLU,session_delta_num_elaborative_jumps,1.0
2021_06_11_SLU_S8,2021SLU,session_delta_num_elaborative_jumps,-1.0
2021_06_11_SLU_S9,2021SLU,session_delta_num_elaborative_jumps,-1.0
2022-04-07-MND-S2,2022MND,session_delta_num_elaborative_jumps,1.0
2022-04-07-MND-S4,2022MND,session_delta_num_elaborative_jumps,1.0
2022-04-08-MND-S1,2022MND,session_delta_num_elaborative_jumps,-1.0
2022-04-08-MND-S11,2022MND,session_delta_num_elaborative_jumps,-3.0
2022-04-08-MND-S3,2022MND,session_delta_num_elaborative_jumps,-1.0
2022-04-08-MND-S4,2022MND,session_delta_num_elaborative_jumps,-1.0
2022-04-08-MND-S7,2022MND,session_delta_num_elaborative_jumps,1.0
2020_11_05_NES_S2,2020NES,session_delta_num_epistemic_bridging,1.0
2020_11_05_NES_S6,2020NES,session_delta_num_epistemic_bridging,0.16666666666666669
2020_11_06_NES_S1,2020NES,session_delta_num_epistemic_bridging,-0.25
2020_11_06_NES_S10,2020NES,session_delta_num_epistemic_bridging,-1.0
2020_11_06_NES_S11,2020NES,session_delta_num_epistemic_bridging,-0.2
2020_11_06_NES_S3,2020NES,session_delta_num_epistemic_bridging,1.0
2021-05-20-ABI-S7,2021ABI,session_delta_num_epistemic_bridging,-1.0
2021-05-21-ABI-S11,2021ABI,session_delta_num_epistemic_bridging,-1.0
2021-05-21-ABI-S2,2021ABI,session_delta_num_epistemic_bridging,1.0
2021-05-21-ABI-S8,2021ABI,session_delta_num_epistemic_bridging,2.0
2021-10-07-CMC-S4,2021CMC,session_delta_num_epistemic_bridging,-1.0
2021-10-08-CMC-S12,2021CMC,session_delta_num_epistemic_bridging,1.0
2021-10-08-CMC-S2,2021CMC,session_delta_num_epistemic_bridging,1.0
2021-10-08-CMC-S9,2021CMC,session_delta_num_epistemic_bridging,-1.0
2021_04_22_MND_S1,2021MND,session_delta_num_epistemic_bridging,1.0
2021_04_22_MND_S7,2021MND,session_delta_num_epistemic_bridging,1.0
2021_04_23_MND_S11,2021MND,session_delta_num_epistemic_bridging,-1.0
2021_04_23_MND_S14,2021MND,session_delta_num_epistemic_bridging,-1.0
2021_04_23_MND_S5,2021MND,session_delta_num_epistemic_bridging,-1.0
2021_04_23_MND_S8,2021MND,session_delta_num_epistemic_bridging,-1.0
2021_04_23_MND_S9,2021MND,session_delta_num_epistemic_bridging,-2.0
2021_09_30_MZT_S1,2021MZT,session_delta_num_epistemic_bridging,-1.0
2021_09_30_MZT_S2,2021MZT,session_delta_num_epistemic_bridging,1.0
2021_09_30_MZT_S3,2021MZT,session_delta_num_epistemic_bridging,1.0
2021_09_30_MZT_S5,2021MZT,session_delta_num_epistemic_bridging,-1.0
2021_09_30_MZT_S7,2021MZT,session_delta_num_epistemic_bridging,1.0
2021_10_01_MZT_S1,2021MZT,session_delta_num_epistemic_bridging,-1.0
2021_10_01_MZT_S11,2021MZT,session_delta_num_epistemic_bridging,1.0
2021_10_01_MZT_S13,2021MZT,session_delta_num_epistemic_bridging,1.0
2021_10_01_MZT_S6,2021MZT,session_delta_num_epistemic_bridging,1.0
2021_10_01_MZT_S7,2021MZT,session_delta_num_epistemic_bridging,3.0
2021-11-04-NES-S2,2021NES,session_delta_num_epistemic_bridging,-1.0
2021-11-04-NES-S4,2021NES,session_delta_num_epistemic_bridging,3.0
2021_06_10_SLU_S5,2021SLU,session_delta_num_epistemic_bridging,1.0
2021_06_10_SLU_S7,2021SLU,session_delta_num_epistemic_bridging,-1.0
2021_06_11_SLU_S10,2021SLU,session_delta_num_epistemic_bridging,-1.0
2021_06_11_SLU_S4,2021SLU,session_delta_num_epistemic_bridging,1.0
2021_06_11_SLU_S7,2021SLU,session_delta_num_epistemic_bridging,1.0
2021_06_11_SLU_S8,2021SLU,session_delta_num_epistemic_bridging,1.0
2020_11_05_NES_S3,2020NES,session_delta_num_future_oriented,1.0
2020_11_05_NES_S4,2020NES,session_delta_num_future_oriented,-0.16666666666666666
2020_11_05_NES_S5,2020NES,session_delta_num_future_oriented,1.0
2020_11_06_NES_S1,2020NES,session_delta_num_future_oriented,-0.25
2020_11_06_NES_S10,2020NES,session_delta_num_future_oriented,0.2
2020_11_06_NES_S12,2020NES,session_delta_num_future_oriented,0.3333333333333333
2021-05-21-ABI-S2,2021ABI,session_delta_num_future_oriented,1.0
2021-05-21-ABI-S5,2021ABI,session_delta_num_future_oriented,-1.0
2021-10-07-CMC-S1,2021CMC,session_delta_num_future_oriented,1.0
2021-10-08-CMC-S1,2021CMC,session_delta_num_future_oriented,1.0
2021_04_23_MND_S14,2021MND,session_delta_num_future_oriented,1.0
2021_10_01_MZT_S12,2021MZT,session_delta_num_future_oriented,2.0
2021_10_01_MZT_S6,2021MZT,session_delta_num_future_oriented,1.0
2021_10_01_MZT_S7,2021MZT,session_delta_num_future_oriented,-1.0
2021-11-04-NES-S2,2021NES,session_delta_num_future_oriented,1.0
2021-11-04-NES-S5,2021NES,session_delta_num_future_oriented,-1.0
2021-11-04-NES-S6,2021NES,session_delta_num_future_oriented,1.0
2021-11-05-NES-S11,2021NES,session_delta_num_future_oriented,2.0
2021-11-05-NES-S12,2021NES,session_delta_num_future_oriented,1.0
2021-11-05-NES-S4,2021NES,session_delta_num_future_oriented,1.0
2021_06_10_SLU_S1,2021SLU,session_delta_num_future_oriented,1.0
2021_06_11_SLU_S13,2021SLU,session_delta_num_future_oriented,-1.0
2021_06_11_SLU_S8,2021SLU,session_delta_num_future_oriented,2.0
2022-04-07-MND-S4,2022MND,session_delta_num_future_oriented,-2.0
2022-04-07-MND-S5,2022MND,session_delta_num_future_oriented,-1.0
2022-04-08-MND-S10,2022MND,session_delta_num_future_oriented,2.0
2022-04-08-MND-S2,2022MND,session_delta_num_future_oriented,-2.0
2022-04-08-MND-S7,2022MND,session_delta_num_future_oriented,-1.0
2020_11_05_NES_S1,2020NES,session_delta_num_idea_attribution,-0.5
2020_11_06_NES_S1,2020NES,session_delta_num_idea_attribution,-0.5
2020_11_06_NES_S11,2020NES,session_delta_num_idea_attribution,-0.2
2020_11_06_NES_S12,2020NES,session_delta_num_idea_attribution,0.3333333333333333
2020_11_06_NES_S4,2020NES,session_delta_num_idea_attribution,0.5
2021-10-08-CMC-S3,2021CMC,session_delta_num_idea_attribution,1.0
2021-10-08-CMC-S5,2021CMC,session_delta_num_idea_attribution,1.0
2021_04_22_MND_S3,2021MND,session_delta_num_idea_attribution,-1.0
2021_04_23_MND_S15,2021MND,session_delta_num_idea_attribution,2.0
2021_09_30_MZT_S5,2021MZT,session_delta_num_idea_attribution,-1.0
2021_09_30_MZT_S6,2021MZT,session_delta_num_idea_attribution,1.0
2021_09_30_MZT_S7,2021MZT,session_delta_num_idea_attribution,1.0
2021_10_01_MZT_S6,2021MZT,session_delta_num_idea_attribution,1.0
2021_10_01_MZT_S7,2021MZT,session_delta_num_idea_attribution,-3.0
2021_10_01_MZT_S8,2021MZT,session_delta_num_idea_attribution,1.0
2021_06_11_SLU_S12,2021SLU,session_delta_num_idea_attribution,1.0
2021_06_11_SLU_S4,2021SLU,session_delta_num_idea_attribution,1.0
2022-04-08-MND-S4,2022MND,session_delta_num_idea_attribution,1.0
2021_04_23_MND_S16,2021MND,session_delta_num_individual_framing,9.0
2021-05-20-ABI-S3,2021ABI,session_delta_num_joint_framing,-10.0
2021-05-21-ABI-S1,2021ABI,session_delta_num_joint_framing,-8.0
2021-05-21-ABI-S16,2021ABI,session_delta_num_joint_framing,14.0
2021-05-21-ABI-S3,2021ABI,session_delta_num_joint_framing,-9.0
2021-05-21-ABI-S7,2021ABI,session_delta_num_joint_framing,14.0
2021-05-21-ABI-S9,2021ABI,session_delta_num_joint_framing,16.0
2021-10-07-CMC-S3,2021CMC,session_delta_num_joint_framing,-15.0
2021-10-07-CMC-S6,2021CMC,session_delta_num_joint_framing,-8.0
2021-10-08-CMC-S3,2021CMC,session_delta_num_joint_framing,10.0
2021_04_23_MND_S2,2021MND,session_delta_num_joint_framing,11.0
2021_04_23_MND_S4,2021MND,session_delta_num_joint_framing,-14.0
2021_04_23_MND_S8,2021MND,session_delta_num_joint_framing,-8.0
2021_10_01_MZT_S7,2021MZT,session_delta_num_joint_framing,20.0
2021-11-04-NES-S1,2021NES,session_delta_num_joint_framing,-9.0
2021_06_10_SLU_S1,2021SLU,session_delta_num_joint_framing,16.0
2021_06_10_SLU_S5,2021SLU,session_delta_num_joint_framing,12.0
2021_06_11_SLU_S1,2021SLU,session_delta_num_joint_framing,22.0
2021_06_11_SLU_S4,2021SLU,session_delta_num_joint_framing,12.0
2021_06_11_SLU_S6,2021SLU,session_delta_num_joint_framing,10.0
2022-04-08-MND-S10,2022MND,session_delta_num_joint_framing,-8.0
2022-04-08-MND-S2,2022MND,session_delta_num_joint_framing,-8.0
2022-04-08-MND-S3,2022MND,session_delta_num_joint_framing,23.0
2021-10-07-CMC-S1,2021CMC,session_delta_num_named_next_steps,1.0
2021_10_01_MZT_S12,2021MZT,session_delta_num_named_next_steps,1.0
2021_06_10_SLU_S7,2021SLU,session_delta_num_named_next_steps,1.0
2021_10_01_MZT_S12,2021MZT,session_delta_num_novelty_signals,1.0
2021_06_11_SLU_S4,2021SLU,session_delta_num_novelty_signals,2.0
2020_11_05_NES_S4,2020NES,session_delta_num_role_anticipation,-0.16666666666666669
2020_11_05_NES_S5,2020NES,session_delta_num_role_anticipation,1.0
2020_11_06_NES_S12,2020NES,session_delta_num_role_anticipation,-0.3333333333333333
2020_11_06_NES_S2,2020NES,session_delta_num_role_anticipation,-1.0
2020_11_06_NES_S8,2020NES,session_delta_num_role_anticipation,-1.0
2021-10-07-CMC-S1,2021CMC,session_delta_num_role_anticipation,2.0
2021-10-08-CMC-S1,2021CMC,session_delta_num_role_anticipation,-3.0
2021-10-08-CMC-S3,2021CMC,session_delta_num_role_anticipation,-1.0
2021_04_23_MND_S11,2021MND,session_delta_num_role_anticipation,-1.0
2021_04_23_MND_S13,2021MND,session_delta_num_role_anticipation,-1.0
2021_09_30_MZT_S6,2021MZT,session_delta_num_role_anticipation,-1.0
2021_10_01_MZT_S11,2021MZT,session_delta_num_role_anticipation,-1.0
2021_10_01_MZT_S12,2021MZT,session_delta_num_role_anticipation,3.0
2021-11-04-NES-S2,2021NES,session_delta_num_role_anticipation,5.0
2021-11-04-NES-S3,2021NES,session_delta_num_role_anticipation,1.0
2021-11-04-NES-S4,2021NES,session_delta_num_role_anticipation,1.0
2021-11-04-NES-S5,2021NES,session_delta_num_role_anticipation,-5.0
2021-11-05-NES-S1,2021NES,session_delta_num_role_anticipation,-4.0
2021-11-05-NES-S2,2021NES,session_delta_num_role_anticipation,2.0
2021-11-05-NES-S3,2021NES,session_delta_num_role_anticipation,-2.0
2021-11-05-NES-S6,2021NES,session_delta_num_role_anticipation,-2.0
2021-11-05-NES-S7,2021NES,session_delta_num_role_anticipation,-6.0
2021-11-05-NES-S8,2021NES,session_delta_num_role_anticipation,-2.0
2021_06_10_SLU_S4,2021SLU,session_delta_num_role_anticipation,-2.0
2021_06_10_SLU_S6,2021SLU,session_delta_num_role_anticipation,-1.0
2021_06_11_SLU_S1,2021SLU,session_delta_num_role_anticipation,-1.0
2021_06_11_SLU_S12,2021SLU,session_delta_num_role_anticipation,-1.0
2021_06_11_SLU_S13,2021SLU,session_delta_num_role_anticipation,-1.0
2021_06_11_SLU_S2,2021SLU,session_delta_num_role_anticipation,1.0
2022-04-07-MND-S2,2022MND,session_delta_num_role_anticipation,1.0
2022-04-07-MND-S3,2022MND,session_delta_num_role_anticipation,-1.0
2022-04-07-MND-S5,2022MND,session_delta_num_role_anticipation,-1.0
2020_11_05_NES_S1,2020NES,session_delta_num_scope_calibration,-0.5
2020_11_05_NES_S4,2020NES,session_delta_num_scope_calibration,0.16666666666666666
2020_11_05_NES_S6,2020NES,session_delta_num_scope_calibration,0.16666666666666666
2021-05-21-ABI-S11,2021ABI,session_delta_num_scope_calibration,-1.0
2021-05-21-ABI-S15,2021ABI,session_delta_num_scope_calibration,-1.0
2021-05-21-ABI-S8,2021ABI,session_delta_num_scope_calibration,1.0
2021-10-08-CMC-S13,2021CMC,session_delta_num_scope_calibration,-2.0
2021-10-08-CMC-S9,2021CMC,session_delta_num_scope_calibration,1.0
2021_04_22_MND_S7,2021MND,session_delta_num_scope_calibration,1.0
2021_04_23_MND_S4,2021MND,session_delta_num_scope_calibration,-1.0
2021_04_23_MND_S5,2021MND,session_delta_num_scope_calibration,1.0
2021_09_30_MZT_S1,2021MZT,session_delta_num_scope_calibration,-1.0
2021_10_01_MZT_S11,2021MZT,session_delta_num_scope_calibration,1.0
2021_10_01_MZT_S7,2021MZT,session_delta_num_scope_calibration,3.0
2021_06_10_SLU_S1,2021SLU,session_delta_num_scope_calibration,3.0
2021_06_10_SLU_S5,2021SLU,session_delta_num_scope_calibration,3.0
2020_11_05_NES_S1,2020NES,session_delta_num_setback_defends,-0.5
2020_11_06_NES_S4,2020NES,session_delta_num_setback_defends,-0.5
2021-10-08-CMC-S3,2021CMC,session_delta_num_setback_defends,1.0
2021_09_30_MZT_S2,2021MZT,session_delta_num_setback_defends,1.0
2021_09_30_MZT_S7,2021MZT,session_delta_num_setback_defends,1.0
2022-04-08-MND-S4,2022MND,session_delta_num_setback_defends,1.0
2020_11_05_NES_S1,2020NES,session_delta_num_setback_explores,-0.5
2020_11_06_NES_S1,2020NES,session_delta_num_setback_explores,-0.25
2020_11_06_NES_S10,2020NES,session_delta_num_setback_explores,0.2
2021-05-20-ABI-S8,2021ABI,session_delta_num_setback_explores,1.0
2021-05-21-ABI-S16,2021ABI,session_delta_num_setback_explores,1.0
2021-10-07-CMC-S6,2021CMC,session_delta_num_setback_explores,-1.0
2021-10-07-CMC-S7,2021CMC,session_delta_num_setback_explores,-1.0
2021-10-08-CMC-S12,2021CMC,session_delta_num_setback_explores,-1.0
2021-10-08-CMC-S2,2021CMC,session_delta_num_setback_explores,1.0
2021-10-08-CMC-S4,2021CMC,session_delta_num_setback_explores,-1.0
2021-10-08-CMC-S8,2021CMC,session_delta_num_setback_explores,-1.0
2021_04_22_MND_S6,2021MND,session_delta_num_setback_explores,-1.0
2021_04_23_MND_S15,2021MND,session_delta_num_setback_explores,1.0
2021_09_30_MZT_S2,2021MZT,session_delta_num_setback_explores,-1.0
2021_10_01_MZT_S7,2021MZT,session_delta_num_setback_explores,1.0
2021-11-04-NES-S4,2021NES,session_delta_num_setback_explores,-1.0
2021_06_10_SLU_S5,2021SLU,session_delta_num_setback_explores,1.0
2021_06_10_SLU_S7,2021SLU,session_delta_num_setback_explores,1.0
2021_06_11_SLU_S4,2021SLU,session_delta_num_setback_explores,1.0
2021_06_11_SLU_S6,2021SLU,session_delta_num_setback_explores,1.0
2021_06_11_SLU_S7,2021SLU,session_delta_num_setback_explores,-2.0
2022-04-08-MND-S1,2022MND,session_delta_num_setback_explores,1.0
2020_11_06_NES_S8,2020NES,session_delta_pct_building,-0.99999990000001
2020_11_06_NES_S9,2020NES,session_delta_pct_building,-0.9999999285714337
2021-05-20-ABI-S3,2021ABI,session_delta_pct_building,-0.999999958333335
2021-05-20-ABI-S5,2021ABI,session_delta_pct_building,-0.9999999090909174
2021-05-20-ABI-S7,2021ABI,session_delta_pct_building,-0.9999998750000157
2021-05-21-ABI-S10,2021ABI,session_delta_pct_building,-0.99999990000001
2021-05-21-ABI-S12,2021ABI,session_delta_pct_building,-0.9999999090909174
2021-05-21-ABI-S3,2021ABI,session_delta_pct_building,-0.99999990000001
2021-05-21-ABI-S4,2021ABI,session_delta_pct_building,-0.9999998888889013
2021-05-21-ABI-S6,2021ABI,session_delta_pct_building,-0.9999999166666736
2021-10-07-CMC-S2,2021CMC,session_delta_pct_building,-0.9999999166666736
2021-10-07-CMC-S5,2021CMC,session_delta_pct_building,-0.9999997500000625
2021-10-07-CMC-S6,2021CMC,session_delta_pct_building,-0.9499999525000024
2021-10-08-CMC-S11,2021CMC,session_delta_pct_building,-0.9999999090909174
2021_04_22_MND_S8,2021MND,session_delta_pct_building,-0.99999990000001
2021_04_23_MND_S13,2021MND,session_delta_pct_building,-0.9999998888889013
2021_09_30_MZT_S4,2021MZT,session_delta_pct_building,-0.9999998888889013
2021_10_01_MZT_S2,2021MZT,session_delta_pct_building,-0.8999999100000091
2021-11-04-NES-S1,2021NES,session_delta_pct_building,-0.9473683711911383
2021-11-05-NES-S1,2021NES,session_delta_pct_building,-0.9999999090909174
2021-11-05-NES-S4,2021NES,session_delta_pct_building,-0.9999999285714337
2021-11-05-NES-S5,2021NES,session_delta_pct_building,-0.9999999090909174
2021-11-05-NES-S8,2021NES,session_delta_pct_building,-0.9999998888889013
2021_06_10_SLU_S2,2021SLU,session_delta_pct_building,-0.9999999090909174
2021_06_10_SLU_S3,2021SLU,session_delta_pct_building,-0.9999999230769291
2021_06_11_SLU_S1,2021SLU,session_delta_pct_building,-0.9999999166666736
2021_06_11_SLU_S10,2021SLU,session_delta_pct_building,-0.9999999230769291
2021_06_11_SLU_S2,2021SLU,session_delta_pct_building,-0.9999999375000038
2021_06_11_SLU_S3,2021SLU,session_delta_pct_building,-0.9999998750000157
2021_06_11_SLU_S9,2021SLU,session_delta_pct_building,-0.99999990000001
2022-04-07-MND-S3,2022MND,session_delta_pct_building,-0.9999999333333378
2020_11_05_NES_S2,2020NES,session_delta_pct_hesitation,0.2
2020_11_05_NES_S3,2020NES,session_delta_pct_hesitation,-0.07748538011695906
2020_11_06_NES_S12,2020NES,session_delta_pct_hesitation,-0.08937441643323996
2020_11_06_NES_S9,2020NES,session_delta_pct_hesitation,1.0
2021-05-21-ABI-S3,2021ABI,session_delta_pct_hesitation,1.0
2021-05-21-ABI-S7,2021ABI,session_delta_pct_hesitation,-0.14285714285714285
2021-10-07-CMC-S1,2021CMC,session_delta_pct_hesitation,-0.06984126984126984
2021-10-07-CMC-S2,2021CMC,session_delta_pct_hesitation,1.0
2021-10-08-CMC-S11,2021CMC,session_delta_pct_hesitation,0.11764705882352941
2021-10-08-CMC-S5,2021CMC,session_delta_pct_hesitation,0.09523809523809523
2021_04_22_MND_S8,2021MND,session_delta_pct_hesitation,0.5
2021_04_23_MND_S11,2021MND,session_delta_pct_hesitation,-0.10285714285714284
2021_04_23_MND_S14,2021MND,session_delta_pct_hesitation,-0.07789473684210525
2021_04_23_MND_S3,2021MND,session_delta_pct_hesitation,-0.1111111111111111
2021_04_23_MND_S9,2021MND,session_delta_pct_hesitation,-0.21739130434782608
2021_09_30_MZT_S1,2021MZT,session_delta_pct_hesitation,0.2
2021_09_30_MZT_S4,2021MZT,session_delta_pct_hesitation,-0.5714285714285714
2021_09_30_MZT_S5,2021MZT,session_delta_pct_hesitation,-0.08499999999999999
2021_09_30_MZT_S7,2021MZT,session_delta_pct_hesitation,-0.125
2021_10_01_MZT_S1,2021MZT,session_delta_pct_hesitation,-0.125
2021_10_01_MZT_S10,2021MZT,session_delta_pct_hesitation,-0.12932330827067667
2021_10_01_MZT_S6,2021MZT,session_delta_pct_hesitation,0.2414772727272727
2021_10_01_MZT_S8,2021MZT,session_delta_pct_hesitation,0.2727272727272727
2021-11-04-NES-S1,2021NES,session_delta_pct_hesitation,-0.16666666666666666
2021-11-04-NES-S2,2021NES,session_delta_pct_hesitation,-0.15789473684210525
2021-11-04-NES-S3,2021NES,session_delta_pct_hesitation,0.16666666666666666
2021-11-04-NES-S4,2021NES,session_delta_pct_hesitation,-0.05555555555555555
2021-11-05-NES-S11,2021NES,session_delta_pct_hesitation,0.1
2021-11-05-NES-S12,2021NES,session_delta_pct_hesitation,0.25
2021-11-05-NES-S8,2021NES,session_delta_pct_hesitation,-0.08
2021_06_10_SLU_S2,2021SLU,session_delta_pct_hesitation,0.3333333333333333
2021_06_11_SLU_S10,2021SLU,session_delta_pct_hesitation,0.6190476190476191
2022-04-08-MND-S11,2022MND,session_delta_pct_hesitation,0.11764705882352941
2022-04-08-MND-S4,2022MND,session_delta_pct_hesitation,0.16666666666666666
2022-04-08-MND-S7,2022MND,session_delta_pct_hesitation,0.13636363636363635
2021-05-21-ABI-S16,2021ABI,session_delta_pct_high_enthusiasm,0.49999999999999994
2021-05-21-ABI-S3,2021ABI,session_delta_pct_high_enthusiasm,-0.2894736842105263
2021-05-21-ABI-S5,2021ABI,session_delta_pct_high_enthusiasm,-0.48
2021-10-08-CMC-S12,2021CMC,session_delta_pct_high_enthusiasm,0.6041666666666666
2021-10-08-CMC-S4,2021CMC,session_delta_pct_high_enthusiasm,0.6166666666666666
2021-10-08-CMC-S6,2021CMC,session_delta_pct_high_enthusiasm,0.5178571428571429
2021-10-08-CMC-S7,2021CMC,session_delta_pct_high_enthusiasm,0.4579579579579579
2021_04_22_MND_S5,2021MND,session_delta_pct_high_enthusiasm,-0.4571428571428571
2021_04_22_MND_S7,2021MND,session_delta_pct_high_enthusiasm,0.8696969696969697
2021_04_23_MND_S16,2021MND,session_delta_pct_high_enthusiasm,-0.5384615384615384
2021_06_10_SLU_S4,2021SLU,session_delta_pct_high_enthusiasm,0.4835847382431233
2021_06_11_SLU_S13,2021SLU,session_delta_pct_high_enthusiasm,0.47674418604651164
2021_06_11_SLU_S3,2021SLU,session_delta_pct_high_enthusiasm,-0.2727272727272727
2020_11_05_NES_S1,2020NES,session_delta_pct_high_quality,-0.0625
2020_11_05_NES_S2,2020NES,session_delta_pct_high_quality,0.06666666666666665
2020_11_05_NES_S5,2020NES,session_delta_pct_high_quality,-0.05555555555555547
2020_11_05_NES_S6,2020NES,session_delta_pct_high_quality,-0.16666666666666663
2020_11_06_NES_S1,2020NES,session_delta_pct_high_quality,-0.2598039215686275
2020_11_06_NES_S12,2020NES,session_delta_pct_high_quality,0.023809523809523725
2020_11_06_NES_S4,2020NES,session_delta_pct_high_quality,0.0357142857142857
2020_11_06_NES_S7,2020NES,session_delta_pct_high_quality,-0.16666666666666663
2021-05-20-ABI-S8,2021ABI,session_delta_pct_high_quality,1.0
2021-05-21-ABI-S11,2021ABI,session_delta_pct_high_quality,-1.0
2021-10-08-CMC-S10,2021CMC,session_delta_pct_high_quality,0.7777777777777778
2021-10-08-CMC-S12,2021CMC,session_delta_pct_high_quality,0.09999999999999998
2021-10-08-CMC-S4,2021CMC,session_delta_pct_high_quality,0.09090909090909094
2021-10-08-CMC-S6,2021CMC,session_delta_pct_high_quality,0.09090909090909094
2021-10-08-CMC-S8,2021CMC,session_delta_pct_high_quality,0.09999999999999998
2021_04_22_MND_S4,2021MND,session_delta_pct_high_quality,-0.07692307692307687
2021_04_22_MND_S7,2021MND,session_delta_pct_high_quality,0.15384615384615385
2021_04_23_MND_S10,2021MND,session_delta_pct_high_quality,-0.125
2021_04_23_MND_S11,2021MND,session_delta_pct_high_quality,-0.19999999999999996
2021_04_23_MND_S12,2021MND,session_delta_pct_high_quality,0.09999999999999998
2021_04_23_MND_S9,2021MND,session_delta_pct_high_quality,0.11111111111111116
2021_09_30_MZT_S2,2021MZT,session_delta_pct_high_quality,-0.15384615384615385
2021_09_30_MZT_S7,2021MZT,session_delta_pct_high_quality,-0.1428571428571429
2021_10_01_MZT_S1,2021MZT,session_delta_pct_high_quality,0.125
2021_10_01_MZT_S10,2021MZT,session_delta_pct_high_quality,-0.5
2021_10_01_MZT_S11,2021MZT,session_delta_pct_high_quality,0.125
2021_10_01_MZT_S5,2021MZT,session_delta_pct_high_quality,1.0
2021_10_01_MZT_S8,2021MZT,session_delta_pct_high_quality,0.46153846153846156
2021_10_01_MZT_S9,2021MZT,session_delta_pct_high_quality,-0.17647058823529416
2021-11-04-NES-S3,2021NES,session_delta_pct_high_quality,-0.2857142857142857
2021-11-04-NES-S4,2021NES,session_delta_pct_high_quality,0.7692307692307692
2021-11-04-NES-S6,2021NES,session_delta_pct_high_quality,1.0
2021-11-05-NES-S2,2021NES,session_delta_pct_high_quality,-0.6666666666666667
2021-11-05-NES-S7,2021NES,session_delta_pct_high_quality,-0.033333333333333326
2021-11-05-NES-S9,2021NES,session_delta_pct_high_quality,0.33333333333333337
2021_06_10_SLU_S4,2021SLU,session_delta_pct_high_quality,0.0714285714285714
2021_06_10_SLU_S6,2021SLU,session_delta_pct_high_quality,0.16666666666666663
2021_06_11_SLU_S11,2021SLU,session_delta_pct_high_quality,0.08333333333333337
2021_06_11_SLU_S6,2021SLU,session_delta_pct_high_quality,0.09999999999999998
2021_06_11_SLU_S8,2021SLU,session_delta_pct_high_quality,0.19999999999999996
2022-04-07-MND-S4,2022MND,session_delta_pct_high_quality,-0.16666666666666663
2022-04-07-MND-S6,2022MND,session_delta_pct_high_quality,0.36363636363636365
2022-04-08-MND-S11,2022MND,session_delta_pct_high_quality,-0.40909090909090906
2022-04-08-MND-S3,2022MND,session_delta_pct_high_quality,-0.04347826086956519
2022-04-08-MND-S4,2022MND,session_delta_pct_high_quality,0.0714285714285714
2022-04-08-MND-S7,2022MND,session_delta_pct_high_quality,0.09999999999999998
2021-10-08-CMC-S12,2021CMC,session_delta_pct_high_quality_Idea_Management,1.0
2021_06_10_SLU_S7,2021SLU,session_delta_pct_high_quality_Idea_Management,1.0
2021_04_23_MND_S16,2021MND,session_delta_pct_high_quality_Integration_Practices,-1.0
2021_09_30_MZT_S2,2021MZT,session_delta_pct_high_quality_Integration_Practices,-0.8333333333333334
2021_10_01_MZT_S12,2021MZT,session_delta_pct_high_quality_Integration_Practices,-0.6666666666666666
2021-11-04-NES-S2,2021NES,session_delta_pct_high_quality_Integration_Practices,-1.0
2021_06_11_SLU_S5,2021SLU,session_delta_pct_high_quality_Integration_Practices,-0.6666666666666667
2021-05-21-ABI-S16,2021ABI,session_delta_pct_high_quality_Knowledge_Sharing,1.0
2021_04_23_MND_S10,2021MND,session_delta_pct_high_quality_Knowledge_Sharing,0.8571428571428571
2021_04_23_MND_S4,2021MND,session_delta_pct_high_quality_Knowledge_Sharing,-0.8333333333333334
2021_04_23_MND_S7,2021MND,session_delta_pct_high_quality_Knowledge_Sharing,1.0
2021_10_01_MZT_S4,2021MZT,session_delta_pct_high_quality_Knowledge_Sharing,1.0
2021_06_10_SLU_S1,2021SLU,session_delta_pct_high_quality_Knowledge_Sharing,1.0
2021_06_11_SLU_S13,2021SLU,session_delta_pct_high_quality_Knowledge_Sharing,1.0
2021-05-20-ABI-S2,2021ABI,session_delta_pct_turns_any_smile,1.0
2021-05-20-ABI-S3,2021ABI,session_delta_pct_turns_any_smile,1.0
2021-05-20-ABI-S5,2021ABI,session_delta_pct_turns_any_smile,-1.0
2021-05-20-ABI-S7,2021ABI,session_delta_pct_turns_any_smile,0.6666666666666666
2021-05-21-ABI-S4,2021ABI,session_delta_pct_turns_any_smile,1.0
2021-05-21-ABI-S7,2021ABI,session_delta_pct_turns_any_smile,-0.8571428571428571
2021-10-07-CMC-S5,2021CMC,session_delta_pct_turns_any_smile,-0.6521739130434783
2021-10-07-CMC-S6,2021CMC,session_delta_pct_turns_any_smile,-1.0
2021-10-08-CMC-S11,2021CMC,session_delta_pct_turns_any_smile,-0.6814921090387374
2021-10-08-CMC-S14,2021CMC,session_delta_pct_turns_any_smile,0.8947368421052632
2021-10-08-CMC-S3,2021CMC,session_delta_pct_turns_any_smile,0.7059431524547803
2021-10-08-CMC-S4,2021CMC,session_delta_pct_turns_any_smile,-0.8547619047619047
2021-10-08-CMC-S6,2021CMC,session_delta_pct_turns_any_smile,0.9642857142857143
2021-10-08-CMC-S7,2021CMC,session_delta_pct_turns_any_smile,1.0
2021_04_22_MND_S5,2021MND,session_delta_pct_turns_any_smile,-0.8571428571428571
2021_04_22_MND_S6,2021MND,session_delta_pct_turns_any_smile,-0.8421052631578947
2021_04_22_MND_S7,2021MND,session_delta_pct_turns_any_smile,0.9696969696969697
2021_04_23_MND_S6,2021MND,session_delta_pct_turns_any_smile,-0.746031746031746
2021_04_23_MND_S7,2021MND,session_delta_pct_turns_any_smile,-0.6239316239316239
2021_10_01_MZT_S2,2021MZT,session_delta_pct_turns_any_smile,0.9459459459459459
2021_10_01_MZT_S6,2021MZT,session_delta_pct_turns_any_smile,1.0
2021-11-04-NES-S5,2021NES,session_delta_pct_turns_any_smile,0.7619047619047619
2021_06_11_SLU_S10,2021SLU,session_delta_pct_turns_any_smile,-0.6666666666666667
2021_06_11_SLU_S3,2021SLU,session_delta_pct_turns_any_smile,0.9090909090909091
2022-04-07-MND-S1,2022MND,session_delta_pct_turns_any_smile,0.8277310924369747
2020_11_05_NES_S1,2020NES,session_delta_pct_turns_audible_backchannel,-0.11883960573476701
2020_11_05_NES_S2,2020NES,session_delta_pct_turns_audible_backchannel,0.4666666666666667
2021-05-21-ABI-S14,2021ABI,session_delta_pct_turns_audible_backchannel,1.0
2021-05-21-ABI-S15,2021ABI,session_delta_pct_turns_audible_backchannel,0.2222222222222222
2021-10-08-CMC-S14,2021CMC,session_delta_pct_turns_audible_backchannel,0.3157894736842105
2021_04_22_MND_S5,2021MND,session_delta_pct_turns_audible_backchannel,-0.8571428571428571
2021_04_22_MND_S7,2021MND,session_delta_pct_turns_audible_backchannel,0.9696969696969697
2021_04_23_MND_S10,2021MND,session_delta_pct_turns_audible_backchannel,0.13636363636363635
2021_04_23_MND_S13,2021MND,session_delta_pct_turns_audible_backchannel,0.3093645484949833
2021_09_30_MZT_S1,2021MZT,session_delta_pct_turns_audible_backchannel,-0.15789473684210525
2021_10_01_MZT_S12,2021MZT,session_delta_pct_turns_audible_backchannel,-0.6
2021_10_01_MZT_S13,2021MZT,session_delta_pct_turns_audible_backchannel,0.1565217391304348
2021_10_01_MZT_S4,2021MZT,session_delta_pct_turns_audible_backchannel,-0.12
2021_10_01_MZT_S6,2021MZT,session_delta_pct_turns_audible_backchannel,0.36363636363636365
2021_10_01_MZT_S7,2021MZT,session_delta_pct_turns_audible_backchannel,0.125
2021_10_01_MZT_S8,2021MZT,session_delta_pct_turns_audible_backchannel,-0.12
2021-11-04-NES-S2,2021NES,session_delta_pct_turns_audible_backchannel,-0.37938596491228066
2021-11-04-NES-S5,2021NES,session_delta_pct_turns_audible_backchannel,0.14285714285714285
2021-11-05-NES-S12,2021NES,session_delta_pct_turns_audible_backchannel,0.125
2021-11-05-NES-S2,2021NES,session_delta_pct_turns_audible_backchannel,0.17391304347826086
2021-11-05-NES-S5,2021NES,session_delta_pct_turns_audible_backchannel,-0.1
2021_06_10_SLU_S4,2021SLU,session_delta_pct_turns_audible_backchannel,0.1614906832298137
2021_06_11_SLU_S10,2021SLU,session_delta_pct_turns_audible_backchannel,-0.09523809523809523
2021_06_11_SLU_S11,2021SLU,session_delta_pct_turns_audible_backchannel,0.18181818181818182
2021_06_11_SLU_S13,2021SLU,session_delta_pct_turns_audible_backchannel,-0.11627906976744186
2021_06_11_SLU_S5,2021SLU,session_delta_pct_turns_audible_backchannel,-0.1935483870967742
2022-04-07-MND-S1,2022MND,session_delta_pct_turns_audible_backchannel,0.2857142857142857
2022-04-08-MND-S1,2022MND,session_delta_pct_turns_audible_backchannel,0.18181818181818182
2022-04-08-MND-S3,2022MND,session_delta_pct_turns_audible_backchannel,-0.17744360902255638
2020_11_06_NES_S2,2020NES,session_delta_pct_turns_shared_affect,0.3
2021-10-08-CMC-S6,2021CMC,session_delta_pct_turns_shared_affect,0.32142857142857145
2021_04_22_MND_S7,2021MND,session_delta_pct_turns_shared_affect,0.3333333333333333
2021_10_01_MZT_S3,2021MZT,session_delta_pct_turns_shared_affect,0.25
2021_10_01_MZT_S6,2021MZT,session_delta_pct_turns_shared_affect,0.7272727272727273
2021-11-05-NES-S12,2021NES,session_delta_pct_turns_shared_affect,0.25
2021_06_11_SLU_S11,2021SLU,session_delta_pct_turns_shared_affect,0.4090909090909091
2021_06_11_SLU_S2,2021SLU,session_delta_pct_turns_shared_affect,-0.15384615384615385
2021_06_11_SLU_S4,2021SLU,session_delta_pct_turns_shared_affect,-0.19743589743589743
2022-04-08-MND-S4,2022MND,session_delta_pct_turns_shared_affect,0.26436781609195403
2020_11_05_NES_S2,2020NES,session_delta_personal_disclosure,-1.0
2020_11_05_NES_S5,2020NES,session_delta_personal_disclosure,0.25
2020_11_06_NES_S4,2020NES,session_delta_personal_disclosure,-0.5
2021-05-20-ABI-S3,2021ABI,session_delta_personal_disclosure,-1.0
2021-05-20-ABI-S5,2021ABI,session_delta_personal_disclosure,-1.0
2021-05-20-ABI-S6,2021ABI,session_delta_personal_disclosure,1.0
2021-05-20-ABI-S7,2021ABI,session_delta_personal_disclosure,1.0
2021-05-21-ABI-S11,2021ABI,session_delta_personal_disclosure,-1.0
2021-05-21-ABI-S8,2021ABI,session_delta_personal_disclosure,1.0
2021-10-07-CMC-S2,2021CMC,session_delta_personal_disclosure,-1.0
2021-10-07-CMC-S6,2021CMC,session_delta_personal_disclosure,-1.0
2021-10-07-CMC-S7,2021CMC,session_delta_personal_disclosure,-1.0
2021-10-08-CMC-S1,2021CMC,session_delta_personal_disclosure,1.0
2021-10-08-CMC-S10,2021CMC,session_delta_personal_disclosure,1.0
2021-10-08-CMC-S11,2021CMC,session_delta_personal_disclosure,-1.0
2021-10-08-CMC-S12,2021CMC,session_delta_personal_disclosure,-1.0
2021-10-08-CMC-S13,2021CMC,session_delta_personal_disclosure,1.0
2021-10-08-CMC-S14,2021CMC,session_delta_personal_disclosure,1.0
2021-10-08-CMC-S2,2021CMC,session_delta_personal_disclosure,-1.0
2021-10-08-CMC-S3,2021CMC,session_delta_personal_disclosure,1.0
2021-10-08-CMC-S4,2021CMC,session_delta_personal_disclosure,-1.0
2021-10-08-CMC-S5,2021CMC,session_delta_personal_disclosure,1.0
2021-10-08-CMC-S7,2021CMC,session_delta_personal_disclosure,-1.0
2021-10-08-CMC-S9,2021CMC,session_delta_personal_disclosure,-1.0
2021_04_22_MND_S4,2021MND,session_delta_personal_disclosure,-1.0
2021_04_22_MND_S5,2021MND,session_delta_personal_disclosure,-1.0
2021_04_22_MND_S6,2021MND,session_delta_personal_disclosure,1.0
2021_04_22_MND_S7,2021MND,session_delta_personal_disclosure,1.0
2021_04_23_MND_S12,2021MND,session_delta_personal_disclosure,1.0
2021_04_23_MND_S13,2021MND,session_delta_personal_disclosure,1.0
2021_04_23_MND_S3,2021MND,session_delta_personal_disclosure,1.0
2021_04_23_MND_S5,2021MND,session_delta_personal_disclosure,-1.0
2021_04_23_MND_S9,2021MND,session_delta_personal_disclosure,-1.0
2021_09_30_MZT_S1,2021MZT,session_delta_personal_disclosure,-1.0
2021_09_30_MZT_S2,2021MZT,session_delta_personal_disclosure,1.0
2021_09_30_MZT_S3,2021MZT,session_delta_personal_disclosure,-1.0
2021_09_30_MZT_S5,2021MZT,session_delta_personal_disclosure,-1.0
2021_09_30_MZT_S6,2021MZT,session_delta_personal_disclosure,-1.0
2021_09_30_MZT_S7,2021MZT,session_delta_personal_disclosure,1.0
2021_10_01_MZT_S1,2021MZT,session_delta_personal_disclosure,-1.0
2021_10_01_MZT_S10,2021MZT,session_delta_personal_disclosure,1.0
2021_10_01_MZT_S13,2021MZT,session_delta_personal_disclosure,1.0
2021_10_01_MZT_S5,2021MZT,session_delta_personal_disclosure,-1.0
2021_10_01_MZT_S8,2021MZT,session_delta_personal_disclosure,-1.0
2021-11-04-NES-S1,2021NES,session_delta_personal_disclosure,-1.0
2021-11-04-NES-S3,2021NES,session_delta_personal_disclosure,-1.0
2021-11-04-NES-S5,2021NES,session_delta_personal_disclosure,1.0
2021-11-05-NES-S10,2021NES,session_delta_personal_disclosure,1.0
2021-11-05-NES-S12,2021NES,session_delta_personal_disclosure,1.0
2021-11-05-NES-S2,2021NES,session_delta_personal_disclosure,1.0
2021-11-05-NES-S4,2021NES,session_delta_personal_disclosure,-1.0
2021-11-05-NES-S6,2021NES,session_delta_personal_disclosure,-1.0
2021-11-05-NES-S7,2021NES,session_delta_personal_disclosure,1.0
2021-11-05-NES-S9,2021NES,session_delta_personal_disclosure,-1.0
2021_06_10_SLU_S3,2021SLU,session_delta_personal_disclosure,-1.0
2021_06_10_SLU_S7,2021SLU,session_delta_personal_disclosure,-1.0
2021_06_11_SLU_S11,2021SLU,session_delta_personal_disclosure,-1.0
2021_06_11_SLU_S3,2021SLU,session_delta_personal_disclosure,-1.0
2021_06_11_SLU_S5,2021SLU,session_delta_personal_disclosure,-1.0
2021_06_11_SLU_S8,2021SLU,session_delta_personal_disclosure,1.0
2022-04-07-MND-S1,2022MND,session_delta_personal_disclosure,1.0
2022-04-07-MND-S3,2022MND,session_delta_personal_disclosure,-1.0
2022-04-07-MND-S4,2022MND,session_delta_personal_disclosure,1.0
2022-04-07-MND-S5,2022MND,session_delta_personal_disclosure,1.0
2022-04-08-MND-S1,2022MND,session_delta_personal_disclosure,1.0
2022-04-08-MND-S10,2022MND,session_delta_personal_disclosure,-1.0
2022-04-08-MND-S11,2022MND,session_delta_personal_disclosure,1.0
2022-04-08-MND-S2,2022MND,session_delta_personal_disclosure,-1.0
2022-04-08-MND-S3,2022MND,session_delta_personal_disclosure,1.0
2022-04-08-MND-S4,2022MND,session_delta_personal_disclosure,-1.0
2021_09_30_MZT_S1,2021MZT,session_delta_pronoun_shift_occurred,1.0
2021-11-05-NES-S10,2021NES,session_delta_pronoun_shift_occurred,1.0
2021-05-21-ABI-S14,2021ABI,session_delta_responsiveness_index,3.0735099169130575
2021-05-21-ABI-S15,2021ABI,session_delta_responsiveness_index,1.774014733659871
2021-05-21-ABI-S2,2021ABI,session_delta_responsiveness_index,1.7293979190735356
2021-10-08-CMC-S14,2021CMC,session_delta_responsiveness_index,2.1945551528623377
2021-10-08-CMC-S6,2021CMC,session_delta_responsiveness_index,1.7271667004200877
2021_04_22_MND_S5,2021MND,session_delta_responsiveness_index,-2.9231198031939614
2021_04_22_MND_S7,2021MND,session_delta_responsiveness_index,4.988934038455279
2021_10_01_MZT_S12,2021MZT,session_delta_responsiveness_index,-2.717279898344482
2021_10_01_MZT_S6,2021MZT,session_delta_responsiveness_index,3.6437389461868355
2021-11-04-NES-S2,2021NES,session_delta_responsiveness_index,-1.8535905098222438
2021_06_11_SLU_S10,2021SLU,session_delta_responsiveness_index,-1.68995129994598
2021_06_11_SLU_S11,2021SLU,session_delta_responsiveness_index,1.9062665549959381
2022-04-07-MND-S1,2022MND,session_delta_responsiveness_index,2.153170462013888
2020_11_05_NES_S6,2020NES,session_delta_risk_acknowledgment_enthusiasm,-0.16666666666666666
2020_11_06_NES_S1,2020NES,session_delta_risk_acknowledgment_enthusiasm,-0.25
2020_11_06_NES_S10,2020NES,session_delta_risk_acknowledgment_enthusiasm,0.2
2021-10-07-CMC-S3,2021CMC,session_delta_risk_acknowledgment_enthusiasm,-1.0
2021-10-08-CMC-S12,2021CMC,session_delta_risk_acknowledgment_enthusiasm,1.0
2021_04_22_MND_S4,2021MND,session_delta_risk_acknowledgment_enthusiasm,-1.0
2021_04_22_MND_S7,2021MND,session_delta_risk_acknowledgment_enthusiasm,1.0
2021_04_23_MND_S10,2021MND,session_delta_risk_acknowledgment_enthusiasm,1.0
2021-11-05-NES-S12,2021NES,session_delta_risk_acknowledgment_enthusiasm,1.0
2021_06_10_SLU_S4,2021SLU,session_delta_risk_acknowledgment_enthusiasm,1.0
2021_06_10_SLU_S5,2021SLU,session_delta_risk_acknowledgment_enthusiasm,1.0
2021_06_11_SLU_S6,2021SLU,session_delta_risk_acknowledgment_enthusiasm,1.0
2020_11_05_NES_S3,2020NES,session_delta_skill_gap_identified,-0.5
2020_11_05_NES_S4,2020NES,session_delta_skill_gap_identified,-0.16666666666666666
2020_11_05_NES_S5,2020NES,session_delta_skill_gap_identified,-0.25
2020_11_05_NES_S6,2020NES,session_delta_skill_gap_identified,-0.16666666666666669
2020_11_06_NES_S1,2020NES,session_delta_skill_gap_identified,-0.25
2020_11_06_NES_S12,2020NES,session_delta_skill_gap_identified,0.3333333333333333
2021-05-20-ABI-S5,2021ABI,session_delta_skill_gap_identified,-1.0
2021-05-20-ABI-S8,2021ABI,session_delta_skill_gap_identified,1.0
2021-05-21-ABI-S1,2021ABI,session_delta_skill_gap_identified,-1.0
2021-05-21-ABI-S13,2021ABI,session_delta_skill_gap_identified,-1.0
2021-05-21-ABI-S16,2021ABI,session_delta_skill_gap_identified,1.0
2021-05-21-ABI-S2,2021ABI,session_delta_skill_gap_identified,-1.0
2021-10-07-CMC-S3,2021CMC,session_delta_skill_gap_identified,-1.0
2021-10-07-CMC-S6,2021CMC,session_delta_skill_gap_identified,-1.0
2021-10-08-CMC-S12,2021CMC,session_delta_skill_gap_identified,1.0
2021_04_22_MND_S1,2021MND,session_delta_skill_gap_identified,1.0
2021_04_22_MND_S3,2021MND,session_delta_skill_gap_identified,-1.0
2021_04_23_MND_S1,2021MND,session_delta_skill_gap_identified,-1.0
2021_04_23_MND_S11,2021MND,session_delta_skill_gap_identified,-1.0
2021_04_23_MND_S14,2021MND,session_delta_skill_gap_identified,-1.0
2021_04_23_MND_S15,2021MND,session_delta_skill_gap_identified,1.0
2021_04_23_MND_S4,2021MND,session_delta_skill_gap_identified,-1.0
2021_04_23_MND_S9,2021MND,session_delta_skill_gap_identified,-1.0
2021_09_30_MZT_S2,2021MZT,session_delta_skill_gap_identified,-1.0
2021_09_30_MZT_S3,2021MZT,session_delta_skill_gap_identified,1.0
2021_09_30_MZT_S5,2021MZT,session_delta_skill_gap_identified,-1.0
2021_10_01_MZT_S11,2021MZT,session_delta_skill_gap_identified,1.0
2021_10_01_MZT_S12,2021MZT,session_delta_skill_gap_identified,-1.0
2021_10_01_MZT_S13,2021MZT,session_delta_skill_gap_identified,1.0
2021_10_01_MZT_S3,2021MZT,session_delta_skill_gap_identified,1.0
2021_10_01_MZT_S4,2021MZT,session_delta_skill_gap_identified,1.0
2021_10_01_MZT_S5,2021MZT,session_delta_skill_gap_identified,1.0
2021-11-04-NES-S1,2021NES,session_delta_skill_gap_identified,-1.0
2021-11-04-NES-S4,2021NES,session_delta_skill_gap_identified,-1.0
2021-11-05-NES-S12,2021NES,session_delta_skill_gap_identified,1.0
2021-11-05-NES-S9,2021NES,session_delta_skill_gap_identified,-1.0
2021_06_11_SLU_S12,2021SLU,session_delta_skill_gap_identified,-1.0
2021_06_11_SLU_S5,2021SLU,session_delta_skill_gap_identified,-1.0
2021_06_11_SLU_S9,2021SLU,session_delta_skill_gap_identified,-1.0
2021-11-04-NES-S4,2021NES,session_delta_total_quality_score,18.0
2022-04-08-MND-S3,2022MND,session_delta_total_quality_score,23.0
2021-10-08-CMC-S10,2021CMC,session_end_blocking_count,4.0
2021-10-08-CMC-S2,2021CMC,session_end_blocking_count,3.0
2021_04_22_MND_S7,2021MND,session_end_blocking_count,3.0
2021_04_23_MND_S15,2021MND,session_end_blocking_count,3.0
2022-04-08-MND-S3,2022MND,session_end_blocking_count,6.0
2020_11_06_NES_S3,2020NES,session_end_building_blocking_ratio,16000000.0
2021_04_23_MND_S1,2021MND,session_end_building_blocking_ratio,15000000.0
2021_04_23_MND_S2,2021MND,session_end_building_blocking_ratio,19000000.0
2021_09_30_MZT_S5,2021MZT,session_end_building_blocking_ratio,15000000.0
2021_10_01_MZT_S10,2021MZT,session_end_building_blocking_ratio,20000000.0
2021_10_01_MZT_S9,2021MZT,session_end_building_blocking_ratio,20000000.0
2020_11_06_NES_S8,2020NES,session_end_collective_engagement_score,1.0
2020_11_06_NES_S9,2020NES,session_end_collective_engagement_score,1.0
2021-05-21-ABI-S11,2021ABI,session_end_collective_engagement_score,1.0
2021-05-21-ABI-S3,2021ABI,session_end_collective_engagement_score,1.0
2021-10-07-CMC-S2,2021CMC,session_end_collective_engagement_score,1.0
2021-10-07-CMC-S6,2021CMC,session_end_collective_engagement_score,1.0
2021_04_22_MND_S2,2021MND,session_end_collective_engagement_score,1.0
2021_04_23_MND_S4,2021MND,session_end_collective_engagement_score,1.0
2021_09_30_MZT_S4,2021MZT,session_end_collective_engagement_score,1.0
2021-11-04-NES-S1,2021NES,session_end_collective_engagement_score,1.0
2021-11-05-NES-S8,2021NES,session_end_collective_engagement_score,1.0
2021_06_11_SLU_S9,2021SLU,session_end_collective_engagement_score,1.0
2021-05-20-ABI-S8,2021ABI,session_end_commitment_signal,1.0
2021-05-21-ABI-S2,2021ABI,session_end_commitment_signal,1.0
2021_04_22_MND_S4,2021MND,session_end_commitment_signal,1.0
2021_04_23_MND_S14,2021MND,session_end_commitment_signal,1.0
2021_04_23_MND_S7,2021MND,session_end_commitment_signal,1.0
2021_10_01_MZT_S12,2021MZT,session_end_commitment_signal,1.0
2021_10_01_MZT_S13,2021MZT,session_end_commitment_signal,1.0
2021_10_01_MZT_S6,2021MZT,session_end_commitment_signal,1.0
2021-11-05-NES-S12,2021NES,session_end_commitment_signal,1.0
2021_06_10_SLU_S5,2021SLU,session_end_commitment_signal,1.0
2021_06_10_SLU_S7,2021SLU,session_end_commitment_signal,1.0
2022-04-08-MND-S10,2022MND,session_end_commitment_signal,1.0
2020_11_05_NES_S1,2020NES,session_end_dissent_response_exploratory,0.5
2020_11_05_NES_S3,2020NES,session_end_dissent_response_exploratory,0.5
2020_11_05_NES_S6,2020NES,session_end_dissent_response_exploratory,0.16666666666666666
2020_11_06_NES_S10,2020NES,session_end_dissent_response_exploratory,0.4
2020_11_06_NES_S4,2020NES,session_end_dissent_response_exploratory,0.5
2020_11_06_NES_S6,2020NES,session_end_dissent_response_exploratory,0.6666666666666666
2021-05-21-ABI-S16,2021ABI,session_end_dissent_response_exploratory,1.0
2021-10-07-CMC-S7,2021CMC,session_end_dissent_response_exploratory,1.0
2021-10-08-CMC-S10,2021CMC,session_end_dissent_response_exploratory,1.0
2021-10-08-CMC-S12,2021CMC,session_end_dissent_response_exploratory,1.0
2021-10-08-CMC-S2,2021CMC,session_end_dissent_response_exploratory,1.0
2021-10-08-CMC-S3,2021CMC,session_end_dissent_response_exploratory,1.0
2021_04_22_MND_S7,2021MND,session_end_dissent_response_exploratory,1.0
2021_04_23_MND_S15,2021MND,session_end_dissent_response_exploratory,1.0
2021_04_23_MND_S7,2021MND,session_end_dissent_response_exploratory,1.0
2021_09_30_MZT_S2,2021MZT,session_end_dissent_response_exploratory,1.0
2021_09_30_MZT_S7,2021MZT,session_end_dissent_response_exploratory,1.0
2021_10_01_MZT_S7,2021MZT,session_end_dissent_response_exploratory,1.0
2021_10_01_MZT_S8,2021MZT,session_end_dissent_response_exploratory,1.0
2021_06_11_SLU_S13,2021SLU,session_end_dissent_response_exploratory,1.0
2021_06_11_SLU_S4,2021SLU,session_end_dissent_response_exploratory,1.0
2022-04-08-MND-S1,2022MND,session_end_dissent_response_exploratory,1.0
2021_10_01_MZT_S13,2021MZT,session_end_dissent_response_quality,2.0
2021_06_10_SLU_S1,2021SLU,session_end_dissent_response_quality,2.0
2020_11_05_NES_S1,2020NES,session_end_dissent_was_present,0.5
2020_11_05_NES_S3,2020NES,session_end_dissent_was_present,0.5
2020_11_05_NES_S6,2020NES,session_end_dissent_was_present,0.16666666666666666
2020_11_06_NES_S10,2020NES,session_end_dissent_was_present,0.4
2020_11_06_NES_S4,2020NES,session_end_dissent_was_present,0.5
2020_11_06_NES_S6,2020NES,session_end_dissent_was_present,0.6666666666666666
2021-05-21-ABI-S16,2021ABI,session_end_dissent_was_present,1.0
2021-10-07-CMC-S7,2021CMC,session_end_dissent_was_present,1.0
2021-10-08-CMC-S10,2021CMC,session_end_dissent_was_present,1.0
2021-10-08-CMC-S12,2021CMC,session_end_dissent_was_present,1.0
2021-10-08-CMC-S2,2021CMC,session_end_dissent_was_present,1.0
2021-10-08-CMC-S3,2021CMC,session_end_dissent_was_present,1.0
2021_04_22_MND_S7,2021MND,session_end_dissent_was_present,1.0
2021_04_23_MND_S15,2021MND,session_end_dissent_was_present,1.0
2021_04_23_MND_S7,2021MND,session_end_dissent_was_present,1.0
2021_09_30_MZT_S2,2021MZT,session_end_dissent_was_present,1.0
2021_09_30_MZT_S7,2021MZT,session_end_dissent_was_present,1.0
2021_10_01_MZT_S13,2021MZT,session_end_dissent_was_present,1.0
2021_10_01_MZT_S7,2021MZT,session_end_dissent_was_present,1.0
2021_10_01_MZT_S8,2021MZT,session_end_dissent_was_present,1.0
2021_06_10_SLU_S1,2021SLU,session_end_dissent_was_present,1.0
2021_06_11_SLU_S13,2021SLU,session_end_dissent_was_present,1.0
2021_06_11_SLU_S4,2021SLU,session_end_dissent_was_present,1.0
2022-04-08-MND-S1,2022MND,session_end_dissent_was_present,1.0
2020_11_05_NES_S4,2020NES,session_end_explicit_complementarity,0.16666666666666666
2020_11_05_NES_S5,2020NES,session_end_explicit_complementarity,0.25
2020_11_05_NES_S6,2020NES,session_end_explicit_complementarity,0.16666666666666666
2020_11_06_NES_S4,2020NES,session_end_explicit_complementarity,0.5
2021-05-20-ABI-S8,2021ABI,session_end_explicit_complementarity,1.0
2021-05-21-ABI-S2,2021ABI,session_end_explicit_complementarity,1.0
2021-05-21-ABI-S7,2021ABI,session_end_explicit_complementarity,1.0
2021-05-21-ABI-S8,2021ABI,session_end_explicit_complementarity,1.0
2021-10-07-CMC-S4,2021CMC,session_end_explicit_complementarity,1.0
2021-10-08-CMC-S11,2021CMC,session_end_explicit_complementarity,1.0
2021-10-08-CMC-S12,2021CMC,session_end_explicit_complementarity,1.0
2021-10-08-CMC-S13,2021CMC,session_end_explicit_complementarity,1.0
2021-10-08-CMC-S6,2021CMC,session_end_explicit_complementarity,1.0
2021-10-08-CMC-S7,2021CMC,session_end_explicit_complementarity,1.0
2021_04_22_MND_S1,2021MND,session_end_explicit_complementarity,1.0
2021_04_22_MND_S4,2021MND,session_end_explicit_complementarity,1.0
2021_04_22_MND_S5,2021MND,session_end_explicit_complementarity,1.0
2021_04_23_MND_S5,2021MND,session_end_explicit_complementarity,1.0
2021_04_23_MND_S7,2021MND,session_end_explicit_complementarity,1.0
2021_10_01_MZT_S12,2021MZT,session_end_explicit_complementarity,1.0
2021_10_01_MZT_S3,2021MZT,session_end_explicit_complementarity,1.0
2021_10_01_MZT_S4,2021MZT,session_end_explicit_complementarity,1.0
2021_10_01_MZT_S5,2021MZT,session_end_explicit_complementarity,1.0
2021-11-04-NES-S4,2021NES,session_end_explicit_complementarity,1.0
2021_06_10_SLU_S4,2021SLU,session_end_explicit_complementarity,1.0
2021_06_10_SLU_S5,2021SLU,session_end_explicit_complementarity,1.0
2021_06_10_SLU_S7,2021SLU,session_end_explicit_complementarity,1.0
2022-04-08-MND-S11,2022MND,session_end_explicit_complementarity,1.0
2022-04-08-MND-S8,2022MND,session_end_explicit_complementarity,1.0
2020_11_06_NES_S10,2020NES,session_end_explore_vs_defend_ratio,200000.0
2021-05-20-ABI-S8,2021ABI,session_end_explore_vs_defend_ratio,1000000.0
2021-05-21-ABI-S16,2021ABI,session_end_explore_vs_defend_ratio,1000000.0
2021-10-08-CMC-S2,2021CMC,session_end_explore_vs_defend_ratio,1000000.0
2021_04_23_MND_S15,2021MND,session_end_explore_vs_defend_ratio,1000000.0
2021_10_01_MZT_S7,2021MZT,session_end_explore_vs_defend_ratio,1000000.0
2021_06_10_SLU_S5,2021SLU,session_end_explore_vs_defend_ratio,1000000.0
2021_06_10_SLU_S7,2021SLU,session_end_explore_vs_defend_ratio,1000000.0
2021_06_11_SLU_S4,2021SLU,session_end_explore_vs_defend_ratio,1000000.0
2021_06_11_SLU_S6,2021SLU,session_end_explore_vs_defend_ratio,1000000.0
2022-04-08-MND-S1,2022MND,session_end_explore_vs_defend_ratio,1000000.0
2020_11_05_NES_S2,2020NES,session_end_funding_awareness,1.0
2020_11_06_NES_S10,2020NES,session_end_funding_awareness,0.8
2020_11_06_NES_S12,2020NES,session_end_funding_awareness,1.0
2021-10-07-CMC-S1,2021CMC,session_end_funding_awareness,1.0
2021-10-08-CMC-S10,2021CMC,session_end_funding_awareness,1.0
2021-10-08-CMC-S11,2021CMC,session_end_funding_awareness,1.0
2021-10-08-CMC-S3,2021CMC,session_end_funding_awareness,1.0
2021_04_22_MND_S1,2021MND,session_end_funding_awareness,1.0
2021_04_22_MND_S4,2021MND,session_end_funding_awareness,1.0
2021_04_22_MND_S7,2021MND,session_end_funding_awareness,1.0
2021_04_23_MND_S1,2021MND,session_end_funding_awareness,1.0
2021_04_23_MND_S10,2021MND,session_end_funding_awareness,1.0
2021_04_23_MND_S8,2021MND,session_end_funding_awareness,1.0
2021_04_23_MND_S9,2021MND,session_end_funding_awareness,1.0
2021_09_30_MZT_S1,2021MZT,session_end_funding_awareness,1.0
2021_10_01_MZT_S10,2021MZT,session_end_funding_awareness,1.0
2021_10_01_MZT_S11,2021MZT,session_end_funding_awareness,1.0
2021_10_01_MZT_S12,2021MZT,session_end_funding_awareness,1.0
2021_10_01_MZT_S13,2021MZT,session_end_funding_awareness,1.0
2021_10_01_MZT_S3,2021MZT,session_end_funding_awareness,1.0
2021_10_01_MZT_S4,2021MZT,session_end_funding_awareness,1.0
2021_10_01_MZT_S5,2021MZT,session_end_funding_awareness,1.0
2021-11-04-NES-S3,2021NES,session_end_funding_awareness,1.0
2021-11-05-NES-S10,2021NES,session_end_funding_awareness,1.0
2021-11-05-NES-S12,2021NES,session_end_funding_awareness,1.0
2021-11-05-NES-S7,2021NES,session_end_funding_awareness,1.0
2021-11-05-NES-S9,2021NES,session_end_funding_awareness,1.0
2021_06_10_SLU_S1,2021SLU,session_end_funding_awareness,1.0
2021_06_10_SLU_S5,2021SLU,session_end_funding_awareness,1.0
2021_06_11_SLU_S13,2021SLU,session_end_funding_awareness,1.0
2022-04-07-MND-S1,2022MND,session_end_funding_awareness,1.0
2022-04-07-MND-S4,2022MND,session_end_funding_awareness,1.0
2022-04-07-MND-S5,2022MND,session_end_funding_awareness,1.0
2022-04-08-MND-S10,2022MND,session_end_funding_awareness,1.0
2022-04-08-MND-S2,2022MND,session_end_funding_awareness,1.0
2022-04-08-MND-S3,2022MND,session_end_funding_awareness,1.0
2022-04-08-MND-S8,2022MND,session_end_funding_awareness,1.0
2020_11_05_NES_S4,2020NES,session_end_interruption_quality_ratio,666666.6666666666
2020_11_05_NES_S5,2020NES,session_end_interruption_quality_ratio,750000.0
2020_11_06_NES_S6,2020NES,session_end_interruption_quality_ratio,1666666.6666666667
2021-05-21-ABI-S15,2021ABI,session_end_interruption_quality_ratio,1000000.0
2021-05-21-ABI-S2,2021ABI,session_end_interruption_quality_ratio,1000000.0
2021-10-07-CMC-S1,2021CMC,session_end_interruption_quality_ratio,1000000.0
2021-10-07-CMC-S7,2021CMC,session_end_interruption_quality_ratio,1000000.0
2021-10-08-CMC-S1,2021CMC,session_end_interruption_quality_ratio,2000000.0
2021-10-08-CMC-S10,2021CMC,session_end_interruption_quality_ratio,2000000.0
2021-10-08-CMC-S11,2021CMC,session_end_interruption_quality_ratio,1000000.0
2021-10-08-CMC-S12,2021CMC,session_end_interruption_quality_ratio,1000000.0
2021-10-08-CMC-S13,2021CMC,session_end_interruption_quality_ratio,1000000.0
2021-10-08-CMC-S14,2021CMC,session_end_interruption_quality_ratio,1000000.0
2021-10-08-CMC-S3,2021CMC,session_end_interruption_quality_ratio,1000000.0
2021-10-08-CMC-S5,2021CMC,session_end_interruption_quality_ratio,4000000.0
2021-10-08-CMC-S8,2021CMC,session_end_interruption_quality_ratio,2000000.0
2021_04_23_MND_S10,2021MND,session_end_interruption_quality_ratio,1000000.0
2021_04_23_MND_S5,2021MND,session_end_interruption_quality_ratio,1000000.0
2021_09_30_MZT_S1,2021MZT,session_end_interruption_quality_ratio,2000000.0
2021_09_30_MZT_S2,2021MZT,session_end_interruption_quality_ratio,2000000.0
2021_09_30_MZT_S3,2021MZT,session_end_interruption_quality_ratio,2000000.0
2021_10_01_MZT_S10,2021MZT,session_end_interruption_quality_ratio,1000000.0
2021_10_01_MZT_S11,2021MZT,session_end_interruption_quality_ratio,2000000.0
2021_10_01_MZT_S6,2021MZT,session_end_interruption_quality_ratio,1000000.0
2021_10_01_MZT_S7,2021MZT,session_end_interruption_quality_ratio,2000000.0
2021-11-04-NES-S4,2021NES,session_end_interruption_quality_ratio,3000000.0
2021-11-05-NES-S10,2021NES,session_end_interruption_quality_ratio,1000000.0
2021-11-05-NES-S7,2021NES,session_end_interruption_quality_ratio,4000000.0
2021-11-05-NES-S9,2021NES,session_end_interruption_quality_ratio,1000000.0
2021_06_11_SLU_S6,2021SLU,session_end_interruption_quality_ratio,3000000.0
2022-04-07-MND-S2,2022MND,session_end_interruption_quality_ratio,2000000.0
2022-04-07-MND-S3,2022MND,session_end_interruption_quality_ratio,1000000.0
2022-04-07-MND-S4,2022MND,session_end_interruption_quality_ratio,1000000.0
2022-04-08-MND-S10,2022MND,session_end_interruption_quality_ratio,1000000.0
2022-04-08-MND-S11,2022MND,session_end_interruption_quality_ratio,1000000.0
2022-04-08-MND-S2,2022MND,session_end_interruption_quality_ratio,1000000.0
2022-04-08-MND-S3,2022MND,session_end_interruption_quality_ratio,4000000.0
2022-04-08-MND-S7,2022MND,session_end_interruption_quality_ratio,2000000.0
2020_11_05_NES_S1,2020NES,session_end_is_divergent,0.5
2020_11_05_NES_S3,2020NES,session_end_is_divergent,0.5
2020_11_05_NES_S4,2020NES,session_end_is_divergent,0.3333333333333333
2020_11_05_NES_S5,2020NES,session_end_is_divergent,0.5
2020_11_05_NES_S6,2020NES,session_end_is_divergent,0.5
2020_11_06_NES_S1,2020NES,session_end_is_divergent,0.5
2020_11_06_NES_S10,2020NES,session_end_is_divergent,0.4
2020_11_06_NES_S12,2020NES,session_end_is_divergent,0.6666666666666666
2020_11_06_NES_S4,2020NES,session_end_is_divergent,0.5
2020_11_06_NES_S6,2020NES,session_end_is_divergent,0.6666666666666666
2021-05-21-ABI-S13,2021ABI,session_end_is_divergent,1.0
2021-05-21-ABI-S7,2021ABI,session_end_is_divergent,1.0
2021-05-21-ABI-S8,2021ABI,session_end_is_divergent,1.0
2021-10-07-CMC-S7,2021CMC,session_end_is_divergent,1.0
2021_04_22_MND_S1,2021MND,session_end_is_divergent,1.0
2021_04_22_MND_S2,2021MND,session_end_is_divergent,1.0
2021_04_22_MND_S6,2021MND,session_end_is_divergent,1.0
2021_04_23_MND_S16,2021MND,session_end_is_divergent,1.0
2021_04_23_MND_S3,2021MND,session_end_is_divergent,1.0
2021_04_23_MND_S4,2021MND,session_end_is_divergent,1.0
2021_09_30_MZT_S1,2021MZT,session_end_is_divergent,1.0
2021_10_01_MZT_S1,2021MZT,session_end_is_divergent,1.0
2021_10_01_MZT_S10,2021MZT,session_end_is_divergent,1.0
2021_10_01_MZT_S9,2021MZT,session_end_is_divergent,1.0
2021-11-05-NES-S12,2021NES,session_end_is_divergent,1.0
2021_06_11_SLU_S12,2021SLU,session_end_is_divergent,1.0
2021_06_11_SLU_S6,2021SLU,session_end_is_divergent,1.0
2022-04-07-MND-S3,2022MND,session_end_is_divergent,1.0
2022-04-08-MND-S1,2022MND,session_end_is_divergent,1.0
2022-04-08-MND-S3,2022MND,session_end_is_divergent,1.0
2021-05-20-ABI-S8,2021ABI,session_end_laughter_appreciative,1.0
2021-05-21-ABI-S15,2021ABI,session_end_laughter_appreciative,1.0
2021-05-21-ABI-S16,2021ABI,session_end_laughter_appreciative,1.0
2021-05-21-ABI-S2,2021ABI,session_end_laughter_appreciative,1.0
2021-05-21-ABI-S8,2021ABI,session_end_laughter_appreciative,1.0
2021-10-07-CMC-S4,2021CMC,session_end_laughter_appreciative,1.0
2021-10-08-CMC-S12,2021CMC,session_end_laughter_appreciative,1.0
2021-10-08-CMC-S13,2021CMC,session_end_laughter_appreciative,1.0
2021-10-08-CMC-S2,2021CMC,session_end_laughter_appreciative,1.0
2021_04_22_MND_S1,2021MND,session_end_laughter_appreciative,1.0
2021_04_23_MND_S10,2021MND,session_end_laughter_appreciative,1.0
2021_04_23_MND_S2,2021MND,session_end_laughter_appreciative,1.0
2021_06_11_SLU_S6,2021SLU,session_end_laughter_appreciative,1.0
2021_09_30_MZT_S2,2021MZT,session_end_laughter_tension_release,1.0
2021_09_30_MZT_S7,2021MZT,session_end_laughter_tension_release,1.0
2021_10_01_MZT_S7,2021MZT,session_end_laughter_tension_release,1.0
2020_11_06_NES_S1,2020NES,session_end_mean_idea_quality_Knowledge_Sharing,0.5
2021-05-21-ABI-S11,2021ABI,session_end_mean_idea_quality_Knowledge_Sharing,0.0
2021-05-21-ABI-S16,2021ABI,session_end_mean_idea_quality_Knowledge_Sharing,2.0
2021_04_23_MND_S7,2021MND,session_end_mean_idea_quality_Knowledge_Sharing,2.0
2021_10_01_MZT_S10,2021MZT,session_end_mean_idea_quality_Knowledge_Sharing,0.4666666666666667
2021_10_01_MZT_S4,2021MZT,session_end_mean_idea_quality_Knowledge_Sharing,2.0
2021-11-04-NES-S3,2021NES,session_end_mean_idea_quality_Knowledge_Sharing,0.0
2021-11-05-NES-S2,2021NES,session_end_mean_idea_quality_Knowledge_Sharing,0.0
2021_06_10_SLU_S1,2021SLU,session_end_mean_idea_quality_Knowledge_Sharing,2.0
2021_06_11_SLU_S13,2021SLU,session_end_mean_idea_quality_Knowledge_Sharing,2.0
2022-04-08-MND-S11,2022MND,session_end_mean_idea_quality_Knowledge_Sharing,0.0
2021-05-21-ABI-S14,2021ABI,session_end_mean_nod_rate,2.1578947368421053
2021-05-21-ABI-S15,2021ABI,session_end_mean_nod_rate,2.3333333333333335
2021-05-21-ABI-S2,2021ABI,session_end_mean_nod_rate,2.590909090909091
2021-10-08-CMC-S2,2021CMC,session_end_mean_nod_rate,2.0
2021_04_22_MND_S7,2021MND,session_end_mean_nod_rate,3.0
2021_06_11_SLU_S3,2021SLU,session_end_mean_nod_rate,2.0
2021-05-21-ABI-S11,2021ABI,session_end_mean_quality_score,0.0
2021-05-21-ABI-S16,2021ABI,session_end_mean_vocal_enthusiasm,2.5833333333333335
2021-10-07-CMC-S2,2021CMC,session_end_mean_vocal_enthusiasm,1.0
2021-10-08-CMC-S12,2021CMC,session_end_mean_vocal_enthusiasm,2.7222222222222223
2021-10-08-CMC-S4,2021CMC,session_end_mean_vocal_enthusiasm,2.761904761904762
2021-10-08-CMC-S6,2021CMC,session_end_mean_vocal_enthusiasm,2.642857142857143
2021_04_22_MND_S7,2021MND,session_end_mean_vocal_enthusiasm,2.9696969696969697
2021_06_10_SLU_S4,2021SLU,session_end_mean_vocal_enthusiasm,2.608695652173913
2021_06_11_SLU_S9,2021SLU,session_end_mean_vocal_enthusiasm,1.0
2020_11_05_NES_S2,2020NES,session_end_num_Broader_Significance,2.0
2020_11_05_NES_S4,2020NES,session_end_num_Broader_Significance,0.16666666666666666
2020_11_05_NES_S5,2020NES,session_end_num_Broader_Significance,0.25
2020_11_05_NES_S6,2020NES,session_end_num_Broader_Significance,0.16666666666666666
2020_11_06_NES_S1,2020NES,session_end_num_Broader_Significance,0.5
2020_11_06_NES_S10,2020NES,session_end_num_Broader_Significance,0.8
2020_11_06_NES_S12,2020NES,session_end_num_Broader_Significance,0.6666666666666666
2020_11_06_NES_S4,2020NES,session_end_num_Broader_Significance,1.0
2021-10-07-CMC-S1,2021CMC,session_end_num_Broader_Significance,1.0
2021_10_01_MZT_S10,2021MZT,session_end_num_Broader_Significance,1.0
2021_10_01_MZT_S11,2021MZT,session_end_num_Broader_Significance,1.0
2021_10_01_MZT_S12,2021MZT,session_end_num_Broader_Significance,1.0
2021_10_01_MZT_S13,2021MZT,session_end_num_Broader_Significance,1.0
2021-11-04-NES-S3,2021NES,session_end_num_Broader_Significance,1.0
2021-11-05-NES-S12,2021NES,session_end_num_Broader_Significance,3.0
2021-11-05-NES-S7,2021NES,session_end_num_Broader_Significance,1.0
2021-11-05-NES-S9,2021NES,session_end_num_Broader_Significance,1.0
2021_06_10_SLU_S5,2021SLU,session_end_num_Broader_Significance,1.0
2022-04-07-MND-S1,2022MND,session_end_num_Broader_Significance,1.0
2022-04-07-MND-S4,2022MND,session_end_num_Broader_Significance,9.0
2022-04-08-MND-S2,2022MND,session_end_num_Broader_Significance,1.0
2022-04-08-MND-S3,2022MND,session_end_num_Broader_Significance,2.0
2022-04-08-MND-S8,2022MND,session_end_num_Broader_Significance,1.0
2020_11_05_NES_S4,2020NES,session_end_num_Complementarity_Articulation,0.16666666666666666
2020_11_05_NES_S5,2020NES,session_end_num_Complementarity_Articulation,0.5
2020_11_05_NES_S6,2020NES,session_end_num_Complementarity_Articulation,0.16666666666666666
2020_11_06_NES_S4,2020NES,session_end_num_Complementarity_Articulation,0.5
2021-05-21-ABI-S8,2021ABI,session_end_num_Complementarity_Articulation,1.0
2021-10-08-CMC-S12,2021CMC,session_end_num_Complementarity_Articulation,1.0
2021-10-08-CMC-S13,2021CMC,session_end_num_Complementarity_Articulation,1.0
2021_10_01_MZT_S12,2021MZT,session_end_num_Complementarity_Articulation,2.0
2021_06_10_SLU_S5,2021SLU,session_end_num_Complementarity_Articulation,1.0
2022-04-08-MND-S11,2022MND,session_end_num_Complementarity_Articulation,1.0
2022-04-08-MND-S8,2022MND,session_end_num_Complementarity_Articulation,1.0
2021_10_01_MZT_S11,2021MZT,session_end_num_Coordination_Decision,15.0
2020_11_05_NES_S2,2020NES,session_end_num_Epistemic_Bridging,1.0
2020_11_05_NES_S6,2020NES,session_end_num_Epistemic_Bridging,0.5
2020_11_06_NES_S3,2020NES,session_end_num_Epistemic_Bridging,1.0
2020_11_06_NES_S6,2020NES,session_end_num_Epistemic_Bridging,0.6666666666666666
2021-05-21-ABI-S2,2021ABI,session_end_num_Epistemic_Bridging,2.0
2021-05-21-ABI-S8,2021ABI,session_end_num_Epistemic_Bridging,2.0
2021-10-08-CMC-S12,2021CMC,session_end_num_Epistemic_Bridging,1.0
2021-10-08-CMC-S2,2021CMC,session_end_num_Epistemic_Bridging,1.0
2021_04_22_MND_S1,2021MND,session_end_num_Epistemic_Bridging,1.0
2021_04_22_MND_S7,2021MND,session_end_num_Epistemic_Bridging,1.0
2021_09_30_MZT_S2,2021MZT,session_end_num_Epistemic_Bridging,1.0
2021_09_30_MZT_S3,2021MZT,session_end_num_Epistemic_Bridging,1.0
2021_09_30_MZT_S7,2021MZT,session_end_num_Epistemic_Bridging,1.0
2021_10_01_MZT_S11,2021MZT,session_end_num_Epistemic_Bridging,1.0
2021_10_01_MZT_S12,2021MZT,session_end_num_Epistemic_Bridging,1.0
2021_10_01_MZT_S13,2021MZT,session_end_num_Epistemic_Bridging,1.0
2021_10_01_MZT_S6,2021MZT,session_end_num_Epistemic_Bridging,1.0
2021_10_01_MZT_S7,2021MZT,session_end_num_Epistemic_Bridging,3.0
2021-11-04-NES-S4,2021NES,session_end_num_Epistemic_Bridging,3.0
2021_06_10_SLU_S5,2021SLU,session_end_num_Epistemic_Bridging,1.0
2021_06_11_SLU_S4,2021SLU,session_end_num_Epistemic_Bridging,1.0
2021_06_11_SLU_S7,2021SLU,session_end_num_Epistemic_Bridging,1.0
2021_06_11_SLU_S8,2021SLU,session_end_num_Epistemic_Bridging,1.0
2021-10-08-CMC-S10,2021CMC,session_end_num_Evaluation_Practices,11.0
2020_11_05_NES_S3,2020NES,session_end_num_Future_Oriented_Language,1.0
2020_11_05_NES_S5,2020NES,session_end_num_Future_Oriented_Language,1.0
2020_11_06_NES_S10,2020NES,session_end_num_Future_Oriented_Language,0.2
2020_11_06_NES_S12,2020NES,session_end_num_Future_Oriented_Language,0.3333333333333333
2021-05-21-ABI-S2,2021ABI,session_end_num_Future_Oriented_Language,1.0
2021-10-07-CMC-S1,2021CMC,session_end_num_Future_Oriented_Language,1.0
2021-10-08-CMC-S1,2021CMC,session_end_num_Future_Oriented_Language,1.0
2021_04_23_MND_S14,2021MND,session_end_num_Future_Oriented_Language,1.0
2021_10_01_MZT_S12,2021MZT,session_end_num_Future_Oriented_Language,2.0
2021_10_01_MZT_S6,2021MZT,session_end_num_Future_Oriented_Language,1.0
2021-11-04-NES-S2,2021NES,session_end_num_Future_Oriented_Language,1.0
2021-11-04-NES-S5,2021NES,session_end_num_Future_Oriented_Language,1.0
2021-11-04-NES-S6,2021NES,session_end_num_Future_Oriented_Language,1.0
2021-11-05-NES-S11,2021NES,session_end_num_Future_Oriented_Language,2.0
2021-11-05-NES-S12,2021NES,session_end_num_Future_Oriented_Language,1.0
2021-11-05-NES-S4,2021NES,session_end_num_Future_Oriented_Language,1.0
2021_06_10_SLU_S1,2021SLU,session_end_num_Future_Oriented_Language,1.0
2021_06_10_SLU_S7,2021SLU,session_end_num_Future_Oriented_Language,1.0
2021_06_11_SLU_S8,2021SLU,session_end_num_Future_Oriented_Language,2.0
2022-04-08-MND-S10,2022MND,session_end_num_Future_Oriented_Language,2.0
2021_04_23_MND_S2,2021MND,session_end_num_Idea_Management,8.0
2021_06_11_SLU_S6,2021SLU,session_end_num_Idea_Management,10.0
2022-04-08-MND-S3,2022MND,session_end_num_Idea_Management,16.0
2021_10_01_MZT_S12,2021MZT,session_end_num_Idea_Novelty_Signal,1.0
2021_06_11_SLU_S4,2021SLU,session_end_num_Idea_Novelty_Signal,2.0
2020_11_06_NES_S10,2020NES,session_end_num_Idea_Ownership_Attribution,0.2
2020_11_06_NES_S12,2020NES,session_end_num_Idea_Ownership_Attribution,0.3333333333333333
2020_11_06_NES_S4,2020NES,session_end_num_Idea_Ownership_Attribution,0.5
2021-10-08-CMC-S3,2021CMC,session_end_num_Idea_Ownership_Attribution,1.0
2021-10-08-CMC-S5,2021CMC,session_end_num_Idea_Ownership_Attribution,1.0
2021_04_23_MND_S15,2021MND,session_end_num_Idea_Ownership_Attribution,2.0
2021_09_30_MZT_S5,2021MZT,session_end_num_Idea_Ownership_Attribution,1.0
2021_09_30_MZT_S6,2021MZT,session_end_num_Idea_Ownership_Attribution,1.0
2021_09_30_MZT_S7,2021MZT,session_end_num_Idea_Ownership_Attribution,1.0
2021_10_01_MZT_S6,2021MZT,session_end_num_Idea_Ownership_Attribution,1.0
2021_10_01_MZT_S8,2021MZT,session_end_num_Idea_Ownership_Attribution,1.0
2021-11-04-NES-S4,2021NES,session_end_num_Idea_Ownership_Attribution,1.0
2021_06_11_SLU_S12,2021SLU,session_end_num_Idea_Ownership_Attribution,1.0
2021_06_11_SLU_S4,2021SLU,session_end_num_Idea_Ownership_Attribution,1.0
2022-04-08-MND-S4,2022MND,session_end_num_Idea_Ownership_Attribution,1.0
2021_10_01_MZT_S10,2021MZT,session_end_num_Information_Seeking,6.0
2021_10_01_MZT_S9,2021MZT,session_end_num_Information_Seeking,6.0
2021-10-08-CMC-S1,2021CMC,session_end_num_Integration_Practices,9.0
2021_09_30_MZT_S2,2021MZT,session_end_num_Integration_Practices,6.0
2021_09_30_MZT_S5,2021MZT,session_end_num_Integration_Practices,7.0
2021_10_01_MZT_S11,2021MZT,session_end_num_Integration_Practices,7.0
2021_10_01_MZT_S8,2021MZT,session_end_num_Integration_Practices,7.0
2021-11-04-NES-S4,2021NES,session_end_num_Integration_Practices,12.0
2021_06_10_SLU_S4,2021SLU,session_end_num_Integration_Practices,6.0
2021_06_11_SLU_S4,2021SLU,session_end_num_Integration_Practices,7.0
2022-04-07-MND-S2,2022MND,session_end_num_Integration_Practices,7.0
2021_04_23_MND_S1,2021MND,session_end_num_Knowledge_Sharing,13.0
2021_04_23_MND_S16,2021MND,session_end_num_Knowledge_Sharing,11.0
2021_04_23_MND_S9,2021MND,session_end_num_Knowledge_Sharing,11.0
2021_10_01_MZT_S10,2021MZT,session_end_num_Knowledge_Sharing,15.0
2020_11_05_NES_S3,2020NES,session_end_num_Participation_Dynamics,3.0
2020_11_05_NES_S5,2020NES,session_end_num_Participation_Dynamics,3.5
2020_11_05_NES_S6,2020NES,session_end_num_Participation_Dynamics,3.1666666666666665
2020_11_06_NES_S10,2020NES,session_end_num_Participation_Dynamics,2.6
2020_11_06_NES_S4,2020NES,session_end_num_Participation_Dynamics,3.5
2021-05-21-ABI-S2,2021ABI,session_end_num_Participation_Dynamics,5.0
2021_04_23_MND_S1,2021MND,session_end_num_Participation_Dynamics,9.0
2021_04_23_MND_S11,2021MND,session_end_num_Participation_Dynamics,3.0
2021_04_23_MND_S14,2021MND,session_end_num_Participation_Dynamics,4.0
2021_04_23_MND_S15,2021MND,session_end_num_Participation_Dynamics,3.0
2021_04_23_MND_S8,2021MND,session_end_num_Participation_Dynamics,6.0
2021_04_23_MND_S9,2021MND,session_end_num_Participation_Dynamics,3.0
2021_09_30_MZT_S1,2021MZT,session_end_num_Participation_Dynamics,3.0
2021_09_30_MZT_S5,2021MZT,session_end_num_Participation_Dynamics,5.0
2021_10_01_MZT_S3,2021MZT,session_end_num_Participation_Dynamics,3.0
2021_10_01_MZT_S5,2021MZT,session_end_num_Participation_Dynamics,3.0
2021-11-04-NES-S3,2021NES,session_end_num_Participation_Dynamics,3.0
2021-11-04-NES-S6,2021NES,session_end_num_Participation_Dynamics,4.0
2021-11-05-NES-S10,2021NES,session_end_num_Participation_Dynamics,3.0
2021_06_10_SLU_S1,2021SLU,session_end_num_Participation_Dynamics,3.0
2021_06_11_SLU_S4,2021SLU,session_end_num_Participation_Dynamics,7.0
2021_06_11_SLU_S8,2021SLU,session_end_num_Participation_Dynamics,4.0
2022-04-07-MND-S2,2022MND,session_end_num_Pronoun_Framing,30.0
2022-04-08-MND-S3,2022MND,session_end_num_Pronoun_Framing,28.0
2021-10-07-CMC-S1,2021CMC,session_end_num_Relational_Climate,13.0
2021-10-07-CMC-S4,2021CMC,session_end_num_Relational_Climate,14.0
2021_04_23_MND_S6,2021MND,session_end_num_Relational_Climate,14.0
2020_11_05_NES_S2,2020NES,session_end_num_Role_Anticipation,2.0
2020_11_05_NES_S4,2020NES,session_end_num_Role_Anticipation,0.3333333333333333
2020_11_05_NES_S5,2020NES,session_end_num_Role_Anticipation,1.0
2021-10-07-CMC-S1,2021CMC,session_end_num_Role_Anticipation,2.0
2021_10_01_MZT_S12,2021MZT,session_end_num_Role_Anticipation,3.0
2021-11-04-NES-S2,2021NES,session_end_num_Role_Anticipation,5.0
2021-11-04-NES-S3,2021NES,session_end_num_Role_Anticipation,1.0
2021-11-04-NES-S4,2021NES,session_end_num_Role_Anticipation,1.0
2021-11-05-NES-S2,2021NES,session_end_num_Role_Anticipation,2.0
2021_06_10_SLU_S1,2021SLU,session_end_num_Role_Anticipation,1.0
2021_06_11_SLU_S2,2021SLU,session_end_num_Role_Anticipation,1.0
2022-04-07-MND-S2,2022MND,session_end_num_Role_Anticipation,2.0
2022-04-08-MND-S9,2022MND,session_end_num_Role_Anticipation,1.0
2020_11_05_NES_S2,2020NES,session_end_num_broader_significance,2.0
2020_11_05_NES_S4,2020NES,session_end_num_broader_significance,0.16666666666666666
2020_11_05_NES_S5,2020NES,session_end_num_broader_significance,0.25
2020_11_05_NES_S6,2020NES,session_end_num_broader_significance,0.16666666666666666
2020_11_06_NES_S1,2020NES,session_end_num_broader_significance,0.5
2020_11_06_NES_S10,2020NES,session_end_num_broader_significance,0.8
2020_11_06_NES_S12,2020NES,session_end_num_broader_significance,0.6666666666666666
2020_11_06_NES_S4,2020NES,session_end_num_broader_significance,1.0
2021-10-07-CMC-S1,2021CMC,session_end_num_broader_significance,1.0
2021_10_01_MZT_S10,2021MZT,session_end_num_broader_significance,1.0
2021_10_01_MZT_S11,2021MZT,session_end_num_broader_significance,1.0
2021_10_01_MZT_S12,2021MZT,session_end_num_broader_significance,1.0
2021_10_01_MZT_S13,2021MZT,session_end_num_broader_significance,1.0
2021-11-04-NES-S3,2021NES,session_end_num_broader_significance,1.0
2021-11-05-NES-S12,2021NES,session_end_num_broader_significance,3.0
2021-11-05-NES-S7,2021NES,session_end_num_broader_significance,1.0
2021-11-05-NES-S9,2021NES,session_end_num_broader_significance,1.0
2021_06_10_SLU_S5,2021SLU,session_end_num_broader_significance,1.0
2022-04-07-MND-S1,2022MND,session_end_num_broader_significance,1.0
2022-04-07-MND-S4,2022MND,session_end_num_broader_significance,9.0
2022-04-08-MND-S2,2022MND,session_end_num_broader_significance,1.0
2022-04-08-MND-S3,2022MND,session_end_num_broader_significance,2.0
2022-04-08-MND-S8,2022MND,session_end_num_broader_significance,1.0
2020_11_05_NES_S5,2020NES,session_end_num_collaborative_completions,0.5
2020_11_05_NES_S6,2020NES,session_end_num_collaborative_completions,0.16666666666666666
2020_11_06_NES_S4,2020NES,session_end_num_collaborative_completions,0.5
2020_11_06_NES_S6,2020NES,session_end_num_collaborative_completions,0.6666666666666666
2021-05-21-ABI-S15,2021ABI,session_end_num_collaborative_completions,1.0
2021-10-07-CMC-S1,2021CMC,session_end_num_collaborative_completions,1.0
2021-10-07-CMC-S7,2021CMC,session_end_num_collaborative_completions,1.0
2021-10-08-CMC-S10,2021CMC,session_end_num_collaborative_completions,2.0
2021-10-08-CMC-S11,2021CMC,session_end_num_collaborative_completions,1.0
2021-10-08-CMC-S5,2021CMC,session_end_num_collaborative_completions,2.0
2021_04_23_MND_S10,2021MND,session_end_num_collaborative_completions,1.0
2021_04_23_MND_S5,2021MND,session_end_num_collaborative_completions,1.0
2021_09_30_MZT_S1,2021MZT,session_end_num_collaborative_completions,1.0
2021_09_30_MZT_S2,2021MZT,session_end_num_collaborative_completions,1.0
2021_09_30_MZT_S3,2021MZT,session_end_num_collaborative_completions,2.0
2021_10_01_MZT_S7,2021MZT,session_end_num_collaborative_completions,1.0
2021-11-04-NES-S4,2021NES,session_end_num_collaborative_completions,1.0
2021-11-05-NES-S7,2021NES,session_end_num_collaborative_completions,2.0
2021-11-05-NES-S9,2021NES,session_end_num_collaborative_completions,1.0
2021_06_11_SLU_S6,2021SLU,session_end_num_collaborative_completions,1.0
2021_06_11_SLU_S8,2021SLU,session_end_num_collaborative_completions,1.0
2022-04-07-MND-S2,2022MND,session_end_num_collaborative_completions,1.0
2022-04-07-MND-S3,2022MND,session_end_num_collaborative_completions,1.0
2022-04-08-MND-S10,2022MND,session_end_num_collaborative_completions,1.0
2022-04-08-MND-S11,2022MND,session_end_num_collaborative_completions,1.0
2022-04-08-MND-S2,2022MND,session_end_num_collaborative_completions,1.0
2022-04-08-MND-S3,2022MND,session_end_num_collaborative_completions,3.0
2020_11_05_NES_S3,2020NES,session_end_num_competitive_interruptions,0.5
2020_11_06_NES_S10,2020NES,session_end_num_competitive_interruptions,0.2
2021-11-04-NES-S3,2021NES,session_end_num_competitive_interruptions,1.0
2021_06_11_SLU_S1,2021SLU,session_end_num_competitive_interruptions,1.0
2021_06_11_SLU_S11,2021SLU,session_end_num_competitive_interruptions,1.0
2021_06_11_SLU_S4,2021SLU,session_end_num_competitive_interruptions,1.0
2021_06_11_SLU_S8,2021SLU,session_end_num_competitive_interruptions,1.0
2020_11_05_NES_S4,2020NES,session_end_num_complementarity,0.16666666666666666
2020_11_05_NES_S5,2020NES,session_end_num_complementarity,0.5
2020_11_05_NES_S6,2020NES,session_end_num_complementarity,0.16666666666666666
2020_11_06_NES_S4,2020NES,session_end_num_complementarity,0.5
2021-05-21-ABI-S8,2021ABI,session_end_num_complementarity,1.0
2021-10-08-CMC-S12,2021CMC,session_end_num_complementarity,1.0
2021-10-08-CMC-S13,2021CMC,session_end_num_complementarity,1.0
2021_10_01_MZT_S12,2021MZT,session_end_num_complementarity,2.0
2021_06_10_SLU_S5,2021SLU,session_end_num_complementarity,1.0
2022-04-08-MND-S11,2022MND,session_end_num_complementarity,1.0
2022-04-08-MND-S8,2022MND,session_end_num_complementarity,1.0
2020_11_05_NES_S3,2020NES,session_end_num_elaborative_jumps,0.5
2020_11_05_NES_S4,2020NES,session_end_num_elaborative_jumps,0.6666666666666666
2020_11_05_NES_S5,2020NES,session_end_num_elaborative_jumps,0.25
2020_11_06_NES_S1,2020NES,session_end_num_elaborative_jumps,0.25
2020_11_06_NES_S10,2020NES,session_end_num_elaborative_jumps,0.6
2020_11_06_NES_S6,2020NES,session_end_num_elaborative_jumps,1.0
2021-05-21-ABI-S2,2021ABI,session_end_num_elaborative_jumps,1.0
2021-10-08-CMC-S1,2021CMC,session_end_num_elaborative_jumps,2.0
2021-10-08-CMC-S12,2021CMC,session_end_num_elaborative_jumps,1.0
2021-10-08-CMC-S13,2021CMC,session_end_num_elaborative_jumps,1.0
2021-10-08-CMC-S14,2021CMC,session_end_num_elaborative_jumps,1.0
2021-10-08-CMC-S3,2021CMC,session_end_num_elaborative_jumps,1.0
2021-10-08-CMC-S5,2021CMC,session_end_num_elaborative_jumps,2.0
2021-10-08-CMC-S8,2021CMC,session_end_num_elaborative_jumps,2.0
2021_09_30_MZT_S1,2021MZT,session_end_num_elaborative_jumps,1.0
2021_09_30_MZT_S2,2021MZT,session_end_num_elaborative_jumps,1.0
2021_10_01_MZT_S10,2021MZT,session_end_num_elaborative_jumps,1.0
2021_10_01_MZT_S11,2021MZT,session_end_num_elaborative_jumps,2.0
2021_10_01_MZT_S6,2021MZT,session_end_num_elaborative_jumps,1.0
2021_10_01_MZT_S7,2021MZT,session_end_num_elaborative_jumps,1.0
2021-11-04-NES-S4,2021NES,session_end_num_elaborative_jumps,2.0
2021-11-05-NES-S10,2021NES,session_end_num_elaborative_jumps,1.0
2021-11-05-NES-S7,2021NES,session_end_num_elaborative_jumps,2.0
2021_06_11_SLU_S4,2021SLU,session_end_num_elaborative_jumps,2.0
2021_06_11_SLU_S6,2021SLU,session_end_num_elaborative_jumps,2.0
2022-04-07-MND-S2,2022MND,session_end_num_elaborative_jumps,1.0
2022-04-07-MND-S4,2022MND,session_end_num_elaborative_jumps,1.0
2022-04-08-MND-S3,2022MND,session_end_num_elaborative_jumps,1.0
2022-04-08-MND-S7,2022MND,session_end_num_elaborative_jumps,2.0
2020_11_05_NES_S2,2020NES,session_end_num_epistemic_bridging,1.0
2020_11_05_NES_S6,2020NES,session_end_num_epistemic_bridging,0.5
2020_11_06_NES_S3,2020NES,session_end_num_epistemic_bridging,1.0
2020_11_06_NES_S6,2020NES,session_end_num_epistemic_bridging,0.6666666666666666
2021-05-21-ABI-S2,2021ABI,session_end_num_epistemic_bridging,2.0
2021-05-21-ABI-S8,2021ABI,session_end_num_epistemic_bridging,2.0
2021-10-08-CMC-S12,2021CMC,session_end_num_epistemic_bridging,1.0
2021-10-08-CMC-S2,2021CMC,session_end_num_epistemic_bridging,1.0
2021_04_22_MND_S1,2021MND,session_end_num_epistemic_bridging,1.0
2021_04_22_MND_S7,2021MND,session_end_num_epistemic_bridging,1.0
2021_09_30_MZT_S2,2021MZT,session_end_num_epistemic_bridging,1.0
2021_09_30_MZT_S3,2021MZT,session_end_num_epistemic_bridging,1.0
2021_09_30_MZT_S7,2021MZT,session_end_num_epistemic_bridging,1.0
2021_10_01_MZT_S11,2021MZT,session_end_num_epistemic_bridging,1.0
2021_10_01_MZT_S12,2021MZT,session_end_num_epistemic_bridging,1.0
2021_10_01_MZT_S13,2021MZT,session_end_num_epistemic_bridging,1.0
2021_10_01_MZT_S6,2021MZT,session_end_num_epistemic_bridging,1.0
2021_10_01_MZT_S7,2021MZT,session_end_num_epistemic_bridging,3.0
2021-11-04-NES-S4,2021NES,session_end_num_epistemic_bridging,3.0
2021_06_10_SLU_S5,2021SLU,session_end_num_epistemic_bridging,1.0
2021_06_11_SLU_S4,2021SLU,session_end_num_epistemic_bridging,1.0
2021_06_11_SLU_S7,2021SLU,session_end_num_epistemic_bridging,1.0
2021_06_11_SLU_S8,2021SLU,session_end_num_epistemic_bridging,1.0
2020_11_05_NES_S3,2020NES,session_end_num_future_oriented,1.0
2020_11_05_NES_S5,2020NES,session_end_num_future_oriented,1.0
2020_11_06_NES_S10,2020NES,session_end_num_future_oriented,0.2
2020_11_06_NES_S12,2020NES,session_end_num_future_oriented,0.3333333333333333
2021-05-21-ABI-S2,2021ABI,session_end_num_future_oriented,1.0
2021-10-07-CMC-S1,2021CMC,session_end_num_future_oriented,1.0
2021-10-08-CMC-S1,2021CMC,session_end_num_future_oriented,1.0
2021_04_23_MND_S14,2021MND,session_end_num_future_oriented,1.0
2021_10_01_MZT_S12,2021MZT,session_end_num_future_oriented,2.0
2021_10_01_MZT_S6,2021MZT,session_end_num_future_oriented,1.0
2021-11-04-NES-S2,2021NES,session_end_num_future_oriented,1.0
2021-11-04-NES-S5,2021NES,session_end_num_future_oriented,1.0
2021-11-04-NES-S6,2021NES,session_end_num_future_oriented,1.0
2021-11-05-NES-S11,2021NES,session_end_num_future_oriented,2.0
2021-11-05-NES-S12,2021NES,session_end_num_future_oriented,1.0
2021-11-05-NES-S4,2021NES,session_end_num_future_oriented,1.0
2021_06_10_SLU_S1,2021SLU,session_end_num_future_oriented,1.0
2021_06_10_SLU_S7,2021SLU,session_end_num_future_oriented,1.0
2021_06_11_SLU_S8,2021SLU,session_end_num_future_oriented,2.0
2022-04-08-MND-S10,2022MND,session_end_num_future_oriented,2.0
2020_11_06_NES_S10,2020NES,session_end_num_idea_attribution,0.2
2020_11_06_NES_S12,2020NES,session_end_num_idea_attribution,0.3333333333333333
2020_11_06_NES_S4,2020NES,session_end_num_idea_attribution,0.5
2021-10-08-CMC-S3,2021CMC,session_end_num_idea_attribution,1.0
2021-10-08-CMC-S5,2021CMC,session_end_num_idea_attribution,1.0
2021_04_23_MND_S15,2021MND,session_end_num_idea_attribution,2.0
2021_09_30_MZT_S5,2021MZT,session_end_num_idea_attribution,1.0
2021_09_30_MZT_S6,2021MZT,session_end_num_idea_attribution,1.0
2021_09_30_MZT_S7,2021MZT,session_end_num_idea_attribution,1.0
2021_10_01_MZT_S6,2021MZT,session_end_num_idea_attribution,1.0
2021_10_01_MZT_S8,2021MZT,session_end_num_idea_attribution,1.0
2021-11-04-NES-S4,2021NES,session_end_num_idea_attribution,1.0
2021_06_11_SLU_S12,2021SLU,session_end_num_idea_attribution,1.0
2021_06_11_SLU_S4,2021SLU,session_end_num_idea_attribution,1.0
2022-04-08-MND-S4,2022MND,session_end_num_idea_attribution,1.0
2020_11_05_NES_S3,2020NES,session_end_num_individual_framing,5.5
2020_11_06_NES_S3,2020NES,session_end_num_individual_framing,9.0
2020_11_06_NES_S6,2020NES,session_end_num_individual_framing,8.333333333333334
2021-10-08-CMC-S10,2021CMC,session_end_num_individual_framing,6.0
2021_04_23_MND_S1,2021MND,session_end_num_individual_framing,11.0
2021_04_23_MND_S16,2021MND,session_end_num_individual_framing,11.0
2021_04_23_MND_S8,2021MND,session_end_num_individual_framing,7.0
2021_04_23_MND_S9,2021MND,session_end_num_individual_framing,11.0
2021_10_01_MZT_S10,2021MZT,session_end_num_individual_framing,13.0
2021_10_01_MZT_S9,2021MZT,session_end_num_individual_framing,7.0
2021-11-05-NES-S12,2021NES,session_end_num_individual_framing,6.0
2021-11-05-NES-S7,2021NES,session_end_num_individual_framing,6.0
2021_06_11_SLU_S11,2021SLU,session_end_num_individual_framing,7.0
2021_06_11_SLU_S8,2021SLU,session_end_num_individual_framing,11.0
2022-04-08-MND-S1,2022MND,session_end_num_individual_framing,7.0
2022-04-08-MND-S10,2022MND,session_end_num_individual_framing,10.0
2021-05-21-ABI-S16,2021ABI,session_end_num_joint_framing,14.0
2021-05-21-ABI-S7,2021ABI,session_end_num_joint_framing,16.0
2021-05-21-ABI-S9,2021ABI,session_end_num_joint_framing,16.0
2021-10-07-CMC-S4,2021CMC,session_end_num_joint_framing,19.0
2021_10_01_MZT_S7,2021MZT,session_end_num_joint_framing,21.0
2021_06_10_SLU_S1,2021SLU,session_end_num_joint_framing,16.0
2021_06_10_SLU_S5,2021SLU,session_end_num_joint_framing,13.0
2021_06_11_SLU_S1,2021SLU,session_end_num_joint_framing,22.0
2022-04-08-MND-S3,2022MND,session_end_num_joint_framing,24.0
2021-10-07-CMC-S1,2021CMC,session_end_num_named_next_steps,1.0
2021_10_01_MZT_S12,2021MZT,session_end_num_named_next_steps,1.0
2021_06_10_SLU_S7,2021SLU,session_end_num_named_next_steps,1.0
2021_10_01_MZT_S12,2021MZT,session_end_num_novelty_signals,1.0
2021_06_11_SLU_S4,2021SLU,session_end_num_novelty_signals,2.0
2020_11_05_NES_S2,2020NES,session_end_num_role_anticipation,2.0
2020_11_05_NES_S4,2020NES,session_end_num_role_anticipation,0.3333333333333333
2020_11_05_NES_S5,2020NES,session_end_num_role_anticipation,1.0
2021-10-07-CMC-S1,2021CMC,session_end_num_role_anticipation,2.0
2021_10_01_MZT_S12,2021MZT,session_end_num_role_anticipation,3.0
2021-11-04-NES-S2,2021NES,session_end_num_role_anticipation,5.0
2021-11-04-NES-S3,2021NES,session_end_num_role_anticipation,1.0
2021-11-04-NES-S4,2021NES,session_end_num_role_anticipation,1.0
2021-11-05-NES-S2,2021NES,session_end_num_role_anticipation,2.0
2021_06_10_SLU_S1,2021SLU,session_end_num_role_anticipation,1.0
2021_06_11_SLU_S2,2021SLU,session_end_num_role_anticipation,1.0
2022-04-07-MND-S2,2022MND,session_end_num_role_anticipation,2.0
2022-04-08-MND-S9,2022MND,session_end_num_role_anticipation,1.0
2020_11_05_NES_S3,2020NES,session_end_num_scope_calibration,0.5
2020_11_05_NES_S4,2020NES,session_end_num_scope_calibration,0.16666666666666666
2020_11_05_NES_S5,2020NES,session_end_num_scope_calibration,0.25
2020_11_05_NES_S6,2020NES,session_end_num_scope_calibration,0.16666666666666666
2021-05-21-ABI-S8,2021ABI,session_end_num_scope_calibration,1.0
2021-10-08-CMC-S9,2021CMC,session_end_num_scope_calibration,1.0
2021_04_22_MND_S7,2021MND,session_end_num_scope_calibration,1.0
2021_04_23_MND_S5,2021MND,session_end_num_scope_calibration,1.0
2021_09_30_MZT_S6,2021MZT,session_end_num_scope_calibration,1.0
2021_10_01_MZT_S11,2021MZT,session_end_num_scope_calibration,1.0
2021_10_01_MZT_S7,2021MZT,session_end_num_scope_calibration,3.0
2021_06_10_SLU_S1,2021SLU,session_end_num_scope_calibration,3.0
2021_06_10_SLU_S5,2021SLU,session_end_num_scope_calibration,3.0
2021-10-08-CMC-S3,2021CMC,session_end_num_setback_defends,1.0
2021_09_30_MZT_S2,2021MZT,session_end_num_setback_defends,1.0
2021_09_30_MZT_S7,2021MZT,session_end_num_setback_defends,1.0
2022-04-08-MND-S4,2022MND,session_end_num_setback_defends,1.0
2020_11_06_NES_S10,2020NES,session_end_num_setback_explores,0.2
2021-05-20-ABI-S8,2021ABI,session_end_num_setback_explores,1.0
2021-05-21-ABI-S16,2021ABI,session_end_num_setback_explores,1.0
2021-10-08-CMC-S2,2021CMC,session_end_num_setback_explores,1.0
2021_04_23_MND_S15,2021MND,session_end_num_setback_explores,1.0
2021_10_01_MZT_S7,2021MZT,session_end_num_setback_explores,1.0
2021_06_10_SLU_S5,2021SLU,session_end_num_setback_explores,1.0
2021_06_10_SLU_S7,2021SLU,session_end_num_setback_explores,1.0
2021_06_11_SLU_S4,2021SLU,session_end_num_setback_explores,1.0
2021_06_11_SLU_S6,2021SLU,session_end_num_setback_explores,1.0
2022-04-08-MND-S1,2022MND,session_end_num_setback_explores,1.0
2020_11_06_NES_S7,2020NES,session_end_pct_building,0.3333332916666719
2020_11_06_NES_S8,2020NES,session_end_pct_building,0.0
2020_11_06_NES_S9,2020NES,session_end_pct_building,0.0
2021-05-20-ABI-S3,2021ABI,session_end_pct_building,0.0
2021-05-20-ABI-S5,2021ABI,session_end_pct_building,0.0
2021-05-20-ABI-S7,2021ABI,session_end_pct_building,0.0
2021-05-21-ABI-S10,2021ABI,session_end_pct_building,0.0
2021-05-21-ABI-S12,2021ABI,session_end_pct_building,0.0
2021-05-21-ABI-S3,2021ABI,session_end_pct_building,0.0
2021-05-21-ABI-S4,2021ABI,session_end_pct_building,0.0
2021-05-21-ABI-S6,2021ABI,session_end_pct_building,0.0
2021-10-07-CMC-S2,2021CMC,session_end_pct_building,0.0
2021-10-07-CMC-S5,2021CMC,session_end_pct_building,0.0
2021-10-07-CMC-S6,2021CMC,session_end_pct_building,0.0
2021-10-08-CMC-S11,2021CMC,session_end_pct_building,0.0
2021_04_22_MND_S8,2021MND,session_end_pct_building,0.0
2021_04_23_MND_S13,2021MND,session_end_pct_building,0.0
2021_09_30_MZT_S4,2021MZT,session_end_pct_building,0.0
2021_10_01_MZT_S2,2021MZT,session_end_pct_building,0.0
2021-11-04-NES-S1,2021NES,session_end_pct_building,0.0
2021-11-05-NES-S1,2021NES,session_end_pct_building,0.0
2021-11-05-NES-S4,2021NES,session_end_pct_building,0.0
2021-11-05-NES-S5,2021NES,session_end_pct_building,0.0
2021-11-05-NES-S8,2021NES,session_end_pct_building,0.0
2021_06_10_SLU_S2,2021SLU,session_end_pct_building,0.0
2021_06_10_SLU_S3,2021SLU,session_end_pct_building,0.0
2021_06_11_SLU_S1,2021SLU,session_end_pct_building,0.0
2021_06_11_SLU_S10,2021SLU,session_end_pct_building,0.0
2021_06_11_SLU_S2,2021SLU,session_end_pct_building,0.0
2021_06_11_SLU_S3,2021SLU,session_end_pct_building,0.0
2021_06_11_SLU_S9,2021SLU,session_end_pct_building,0.0
2022-04-07-MND-S3,2022MND,session_end_pct_building,0.0
2022-04-08-MND-S12,2022MND,session_end_pct_building,0.0
2022-04-08-MND-S6,2022MND,session_end_pct_building,0.0
2020_11_05_NES_S2,2020NES,session_end_pct_hesitation,0.2
2020_11_05_NES_S4,2020NES,session_end_pct_hesitation,0.3422077922077922
2020_11_06_NES_S9,2020NES,session_end_pct_hesitation,1.0
2021-05-21-ABI-S3,2021ABI,session_end_pct_hesitation,1.0
2021-10-07-CMC-S2,2021CMC,session_end_pct_hesitation,1.0
2021_04_22_MND_S8,2021MND,session_end_pct_hesitation,0.5
2021_09_30_MZT_S1,2021MZT,session_end_pct_hesitation,0.2
2021_09_30_MZT_S2,2021MZT,session_end_pct_hesitation,0.18518518518518517
2021_10_01_MZT_S6,2021MZT,session_end_pct_hesitation,0.2727272727272727
2021_10_01_MZT_S8,2021MZT,session_end_pct_hesitation,0.2727272727272727
2021-11-05-NES-S12,2021NES,session_end_pct_hesitation,0.25
2021_06_10_SLU_S2,2021SLU,session_end_pct_hesitation,0.3333333333333333
2021_06_11_SLU_S10,2021SLU,session_end_pct_hesitation,0.6666666666666666
2022-04-08-MND-S6,2022MND,session_end_pct_hesitation,0.2
2021-05-21-ABI-S16,2021ABI,session_end_pct_high_enthusiasm,0.5416666666666666
2021-10-08-CMC-S12,2021CMC,session_end_pct_high_enthusiasm,0.6666666666666666
2021-10-08-CMC-S4,2021CMC,session_end_pct_high_enthusiasm,0.6666666666666666
2021-10-08-CMC-S6,2021CMC,session_end_pct_high_enthusiasm,0.6428571428571429
2021_04_22_MND_S7,2021MND,session_end_pct_high_enthusiasm,0.9696969696969697
2021_06_10_SLU_S4,2021SLU,session_end_pct_high_enthusiasm,0.5652173913043478
2020_11_05_NES_S1,2020NES,session_end_pct_high_quality,0.9375
2020_11_05_NES_S4,2020NES,session_end_pct_high_quality,0.75
2020_11_05_NES_S5,2020NES,session_end_pct_high_quality,0.8611111111111112
2020_11_05_NES_S6,2020NES,session_end_pct_high_quality,0.8181818181818182
2020_11_06_NES_S1,2020NES,session_end_pct_high_quality,0.7205882352941176
2020_11_06_NES_S6,2020NES,session_end_pct_high_quality,0.96875
2020_11_06_NES_S7,2020NES,session_end_pct_high_quality,0.8333333333333334
2021-05-21-ABI-S11,2021ABI,session_end_pct_high_quality,0.0
2021_04_22_MND_S4,2021MND,session_end_pct_high_quality,0.9230769230769231
2021_04_23_MND_S10,2021MND,session_end_pct_high_quality,0.875
2021_04_23_MND_S11,2021MND,session_end_pct_high_quality,0.8
2021_09_30_MZT_S2,2021MZT,session_end_pct_high_quality,0.8461538461538461
2021_09_30_MZT_S7,2021MZT,session_end_pct_high_quality,0.8571428571428571
2021_10_01_MZT_S10,2021MZT,session_end_pct_high_quality,0.5
2021_10_01_MZT_S9,2021MZT,session_end_pct_high_quality,0.8235294117647058
2021-11-04-NES-S3,2021NES,session_end_pct_high_quality,0.7142857142857143
2021-11-05-NES-S2,2021NES,session_end_pct_high_quality,0.3333333333333333
2021-11-05-NES-S7,2021NES,session_end_pct_high_quality,0.9166666666666666
2022-04-07-MND-S4,2022MND,session_end_pct_high_quality,0.8333333333333334
2022-04-08-MND-S11,2022MND,session_end_pct_high_quality,0.5
2022-04-08-MND-S3,2022MND,session_end_pct_high_quality,0.9565217391304348
2022-04-08-MND-S9,2022MND,session_end_pct_high_quality,0.875
2021-05-21-ABI-S16,2021ABI,session_end_pct_high_quality_Knowledge_Sharing,1.0
2021_04_23_MND_S7,2021MND,session_end_pct_high_quality_Knowledge_Sharing,1.0
2021_10_01_MZT_S4,2021MZT,session_end_pct_high_quality_Knowledge_Sharing,1.0
2021_06_10_SLU_S1,2021SLU,session_end_pct_high_quality_Knowledge_Sharing,1.0
2021_06_11_SLU_S13,2021SLU,session_end_pct_high_quality_Knowledge_Sharing,1.0
2021-05-20-ABI-S2,2021ABI,session_end_pct_turns_any_smile,1.0
2021-05-20-ABI-S3,2021ABI,session_end_pct_turns_any_smile,1.0
2021-05-21-ABI-S14,2021ABI,session_end_pct_turns_any_smile,1.0
2021-05-21-ABI-S4,2021ABI,session_end_pct_turns_any_smile,1.0
2021-10-08-CMC-S14,2021CMC,session_end_pct_turns_any_smile,0.8947368421052632
2021-10-08-CMC-S6,2021CMC,session_end_pct_turns_any_smile,0.9642857142857143
2021-10-08-CMC-S7,2021CMC,session_end_pct_turns_any_smile,1.0
2021_04_22_MND_S4,2021MND,session_end_pct_turns_any_smile,0.9615384615384616
2021_04_22_MND_S7,2021MND,session_end_pct_turns_any_smile,0.9696969696969697
2021_10_01_MZT_S2,2021MZT,session_end_pct_turns_any_smile,1.0
2021_10_01_MZT_S6,2021MZT,session_end_pct_turns_any_smile,1.0
2021_06_11_SLU_S3,2021SLU,session_end_pct_turns_any_smile,1.0
2022-04-07-MND-S1,2022MND,session_end_pct_turns_any_smile,0.8571428571428571
2022-04-08-MND-S8,2022MND,session_end_pct_turns_any_smile,1.0
2020_11_05_NES_S2,2020NES,session_end_pct_turns_audible_backchannel,0.4666666666666667
2021-05-21-ABI-S14,2021ABI,session_end_pct_turns_audible_backchannel,1.0
2021-05-21-ABI-S15,2021ABI,session_end_pct_turns_audible_backchannel,0.2222222222222222
2021-10-08-CMC-S14,2021CMC,session_end_pct_turns_audible_backchannel,0.3157894736842105
2021_04_22_MND_S7,2021MND,session_end_pct_turns_audible_backchannel,0.9696969696969697
2021_04_23_MND_S13,2021MND,session_end_pct_turns_audible_backchannel,0.34782608695652173
2021_10_01_MZT_S13,2021MZT,session_end_pct_turns_audible_backchannel,0.2
2021_10_01_MZT_S6,2021MZT,session_end_pct_turns_audible_backchannel,0.36363636363636365
2021_06_10_SLU_S4,2021SLU,session_end_pct_turns_audible_backchannel,0.30434782608695654
2022-04-07-MND-S1,2022MND,session_end_pct_turns_audible_backchannel,0.2857142857142857
2022-04-08-MND-S8,2022MND,session_end_pct_turns_audible_backchannel,0.2916666666666667
2020_11_06_NES_S2,2020NES,session_end_pct_turns_shared_affect,0.5
2021_10_01_MZT_S12,2021MZT,session_end_pct_turns_shared_affect,0.46153846153846156
2021_10_01_MZT_S6,2021MZT,session_end_pct_turns_shared_affect,0.7272727272727273
2021_06_11_SLU_S11,2021SLU,session_end_pct_turns_shared_affect,0.4090909090909091
2021_06_11_SLU_S13,2021SLU,session_end_pct_turns_shared_affect,0.4090909090909091
2020_11_05_NES_S5,2020NES,session_end_personal_disclosure,0.25
2020_11_05_NES_S6,2020NES,session_end_personal_disclosure,0.16666666666666666
2020_11_06_NES_S12,2020NES,session_end_personal_disclosure,0.3333333333333333
2020_11_06_NES_S6,2020NES,session_end_personal_disclosure,0.3333333333333333
2021-05-20-ABI-S6,2021ABI,session_end_personal_disclosure,1.0
2021-05-20-ABI-S7,2021ABI,session_end_personal_disclosure,1.0
2021-05-21-ABI-S8,2021ABI,session_end_personal_disclosure,1.0
2021-10-08-CMC-S1,2021CMC,session_end_personal_disclosure,1.0
2021-10-08-CMC-S10,2021CMC,session_end_personal_disclosure,1.0
2021-10-08-CMC-S13,2021CMC,session_end_personal_disclosure,1.0
2021-10-08-CMC-S14,2021CMC,session_end_personal_disclosure,1.0
2021-10-08-CMC-S3,2021CMC,session_end_personal_disclosure,1.0
2021-10-08-CMC-S5,2021CMC,session_end_personal_disclosure,1.0
2021-10-08-CMC-S6,2021CMC,session_end_personal_disclosure,1.0
2021_04_22_MND_S6,2021MND,session_end_personal_disclosure,1.0
2021_04_22_MND_S7,2021MND,session_end_personal_disclosure,1.0
2021_04_23_MND_S12,2021MND,session_end_personal_disclosure,1.0
2021_04_23_MND_S13,2021MND,session_end_personal_disclosure,1.0
2021_04_23_MND_S3,2021MND,session_end_personal_disclosure,1.0
2021_09_30_MZT_S2,2021MZT,session_end_personal_disclosure,1.0
2021_09_30_MZT_S7,2021MZT,session_end_personal_disclosure,1.0
2021_10_01_MZT_S10,2021MZT,session_end_personal_disclosure,1.0
2021_10_01_MZT_S13,2021MZT,session_end_personal_disclosure,1.0
2021_10_01_MZT_S6,2021MZT,session_end_personal_disclosure,1.0
2021_10_01_MZT_S9,2021MZT,session_end_personal_disclosure,1.0
2021-11-04-NES-S5,2021NES,session_end_personal_disclosure,1.0
2021-11-05-NES-S10,2021NES,session_end_personal_disclosure,1.0
2021-11-05-NES-S12,2021NES,session_end_personal_disclosure,1.0
2021-11-05-NES-S2,2021NES,session_end_personal_disclosure,1.0
2021-11-05-NES-S7,2021NES,session_end_personal_disclosure,1.0
2021_06_11_SLU_S13,2021SLU,session_end_personal_disclosure,1.0
2021_06_11_SLU_S8,2021SLU,session_end_personal_disclosure,1.0
2022-04-07-MND-S1,2022MND,session_end_personal_disclosure,1.0
2022-04-07-MND-S4,2022MND,session_end_personal_disclosure,1.0
2022-04-07-MND-S5,2022MND,session_end_personal_disclosure,1.0
2022-04-08-MND-S1,2022MND,session_end_personal_disclosure,1.0
2022-04-08-MND-S11,2022MND,session_end_personal_disclosure,1.0
2022-04-08-MND-S3,2022MND,session_end_personal_disclosure,1.0
2022-04-08-MND-S8,2022MND,session_end_personal_disclosure,1.0
2020_11_05_NES_S3,2020NES,session_end_prior_relationship,0.5
2020_11_05_NES_S5,2020NES,session_end_prior_relationship,0.5
2020_11_05_NES_S6,2020NES,session_end_prior_relationship,0.3333333333333333
2020_11_06_NES_S1,2020NES,session_end_prior_relationship,0.25
2020_11_06_NES_S10,2020NES,session_end_prior_relationship,0.6
2020_11_06_NES_S12,2020NES,session_end_prior_relationship,0.6666666666666666
2020_11_06_NES_S6,2020NES,session_end_prior_relationship,0.3333333333333333
2020_11_06_NES_S7,2020NES,session_end_prior_relationship,0.3333333333333333
2021-10-08-CMC-S6,2021CMC,session_end_prior_relationship,1.0
2021-10-08-CMC-S7,2021CMC,session_end_prior_relationship,1.0
2021_04_22_MND_S8,2021MND,session_end_prior_relationship,1.0
2021_04_23_MND_S1,2021MND,session_end_prior_relationship,1.0
2021_04_23_MND_S14,2021MND,session_end_prior_relationship,1.0
2021_04_23_MND_S16,2021MND,session_end_prior_relationship,1.0
2021_04_23_MND_S8,2021MND,session_end_prior_relationship,1.0
2021_04_23_MND_S9,2021MND,session_end_prior_relationship,1.0
2021_10_01_MZT_S1,2021MZT,session_end_prior_relationship,1.0
2021_10_01_MZT_S9,2021MZT,session_end_prior_relationship,1.0
2021-11-04-NES-S4,2021NES,session_end_prior_relationship,1.0
2021-11-05-NES-S7,2021NES,session_end_prior_relationship,1.0
2021_06_10_SLU_S1,2021SLU,session_end_prior_relationship,1.0
2021_06_10_SLU_S3,2021SLU,session_end_prior_relationship,1.0
2021_06_11_SLU_S1,2021SLU,session_end_prior_relationship,1.0
2021_06_11_SLU_S3,2021SLU,session_end_prior_relationship,1.0
2021_06_11_SLU_S6,2021SLU,session_end_prior_relationship,1.0
2022-04-07-MND-S3,2022MND,session_end_prior_relationship,1.0
2022-04-08-MND-S8,2022MND,session_end_prior_relationship,1.0
2020_11_05_NES_S4,2020NES,session_end_pronoun_shift_occurred,0.16666666666666666
2020_11_05_NES_S5,2020NES,session_end_pronoun_shift_occurred,0.5
2020_11_05_NES_S6,2020NES,session_end_pronoun_shift_occurred,0.16666666666666666
2020_11_06_NES_S1,2020NES,session_end_pronoun_shift_occurred,0.25
2020_11_06_NES_S10,2020NES,session_end_pronoun_shift_occurred,0.2
2020_11_06_NES_S12,2020NES,session_end_pronoun_shift_occurred,0.3333333333333333
2020_11_06_NES_S4,2020NES,session_end_pronoun_shift_occurred,0.5
2020_11_06_NES_S6,2020NES,session_end_pronoun_shift_occurred,0.3333333333333333
2021_04_23_MND_S16,2021MND,session_end_pronoun_shift_occurred,1.0
2021_09_30_MZT_S1,2021MZT,session_end_pronoun_shift_occurred,1.0
2021-11-05-NES-S10,2021NES,session_end_pronoun_shift_occurred,1.0
2021-05-21-ABI-S14,2021ABI,session_end_responsiveness_index,2.6728322198387193
2021_04_22_MND_S7,2021MND,session_end_responsiveness_index,4.128469114743194
2021_10_01_MZT_S6,2021MZT,session_end_responsiveness_index,3.02659479798676
2020_11_06_NES_S1,2020NES,session_end_risk_acknowledgment_enthusiasm,0.25
2020_11_06_NES_S10,2020NES,session_end_risk_acknowledgment_enthusiasm,0.2
2020_11_06_NES_S6,2020NES,session_end_risk_acknowledgment_enthusiasm,0.3333333333333333
2021-10-08-CMC-S12,2021CMC,session_end_risk_acknowledgment_enthusiasm,1.0
2021_04_22_MND_S7,2021MND,session_end_risk_acknowledgment_enthusiasm,1.0
2021_04_23_MND_S10,2021MND,session_end_risk_acknowledgment_enthusiasm,1.0
2021-11-05-NES-S12,2021NES,session_end_risk_acknowledgment_enthusiasm,1.0
2021_06_10_SLU_S4,2021SLU,session_end_risk_acknowledgment_enthusiasm,1.0
2021_06_10_SLU_S5,2021SLU,session_end_risk_acknowledgment_enthusiasm,1.0
2021_06_11_SLU_S6,2021SLU,session_end_risk_acknowledgment_enthusiasm,1.0
2020_11_05_NES_S5,2020NES,session_end_skill_gap_identified,0.25
2020_11_05_NES_S6,2020NES,session_end_skill_gap_identified,0.3333333333333333
2020_11_06_NES_S12,2020NES,session_end_skill_gap_identified,0.3333333333333333
2020_11_06_NES_S4,2020NES,session_end_skill_gap_identified,0.5
2020_11_06_NES_S6,2020NES,session_end_skill_gap_identified,0.6666666666666666
2021-05-20-ABI-S8,2021ABI,session_end_skill_gap_identified,1.0
2021-05-21-ABI-S16,2021ABI,session_end_skill_gap_identified,1.0
2021-05-21-ABI-S7,2021ABI,session_end_skill_gap_identified,1.0
2021-10-08-CMC-S12,2021CMC,session_end_skill_gap_identified,1.0
2021_04_22_MND_S1,2021MND,session_end_skill_gap_identified,1.0
2021_04_22_MND_S4,2021MND,session_end_skill_gap_identified,1.0
2021_04_23_MND_S15,2021MND,session_end_skill_gap_identified,1.0
2021_09_30_MZT_S3,2021MZT,session_end_skill_gap_identified,1.0
2021_10_01_MZT_S11,2021MZT,session_end_skill_gap_identified,1.0
2021_10_01_MZT_S13,2021MZT,session_end_skill_gap_identified,1.0
2021_10_01_MZT_S3,2021MZT,session_end_skill_gap_identified,1.0
2021_10_01_MZT_S4,2021MZT,session_end_skill_gap_identified,1.0
2021_10_01_MZT_S5,2021MZT,session_end_skill_gap_identified,1.0
2021-11-05-NES-S12,2021NES,session_end_skill_gap_identified,1.0
2022-04-08-MND-S3,2022MND,session_end_total_quality_score,29.0
2020_11_06_NES_S4,2020NES,session_mean_ambition_level_ordinal,0.25
2021-10-08-CMC-S10,2021CMC,session_mean_ambition_level_ordinal,0.0
2021_04_22_MND_S2,2021MND,session_mean_ambition_level_ordinal,0.0
2021-11-04-NES-S6,2021NES,session_mean_ambition_level_ordinal,0.0
2022-04-08-MND-S12,2022MND,session_mean_ambition_level_ordinal,0.0
2022-04-08-MND-S6,2022MND,session_mean_ambition_level_ordinal,0.0
2022-04-08-MND-S8,2022MND,session_mean_ambition_level_ordinal,0.0
2021_04_22_MND_S2,2021MND,session_mean_any_laughter,0.0
2021_04_22_MND_S6,2021MND,session_mean_any_laughter,0.0
2022-04-08-MND-S6,2022MND,session_mean_any_laughter,0.0
2021_04_22_MND_S4,2021MND,session_mean_artifact_interaction,0.625
2022-04-07-MND-S2,2022MND,session_mean_artifact_interaction,0.5714285714285714
2020_11_06_NES_S3,2020NES,session_mean_blocking_count,3.0
2021-10-08-CMC-S10,2021CMC,session_mean_blocking_count,5.625
2021_09_30_MZT_S2,2021MZT,session_mean_blocking_count,3.3333333333333335
2021_06_11_SLU_S11,2021SLU,session_mean_blocking_count,2.875
2020_11_06_NES_S3,2020NES,session_mean_building_count,22.25
2021_04_22_MND_S2,2021MND,session_mean_building_count,1.0
2022-04-08-MND-S12,2022MND,session_mean_building_count,0.0
2022-04-08-MND-S6,2022MND,session_mean_building_count,0.0
2020_11_06_NES_S1,2020NES,session_mean_collective_engagement_score,2.3333333333333335
2020_11_06_NES_S10,2020NES,session_mean_collective_engagement_score,2.4444444444444446
2020_11_06_NES_S11,2020NES,session_mean_collective_engagement_score,2.4545454545454546
2020_11_06_NES_S6,2020NES,session_mean_collective_engagement_score,2.3333333333333335
2021-05-20-ABI-S5,2021ABI,session_mean_collective_engagement_score,3.625
2021-10-07-CMC-S3,2021CMC,session_mean_collective_engagement_score,3.625
2021-10-07-CMC-S4,2021CMC,session_mean_collective_engagement_score,3.7142857142857144
2021-10-07-CMC-S7,2021CMC,session_mean_collective_engagement_score,4.0
2021_04_22_MND_S2,2021MND,session_mean_collective_engagement_score,1.0
2021-11-04-NES-S1,2021NES,session_mean_collective_engagement_score,2.2
2021_06_10_SLU_S4,2021SLU,session_mean_collective_engagement_score,3.7142857142857144
2022-04-08-MND-S12,2022MND,session_mean_collective_engagement_score,2.0
2022-04-08-MND-S6,2022MND,session_mean_collective_engagement_score,2.0
2021-05-20-ABI-S8,2021ABI,session_mean_commitment_signal,0.375
2021-10-07-CMC-S3,2021CMC,session_mean_commitment_signal,0.5
2021_04_22_MND_S4,2021MND,session_mean_commitment_signal,0.5
2021_10_01_MZT_S12,2021MZT,session_mean_commitment_signal,0.5714285714285714
2021_06_10_SLU_S2,2021SLU,session_mean_commitment_signal,0.3333333333333333
2021_06_10_SLU_S5,2021SLU,session_mean_commitment_signal,0.5714285714285714
2022-04-08-MND-S10,2022MND,session_mean_commitment_signal,0.375
2021_04_22_MND_S2,2021MND,session_mean_cross_disciplinary_bridging,0.0
2021_10_01_MZT_S8,2021MZT,session_mean_cross_disciplinary_bridging,0.14285714285714285
2022-04-08-MND-S12,2022MND,session_mean_cross_disciplinary_bridging,0.0
2022-04-08-MND-S6,2022MND,session_mean_cross_disciplinary_bridging,0.0
2021_10_01_MZT_S13,2021MZT,session_mean_dissent_response_quality,2.8333333333333335
2021_06_10_SLU_S1,2021SLU,session_mean_dissent_response_quality,2.75
2021_06_10_SLU_S3,2021SLU,session_mean_dissent_response_quality,2.8
2022-04-07-MND-S2,2022MND,session_mean_dissent_response_quality,2.75
2022-04-08-MND-S1,2022MND,session_mean_dissent_response_quality,2.75
2022-04-08-MND-S10,2022MND,session_mean_dissent_response_quality,2.8
2021_04_22_MND_S2,2021MND,session_mean_dominant_speaker_flag,1.0
2022-04-08-MND-S6,2022MND,session_mean_dominant_speaker_flag,1.0
2020_11_05_NES_S1,2020NES,session_mean_explore_vs_defend_ratio,375000.0
2021-05-21-ABI-S2,2021ABI,session_mean_explore_vs_defend_ratio,375000.0
2021-05-21-ABI-S7,2021ABI,session_mean_explore_vs_defend_ratio,500000.0
2021-10-07-CMC-S5,2021CMC,session_mean_explore_vs_defend_ratio,375000.0
2021-10-08-CMC-S12,2021CMC,session_mean_explore_vs_defend_ratio,500000.0
2021-10-08-CMC-S2,2021CMC,session_mean_explore_vs_defend_ratio,375000.0
2021-10-08-CMC-S6,2021CMC,session_mean_explore_vs_defend_ratio,375000.0
2021_06_11_SLU_S1,2021SLU,session_mean_explore_vs_defend_ratio,375000.0
2021_06_11_SLU_S11,2021SLU,session_mean_explore_vs_defend_ratio,375000.0
2020_11_06_NES_S10,2020NES,session_mean_funding_awareness,0.6666666666666666
2020_11_06_NES_S12,2020NES,session_mean_funding_awareness,0.75
2020_11_06_NES_S2,2020NES,session_mean_funding_awareness,0.7777777777777778
2021-10-08-CMC-S10,2021CMC,session_mean_funding_awareness,1.0
2021-11-05-NES-S5,2021NES,session_mean_funding_awareness,0.6666666666666666
2021-11-05-NES-S9,2021NES,session_mean_funding_awareness,0.8571428571428571
2021_04_22_MND_S2,2021MND,session_mean_gini_coefficient,0.0
2022-04-08-MND-S12,2022MND,session_mean_gini_coefficient,0.17682926829268286
2022-04-08-MND-S5,2022MND,session_mean_gini_coefficient,0.5237392835360868
2022-04-08-MND-S6,2022MND,session_mean_gini_coefficient,0.6258503401360545
2020_11_06_NES_S6,2020NES,session_mean_interruption_quality_ratio,1666666.6666666667
2020_11_06_NES_S9,2020NES,session_mean_interruption_quality_ratio,1500000.0416666528
2021-10-07-CMC-S2,2021CMC,session_mean_interruption_quality_ratio,1500000.0
2021-10-08-CMC-S1,2021CMC,session_mean_interruption_quality_ratio,1500000.0
2021_09_30_MZT_S2,2021MZT,session_mean_interruption_quality_ratio,1833333.3333333333
2021_06_11_SLU_S6,2021SLU,session_mean_interruption_quality_ratio,1500000.0
2022-04-08-MND-S2,2022MND,session_mean_interruption_quality_ratio,1875001.4999985
2022-04-08-MND-S3,2022MND,session_mean_interruption_quality_ratio,2125000.0
2022-04-08-MND-S8,2022MND,session_mean_interruption_quality_ratio,2285714.285714286
2021-05-20-ABI-S2,2021ABI,session_mean_is_divergent,0.09090909090909091
2021-05-20-ABI-S4,2021ABI,session_mean_is_divergent,0.125
2021-05-21-ABI-S11,2021ABI,session_mean_is_divergent,0.125
2021-10-08-CMC-S14,2021CMC,session_mean_is_divergent,0.0
2021_04_23_MND_S15,2021MND,session_mean_is_divergent,0.14285714285714285
2021_04_23_MND_S5,2021MND,session_mean_is_divergent,0.14285714285714285
2021_09_30_MZT_S4,2021MZT,session_mean_is_divergent,0.16666666666666666
2021-11-04-NES-S6,2021NES,session_mean_is_divergent,0.0
2022-04-08-MND-S12,2022MND,session_mean_is_divergent,0.0
2022-04-08-MND-S6,2022MND,session_mean_is_divergent,0.0
2021-05-21-ABI-S12,2021ABI,session_mean_is_procedural,0.4
2021-05-21-ABI-S5,2021ABI,session_mean_is_procedural,0.4
2021-11-04-NES-S6,2021NES,session_mean_is_procedural,1.0
2022-04-08-MND-S12,2022MND,session_mean_is_procedural,1.0
2022-04-08-MND-S6,2022MND,session_mean_is_procedural,1.0
2021-05-20-ABI-S8,2021ABI,session_mean_laughter_appreciative,0.375
2021-10-07-CMC-S3,2021CMC,session_mean_laughter_appreciative,0.75
2021-10-08-CMC-S12,2021CMC,session_mean_laughter_appreciative,0.375
2021-10-08-CMC-S13,2021CMC,session_mean_laughter_appreciative,0.5
2021-10-08-CMC-S14,2021CMC,session_mean_laughter_appreciative,0.375
2021-10-08-CMC-S2,2021CMC,session_mean_laughter_appreciative,0.5
2021_04_22_MND_S5,2021MND,session_mean_laughter_appreciative,0.5
2021_04_23_MND_S2,2021MND,session_mean_laughter_appreciative,0.5714285714285714
2021_06_11_SLU_S2,2021SLU,session_mean_laughter_appreciative,0.4444444444444444
2021-10-08-CMC-S6,2021CMC,session_mean_laughter_shared_humor,1.0
2021-10-08-CMC-S7,2021CMC,session_mean_laughter_shared_humor,1.0
2021_09_30_MZT_S1,2021MZT,session_mean_laughter_shared_humor,1.0
2020_11_06_NES_S11,2020NES,session_mean_laughter_tension_release,0.09090909090909091
2020_11_06_NES_S4,2020NES,session_mean_laughter_tension_release,0.125
2020_11_06_NES_S8,2020NES,session_mean_laughter_tension_release,0.125
2021_04_23_MND_S3,2021MND,session_mean_laughter_tension_release,0.14285714285714285
2021_04_23_MND_S6,2021MND,session_mean_laughter_tension_release,0.14285714285714285
2021_04_23_MND_S8,2021MND,session_mean_laughter_tension_release,0.14285714285714285
2021_09_30_MZT_S2,2021MZT,session_mean_laughter_tension_release,0.16666666666666666
2021_09_30_MZT_S7,2021MZT,session_mean_laughter_tension_release,0.125
2021_10_01_MZT_S1,2021MZT,session_mean_laughter_tension_release,0.1111111111111111
2021_10_01_MZT_S4,2021MZT,session_mean_laughter_tension_release,0.1
2021_10_01_MZT_S7,2021MZT,session_mean_laughter_tension_release,0.14285714285714285
2021_10_01_MZT_S8,2021MZT,session_mean_laughter_tension_release,0.14285714285714285
2021-11-04-NES-S2,2021NES,session_mean_laughter_tension_release,0.16666666666666666
2021-11-04-NES-S4,2021NES,session_mean_laughter_tension_release,0.14285714285714285
2021-11-05-NES-S1,2021NES,session_mean_laughter_tension_release,0.08333333333333333
2021-11-05-NES-S8,2021NES,session_mean_laughter_tension_release,0.125
2022-04-08-MND-S10,2022MND,session_mean_laughter_tension_release,0.125
2020_11_05_NES_S4,2020NES,session_mean_mean_distracted_count,0.0028735632183908046
2021_04_23_MND_S1,2021MND,session_mean_mean_distracted_count,0.07142857142857142
2021-11-05-NES-S3,2021NES,session_mean_mean_distracted_count,0.006493506493506493
2021-11-05-NES-S9,2021NES,session_mean_mean_distracted_count,0.14285714285714285
2022-04-08-MND-S2,2022MND,session_mean_mean_distracted_count,0.019736842105263157
2021-11-04-NES-S6,2021NES,session_mean_mean_idea_quality_Knowledge_Sharing,0.75
2021_10_01_MZT_S12,2021MZT,session_mean_mean_nod_rate,2.1740689865689866
2021-11-04-NES-S6,2021NES,session_mean_mean_quality_score,0.75
2021_04_22_MND_S5,2021MND,session_mean_mean_vocal_enthusiasm,2.4921349281797816
2021_10_01_MZT_S12,2021MZT,session_mean_mean_vocal_enthusiasm,2.6668574481074483
2020_11_06_NES_S1,2020NES,session_mean_meeting_structure_quality,0.7777777777777778
2021_04_22_MND_S2,2021MND,session_mean_meeting_structure_quality,0.0
2021_04_23_MND_S3,2021MND,session_mean_meeting_structure_quality,0.8571428571428571
2021-11-04-NES-S6,2021NES,session_mean_meeting_structure_quality,2.0
2022-04-08-MND-S12,2022MND,session_mean_meeting_structure_quality,0.0
2022-04-08-MND-S8,2022MND,session_mean_meeting_structure_quality,0.8571428571428571
2020_11_06_NES_S2,2020NES,session_mean_num_Broader_Significance,0.7777777777777778
2021-10-08-CMC-S3,2021CMC,session_mean_num_Broader_Significance,0.75
2021_04_22_MND_S8,2021MND,session_mean_num_Broader_Significance,1.0
2021-11-05-NES-S12,2021NES,session_mean_num_Broader_Significance,1.1428571428571428
2021-11-05-NES-S5,2021NES,session_mean_num_Broader_Significance,1.0
2021-11-05-NES-S6,2021NES,session_mean_num_Broader_Significance,0.8333333333333334
2021-11-05-NES-S9,2021NES,session_mean_num_Broader_Significance,0.7142857142857143
2022-04-07-MND-S4,2022MND,session_mean_num_Broader_Significance,1.7142857142857142
2020_11_05_NES_S6,2020NES,session_mean_num_Complementarity_Articulation,0.6363636363636364
2021-05-20-ABI-S8,2021ABI,session_mean_num_Coordination_Decision,7.25
2021_09_30_MZT_S4,2021MZT,session_mean_num_Coordination_Decision,6.833333333333333
2022-04-08-MND-S7,2022MND,session_mean_num_Coordination_Decision,6.375
2020_11_05_NES_S6,2020NES,session_mean_num_Epistemic_Bridging,0.9090909090909091
2020_11_06_NES_S10,2020NES,session_mean_num_Epistemic_Bridging,0.8888888888888888
2021_10_01_MZT_S4,2021MZT,session_mean_num_Epistemic_Bridging,1.0
2021-11-04-NES-S4,2021NES,session_mean_num_Epistemic_Bridging,1.2857142857142858
2021_06_10_SLU_S2,2021SLU,session_mean_num_Epistemic_Bridging,1.1111111111111112
2021_06_11_SLU_S5,2021SLU,session_mean_num_Epistemic_Bridging,1.0
2022-04-08-MND-S9,2022MND,session_mean_num_Epistemic_Bridging,1.1428571428571428
2020_11_06_NES_S3,2020NES,session_mean_num_Evaluation_Practices,9.5
2021-10-08-CMC-S10,2021CMC,session_mean_num_Evaluation_Practices,8.75
2021-10-08-CMC-S3,2021CMC,session_mean_num_Evaluation_Practices,6.0
2021_04_22_MND_S2,2021MND,session_mean_num_Evaluation_Practices,0.0
2021_04_22_MND_S3,2021MND,session_mean_num_Evaluation_Practices,6.222222222222222
2021-11-04-NES-S4,2021NES,session_mean_num_Evaluation_Practices,6.142857142857143
2021-11-04-NES-S6,2021NES,session_mean_num_Evaluation_Practices,0.0
2021_06_11_SLU_S11,2021SLU,session_mean_num_Evaluation_Practices,6.0
2022-04-08-MND-S12,2022MND,session_mean_num_Evaluation_Practices,0.0
2022-04-08-MND-S2,2022MND,session_mean_num_Evaluation_Practices,6.375
2022-04-08-MND-S6,2022MND,session_mean_num_Evaluation_Practices,0.0
2022-04-08-MND-S8,2022MND,session_mean_num_Evaluation_Practices,6.285714285714286
2020_11_05_NES_S3,2020NES,session_mean_num_Future_Oriented_Language,0.42857142857142855
2020_11_05_NES_S5,2020NES,session_mean_num_Future_Oriented_Language,0.5
2020_11_06_NES_S3,2020NES,session_mean_num_Future_Oriented_Language,0.5
2021-11-04-NES-S2,2021NES,session_mean_num_Future_Oriented_Language,0.3333333333333333
2021-11-04-NES-S5,2021NES,session_mean_num_Future_Oriented_Language,0.375
2021-11-04-NES-S6,2021NES,session_mean_num_Future_Oriented_Language,0.5
2021-11-05-NES-S11,2021NES,session_mean_num_Future_Oriented_Language,0.5
2021-11-05-NES-S12,2021NES,session_mean_num_Future_Oriented_Language,0.42857142857142855
2021_06_10_SLU_S7,2021SLU,session_mean_num_Future_Oriented_Language,0.375
2021_06_11_SLU_S6,2021SLU,session_mean_num_Future_Oriented_Language,0.375
2022-04-08-MND-S2,2022MND,session_mean_num_Future_Oriented_Language,0.875
2021_06_11_SLU_S10,2021SLU,session_mean_num_Idea_Management,8.0
2021_06_11_SLU_S6,2021SLU,session_mean_num_Idea_Management,9.125
2020_11_05_NES_S2,2020NES,session_mean_num_Idea_Novelty_Signal,0.125
2020_11_05_NES_S4,2020NES,session_mean_num_Idea_Novelty_Signal,0.08333333333333333
2020_11_06_NES_S1,2020NES,session_mean_num_Idea_Novelty_Signal,0.1111111111111111
2021_04_23_MND_S9,2021MND,session_mean_num_Idea_Novelty_Signal,0.2857142857142857
2021_10_01_MZT_S11,2021MZT,session_mean_num_Idea_Novelty_Signal,0.14285714285714285
2021_10_01_MZT_S12,2021MZT,session_mean_num_Idea_Novelty_Signal,0.2857142857142857
2021_06_10_SLU_S2,2021SLU,session_mean_num_Idea_Novelty_Signal,0.1111111111111111
2021_06_11_SLU_S4,2021SLU,session_mean_num_Idea_Novelty_Signal,0.25
2021_06_11_SLU_S9,2021SLU,session_mean_num_Idea_Novelty_Signal,0.1111111111111111
2022-04-07-MND-S1,2022MND,session_mean_num_Idea_Novelty_Signal,0.125
2022-04-08-MND-S10,2022MND,session_mean_num_Idea_Novelty_Signal,0.125
2020_11_05_NES_S1,2020NES,session_mean_num_Idea_Ownership_Attribution,0.375
2020_11_06_NES_S1,2020NES,session_mean_num_Idea_Ownership_Attribution,0.4444444444444444
2021-10-07-CMC-S2,2021CMC,session_mean_num_Idea_Ownership_Attribution,0.375
2021-10-08-CMC-S3,2021CMC,session_mean_num_Idea_Ownership_Attribution,1.0
2021_04_23_MND_S14,2021MND,session_mean_num_Idea_Ownership_Attribution,0.5714285714285714
2021_09_30_MZT_S4,2021MZT,session_mean_num_Idea_Ownership_Attribution,0.5
2021_09_30_MZT_S5,2021MZT,session_mean_num_Idea_Ownership_Attribution,0.6666666666666666
2021_10_01_MZT_S7,2021MZT,session_mean_num_Idea_Ownership_Attribution,0.42857142857142855
2021_06_10_SLU_S1,2021SLU,session_mean_num_Idea_Ownership_Attribution,0.375
2021_06_10_SLU_S4,2021SLU,session_mean_num_Idea_Ownership_Attribution,0.42857142857142855
2021_06_11_SLU_S1,2021SLU,session_mean_num_Idea_Ownership_Attribution,0.5
2021_06_11_SLU_S13,2021SLU,session_mean_num_Idea_Ownership_Attribution,0.75
2022-04-07-MND-S5,2022MND,session_mean_num_Idea_Ownership_Attribution,0.375
2022-04-08-MND-S8,2022MND,session_mean_num_Idea_Ownership_Attribution,0.42857142857142855
2021_04_23_MND_S11,2021MND,session_mean_num_Information_Seeking,5.666666666666667
2021_04_23_MND_S14,2021MND,session_mean_num_Information_Seeking,5.571428571428571
2022-04-08-MND-S8,2022MND,session_mean_num_Information_Seeking,6.0
2020_11_06_NES_S3,2020NES,session_mean_num_Integration_Practices,5.0
2021-10-08-CMC-S3,2021CMC,session_mean_num_Integration_Practices,3.5
2021_09_30_MZT_S4,2021MZT,session_mean_num_Integration_Practices,4.833333333333333
2021_04_22_MND_S2,2021MND,session_mean_num_Knowledge_Sharing,1.0
2021-11-05-NES-S7,2021NES,session_mean_num_Knowledge_Sharing,11.571428571428571
2022-04-08-MND-S12,2022MND,session_mean_num_Knowledge_Sharing,0.0
2022-04-08-MND-S2,2022MND,session_mean_num_Knowledge_Sharing,10.0
2022-04-08-MND-S6,2022MND,session_mean_num_Knowledge_Sharing,0.0
2022-04-08-MND-S8,2022MND,session_mean_num_Knowledge_Sharing,9.571428571428571
2021-11-05-NES-S7,2021NES,session_mean_num_Participation_Dynamics,6.285714285714286
2021_04_22_MND_S2,2021MND,session_mean_num_Pronoun_Framing,1.0
2022-04-08-MND-S12,2022MND,session_mean_num_Pronoun_Framing,0.0
2022-04-08-MND-S6,2022MND,session_mean_num_Pronoun_Framing,0.0
2020_11_06_NES_S8,2020NES,session_mean_num_Relational_Climate,4.5
2021-10-07-CMC-S1,2021CMC,session_mean_num_Relational_Climate,3.75
2021_06_11_SLU_S8,2021SLU,session_mean_num_Relational_Climate,4.125
2022-04-07-MND-S5,2022MND,session_mean_num_Relational_Climate,3.75
2022-04-08-MND-S2,2022MND,session_mean_num_Relational_Climate,5.25
2022-04-08-MND-S3,2022MND,session_mean_num_Relational_Climate,3.75
2022-04-08-MND-S8,2022MND,session_mean_num_Relational_Climate,5.571428571428571
2020_11_05_NES_S2,2020NES,session_mean_num_Role_Anticipation,0.5
2020_11_05_NES_S5,2020NES,session_mean_num_Role_Anticipation,0.4
2021-10-07-CMC-S1,2021CMC,session_mean_num_Role_Anticipation,0.625
2021-10-08-CMC-S1,2021CMC,session_mean_num_Role_Anticipation,0.375
2021-10-08-CMC-S11,2021CMC,session_mean_num_Role_Anticipation,0.375
2021_04_23_MND_S11,2021MND,session_mean_num_Role_Anticipation,0.5
2021_04_23_MND_S14,2021MND,session_mean_num_Role_Anticipation,0.42857142857142855
2021_10_01_MZT_S12,2021MZT,session_mean_num_Role_Anticipation,0.42857142857142855
2021-11-04-NES-S2,2021NES,session_mean_num_Role_Anticipation,0.8333333333333334
2021-11-04-NES-S5,2021NES,session_mean_num_Role_Anticipation,0.75
2021-11-05-NES-S1,2021NES,session_mean_num_Role_Anticipation,0.5833333333333334
2021-11-05-NES-S2,2021NES,session_mean_num_Role_Anticipation,0.375
2021-11-05-NES-S7,2021NES,session_mean_num_Role_Anticipation,1.0
2021_06_10_SLU_S2,2021SLU,session_mean_num_Role_Anticipation,0.4444444444444444
2022-04-07-MND-S2,2022MND,session_mean_num_Role_Anticipation,0.5714285714285714
2022-04-08-MND-S10,2022MND,session_mean_num_Role_Anticipation,0.375
2022-04-08-MND-S5,2022MND,session_mean_num_Role_Anticipation,0.8571428571428571
2020_11_06_NES_S2,2020NES,session_mean_num_broader_significance,0.7777777777777778
2021-10-08-CMC-S3,2021CMC,session_mean_num_broader_significance,0.75
2021_04_22_MND_S8,2021MND,session_mean_num_broader_significance,1.0
2021-11-05-NES-S12,2021NES,session_mean_num_broader_significance,1.1428571428571428
2021-11-05-NES-S5,2021NES,session_mean_num_broader_significance,1.0
2021-11-05-NES-S6,2021NES,session_mean_num_broader_significance,0.8333333333333334
2021-11-05-NES-S9,2021NES,session_mean_num_broader_significance,0.7142857142857143
2022-04-07-MND-S4,2022MND,session_mean_num_broader_significance,1.7142857142857142
2020_11_06_NES_S3,2020NES,session_mean_num_collaborative_completions,0.75
2021_06_11_SLU_S6,2021SLU,session_mean_num_collaborative_completions,0.75
2022-04-07-MND-S2,2022MND,session_mean_num_collaborative_completions,0.8571428571428571
2022-04-08-MND-S2,2022MND,session_mean_num_collaborative_completions,1.25
2022-04-08-MND-S8,2022MND,session_mean_num_collaborative_completions,1.0
2020_11_06_NES_S4,2020NES,session_mean_num_competitive_interruptions,0.875
2020_11_06_NES_S9,2020NES,session_mean_num_competitive_interruptions,0.375
2021-10-08-CMC-S10,2021CMC,session_mean_num_competitive_interruptions,1.375
2021_04_23_MND_S11,2021MND,session_mean_num_competitive_interruptions,0.3333333333333333
2021_04_23_MND_S3,2021MND,session_mean_num_competitive_interruptions,0.42857142857142855
2021-11-04-NES-S2,2021NES,session_mean_num_competitive_interruptions,0.3333333333333333
2021-11-04-NES-S4,2021NES,session_mean_num_competitive_interruptions,0.5714285714285714
2021-11-05-NES-S9,2021NES,session_mean_num_competitive_interruptions,0.42857142857142855
2021_06_11_SLU_S10,2021SLU,session_mean_num_competitive_interruptions,0.5555555555555556
2021_06_11_SLU_S12,2021SLU,session_mean_num_competitive_interruptions,0.375
2022-04-08-MND-S2,2022MND,session_mean_num_competitive_interruptions,0.5
2022-04-08-MND-S9,2022MND,session_mean_num_competitive_interruptions,0.42857142857142855
2020_11_05_NES_S6,2020NES,session_mean_num_complementarity,0.6363636363636364
2021_09_30_MZT_S2,2021MZT,session_mean_num_elaborative_jumps,1.3333333333333333
2021_10_01_MZT_S11,2021MZT,session_mean_num_elaborative_jumps,1.4285714285714286
2022-04-08-MND-S2,2022MND,session_mean_num_elaborative_jumps,2.125
2022-04-08-MND-S3,2022MND,session_mean_num_elaborative_jumps,1.5
2022-04-08-MND-S8,2022MND,session_mean_num_elaborative_jumps,1.2857142857142858
2020_11_05_NES_S6,2020NES,session_mean_num_epistemic_bridging,0.9090909090909091
2020_11_06_NES_S10,2020NES,session_mean_num_epistemic_bridging,0.8888888888888888
2021_10_01_MZT_S4,2021MZT,session_mean_num_epistemic_bridging,1.0
2021-11-04-NES-S4,2021NES,session_mean_num_epistemic_bridging,1.2857142857142858
2021_06_10_SLU_S2,2021SLU,session_mean_num_epistemic_bridging,1.1111111111111112
2021_06_11_SLU_S5,2021SLU,session_mean_num_epistemic_bridging,1.0
2022-04-08-MND-S9,2022MND,session_mean_num_epistemic_bridging,1.1428571428571428
2020_11_05_NES_S3,2020NES,session_mean_num_future_oriented,0.42857142857142855
2020_11_05_NES_S5,2020NES,session_mean_num_future_oriented,0.5
2020_11_06_NES_S3,2020NES,session_mean_num_future_oriented,0.5
2021-11-04-NES-S2,2021NES,session_mean_num_future_oriented,0.3333333333333333
2021-11-04-NES-S5,2021NES,session_mean_num_future_oriented,0.375
2021-11-04-NES-S6,2021NES,session_mean_num_future_oriented,0.5
2021-11-05-NES-S11,2021NES,session_mean_num_future_oriented,0.5
2021-11-05-NES-S12,2021NES,session_mean_num_future_oriented,0.42857142857142855
2021_06_10_SLU_S7,2021SLU,session_mean_num_future_oriented,0.375
2021_06_11_SLU_S6,2021SLU,session_mean_num_future_oriented,0.375
2022-04-08-MND-S2,2022MND,session_mean_num_future_oriented,0.875
2020_11_05_NES_S1,2020NES,session_mean_num_idea_attribution,0.375
2020_11_06_NES_S1,2020NES,session_mean_num_idea_attribution,0.4444444444444444
2021-10-07-CMC-S2,2021CMC,session_mean_num_idea_attribution,0.375
2021-10-08-CMC-S3,2021CMC,session_mean_num_idea_attribution,1.0
2021_04_23_MND_S14,2021MND,session_mean_num_idea_attribution,0.5714285714285714
2021_09_30_MZT_S4,2021MZT,session_mean_num_idea_attribution,0.5
2021_09_30_MZT_S5,2021MZT,session_mean_num_idea_attribution,0.6666666666666666
2021_10_01_MZT_S7,2021MZT,session_mean_num_idea_attribution,0.42857142857142855
2021_06_10_SLU_S1,2021SLU,session_mean_num_idea_attribution,0.375
2021_06_10_SLU_S4,2021SLU,session_mean_num_idea_attribution,0.42857142857142855
2021_06_11_SLU_S1,2021SLU,session_mean_num_idea_attribution,0.5
2021_06_11_SLU_S13,2021SLU,session_mean_num_idea_attribution,0.75
2022-04-07-MND-S5,2022MND,session_mean_num_idea_attribution,0.375
2022-04-08-MND-S8,2022MND,session_mean_num_idea_attribution,0.42857142857142855
2021-10-07-CMC-S4,2021CMC,session_mean_num_joint_framing,12.0
2021-05-20-ABI-S4,2021ABI,session_mean_num_named_next_steps,0.125
2021-10-07-CMC-S1,2021CMC,session_mean_num_named_next_steps,0.125
2021_10_01_MZT_S12,2021MZT,session_mean_num_named_next_steps,0.14285714285714285
2021-11-05-NES-S5,2021NES,session_mean_num_named_next_steps,0.08333333333333333
2021_06_10_SLU_S7,2021SLU,session_mean_num_named_next_steps,0.125
2020_11_05_NES_S2,2020NES,session_mean_num_novelty_signals,0.125
2020_11_05_NES_S4,2020NES,session_mean_num_novelty_signals,0.08333333333333333
2020_11_06_NES_S1,2020NES,session_mean_num_novelty_signals,0.1111111111111111
2021_04_23_MND_S9,2021MND,session_mean_num_novelty_signals,0.2857142857142857
2021_10_01_MZT_S11,2021MZT,session_mean_num_novelty_signals,0.14285714285714285
2021_10_01_MZT_S12,2021MZT,session_mean_num_novelty_signals,0.2857142857142857
2021_06_10_SLU_S2,2021SLU,session_mean_num_novelty_signals,0.1111111111111111
2021_06_11_SLU_S4,2021SLU,session_mean_num_novelty_signals,0.25
2021_06_11_SLU_S9,2021SLU,session_mean_num_novelty_signals,0.1111111111111111
2022-04-07-MND-S1,2022MND,session_mean_num_novelty_signals,0.125
2022-04-08-MND-S10,2022MND,session_mean_num_novelty_signals,0.125
2020_11_05_NES_S2,2020NES,session_mean_num_role_anticipation,0.5
2020_11_05_NES_S5,2020NES,session_mean_num_role_anticipation,0.4
2021-10-07-CMC-S1,2021CMC,session_mean_num_role_anticipation,0.625
2021-10-08-CMC-S1,2021CMC,session_mean_num_role_anticipation,0.375
2021-10-08-CMC-S11,2021CMC,session_mean_num_role_anticipation,0.375
2021_04_23_MND_S11,2021MND,session_mean_num_role_anticipation,0.5
2021_04_23_MND_S14,2021MND,session_mean_num_role_anticipation,0.42857142857142855
2021_10_01_MZT_S12,2021MZT,session_mean_num_role_anticipation,0.42857142857142855
2021-11-04-NES-S2,2021NES,session_mean_num_role_anticipation,0.8333333333333334
2021-11-04-NES-S5,2021NES,session_mean_num_role_anticipation,0.75
2021-11-05-NES-S1,2021NES,session_mean_num_role_anticipation,0.5833333333333334
2021-11-05-NES-S2,2021NES,session_mean_num_role_anticipation,0.375
2021-11-05-NES-S7,2021NES,session_mean_num_role_anticipation,1.0
2021_06_10_SLU_S2,2021SLU,session_mean_num_role_anticipation,0.4444444444444444
2022-04-07-MND-S2,2022MND,session_mean_num_role_anticipation,0.5714285714285714
2022-04-08-MND-S10,2022MND,session_mean_num_role_anticipation,0.375
2022-04-08-MND-S5,2022MND,session_mean_num_role_anticipation,0.8571428571428571
2020_11_05_NES_S5,2020NES,session_mean_num_scope_calibration,0.6
2021-05-20-ABI-S4,2021ABI,session_mean_num_scope_calibration,0.375
2021-10-08-CMC-S13,2021CMC,session_mean_num_scope_calibration,0.375
2021_04_22_MND_S7,2021MND,session_mean_num_scope_calibration,0.375
2021_09_30_MZT_S1,2021MZT,session_mean_num_scope_calibration,0.5
2021_10_01_MZT_S7,2021MZT,session_mean_num_scope_calibration,0.8571428571428571
2021_06_10_SLU_S1,2021SLU,session_mean_num_scope_calibration,0.375
2021_06_10_SLU_S4,2021SLU,session_mean_num_scope_calibration,1.0
2021_06_10_SLU_S5,2021SLU,session_mean_num_scope_calibration,0.42857142857142855
2022-04-07-MND-S4,2022MND,session_mean_num_scope_calibration,0.42857142857142855
2020_11_05_NES_S1,2020NES,session_mean_num_setback_defends,0.125
2020_11_05_NES_S2,2020NES,session_mean_num_setback_defends,0.125
2020_11_05_NES_S5,2020NES,session_mean_num_setback_defends,0.1
2020_11_06_NES_S11,2020NES,session_mean_num_setback_defends,0.2727272727272727
2020_11_06_NES_S12,2020NES,session_mean_num_setback_defends,0.125
2020_11_06_NES_S3,2020NES,session_mean_num_setback_defends,0.5
2020_11_06_NES_S4,2020NES,session_mean_num_setback_defends,0.125
2020_11_06_NES_S8,2020NES,session_mean_num_setback_defends,0.125
2021-05-20-ABI-S5,2021ABI,session_mean_num_setback_defends,0.125
2021-05-20-ABI-S8,2021ABI,session_mean_num_setback_defends,0.125
2021-10-07-CMC-S6,2021CMC,session_mean_num_setback_defends,0.125
2021-10-08-CMC-S10,2021CMC,session_mean_num_setback_defends,0.375
2021-10-08-CMC-S11,2021CMC,session_mean_num_setback_defends,0.375
2021-10-08-CMC-S3,2021CMC,session_mean_num_setback_defends,0.125
2021_04_22_MND_S8,2021MND,session_mean_num_setback_defends,0.14285714285714285
2021_04_23_MND_S1,2021MND,session_mean_num_setback_defends,0.125
2021_04_23_MND_S11,2021MND,session_mean_num_setback_defends,0.16666666666666666
2021_04_23_MND_S12,2021MND,session_mean_num_setback_defends,0.14285714285714285
2021_04_23_MND_S7,2021MND,session_mean_num_setback_defends,0.2857142857142857
2021_04_23_MND_S9,2021MND,session_mean_num_setback_defends,0.42857142857142855
2021_09_30_MZT_S2,2021MZT,session_mean_num_setback_defends,0.3333333333333333
2021_09_30_MZT_S7,2021MZT,session_mean_num_setback_defends,0.0625
2021_10_01_MZT_S1,2021MZT,session_mean_num_setback_defends,0.1111111111111111
2021_10_01_MZT_S13,2021MZT,session_mean_num_setback_defends,0.07142857142857142
2021-11-04-NES-S2,2021NES,session_mean_num_setback_defends,0.3333333333333333
2021-11-04-NES-S4,2021NES,session_mean_num_setback_defends,0.14285714285714285
2021-11-05-NES-S1,2021NES,session_mean_num_setback_defends,0.16666666666666666
2021-11-05-NES-S6,2021NES,session_mean_num_setback_defends,0.08333333333333333
2021-11-05-NES-S9,2021NES,session_mean_num_setback_defends,0.42857142857142855
2021_06_10_SLU_S6,2021SLU,session_mean_num_setback_defends,0.2222222222222222
2021_06_11_SLU_S12,2021SLU,session_mean_num_setback_defends,0.375
2021_06_11_SLU_S9,2021SLU,session_mean_num_setback_defends,0.3333333333333333
2022-04-08-MND-S4,2022MND,session_mean_num_setback_defends,0.25
2022-04-08-MND-S5,2022MND,session_mean_num_setback_defends,0.14285714285714285
2020_11_06_NES_S6,2020NES,session_mean_pct_building,0.6136653617325556
2020_11_06_NES_S7,2020NES,session_mean_pct_building,0.5668086742996938
2020_11_06_NES_S9,2020NES,session_mean_pct_building,0.5445217888573697
2021_06_10_SLU_S3,2021SLU,session_mean_pct_building,0.6162895510718027
2022-04-08-MND-S12,2022MND,session_mean_pct_building,0.0
2022-04-08-MND-S6,2022MND,session_mean_pct_building,0.0
2020_11_05_NES_S4,2020NES,session_mean_pct_hesitation,0.2551604324290349
2021-10-07-CMC-S2,2021CMC,session_mean_pct_hesitation,0.2358186959874603
2021_04_22_MND_S5,2021MND,session_mean_pct_high_enthusiasm,0.4736825472274007
2021_10_01_MZT_S12,2021MZT,session_mean_pct_high_enthusiasm,0.6068376068376068
2020_11_06_NES_S2,2020NES,session_mean_pct_high_quality,0.8073593073593075
2021-05-20-ABI-S8,2021ABI,session_mean_pct_high_quality,0.875
2021-05-21-ABI-S11,2021ABI,session_mean_pct_high_quality,0.8611111111111112
2021-10-08-CMC-S11,2021CMC,session_mean_pct_high_quality,0.8487394957983193
2021-10-08-CMC-S7,2021CMC,session_mean_pct_high_quality,0.8571428571428571
2021_10_01_MZT_S5,2021MZT,session_mean_pct_high_quality,0.875
2021-11-04-NES-S4,2021NES,session_mean_pct_high_quality,0.8901098901098902
2021-11-04-NES-S6,2021NES,session_mean_pct_high_quality,0.75
2021-11-05-NES-S2,2021NES,session_mean_pct_high_quality,0.8888888888888888
2021-11-05-NES-S8,2021NES,session_mean_pct_high_quality,0.8269841269841269
2021_06_10_SLU_S3,2021SLU,session_mean_pct_high_quality,0.8472222222222223
2022-04-08-MND-S2,2022MND,session_mean_pct_high_quality,0.8709134615384615
2022-04-08-MND-S3,2022MND,session_mean_pct_high_quality,0.8282486907806601
2022-04-08-MND-S8,2022MND,session_mean_pct_high_quality,0.8719078540507113
2021-05-20-ABI-S3,2021ABI,session_mean_pct_turns_any_smile,0.48542429792429787
2021-05-20-ABI-S5,2021ABI,session_mean_pct_turns_any_smile,0.5290905331227912
2021-10-07-CMC-S7,2021CMC,session_mean_pct_turns_any_smile,0.6167728105228105
2021-10-08-CMC-S6,2021CMC,session_mean_pct_turns_any_smile,0.5089285714285714
2021_04_22_MND_S4,2021MND,session_mean_pct_turns_any_smile,0.506423668923669
2021_10_01_MZT_S12,2021MZT,session_mean_pct_turns_any_smile,0.5129578754578754
2021_06_11_SLU_S3,2021SLU,session_mean_pct_turns_any_smile,0.5409652076318743
2022-04-08-MND-S3,2022MND,session_mean_pct_turns_any_smile,0.5267543829088821
2021-10-07-CMC-S6,2021CMC,session_mean_pct_turns_audible_backchannel,0.23854952237305177
2021-10-07-CMC-S7,2021CMC,session_mean_pct_turns_audible_backchannel,0.2519771894771895
2021_10_01_MZT_S12,2021MZT,session_mean_pct_turns_audible_backchannel,0.38375850340136053
2022-04-07-MND-S1,2022MND,session_mean_pct_turns_audible_backchannel,0.2595946333078686
2022-04-08-MND-S9,2022MND,session_mean_pct_turns_audible_backchannel,0.2094158058504408
2020_11_05_NES_S4,2020NES,session_mean_pct_turns_distraction,0.0028735632183908046
2021_04_23_MND_S1,2021MND,session_mean_pct_turns_distraction,0.07142857142857142
2021-11-05-NES-S3,2021NES,session_mean_pct_turns_distraction,0.006493506493506493
2021-11-05-NES-S9,2021NES,session_mean_pct_turns_distraction,0.14285714285714285
2022-04-08-MND-S2,2022MND,session_mean_pct_turns_distraction,0.019736842105263157
2021_10_01_MZT_S12,2021MZT,session_mean_pct_turns_shared_affect,0.293825222396651
2022-04-08-MND-S3,2022MND,session_mean_pct_turns_shared_affect,0.2503732733509024
2022-04-08-MND-S8,2022MND,session_mean_pct_turns_shared_affect,0.19341289341289342
2022-04-08-MND-S9,2022MND,session_mean_pct_turns_shared_affect,0.1667734956359744
2021-05-20-ABI-S6,2021ABI,session_mean_personal_disclosure,0.75
2021-05-21-ABI-S8,2021ABI,session_mean_personal_disclosure,0.75
2021-10-08-CMC-S10,2021CMC,session_mean_personal_disclosure,0.875
2021-10-08-CMC-S6,2021CMC,session_mean_personal_disclosure,1.0
2021-10-08-CMC-S7,2021CMC,session_mean_personal_disclosure,0.75
2022-04-08-MND-S2,2022MND,session_mean_personal_disclosure,0.875
2022-04-08-MND-S3,2022MND,session_mean_personal_disclosure,0.875
2021_04_22_MND_S2,2021MND,session_mean_problem_specificity_level,1.0
2021-11-04-NES-S6,2021NES,session_mean_problem_specificity_level,1.0
2021-05-20-ABI-S3,2021ABI,session_mean_pronoun_shift_occurred,0.375
2021-05-20-ABI-S5,2021ABI,session_mean_pronoun_shift_occurred,0.5
2021-05-20-ABI-S7,2021ABI,session_mean_pronoun_shift_occurred,0.375
2021-05-21-ABI-S11,2021ABI,session_mean_pronoun_shift_occurred,0.375
2021-05-21-ABI-S3,2021ABI,session_mean_pronoun_shift_occurred,0.4
2021-05-21-ABI-S7,2021ABI,session_mean_pronoun_shift_occurred,0.375
2021-10-07-CMC-S3,2021CMC,session_mean_pronoun_shift_occurred,0.375
2021-10-07-CMC-S6,2021CMC,session_mean_pronoun_shift_occurred,0.375
2021-10-08-CMC-S7,2021CMC,session_mean_pronoun_shift_occurred,0.375
2021_04_23_MND_S16,2021MND,session_mean_pronoun_shift_occurred,0.42857142857142855
2021_09_30_MZT_S1,2021MZT,session_mean_pronoun_shift_occurred,0.5
2021_10_01_MZT_S12,2021MZT,session_mean_responsiveness_index,2.1210319556621635
2022-04-08-MND-S3,2022MND,session_mean_responsiveness_index,1.1675925437315646
2021-05-20-ABI-S3,2021ABI,session_mean_risk_acknowledgment_enthusiasm,0.375
2021-05-20-ABI-S8,2021ABI,session_mean_risk_acknowledgment_enthusiasm,0.375
2021-05-21-ABI-S11,2021ABI,session_mean_risk_acknowledgment_enthusiasm,0.375
2021-05-21-ABI-S8,2021ABI,session_mean_risk_acknowledgment_enthusiasm,0.375
2021-10-07-CMC-S3,2021CMC,session_mean_risk_acknowledgment_enthusiasm,0.5
2021-10-07-CMC-S6,2021CMC,session_mean_risk_acknowledgment_enthusiasm,0.375
2021-10-08-CMC-S12,2021CMC,session_mean_risk_acknowledgment_enthusiasm,0.5
2021_04_23_MND_S10,2021MND,session_mean_risk_acknowledgment_enthusiasm,0.7142857142857143
2021-11-05-NES-S12,2021NES,session_mean_risk_acknowledgment_enthusiasm,0.42857142857142855
2021_06_10_SLU_S5,2021SLU,session_mean_risk_acknowledgment_enthusiasm,0.42857142857142855
2021_06_10_SLU_S7,2021SLU,session_mean_risk_acknowledgment_enthusiasm,0.375
2021_06_11_SLU_S2,2021SLU,session_mean_risk_acknowledgment_enthusiasm,0.4444444444444444
2021_06_11_SLU_S5,2021SLU,session_mean_risk_acknowledgment_enthusiasm,0.5
2021_04_22_MND_S4,2021MND,session_mean_skill_gap_identified,1.0
2021_04_22_MND_S2,2021MND,session_mean_total_quality_score,1.0
2021_06_11_SLU_S6,2021SLU,session_mean_total_quality_score,25.0
2022-04-08-MND-S12,2022MND,session_mean_total_quality_score,0.0
2022-04-08-MND-S6,2022MND,session_mean_total_quality_score,0.0
2020_11_06_NES_S4,2020NES,session_middle_ambition_level_ordinal,0.0
2021-10-08-CMC-S10,2021CMC,session_middle_ambition_level_ordinal,0.0
2021-11-04-NES-S6,2021NES,session_middle_ambition_level_ordinal,0.0
2022-04-08-MND-S3,2022MND,session_middle_ambition_level_ordinal,0.6666666666666666
2022-04-08-MND-S8,2022MND,session_middle_ambition_level_ordinal,0.0
2021-05-21-ABI-S2,2021ABI,session_middle_any_laughter,0.16666666666666666
2021-05-21-ABI-S7,2021ABI,session_middle_any_laughter,0.16666666666666666
2021_04_22_MND_S6,2021MND,session_middle_any_laughter,0.0
2021_04_23_MND_S6,2021MND,session_middle_any_laughter,0.2
2021-11-05-NES-S4,2021NES,session_middle_any_laughter,0.2
2021-11-05-NES-S6,2021NES,session_middle_any_laughter,0.1
2020_11_06_NES_S11,2020NES,session_middle_artifact_interaction,0.8
2021_09_30_MZT_S4,2021MZT,session_middle_artifact_interaction,0.75
2022-04-07-MND-S2,2022MND,session_middle_artifact_interaction,0.6
2020_11_06_NES_S3,2020NES,session_middle_blocking_count,5.0
2021-10-08-CMC-S10,2021CMC,session_middle_blocking_count,6.833333333333333
2021_04_23_MND_S14,2021MND,session_middle_building_blocking_ratio,13200004.89999595
2020_11_06_NES_S3,2020NES,session_middle_building_count,28.0
2021_04_22_MND_S6,2021MND,session_middle_building_count,1.0
2022-04-08-MND-S2,2022MND,session_middle_building_count,24.5
2020_11_05_NES_S5,2020NES,session_middle_collective_engagement_score,2.5
2020_11_06_NES_S1,2020NES,session_middle_collective_engagement_score,2.0
2020_11_06_NES_S2,2020NES,session_middle_collective_engagement_score,2.7142857142857144
2020_11_06_NES_S7,2020NES,session_middle_collective_engagement_score,2.75
2021-05-20-ABI-S5,2021ABI,session_middle_collective_engagement_score,3.8333333333333335
2021-10-07-CMC-S3,2021CMC,session_middle_collective_engagement_score,3.6666666666666665
2021-10-07-CMC-S4,2021CMC,session_middle_collective_engagement_score,3.6
2021-10-07-CMC-S5,2021CMC,session_middle_collective_engagement_score,3.5
2021-10-07-CMC-S7,2021CMC,session_middle_collective_engagement_score,4.0
2021-10-08-CMC-S1,2021CMC,session_middle_collective_engagement_score,2.6666666666666665
2021-10-08-CMC-S13,2021CMC,session_middle_collective_engagement_score,3.6666666666666665
2021_04_22_MND_S6,2021MND,session_middle_collective_engagement_score,2.0
2021_09_30_MZT_S3,2021MZT,session_middle_collective_engagement_score,2.75
2021_10_01_MZT_S4,2021MZT,session_middle_collective_engagement_score,2.75
2021-11-04-NES-S1,2021NES,session_middle_collective_engagement_score,2.25
2021-11-04-NES-S6,2021NES,session_middle_collective_engagement_score,2.5
2021-11-05-NES-S1,2021NES,session_middle_collective_engagement_score,2.7
2021-11-05-NES-S3,2021NES,session_middle_collective_engagement_score,2.6666666666666665
2021-11-05-NES-S4,2021NES,session_middle_collective_engagement_score,2.6
2021-11-05-NES-S6,2021NES,session_middle_collective_engagement_score,2.5
2021-11-05-NES-S8,2021NES,session_middle_collective_engagement_score,2.6666666666666665
2021_06_10_SLU_S4,2021SLU,session_middle_collective_engagement_score,3.8
2021_06_11_SLU_S3,2021SLU,session_middle_collective_engagement_score,3.5714285714285716
2022-04-08-MND-S3,2022MND,session_middle_collective_engagement_score,3.5
2020_11_05_NES_S6,2020NES,session_middle_commitment_signal,0.5
2021-10-07-CMC-S3,2021CMC,session_middle_commitment_signal,0.6666666666666666
2021_10_01_MZT_S12,2021MZT,session_middle_commitment_signal,0.6
2021_06_10_SLU_S2,2021SLU,session_middle_commitment_signal,0.42857142857142855
2021_06_10_SLU_S5,2021SLU,session_middle_commitment_signal,0.6
2021-10-08-CMC-S10,2021CMC,session_middle_cross_disciplinary_bridging,0.16666666666666666
2021_04_22_MND_S6,2021MND,session_middle_cross_disciplinary_bridging,0.0
2021_04_23_MND_S3,2021MND,session_middle_cross_disciplinary_bridging,0.4
2021_10_01_MZT_S8,2021MZT,session_middle_cross_disciplinary_bridging,0.2
2021-11-04-NES-S6,2021NES,session_middle_cross_disciplinary_bridging,0.5
2021-11-05-NES-S9,2021NES,session_middle_cross_disciplinary_bridging,0.4
2022-04-08-MND-S8,2022MND,session_middle_cross_disciplinary_bridging,0.3333333333333333
2021-10-07-CMC-S3,2021CMC,session_middle_decision_crystallization_level,3.5
2021_06_10_SLU_S3,2021SLU,session_middle_dissent_response_quality,2.8
2022-04-07-MND-S2,2022MND,session_middle_dissent_response_quality,2.75
2022-04-08-MND-S1,2022MND,session_middle_dissent_response_quality,2.6666666666666665
2022-04-08-MND-S10,2022MND,session_middle_dissent_response_quality,2.8
2020_11_06_NES_S12,2020NES,session_middle_dominant_speaker_flag,0.5
2021-05-20-ABI-S8,2021ABI,session_middle_dominant_speaker_flag,0.5
2021_04_22_MND_S1,2021MND,session_middle_dominant_speaker_flag,0.5
2021_04_22_MND_S6,2021MND,session_middle_dominant_speaker_flag,1.0
2022-04-08-MND-S10,2022MND,session_middle_dominant_speaker_flag,0.5
2021-05-21-ABI-S7,2021ABI,session_middle_explore_vs_defend_ratio,666666.6666666666
2021_04_22_MND_S6,2021MND,session_middle_gini_coefficient,0.0
2021_09_30_MZT_S4,2021MZT,session_middle_gini_coefficient,0.4994560593961533
2022-04-08-MND-S5,2022MND,session_middle_gini_coefficient,0.5456882550345254
2020_11_06_NES_S3,2020NES,session_middle_interruption_quality_ratio,2000000.0
2020_11_06_NES_S9,2020NES,session_middle_interruption_quality_ratio,2000000.055555537
2021-10-07-CMC-S2,2021CMC,session_middle_interruption_quality_ratio,2000000.0
2021_09_30_MZT_S2,2021MZT,session_middle_interruption_quality_ratio,2250000.0
2022-04-08-MND-S2,2022MND,session_middle_interruption_quality_ratio,2333335.3333313335
2022-04-08-MND-S8,2022MND,session_middle_interruption_quality_ratio,2666666.6666666665
2021-10-07-CMC-S3,2021CMC,session_middle_is_convergent,0.8333333333333334
2021_04_23_MND_S16,2021MND,session_middle_is_convergent,0.8
2021-05-20-ABI-S2,2021ABI,session_middle_is_divergent,0.0
2021-05-20-ABI-S4,2021ABI,session_middle_is_divergent,0.0
2021-05-21-ABI-S11,2021ABI,session_middle_is_divergent,0.0
2021-10-07-CMC-S3,2021CMC,session_middle_is_divergent,0.16666666666666666
2021-10-08-CMC-S14,2021CMC,session_middle_is_divergent,0.0
2021_04_23_MND_S15,2021MND,session_middle_is_divergent,0.2
2021_04_23_MND_S16,2021MND,session_middle_is_divergent,0.0
2021_04_23_MND_S5,2021MND,session_middle_is_divergent,0.0
2021_09_30_MZT_S4,2021MZT,session_middle_is_divergent,0.0
2021_10_01_MZT_S12,2021MZT,session_middle_is_divergent,0.2
2021-11-04-NES-S6,2021NES,session_middle_is_divergent,0.0
2020_11_06_NES_S2,2020NES,session_middle_is_procedural,0.14285714285714285
2021-05-20-ABI-S1,2021ABI,session_middle_is_procedural,0.14285714285714285
2021-05-20-ABI-S2,2021ABI,session_middle_is_procedural,0.2222222222222222
2021-05-20-ABI-S3,2021ABI,session_middle_is_procedural,0.16666666666666666
2021-05-20-ABI-S7,2021ABI,session_middle_is_procedural,0.16666666666666666
2021-05-21-ABI-S10,2021ABI,session_middle_is_procedural,0.16666666666666666
2021-05-21-ABI-S11,2021ABI,session_middle_is_procedural,0.16666666666666666
2021-05-21-ABI-S12,2021ABI,session_middle_is_procedural,0.375
2021-05-21-ABI-S13,2021ABI,session_middle_is_procedural,0.14285714285714285
2021-05-21-ABI-S15,2021ABI,session_middle_is_procedural,0.2
2021-05-21-ABI-S3,2021ABI,session_middle_is_procedural,0.125
2021-05-21-ABI-S5,2021ABI,session_middle_is_procedural,0.25
2021-05-21-ABI-S6,2021ABI,session_middle_is_procedural,0.125
2021-10-07-CMC-S5,2021CMC,session_middle_is_procedural,0.3333333333333333
2021-10-08-CMC-S1,2021CMC,session_middle_is_procedural,0.16666666666666666
2021-10-08-CMC-S6,2021CMC,session_middle_is_procedural,0.16666666666666666
2021-10-08-CMC-S7,2021CMC,session_middle_is_procedural,0.16666666666666666
2021_04_23_MND_S16,2021MND,session_middle_is_procedural,0.2
2021_04_23_MND_S3,2021MND,session_middle_is_procedural,0.2
2021_09_30_MZT_S4,2021MZT,session_middle_is_procedural,0.25
2021_09_30_MZT_S7,2021MZT,session_middle_is_procedural,0.07142857142857142
2021_10_01_MZT_S13,2021MZT,session_middle_is_procedural,0.08333333333333333
2021_10_01_MZT_S6,2021MZT,session_middle_is_procedural,0.21428571428571427
2021-11-04-NES-S1,2021NES,session_middle_is_procedural,0.25
2021-11-04-NES-S6,2021NES,session_middle_is_procedural,1.0
2021-11-05-NES-S4,2021NES,session_middle_is_procedural,0.1
2021-11-05-NES-S8,2021NES,session_middle_is_procedural,0.16666666666666666
2021_06_10_SLU_S3,2021SLU,session_middle_is_procedural,0.14285714285714285
2022-04-07-MND-S4,2022MND,session_middle_is_procedural,0.2
2021-10-07-CMC-S3,2021CMC,session_middle_laughter_appreciative,0.8333333333333334
2021_04_23_MND_S2,2021MND,session_middle_laughter_appreciative,0.6
2021_06_11_SLU_S2,2021SLU,session_middle_laughter_appreciative,0.5714285714285714
2020_11_06_NES_S11,2020NES,session_middle_laughter_tension_release,0.2
2020_11_06_NES_S4,2020NES,session_middle_laughter_tension_release,0.25
2020_11_06_NES_S8,2020NES,session_middle_laughter_tension_release,0.16666666666666666
2021_04_23_MND_S3,2021MND,session_middle_laughter_tension_release,0.2
2021_04_23_MND_S6,2021MND,session_middle_laughter_tension_release,0.2
2021_04_23_MND_S8,2021MND,session_middle_laughter_tension_release,0.2
2021_09_30_MZT_S7,2021MZT,session_middle_laughter_tension_release,0.07142857142857142
2021_10_01_MZT_S1,2021MZT,session_middle_laughter_tension_release,0.14285714285714285
2021_10_01_MZT_S4,2021MZT,session_middle_laughter_tension_release,0.125
2021_10_01_MZT_S8,2021MZT,session_middle_laughter_tension_release,0.2
2021-11-04-NES-S2,2021NES,session_middle_laughter_tension_release,0.25
2021-11-04-NES-S4,2021NES,session_middle_laughter_tension_release,0.2
2021-11-05-NES-S1,2021NES,session_middle_laughter_tension_release,0.1
2021-11-05-NES-S8,2021NES,session_middle_laughter_tension_release,0.16666666666666666
2022-04-08-MND-S10,2022MND,session_middle_laughter_tension_release,0.16666666666666666
2020_11_05_NES_S4,2020NES,session_middle_mean_distracted_count,0.008620689655172414
2021_04_23_MND_S1,2021MND,session_middle_mean_distracted_count,0.09523809523809523
2021-11-05-NES-S3,2021NES,session_middle_mean_distracted_count,0.007936507936507936
2021-11-05-NES-S9,2021NES,session_middle_mean_distracted_count,0.2
2022-04-08-MND-S2,2022MND,session_middle_mean_distracted_count,0.02631578947368421
2021-05-21-ABI-S16,2021ABI,session_middle_mean_idea_quality_Idea_Management,2.0
2021_04_22_MND_S6,2021MND,session_middle_mean_idea_quality_Idea_Management,1.0
2022-04-08-MND-S8,2022MND,session_middle_mean_idea_quality_Idea_Management,1.0
2021_04_23_MND_S16,2021MND,session_middle_mean_idea_quality_Knowledge_Sharing,1.6833333333333336
2021-05-21-ABI-S10,2021ABI,session_middle_mean_nod_rate,0.0
2021-05-21-ABI-S15,2021ABI,session_middle_mean_nod_rate,0.004651162790697674
2021_04_22_MND_S6,2021MND,session_middle_mean_nod_rate,0.0
2021_04_22_MND_S6,2021MND,session_middle_mean_quality_score,1.0
2021-11-04-NES-S6,2021NES,session_middle_mean_quality_score,1.0
2022-04-08-MND-S8,2022MND,session_middle_mean_quality_score,0.9560335497835498
2021-10-07-CMC-S3,2021CMC,session_middle_mean_vocal_enthusiasm,2.5495670995670996
2021_10_01_MZT_S12,2021MZT,session_middle_mean_vocal_enthusiasm,2.7983630952380953
2020_11_06_NES_S1,2020NES,session_middle_meeting_structure_quality,0.6666666666666666
2020_11_06_NES_S11,2020NES,session_middle_meeting_structure_quality,0.8
2020_11_06_NES_S4,2020NES,session_middle_meeting_structure_quality,0.75
2021-05-21-ABI-S3,2021ABI,session_middle_meeting_structure_quality,1.75
2021_04_23_MND_S12,2021MND,session_middle_meeting_structure_quality,0.8
2021_04_23_MND_S3,2021MND,session_middle_meeting_structure_quality,0.8
2021_09_30_MZT_S4,2021MZT,session_middle_meeting_structure_quality,1.75
2021-11-04-NES-S6,2021NES,session_middle_meeting_structure_quality,2.0
2022-04-07-MND-S1,2022MND,session_middle_meeting_structure_quality,0.8333333333333334
2022-04-07-MND-S6,2022MND,session_middle_meeting_structure_quality,0.8
2022-04-08-MND-S8,2022MND,session_middle_meeting_structure_quality,0.8333333333333334
2020_11_06_NES_S11,2020NES,session_middle_num_Broader_Significance,0.8
2020_11_06_NES_S12,2020NES,session_middle_num_Broader_Significance,1.0
2020_11_06_NES_S2,2020NES,session_middle_num_Broader_Significance,0.7142857142857143
2020_11_06_NES_S4,2020NES,session_middle_num_Broader_Significance,0.75
2020_11_06_NES_S8,2020NES,session_middle_num_Broader_Significance,0.6666666666666666
2020_11_06_NES_S9,2020NES,session_middle_num_Broader_Significance,0.6666666666666666
2021-10-08-CMC-S3,2021CMC,session_middle_num_Broader_Significance,1.0
2021_04_22_MND_S8,2021MND,session_middle_num_Broader_Significance,1.4
2021_04_23_MND_S8,2021MND,session_middle_num_Broader_Significance,0.8
2021-11-04-NES-S5,2021NES,session_middle_num_Broader_Significance,0.8333333333333334
2021-11-05-NES-S12,2021NES,session_middle_num_Broader_Significance,1.0
2021-11-05-NES-S5,2021NES,session_middle_num_Broader_Significance,1.0
2021-11-05-NES-S6,2021NES,session_middle_num_Broader_Significance,1.0
2021-11-05-NES-S9,2021NES,session_middle_num_Broader_Significance,0.8
2022-04-07-MND-S5,2022MND,session_middle_num_Broader_Significance,0.8333333333333334
2022-04-08-MND-S7,2022MND,session_middle_num_Broader_Significance,0.6666666666666666
2020_11_05_NES_S6,2020NES,session_middle_num_Complementarity_Articulation,1.5
2021-05-20-ABI-S5,2021ABI,session_middle_num_Complementarity_Articulation,0.6666666666666666
2021-10-08-CMC-S5,2021CMC,session_middle_num_Complementarity_Articulation,0.6666666666666666
2021_04_22_MND_S1,2021MND,session_middle_num_Complementarity_Articulation,0.6666666666666666
2021_04_23_MND_S16,2021MND,session_middle_num_Complementarity_Articulation,0.6
2022-04-08-MND-S10,2022MND,session_middle_num_Complementarity_Articulation,0.6666666666666666
2021_09_30_MZT_S4,2021MZT,session_middle_num_Coordination_Decision,10.25
2022-04-08-MND-S7,2022MND,session_middle_num_Coordination_Decision,6.0
2020_11_05_NES_S6,2020NES,session_middle_num_Epistemic_Bridging,3.0
2020_11_06_NES_S10,2020NES,session_middle_num_Epistemic_Bridging,1.5
2020_11_06_NES_S12,2020NES,session_middle_num_Epistemic_Bridging,1.5
2021_10_01_MZT_S4,2021MZT,session_middle_num_Epistemic_Bridging,1.25
2021-11-04-NES-S4,2021NES,session_middle_num_Epistemic_Bridging,1.2
2021_06_10_SLU_S2,2021SLU,session_middle_num_Epistemic_Bridging,1.4285714285714286
2021_06_11_SLU_S5,2021SLU,session_middle_num_Epistemic_Bridging,1.3333333333333333
2022-04-08-MND-S9,2022MND,session_middle_num_Epistemic_Bridging,1.3333333333333333
2020_11_06_NES_S3,2020NES,session_middle_num_Evaluation_Practices,14.0
2021-10-08-CMC-S10,2021CMC,session_middle_num_Evaluation_Practices,9.5
2021-11-05-NES-S10,2021NES,session_middle_num_Evaluation_Practices,8.0
2021_06_11_SLU_S11,2021SLU,session_middle_num_Evaluation_Practices,7.666666666666667
2022-04-08-MND-S2,2022MND,session_middle_num_Evaluation_Practices,8.0
2020_11_06_NES_S12,2020NES,session_middle_num_Future_Oriented_Language,0.5
2020_11_06_NES_S3,2020NES,session_middle_num_Future_Oriented_Language,1.0
2021-11-04-NES-S6,2021NES,session_middle_num_Future_Oriented_Language,0.5
2021_06_11_SLU_S6,2021SLU,session_middle_num_Future_Oriented_Language,0.5
2022-04-08-MND-S2,2022MND,session_middle_num_Future_Oriented_Language,0.8333333333333334
2021_06_11_SLU_S6,2021SLU,session_middle_num_Idea_Management,10.5
2020_11_05_NES_S2,2020NES,session_middle_num_Idea_Novelty_Signal,0.16666666666666666
2020_11_05_NES_S4,2020NES,session_middle_num_Idea_Novelty_Signal,0.25
2020_11_06_NES_S1,2020NES,session_middle_num_Idea_Novelty_Signal,0.3333333333333333
2021_04_23_MND_S9,2021MND,session_middle_num_Idea_Novelty_Signal,0.4
2021_10_01_MZT_S11,2021MZT,session_middle_num_Idea_Novelty_Signal,0.2
2021_10_01_MZT_S12,2021MZT,session_middle_num_Idea_Novelty_Signal,0.2
2021_06_10_SLU_S2,2021SLU,session_middle_num_Idea_Novelty_Signal,0.14285714285714285
2021_06_11_SLU_S9,2021SLU,session_middle_num_Idea_Novelty_Signal,0.14285714285714285
2022-04-07-MND-S1,2022MND,session_middle_num_Idea_Novelty_Signal,0.16666666666666666
2022-04-08-MND-S10,2022MND,session_middle_num_Idea_Novelty_Signal,0.16666666666666666
2020_11_06_NES_S1,2020NES,session_middle_num_Idea_Ownership_Attribution,0.6666666666666666
2021-10-08-CMC-S3,2021CMC,session_middle_num_Idea_Ownership_Attribution,1.1666666666666667
2021_04_23_MND_S14,2021MND,session_middle_num_Idea_Ownership_Attribution,0.8
2021_09_30_MZT_S4,2021MZT,session_middle_num_Idea_Ownership_Attribution,0.75
2021_06_10_SLU_S4,2021SLU,session_middle_num_Idea_Ownership_Attribution,0.6
2021_06_11_SLU_S1,2021SLU,session_middle_num_Idea_Ownership_Attribution,0.6666666666666666
2021_06_11_SLU_S13,2021SLU,session_middle_num_Idea_Ownership_Attribution,1.0
2020_11_06_NES_S10,2020NES,session_middle_num_Information_Seeking,6.5
2021_04_23_MND_S11,2021MND,session_middle_num_Information_Seeking,7.0
2021_04_23_MND_S14,2021MND,session_middle_num_Information_Seeking,7.0
2022-04-08-MND-S8,2022MND,session_middle_num_Information_Seeking,6.666666666666667
2020_11_06_NES_S3,2020NES,session_middle_num_Integration_Practices,7.5
2021-10-08-CMC-S3,2021CMC,session_middle_num_Integration_Practices,4.166666666666667
2021_09_30_MZT_S4,2021MZT,session_middle_num_Integration_Practices,6.75
2020_11_06_NES_S4,2020NES,session_middle_num_Knowledge_Sharing,10.5
2021_04_22_MND_S6,2021MND,session_middle_num_Knowledge_Sharing,0.0
2021-11-05-NES-S7,2021NES,session_middle_num_Knowledge_Sharing,10.6
2022-04-08-MND-S2,2022MND,session_middle_num_Knowledge_Sharing,11.5
2022-04-08-MND-S3,2022MND,session_middle_num_Knowledge_Sharing,10.833333333333334
2021_10_01_MZT_S10,2021MZT,session_middle_num_Participation_Dynamics,4.6
2021-11-04-NES-S6,2021NES,session_middle_num_Participation_Dynamics,4.5
2021-11-05-NES-S10,2021NES,session_middle_num_Participation_Dynamics,5.25
2021_06_10_SLU_S4,2021SLU,session_middle_num_Participation_Dynamics,4.4
2020_11_06_NES_S3,2020NES,session_middle_num_Relational_Climate,4.0
2020_11_06_NES_S8,2020NES,session_middle_num_Relational_Climate,5.166666666666667
2021-10-08-CMC-S11,2021CMC,session_middle_num_Relational_Climate,3.3333333333333335
2021_06_11_SLU_S10,2021SLU,session_middle_num_Relational_Climate,3.5714285714285716
2022-04-08-MND-S2,2022MND,session_middle_num_Relational_Climate,6.5
2022-04-08-MND-S3,2022MND,session_middle_num_Relational_Climate,4.166666666666667
2022-04-08-MND-S8,2022MND,session_middle_num_Relational_Climate,5.0
2020_11_05_NES_S3,2020NES,session_middle_num_Role_Anticipation,0.25
2020_11_06_NES_S11,2020NES,session_middle_num_Role_Anticipation,0.2
2020_11_06_NES_S3,2020NES,session_middle_num_Role_Anticipation,0.5
2020_11_06_NES_S4,2020NES,session_middle_num_Role_Anticipation,0.25
2021-10-07-CMC-S1,2021CMC,session_middle_num_Role_Anticipation,0.5
2021-10-08-CMC-S11,2021CMC,session_middle_num_Role_Anticipation,0.5
2021-10-08-CMC-S3,2021CMC,session_middle_num_Role_Anticipation,0.16666666666666666
2021-10-08-CMC-S5,2021CMC,session_middle_num_Role_Anticipation,0.16666666666666666
2021_04_23_MND_S11,2021MND,session_middle_num_Role_Anticipation,0.5
2021_04_23_MND_S12,2021MND,session_middle_num_Role_Anticipation,0.2
2021_04_23_MND_S14,2021MND,session_middle_num_Role_Anticipation,0.6
2021_09_30_MZT_S3,2021MZT,session_middle_num_Role_Anticipation,0.25
2021_09_30_MZT_S7,2021MZT,session_middle_num_Role_Anticipation,0.07142857142857142
2021_10_01_MZT_S1,2021MZT,session_middle_num_Role_Anticipation,0.14285714285714285
2021_10_01_MZT_S5,2021MZT,session_middle_num_Role_Anticipation,0.125
2021_10_01_MZT_S6,2021MZT,session_middle_num_Role_Anticipation,0.14285714285714285
2021-11-04-NES-S5,2021NES,session_middle_num_Role_Anticipation,0.16666666666666666
2021-11-05-NES-S1,2021NES,session_middle_num_Role_Anticipation,0.3
2021-11-05-NES-S12,2021NES,session_middle_num_Role_Anticipation,0.2
2021-11-05-NES-S2,2021NES,session_middle_num_Role_Anticipation,0.16666666666666666
2021-11-05-NES-S4,2021NES,session_middle_num_Role_Anticipation,0.1
2021-11-05-NES-S6,2021NES,session_middle_num_Role_Anticipation,0.1
2021-11-05-NES-S7,2021NES,session_middle_num_Role_Anticipation,0.2
2021-11-05-NES-S9,2021NES,session_middle_num_Role_Anticipation,0.4
2021_06_10_SLU_S2,2021SLU,session_middle_num_Role_Anticipation,0.5714285714285714
2021_06_10_SLU_S5,2021SLU,session_middle_num_Role_Anticipation,0.2
2021_06_11_SLU_S11,2021SLU,session_middle_num_Role_Anticipation,0.3333333333333333
2021_06_11_SLU_S12,2021SLU,session_middle_num_Role_Anticipation,0.16666666666666666
2021_06_11_SLU_S13,2021SLU,session_middle_num_Role_Anticipation,0.16666666666666666
2022-04-07-MND-S1,2022MND,session_middle_num_Role_Anticipation,0.16666666666666666
2022-04-07-MND-S2,2022MND,session_middle_num_Role_Anticipation,0.2
2022-04-07-MND-S6,2022MND,session_middle_num_Role_Anticipation,0.2
2022-04-08-MND-S10,2022MND,session_middle_num_Role_Anticipation,0.5
2022-04-08-MND-S11,2022MND,session_middle_num_Role_Anticipation,0.16666666666666666
2022-04-08-MND-S2,2022MND,session_middle_num_Role_Anticipation,0.16666666666666666
2022-04-08-MND-S5,2022MND,session_middle_num_Role_Anticipation,1.0
2022-04-08-MND-S7,2022MND,session_middle_num_Role_Anticipation,0.16666666666666666
2020_11_06_NES_S11,2020NES,session_middle_num_broader_significance,0.8
2020_11_06_NES_S12,2020NES,session_middle_num_broader_significance,1.0
2020_11_06_NES_S2,2020NES,session_middle_num_broader_significance,0.7142857142857143
2020_11_06_NES_S4,2020NES,session_middle_num_broader_significance,0.75
2020_11_06_NES_S8,2020NES,session_middle_num_broader_significance,0.6666666666666666
2020_11_06_NES_S9,2020NES,session_middle_num_broader_significance,0.6666666666666666
2021-10-08-CMC-S3,2021CMC,session_middle_num_broader_significance,1.0
2021_04_22_MND_S8,2021MND,session_middle_num_broader_significance,1.4
2021_04_23_MND_S8,2021MND,session_middle_num_broader_significance,0.8
2021-11-04-NES-S5,2021NES,session_middle_num_broader_significance,0.8333333333333334
2021-11-05-NES-S12,2021NES,session_middle_num_broader_significance,1.0
2021-11-05-NES-S5,2021NES,session_middle_num_broader_significance,1.0
2021-11-05-NES-S6,2021NES,session_middle_num_broader_significance,1.0
2021-11-05-NES-S9,2021NES,session_middle_num_broader_significance,0.8
2022-04-07-MND-S5,2022MND,session_middle_num_broader_significance,0.8333333333333334
2022-04-08-MND-S7,2022MND,session_middle_num_broader_significance,0.6666666666666666
2020_11_05_NES_S6,2020NES,session_middle_num_collaborative_completions,1.0
2020_11_06_NES_S10,2020NES,session_middle_num_collaborative_completions,1.0
2020_11_06_NES_S3,2020NES,session_middle_num_collaborative_completions,1.5
2021_09_30_MZT_S4,2021MZT,session_middle_num_collaborative_completions,1.0
2021-11-05-NES-S10,2021NES,session_middle_num_collaborative_completions,1.0
2022-04-07-MND-S2,2022MND,session_middle_num_collaborative_completions,1.0
2022-04-08-MND-S2,2022MND,session_middle_num_collaborative_completions,1.5
2022-04-08-MND-S8,2022MND,session_middle_num_collaborative_completions,1.1666666666666667
2020_11_05_NES_S5,2020NES,session_middle_num_competitive_interruptions,0.5
2020_11_06_NES_S9,2020NES,session_middle_num_competitive_interruptions,0.5
2021-10-08-CMC-S10,2021CMC,session_middle_num_competitive_interruptions,1.8333333333333333
2021_04_23_MND_S3,2021MND,session_middle_num_competitive_interruptions,0.6
2021-11-04-NES-S2,2021NES,session_middle_num_competitive_interruptions,0.5
2021-11-04-NES-S4,2021NES,session_middle_num_competitive_interruptions,0.8
2021-11-05-NES-S9,2021NES,session_middle_num_competitive_interruptions,0.6
2021_06_11_SLU_S10,2021SLU,session_middle_num_competitive_interruptions,0.7142857142857143
2021_06_11_SLU_S12,2021SLU,session_middle_num_competitive_interruptions,0.5
2022-04-08-MND-S9,2022MND,session_middle_num_competitive_interruptions,0.5
2020_11_05_NES_S6,2020NES,session_middle_num_complementarity,1.5
2021-05-20-ABI-S5,2021ABI,session_middle_num_complementarity,0.6666666666666666
2021-10-08-CMC-S5,2021CMC,session_middle_num_complementarity,0.6666666666666666
2021_04_22_MND_S1,2021MND,session_middle_num_complementarity,0.6666666666666666
2021_04_23_MND_S16,2021MND,session_middle_num_complementarity,0.6
2022-04-08-MND-S10,2022MND,session_middle_num_complementarity,0.6666666666666666
2020_11_06_NES_S12,2020NES,session_middle_num_elaborative_jumps,1.5
2020_11_06_NES_S9,2020NES,session_middle_num_elaborative_jumps,1.5
2021-10-07-CMC-S2,2021CMC,session_middle_num_elaborative_jumps,1.6666666666666667
2021-10-08-CMC-S10,2021CMC,session_middle_num_elaborative_jumps,1.5
2021-10-08-CMC-S3,2021CMC,session_middle_num_elaborative_jumps,1.3333333333333333
2021_09_30_MZT_S2,2021MZT,session_middle_num_elaborative_jumps,1.75
2021_10_01_MZT_S1,2021MZT,session_middle_num_elaborative_jumps,1.4285714285714286
2021_10_01_MZT_S11,2021MZT,session_middle_num_elaborative_jumps,1.6
2021_06_11_SLU_S9,2021SLU,session_middle_num_elaborative_jumps,1.2857142857142858
2022-04-07-MND-S5,2022MND,session_middle_num_elaborative_jumps,1.3333333333333333
2022-04-08-MND-S2,2022MND,session_middle_num_elaborative_jumps,2.8333333333333335
2022-04-08-MND-S3,2022MND,session_middle_num_elaborative_jumps,1.5
2022-04-08-MND-S8,2022MND,session_middle_num_elaborative_jumps,1.5
2020_11_05_NES_S6,2020NES,session_middle_num_epistemic_bridging,3.0
2020_11_06_NES_S10,2020NES,session_middle_num_epistemic_bridging,1.5
2020_11_06_NES_S12,2020NES,session_middle_num_epistemic_bridging,1.5
2021_10_01_MZT_S4,2021MZT,session_middle_num_epistemic_bridging,1.25
2021-11-04-NES-S4,2021NES,session_middle_num_epistemic_bridging,1.2
2021_06_10_SLU_S2,2021SLU,session_middle_num_epistemic_bridging,1.4285714285714286
2021_06_11_SLU_S5,2021SLU,session_middle_num_epistemic_bridging,1.3333333333333333
2022-04-08-MND-S9,2022MND,session_middle_num_epistemic_bridging,1.3333333333333333
2020_11_06_NES_S12,2020NES,session_middle_num_future_oriented,0.5
2020_11_06_NES_S3,2020NES,session_middle_num_future_oriented,1.0
2021-11-04-NES-S6,2021NES,session_middle_num_future_oriented,0.5
2021_06_11_SLU_S6,2021SLU,session_middle_num_future_oriented,0.5
2022-04-08-MND-S2,2022MND,session_middle_num_future_oriented,0.8333333333333334
2020_11_06_NES_S1,2020NES,session_middle_num_idea_attribution,0.6666666666666666
2021-10-08-CMC-S3,2021CMC,session_middle_num_idea_attribution,1.1666666666666667
2021_04_23_MND_S14,2021MND,session_middle_num_idea_attribution,0.8
2021_09_30_MZT_S4,2021MZT,session_middle_num_idea_attribution,0.75
2021_06_10_SLU_S4,2021SLU,session_middle_num_idea_attribution,0.6
2021_06_11_SLU_S1,2021SLU,session_middle_num_idea_attribution,0.6666666666666666
2021_06_11_SLU_S13,2021SLU,session_middle_num_idea_attribution,1.0
2021-10-07-CMC-S1,2021CMC,session_middle_num_individual_framing,10.0
2022-04-08-MND-S8,2022MND,session_middle_num_individual_framing,9.833333333333334
2021-05-20-ABI-S4,2021ABI,session_middle_num_named_next_steps,0.16666666666666666
2021-11-05-NES-S5,2021NES,session_middle_num_named_next_steps,0.1
2020_11_05_NES_S2,2020NES,session_middle_num_novelty_signals,0.16666666666666666
2020_11_05_NES_S4,2020NES,session_middle_num_novelty_signals,0.25
2020_11_06_NES_S1,2020NES,session_middle_num_novelty_signals,0.3333333333333333
2021_04_23_MND_S9,2021MND,session_middle_num_novelty_signals,0.4
2021_10_01_MZT_S11,2021MZT,session_middle_num_novelty_signals,0.2
2021_10_01_MZT_S12,2021MZT,session_middle_num_novelty_signals,0.2
2021_06_10_SLU_S2,2021SLU,session_middle_num_novelty_signals,0.14285714285714285
2021_06_11_SLU_S9,2021SLU,session_middle_num_novelty_signals,0.14285714285714285
2022-04-07-MND-S1,2022MND,session_middle_num_novelty_signals,0.16666666666666666
2022-04-08-MND-S10,2022MND,session_middle_num_novelty_signals,0.16666666666666666
2020_11_05_NES_S3,2020NES,session_middle_num_role_anticipation,0.25
2020_11_06_NES_S11,2020NES,session_middle_num_role_anticipation,0.2
2020_11_06_NES_S3,2020NES,session_middle_num_role_anticipation,0.5
2020_11_06_NES_S4,2020NES,session_middle_num_role_anticipation,0.25
2021-10-07-CMC-S1,2021CMC,session_middle_num_role_anticipation,0.5
2021-10-08-CMC-S11,2021CMC,session_middle_num_role_anticipation,0.5
2021-10-08-CMC-S3,2021CMC,session_middle_num_role_anticipation,0.16666666666666666
2021-10-08-CMC-S5,2021CMC,session_middle_num_role_anticipation,0.16666666666666666
2021_04_23_MND_S11,2021MND,session_middle_num_role_anticipation,0.5
2021_04_23_MND_S12,2021MND,session_middle_num_role_anticipation,0.2
2021_04_23_MND_S14,2021MND,session_middle_num_role_anticipation,0.6
2021_09_30_MZT_S3,2021MZT,session_middle_num_role_anticipation,0.25
2021_09_30_MZT_S7,2021MZT,session_middle_num_role_anticipation,0.07142857142857142
2021_10_01_MZT_S1,2021MZT,session_middle_num_role_anticipation,0.14285714285714285
2021_10_01_MZT_S5,2021MZT,session_middle_num_role_anticipation,0.125
2021_10_01_MZT_S6,2021MZT,session_middle_num_role_anticipation,0.14285714285714285
2021-11-04-NES-S5,2021NES,session_middle_num_role_anticipation,0.16666666666666666
2021-11-05-NES-S1,2021NES,session_middle_num_role_anticipation,0.3
2021-11-05-NES-S12,2021NES,session_middle_num_role_anticipation,0.2
2021-11-05-NES-S2,2021NES,session_middle_num_role_anticipation,0.16666666666666666
2021-11-05-NES-S4,2021NES,session_middle_num_role_anticipation,0.1
2021-11-05-NES-S6,2021NES,session_middle_num_role_anticipation,0.1
2021-11-05-NES-S7,2021NES,session_middle_num_role_anticipation,0.2
2021-11-05-NES-S9,2021NES,session_middle_num_role_anticipation,0.4
2021_06_10_SLU_S2,2021SLU,session_middle_num_role_anticipation,0.5714285714285714
2021_06_10_SLU_S5,2021SLU,session_middle_num_role_anticipation,0.2
2021_06_11_SLU_S11,2021SLU,session_middle_num_role_anticipation,0.3333333333333333
2021_06_11_SLU_S12,2021SLU,session_middle_num_role_anticipation,0.16666666666666666
2021_06_11_SLU_S13,2021SLU,session_middle_num_role_anticipation,0.16666666666666666
2022-04-07-MND-S1,2022MND,session_middle_num_role_anticipation,0.16666666666666666
2022-04-07-MND-S2,2022MND,session_middle_num_role_anticipation,0.2
2022-04-07-MND-S6,2022MND,session_middle_num_role_anticipation,0.2
2022-04-08-MND-S10,2022MND,session_middle_num_role_anticipation,0.5
2022-04-08-MND-S11,2022MND,session_middle_num_role_anticipation,0.16666666666666666
2022-04-08-MND-S2,2022MND,session_middle_num_role_anticipation,0.16666666666666666
2022-04-08-MND-S5,2022MND,session_middle_num_role_anticipation,1.0
2022-04-08-MND-S7,2022MND,session_middle_num_role_anticipation,0.16666666666666666
2020_11_05_NES_S5,2020NES,session_middle_num_scope_calibration,1.0
2020_11_06_NES_S3,2020NES,session_middle_num_scope_calibration,0.5
2021-05-20-ABI-S4,2021ABI,session_middle_num_scope_calibration,0.5
2021_10_01_MZT_S7,2021MZT,session_middle_num_scope_calibration,0.6
2021_06_10_SLU_S4,2021SLU,session_middle_num_scope_calibration,1.4
2022-04-07-MND-S4,2022MND,session_middle_num_scope_calibration,0.6
2020_11_05_NES_S2,2020NES,session_middle_num_setback_defends,0.16666666666666666
2020_11_05_NES_S5,2020NES,session_middle_num_setback_defends,0.25
2020_11_06_NES_S11,2020NES,session_middle_num_setback_defends,0.6
2020_11_06_NES_S12,2020NES,session_middle_num_setback_defends,0.5
2020_11_06_NES_S3,2020NES,session_middle_num_setback_defends,1.0
2020_11_06_NES_S8,2020NES,session_middle_num_setback_defends,0.16666666666666666
2021-05-20-ABI-S5,2021ABI,session_middle_num_setback_defends,0.16666666666666666
2021-05-20-ABI-S8,2021ABI,session_middle_num_setback_defends,0.16666666666666666
2021-10-07-CMC-S6,2021CMC,session_middle_num_setback_defends,0.16666666666666666
2021-10-08-CMC-S10,2021CMC,session_middle_num_setback_defends,0.5
2021-10-08-CMC-S11,2021CMC,session_middle_num_setback_defends,0.5
2021_04_22_MND_S8,2021MND,session_middle_num_setback_defends,0.2
2021_04_23_MND_S1,2021MND,session_middle_num_setback_defends,0.16666666666666666
2021_04_23_MND_S11,2021MND,session_middle_num_setback_defends,0.25
2021_04_23_MND_S12,2021MND,session_middle_num_setback_defends,0.2
2021_04_23_MND_S7,2021MND,session_middle_num_setback_defends,0.4
2021_04_23_MND_S9,2021MND,session_middle_num_setback_defends,0.6
2021_09_30_MZT_S2,2021MZT,session_middle_num_setback_defends,0.25
2021_10_01_MZT_S1,2021MZT,session_middle_num_setback_defends,0.14285714285714285
2021_10_01_MZT_S13,2021MZT,session_middle_num_setback_defends,0.08333333333333333
2021-11-04-NES-S2,2021NES,session_middle_num_setback_defends,0.5
2021-11-04-NES-S4,2021NES,session_middle_num_setback_defends,0.2
2021-11-05-NES-S1,2021NES,session_middle_num_setback_defends,0.2
2021-11-05-NES-S6,2021NES,session_middle_num_setback_defends,0.1
2021-11-05-NES-S9,2021NES,session_middle_num_setback_defends,0.6
2021_06_10_SLU_S6,2021SLU,session_middle_num_setback_defends,0.2857142857142857
2021_06_11_SLU_S12,2021SLU,session_middle_num_setback_defends,0.5
2021_06_11_SLU_S9,2021SLU,session_middle_num_setback_defends,0.42857142857142855
2022-04-08-MND-S4,2022MND,session_middle_num_setback_defends,0.16666666666666666
2022-04-08-MND-S5,2022MND,session_middle_num_setback_defends,0.16666666666666666
2021-05-21-ABI-S7,2021ABI,session_middle_num_setback_explores,0.6666666666666666
2020_11_05_NES_S2,2020NES,session_middle_pct_building,0.7359168122261147
2020_11_05_NES_S3,2020NES,session_middle_pct_building,0.6966373879970882
2020_11_06_NES_S7,2020NES,session_middle_pct_building,0.6492423944978204
2020_11_06_NES_S9,2020NES,session_middle_pct_building,0.5593623970479206
2021-10-08-CMC-S1,2021CMC,session_middle_pct_building,0.6547618390778612
2021_09_30_MZT_S5,2021MZT,session_middle_pct_building,0.714285669812928
2021-11-04-NES-S1,2021NES,session_middle_pct_building,0.6822632112432403
2021-11-05-NES-S11,2021NES,session_middle_pct_building,0.7272183659588948
2021-11-05-NES-S2,2021NES,session_middle_pct_building,0.5999999494841317
2021_06_10_SLU_S3,2021SLU,session_middle_pct_building,0.6495151480813279
2022-04-07-MND-S3,2022MND,session_middle_pct_building,0.7022057960570969
2020_11_06_NES_S1,2020NES,session_middle_pct_hesitation,0.24408157911994233
2021_06_11_SLU_S8,2021SLU,session_middle_pct_hesitation,0.2490132416603005
2022-04-08-MND-S1,2022MND,session_middle_pct_hesitation,0.2489666854884246
2021_10_01_MZT_S12,2021MZT,session_middle_pct_high_enthusiasm,0.7083333333333333
2020_11_06_NES_S2,2020NES,session_middle_pct_high_quality,0.9419191919191919
2021-05-21-ABI-S5,2021ABI,session_middle_pct_high_quality,0.875
2021-10-08-CMC-S1,2021CMC,session_middle_pct_high_quality,0.9166666666666666
2021-10-08-CMC-S5,2021CMC,session_middle_pct_high_quality,0.9391534391534391
2021-10-08-CMC-S7,2021CMC,session_middle_pct_high_quality,0.8333333333333334
2021-10-08-CMC-S9,2021CMC,session_middle_pct_high_quality,0.9252886489728596
2021_10_01_MZT_S6,2021MZT,session_middle_pct_high_quality,0.9402674706246135
2021-11-05-NES-S8,2021NES,session_middle_pct_high_quality,0.7981481481481482
2022-04-07-MND-S4,2022MND,session_middle_pct_high_quality,0.9
2022-04-07-MND-S5,2022MND,session_middle_pct_high_quality,0.9422084623323014
2022-04-08-MND-S2,2022MND,session_middle_pct_high_quality,0.8278846153846154
2022-04-08-MND-S3,2022MND,session_middle_pct_high_quality,0.7782446311858076
2022-04-08-MND-S8,2022MND,session_middle_pct_high_quality,0.850559163059163
2021-05-21-ABI-S16,2021ABI,session_middle_pct_high_quality_Idea_Management,1.0
2021_04_22_MND_S6,2021MND,session_middle_pct_high_quality_Idea_Management,0.0
2022-04-08-MND-S8,2022MND,session_middle_pct_high_quality_Idea_Management,0.0
2021-05-20-ABI-S3,2021ABI,session_middle_pct_turns_any_smile,0.48056573056573054
2021-05-20-ABI-S5,2021ABI,session_middle_pct_turns_any_smile,0.538787377497055
2021-10-07-CMC-S4,2021CMC,session_middle_pct_turns_any_smile,0.5527777777777778
2021-10-07-CMC-S7,2021CMC,session_middle_pct_turns_any_smile,0.7541819291819292
2021-10-08-CMC-S6,2021CMC,session_middle_pct_turns_any_smile,0.5178571428571428
2021_06_11_SLU_S3,2021SLU,session_middle_pct_turns_any_smile,0.5396825396825397
2022-04-08-MND-S3,2022MND,session_middle_pct_turns_any_smile,0.5750208814724944
2021-10-07-CMC-S6,2021CMC,session_middle_pct_turns_audible_backchannel,0.3116557734204793
2021-10-07-CMC-S7,2021CMC,session_middle_pct_turns_audible_backchannel,0.32081807081807084
2021_10_01_MZT_S12,2021MZT,session_middle_pct_turns_audible_backchannel,0.4172619047619047
2022-04-07-MND-S1,2022MND,session_middle_pct_turns_audible_backchannel,0.2985071301247772
2020_11_05_NES_S4,2020NES,session_middle_pct_turns_distraction,0.008620689655172414
2021_04_23_MND_S1,2021MND,session_middle_pct_turns_distraction,0.09523809523809523
2021-11-05-NES-S3,2021NES,session_middle_pct_turns_distraction,0.007936507936507936
2021-11-05-NES-S9,2021NES,session_middle_pct_turns_distraction,0.2
2022-04-08-MND-S2,2022MND,session_middle_pct_turns_distraction,0.02631578947368421
2021_10_01_MZT_S12,2021MZT,session_middle_pct_turns_shared_affect,0.21904761904761907
2021_06_10_SLU_S5,2021SLU,session_middle_pct_turns_shared_affect,0.15962978198272318
2021_06_11_SLU_S10,2021SLU,session_middle_pct_turns_shared_affect,0.16672771672771672
2022-04-08-MND-S3,2022MND,session_middle_pct_turns_shared_affect,0.28445759755057665
2022-04-08-MND-S8,2022MND,session_middle_pct_turns_shared_affect,0.1700928200928201
2021-05-20-ABI-S6,2021ABI,session_middle_personal_disclosure,0.8333333333333334
2021-05-21-ABI-S4,2021ABI,session_middle_personal_disclosure,0.8571428571428571
2021-05-21-ABI-S8,2021ABI,session_middle_personal_disclosure,0.8333333333333334
2021-10-08-CMC-S10,2021CMC,session_middle_personal_disclosure,1.0
2021-10-08-CMC-S6,2021CMC,session_middle_personal_disclosure,1.0
2021-10-08-CMC-S7,2021CMC,session_middle_personal_disclosure,0.8333333333333334
2022-04-08-MND-S2,2022MND,session_middle_personal_disclosure,1.0
2022-04-08-MND-S3,2022MND,session_middle_personal_disclosure,1.0
2022-04-08-MND-S7,2022MND,session_middle_personal_disclosure,0.8333333333333334
2021-05-20-ABI-S6,2021ABI,session_middle_prior_relationship,0.6666666666666666
2021-10-07-CMC-S7,2021CMC,session_middle_prior_relationship,0.6666666666666666
2021-10-08-CMC-S2,2021CMC,session_middle_prior_relationship,0.6666666666666666
2021_06_10_SLU_S5,2021SLU,session_middle_prior_relationship,0.8
2021_06_11_SLU_S5,2021SLU,session_middle_prior_relationship,0.6666666666666666
2020_11_05_NES_S6,2020NES,session_middle_pronoun_shift_occurred,0.5
2021-05-20-ABI-S5,2021ABI,session_middle_pronoun_shift_occurred,0.5
2021-05-21-ABI-S7,2021ABI,session_middle_pronoun_shift_occurred,0.5
2021-10-08-CMC-S7,2021CMC,session_middle_pronoun_shift_occurred,0.5
2021_09_30_MZT_S3,2021MZT,session_middle_pronoun_shift_occurred,0.5
2021_10_01_MZT_S11,2021MZT,session_middle_pronoun_shift_occurred,0.4
2022-04-07-MND-S4,2022MND,session_middle_pronoun_shift_occurred,0.4
2021_10_01_MZT_S12,2021MZT,session_middle_responsiveness_index,1.7375009532168384
2022-04-08-MND-S3,2022MND,session_middle_responsiveness_index,1.312941887502008
2021_04_23_MND_S10,2021MND,session_middle_risk_acknowledgment_enthusiasm,0.8
2021_06_11_SLU_S2,2021SLU,session_middle_risk_acknowledgment_enthusiasm,0.5714285714285714
2021_06_11_SLU_S5,2021SLU,session_middle_risk_acknowledgment_enthusiasm,0.6666666666666666
2020_11_05_NES_S5,2020NES,session_middle_screenshare_active,1.0
2020_11_05_NES_S6,2020NES,session_middle_screenshare_active,1.0
2020_11_06_NES_S10,2020NES,session_middle_screenshare_active,1.0
2020_11_06_NES_S11,2020NES,session_middle_screenshare_active,0.8
2020_11_06_NES_S3,2020NES,session_middle_screenshare_active,1.0
2020_11_06_NES_S9,2020NES,session_middle_screenshare_active,0.8333333333333334
2021_04_23_MND_S1,2021MND,session_middle_screenshare_active,1.0
2021_09_30_MZT_S4,2021MZT,session_middle_screenshare_active,1.0
2021_10_01_MZT_S5,2021MZT,session_middle_screenshare_active,1.0
2021-11-05-NES-S1,2021NES,session_middle_screenshare_active,1.0
2021-11-05-NES-S8,2021NES,session_middle_screenshare_active,0.8333333333333334
2022-04-07-MND-S2,2022MND,session_middle_screenshare_active,1.0
2020_11_06_NES_S3,2020NES,session_middle_total_quality_score,28.0
2021_04_22_MND_S6,2021MND,session_middle_total_quality_score,1.0
2021_04_22_MND_S8,2021MND,session_middle_total_quality_score,26.2
2021_06_11_SLU_S6,2021SLU,session_middle_total_quality_score,28.5
2021_06_11_SLU_S9,2021SLU,session_middle_total_quality_score,25.428571428571427
