{
    "num_acknowledge_contribution": 44,
    "num_express_frustration": 3,
    "num_explain_define_term": 24,
    "num_propose_decision": 8,
    "num_confirm_decision": 5,
    "num_express_agreement": 45,
    "num_provide_supporting_evidence": 22,
    "num_offer_constructive_criticism": 1,
    "num_assign_task": 8,
    "num_expand_on_existing_idea": 43,
    "num_express_enthusiasm": 3,
    "num_reject_idea": 1,
    "num_present_new_idea": 8,
    "num_express_humor": 3,
    "elaboration_to_idea_ratio": 5.375,
    "decision_closure_ratio": 0.625,
    "criticism_to_agreement_ratio": 0.022222222222222223,
    "num_resolve_conflict": 0,
    "net_positive_conflict_score": -1,
    "num_encourage_participation": 0,
    "leadership_action_count": 21,
    "engagement_positivity_score": 47,
    "avg_speaking_duration": 8.406727828746178,
    "speaking_variance": 17.420760331172026,
    "speaking_time_ratio": {
        "Jeff Douglas Winkler": 0.03383048381229538,
        "Pallavi Dhagat": 0.014186977082575483,
        "Mini Das": 0.1364132411786104,
        "Jeff Albert Finefield": 0.009094216078574026,
        "Lingyan Shi": 0.11786104037831939,
        "Linda Alvarez": 0.0007275372862859222,
        "Carolyn Bertozzi": 0.014914514368861403,
        "Carl Ed Mccauley": 0.01746089487086213,
        "Lisa Poulikakos": 0.048381229538013826,
        "Kevin Taufour": 0.04947253546744271,
        "Jeff Andrew Donahue": 0.00327391778828665,
        "Larry Zhang": 0.031647871953437615,
        "Sapun Parekh": 0.0130956711531466,
        "Jeff Boyd Farinha": 0.014186977082575483,
        "Aniruddha Ray": 0.044379774463441254,
        "Joyati Deb Roy": 0.019643506729719897,
        "Jeff Wheeler": 0.03201164059658058,
        "Jeff Tannebaum": 0.009094216078574026,
        "Jeff Winkler": 0.06475081847944707,
        "Jeff Baird Parente": 0.014550745725718442,
        "Anil Ousmane": 0.054929065114587124,
        "Sanjukta Gayen": 0.02328119316114951,
        "Joyoni Dey": 0.07966533284830847,
        "Jeff Bodwin": 0.009821753364859949,
        "Pallavi Raghunathan": 0.005092761004001455,
        "Jeff Squier": 0.02691887959257912,
        "Gail Robertson-Steele": 0.01018552200800291,
        "Bill Mccleskey": 0.007275372862859221,
        "Liying Lu": 0.018915969443433975,
        "Wan-Wei Tseng": 0.011276827937431793,
        "Jyoti Dube": 0.0130956711531466,
        "Andrew Hsu": 0.0010913059294288831,
        "Jeff Elam": 0.0010913059294288831,
        "Lisa Satterthwaite": 0.006911604219716261,
        "Anila Das": 0.005456529647144416,
        "Lingyang Luo": 0.010549290651145871,
        "Layla Oesper": 0.008002910149145144,
        "Sayan Patra": 0.007275372862859221,
        "Wei-Min Chen": 0.0014550745725718443,
        "Andrew Fegyveresi": 0.0025463805020007274,
        "Richard Wiener": 0.0014550745725718443,
        "Gail Mckee": 0.004728992360858494
    },
    "participation_entropy": 6.618147570177154,
    "avg_nods_per_utterance": 0.0,
    "avg_gestures_per_utterance": 0.0,
    "avg_eye_contact_per_utterance": 0.0,
    "avg_distraction_per_utterance": 0.0,
    "avg_confusion_per_utterance": 0.0,
    "avg_engagement_per_utterance": 0.0,
    "gesture_type_distribution": {
        "Pointing": 10,
        "Open Palms": 16,
        "Raising Hand": 2
    },
    "gesture_variety": {
        "Jeff Douglas Winkler": 1,
        "Carolyn Bertozzi": 1,
        "Carl Ed Mccauley": 1,
        "Lingyan Shi": 1,
        "Lisa Poulikakos": 2,
        "Kevin Taufour": 1,
        "Mini Das": 1,
        "Sapun Parekh": 1,
        "Jeff Wheeler": 1,
        "Jeff Winkler": 1,
        "Jeff Baird Parente": 1,
        "Sanjukta Gayen": 1,
        "Joyoni Dey": 2,
        "Jeff Bodwin": 1,
        "Jeff Squier": 2,
        "Jyoti Dube": 1,
        "Lingyang Luo": 1,
        "Andrew Fegyveresi": 1
    },
    "gesture_count_ratio": 0.0856269113149847,
    "num_interruptions": 0,
    "num_overlaps": 19,
    "interruption_rate_by_speaker": {},
    "interruption_received": {},
    "screenshare_count": 8,
    "screenshare_duration": 257.0,
    "avg_screenshare_segment_length": 32.125,