{
    "num_encourage_participation": 22,
    "num_acknowledge_contribution": 32,
    "num_propose_decision": 14,
    "num_express_agreement": 32,
    "num_express_humor": 1,
    "num_explain_define_term": 22,
    "num_reject_idea": 1,
    "num_confirm_decision": 1,
    "num_express_enthusiasm": 2,
    "num_assign_task": 4,
    "num_express_frustration": 2,
    "num_present_new_idea": 11,
    "num_provide_supporting_evidence": 11,
    "num_expand_on_existing_idea": 37,
    "elaboration_to_idea_ratio": 3.3636363636363638,
    "decision_closure_ratio": 0.07142857142857142,
    "num_offer_constructive_criticism": 0,
    "criticism_to_agreement_ratio": 0.0,
    "num_resolve_conflict": 0,
    "net_positive_conflict_score": -1,
    "leadership_action_count": 41,
    "engagement_positivity_score": 33,
    "avg_speaking_duration": 14.36150234741784,
    "speaking_variance": 22.11081399215177,
    "speaking_time_ratio": {
        "Carolina Tropini": 0.07976462896371363,
        "Chris Whitbey": 0.022556390977443608,
        "Ying-hui Chou": 0.02190258254331481,
        "Abhishek Shrivastava": 0.04151683556717882,
        "Wenjing Wang": 0.09578293559986924,
        "Aisla Ibrahimi": 0.002615233736515201,
        "Stavroula Hatzios": 0.08662961752206604,
        "Silvia Ronco": 0.015037593984962405,
        "Andrew Ferg": 0.002615233736515201,
        "Aida Ebrahimi": 0.19745014710689768,
        "Ali Keshavarziian": 0.02321019941157241,
        "Lisa Ryne": 0.05491990846681922,
        "Abhishek Shrivastava ASU": 0.05295848316443282,
        "Lisa Ryno": 0.0006538084341288003,
        "Ali Keshavarzian": 0.17620137299771166,
        "Chris Whtibey": 0.02811376266753841,
        "Xin Qi": 0.07420725727361883,
        "Silvia Ronco RC4SA": 0.006864988558352402,
        "Chris Whidbey": 0.016999019287348805
    },
    "participation_entropy": 6.4515761273906636,
    "avg_nods_per_utterance": 0.09389671361502347,
    "avg_gestures_per_utterance": 0.0,
    "avg_eye_contact_per_utterance": 0.0,
    "avg_distraction_per_utterance": 0.0,
    "avg_confusion_per_utterance": 0.0,
    "avg_engagement_per_utterance": 0.0,
    "gesture_type_distribution": {
        "Open Palms": 12,
        "Pointing": 4,
        "Raising Hand": 2
    },
    "gesture_variety": {
        "Wenjing Wang": 2,
        "Ali Keshavarziian": 1,
        "Abhishek Shrivastava ASU": 1,
        "Ali Keshavarzian": 1,
        "Stavroula Hatzios": 1,
        "Chris Whtibey": 1,
        "Xin Qi": 2,
        "Chris Whidbey": 1
    },
    "gesture_count_ratio": 0.08450704225352113,
    "num_interruptions": 0,
    "num_overlaps": 14,
    "interruption_rate_by_speaker": {},
    "interruption_received": {},
    "screenshare_count": 1,
    "screenshare_duration": 672.0,
    "avg_screenshare_segment_length": 672.0,
    "screenshare_content": [
        "Aida Ebrahimi shared a Google Docs presentation titled \"Scialog: MND Meeting Slides\". The slide shown is titled \"Room 3.4 - Key points: Stress and stress response signals\" and lists the definition of stress and stressors for microbiome. The slide also contains a list of participants.",
        "Aida Ebrahimi shared a Google Docs presentation titled \"Scialog: MND Meeting Slides\". The slide shown is titled \"Room 3.4 - Key points: Stress and stress response signals\" and lists the definition of stress and stressors for microbiome. The slide also contains a list of participants.",
        "Aida Ebrahimi shared a Google Docs presentation titled \"Scialog: MND Meeting Slides\". The slide shown is titled \"Room 3.4 - Key points: Stress and stress response signals\" and lists the definition of stress and stressors for microbiome. The slide also contains a list of participants. The font size is increased.",
        "Aida Ebrahimi shared a Google Docs presentation titled \"Scialog: MND Meeting Slides\". The slide shown is titled \"Room 3.4 - Key points: Stress and stress response signals\" and lists the definition of stress and stressors for microbiome. The slide also contains a list of participants. The font size is increased.",
        "Aida Ebrahimi shared a Google Docs presentation titled \"Scialog: MND Meeting Slides\". The slide shown is titled \"Room 3.4 - Key points: Stress and stress response signals\" and lists the definition of stress and stressors for microbiome. The slide also contains a list of participants. The font size is increased.",
        "Aida Ebrahimi shared a Google Docs presentation titled \"Scialog: MND Meeting Slides\". The slide shown is titled \"Room 3.4 - Key points: Stress and stress response signals\" and lists the definition of stress and stressors for microbiome. The slide also contains a list of participants. The font size is increased.",
        "Aida Ebrahimi shared a Google Docs presentation titled \"Scialog: MND Meeting Slides\". The slide shown is titled \"Room 3.4 - Key points: Stress and stress response signals\" and lists the definition of stress and stressors for microbiome. The slide also contains a list of participants. The font size is increased.",
        "Aida Ebrahimi shared a Google Docs presentation titled \"Scialog: MND Meeting Slides\". The slide shown is titled \"Room 3.4 - Key points: Stress and stress response signals\" and lists the definition of stress and stressors for microbiome. The slide also contains a list of participants. The font size is increased.",
        "Aida Ebrahimi shared a Google Docs presentation titled \"Scialog: MND Meeting Slides\". The slide shown is titled \"Room 3.4 - Key points: Stress and stress response signals\" and lists the definition of stress and stressors for microbiome. The slide also contains a list of participants. The font size is increased.",
        "Aida Ebrahimi shared a Google Docs presentation titled \"Scialog: MND Meeting Slides\". The slide shown is titled \"Room 3.4 - Key points: Stress and stress response signals\" and lists the definition of stress and stressors for microbiome. The slide also contains a list of participants. The font size is increased.",
        "Aida Ebrahimi shared a Google Docs presentation titled \"Scialog: MND Meeting Slides\". The slide shown is titled \"Room 3.4 - Key points: Stress and stress response signals\" and lists the definition of stress and stressors for microbiome. The slide also contains a list of participants. The font size is increased.",
        "Aida Ebrahimi shared a Google Docs presentation titled \"Scialog: MND Meeting Slides\". The slide shown is titled \"Room 3.4 - Key points: Stress and stress response signals\" and lists the definition of stress and stressors for microbiome. The slide also contains a list of participants. The font size is increased.",
        "Aida Ebrahimi shared a Google Docs presentation titled \"Scialog: MND Meeting Slides\". The slide shown is titled \"Room 3.4 - Key points: Stress and stress response signals\" and lists the definition of stress and stressors for microbiome. The slide also contains a list of participants. The font size is increased.",
        "Aida Ebrahimi shared a Google Docs presentation titled \"Scialog: MND Meeting Slides\". The slide shown is titled \"Room 3.4 - Key points: Stress and stress response signals\" and lists the definition of stress and stressors for microbiome. The slide also contains a list of participants. The font size is increased.",
        "Aida Ebrahimi shared a Google Docs presentation titled \"Scialog: MND Meeting Slides\". The slide shown is titled \"Room 3.4 - Key points: Stress and stress response signals\" and lists the definition of stress and stressors for microbiome. The slide also contains a list of participants. The font size is increased.",
